   197, 41.7000,  1, -266.47, 20.185000000000002
   260, 48.2150,  1, -267.08, 26.700000000000003
   286, 50.8600,  1, -272.67, 29.345
   361, 58.4750,  1, -272.50, 36.96
   382, 60.6100,  1, -349.08, 39.095
   559, 78.7850,  1, -396.19, 57.269999999999996
   780, 101.5350,  2, -255.41,  80
   780, 101.5350,  2, -193.83,  80
   910, 126.4000,  1, -281.28, 13.175000000000011
   920, 127.4300,  1, -270.31, 14.205000000000013
   985, 134.1950,  1, -300.68, 20.97
  1008, 136.5900,  1, -284.26, 23.36500000000001
  1069, 142.9450,  1, -315.78, 29.72
  1101, 146.2800,  1, -304.58, 33.05500000000001
  1126, 148.8850,  1, -319.11, 35.66
  1240, 160.7600,  1, -323.27, 47.535
  1330, 182.4050,  1, -244.19, 9.164999999999992
  1401, 189.8000,  1, -260.22, 16.560000000000002
  1446, 194.4850,  1, -312.42, 21.245000000000005
  1447, 194.5900,  1, -312.34, 21.349999999999994
  1520, 202.1950,  1, -325.60, 28.954999999999984
  1558, 206.1550,  1, -290.36, 32.91499999999999
  2011, 253.3400,  2, -299.76,  80
  2011, 253.3400,  2, -274.49,  80
  2142, 278.1850,  1, -246.92, 13.194999999999993
  2202, 284.3250,  1, -283.39, 19.33499999999998
  2246, 288.8250,  1, -247.47, 23.83499999999998
  2345, 298.9500,  1, -360.65, 33.95999999999998
  2450, 309.6850,  1, -343.62, 44.69499999999999
  2453, 309.9900,  1, -368.92, 45.0
  2482, 312.9600,  1, -413.76, 47.96999999999997
  2567, 321.6550,  1, -377.75, 56.664999999999964
  2693, 345.8800,  1, -230.10, 12.685000000000002
  2769, 353.6550,  1, -312.69, 20.45999999999998
  2779, 354.6750,  1, -320.01, 21.480000000000018
  2792, 356.0050,  1, -324.63, 22.810000000000002
  2811, 357.9500,  1, -302.88, 24.754999999999995
  2892, 366.2300,  1, -329.73, 33.035000000000025
  3011, 378.4050,  1, -319.27, 45.20999999999998
  3352, 413.2800,  2, -263.96,  80
  3456, 435.2100,  1, -267.59, 10.430000000000007
  3495, 439.2000,  1, -229.93, 14.420000000000016
  3498, 439.5050,  1, -285.02, 14.725000000000023
  3625, 452.4900,  1, -278.89, 27.710000000000036
  3819, 472.3350,  1, -309.63, 47.55500000000001
  3830, 473.4600,  1, -390.45, 48.68000000000001
  4044, 495.3450,  1, -419.48, 70.56500000000005
  4081, 499.1300,  1, -447.99, 74.35000000000002
  4239, 526.6350,  1, -294.72, 15.800000000000011
  4365, 539.3850,  1, -284.93, 28.55000000000001
  4400, 542.9300,  1, -325.72, 32.09499999999997
  4405, 543.4350,  1, -289.19, 32.599999999999966
  4445, 547.4800,  1, -297.37, 36.64500000000004
  4874, 590.8950,  2, -235.59,  80
  4874, 590.8950,  2, -275.00,  80
  4874, 590.8950,  2, -231.85,  80
  5130, 628.2750,  1, -291.70, 25.704999999999927
  5212, 636.5700,  1, -290.61, 34.0
  5383, 653.8750,  1, -368.00, 51.30499999999995
  5386, 654.1800,  1, -428.20, 51.6099999999999
  5420, 657.6200,  1, -348.06, 55.049999999999955
  5667, 682.6100,  2, -222.84,  80
  5667, 682.6100,  2, -259.90,  80
  5667, 682.6100,  2, -297.18,  80
  5802, 707.6300,  1, -246.18, 13.455000000000041
  6052, 732.9300,  1, -298.03, 38.754999999999995
  6174, 745.2750,  1, -415.94, 51.10000000000002
  6191, 746.9950,  1, -384.27, 52.82000000000005
  6460, 774.2100,  2, -239.05,  80
  6460, 774.2100,  2, -252.74,  80
  6460, 774.2100,  2, -188.98,  80
  6460, 774.2100,  2, -264.88,  80
  6692, 808.8850,  1, -303.00, 23.274999999999977
  6728, 812.5300,  1, -328.21, 26.91999999999996
  6896, 829.5300,  1, -381.23, 43.91999999999996
  6996, 839.6500,  1, -422.36, 54.039999999999964
  7109, 851.0800,  1, -414.65, 65.47000000000003
  7197, 859.9850,  1, -481.42, 74.375
  7253, 865.6550,  2, -262.46,  80
  7253, 865.6550,  2, -190.64,  80
  7429, 894.7750,  1, -289.05, 17.605000000000018
  7574, 909.4450,  1, -331.40, 32.27500000000009
  7775, 929.7850,  1, -349.75, 52.61500000000001
  7779, 930.1900,  1, -349.39, 53.020000000000095
  7976, 950.1250,  1, -461.20, 72.95500000000004
  8046, 957.2050,  2, -280.83,  80
  8046, 957.2050,  2, -222.37,  80
  8046, 957.2050,  2, -154.77,  80
  8219, 986.0700,  1, -304.76, 17.300000000000068
  8228, 986.9800,  1, -309.15, 18.210000000000036
  8335, 997.8100,  1, -341.33, 29.039999999999964
  8505, 1015.0100,  1, -327.44, 46.24000000000001
  8593, 1023.9200,  1, -417.94, 55.14999999999998
  8701, 1035.1700,  1, -450.71, 66.40000000000009
  8832, 1048.8150,  2, -277.86,  80
  8832, 1048.8150,  2, -235.85,  80
  8936, 1071.6500,  1, -290.03, 10.625
  9114, 1090.1900,  1, -335.53, 29.164999999999964
  9128, 1091.6500,  1, -345.69, 30.625
  9379, 1117.7950,  1, -377.55, 56.76999999999998
  9498, 1130.1900,  1, -444.12, 69.16499999999996
  9602, 1141.0250,  2, -225.94,  80
  9602, 1141.0250,  2, -216.16,  80
  9602, 1141.0250,  2, -244.15,  80
  9704, 1163.0050,  1, -260.35, 10.420000000000073
  9807, 1173.7350,  1, -291.47, 21.149999999999864
  9814, 1174.4600,  1, -310.20, 21.875
  9970, 1190.7100,  1, -335.00, 38.125
 10008, 1194.7000,  1, -236.59, 42.11500000000001
 10219, 1216.6800,  1, -454.53, 64.09500000000003
 10372, 1232.6200,  2, -202.48,  80
 10372, 1232.6200,  2, -220.88,  80
 10522, 1259.5950,  1, -303.99, 15.410000000000082
 10524, 1259.8050,  1, -263.54, 15.620000000000118
 10592, 1266.8900,  1, -256.52, 22.705000000000155
 10677, 1275.7450,  1, -320.49, 31.559999999999945
 10752, 1283.5550,  1, -366.23, 39.37000000000012
 10961, 1305.3250,  1, -459.41, 61.1400000000001
 11105, 1320.3250,  1, -424.52, 76.1400000000001
 11143, 1324.2850,  2, -195.75,  80
 11343, 1357.4600,  1, -286.47, 20.62000000000012
 11389, 1362.2550,  1, -349.52, 25.41500000000019
 11413, 1364.7550,  1, -326.08, 27.91500000000019
 11440, 1367.5650,  1, -246.15, 30.725000000000136
 11441, 1367.6700,  1, -305.74, 30.830000000000155
 11557, 1379.7550,  1, -374.80, 42.91500000000019
 11914, 1416.9400,  2, -238.18,  80
 11914, 1416.9400,  2, -195.63,  80
 12088, 1446.5150,  1, -280.16, 17.91500000000019
 12135, 1451.4100,  1, -300.50, 22.810000000000173
 12383, 1477.2450,  1, -330.58, 48.64499999999998
 12685, 1508.7000,  2, -268.65,  80
 12685, 1508.7000,  2, -296.96,  80
 12685, 1508.7000,  2, -211.71,  80
 12685, 1508.7000,  2, -227.59,  80
 12685, 1508.7000,  2, -176.99,  80
 12839, 1536.1900,  1, -262.37, 15.835000000000036
 12845, 1536.8150,  1, -223.80, 16.460000000000036
 13076, 1560.8800,  1, -313.61, 40.52500000000009
 13108, 1564.2100,  1, -263.80, 43.85500000000002
 13202, 1574.0050,  1, -328.41, 53.65000000000009
 13205, 1574.3150,  1, -427.90, 53.960000000000036
 13455, 1600.3600,  2, -257.52,  80
 13455, 1600.3600,  2, -279.37,  80
 13632, 1630.3900,  1, -239.32, 18.230000000000018
 13634, 1630.5950,  1, -245.00, 18.434999999999945
 13740, 1641.6400,  1, -377.43, 29.480000000000018
 13947, 1663.2000,  1, -403.62, 51.039999999999964
 13974, 1666.0150,  1, -365.37, 53.85500000000002
 14016, 1670.3900,  1, -399.52, 58.23000000000002
 14052, 1674.1400,  1, -293.14, 61.98000000000002
 14106, 1679.7650,  1, -413.17, 67.60500000000002
 14234, 1705.3800,  1, -212.97, 13.13000000000011
 14252, 1707.2550,  1, -302.03, 15.00500000000011
 14364, 1718.9200,  1, -330.80, 26.670000000000073
 14441, 1726.9400,  1, -332.50, 34.690000000000055
 14629, 1746.5250,  1, -389.07, 54.27500000000009
 14729, 1756.9400,  1, -454.92, 64.69000000000005
 14876, 1772.2550,  2, -253.29,  80
 14876, 1772.2550,  2, -220.87,  80
 15047, 1801.3900,  1, -299.66, 17.600000000000136
 15131, 1810.1400,  1, -323.80, 26.350000000000136
 15154, 1812.5350,  1, -282.83, 28.74500000000012
 15208, 1818.1600,  1, -335.08, 34.37000000000012
 15517, 1850.3450,  1, -410.43, 66.55500000000006
 15586, 1857.5350,  1, -358.57, 73.74500000000012
 15586, 1857.5350,  1, -313.09, 73.74500000000012
 15647, 1863.8900,  2, -246.28,  80
 15774, 1888.2450,  1, -262.79, 13.019999999999982
 15818, 1892.8250,  1, -306.01, 17.600000000000136
 16201, 1932.7200,  1, -404.22, 57.49500000000012
 16257, 1938.5550,  1, -482.34, 63.330000000000155
 16418, 1955.3250,  2, -163.62,  80
 16418, 1955.3250,  2, -221.47,  80
 16418, 1955.3250,  2, -192.02,  80
 16418, 1955.3250,  2, -205.24,  80
 16703, 1997.2850,  1, -318.77, 29.475000000000136
 16821, 2009.5750,  1, -336.15, 41.7650000000001
 16838, 2011.3450,  1, -407.66, 43.53500000000008
 16912, 2019.0550,  1, -406.89, 51.24500000000012
 17028, 2031.1400,  1, -436.45, 63.330000000000155
 17189, 2047.9100,  2, -199.68,  80
 17189, 2047.9100,  2, -194.99,  80
 17189, 2047.9100,  2, -247.03,  80
 17305, 2071.4450,  1, -293.18, 11.885000000000218
 17485, 2090.1950,  1, -369.29, 30.63500000000022
 17619, 2104.1550,  1, -402.57, 44.595000000000255
 17959, 2139.5700,  2, -276.17,  80
 17959, 2139.5700,  2, -237.69,  80
 17959, 2139.5700,  2, -151.86,  80
 17959, 2139.5700,  2, -235.77,  80
 17959, 2139.5700,  2, -221.46,  80
 18170, 2173.8000,  1, -254.89, 21.78500000000031
 18197, 2176.6150,  1, -306.47, 24.59999999999991
 18461, 2204.1150,  1, -379.05, 52.09999999999991
 18498, 2207.9650,  1, -408.04, 55.95000000000027
 18729, 2232.0300,  2, -246.07,  80
 18729, 2232.0300,  2, -213.71,  80
 18729, 2232.0300,  2, -246.01,  80
 18729, 2232.0300,  2, -292.31,  80
 18936, 2264.8200,  1, -304.23, 21.350000000000364
 18936, 2264.8200,  1, -273.77, 21.350000000000364
 18980, 2269.4050,  1, -255.29, 25.9350000000004
 19112, 2283.1550,  1, -302.97, 39.6850000000004
 19500, 2323.5700,  2, -212.57,  80
 19500, 2323.5700,  2, -272.64,  80
 19500, 2323.5700,  2, -304.52,  80
 19500, 2323.5700,  2, -244.92,  80
 19746, 2361.3400,  1, -319.17, 25.425000000000182
 19834, 2370.5100,  1, -287.12, 34.595000000000255
 19877, 2374.9900,  1, -354.67, 39.07499999999982
 20028, 2390.7150,  1, -376.61, 54.80000000000018
 20169, 2405.4050,  1, -325.64, 69.49000000000024
 20270, 2415.9250,  2, -202.95,  80
 20270, 2415.9250,  2, -316.94,  80
 20270, 2415.9250,  2, -159.03,  80
 20523, 2453.6950,  1, -292.10, 26.140000000000327
 20702, 2472.3400,  1, -354.12, 44.78500000000031
 20725, 2474.7400,  1, -363.21, 47.184999999999945
 20752, 2477.5500,  1, -413.76, 49.995000000000346
 21041, 2507.6550,  2, -285.64,  80
 21041, 2507.6550,  2, -278.62,  80
 21041, 2507.6550,  2, -178.90,  80
 21041, 2507.6550,  2, -250.66,  80
 21552, 2572.0700,  1, -347.01, 53.02500000000009
 21620, 2579.1550,  1, -421.14, 60.11000000000013
 21629, 2580.0900,  1, -445.19, 61.04500000000007
 21811, 2599.0500,  2, -206.27,  80
 21811, 2599.0500,  2, -246.26,  80
 21811, 2599.0500,  2, -204.77,  80
 21811, 2599.0500,  2, -235.12,  80
 21811, 2599.0500,  2, -290.03,  80
 22115, 2641.8400,  1, -301.26, 31.465000000000146
 22284, 2659.4450,  1, -366.16, 49.070000000000164
 22302, 2661.3200,  1, -341.44, 50.945000000000164
 22516, 2683.6150,  1, -429.97, 73.23999999999978
 22581, 2690.3850,  2, -281.75,  80
 22581, 2690.3850,  2, -257.19,  80
 22581, 2690.3850,  2, -300.94,  80
 22581, 2690.3850,  2, -242.50,  80
 22842, 2728.8400,  1, -319.15, 26.985000000000127
 23092, 2754.8850,  1, -362.74, 53.0300000000002
 23133, 2759.1550,  1, -297.99, 57.30000000000018
 23171, 2763.1150,  1, -432.62, 61.25999999999976
 23351, 2781.8650,  2, -257.02,  80
 23351, 2781.8650,  2, -212.65,  80
 23351, 2781.8650,  2, -154.25,  80
 23351, 2781.8650,  2, -231.39,  80
 24121, 2873.1350,  2, -260.29,  80
 24121, 2873.1350,  2, -281.71,  80
 24121, 2873.1350,  2, -193.99,  80
 24121, 2873.1350,  2, -271.65,  80
 24121, 2873.1350,  2, -263.40,  80
 24121, 2873.1350,  2, -231.74,  80
 24121, 2873.1350,  2, -243.55,  80
 24121, 2873.1350,  2, -204.23,  80
 24593, 2934.5100,  1, -332.03, 48.965000000000146
 24891, 2965.5500,  2, -230.26,  80
 24891, 2965.5500,  2, -267.12,  80
 24891, 2965.5500,  2, -271.17,  80
 24891, 2965.5500,  2, -198.11,  80
 24891, 2965.5500,  2, -216.15,  80
 24891, 2965.5500,  2, -261.15,  80
 24891, 2965.5500,  2, -261.06,  80
 25201, 3010.0300,  1, -341.87, 32.090000000000146
 25307, 3021.0700,  1, -375.63, 43.13000000000011
 25457, 3036.6950,  1, -389.97, 58.75500000000011
 25534, 3044.7150,  1, -448.95, 66.77500000000009
 25661, 3057.9450,  2, -211.21,  80
 25661, 3057.9450,  2, -169.41,  80
 25661, 3057.9450,  2, -209.85,  80
 25661, 3057.9450,  2, -232.78,  80
 25807, 3084.3850,  1, -285.95, 15.0
 25984, 3102.8200,  1, -324.49, 33.434999999999945
 26129, 3117.9250,  1, -412.90, 48.539999999999964
 26309, 3136.6750,  1, -432.69, 67.28999999999996
 26378, 3143.8650,  1, -443.53, 74.47999999999956
 26431, 3149.3850,  2, -235.66,  80
 26431, 3149.3850,  2, -296.10,  80
 26431, 3149.3850,  2, -248.46,  80
 26671, 3185.4050,  1, -317.78, 24.79000000000042
 26716, 3190.0900,  1, -334.18, 29.475000000000364
 26767, 3195.4050,  1, -356.50, 34.79000000000042
 27201, 3240.6150,  2, -271.92,  80
 27201, 3240.6150,  2, -272.95,  80
 27201, 3240.6150,  2, -271.51,  80
 27201, 3240.6150,  2, -152.74,  80
 27201, 3240.6150,  2, -275.76,  80
 27666, 3300.1350,  1, -383.44, 48.23000000000002
 27905, 3325.0300,  1, -464.76, 73.125
 27971, 3331.9050,  2, -200.09,  80
 27971, 3331.9050,  2, -254.98,  80
 27971, 3331.9050,  2, -242.92,  80
 27971, 3331.9050,  2, -262.60,  80
 27971, 3331.9050,  2, -184.33,  80
 27971, 3331.9050,  2, -291.90,  80
 28141, 3361.0500,  1, -277.21, 17.5
 28180, 3365.1150,  1, -300.03, 21.5649999999996
 28285, 3376.0500,  1, -299.61, 32.5
 28305, 3378.1350,  1, -310.72, 34.585000000000036
 28347, 3382.5100,  1, -325.34, 38.960000000000036
 28523, 3400.8400,  1, -441.01, 57.289999999999964
 28741, 3423.5500,  2, -245.67,  80
 28741, 3423.5500,  2, -269.14,  80
 29164, 3479.0300,  1, -378.88, 43.85500000000002
 29183, 3481.0100,  1, -364.31, 45.835000000000036
 29223, 3485.1750,  1, -423.91, 50.0
 29511, 3515.1750,  2, -267.09,  80
 29511, 3515.1750,  2, -266.13,  80
 29511, 3515.1750,  2, -235.13,  80
 29511, 3515.1750,  2, -280.68,  80
 29511, 3515.1750,  2, -193.90,  80
 29833, 3559.7150,  1, -358.44, 33.32999999999993
 30107, 3588.2600,  1, -442.37, 61.875
 30132, 3590.8650,  1, -435.22, 64.47999999999956
 30281, 3606.3850,  2, -180.87,  80
 30281, 3606.3850,  2, -289.40,  80
 30281, 3606.3850,  2, -260.95,  80
 30281, 3606.3850,  2, -233.53,  80
 30281, 3606.3850,  2, -207.82,  80
 30526, 3643.0900,  1, -320.72, 25.315000000000055
 30557, 3646.3200,  1, -255.04, 28.545000000000073
 30812, 3672.8850,  1, -413.14, 55.11000000000013
 30884, 3680.3850,  1, -445.20, 62.61000000000013
 31051, 3697.7800,  2, -195.44,  80
 31051, 3697.7800,  2, -197.67,  80
 31051, 3697.7800,  2, -242.81,  80
 31051, 3697.7800,  2, -252.16,  80
 31228, 3727.4050,  1, -267.22, 18.230000000000018
 31575, 3763.5500,  1, -385.65, 54.375
 31779, 3784.8000,  1, -425.87, 75.625
 31821, 3789.1750,  2, -146.16,  80
 31821, 3789.1750,  2, -280.08,  80
 31821, 3789.1750,  2, -280.04,  80
 31821, 3789.1750,  2, -301.05,  80
 31821, 3789.1750,  2, -147.57,  80
 32158, 3835.2400,  1, -354.23, 34.899999999999636
 32165, 3835.9650,  1, -345.49, 35.625
 32172, 3836.6950,  1, -373.78, 36.35500000000002
 32175, 3837.0100,  1, -332.12, 36.67000000000007
 32265, 3846.3850,  1, -376.51, 46.04500000000007
 32267, 3846.5900,  1, -378.62, 46.25
 32591, 3880.3400,  2, -245.09,  80
 32591, 3880.3400,  2, -293.60,  80
 32821, 3915.5100,  1, -310.02, 23.75
 32925, 3926.3400,  1, -382.44, 34.57999999999993
 32985, 3932.5900,  1, -362.63, 40.82999999999993
 33135, 3948.2150,  1, -321.78, 56.45499999999993
 33361, 3971.7600,  2, -292.29,  80
 33361, 3971.7600,  2, -90.58,  80
 33361, 3971.7600,  2, -223.20,  80
 33361, 3971.7600,  2, -272.36,  80
 33600, 4008.0900,  1, -291.73, 24.695000000000164
 33775, 4026.3200,  1, -339.95, 42.92500000000018
 33828, 4031.8400,  1, -395.23, 48.445000000000164
 33843, 4033.4050,  1, -422.54, 50.01000000000022
 33945, 4044.0300,  1, -396.11, 60.63500000000022
 34052, 4055.1750,  1, -469.05, 71.7800000000002
 34054, 4055.3850,  1, -496.96, 71.99000000000024
 34063, 4056.3200,  1, -450.67, 72.92500000000018
 34228, 4085.8000,  1, -294.53, 16.985000000000127
 34239, 4086.9450,  1, -290.22, 18.13000000000011
 34242, 4087.2600,  1, -291.62, 18.445000000000164
 34309, 4094.2400,  1, -327.62, 25.424999999999727
 34405, 4104.0900,  1, -354.68, 35.27500000000009
 34464, 4110.1250,  1, -380.24, 41.309999999999945
 34568, 4120.7600,  1, -416.81, 51.945000000000164
 34708, 4135.0800,  1, -298.64, 66.26499999999987
 34947, 4170.8200,  1, -323.20, 24.23999999999978
 34952, 4171.3300,  1, -317.42, 24.75
 34961, 4172.2500,  1, -306.96, 25.670000000000073
 35077, 4184.1150,  1, -329.02, 37.534999999999854
 35089, 4185.3400,  1, -375.20, 38.76000000000022
 35213, 4198.0200,  1, -441.84, 51.44000000000051
 35493, 4226.6600,  2, -246.02,  80
 35493, 4226.6600,  2, -260.16,  80
 35773, 4266.3800,  1, -334.17, 28.43000000000029
 35827, 4271.9050,  1, -347.76, 33.95499999999993
 35851, 4274.3600,  1, -321.85, 36.409999999999854
 35888, 4278.1400,  1, -377.17, 40.19000000000051
 35935, 4282.9500,  1, -362.71, 45.0
 35980, 4287.5500,  1, -397.14, 49.600000000000364
 36278, 4318.0300,  2, -250.88,  80
 36278, 4318.0300,  2, -265.74,  80
 36657, 4368.8000,  1, -365.09, 38.55500000000029
 36658, 4368.9050,  1, -345.69, 38.659999999999854
 36698, 4372.9950,  1, -296.38, 42.75
 36778, 4381.1750,  1, -382.17, 50.93000000000029
 36793, 4382.7100,  1, -317.50, 52.465000000000146
 36879, 4391.5050,  1, -380.10, 61.26000000000022
 37063, 4410.3250,  2, -239.97,  80
 37063, 4410.3250,  2, -249.59,  80
 37187, 4434.3050,  1, -252.92, 12.475000000000364
 37547, 4471.1250,  1, -408.15, 49.29500000000007
 37743, 4491.1700,  1, -422.27, 69.34000000000015
 37848, 4501.9100,  2, -255.71,  80
 37848, 4501.9100,  2, -273.79,  80
 37848, 4501.9100,  2, -266.43,  80
 37848, 4501.9100,  1, -416.72, 80.07999999999993
 37848, 4501.9100,  2, -242.80,  80
 38068, 4535.7050,  1, -319.15, 22.295000000000073
 38075, 4536.4200,  1, -306.54, 23.01000000000022
 38098, 4538.7700,  1, -335.68, 25.360000000000582
 38262, 4555.5450,  1, -377.08, 42.13500000000022
 38278, 4557.1800,  1, -404.13, 43.77000000000044
 38383, 4567.9200,  1, -347.81, 54.51000000000022
 38633, 4593.4900,  2, -236.54,  80
 38633, 4593.4900,  2, -306.24,  80
 38805, 4622.3750,  1, -299.49, 17.38500000000022
 38889, 4630.9650,  1, -327.32, 25.975000000000364
 39044, 4646.8200,  1, -371.93, 41.82999999999993
 39284, 4671.3650,  1, -364.26, 66.375
 39418, 4685.0700,  2, -282.76,  80
 39418, 4685.0700,  2, -189.74,  80
 39418, 4685.0700,  2, -254.13,  80
 39418, 4685.0700,  2, -257.05,  80
 39755, 4730.8300,  1, -365.49, 34.26000000000022
 39859, 4741.4650,  1, -337.09, 44.89500000000044
 39882, 4743.8200,  1, -385.66, 47.25
 39929, 4748.6250,  1, -392.08, 52.05500000000029
 39935, 4749.2400,  1, -398.67, 52.67000000000007
 40106, 4766.7250,  1, -426.64, 70.15500000000065
 40203, 4776.6450,  2, -253.12,  80
 40203, 4776.6450,  2, -265.79,  80
 40358, 4804.5700,  1, -259.75, 15.649999999999636
 40366, 4805.3850,  1, -309.61, 16.465000000000146
 40837, 4853.5550,  1, -454.09, 64.63500000000022
 40985, 4868.6950,  1, -460.38, 79.77499999999964
 40988, 4869.0000,  2, -300.65,  80
 40988, 4869.0000,  2, -237.93,  80
 40988, 4869.0000,  2, -202.22,  80
 40988, 4869.0000,  2, -296.44,  80
 41212, 4903.1200,  1, -292.96, 22.704999999999927
 41257, 4907.7200,  1, -304.46, 27.30500000000029
 41318, 4913.9600,  1, -361.27, 33.54500000000007
 41773, 4960.4950,  2, -252.36,  80
 41773, 4960.4950,  2, -224.15,  80
 41773, 4960.4950,  2, -282.85,  80
 41773, 4960.4950,  2, -282.48,  80
 41773, 4960.4950,  2, -285.41,  80
 41930, 4987.8750,  1, -293.00, 15.850000000000364
 42037, 4998.8200,  1, -307.06, 26.795000000000073
 42297, 5025.4100,  1, -427.89, 53.38500000000022
 42379, 5033.7950,  1, -436.86, 61.77000000000044
 42549, 5051.1800,  1, -424.16, 79.15500000000065
 42558, 5052.1000,  2, -184.52,  80
 42558, 5052.1000,  2, -219.74,  80
 42558, 5052.1000,  2, -162.32,  80
 42645, 5072.3100,  1, -245.88, 8.69000000000051
 42723, 5080.2900,  1, -268.38, 16.670000000000073
 42730, 5081.0050,  1, -247.31, 17.38500000000022
 42828, 5091.0300,  1, -341.19, 27.409999999999854
 42847, 5092.9700,  1, -279.12, 29.350000000000364
 42858, 5094.0950,  1, -331.04, 30.475000000000364
 43343, 5143.7000,  2, -228.82,  80
 43343, 5143.7000,  2, -232.86,  80
 43656, 5187.1950,  1, -347.07, 31.80999999999949
 43688, 5190.4650,  1, -333.10, 35.07999999999993
 43823, 5204.2700,  1, -389.16, 48.88500000000022
 43873, 5209.3850,  1, -414.16, 54.0
 44047, 5227.1800,  1, -455.94, 71.79500000000007
 44128, 5235.4650,  2, -249.48,  80
 44128, 5235.4650,  2, -237.66,  80
 44128, 5235.4650,  2, -286.34,  80
 44298, 5264.1250,  1, -263.95, 17.18000000000029
 44474, 5282.1250,  1, -336.26, 35.18000000000029
 44500, 5284.7850,  1, -377.65, 37.840000000000146
 44529, 5287.7500,  1, -315.14, 40.80500000000029
 44626, 5297.6700,  1, -419.67, 50.725000000000364
 44706, 5305.8500,  1, -431.26, 58.905000000000655
 44913, 5327.0200,  2, -261.18,  80
 44913, 5327.0200,  2, -284.09,  80
 45100, 5357.4500,  1, -286.94, 18.920000000000073
 45534, 5401.8350,  1, -449.70, 63.30500000000029
 45621, 5410.7350,  1, -383.55, 72.20499999999993
 45698, 5418.6100,  2, -295.18,  80
 45698, 5418.6100,  2, -270.11,  80
 45698, 5418.6100,  2, -241.00,  80
 45698, 5418.6100,  2, -192.19,  80
 45698, 5418.6100,  2, -163.70,  80
 45799, 5440.1150,  1, -243.84, 10.125
 45800, 5440.2150,  1, -250.69, 10.225000000000364
 45901, 5450.5450,  1, -288.04, 20.55500000000029
 46079, 5468.7500,  1, -368.00, 38.76000000000022
 46109, 5471.8200,  1, -352.91, 41.82999999999993
 46391, 5500.6600,  1, -468.76, 70.67000000000007
 46394, 5500.9650,  1, -472.58, 70.97500000000036
 46483, 5510.0700,  2, -153.20,  80
 46649, 5538.1650,  1, -302.94, 16.774999999999636
 46743, 5547.7800,  1, -313.40, 26.389999999999418
 46879, 5561.6850,  1, -358.68, 40.29500000000007
 46999, 5573.9600,  1, -415.99, 52.56999999999971
 47032, 5577.3350,  1, -362.90, 55.94499999999971
 47172, 5591.6550,  1, -356.90, 70.26499999999942
 47179, 5592.3700,  1, -477.15, 70.97999999999956
 47268, 5601.4700,  2, -203.36,  80
 47438, 5630.9150,  1, -266.86, 17.18000000000029
 47463, 5633.4700,  1, -283.90, 19.735000000000582
 47550, 5642.3700,  1, -353.93, 28.63500000000022
 47581, 5645.5400,  1, -333.05, 31.80500000000029
 47636, 5651.1650,  1, -327.84, 37.43000000000029
 47778, 5665.6850,  1, -395.57, 51.95000000000073
 48033, 5691.7650,  1, -480.56, 78.03000000000065
 48053, 5693.8100,  2, -256.44,  80
 48238, 5724.0800,  1, -315.73, 18.715000000000146
 48289, 5729.2950,  1, -317.64, 23.93000000000029
 48309, 5731.3400,  1, -307.96, 25.975000000000364
 48380, 5738.6000,  1, -354.45, 33.23500000000058
 48423, 5743.0000,  1, -376.25, 37.63500000000022
 48838, 5785.4450,  2, -268.01,  80
 48838, 5785.4450,  2, -238.39,  80
 48838, 5785.4450,  2, -201.83,  80
 49036, 5816.8600,  1, -300.89, 20.045000000000073
 49088, 5822.1750,  1, -339.44, 25.360000000000582
 49134, 5826.8800,  1, -338.18, 30.06500000000051
 49168, 5830.3600,  1, -343.48, 33.54500000000007
 49419, 5856.0300,  1, -425.08, 59.215000000000146
 49421, 5856.2350,  1, -386.30, 59.42000000000007
 49623, 5876.8900,  2, -288.22,  80
 49623, 5876.8900,  2, -190.15,  80
 49743, 5901.2900,  1, -265.14, 12.069999999999709
 49903, 5917.6550,  1, -340.12, 28.43499999999949
 49958, 5923.2800,  1, -292.95, 34.05999999999949
 49967, 5924.2000,  1, -320.46, 34.97999999999956
 50067, 5934.4250,  1, -316.99, 45.20499999999993
 50094, 5937.1850,  1, -401.74, 47.965000000000146
 50181, 5946.0850,  1, -405.72, 56.86499999999978
 50408, 5969.3000,  2, -246.47,  80
 50528, 5993.0350,  1, -277.21, 12.069999999999709
 50574, 5997.7400,  1, -305.90, 16.774999999999636
 50621, 6002.5450,  1, -229.80, 21.579999999999927
 50628, 6003.2600,  1, -276.91, 22.295000000000073
 50643, 6004.7950,  1, -308.31, 23.829999999999927
 50694, 6010.0100,  1, -339.39, 29.045000000000073
 50756, 6016.3500,  1, -360.08, 35.38500000000022
 51070, 6048.4650,  1, -383.00, 67.5
 51173, 6070.4100,  1, -260.57, 10.43499999999949
 51255, 6078.7950,  1, -264.52, 18.81999999999971
 51366, 6090.1450,  1, -355.73, 30.170000000000073
 51410, 6094.6450,  1, -304.94, 34.67000000000007
 51419, 6095.5700,  1, -319.62, 35.594999999999345
 51434, 6097.1000,  1, -327.00, 37.125
 51435, 6097.2050,  1, -320.50, 37.22999999999956
 51450, 6098.7400,  1, -334.52, 38.76499999999942
 51762, 6142.0800,  1, -332.58, 31.704999999999927
 51764, 6142.2850,  1, -341.22, 31.909999999999854
 51824, 6148.4200,  1, -349.51, 38.04500000000007
 51824, 6148.4200,  1, -296.49, 38.04500000000007
 51873, 6153.4300,  1, -331.38, 43.05500000000029
 52099, 6176.5450,  1, -356.75, 66.17000000000007
 52101, 6176.7500,  1, -414.03, 66.375
 52235, 6190.4550,  2, -208.98,  80
 52388, 6217.2850,  1, -263.32, 15.444999999999709
 52444, 6223.0100,  1, -299.59, 21.170000000000073
 52454, 6224.0350,  1, -283.96, 22.19499999999971
 52455, 6224.1350,  1, -336.55, 22.295000000000073
 52455, 6224.1350,  1, -327.66, 22.295000000000073
 52545, 6233.3400,  1, -361.06, 31.5
 52773, 6256.6600,  1, -380.74, 54.81999999999971
 53020, 6281.9200,  2, -265.10,  80
 53137, 6305.3250,  1, -282.85, 11.760000000000218
 53156, 6307.2650,  1, -250.96, 13.700000000000728
 53195, 6311.2550,  1, -250.15, 17.69000000000051
 53270, 6318.9250,  1, -330.91, 25.360000000000582
 53314, 6323.4250,  1, -307.87, 29.860000000000582
 53339, 6325.9850,  1, -311.66, 32.42000000000007
 53370, 6329.1550,  1, -363.87, 35.590000000000146
 53423, 6334.5750,  1, -387.90, 41.01000000000022
 53562, 6360.0900,  1, -298.74, 14.110000000000582
 53597, 6363.6700,  1, -286.93, 17.69000000000051
 53616, 6365.6150,  1, -249.14, 19.63500000000022
 53629, 6366.9450,  1, -296.68, 20.965000000000146
 53649, 6368.9900,  1, -319.96, 23.01000000000022
 53873, 6391.8950,  1, -411.08, 45.91500000000087
 53875, 6392.1000,  1, -415.26, 46.1200000000008
 54207, 6426.0550,  2, -248.70,  80
 54307, 6447.3950,  1, -275.30, 10.020000000000437
 54383, 6455.1700,  1, -307.48, 17.795000000000073
 54486, 6465.7050,  1, -304.99, 28.329999999999927
 54499, 6467.0350,  1, -269.10, 29.659999999999854
 54531, 6470.3050,  1, -339.54, 32.93000000000029
 54598, 6477.1600,  1, -397.63, 39.784999999999854
 54657, 6483.1950,  1, -381.86, 45.81999999999971
 54705, 6488.1000,  1, -400.73, 50.725000000000364
 54810, 6510.1550,  1, -283.13, 10.534999999999854
 54868, 6516.0850,  1, -222.04, 16.465000000000146
 54871, 6516.3900,  1, -298.76, 16.770000000000437
 54917, 6521.0950,  1, -290.08, 21.475000000000364
 54980, 6527.5400,  1, -339.67, 27.920000000000073
 55000, 6529.5850,  1, -288.21, 29.965000000000146
 55053, 6535.0050,  1, -306.77, 35.38500000000022
 55454, 6576.0150,  1, -423.62, 76.39500000000044
 55575, 6599.5600,  1, -255.36, 12.170000000000073
 55588, 6600.8900,  1, -305.78, 13.5
 55602, 6602.3250,  1, -244.24, 14.93499999999949
 55609, 6603.0400,  1, -277.73, 15.649999999999636
 55690, 6611.3250,  1, -302.71, 23.93499999999949
 55704, 6612.7550,  1, -328.32, 25.36499999999978
 55742, 6616.6400,  1, -352.77, 29.25
 55878, 6630.5500,  1, -311.61, 43.159999999999854
 56002, 6654.6650,  1, -243.09, 12.475000000000364
 56040, 6658.5500,  1, -293.01, 16.360000000000582
 56054, 6659.9850,  1, -261.55, 17.795000000000073
 56066, 6661.2100,  1, -300.31, 19.020000000000437
 56108, 6665.5050,  1, -310.21, 23.31500000000051
 56123, 6667.0400,  1, -326.95, 24.850000000000364
 56289, 6684.0150,  1, -387.28, 41.82500000000073
 56428, 6698.2350,  1, -401.34, 56.04500000000007
 56491, 6716.0150,  1, -248.30, 6.235000000000582
 56551, 6722.1550,  1, -265.91, 12.375
 56571, 6724.2000,  1, -267.43, 14.420000000000073
 56572, 6724.3000,  1, -267.12, 14.520000000000437
 56572, 6724.3000,  1, -233.83, 14.520000000000437
 56608, 6727.9850,  1, -325.60, 18.204999999999927
 56726, 6740.0500,  1, -335.63, 30.270000000000437
 56884, 6756.2100,  1, -368.36, 46.43000000000029
 57030, 6782.5100,  1, -302.34, 14.725000000000364
 57033, 6782.8200,  1, -296.26, 15.034999999999854
 57110, 6790.6950,  1, -282.31, 22.909999999999854
 57115, 6791.2050,  1, -324.83, 23.420000000000073
 57139, 6793.6600,  1, -247.20, 25.875
 57159, 6795.7050,  1, -261.11, 27.920000000000073
 57331, 6813.2950,  1, -384.05, 45.51000000000022
 57364, 6816.6700,  1, -380.83, 48.88500000000022
 57498, 6841.7550,  1, -285.74, 13.600000000000364
 57501, 6842.0600,  1, -253.26, 13.905000000000655
 57557, 6847.7900,  1, -318.61, 19.63500000000022
 57593, 6851.4700,  1, -313.31, 23.31500000000051
 57598, 6851.9850,  1, -326.05, 23.829999999999927
 57609, 6853.1100,  1, -279.12, 24.954999999999927
 57633, 6855.5600,  1, -207.57, 27.405000000000655
 57645, 6856.7900,  1, -279.69, 28.63500000000022
 57789, 6882.5450,  1, -302.48, 14.524999999999636
 57806, 6884.2850,  1, -297.02, 16.264999999999418
 57827, 6886.4300,  1, -278.17, 18.409999999999854
 57837, 6887.4550,  1, -292.47, 19.43499999999949
 57839, 6887.6600,  1, -316.56, 19.639999999999418
 57948, 6898.8050,  1, -347.54, 30.784999999999854
 58051, 6909.3400,  1, -246.55, 41.31999999999971
 58295, 6934.2950,  1, -326.01, 66.27499999999964
 58396, 6955.9350,  1, -232.83, 10.1200000000008
 58411, 6957.4700,  1, -257.59, 11.655000000000655
 58413, 6957.6750,  1, -286.98, 11.860000000000582
 58445, 6960.9500,  1, -301.95, 15.135000000000218
 58540, 6970.6650,  1, -326.72, 24.850000000000364
 58599, 6976.7000,  1, -278.01, 30.88500000000022
 58644, 6981.3000,  1, -251.19, 35.48500000000058
 59008, 7018.5300,  1, -507.20, 72.71500000000015
 59114, 7040.7050,  1, -240.75, 10.739999999999782
 59148, 7044.1800,  1, -247.97, 14.215000000000146
 59167, 7046.1250,  1, -304.86, 16.159999999999854
 59209, 7050.4200,  1, -267.31, 20.454999999999927
 59222, 7051.7500,  1, -274.14, 21.784999999999854
 59241, 7053.6950,  1, -249.38, 23.729999999999563
 59253, 7054.9200,  1, -274.84, 24.954999999999927
 59311, 7060.8500,  1, -291.66, 30.88500000000022
 59400, 7081.2700,  1, -273.25, 8.895000000000437
 59418, 7083.1150,  1, -217.31, 10.739999999999782
 59421, 7083.4200,  1, -274.17, 11.045000000000073
 59433, 7084.6450,  1, -242.10, 12.270000000000437
 59460, 7087.4100,  1, -258.98, 15.034999999999854
 59506, 7092.1150,  1, -297.13, 19.73999999999978
 59559, 7097.5350,  1, -334.65, 25.159999999999854
 59581, 7099.7850,  1, -309.21, 27.409999999999854
 59650, 7118.1800,  1, -238.94, 6.950000000000728
 59701, 7123.3950,  1, -243.70, 12.165000000000873
 59743, 7127.6950,  1, -312.33, 16.465000000000146
 59767, 7130.1450,  1, -315.76, 18.915000000000873
 59768, 7130.2500,  1, -291.02, 19.020000000000437
 59798, 7133.3200,  1, -310.94, 22.090000000000146
 59934, 7147.2250,  1, -372.29, 35.9950000000008
 60067, 7160.8300,  1, -315.96, 49.600000000000364
 60171, 7182.6600,  1, -272.87, 10.43499999999949
 60223, 7187.9750,  1, -271.07, 15.75
 60251, 7190.8400,  1, -281.15, 18.61499999999978
 60256, 7191.3500,  1, -268.34, 19.125
 60347, 7200.6600,  1, -344.91, 28.43499999999949
 60354, 7201.3750,  1, -292.48, 29.149999999999636
 60386, 7204.6450,  1, -350.79, 32.42000000000007
 60396, 7205.6700,  1, -243.50, 33.44499999999971
 60494, 7227.0100,  1, -275.92, 9.81500000000051
 60501, 7227.7250,  1, -206.23, 10.530000000000655
 60520, 7229.6700,  1, -276.88, 12.475000000000364
 60539, 7231.6150,  1, -297.52, 14.420000000000073
 60552, 7232.9450,  1, -287.54, 15.75
 60560, 7233.7600,  1, -299.84, 16.56500000000051
 60588, 7236.6250,  1, -314.32, 19.43000000000029
 60754, 7253.6000,  1, -375.15, 36.405000000000655
 60903, 7280.0000,  1, -302.55, 15.034999999999854
 60928, 7282.5550,  1, -255.11, 17.590000000000146
 61001, 7290.0200,  1, -315.08, 25.05500000000029
 61015, 7291.4550,  1, -321.23, 26.48999999999978
 61039, 7293.9100,  1, -277.32, 28.94499999999971
 61048, 7294.8300,  1, -338.19, 29.86499999999978
 61306, 7321.2150,  1, -353.63, 56.25
 61539, 7345.0450,  2, -211.65,  80
 61653, 7368.0300,  1, -248.01, 11.454999999999927
 61656, 7368.3350,  1, -228.83, 11.760000000000218
 61683, 7371.0950,  1, -275.74, 14.520000000000437
 61688, 7371.6100,  1, -237.34, 15.034999999999854
 61699, 7372.7350,  1, -303.34, 16.159999999999854
 61729, 7375.8000,  1, -278.43, 19.225000000000364
 61853, 7388.4850,  1, -353.66, 31.909999999999854
 61867, 7389.9150,  1, -293.06, 33.340000000000146
 61985, 7413.4250,  1, -283.07, 11.864999999999782
 62019, 7416.9050,  1, -255.12, 15.344999999999345
 62042, 7419.2550,  1, -242.49, 17.69499999999971
 62117, 7426.9250,  1, -318.81, 25.36499999999978
 62132, 7428.4600,  1, -301.46, 26.899999999999636
 62277, 7443.2900,  1, -325.11, 41.72999999999956
 62277, 7443.2900,  1, -387.13, 41.72999999999956
 62652, 7481.6400,  2, -197.56,  80
 62765, 7504.5200,  1, -244.48, 11.350000000000364
 62819, 7510.0450,  1, -259.98, 16.875
 62834, 7511.5800,  1, -318.31, 18.409999999999854
 62842, 7512.3950,  1, -273.13, 19.225000000000364
 62844, 7512.6000,  1, -209.08, 19.43000000000029
 62943, 7522.7250,  1, -338.60, 29.55500000000029
 63050, 7533.6700,  1, -371.71, 40.5
 63090, 7537.7600,  1, -347.88, 44.590000000000146
 63190, 7559.4150,  1, -256.70, 10.024999999999636
 63209, 7561.3600,  1, -267.44, 11.969999999999345
 63220, 7562.4850,  1, -282.93, 13.094999999999345
 63221, 7562.5850,  1, -277.68, 13.194999999999709
 63228, 7563.3000,  1, -238.71, 13.909999999999854
 63481, 7589.1750,  1, -402.18, 39.784999999999854
 63591, 7600.4250,  1, -403.26, 51.034999999999854
 63667, 7608.2000,  1, -367.69, 58.80999999999949
 63802, 7633.4900,  1, -279.80, 13.704999999999927
 63846, 7637.9900,  1, -297.38, 18.204999999999927
 63861, 7639.5200,  1, -268.13, 19.735000000000582
 63880, 7641.4650,  1, -309.80, 21.68000000000029
 63904, 7643.9200,  1, -287.57, 24.13500000000022
 63916, 7645.1450,  1, -304.71, 25.360000000000582
 64142, 7668.2600,  1, -435.83, 48.475000000000364
 64319, 7686.3650,  1, -475.49, 66.57999999999993
 64429, 7708.9200,  1, -267.96, 11.149999999999636
 64487, 7714.8500,  1, -298.77, 17.079999999999927
 64508, 7717.0000,  1, -325.42, 19.229999999999563
 64512, 7717.4100,  1, -307.81, 19.639999999999418
 64537, 7719.9650,  1, -311.60, 22.19499999999971
 64547, 7720.9900,  1, -285.09, 23.219999999999345
 64680, 7734.5900,  1, -318.86, 36.81999999999971
 64779, 7744.7150,  1, -355.73, 46.94499999999971
 64909, 7769.4450,  1, -297.87, 13.094999999999345
 64978, 7776.5000,  1, -243.98, 20.149999999999636
 64989, 7777.6250,  1, -309.66, 21.274999999999636
 64989, 7777.6250,  1, -259.67, 21.274999999999636
 65007, 7779.4650,  1, -289.61, 23.11499999999978
 65033, 7782.1250,  1, -314.12, 25.774999999999636
 65079, 7786.8300,  1, -331.37, 30.479999999999563
 65205, 7799.7150,  1, -431.49, 43.36499999999978
 65391, 7830.1700,  1, -310.31, 18.81500000000051
 65435, 7834.6700,  1, -278.47, 23.31500000000051
 65509, 7842.2400,  1, -326.47, 30.88500000000022
 65522, 7843.5700,  1, -292.54, 32.215000000000146
 65605, 7852.0550,  1, -372.54, 40.70000000000073
 65606, 7852.1600,  1, -404.46, 40.80500000000029
 65690, 7860.7500,  1, -449.76, 49.39500000000044
 65960, 7888.3650,  1, -352.78, 77.01000000000022
 66077, 7911.7350,  1, -286.16, 11.764999999999418
 66130, 7917.1550,  1, -273.65, 17.18499999999949
 66205, 7924.8250,  1, -310.04, 24.854999999999563
 66237, 7928.0950,  1, -247.95, 28.125
 66451, 7949.9850,  1, -421.13, 50.01499999999942
 66497, 7954.6850,  1, -443.38, 54.715000000000146
 66642, 7969.5150,  1, -468.12, 69.54500000000007
 66745, 7980.0500,  2, -221.48,  80
 66850, 8002.1100,  1, -268.95, 10.534999999999854
 66984, 8015.8100,  1, -307.71, 24.235000000000582
 67086, 8026.2450,  1, -341.00, 34.67000000000007
 67120, 8029.7200,  1, -373.20, 38.14500000000044
 67176, 8035.4500,  1, -395.52, 43.875
 67286, 8046.7000,  1, -372.29, 55.125
 67357, 8053.9600,  1, -400.94, 62.38500000000022
 67530, 8071.6550,  2, -241.49,  80
 67583, 8088.3750,  1, -223.08, 5.2150000000001455
 67690, 8099.3200,  1, -284.00, 16.159999999999854
 67698, 8100.1350,  1, -313.48, 16.975000000000364
 67700, 8100.3400,  1, -294.77, 17.18000000000029
 67710, 8101.3650,  1, -312.22, 18.204999999999927
 67740, 8104.4300,  1, -330.01, 21.270000000000437
 67767, 8107.1950,  1, -310.13, 24.034999999999854
 67968, 8127.7500,  1, -400.08, 44.590000000000146
 68166, 8159.4100,  1, -249.79, 20.045000000000073
 68280, 8171.0700,  1, -357.12, 31.704999999999927
 68287, 8171.7850,  1, -254.50, 32.42000000000007
 68287, 8171.7850,  1, -219.38, 32.42000000000007
 68298, 8172.9100,  1, -401.64, 33.54500000000007
 68308, 8173.9300,  1, -374.33, 34.56500000000051
 68315, 8174.6450,  1, -363.36, 35.280000000000655
 68753, 8219.4400,  2, -333.04,  80
 69053, 8261.4150,  1, -348.37, 30.470000000001164
 69086, 8264.7900,  1, -379.34, 33.845000000001164
 69194, 8275.8400,  1, -390.24, 44.89500000000044
 69454, 8302.4300,  1, -457.30, 71.48500000000058
 69538, 8311.0200,  2, -253.03,  80
 69538, 8311.0200,  2, -283.49,  80
 69538, 8311.0200,  2, -280.41,  80
 69538, 8311.0200,  2, -265.11,  80
 69785, 8347.3850,  1, -303.12, 25.05000000000109
 69823, 8351.2700,  1, -304.29, 28.93500000000131
 69839, 8352.9050,  1, -320.12, 30.570000000001528
 69853, 8354.3400,  1, -368.53, 32.00500000000102
 69949, 8364.1550,  1, -385.46, 41.82000000000153
 70126, 8382.2600,  1, -422.89, 59.92500000000109
 70301, 8400.1550,  1, -501.28, 77.82000000000153
 70323, 8402.4050,  2, -151.28,  80
 70438, 8425.3250,  1, -260.80, 11.550000000001091
 70506, 8432.2800,  1, -235.29, 18.50500000000102
 70528, 8434.5300,  1, -274.69, 20.75500000000102
 70717, 8453.8600,  1, -386.57, 40.085000000000946
 70737, 8455.9050,  1, -348.20, 42.13000000000102
 70746, 8456.8250,  1, -383.56, 43.05000000000109
 70750, 8457.2350,  1, -396.93, 43.460000000000946
 70875, 8470.0200,  1, -474.25, 56.2450000000008
 70962, 8491.0400,  1, -222.52, 8.69000000000051
 71231, 8518.5550,  1, -357.56, 36.20499999999993
 71460, 8541.9750,  1, -420.66, 59.625
 71475, 8543.5100,  1, -488.04, 61.159999999999854
 71476, 8543.6100,  1, -461.72, 61.26000000000022
 71660, 8562.4300,  2, -312.47,  80
 71660, 8562.4300,  2, -321.00,  80
 71660, 8562.4300,  2, -199.68,  80
 71810, 8588.9400,  1, -304.16, 15.130000000001019
 71845, 8592.5200,  1, -314.51, 18.710000000000946
 71985, 8606.8400,  1, -317.89, 33.030000000000655
 72051, 8613.5900,  1, -391.05, 39.780000000000655
 72121, 8620.7450,  1, -397.82, 46.93500000000131
 72141, 8622.7900,  1, -410.75, 48.98000000000138
 72301, 8639.1550,  1, -442.15, 65.34500000000116
 72445, 8653.8850,  2, -297.24,  80
 72585, 8679.4750,  1, -301.29, 14.114999999999782
 72592, 8680.1900,  1, -289.22, 14.829999999999927
 72674, 8688.5750,  1, -222.06, 23.215000000000146
 72718, 8693.0750,  1, -335.47, 27.715000000000146
 72915, 8713.2250,  3, 193.43, 47.83499999999913
 72959, 8717.7250,  1, -414.55, 52.36499999999978
 72971, 8718.9500,  1, -425.16, 53.590000000000146
 73025, 8724.4750,  1, -408.76, 59.11499999999978
 73154, 8749.0750,  1, -310.79, 13.090000000000146
 73201, 8753.8850,  1, -288.68, 17.899999999999636
 73424, 8776.6900,  1, -394.24, 40.70499999999993
 73508, 8785.2800,  1, -387.45, 49.29500000000007
 73616, 8796.3250,  1, -485.92, 60.340000000000146
 73710, 8805.9400,  1, -417.93, 69.95499999999993
 73716, 8806.5550,  1, -497.66, 70.56999999999971
 73809, 8816.0650,  2, -252.09,  80
 73929, 8839.4950,  1, -311.38, 12.06500000000051
 73936, 8840.2150,  1, -249.87, 12.784999999999854
 74099, 8856.8850,  1, -295.77, 29.454999999999927
 74160, 8863.1200,  1, -347.10, 35.69000000000051
 74471, 8894.9300,  1, -478.48, 67.5
 74594, 8907.5100,  2, -302.26,  80
 74594, 8907.5100,  2, -352.29,  80
 74594, 8907.5100,  2, -258.01,  80
 74858, 8945.8700,  1, -298.15, 26.790000000000873
 74864, 8946.4850,  1, -341.57, 27.405000000000655
 74934, 8953.6450,  1, -273.06, 34.56500000000051
 74934, 8953.6450,  1, -286.06, 34.56500000000051
 74953, 8955.5900,  1, -351.70, 36.51000000000022
 75132, 8973.8950,  1, -462.48, 54.81500000000051
 75264, 8987.3950,  1, -468.92, 68.31500000000051
 75379, 8999.1550,  2, -255.82,  80
 75452, 9018.9400,  1, -275.81, 7.255000000001019
 75589, 9032.9500,  1, -329.33, 21.265000000001237
 75781, 9052.5900,  1, -379.06, 40.905000000000655
 76043, 9079.3850,  1, -414.41, 67.70000000000073
 76079, 9083.0650,  1, -503.68, 71.38000000000102
 76161, 9091.4500,  1, -565.26, 79.76500000000124
 76164, 9091.7600,  2, -169.99,  80
 76164, 9091.7600,  2, -237.89,  80
 76384, 9125.6550,  1, -322.44, 22.295000000000073
 76567, 9144.3700,  1, -377.17, 41.01000000000022
 76600, 9147.7450,  1, -289.94, 44.38500000000022
 76600, 9147.7450,  1, -258.32, 44.38500000000022
 76635, 9151.3250,  1, -415.24, 47.965000000000146
 76734, 9161.4500,  1, -474.80, 58.090000000000146
 76819, 9170.1450,  1, -499.32, 66.78499999999985
 76949, 9183.4400,  2, -335.68,  80
 77048, 9204.6900,  1, -237.44, 9.915000000000873
 77152, 9215.3250,  1, -315.42, 20.55000000000109
 77159, 9216.0400,  1, -292.81, 21.265000000001237
 77185, 9218.7000,  1, -326.42, 23.92500000000109
 77480, 9248.8700,  1, -440.65, 54.095000000001164
 77490, 9249.8950,  1, -449.65, 55.1200000000008
 77597, 9260.8400,  1, -492.92, 66.06500000000051
 77598, 9260.9400,  1, -486.96, 66.16500000000087
 78028, 9316.1900,  1, -400.58, 43.774999999999636
 78251, 9338.9950,  1, -374.23, 66.57999999999993
 78361, 9350.2450,  1, -533.08, 77.82999999999993
 78383, 9352.4950,  2, -327.06,  80
 78383, 9352.4950,  2, -238.25,  80
 78383, 9352.4950,  2, -278.50,  80
 78383, 9352.4950,  2, -183.84,  80
 78383, 9352.4950,  2, -278.82,  80
 78561, 9381.9650,  1, -318.17, 17.9950000000008
 78691, 9395.2600,  1, -360.84, 31.290000000000873
 78813, 9407.7350,  1, -337.44, 43.76500000000124
 78878, 9414.3850,  1, -357.52, 50.41500000000087
 78974, 9424.2000,  1, -473.07, 60.23000000000138
 79093, 9436.3700,  1, -444.65, 72.40000000000146
 79109, 9438.0100,  1, -482.39, 74.04000000000087
 79168, 9444.0400,  2, -312.88,  80
 79273, 9466.1100,  1, -267.10, 10.530000000000655
 79478, 9487.0750,  1, -384.03, 31.4950000000008
 79648, 9504.4650,  1, -395.07, 48.88500000000022
 79720, 9511.8250,  1, -441.31, 56.2450000000008
 79721, 9511.9300,  1, -465.42, 56.350000000000364
 79953, 9535.6550,  2, -249.17,  80
 79953, 9535.6550,  2, -243.01,  80
 79953, 9535.6550,  2, -203.66,  80
 80158, 9567.7800,  1, -328.83, 20.76000000000022
 80250, 9577.1900,  1, -350.36, 30.170000000000073
 80354, 9587.8250,  1, -312.75, 40.80500000000029
 80389, 9591.4050,  1, -424.75, 44.38500000000022
 80578, 9610.7350,  1, -466.39, 63.715000000000146
 80622, 9615.2350,  1, -462.76, 68.21500000000015
 80738, 9627.1000,  2, -273.76,  80
 80738, 9627.1000,  2, -295.82,  80
 80978, 9662.8700,  1, -340.78, 24.335000000000946
 81008, 9665.9400,  1, -331.49, 27.405000000000655
 81143, 9679.7450,  1, -368.35, 41.210000000000946
 81401, 9706.1350,  1, -473.87, 67.60000000000036
 81408, 9706.8500,  1, -475.80, 68.31500000000051
 81523, 9718.6100,  2, -185.96,  80
 81523, 9718.6100,  2, -354.27,  80
 81523, 9718.6100,  2, -297.47,  80
 81668, 9744.7000,  1, -274.50, 14.625
 81708, 9748.7900,  1, -281.70, 18.715000000000146
 81811, 9759.3250,  1, -301.46, 29.25
 81866, 9764.9500,  1, -371.79, 34.875
 82308, 9810.1550,  2, -271.53,  80
 82308, 9810.1550,  2, -342.71,  80
 82308, 9810.1550,  2, -321.57,  80
 82308, 9810.1550,  2, -311.77,  80
 82478, 9838.8050,  1, -279.19, 17.18000000000029
 82531, 9844.2250,  1, -263.95, 22.600000000000364
 82616, 9852.9150,  1, -306.44, 31.290000000000873
 82698, 9861.3050,  1, -426.66, 39.68000000000029
 82972, 9889.3250,  1, -461.12, 67.70000000000073
 83069, 9899.2450,  1, -525.23, 77.6200000000008
 83093, 9901.7000,  2, -272.21,  80
 83093, 9901.7000,  2, -252.24,  80
 83265, 9930.7600,  1, -297.51, 17.38000000000102
 83279, 9932.1900,  1, -303.40, 18.81000000000131
 83337, 9938.1200,  1, -286.48, 24.7400000000016
 83662, 9971.3600,  1, -460.93, 57.98000000000138
 83878, 9993.4500,  2, -338.93,  80
 83878, 9993.4500,  2, -294.46,  80
 83878, 9993.4500,  2, -286.54,  80
 83878, 9993.4500,  2, -258.68,  80
 84178, 10036.2450,  1, -313.90, 30.475000000000364
 84238, 10042.3850,  1, -366.05, 36.61499999999978
 84322, 10050.9750,  1, -419.20, 45.20499999999993
 84333, 10052.1000,  1, -433.41, 46.32999999999993
 84394, 10058.3400,  1, -415.57, 52.56999999999971
 84420, 10060.9950,  1, -449.57, 55.225000000000364
 84488, 10067.9500,  1, -418.57, 62.18000000000029
 84663, 10085.8500,  2, -268.26,  80
 84752, 10106.1450,  1, -262.66, 8.899999999999636
 84759, 10106.8600,  1, -257.29, 9.614999999999782
 84898, 10121.0750,  1, -337.93, 23.829999999999927
 84919, 10123.2250,  1, -264.66, 25.979999999999563
 85207, 10152.6800,  1, -405.03, 55.43499999999949
 85277, 10159.8400,  1, -450.28, 62.594999999999345
 85448, 10177.3250,  2, -350.37,  80
 85448, 10177.3250,  2, -300.72,  80
 85568, 10200.8950,  1, -255.10, 12.069999999999709
 85599, 10204.0650,  1, -254.57, 15.239999999999782
 86011, 10246.2000,  1, -473.83, 57.375
 86017, 10246.8150,  1, -484.76, 57.98999999999978
 86191, 10264.6100,  1, -558.72, 75.78499999999985
 86233, 10268.9050,  2, -302.17,  80
 86233, 10268.9050,  2, -278.86,  80
 86233, 10268.9050,  2, -362.36,  80
 86518, 10309.3150,  1, -318.44, 28.93500000000131
 86539, 10311.4650,  1, -310.37, 31.085000000000946
 86612, 10318.9300,  1, -344.87, 38.55000000000109
 86692, 10327.1100,  1, -443.20, 46.73000000000138
 86769, 10334.9850,  1, -391.01, 54.60500000000138
 87018, 10360.4500,  2, -302.09,  80
 87018, 10360.4500,  2, -321.07,  80
 87018, 10360.4500,  2, -376.10,  80
 87260, 10396.4950,  1, -284.19, 24.535000000001673
 87549, 10426.0550,  1, -414.07, 54.095000000001164
 87614, 10432.7000,  1, -490.70, 60.7400000000016
 87711, 10442.6200,  1, -487.98, 70.66000000000167
 87769, 10448.5550,  1, -516.18, 76.59500000000116
 87803, 10452.0300,  2, -264.47,  80
 87803, 10452.0300,  2, -303.84,  80
 87803, 10452.0300,  2, -395.69,  80
 87866, 10470.4750,  1, -253.28, 6.235000000000582
 87866, 10470.4750,  1, -237.52, 6.235000000000582
 87953, 10479.3700,  1, -257.37, 15.130000000001019
 88046, 10488.8850,  1, -318.73, 24.645000000000437
 88243, 10509.0300,  1, -441.95, 44.79000000000087
 88588, 10544.3150,  2, -365.59,  80
 88588, 10544.3150,  2, -377.94,  80
 88588, 10544.3150,  2, -379.98,  80
 88691, 10566.3050,  1, -285.79, 10.329999999999927
 88847, 10582.2600,  1, -305.07, 26.284999999999854
 88878, 10585.4300,  1, -358.93, 29.454999999999927
 89175, 10615.8050,  1, -461.52, 59.82999999999993
 89215, 10619.8950,  1, -480.99, 63.92000000000007
 89373, 10636.0550,  2, -361.55,  80
 89373, 10636.0550,  2, -358.25,  80
 89373, 10636.0550,  2, -365.15,  80
 89443, 10654.3150,  1, -262.02, 6.954999999999927
 89476, 10657.6900,  1, -266.49, 10.329999999999927
 89596, 10669.9650,  1, -328.11, 22.604999999999563
 89676, 10678.1450,  1, -386.48, 30.784999999999854
 89687, 10679.2700,  1, -316.33, 31.909999999999854
 89737, 10684.3850,  1, -394.03, 37.024999999999636
 89804, 10691.2350,  1, -446.55, 43.875
 90158, 10727.4400,  2, -325.59,  80
 90268, 10749.8600,  1, -259.71, 11.040000000000873
 90268, 10749.8600,  1, -269.52, 11.040000000000873
 90309, 10754.0550,  1, -308.57, 15.235000000000582
 90346, 10757.8400,  1, -319.73, 19.020000000000437
 90557, 10779.4150,  1, -405.60, 40.595000000001164
 90828, 10807.1350,  1, -483.23, 68.31500000000051
 90943, 10818.8950,  2, -321.25,  80
 90943, 10818.8950,  2, -387.45,  80
 91058, 10841.9300,  1, -273.03, 11.55999999999949
 91283, 10864.9400,  1, -360.45, 34.56999999999971
 91327, 10869.4400,  1, -342.98, 39.06999999999971
 91362, 10873.0200,  1, -398.53, 42.649999999999636
 91404, 10877.3150,  1, -374.61, 46.94499999999971
 91433, 10880.2800,  1, -414.88, 49.909999999999854
 91728, 10910.4500,  2, -355.14,  80
 91728, 10910.4500,  2, -313.11,  80
 91858, 10934.9150,  1, -273.97, 13.085000000000946
 91889, 10938.0900,  1, -280.36, 16.26000000000022
 91927, 10941.9750,  1, -320.18, 20.145000000000437
 92188, 10968.6650,  1, -429.36, 46.835000000000946
 92195, 10969.3850,  1, -374.82, 47.55500000000029
 92315, 10981.6550,  1, -446.27, 59.82500000000073
 92513, 11001.9050,  2, -305.15,  80
 92513, 11001.9050,  2, -319.99,  80
 92592, 11021.2900,  1, -227.07, 7.8700000000008
 92601, 11022.2150,  1, -259.81, 8.795000000000073
 92614, 11023.5400,  1, -291.84, 10.1200000000008
 92680, 11030.2900,  1, -283.81, 16.8700000000008
 92945, 11057.3950,  1, -333.66, 43.975000000000364
 93298, 11093.4950,  2, -340.35,  80
 93298, 11093.4950,  2, -267.18,  80
 93298, 11093.4950,  2, -325.14,  80
 93564, 11132.7150,  1, -368.76, 26.9950000000008
 93580, 11134.3500,  1, -299.21, 28.63000000000102
 93776, 11154.3950,  1, -375.28, 48.67500000000109
 93888, 11165.8500,  1, -364.30, 60.13000000000102
 93888, 11165.8500,  1, -338.31, 60.13000000000102
 93961, 11173.3150,  1, -401.82, 67.59500000000116
 94041, 11181.4950,  1, -405.27, 75.77500000000146
 94083, 11185.7900,  2, -334.83,  80
 94249, 11213.7900,  1, -298.35, 16.765000000001237
 94363, 11225.4500,  1, -356.30, 28.42500000000109
 94408, 11230.0550,  1, -349.82, 33.030000000000655
 94503, 11239.7700,  1, -418.05, 42.7450000000008
 94559, 11245.4950,  1, -265.12, 48.470000000001164
 94633, 11253.0650,  1, -454.41, 56.04000000000087
 94655, 11255.3150,  1, -468.65, 58.29000000000087
 94868, 11277.1000,  2, -232.01,  80
 95021, 11304.0750,  1, -254.40, 15.44000000000051
 95031, 11305.1000,  1, -256.52, 16.465000000000146
 95184, 11320.7450,  1, -370.11, 32.11000000000058
 95509, 11353.9850,  1, -487.88, 65.35000000000036
 95653, 11368.7150,  2, -258.38,  80
 95653, 11368.7150,  2, -310.50,  80
 95653, 11368.7150,  2, -346.35,  80
 95653, 11368.7150,  2, -260.86,  80
 95963, 11411.6200,  1, -310.65, 31.4900000000016
 96213, 11437.1900,  1, -462.38, 57.06000000000131
 96258, 11441.7900,  1, -417.05, 61.66000000000167
 96374, 11453.6550,  1, -483.86, 73.52500000000146
 96438, 11460.2000,  2, -242.79,  80
 96438, 11460.2000,  2, -307.01,  80
 96438, 11460.2000,  2, -159.88,  80
 96438, 11460.2000,  2, -343.29,  80
 96578, 11485.6900,  1, -249.67, 14.105000000001382
 96644, 11492.4400,  1, -337.83, 20.855000000001382
 96664, 11494.4850,  1, -308.96, 22.900000000001455
 96757, 11503.9950,  1, -325.78, 32.41000000000167
 96878, 11516.3700,  1, -363.27, 44.78500000000167
 97131, 11542.2450,  1, -448.17, 70.66000000000167
 97223, 11551.6550,  2, -243.72,  80
 97223, 11551.6550,  2, -269.53,  80
 97666, 11609.0200,  1, -415.08, 45.100000000000364
 97704, 11612.9050,  1, -351.94, 48.98500000000058
 97744, 11616.9950,  1, -423.94, 53.07500000000073
 97764, 11619.0400,  1, -376.96, 55.1200000000008
 97776, 11620.2700,  1, -318.72, 56.350000000000364
 97803, 11623.0300,  1, -441.04, 59.11000000000058
 97886, 11631.5200,  1, -485.72, 67.60000000000036
 98008, 11643.9950,  2, -298.44,  80
 98251, 11680.0200,  1, -314.45, 24.645000000000437
 98268, 11681.7600,  1, -291.54, 26.38500000000022
 98350, 11690.1450,  1, -345.92, 34.77000000000044
 98376, 11692.8050,  1, -355.66, 37.43000000000029
 98479, 11703.3400,  1, -422.70, 47.965000000000146
 98514, 11706.9150,  1, -362.14, 51.54000000000087
 98793, 11735.4500,  2, -306.36,  80
 98793, 11735.4500,  2, -239.52,  80
 99113, 11780.2350,  1, -375.02, 32.52000000000044
 99274, 11796.7000,  1, -409.07, 48.98500000000058
 99427, 11812.3500,  1, -469.51, 64.63500000000022
 99435, 11813.1650,  1, -496.52, 65.45000000000073
 99530, 11822.8850,  1, -434.90, 75.17000000000007
 99578, 11827.7900,  2, -320.55,  80
 99578, 11827.7900,  2, -323.50,  80
 99578, 11827.7900,  2, -156.46,  80
100059, 11887.9850,  1, -416.92, 48.98000000000138
100331, 11915.8050,  1, -477.38, 76.80000000000109
100342, 11916.9300,  1, -492.00, 77.92500000000109
100363, 11919.0750,  2, -246.88,  80
100363, 11919.0750,  2, -287.31,  80
100363, 11919.0750,  2, -277.48,  80
100363, 11919.0750,  2, -236.71,  80
100363, 11919.0750,  2, -262.23,  80
100974, 11993.5300,  1, -453.07, 62.284999999999854
100974, 11993.5300,  1, -405.69, 62.284999999999854
101148, 12011.3250,  2, -241.15,  80
101148, 12011.3250,  2, -229.15,  80
101148, 12011.3250,  2, -256.21,  80
101148, 12011.3250,  2, -248.26,  80
101148, 12011.3250,  2, -253.99,  80
101148, 12011.3250,  2, -209.55,  80
101322, 12040.3850,  1, -294.53, 17.590000000000146
101933, 12102.8700,  2, -198.73,  80
101933, 12102.8700,  2, -230.66,  80
101933, 12102.8700,  2, -202.20,  80
101933, 12102.8700,  2, -234.33,  80
101933, 12102.8700,  2, -261.73,  80
101933, 12102.8700,  2, -268.46,  80
101933, 12102.8700,  2, -246.69,  80
102257, 12147.1200,  1, -348.02, 32.92500000000109
102629, 12185.1650,  1, -393.20, 70.97000000000116
102718, 12194.2700,  2, -252.24,  80
102718, 12194.2700,  2, -269.85,  80
102718, 12194.2700,  2, -294.61,  80
102718, 12194.2700,  2, -155.43,  80
102718, 12194.2700,  2, -248.39,  80
102718, 12194.2700,  2, -213.14,  80
103503, 12285.6450,  2, -234.68,  80
103503, 12285.6450,  2, -253.58,  80
103503, 12285.6450,  2, -273.74,  80
103503, 12285.6450,  2, -201.93,  80
103503, 12285.6450,  2, -254.23,  80
103503, 12285.6450,  2, -255.27,  80
103503, 12285.6450,  2, -245.40,  80
103503, 12285.6450,  2, -226.78,  80
104122, 12360.0750,  1, -412.27, 63.095000000001164
104288, 12377.0550,  2, -259.16,  80
104288, 12377.0550,  2, -246.16,  80
104288, 12377.0550,  2, -230.52,  80
104288, 12377.0550,  2, -233.74,  80
104288, 12377.0550,  2, -251.09,  80
104288, 12377.0550,  2, -193.13,  80
104288, 12377.0550,  2, -262.39,  80
104979, 12458.8850,  1, -434.22, 70.46999999999935
105073, 12468.4950,  2, -241.12,  80
105073, 12468.4950,  2, -165.62,  80
105073, 12468.4950,  2, -277.01,  80
105073, 12468.4950,  2, -256.53,  80
105073, 12468.4950,  2, -177.94,  80
105073, 12468.4950,  2, -230.21,  80
105073, 12468.4950,  2, -250.59,  80
105858, 12560.0200,  2, -252.94,  80
105858, 12560.0200,  2, -228.06,  80
105858, 12560.0200,  2, -233.62,  80
105858, 12560.0200,  2, -214.59,  80
105858, 12560.0200,  2, -245.72,  80
105858, 12560.0200,  2, -236.54,  80
105858, 12560.0200,  2, -242.09,  80
105858, 12560.0200,  2, -206.27,  80
106354, 12621.9150,  1, -316.23, 50.52000000000044
106643, 12651.4750,  2, -268.65,  80
106643, 12651.4750,  2, -279.83,  80
106643, 12651.4750,  2, -204.87,  80
106643, 12651.4750,  2, -235.91,  80
106643, 12651.4750,  2, -222.39,  80
106643, 12651.4750,  2, -186.15,  80
106643, 12651.4750,  2, -216.29,  80
107428, 12743.0300,  2, -245.13,  80
107428, 12743.0300,  2, -220.68,  80
107428, 12743.0300,  2, -263.74,  80
107428, 12743.0300,  2, -258.97,  80
107428, 12743.0300,  2, -264.31,  80
107428, 12743.0300,  2, -212.20,  80
107428, 12743.0300,  2, -248.03,  80
107428, 12743.0300,  2, -230.23,  80
108113, 12824.3150,  1, -461.06, 69.85000000000036
108213, 12834.5400,  2, -227.26,  80
108213, 12834.5400,  2, -218.74,  80
108213, 12834.5400,  2, -195.37,  80
108213, 12834.5400,  2, -241.50,  80
108213, 12834.5400,  2, -194.28,  80
108213, 12834.5400,  2, -195.51,  80
108213, 12834.5400,  2, -191.66,  80
108458, 12870.8600,  1, -329.47, 24.850000000000364
108998, 12926.0900,  2, -232.20,  80
108998, 12926.0900,  2, -255.51,  80
108998, 12926.0900,  2, -241.28,  80
108998, 12926.0900,  2, -245.84,  80
108998, 12926.0900,  2, -277.14,  80
108998, 12926.0900,  2, -208.22,  80
108998, 12926.0900,  2, -243.85,  80
109225, 12960.4300,  1, -300.54, 23.01000000000022
109351, 12973.3150,  1, -326.23, 35.89500000000044
109783, 13017.4950,  2, -245.22,  80
109783, 13017.4950,  2, -260.60,  80
109783, 13017.4950,  2, -220.05,  80
109783, 13017.4950,  2, -242.31,  80
109783, 13017.4950,  2, -220.23,  80
109783, 13017.4950,  2, -255.09,  80
110524, 13104.5400,  1, -537.04, 75.57500000000073
110568, 13109.0400,  2, -308.10,  80
110568, 13109.0400,  2, -274.06,  80
110568, 13109.0400,  2, -233.82,  80
110568, 13109.0400,  2, -231.12,  80
110568, 13109.0400,  2, -215.28,  80
110568, 13109.0400,  2, -220.75,  80
110568, 13109.0400,  2, -253.72,  80
110953, 13159.5550,  1, -332.36, 39.17000000000007
111278, 13192.7900,  1, -416.34, 72.40500000000065
111353, 13200.4650,  2, -235.16,  80
111353, 13200.4650,  2, -304.71,  80
111353, 13200.4650,  2, -241.09,  80
111353, 13200.4650,  2, -308.18,  80
111353, 13200.4650,  2, -290.79,  80
111353, 13200.4650,  2, -283.75,  80
112138, 13291.8600,  2, -277.27,  80
112138, 13291.8600,  2, -237.86,  80
112138, 13291.8600,  2, -213.17,  80
112138, 13291.8600,  2, -227.63,  80
112138, 13291.8600,  2, -313.05,  80
112138, 13291.8600,  2, -259.18,  80
112138, 13291.8600,  2, -224.14,  80
112138, 13291.8600,  2, -287.65,  80
112923, 13384.1100,  2, -229.49,  80
112923, 13384.1100,  2, -231.70,  80
112923, 13384.1100,  2, -287.05,  80
112923, 13384.1100,  2, -246.86,  80
112923, 13384.1100,  2, -252.09,  80
112923, 13384.1100,  2, -186.72,  80
112923, 13384.1100,  2, -258.65,  80
112923, 13384.1100,  2, -237.90,  80
113708, 13475.6450,  2, -314.17,  80
113708, 13475.6450,  2, -209.21,  80
113708, 13475.6450,  2, -278.00,  80
113708, 13475.6450,  2, -232.40,  80
113708, 13475.6450,  2, -229.37,  80
113708, 13475.6450,  2, -283.09,  80
113708, 13475.6450,  2, -267.29,  80
113708, 13475.6450,  2, -226.45,  80
114493, 13568.0300,  2, -279.85,  80
114493, 13568.0300,  2, -254.73,  80
114493, 13568.0300,  2, -301.54,  80
114493, 13568.0300,  2, -247.43,  80
114493, 13568.0300,  2, -288.95,  80
114493, 13568.0300,  2, -302.95,  80
114493, 13568.0300,  2, -237.89,  80
114493, 13568.0300,  2, -183.56,  80
115278, 13659.4150,  2, -276.81,  80
115278, 13659.4150,  2, -268.83,  80
115278, 13659.4150,  2, -268.36,  80
115278, 13659.4150,  2, -232.32,  80
115278, 13659.4150,  2, -226.48,  80
115278, 13659.4150,  2, -265.56,  80
115278, 13659.4150,  2, -322.02,  80
115278, 13659.4150,  2, -244.05,  80
116063, 13750.8250,  2, -259.35,  80
116063, 13750.8250,  2, -211.26,  80
116063, 13750.8250,  2, -281.71,  80
116063, 13750.8250,  2, -327.32,  80
116063, 13750.8250,  2, -282.93,  80
116063, 13750.8250,  2, -261.17,  80
116063, 13750.8250,  2, -258.77,  80
116063, 13750.8250,  2, -259.71,  80
116848, 13843.1000,  2, -302.39,  80
116848, 13843.1000,  2, -286.00,  80
116848, 13843.1000,  2, -301.82,  80
116848, 13843.1000,  2, -205.69,  80
116848, 13843.1000,  2, -310.89,  80
116848, 13843.1000,  2, -302.87,  80
116848, 13843.1000,  2, -334.95,  80
116848, 13843.1000,  2, -240.65,  80
117633, 13934.4500,  2, -322.54,  80
117633, 13934.4500,  2, -265.87,  80
117633, 13934.4500,  2, -295.71,  80
117633, 13934.4500,  2, -344.55,  80
117633, 13934.4500,  2, -290.12,  80
117633, 13934.4500,  2, -227.37,  80
117633, 13934.4500,  2, -327.44,  80
117633, 13934.4500,  2, -263.47,  80
118418, 14025.8600,  2, -383.93,  80
118418, 14025.8600,  2, -208.56,  80
118418, 14025.8600,  2, -201.33,  80
118418, 14025.8600,  2, -263.18,  80
118418, 14025.8600,  2, -275.87,  80
118418, 14025.8600,  2, -222.69,  80
118418, 14025.8600,  2, -321.80,  80
118418, 14025.8600,  2, -244.97,  80
119203, 14118.2450,  2, -268.42,  80
119203, 14118.2450,  2, -217.05,  80
119203, 14118.2450,  2, -249.77,  80
119203, 14118.2450,  2, -269.56,  80
119203, 14118.2450,  2, -225.18,  80
119203, 14118.2450,  2, -285.68,  80
119203, 14118.2450,  2, -290.38,  80
119203, 14118.2450,  2, -295.80,  80
119988, 14209.6200,  2, -296.42,  80
119988, 14209.6200,  2, -218.94,  80
119988, 14209.6200,  2, -290.00,  80
119988, 14209.6200,  2, -244.14,  80
119988, 14209.6200,  2, -225.44,  80
119988, 14209.6200,  2, -274.04,  80
119988, 14209.6200,  2, -304.70,  80
119988, 14209.6200,  2, -259.70,  80
120773, 14302.0300,  2, -261.34,  80
120773, 14302.0300,  2, -275.97,  80
120773, 14302.0300,  2, -275.12,  80
120773, 14302.0300,  2, -249.05,  80
120773, 14302.0300,  2, -207.94,  80
120773, 14302.0300,  2, -220.92,  80
120773, 14302.0300,  2, -281.56,  80
120773, 14302.0300,  2, -238.44,  80
121558, 14393.2000,  2, -274.37,  80
121558, 14393.2000,  2, -235.29,  80
121558, 14393.2000,  2, -254.28,  80
121558, 14393.2000,  2, -229.38,  80
121558, 14393.2000,  2, -287.83,  80
121558, 14393.2000,  2, -186.49,  80
121558, 14393.2000,  2, -292.10,  80
121558, 14393.2000,  2, -242.49,  80
122343, 14485.5100,  2, -240.20,  80
122343, 14485.5100,  2, -237.46,  80
122343, 14485.5100,  2, -202.26,  80
122343, 14485.5100,  2, -238.85,  80
122343, 14485.5100,  2, -214.42,  80
122343, 14485.5100,  2, -237.29,  80
122343, 14485.5100,  2, -237.95,  80
122343, 14485.5100,  2, -256.38,  80
123128, 14577.0200,  2, -256.43,  80
123128, 14577.0200,  2, -238.10,  80
123128, 14577.0200,  2, -245.42,  80
123128, 14577.0200,  2, -200.13,  80
123128, 14577.0200,  2, -261.94,  80
123128, 14577.0200,  2, -238.24,  80
123128, 14577.0200,  2, -192.85,  80
123128, 14577.0200,  2, -248.23,  80
123913, 14668.4500,  2, -233.81,  80
123913, 14668.4500,  2, -210.69,  80
123913, 14668.4500,  2, -289.27,  80
123913, 14668.4500,  2, -234.98,  80
123913, 14668.4500,  2, -244.33,  80
123913, 14668.4500,  2, -214.52,  80
123913, 14668.4500,  2, -227.04,  80
123913, 14668.4500,  2, -193.40,  80
124698, 14759.7800,  2, -225.21,  80
124698, 14759.7800,  2, -261.97,  80
124698, 14759.7800,  2, -218.85,  80
124698, 14759.7800,  2, -214.36,  80
124698, 14759.7800,  2, -258.51,  80
124698, 14759.7800,  2, -242.71,  80
124698, 14759.7800,  2, -241.75,  80
124698, 14759.7800,  2, -210.88,  80
125483, 14851.0750,  2, -224.37,  80
125483, 14851.0750,  2, -231.03,  80
125483, 14851.0750,  2, -234.90,  80
125483, 14851.0750,  2, -206.51,  80
125483, 14851.0750,  2, -277.51,  80
125483, 14851.0750,  2, -227.57,  80
125483, 14851.0750,  2, -248.89,  80
125483, 14851.0750,  2, -174.22,  80
126268, 14942.5100,  2, -204.84,  80
126268, 14942.5100,  2, -268.99,  80
126268, 14942.5100,  2, -208.41,  80
126268, 14942.5100,  2, -209.04,  80
126268, 14942.5100,  2, -274.14,  80
126268, 14942.5100,  2, -149.44,  80
126268, 14942.5100,  2, -249.11,  80
126268, 14942.5100,  2, -222.73,  80
127053, 15034.1200,  2, -249.60,  80
127053, 15034.1200,  2, -141.82,  80
127053, 15034.1200,  2, -209.30,  80
127053, 15034.1200,  2, -244.83,  80
127053, 15034.1200,  2, -243.40,  80
127053, 15034.1200,  2, -234.90,  80
127053, 15034.1200,  2, -258.35,  80
127053, 15034.1200,  2, -259.25,  80
127838, 15125.7150,  2, -222.42,  80
127838, 15125.7150,  2, -291.51,  80
127838, 15125.7150,  2, -273.59,  80
127838, 15125.7150,  2, -230.86,  80
127838, 15125.7150,  2, -251.79,  80
127838, 15125.7150,  2, -269.84,  80
127838, 15125.7150,  2, -258.17,  80
127838, 15125.7150,  2, -235.61,  80
128623, 15217.3150,  2, -277.04,  80
128623, 15217.3150,  2, -190.29,  80
128623, 15217.3150,  2, -271.15,  80
128623, 15217.3150,  2, -243.26,  80
128623, 15217.3150,  2, -255.01,  80
128623, 15217.3150,  2, -210.28,  80
128623, 15217.3150,  2, -278.78,  80
128623, 15217.3150,  2, -197.04,  80
129408, 15308.8700,  2, -271.57,  80
129408, 15308.8700,  2, -182.14,  80
129408, 15308.8700,  2, -288.58,  80
129408, 15308.8700,  2, -237.42,  80
129408, 15308.8700,  2, -234.82,  80
129408, 15308.8700,  2, -245.95,  80
129408, 15308.8700,  2, -289.96,  80
129408, 15308.8700,  2, -276.98,  80
130193, 15400.2900,  2, -249.37,  80
130193, 15400.2900,  2, -293.92,  80
130193, 15400.2900,  2, -331.14,  80
130193, 15400.2900,  2, -295.54,  80
130193, 15400.2900,  2, -264.90,  80
130193, 15400.2900,  2, -192.39,  80
130193, 15400.2900,  2, -325.74,  80
130193, 15400.2900,  2, -234.24,  80
130978, 15491.7150,  2, -257.88,  80
130978, 15491.7150,  2, -347.57,  80
130978, 15491.7150,  2, -275.68,  80
130978, 15491.7150,  2, -206.12,  80
130978, 15491.7150,  2, -344.11,  80
130978, 15491.7150,  2, -159.96,  80
130978, 15491.7150,  2, -218.17,  80
130978, 15491.7150,  2, -323.30,  80
131763, 15583.4500,  2, -263.27,  80
131763, 15583.4500,  2, -210.73,  80
131763, 15583.4500,  2, -191.69,  80
131763, 15583.4500,  2, -253.25,  80
131763, 15583.4500,  2, -262.28,  80
131763, 15583.4500,  2, -231.76,  80
131763, 15583.4500,  2, -235.58,  80
131763, 15583.4500,  2, -277.87,  80
132548, 15674.8600,  2, -301.71,  80
132548, 15674.8600,  2, -255.19,  80
132548, 15674.8600,  2, -194.70,  80
132548, 15674.8600,  2, -261.37,  80
132548, 15674.8600,  2, -161.52,  80
132548, 15674.8600,  2, -272.32,  80
132548, 15674.8600,  2, -273.05,  80
132548, 15674.8600,  2, -178.28,  80
133333, 15766.2450,  2, -339.17,  80
133333, 15766.2450,  2, -210.71,  80
133333, 15766.2450,  2, -243.40,  80
133333, 15766.2450,  2, -296.75,  80
133333, 15766.2450,  2, -204.26,  80
133333, 15766.2450,  2, -275.15,  80
133333, 15766.2450,  2, -286.49,  80
133333, 15766.2450,  2, -326.02,  80
134118, 15857.6650,  2, -176.90,  80
134118, 15857.6650,  2, -265.24,  80
134118, 15857.6650,  2, -247.74,  80
134118, 15857.6650,  2, -238.98,  80
134118, 15857.6650,  2, -282.93,  80
134118, 15857.6650,  2, -225.61,  80
134118, 15857.6650,  2, -268.37,  80
134118, 15857.6650,  2, -261.89,  80
134903, 15949.1000,  2, -257.86,  80
134903, 15949.1000,  2, -155.76,  80
134903, 15949.1000,  2, -212.79,  80
134903, 15949.1000,  2, -299.68,  80
134903, 15949.1000,  2, -246.22,  80
134903, 15949.1000,  2, -256.48,  80
134903, 15949.1000,  2, -291.88,  80
134903, 15949.1000,  2, -157.41,  80
135634, 16034.9650,  1, -441.92, 74.55500000000029
135634, 16034.9650,  1, -337.74, 74.55500000000029
135688, 16040.4850,  2, -283.65,  80
135688, 16040.4850,  2, -208.94,  80
135688, 16040.4850,  2, -192.95,  80
135688, 16040.4850,  2, -280.49,  80
135688, 16040.4850,  2, -317.60,  80
135688, 16040.4850,  2, -175.99,  80
136473, 16132.8400,  2, -263.25,  80
136473, 16132.8400,  2, -296.09,  80
136473, 16132.8400,  2, -399.40,  80
136473, 16132.8400,  2, -235.61,  80
136473, 16132.8400,  2, -346.93,  80
136473, 16132.8400,  2, -275.31,  80
136473, 16132.8400,  2, -338.83,  80
136473, 16132.8400,  2, -209.44,  80
137258, 16224.2700,  2, -218.15,  80
137258, 16224.2700,  2, -326.10,  80
137258, 16224.2700,  2, -250.30,  80
137258, 16224.2700,  2, -221.46,  80
137258, 16224.2700,  2, -315.84,  80
137258, 16224.2700,  2, -241.73,  80
137258, 16224.2700,  2, -336.24,  80
137258, 16224.2700,  2, -219.32,  80
137712, 16282.4850,  1, -364.45, 46.225000000000364
137712, 16282.4850,  1, -288.93, 46.225000000000364
138043, 16316.3400,  2, -250.52,  80
138043, 16316.3400,  2, -209.26,  80
138043, 16316.3400,  2, -298.48,  80
138043, 16316.3400,  2, -176.89,  80
138043, 16316.3400,  2, -129.81,  80
138043, 16316.3400,  2, -320.02,  80
138400, 16364.0300,  1, -237.96, 36.30500000000029
138400, 16364.0300,  1, -311.55, 36.30500000000029
138758, 16400.9500,  3, 57.61, 73.17000000000007
138824, 16407.8250,  2, -263.19,  80
138824, 16407.8250,  2, -252.62,  80
138824, 16407.8250,  2, -246.11,  80
138824, 16407.8250,  2, -158.64,  80
138824, 16407.8250,  2, -290.18,  80
139060, 16443.5500,  1, -218.88, 24.375
139060, 16443.5500,  1, -212.62, 24.375
139074, 16445.0050,  1, -216.62, 25.830000000001746
139074, 16445.0050,  1, -228.41, 25.830000000001746
139276, 16466.0500,  3, 181.02, 46.775000000001455
139324, 16471.0500,  1, -321.10, 51.875
139594, 16499.1750,  2, -313.14,  80
139594, 16499.1750,  2, -251.11,  80
139795, 16531.1800,  1, -177.64, 20.729999999999563
139795, 16531.1800,  1, -279.77, 20.729999999999563
139984, 16550.8650,  1, -270.20, 40.41500000000087
139984, 16550.8650,  1, -338.92, 40.41500000000087
140076, 16560.4500,  3, 166.17, 49.93000000000029
140104, 16563.3650,  1, -402.14, 52.91500000000087
140364, 16590.4500,  2, -198.29,  80
140364, 16590.4500,  2, -290.13,  80
140556, 16622.5600,  1, -178.16, 19.790000000000873
140556, 16622.5600,  1, -263.30, 19.790000000000873
141134, 16682.7700,  2, -253.56,  80
141134, 16682.7700,  2, -162.79,  80
141134, 16682.7700,  2, -260.12,  80
141134, 16682.7700,  2, -329.84,  80
141134, 16682.7700,  2, -277.92,  80
141134, 16682.7700,  2, -302.80,  80
141540, 16736.3250,  1, -331.69, 42.080000000001746
141540, 16736.3250,  1, -371.83, 42.080000000001746
141905, 16774.3450,  2, -260.07,  80
141905, 16774.3450,  2, -402.50,  80
141905, 16774.3450,  2, -293.09,  80
141905, 16774.3450,  2, -345.25,  80
141905, 16774.3450,  2, -373.42,  80
141905, 16774.3450,  2, -321.47,  80
142594, 16857.4350,  3, 42.65, 71.45999999999913
142675, 16865.8750,  2, -257.94,  80
142675, 16865.8750,  2, -168.90,  80
142675, 16865.8750,  2, -283.54,  80
142675, 16865.8750,  2, -365.99,  80
142675, 16865.8750,  2, -265.12,  80
142675, 16865.8750,  2, -344.85,  80
142675, 16865.8750,  2, -308.01,  80
143364, 16949.7400,  3, 76.47, 71.46500000000015
143368, 16950.1600,  3, 93.01, 71.91999999999825
143384, 16951.8250,  3, 84.08, 73.54499999999825
143431, 16956.7200,  3, 50.94, 78.52999999999884
143445, 16958.1800,  2, -246.58,  80
143445, 16958.1800,  2, -285.98,  80
143445, 16958.1800,  2, -160.61,  80
143445, 16958.1800,  2, -229.15,  80
144215, 17049.3100,  2, -210.24,  80
144215, 17049.3100,  2, -161.72,  80
144215, 17049.3100,  2, -219.20,  80
144215, 17049.3100,  2, -273.77,  80
144215, 17049.3100,  2, -265.06,  80
144215, 17049.3100,  2, -292.59,  80
144215, 17049.3100,  2, -309.11,  80
144215, 17049.3100,  2, -257.64,  80
144774, 17119.8300,  3, 130.65, 58.0099999999984
144976, 17140.8750,  3, 132.88, 78.98999999999796
144985, 17141.8100,  2, -227.45,  80
144985, 17141.8100,  2, -231.29,  80
144985, 17141.8100,  2, -262.82,  80
144985, 17141.8100,  2, -164.83,  80
144985, 17141.8100,  2, -175.60,  80
144985, 17141.8100,  2, -171.85,  80
145718, 17229.3100,  3, 70.74, 76.1349999999984
145755, 17233.1650,  2, -183.19,  80
145755, 17233.1650,  2, -220.11,  80
145755, 17233.1650,  2, -215.80,  80
145755, 17233.1650,  2, -275.55,  80
145755, 17233.1650,  2, -139.47,  80
145755, 17233.1650,  2, -253.26,  80
145755, 17233.1650,  2, -198.64,  80
146311, 17302.3050,  3, 192.21, 57.664999999997235
146364, 17307.8250,  3, 124.15, 63.164999999997235
146404, 17311.9900,  3, 147.10, 67.32499999999709
146525, 17324.5950,  2, -154.96,  80
146525, 17324.5950,  2, -130.34,  80
146525, 17324.5950,  2, -118.26,  80
146525, 17324.5950,  2, -92.13,  80
146525, 17324.5950,  2, -112.88,  80
147025, 17387.8550,  1, -313.37, 51.875
147025, 17387.8550,  1, -280.84, 51.875
147118, 17397.5400,  3, 179.51, 61.47999999999956
147136, 17399.4150,  3, 159.82, 63.41500000000087
147223, 17408.4800,  3, 105.38, 72.43000000000029
147295, 17415.9800,  2, -124.92,  80
147295, 17415.9800,  2, -187.26,  80
147295, 17415.9800,  2, -239.84,  80
147674, 17466.5150,  3, 241.36, 39.17499999999927
147757, 17475.1600,  3, 187.12, 47.89500000000044
147759, 17475.3650,  3, 182.98, 48.1150000000016
147937, 17493.9100,  3, 117.10, 66.63500000000204
148013, 17501.8250,  3, 165.89, 74.50500000000102
148066, 17507.3450,  2, -161.26,  80
148066, 17507.3450,  2, -252.54,  80
148066, 17507.3450,  2, -131.99,  80
148269, 17539.7650,  3, 287.60, 20.864999999997963
148444, 17557.9900,  3, 248.31, 39.14500000000044
148448, 17558.4100,  3, 260.93, 39.48500000000058
148507, 17564.5550,  3, 220.59, 45.715000000000146
148513, 17565.1800,  3, 222.11, 46.25
148584, 17572.5750,  3, 199.87, 53.68999999999869
148739, 17588.7200,  3, 169.89, 69.80500000000029
148836, 17598.8250,  2, -291.23,  80
149120, 17639.5400,  3, 266.17, 29.284999999999854
149166, 17644.3300,  3, 208.17, 34.159999999999854
149195, 17647.3550,  3, 229.61, 37.12999999999738
149206, 17648.5000,  3, 220.10, 38.31499999999869
149353, 17663.8100,  3, 159.91, 53.61999999999898
149536, 17682.8750,  3, 92.92, 72.68499999999767
149555, 17684.8550,  3, 110.20, 74.59999999999854
149606, 17690.1650,  2, -173.07,  80
149947, 17736.9450,  3, 242.50, 35.30000000000291
149950, 17737.2550,  3, 250.39, 35.56000000000131
149974, 17739.7550,  3, 215.89, 38.07000000000335
150037, 17746.3200,  3, 206.11, 44.68000000000029
150077, 17750.4850,  3, 195.01, 48.81000000000131
150290, 17772.6750,  3, 89.15, 71.02500000000146
150291, 17772.7750,  3, 117.79, 71.125
150377, 17781.7350,  2, -194.70,  80
150538, 17809.8100,  3, 292.12, 16.465000000000146
150541, 17810.1250,  3, 295.35, 16.854999999999563
150547, 17810.7500,  3, 292.41, 17.4900000000016
150641, 17820.5400,  3, 268.55, 27.229999999999563
150713, 17828.0400,  3, 231.34, 34.779999999998836
150739, 17830.7500,  3, 223.69, 37.43000000000029
150784, 17835.4350,  3, 219.96, 42.150000000001455
150859, 17843.2500,  3, 164.39, 49.974999999998545
151059, 17875.3650,  3, 304.98, 20.625
151161, 17885.9900,  3, 209.23, 31.279999999998836
151189, 17888.9100,  3, 209.17, 34.25
151266, 17896.9300,  3, 200.28, 42.19499999999971
151291, 17899.5350,  3, 221.78, 44.79500000000189
151376, 17908.3900,  3, 144.97, 53.67000000000189
151472, 17918.3900,  3, 132.92, 63.72999999999956
151566, 17928.1800,  3, 79.31, 73.48500000000058
151755, 17958.9300,  3, 295.64, 19.56999999999971
151768, 17960.2850,  3, 240.76, 20.924999999999272
151825, 17966.2200,  3, 241.27, 26.86999999999898
151851, 17968.9300,  3, 238.49, 29.524999999997817
151897, 17973.7200,  3, 236.14, 34.36999999999898
151929, 17977.0550,  3, 199.94, 37.669999999998254
151949, 17979.1400,  3, 204.66, 39.789999999997235
151954, 17979.6600,  3, 206.75, 40.30999999999767
152169, 18013.3050,  3, 241.82, 22.205000000001746
152228, 18019.4500,  3, 216.24, 28.340000000000146
152237, 18020.3900,  3, 204.38, 29.284999999999854
152237, 18020.3900,  3, 234.64, 29.31500000000233
152255, 18022.2650,  3, 258.59, 31.220000000001164
152272, 18024.0350,  3, 240.40, 32.92000000000189
152340, 18031.1150,  3, 200.55, 40.05500000000029
152372, 18034.4500,  3, 168.82, 43.340000000000146
152603, 18069.8050,  3, 233.80, 23.950000000000728
152685, 18078.3450,  3, 144.98, 32.4800000000032
153060, 18117.4100,  3, 92.84, 71.52500000000146
153142, 18125.9500,  2, -257.12,  80
153142, 18125.9500,  2, -222.17,  80
153142, 18125.9500,  2, -309.32,  80
153142, 18125.9500,  2, -183.66,  80
153142, 18125.9500,  2, -309.35,  80
153364, 18160.3300,  3, 247.28, 22.845000000001164
153422, 18166.3750,  3, 218.17, 28.910000000003492
153429, 18167.1050,  3, 218.77, 29.665000000000873
153435, 18167.7300,  3, 233.02, 30.290000000000873
153452, 18169.5000,  3, 263.32, 31.9800000000032
153496, 18174.0800,  3, 189.18, 36.625
153913, 18217.5200,  2, -333.84,  80
153913, 18217.5200,  2, -199.39,  80
154099, 18248.1400,  3, 268.02, 19.07499999999709
154191, 18257.7200,  3, 241.99, 28.729999999999563
154683, 18308.9700,  2, -183.90,  80
154683, 18308.9700,  2, -295.06,  80
154683, 18308.9700,  2, -275.75,  80
154683, 18308.9700,  2, -172.36,  80
154683, 18308.9700,  2, -294.26,  80
154683, 18308.9700,  2, -122.50,  80
154749, 18327.1050,  1, -144.35, 6.669999999998254
154749, 18327.1050,  1, -189.46, 6.669999999998254
155042, 18357.6250,  3, 159.35, 37.094999999997526
155078, 18361.3750,  3, 166.20, 40.875
155453, 18400.4350,  2, -260.82,  80
155453, 18400.4350,  2, -246.21,  80
155453, 18400.4350,  2, -293.57,  80
155453, 18400.4350,  2, -200.76,  80
155627, 18429.7500,  3, 267.69, 17.839999999996508
155712, 18438.6050,  3, 250.88, 26.724999999998545
155746, 18442.1450,  3, 238.73, 30.224999999998545
155839, 18451.8300,  3, 203.10, 39.95499999999811
155979, 18466.4150,  3, 106.28, 54.56499999999869
156132, 18482.3550,  3, 28.99, 70.42999999999665
156223, 18491.8300,  2, -276.98,  80
156223, 18491.8300,  2, -211.25,  80
156391, 18520.4650,  3, 277.84, 17.215000000000146
156446, 18526.1950,  3, 243.94, 22.9900000000016
156457, 18527.3400,  3, 242.30, 24.1150000000016
156464, 18528.0700,  3, 238.32, 24.885000000002037
156512, 18533.0700,  3, 256.32, 29.845000000001164
156642, 18546.6100,  3, 157.70, 43.43000000000029
156916, 18575.1500,  3, 33.11, 71.88000000000102
156993, 18583.1750,  2, -194.88,  80
157214, 18617.4500,  3, 273.20, 22.779999999998836
157260, 18622.2400,  3, 266.91, 27.56999999999971
157295, 18625.8900,  3, 243.80, 31.225000000002183
157314, 18627.8650,  3, 227.93, 33.17000000000189
157357, 18632.3450,  3, 213.08, 37.60499999999956
157359, 18632.5550,  3, 196.47, 37.88500000000204
157370, 18633.7000,  3, 167.54, 38.98500000000058
157458, 18642.8650,  3, 144.92, 48.18500000000131
157619, 18670.8550,  3, 282.15, 16.604999999999563
157644, 18673.4550,  3, 262.08, 19.264999999999418
157653, 18674.3950,  3, 265.03, 20.139999999999418
157692, 18678.4550,  3, 283.03, 24.229999999999563
157809, 18690.6450,  3, 253.44, 36.43499999999767
157839, 18693.7700,  3, 191.05, 39.55999999999767
157958, 18706.1650,  3, 186.10, 51.909999999999854
158227, 18734.1850,  2, -188.04,  80
158658, 18790.0700,  3, 167.17, 44.659999999999854
158698, 18794.2350,  3, 152.47, 48.784999999999854
158707, 18795.1750,  3, 166.18, 49.77499999999782
158737, 18798.3000,  3, 157.97, 52.85499999999956
158827, 18807.6750,  3, 102.94, 62.23500000000058
158942, 18819.6500,  3, 55.41, 74.26499999999942
158997, 18825.3800,  2, -142.00,  80
158997, 18825.3800,  2, -133.47,  80
159226, 18860.2150,  3, 245.43, 23.599999999998545
159282, 18866.0500,  3, 251.61, 29.43999999999869
159357, 18873.8600,  3, 212.07, 37.22999999999956
159402, 18878.5500,  3, 163.97, 41.904999999998836
159413, 18879.6950,  3, 160.67, 43.029999999998836
159465, 18885.1100,  3, 171.64, 48.474999999998545
159637, 18903.0250,  3, 164.35, 66.39500000000044
159662, 18905.6300,  3, 84.99, 68.95500000000175
159839, 18937.1600,  3, 297.56, 18.294999999998254
159858, 18939.1400,  3, 277.18, 20.264999999999418
159923, 18945.9100,  3, 268.04, 27.075000000000728
159976, 18951.4300,  3, 229.26, 32.57999999999811
159984, 18952.2650,  3, 217.25, 33.42499999999927
160045, 18958.6150,  3, 196.96, 39.719999999997526
160094, 18963.7200,  3, 175.73, 44.81499999999869
160127, 18967.1600,  3, 180.32, 48.32500000000073
160396, 19006.2300,  3, 246.45, 27.840000000000146
160414, 19008.1050,  3, 246.92, 29.715000000000146
160418, 19008.5200,  3, 261.19, 30.104999999999563
160466, 19013.5200,  3, 197.33, 35.18500000000131
160611, 19028.6250,  3, 198.77, 50.220000000001164
160671, 19034.8750,  3, 132.49, 56.55500000000029
160803, 19048.6250,  3, 115.43, 70.27500000000146
160897, 19058.4150,  2, -139.94,  80
161140, 19094.8900,  3, 295.39, 25.084999999999127
161198, 19100.9300,  3, 239.52, 31.1349999999984
161217, 19102.9100,  3, 222.68, 33.11999999999898
161244, 19105.7200,  3, 222.66, 35.83499999999913
161254, 19106.7650,  3, 239.69, 36.95000000000073
161312, 19112.8050,  3, 202.86, 42.970000000001164
161341, 19115.8250,  3, 185.67, 45.95000000000073
161449, 19127.0750,  3, 231.49, 57.20999999999913
161658, 19160.2050,  3, 273.33, 21.655000000002474
161727, 19167.3950,  3, 238.39, 28.830000000001746
161788, 19173.7500,  3, 177.52, 35.1050000000032
161838, 19178.9550,  3, 178.94, 40.32500000000073
161863, 19181.5600,  3, 180.54, 42.960000000002765
161878, 19183.1250,  3, 225.37, 44.530000000002474
161897, 19185.1050,  3, 188.81, 46.525000000001455
161937, 19189.2700,  3, 195.12, 50.64500000000044
162206, 19228.5150,  3, 228.29, 27.825000000000728
162226, 19230.5950,  3, 186.61, 29.890000000003056
162263, 19234.4500,  3, 248.08, 33.81000000000131
162268, 19234.9700,  3, 216.92, 34.30000000000291
162270, 19235.1800,  3, 189.35, 34.57500000000073
162291, 19237.3650,  3, 201.31, 36.76000000000204
162332, 19241.6400,  3, 170.25, 41.02000000000044
162382, 19246.8450,  3, 150.89, 46.18500000000131
162554, 19276.8400,  3, 315.25, 17.799999999999272
162603, 19281.9450,  3, 257.34, 22.899999999997817
162623, 19284.0250,  3, 263.56, 24.94499999999971
162674, 19289.3400,  3, 241.60, 30.2699999999968
162722, 19294.3400,  3, 191.39, 35.24499999999898
162804, 19302.8800,  3, 133.73, 43.75499999999738
162814, 19303.9250,  3, 118.40, 44.859999999996944
162869, 19309.6500,  3, 148.46, 50.609999999996944
163048, 19339.5200,  3, 273.42, 18.465000000000146
163072, 19342.0200,  3, 288.75, 20.959999999999127
163255, 19361.0800,  3, 122.26, 40.06499999999869
163273, 19362.9550,  3, 200.15, 41.91500000000087
163290, 19364.7300,  3, 192.40, 43.68999999999869
163353, 19371.2900,  3, 67.67, 50.29500000000189
163376, 19373.6850,  3, 157.89, 52.654999999998836
163379, 19374.0000,  3, 77.41, 52.965000000000146
163569, 19405.7400,  3, 260.92, 19.61999999999898
163595, 19408.4500,  3, 300.23, 22.31999999999971
163610, 19410.0150,  3, 281.42, 23.88000000000102
163618, 19410.8450,  3, 257.46, 24.735000000000582
163654, 19414.5950,  3, 224.18, 28.49499999999898
163718, 19421.2650,  3, 201.12, 35.16500000000087
163738, 19423.3450,  3, 189.62, 37.20000000000073
163772, 19426.8900,  3, 173.43, 40.77000000000044
164063, 19469.1650,  3, 209.90, 30.11999999999898
164126, 19475.7300,  3, 191.81, 36.75
164323, 19496.2500,  3, 46.98, 57.2699999999968
164355, 19499.5800,  3, 52.88, 60.55999999999767
164362, 19500.3100,  3, 80.72, 61.33499999999913
164366, 19500.7300,  3, 35.50, 61.75499999999738
164469, 19511.4550,  3, -19.17, 72.46999999999753
164516, 19516.3550,  3, -63.51, 77.36499999999796
164722, 19548.9350,  3, 247.09, 21.30999999999767
164742, 19551.0200,  3, 257.50, 23.3849999999984
164750, 19551.8550,  3, 254.30, 24.179999999996653
164784, 19555.3950,  3, 262.56, 27.714999999996508
165020, 19579.9800,  3, 60.46, 52.31499999999869
165021, 19580.0800,  3, 51.27, 52.46499999999651
165285, 19607.5800,  2, -229.82,  80
165285, 19607.5800,  2, -247.70,  80
165599, 19651.2050,  3, 193.05, 32.43999999999869
165611, 19652.4550,  3, 198.31, 33.664999999997235
165611, 19652.4550,  3, 181.43, 33.70499999999811
165620, 19653.3950,  3, 210.65, 34.669999999998254
166055, 19698.7050,  2, -181.70,  80
166055, 19698.7050,  2, -419.22,  80
166055, 19698.7050,  2, -322.83,  80
166055, 19698.7050,  2, -411.47,  80
166221, 19727.2200,  3, 305.62, 17.0
166223, 19727.4300,  3, 307.87, 17.220000000001164
166237, 19728.8900,  3, 278.49, 18.674999999999272
166287, 19734.0950,  3, 270.51, 23.93000000000029
166333, 19738.8900,  3, 225.43, 28.725000000002183
166338, 19739.4100,  3, 245.10, 29.200000000000728
166376, 19743.3650,  3, 150.67, 33.215000000000146
166396, 19745.4500,  3, 179.23, 35.215000000000146
166599, 19777.8300,  3, 256.42, 21.0099999999984
166618, 19779.8100,  3, 257.25, 22.969999999997526
166625, 19780.5400,  3, 245.40, 23.68999999999869
166638, 19781.8950,  3, 243.23, 25.094999999997526
166650, 19783.1450,  3, 295.51, 26.290000000000873
166675, 19785.7500,  3, 243.42, 28.94499999999971
166829, 19801.7900,  3, 151.21, 44.965000000000146
166864, 19805.4350,  3, 147.18, 48.61000000000058
167015, 19832.4000,  3, 295.46, 15.619999999998981
167018, 19832.7150,  3, 323.88, 15.864999999997963
167065, 19837.6100,  3, 284.64, 20.789999999997235
167118, 19843.1300,  3, 197.11, 26.344999999997526
167167, 19848.2350,  3, 229.89, 31.359999999996944
167169, 19848.4450,  3, 210.36, 31.639999999999418
167208, 19852.5050,  3, 178.53, 35.62999999999738
167260, 19857.9250,  3, 206.43, 41.11999999999898
167434, 19887.1800,  3, 262.11, 17.94499999999971
167441, 19887.9100,  3, 322.76, 18.68000000000029
167457, 19889.5750,  3, 287.22, 20.345000000001164
167473, 19891.2400,  3, 312.49, 22.06999999999971
167480, 19891.9700,  3, 278.99, 22.799999999999272
167480, 19891.9700,  3, 268.31, 22.729999999999563
167492, 19893.2200,  3, 283.23, 24.014999999999418
167515, 19895.6150,  3, 280.04, 26.43999999999869
167702, 19926.3250,  3, 265.92, 19.364999999997963
167714, 19927.5750,  3, 276.80, 20.55999999999767
167745, 19930.8050,  3, 262.42, 23.790000000000873
167748, 19931.1150,  3, 260.11, 24.06999999999971
167750, 19931.3250,  3, 260.96, 24.360000000000582
167765, 19932.8900,  3, 274.55, 25.875
167797, 19936.2200,  3, 250.29, 29.165000000000873
167807, 19937.2650,  3, 248.71, 30.219999999997526
168009, 19969.5150,  3, 311.19, 20.854999999999563
168011, 19969.7200,  3, 290.44, 21.1349999999984
168024, 19971.0750,  3, 258.59, 22.450000000000728
168030, 19971.7000,  3, 274.92, 23.11999999999898
168043, 19973.0550,  3, 282.71, 24.43000000000029
168052, 19973.9900,  3, 265.62, 25.399999999997817
168487, 20019.3050,  3, 55.93, 70.71999999999753
168528, 20023.5750,  3, -33.68, 74.95999999999913
168695, 20052.0800,  3, 311.33, 17.224999999998545
168716, 20054.2700,  3, 287.97, 19.409999999999854
168731, 20055.8300,  3, 273.69, 20.93999999999869
168753, 20058.1250,  3, 274.01, 23.32999999999811
168753, 20058.1250,  3, 293.36, 23.32999999999811
168761, 20058.9550,  3, 280.61, 24.075000000000728
168775, 20060.4150,  3, 269.47, 25.534999999999854
168821, 20065.2050,  3, 247.95, 30.36999999999898
168978, 20092.6950,  3, 288.05, 16.17000000000189
169001, 20095.0900,  3, 277.70, 18.56499999999869
169009, 20095.9250,  3, 272.31, 19.450000000000728
169015, 20096.5500,  3, 262.64, 20.06999999999971
169052, 20100.4000,  3, 263.10, 23.94499999999971
169067, 20101.9650,  3, 284.59, 25.49499999999898
169115, 20106.9650,  3, 220.78, 30.470000000001164
169129, 20108.4250,  3, 176.13, 31.955000000001746
169278, 20135.1750,  3, 292.09, 15.344999999997526
169293, 20136.7350,  3, 260.82, 16.950000000000728
169307, 20138.1950,  3, 257.95, 18.36999999999898
169314, 20138.9250,  3, 262.91, 19.1349999999984
169350, 20142.6750,  3, 287.93, 22.904999999998836
169351, 20142.7750,  3, 279.33, 23.0
169355, 20143.1950,  3, 244.24, 23.419999999998254
169396, 20147.4650,  3, 258.69, 27.700000000000728
169540, 20173.7150,  3, 288.41, 14.799999999999272
169575, 20177.3600,  3, 294.18, 18.525000000001455
169584, 20178.3000,  3, 257.40, 19.43000000000029
169584, 20178.3000,  3, 287.98, 19.404999999998836
169585, 20178.4000,  3, 251.31, 19.56000000000131
169607, 20180.6950,  3, 271.01, 21.854999999999563
169609, 20180.9000,  3, 275.73, 22.0
169612, 20181.2150,  3, 304.16, 22.349999999998545
169767, 20208.5900,  3, 308.25, 16.034999999999854
169767, 20208.5900,  3, 276.08, 15.955000000001746
169770, 20208.9000,  3, 279.17, 16.299999999999272
169779, 20209.8400,  3, 290.54, 17.209999999999127
169789, 20210.8800,  3, 315.16, 18.29500000000189
169804, 20212.4450,  3, 309.18, 19.840000000000146
169808, 20212.8600,  3, 273.73, 20.299999999999272
169849, 20217.1300,  3, 277.44, 24.575000000000728
170000, 20243.9350,  3, 311.60, 15.580000000001746
170006, 20244.5600,  3, 287.19, 16.18500000000131
170022, 20246.2300,  3, 324.96, 17.890000000003056
170026, 20246.6450,  3, 282.19, 18.25500000000102
170036, 20247.6850,  3, 271.13, 19.335000000002765
170038, 20247.8950,  3, 269.74, 19.534999999999854
170056, 20249.7700,  3, 268.88, 21.395000000000437
170078, 20252.0600,  3, 276.87, 23.659999999999854
170232, 20279.3750,  3, 286.39, 15.924999999999272
170250, 20281.2500,  3, 307.34, 17.734999999996944
170252, 20281.4550,  3, 279.96, 18.0
170287, 20285.1050,  3, 299.66, 21.57999999999811
170288, 20285.2050,  3, 271.18, 21.69499999999971
170289, 20285.3100,  3, 265.77, 21.770000000000437
170308, 20287.2900,  3, 287.88, 23.75499999999738
170396, 20296.4550,  3, 262.79, 32.99499999999898
170534, 20323.0250,  3, 300.55, 14.220000000001164
170560, 20325.7350,  3, 289.97, 16.94000000000233
170570, 20326.7750,  3, 290.42, 17.965000000000146
170572, 20326.9850,  3, 304.08, 18.125
170580, 20327.8200,  3, 304.78, 19.030000000002474
170598, 20329.6950,  3, 285.66, 20.93000000000029
170611, 20331.0500,  3, 244.49, 22.265000000003056
170623, 20332.3000,  3, 226.05, 23.4900000000016
170779, 20359.5600,  3, 284.87, 16.090000000000146
170783, 20359.9800,  3, 277.58, 16.5
170796, 20361.3300,  3, 289.34, 17.875
170821, 20363.9350,  3, 297.68, 20.445000000003347
170831, 20364.9800,  3, 248.81, 21.49500000000262
170832, 20365.0800,  3, 260.64, 21.6050000000032
170862, 20368.2050,  3, 231.53, 24.68500000000131
170919, 20374.1450,  3, 244.14, 30.63000000000102
171054, 20399.3450,  3, 303.15, 13.924999999999272
171055, 20399.4500,  3, 283.62, 14.010000000002037
171055, 20399.4500,  3, 286.75, 13.970000000001164
171070, 20401.0150,  3, 323.05, 15.529999999998836
171079, 20401.9500,  3, 292.04, 16.479999999999563
171079, 20401.9500,  3, 294.91, 16.479999999999563
171098, 20403.9300,  3, 255.68, 18.485000000000582
171175, 20411.9500,  3, 268.19, 26.5
171324, 20438.6050,  1, -183.89, 15.419999999998254
171324, 20438.6050,  1, -188.56, 15.419999999998254
171325, 20438.7050,  3, 296.03, 15.474999999998545
171326, 20438.8100,  3, 299.04, 15.619999999998981
171331, 20439.3300,  3, 302.99, 16.05999999999767
171334, 20439.6450,  3, 272.48, 16.43999999999869
171339, 20440.1650,  3, 279.36, 16.969999999997526
171342, 20440.4800,  3, 302.88, 17.219999999997526
171519, 20470.0400,  3, 266.38, 18.30500000000029
171524, 20470.5600,  3, 278.34, 18.825000000000728
171525, 20470.6650,  3, 301.50, 18.93500000000131
171527, 20470.8750,  3, 251.26, 19.075000000000728
171531, 20471.2900,  3, 277.59, 19.534999999999854
171537, 20471.9150,  3, 269.78, 20.110000000000582
171623, 20480.8750,  1, -264.90, 29.165000000000873
171623, 20480.8750,  1, -230.99, 29.165000000000873
171741, 20505.2700,  3, 315.22, 12.039999999997235
171760, 20507.2500,  3, 300.18, 13.994999999998981
171765, 20507.7700,  3, 282.45, 14.5099999999984
171771, 20508.3950,  3, 280.77, 15.109999999996944
171792, 20510.5800,  3, 257.66, 17.30500000000029
171809, 20512.3550,  3, 250.18, 19.06999999999971
171895, 20521.3100,  3, 256.26, 28.06999999999971
171956, 20527.6650,  3, 193.00, 34.44999999999709
172081, 20552.7350,  1, -162.96, 12.915000000000873
172081, 20552.7350,  1, -172.54, 12.915000000000873
172109, 20555.6500,  3, 278.61, 15.81499999999869
172124, 20557.2150,  3, 313.08, 17.29500000000189
172137, 20558.5700,  3, 270.12, 18.74499999999898
172142, 20559.0900,  3, 266.82, 19.24499999999898
172213, 20566.4850,  3, 201.90, 26.599999999998545
172241, 20569.4000,  3, 224.33, 29.549999999999272
172395, 20596.5350,  3, 282.10, 15.909999999999854
172408, 20597.8900,  3, 319.86, 17.225000000002183
172420, 20599.1400,  3, 292.08, 18.510000000002037
172424, 20599.5550,  3, 310.77, 18.92000000000189
172426, 20599.7650,  3, 275.59, 19.100000000002183
172434, 20600.5950,  3, 258.96, 19.93500000000131
172512, 20608.7200,  3, 252.70, 28.04500000000189
172520, 20609.5550,  3, 241.75, 28.93000000000029
172601, 20629.0550,  1, -186.45, 8.334999999999127
172601, 20629.0550,  1, -119.69, 8.334999999999127
172603, 20629.2650,  1, -171.47, 8.544999999998254
172603, 20629.2650,  1, -148.66, 8.544999999998254
172714, 20640.8250,  3, 287.51, 20.06499999999869
172717, 20641.1400,  3, 257.57, 20.32999999999811
172790, 20648.7400,  3, 215.23, 27.94999999999709
172799, 20649.6800,  3, 265.41, 28.86999999999898
172953, 20677.6800,  3, 268.13, 15.834999999999127
172985, 20681.0150,  3, 258.78, 19.25499999999738
173025, 20685.1800,  3, 260.84, 23.334999999999127
173054, 20688.2000,  3, 226.75, 26.414999999997235
173120, 20695.0750,  3, 193.65, 33.27499999999782
173131, 20696.2200,  3, 216.74, 34.42999999999665
173158, 20699.0350,  3, 214.78, 37.26499999999942
173230, 20706.5350,  3, 150.43, 44.789999999997235
173385, 20734.6450,  3, 286.35, 16.029999999998836
173401, 20736.3100,  3, 250.09, 17.645000000000437
173407, 20736.9350,  3, 285.14, 18.275000000001455
173475, 20744.0200,  3, 248.37, 25.360000000000582
173477, 20744.2300,  3, 257.13, 25.55500000000029
173500, 20746.6250,  3, 259.00, 27.93500000000131
173520, 20748.7050,  3, 269.17, 30.05500000000029
173620, 20759.1250,  1, -355.69, 40.52000000000044
173691, 20777.7650,  1, -163.09, 7.18999999999869
173691, 20777.7650,  1, -158.73, 7.18999999999869
173761, 20785.0550,  3, 298.90, 14.424999999999272
173784, 20787.4500,  3, 259.07, 16.834999999999127
173801, 20789.2200,  3, 307.60, 18.639999999999418
173802, 20789.3250,  3, 240.31, 18.729999999999563
173808, 20789.9500,  3, 242.79, 19.32999999999811
173835, 20792.7650,  3, 220.54, 22.094999999997526
173979, 20819.6150,  3, 310.88, 14.81499999999869
173982, 20819.9300,  3, 305.37, 15.18999999999869
173986, 20820.3450,  3, 288.95, 15.529999999998836
173998, 20821.5950,  3, 269.49, 16.82499999999709
173999, 20821.7000,  3, 294.87, 16.875
174001, 20821.9100,  3, 287.30, 17.090000000000146
174017, 20823.5750,  3, 305.60, 18.80500000000029
174029, 20824.8250,  3, 218.37, 20.05500000000029
174165, 20851.1050,  3, 299.03, 13.99500000000262
174194, 20854.1250,  3, 267.59, 17.00500000000102
174208, 20855.5800,  3, 294.74, 18.460000000002765
174209, 20855.6850,  3, 268.00, 18.56000000000131
174211, 20855.8950,  3, 287.15, 18.830000000001746
174211, 20855.8950,  3, 285.27, 18.760000000002037
174249, 20859.8550,  3, 238.22, 22.720000000001164
174249, 20859.8550,  3, 236.90, 22.790000000000873
174404, 20887.2050,  1, -184.00, 16.035000000003492
174409, 20887.7300,  3, 258.10, 16.55000000000291
174441, 20891.0600,  3, 259.01, 19.840000000000146
174462, 20893.2500,  3, 266.16, 22.025000000001455
174463, 20893.3550,  3, 202.00, 22.145000000000437
174534, 20900.7500,  3, 264.26, 29.535000000003492
174566, 20904.0800,  3, 256.25, 32.82500000000073
174697, 20917.7300,  3, 198.05, 46.470000000001164
174797, 20939.2350,  1, -223.56, 10.31000000000131
174797, 20939.2350,  1, -128.95, 10.31000000000131
174844, 20944.1300,  3, 268.91, 15.174999999999272
174852, 20944.9650,  3, 269.81, 15.9900000000016
174857, 20945.4850,  3, 262.57, 16.470000000001164
174872, 20947.0500,  3, 277.00, 18.084999999999127
174911, 20951.1100,  3, 227.88, 22.104999999999563
174926, 20952.6750,  3, 195.27, 23.650000000001455
175056, 20977.5000,  3, 295.09, 13.354999999999563
175076, 20979.5800,  3, 271.26, 15.465000000000146
175120, 20984.1650,  3, 282.83, 20.05999999999767
175132, 20985.4150,  3, 224.66, 21.344999999997526
175148, 20987.0800,  3, 224.47, 22.989999999997963
175151, 20987.3950,  3, 265.12, 23.30999999999767
175155, 20987.8100,  3, 231.83, 23.68999999999869
175175, 20989.8950,  3, 227.39, 25.75499999999738
175297, 21013.5950,  3, 298.06, 12.505000000001019
175307, 21014.6400,  3, 293.93, 13.56000000000131
175321, 21016.0950,  3, 272.81, 15.085000000002765
175322, 21016.2000,  3, 294.17, 15.18500000000131
175325, 21016.5150,  3, 291.48, 15.444999999999709
175332, 21017.2400,  3, 297.85, 16.19499999999971
175340, 21018.0750,  3, 286.60, 17.049999999999272
175340, 21018.0750,  3, 276.21, 17.034999999999854
175487, 21044.6400,  1, -232.77, 15.209999999999127
175493, 21045.2650,  3, 275.86, 15.819999999999709
175502, 21046.2000,  3, 263.39, 16.69499999999971
175509, 21046.9300,  3, 261.41, 17.45499999999811
175544, 21050.5750,  3, 218.27, 21.06499999999869
175545, 21050.6800,  3, 271.76, 21.20499999999811
175557, 21051.9300,  3, 256.62, 22.459999999999127
175588, 21055.1600,  3, 256.29, 25.709999999999127
175700, 21077.9450,  3, 321.35, 11.520000000000437
175735, 21081.5900,  3, 268.95, 15.165000000000873
175742, 21082.3200,  3, 268.57, 15.885000000002037
175742, 21082.3200,  3, 306.79, 15.92500000000291
175765, 21084.7150,  3, 288.92, 18.325000000000728
175774, 21085.6500,  3, 287.76, 19.205000000001746
175781, 21086.3800,  3, 268.09, 19.915000000000873
175783, 21086.5900,  3, 267.53, 20.12000000000262
175921, 21112.0900,  3, 298.89, 14.229999999999563
175941, 21114.1750,  3, 264.85, 16.279999999998836
175948, 21114.9000,  3, 278.01, 17.034999999999854
175957, 21115.8400,  3, 264.11, 18.0
175962, 21116.3600,  3, 240.25, 18.4900000000016
175969, 21117.0900,  3, 282.51, 19.220000000001164
176006, 21120.9450,  3, 300.61, 23.095000000001164
176045, 21125.0050,  3, 194.62, 27.1150000000016
176105, 21142.3300,  1, -124.26, 6.145000000000437
176105, 21142.3300,  1, -161.56, 6.145000000000437
176107, 21142.5400,  1, -159.83, 6.354999999999563
176107, 21142.5400,  1, -162.04, 6.354999999999563
176195, 21151.7050,  3, 271.57, 15.469999999997526
176207, 21152.9550,  3, 253.82, 16.669999999998254
176277, 21160.2500,  3, 184.88, 24.039999999997235
176318, 21164.5200,  3, 201.98, 28.274999999997817
176425, 21186.8250,  3, 301.27, 10.950000000000728
176456, 21190.0550,  3, 290.40, 14.220000000001164
176468, 21191.3050,  3, 287.86, 15.4900000000016
176469, 21191.4100,  3, 259.17, 15.584999999999127
176470, 21191.5150,  3, 277.00, 15.694999999999709
176477, 21192.2400,  3, 269.59, 16.354999999999563
176490, 21193.5950,  3, 268.07, 17.720000000001164
176501, 21194.7400,  3, 245.89, 18.854999999999563
176592, 21215.3450,  1, -198.30, 9.37000000000262
176597, 21215.8650,  1, -149.48, 9.890000000003056
176637, 21220.0350,  3, 317.57, 14.020000000000437
176638, 21220.1400,  3, 295.26, 14.105000000003201
176650, 21221.3900,  3, 283.42, 15.360000000000582
176657, 21222.1150,  3, 278.96, 16.1150000000016
176661, 21222.5350,  3, 267.13, 16.485000000000582
176689, 21225.4500,  3, 262.52, 19.38000000000102
176799, 21249.1750,  3, 305.04, 11.270000000000437
176828, 21252.1950,  3, 271.32, 14.369999999998981
176830, 21252.4000,  3, 279.30, 14.520000000000437
176836, 21253.0250,  3, 246.63, 15.110000000000582
176836, 21253.0250,  3, 264.15, 15.150000000001455
176849, 21254.3800,  3, 267.00, 16.50500000000102
176864, 21255.9450,  3, 251.52, 18.049999999999272
176866, 21256.1500,  3, 271.70, 18.229999999999563
176928, 21273.7300,  1, -145.87, 6.354999999999563
176928, 21273.7300,  1, -163.81, 6.354999999999563
176975, 21278.6250,  1, -219.31, 11.25
176996, 21280.8100,  3, 301.98, 13.334999999999127
177002, 21281.4350,  3, 296.82, 14.034999999999854
177002, 21281.4350,  3, 286.67, 14.0
177018, 21283.1050,  3, 295.01, 15.68500000000131
177027, 21284.0400,  3, 257.66, 16.580000000001746
177143, 21307.5500,  3, 300.36, 11.895000000000437
177145, 21307.7550,  3, 266.36, 12.145000000000437
177163, 21309.6300,  3, 299.36, 13.959999999999127
177171, 21310.4650,  3, 280.42, 14.885000000002037
177171, 21310.4650,  3, 297.35, 14.834999999999127
177185, 21311.9250,  3, 258.83, 16.290000000000873
177204, 21313.9000,  3, 244.57, 18.29500000000189
177205, 21314.0050,  3, 270.98, 18.404999999998836
177339, 21339.0750,  3, 303.19, 13.844999999997526
177349, 21340.1150,  3, 281.28, 14.794999999998254
177355, 21340.7400,  3, 269.14, 15.465000000000146
177364, 21341.6800,  3, 298.45, 16.44999999999709
177365, 21341.7850,  3, 259.37, 16.539999999997235
177367, 21341.9900,  3, 234.19, 16.75499999999738
177382, 21343.5550,  3, 235.93, 18.31499999999869
177405, 21345.9500,  3, 281.88, 20.6349999999984
177530, 21370.0950,  3, 287.84, 12.840000000000146
177537, 21370.8250,  3, 289.09, 13.610000000000582
177544, 21371.5550,  3, 288.89, 14.275000000001455
177550, 21372.1800,  3, 280.43, 14.944999999999709
177553, 21372.4900,  3, 290.43, 15.224999999998545
177559, 21373.1150,  3, 282.45, 15.845000000001164
177608, 21378.2200,  3, 272.51, 20.985000000000582
177642, 21381.7650,  3, 222.51, 24.5
177765, 21405.6500,  3, 286.31, 12.635000000002037
177796, 21408.8800,  3, 277.65, 15.915000000000873
177799, 21409.1950,  3, 273.25, 16.19499999999971
177800, 21409.3000,  3, 257.61, 16.29500000000189
177803, 21409.6100,  3, 282.44, 16.604999999999563
177807, 21410.0250,  3, 296.78, 17.029999999998836
177808, 21410.1300,  3, 270.37, 17.17000000000189
177815, 21410.8600,  3, 269.12, 17.88000000000102
177955, 21436.7200,  3, 281.34, 14.44999999999709
177955, 21436.7200,  3, 262.58, 14.419999999998254
177979, 21439.2200,  3, 255.05, 16.919999999998254
177980, 21439.3250,  3, 257.03, 17.014999999999418
177982, 21439.5350,  3, 242.60, 17.25
177985, 21439.8450,  3, 244.96, 17.529999999998836
177987, 21440.0550,  3, 257.20, 17.739999999997963
178015, 21442.9700,  3, 281.34, 20.679999999996653
178143, 21467.4550,  3, 276.98, 13.139999999999418
178153, 21468.5000,  3, 286.61, 14.244999999998981
178154, 21468.6050,  3, 282.94, 14.31499999999869
178158, 21469.0200,  3, 307.07, 14.68500000000131
178174, 21470.6850,  3, 249.51, 16.400000000001455
178175, 21470.7900,  3, 277.44, 16.540000000000873
178182, 21471.5200,  3, 281.40, 17.220000000001164
178208, 21474.2300,  3, 232.58, 19.93000000000029
178326, 21497.7550,  3, 293.04, 12.130000000001019
178329, 21498.0700,  3, 306.91, 12.420000000001892
178331, 21498.2750,  3, 298.61, 12.694999999999709
178335, 21498.6950,  3, 295.66, 13.099999999998545
178336, 21498.8000,  3, 290.01, 13.224999999998545
178348, 21500.0500,  3, 268.80, 14.375
178350, 21500.2550,  3, 279.49, 14.590000000000146
178353, 21500.5700,  3, 284.73, 14.920000000001892
178495, 21526.4300,  3, 250.10, 14.669999999998254
178498, 21526.7400,  3, 274.05, 14.94999999999709
178505, 21527.4700,  3, 261.81, 15.639999999999418
178509, 21527.8900,  3, 253.96, 16.104999999999563
178512, 21528.2000,  3, 274.52, 16.45499999999811
178538, 21530.9100,  3, 244.23, 19.159999999999854
178547, 21531.8450,  3, 234.78, 20.094999999997526
178557, 21532.8900,  3, 240.04, 21.049999999999272
178691, 21557.8450,  3, 267.59, 13.81499999999869
178704, 21559.2000,  3, 276.25, 15.169999999998254
178709, 21559.7200,  3, 284.45, 15.639999999999418
178715, 21560.3450,  3, 281.42, 16.264999999999418
178725, 21561.3900,  3, 287.53, 17.375
178728, 21561.7000,  3, 258.30, 17.6449999999968
178736, 21562.5350,  3, 245.22, 18.529999999998836
178767, 21565.7650,  3, 235.63, 21.719999999997526
178910, 21591.7850,  3, 296.40, 14.764999999999418
178917, 21592.5150,  3, 273.91, 15.5
178921, 21592.9300,  3, 277.64, 15.850000000002183
178926, 21593.4500,  3, 268.47, 16.38000000000102
178937, 21594.5950,  3, 266.58, 17.534999999999854
178937, 21594.5950,  3, 186.52, 17.56500000000233
178955, 21596.4700,  3, 232.51, 19.460000000002765
178989, 21600.0150,  3, 245.02, 22.950000000000728
179117, 21624.4350,  3, 289.23, 13.18500000000131
179139, 21626.7300,  3, 280.43, 15.49500000000262
179142, 21627.0400,  3, 264.42, 15.805000000000291
179148, 21627.6650,  3, 251.26, 16.405000000002474
179155, 21628.3950,  3, 271.42, 17.139999999999418
179158, 21628.7050,  3, 291.49, 17.4900000000016
179200, 21633.0800,  3, 246.21, 21.8650000000016
179227, 21635.8950,  3, 233.27, 24.610000000000582
179368, 21662.5250,  3, 281.09, 14.569999999999709
179370, 21662.7350,  3, 311.05, 14.784999999999854
179372, 21662.9450,  3, 279.30, 14.93500000000131
179372, 21662.9450,  3, 274.94, 14.900000000001455
179380, 21663.7750,  3, 280.75, 15.805000000000291
179382, 21663.9850,  3, 300.16, 15.944999999999709
179390, 21664.8200,  3, 269.89, 16.849999999998545
179394, 21665.2350,  3, 273.61, 17.200000000000728
179521, 21689.7150,  3, 302.73, 13.119999999998981
179529, 21690.5500,  3, 283.79, 13.924999999999272
179544, 21692.1100,  3, 296.89, 15.474999999998545
179552, 21692.9450,  3, 280.37, 16.25500000000102
179554, 21693.1500,  3, 264.02, 16.520000000000437
179555, 21693.2550,  3, 267.63, 16.659999999999854
179564, 21694.1950,  3, 279.20, 17.55500000000029
179581, 21695.9650,  3, 254.49, 19.290000000000873
179699, 21719.3550,  3, 271.19, 12.100000000002183
179725, 21722.0600,  3, 250.07, 14.845000000001164
179736, 21723.2050,  3, 277.75, 16.015000000003056
179738, 21723.4150,  3, 295.63, 16.160000000003492
179738, 21723.4150,  3, 258.85, 16.225000000002183
179745, 21724.1450,  3, 249.96, 16.910000000003492
179754, 21725.0800,  3, 244.59, 17.845000000001164
179764, 21726.1250,  3, 284.46, 18.895000000000437
179897, 21750.9700,  3, 269.29, 13.700000000000728
179904, 21751.7000,  3, 274.56, 14.375
179908, 21752.1150,  3, 258.06, 14.8650000000016
179915, 21752.8450,  3, 285.72, 15.575000000000728
179928, 21754.2000,  3, 272.43, 16.92000000000189
179943, 21755.7650,  3, 280.06, 18.455000000001746
179945, 21755.9700,  3, 244.76, 18.67500000000291
179947, 21756.1800,  3, 249.06, 18.875
180069, 21779.9850,  3, 254.68, 12.594999999997526
180084, 21781.5500,  3, 313.32, 14.075000000000728
180095, 21782.6950,  3, 242.95, 15.244999999998981
180099, 21783.1100,  3, 272.63, 15.704999999998108
180103, 21783.5250,  3, 252.30, 16.084999999999127
180103, 21783.5250,  3, 250.53, 16.104999999999563
180127, 21786.0250,  3, 256.94, 18.625
180135, 21786.8600,  3, 306.44, 19.474999999998545
180260, 21811.1800,  3, 267.93, 12.825000000000728
180272, 21812.4300,  3, 301.58, 14.130000000001019
180293, 21814.6150,  3, 280.11, 16.31000000000131
180298, 21815.1400,  3, 258.34, 16.850000000002183
180313, 21816.7000,  3, 270.32, 18.385000000002037
180316, 21817.0150,  3, 246.88, 18.725000000002183
180329, 21818.3650,  3, 247.63, 20.040000000000873
180331, 21818.5750,  3, 199.33, 20.220000000001164
180449, 21841.9450,  3, 291.34, 12.125
180478, 21844.9650,  3, 265.58, 15.154999999998836
180482, 21845.3800,  3, 277.53, 15.534999999999854
180489, 21846.1100,  3, 262.01, 16.264999999999418
180490, 21846.2150,  3, 286.14, 16.354999999999563
180502, 21847.4650,  3, 262.15, 17.700000000000728
180506, 21847.8800,  3, 281.00, 18.049999999999272
180508, 21848.0900,  3, 263.86, 18.235000000000582
180638, 21872.5500,  3, 310.54, 13.404999999998836
180639, 21872.6500,  3, 300.17, 13.479999999999563
180655, 21874.3200,  3, 297.83, 15.154999999998836
180665, 21875.3600,  3, 269.74, 16.169999999998254
180670, 21875.8800,  3, 273.13, 16.68499999999767
180672, 21876.0900,  3, 256.32, 16.970000000001164
180684, 21877.3400,  3, 236.42, 18.200000000000728
180694, 21878.3800,  3, 249.42, 19.25500000000102
180827, 21903.3300,  3, 313.31, 13.679999999996653
180836, 21904.2700,  3, 305.23, 14.589999999996508
180838, 21904.4800,  3, 274.10, 14.864999999997963
180848, 21905.5200,  3, 264.90, 15.924999999999272
180850, 21905.7300,  3, 265.17, 16.125
180852, 21905.9350,  3, 255.54, 16.279999999998836
180856, 21906.3550,  3, 263.50, 16.68999999999869
180882, 21909.0600,  3, 234.62, 19.3849999999984
181012, 21933.8200,  3, 293.75, 13.409999999999854
181024, 21935.0700,  3, 282.90, 14.6349999999984
181028, 21935.4850,  3, 296.78, 15.014999999999418
181031, 21935.8000,  3, 268.75, 15.375
181033, 21936.0050,  3, 279.97, 15.584999999999127
181033, 21936.0050,  3, 268.00, 15.544999999998254
181054, 21938.1950,  3, 277.72, 17.75499999999738
181074, 21940.2750,  3, 253.05, 19.81999999999971
181208, 21965.4250,  3, 282.72, 13.845000000001164
181227, 21967.4000,  3, 263.58, 15.7400000000016
181235, 21968.2350,  3, 274.67, 16.635000000002037
181235, 21968.2350,  3, 268.89, 16.6150000000016
181238, 21968.5500,  3, 251.31, 16.885000000002037
181263, 21971.1500,  3, 262.55, 19.56000000000131
181264, 21971.2550,  3, 262.23, 19.625
181329, 21978.0250,  3, 229.77, 26.38000000000102
181467, 22003.6500,  3, 293.41, 14.184999999997672
181473, 22004.2750,  3, 287.32, 14.81499999999869
181478, 22004.8000,  3, 280.07, 15.329999999998108
181478, 22004.8000,  3, 245.49, 15.404999999998836
181480, 22005.0050,  3, 283.21, 15.559999999997672
181488, 22005.8400,  3, 243.39, 16.360000000000582
181489, 22005.9450,  3, 281.87, 16.55500000000029
181490, 22006.0500,  3, 268.04, 16.654999999998836
181626, 22031.4350,  3, 290.73, 13.9900000000016
181646, 22033.5200,  3, 288.27, 16.125
181655, 22034.4550,  3, 272.45, 17.034999999999854
181663, 22035.2900,  3, 296.40, 17.81000000000131
181669, 22035.9150,  3, 284.52, 18.520000000000437
181690, 22038.1050,  3, 256.40, 20.720000000001164
181754, 22044.7700,  3, 275.67, 27.299999999999272
181760, 22045.3950,  3, 228.80, 27.979999999999563
181895, 22070.5500,  3, 320.23, 13.875
181905, 22071.5900,  3, 254.64, 14.950000000000728
181909, 22072.0050,  3, 268.45, 15.31000000000131
181913, 22072.4250,  3, 276.45, 15.7599999999984
181918, 22072.9450,  3, 288.36, 16.25500000000102
181920, 22073.1500,  3, 274.96, 16.544999999998254
181921, 22073.2550,  3, 267.20, 16.645000000000437
181945, 22075.7550,  3, 242.43, 19.07999999999811
182085, 22102.2900,  3, 263.32, 14.430000000000291
182089, 22102.7050,  3, 302.23, 14.8849999999984
182096, 22103.4350,  3, 288.31, 15.579999999998108
182102, 22104.0600,  3, 278.40, 16.18499999999767
182136, 22107.6050,  3, 239.97, 19.789999999997235
182163, 22110.4150,  3, 227.22, 22.55500000000029
182191, 22113.3300,  3, 219.30, 25.44499999999971
182223, 22116.6650,  3, 174.98, 28.82499999999709
182362, 22142.3650,  3, 277.54, 14.270000000000437
182380, 22144.2400,  3, 291.06, 16.225000000002183
182381, 22144.3450,  3, 270.43, 16.345000000001164
182382, 22144.4500,  3, 263.22, 16.3650000000016
182387, 22144.9700,  3, 247.23, 16.889999999999418
182406, 22146.9500,  3, 295.43, 18.92000000000189
182409, 22147.2650,  3, 243.02, 19.165000000000873
182437, 22150.1800,  3, 220.64, 22.18000000000029
182585, 22176.8450,  3, 274.35, 15.209999999999127
182592, 22177.5750,  3, 253.22, 15.955000000001746
182597, 22178.0950,  3, 280.46, 16.54500000000189
182602, 22178.6150,  3, 294.44, 17.025000000001455
182654, 22184.0350,  3, 254.35, 22.485000000000582
182665, 22185.1800,  3, 226.71, 23.639999999999418
182666, 22185.2850,  3, 235.18, 23.67000000000189
182716, 22190.4900,  3, 233.59, 28.860000000000582
182850, 22215.4850,  3, 250.83, 13.784999999999854
182852, 22215.6950,  3, 279.07, 13.965000000000146
182855, 22216.0050,  3, 293.65, 14.289999999997235
182855, 22216.0050,  3, 274.14, 14.344999999997526
182859, 22216.4250,  3, 250.91, 14.789999999997235
182872, 22217.7750,  3, 264.77, 16.11999999999898
182877, 22218.3000,  3, 302.07, 16.584999999999127
182879, 22218.5050,  3, 287.01, 16.784999999999854
183021, 22244.3050,  3, 294.73, 14.649999999997817
183024, 22244.6150,  3, 287.81, 14.969999999997526
183025, 22244.7200,  3, 285.18, 15.094999999997526
183025, 22244.7200,  3, 249.81, 15.039999999997235
183029, 22245.1400,  3, 284.98, 15.424999999999272
183037, 22245.9700,  3, 280.02, 16.304999999996653
183047, 22247.0150,  3, 273.38, 17.37999999999738
183053, 22247.6400,  3, 232.03, 17.969999999997526
183178, 22271.9350,  3, 292.76, 12.829999999998108
183185, 22272.6650,  3, 279.26, 13.595000000001164
183198, 22274.0200,  3, 274.39, 14.944999999999709
183210, 22275.2700,  3, 263.89, 16.235000000000582
183221, 22276.4150,  3, 260.51, 17.30500000000029
183223, 22276.6250,  3, 282.54, 17.514999999999418
183225, 22276.8300,  3, 247.71, 17.735000000000582
183409, 22296.0000,  3, 178.79, 36.909999999999854
183532, 22319.9500,  3, 290.85, 12.700000000000728
183549, 22321.7200,  3, 301.17, 14.415000000000873
183551, 22321.9300,  3, 277.72, 14.674999999999272
183553, 22322.1400,  3, 285.77, 14.845000000001164
183557, 22322.5550,  3, 278.07, 15.2400000000016
183564, 22323.2850,  3, 281.65, 15.940000000002328
183568, 22323.7000,  3, 274.65, 16.354999999999563
183573, 22324.2200,  3, 278.06, 16.889999999999418
183702, 22348.9100,  3, 296.87, 13.279999999998836
183712, 22349.9500,  3, 287.78, 14.369999999998981
183720, 22350.7850,  3, 284.11, 15.145000000000437
183726, 22351.4100,  3, 279.82, 15.799999999999272
183754, 22354.3250,  3, 272.05, 18.74499999999898
183770, 22355.9900,  3, 269.31, 20.360000000000582
183785, 22357.5550,  3, 270.34, 21.965000000000146
183796, 22358.7000,  3, 229.37, 23.094999999997526
183930, 22383.6100,  3, 292.56, 13.809999999997672
183943, 22384.9650,  3, 287.96, 15.174999999999272
183943, 22384.9650,  3, 260.49, 15.145000000000437
183953, 22386.0050,  3, 289.11, 16.20499999999811
183953, 22386.0050,  3, 264.20, 16.18499999999767
183954, 22386.1100,  3, 268.56, 16.294999999998254
183958, 22386.5250,  3, 294.72, 16.75
184001, 22391.0050,  3, 295.46, 21.239999999997963
184149, 22417.5400,  3, 307.46, 15.215000000000146
184149, 22417.5400,  3, 269.16, 15.244999999998981
184151, 22417.7500,  3, 276.85, 15.475000000002183
184154, 22418.0600,  3, 286.23, 15.764999999999418
184156, 22418.2700,  3, 270.96, 15.985000000000582
184219, 22424.8300,  3, 258.00, 22.580000000001746
184235, 22426.5000,  3, 223.74, 24.260000000002037
184238, 22426.8100,  3, 217.42, 24.575000000000728
184376, 22453.2300,  3, 299.89, 14.229999999999563
184398, 22455.5200,  3, 270.71, 16.465000000000146
184399, 22455.6250,  3, 299.14, 16.575000000000728
184404, 22456.1450,  3, 275.34, 17.135000000002037
184423, 22458.1250,  3, 250.20, 19.06000000000131
184433, 22459.1650,  3, 236.38, 20.19499999999971
184469, 22462.9150,  3, 200.41, 23.93500000000131
184518, 22468.0200,  3, 170.01, 29.040000000000873
184638, 22491.6250,  3, 297.12, 12.354999999999563
184648, 22492.6650,  3, 301.81, 13.334999999999127
184649, 22492.7700,  3, 290.13, 13.470000000001164
184661, 22494.0200,  3, 291.32, 14.725000000002183
184667, 22494.6450,  3, 257.15, 15.354999999999563
184676, 22495.5800,  3, 302.25, 16.340000000000146
184678, 22495.7900,  3, 292.92, 16.479999999999563
184722, 22500.3750,  3, 270.42, 21.095000000001164
184832, 22524.9150,  3, 320.95, 11.270000000000437
184863, 22528.1450,  3, 307.98, 14.5099999999984
184865, 22528.3550,  3, 297.81, 14.7599999999984
184878, 22529.7050,  3, 286.36, 16.114999999997963
184886, 22530.5400,  3, 265.40, 16.909999999999854
184889, 22530.8550,  3, 264.55, 17.239999999997963
184892, 22531.1650,  3, 259.13, 17.529999999998836
184920, 22534.0800,  3, 238.84, 20.44999999999709
185046, 22558.2050,  3, 292.25, 12.940000000002328
185047, 22558.3100,  3, 310.42, 13.104999999999563
185053, 22558.9350,  3, 274.89, 13.640000000003056
185057, 22559.3550,  3, 272.90, 14.095000000001164
185060, 22559.6650,  3, 256.68, 14.375
185061, 22559.7700,  3, 293.05, 14.515000000003056
185102, 22564.0400,  3, 262.67, 18.75
185142, 22568.2050,  3, 205.32, 22.92000000000189
185277, 22593.3400,  3, 291.65, 13.899999999997817
185286, 22594.2750,  3, 278.22, 14.87999999999738
185287, 22594.3800,  3, 268.79, 14.899999999997817
185293, 22595.0050,  3, 270.10, 15.534999999999854
185297, 22595.4250,  3, 281.78, 15.985000000000582
185306, 22596.3600,  3, 247.95, 16.895000000000437
185307, 22596.4650,  3, 250.06, 17.034999999999854
185329, 22598.7550,  3, 260.87, 19.344999999997526
185464, 22623.9550,  3, 290.91, 13.93500000000131
185464, 22623.9550,  3, 304.62, 13.944999999999709
185466, 22624.1650,  3, 306.66, 14.1349999999984
185479, 22625.5200,  3, 289.99, 15.419999999998254
185483, 22625.9350,  3, 293.61, 15.840000000000146
185495, 22627.1850,  3, 270.68, 17.1150000000016
185522, 22630.0000,  3, 233.27, 19.93000000000029
185527, 22630.5200,  3, 295.22, 20.485000000000582
185658, 22655.3250,  3, 253.55, 13.4900000000016
185671, 22656.6800,  3, 260.99, 14.799999999999272
185678, 22657.4100,  3, 290.39, 15.56499999999869
185685, 22658.1400,  3, 259.32, 16.284999999999854
185701, 22659.8050,  3, 273.87, 17.99499999999898
185702, 22659.9100,  3, 246.93, 18.095000000001164
185750, 22664.9100,  3, 258.08, 23.11999999999898
185755, 22665.4300,  3, 242.67, 23.590000000000146
185888, 22690.5250,  3, 265.55, 13.684999999997672
185890, 22690.7350,  3, 293.05, 13.889999999999418
185902, 22691.9850,  3, 258.88, 15.154999999998836
185905, 22692.3000,  3, 307.30, 15.489999999997963
185924, 22694.2750,  3, 276.01, 17.484999999996944
185933, 22695.2150,  3, 273.10, 18.334999999999127
185979, 22700.0050,  3, 234.43, 23.12999999999738
185981, 22700.2150,  3, 234.89, 23.340000000000146
186125, 22726.4650,  3, 283.11, 14.845000000001164
186134, 22727.4000,  3, 295.41, 15.7400000000016
186138, 22727.8200,  3, 272.29, 16.229999999999563
186143, 22728.3400,  3, 267.54, 16.68999999999869
186150, 22729.0700,  3, 248.16, 17.404999999998836
186156, 22729.6950,  3, 261.48, 18.020000000000437
186168, 22730.9450,  3, 274.01, 19.31999999999971
186190, 22733.2350,  3, 254.42, 21.625
186329, 22758.9100,  3, 246.57, 14.279999999998836
186335, 22759.5350,  3, 307.87, 14.965000000000146
186336, 22759.6400,  3, 272.16, 15.045000000001892
186337, 22759.7400,  3, 269.30, 15.174999999999272
186339, 22759.9500,  3, 265.53, 15.345000000001164
186343, 22760.3650,  3, 276.51, 15.744999999998981
186347, 22760.7850,  3, 290.17, 16.165000000000873
186359, 22762.0350,  3, 266.87, 17.43999999999869
186495, 22788.3050,  3, 289.35, 14.010000000002037
186503, 22789.1400,  3, 294.34, 14.854999999999563
186504, 22789.2400,  3, 258.16, 14.985000000000582
186505, 22789.3450,  3, 260.45, 15.025000000001455
186512, 22790.0750,  3, 299.06, 15.790000000000873
186512, 22790.0750,  3, 278.34, 15.729999999999563
186533, 22792.2650,  3, 294.07, 17.924999999999272
186541, 22793.0950,  3, 233.90, 18.770000000000437
186689, 22819.5200,  3, 284.44, 15.209999999999127
186691, 22819.7300,  3, 257.99, 15.5
186699, 22820.5600,  3, 257.00, 16.31499999999869
186701, 22820.7700,  3, 293.43, 16.534999999999854
186709, 22821.6050,  3, 249.58, 17.349999999998545
186709, 22821.6050,  3, 267.76, 17.31499999999869
186772, 22828.1650,  3, 239.55, 23.875
186829, 22834.1050,  3, 208.38, 29.82499999999709
186962, 22858.9450,  3, 314.05, 13.650000000001455
186974, 22860.1950,  3, 272.61, 14.985000000000582
186978, 22860.6100,  3, 272.87, 15.330000000001746
186982, 22861.0250,  3, 268.66, 15.770000000000437
186992, 22862.0700,  3, 304.58, 16.81499999999869
187000, 22862.9000,  3, 263.41, 17.69499999999971
187021, 22865.0900,  3, 262.61, 19.81000000000131
187025, 22865.5050,  3, 276.44, 20.29500000000189
187169, 22892.4550,  3, 300.88, 14.864999999997963
187179, 22893.5000,  3, 256.36, 15.8849999999984
187182, 22893.8100,  3, 265.96, 16.18999999999869
187187, 22894.3300,  3, 315.37, 16.75
187224, 22898.1850,  3, 311.26, 20.590000000000146
187225, 22898.2900,  3, 255.55, 20.70499999999811
187231, 22898.9150,  3, 241.96, 21.334999999999127
187253, 22901.2050,  3, 258.14, 23.639999999999418
187379, 22925.3950,  3, 307.85, 12.985000000000582
187385, 22926.0200,  3, 275.94, 13.540000000000873
187395, 22927.0600,  3, 275.24, 14.590000000000146
187409, 22928.5200,  3, 250.60, 16.13000000000102
187410, 22928.6250,  3, 275.20, 16.205000000001746
187413, 22928.9350,  3, 275.48, 16.529999999998836
187418, 22929.4550,  3, 291.11, 16.979999999999563
187427, 22930.3950,  3, 243.84, 17.915000000000873
187566, 22955.9500,  3, 307.02, 14.334999999999127
187567, 22956.0550,  3, 308.36, 14.424999999999272
187569, 22956.2650,  3, 284.70, 14.674999999999272
187574, 22956.7850,  3, 264.28, 15.1349999999984
187583, 22957.7200,  3, 295.74, 16.044999999998254
187591, 22958.5550,  3, 263.68, 16.899999999997817
187601, 22959.5950,  3, 310.97, 17.93499999999767
187611, 22960.6400,  3, 249.05, 19.0
187750, 22986.3750,  3, 298.36, 14.334999999999127
187758, 22987.2050,  3, 293.85, 15.169999999998254
187760, 22987.4150,  3, 277.70, 15.400000000001455
187761, 22987.5200,  3, 271.97, 15.430000000000291
187765, 22987.9350,  3, 283.94, 15.869999999998981
187781, 22989.6050,  3, 280.05, 17.525000000001455
187791, 22990.6450,  3, 272.61, 18.610000000000582
187819, 22993.5600,  3, 243.35, 21.520000000000437
187958, 23019.1250,  3, 287.56, 14.360000000000582
187964, 23019.7500,  3, 293.53, 14.970000000001164
187966, 23019.9550,  3, 265.20, 15.174999999999272
187968, 23020.1650,  3, 272.83, 15.389999999999418
187969, 23020.2700,  3, 270.85, 15.470000000001164
187983, 23021.7300,  3, 273.01, 16.909999999999854
187987, 23022.1450,  3, 258.50, 17.340000000000146
187992, 23022.6650,  3, 280.23, 17.81499999999869
188131, 23048.2850,  3, 299.20, 14.270000000000437
188131, 23048.2850,  3, 306.12, 14.275000000001455
188134, 23048.5950,  3, 290.58, 14.590000000000146
188139, 23049.1150,  3, 309.06, 15.170000000001892
188139, 23049.1150,  3, 271.89, 15.18500000000131
188165, 23051.8250,  3, 276.40, 17.875
188167, 23052.0350,  3, 288.98, 18.1150000000016
188182, 23053.5950,  3, 246.69, 19.590000000000146
188314, 23078.3750,  3, 286.40, 13.639999999999418
188314, 23078.3750,  3, 277.91, 13.56499999999869
188328, 23079.8300,  3, 283.35, 15.075000000000728
188336, 23080.6650,  3, 268.77, 15.895000000000437
188343, 23081.3950,  3, 264.20, 16.610000000000582
188347, 23081.8100,  3, 227.39, 17.034999999999854
188348, 23081.9150,  3, 254.07, 17.13000000000102
188361, 23083.2700,  3, 287.44, 18.534999999999854
188449, 23103.6450,  1, -131.93, 9.06499999999869
188449, 23103.6450,  1, -197.96, 9.06499999999869
188469, 23105.7300,  3, 294.69, 11.099999999998545
188528, 23111.8750,  3, 249.21, 17.224999999998545
188529, 23111.9800,  3, 272.39, 17.3949999999968
188538, 23112.9150,  3, 253.33, 18.239999999997963
188546, 23113.7500,  3, 231.90, 19.06999999999971
188552, 23114.3750,  3, 255.42, 19.709999999999127
188687, 23139.5200,  3, 283.45, 13.850000000002183
188695, 23140.3550,  3, 305.98, 14.694999999999709
188699, 23140.7700,  3, 256.33, 15.125
188710, 23141.9150,  3, 269.05, 16.24500000000262
188719, 23142.8550,  3, 257.02, 17.210000000002765
188723, 23143.2700,  3, 271.13, 17.604999999999563
188726, 23143.5800,  3, 250.62, 17.93500000000131
188726, 23143.5800,  3, 253.99, 17.92500000000291
188859, 23168.5250,  3, 330.43, 13.684999999997672
188869, 23169.5700,  3, 280.18, 14.724999999998545
188870, 23169.6750,  3, 304.84, 14.819999999999709
188873, 23169.9850,  3, 267.84, 15.1349999999984
188880, 23170.7150,  3, 270.14, 15.924999999999272
188881, 23170.8200,  3, 272.76, 15.994999999998981
188884, 23171.1300,  3, 269.10, 16.30999999999767
188889, 23171.6500,  3, 300.34, 16.799999999999272
189011, 23195.5400,  3, 287.25, 12.579999999998108
189026, 23197.1050,  3, 287.15, 14.12999999999738
189034, 23197.9350,  3, 256.32, 14.944999999999709
189037, 23198.2500,  3, 282.96, 15.294999999998254
189046, 23199.1850,  3, 268.65, 16.19999999999709
189048, 23199.3950,  3, 261.44, 16.419999999998254
189048, 23199.3950,  3, 270.87, 16.359999999996944
189060, 23200.6450,  3, 271.84, 17.68000000000029
189189, 23225.2700,  3, 306.47, 13.24500000000262
189197, 23226.1050,  3, 278.85, 14.130000000001019
189201, 23226.5200,  3, 288.77, 14.5
189203, 23226.7300,  3, 277.51, 14.700000000000728
189209, 23227.3550,  3, 274.84, 15.335000000002765
189225, 23229.0200,  3, 276.72, 17.075000000000728
189228, 23229.3300,  3, 287.20, 17.350000000002183
189275, 23234.2300,  3, 258.82, 22.225000000002183
189396, 23258.0750,  3, 310.45, 12.444999999999709
189413, 23259.8450,  3, 288.33, 14.239999999997963
189417, 23260.2650,  3, 320.70, 14.590000000000146
189417, 23260.2650,  3, 310.07, 14.590000000000146
189419, 23260.4700,  3, 312.19, 14.799999999999272
189420, 23260.5750,  3, 293.19, 14.969999999997526
189426, 23261.2000,  3, 296.02, 15.594999999997526
189461, 23264.8450,  3, 274.47, 19.215000000000146
189585, 23288.9300,  3, 285.12, 12.735000000000582
189602, 23290.7000,  3, 303.99, 14.534999999999854
189605, 23291.0150,  3, 289.75, 14.795000000001892
189607, 23291.2200,  3, 263.48, 15.034999999999854
189627, 23293.3050,  3, 271.82, 17.110000000000582
189628, 23293.4100,  3, 254.47, 17.280000000002474
189639, 23294.5550,  3, 264.86, 18.400000000001455
189653, 23296.0150,  3, 262.16, 19.860000000000582
189761, 23319.3000,  3, 308.22, 11.100000000002183
189772, 23320.4450,  3, 306.04, 12.225000000002183
189786, 23321.9000,  3, 296.34, 13.670000000001892
189787, 23322.0050,  3, 263.34, 13.819999999999709
189795, 23322.8400,  3, 288.02, 14.659999999999854
189799, 23323.2550,  3, 273.10, 15.065000000002328
189808, 23324.1950,  3, 276.35, 15.965000000000146
189823, 23325.7550,  3, 296.68, 17.540000000000873
189962, 23351.3300,  3, 299.49, 14.354999999999563
189962, 23351.3300,  3, 326.63, 14.31499999999869
189974, 23352.5800,  3, 257.79, 15.579999999998108
189976, 23352.7900,  3, 282.71, 15.794999999998254
189976, 23352.7900,  3, 278.17, 15.769999999996799
189977, 23352.8950,  3, 287.01, 15.839999999996508
189989, 23354.1450,  3, 268.15, 17.1449999999968
189997, 23354.9800,  3, 316.32, 17.93499999999767
190103, 23377.0900,  3, 307.10, 10.909999999999854
190149, 23381.8800,  3, 275.13, 15.68500000000131
190154, 23382.4000,  3, 267.57, 16.155000000002474
190156, 23382.6100,  3, 294.47, 16.43000000000029
190162, 23383.2350,  3, 272.23, 16.979999999999563
190164, 23383.4450,  3, 265.63, 17.19000000000233
190174, 23384.4850,  3, 264.00, 18.235000000000582
190185, 23385.6300,  3, 243.81, 19.42000000000189
190330, 23411.9900,  3, 274.17, 14.929999999996653
190334, 23412.4100,  3, 270.11, 15.349999999998545
190335, 23412.5150,  3, 285.36, 15.459999999999127
190345, 23413.5550,  3, 253.59, 16.534999999999854
190352, 23414.2850,  3, 239.12, 17.219999999997526
190361, 23415.2200,  3, 249.58, 18.19499999999971
190371, 23416.2650,  3, 256.03, 19.209999999999127
190385, 23417.7200,  3, 270.79, 20.6449999999968
190499, 23440.5550,  3, 290.88, 11.729999999999563
190518, 23442.5350,  3, 318.96, 13.654999999998836
190525, 23443.2650,  3, 287.34, 14.400000000001455
190540, 23444.8250,  3, 263.55, 16.025000000001455
190542, 23445.0350,  3, 289.11, 16.224999999998545
190562, 23447.1150,  3, 265.43, 18.2599999999984
190791, 23470.9700,  3, 145.79, 42.14500000000044
190895, 23481.8050,  3, 93.13, 52.95999999999913
191054, 23509.4300,  3, 284.01, 16.37000000000262
191060, 23510.0550,  3, 273.32, 17.00500000000102
191064, 23510.4700,  3, 253.27, 17.485000000000582
191071, 23511.2000,  3, 262.16, 18.215000000000146
191071, 23511.2000,  3, 293.89, 18.125
191073, 23511.4100,  3, 282.81, 18.345000000001164
191107, 23514.9500,  3, 227.23, 21.895000000000437
191144, 23518.8050,  3, 239.57, 25.79500000000189
191285, 23544.5800,  3, 246.14, 14.485000000000582
191286, 23544.6850,  3, 282.94, 14.610000000000582
191290, 23545.1050,  3, 282.87, 15.0099999999984
191293, 23545.4150,  3, 304.23, 15.380000000001019
191310, 23547.1850,  3, 269.93, 17.1349999999984
191316, 23547.8100,  3, 241.83, 17.764999999999418
191325, 23548.7500,  3, 296.27, 18.659999999999854
191354, 23551.7700,  3, 243.54, 21.75
191477, 23575.7050,  3, 322.10, 12.610000000000582
191494, 23577.4800,  3, 257.91, 14.409999999999854
191499, 23578.0000,  3, 270.31, 14.979999999999563
191503, 23578.4150,  3, 280.74, 15.325000000000728
191507, 23578.8300,  3, 277.17, 15.779999999998836
191514, 23579.5600,  3, 274.55, 16.544999999998254
191545, 23582.7900,  3, 275.43, 19.69499999999971
191630, 23591.6450,  3, 179.47, 28.549999999999272
191739, 23614.0750,  3, 314.36, 11.18999999999869
191786, 23618.9700,  3, 273.03, 16.1349999999984
191794, 23619.8050,  3, 289.03, 16.889999999999418
191797, 23620.1150,  3, 277.41, 17.25
191801, 23620.5350,  3, 263.32, 17.63000000000102
191825, 23623.0350,  3, 231.36, 20.114999999997963
191827, 23623.2400,  3, 279.18, 20.31999999999971
191842, 23624.8050,  3, 245.22, 21.8849999999984
191967, 23648.8950,  3, 294.88, 12.834999999999127
191985, 23650.7700,  3, 292.27, 14.784999999999854
191986, 23650.8750,  3, 298.49, 14.834999999999127
192000, 23652.3300,  3, 266.75, 16.275000000001455
192002, 23652.5400,  3, 280.53, 16.5
192009, 23653.2700,  3, 266.00, 17.229999999999563
192018, 23654.2050,  3, 263.03, 18.215000000000146
192043, 23656.8100,  3, 234.39, 20.779999999998836
192148, 23678.8650,  3, 313.64, 10.744999999998981
192156, 23679.7000,  3, 295.38, 11.659999999999854
192194, 23683.6600,  3, 262.82, 15.604999999999563
192198, 23684.0750,  3, 260.50, 15.974999999998545
192214, 23685.7400,  3, 265.51, 17.610000000000582
192226, 23686.9900,  3, 274.88, 18.8650000000016
192228, 23687.2000,  3, 251.54, 19.06999999999971
192269, 23691.4700,  3, 239.17, 23.375
192397, 23715.9700,  3, 287.76, 13.12999999999738
192408, 23717.1150,  3, 280.46, 14.279999999998836
192412, 23717.5350,  3, 271.99, 14.774999999997817
192413, 23717.6400,  3, 268.69, 14.869999999998981
192414, 23717.7400,  3, 252.38, 14.974999999998545
192416, 23717.9500,  3, 262.74, 15.119999999998981
192469, 23723.4700,  3, 214.43, 20.69499999999971
192603, 23737.4300,  3, 230.75, 34.6349999999984
192744, 23763.3450,  3, 284.61, 14.565000000002328
192747, 23763.6600,  3, 302.91, 14.795000000001892
192755, 23764.4900,  3, 301.95, 15.645000000000437
192760, 23765.0150,  3, 283.52, 16.17000000000189
192760, 23765.0150,  3, 251.03, 16.200000000000728
192762, 23765.2200,  3, 268.89, 16.450000000000728
192762, 23765.2200,  3, 264.93, 16.44000000000233
192764, 23765.4300,  3, 273.42, 16.580000000001746
192909, 23791.8050,  3, 294.45, 14.93500000000131
192910, 23791.9100,  3, 243.31, 15.044999999998254
192922, 23793.1600,  3, 299.85, 16.299999999999272
192927, 23793.6800,  3, 277.53, 16.86999999999898
192934, 23794.4100,  3, 242.88, 17.514999999999418
192936, 23794.6150,  3, 271.94, 17.75500000000102
192937, 23794.7200,  3, 273.88, 17.895000000000437
192943, 23795.3450,  3, 261.57, 18.525000000001455
193082, 23820.9500,  3, 277.90, 14.279999999998836
193088, 23821.5750,  3, 271.29, 14.974999999998545
193097, 23822.5150,  3, 273.74, 15.934999999997672
193116, 23824.4900,  3, 275.49, 17.81999999999971
193118, 23824.7000,  3, 264.84, 18.024999999997817
193124, 23825.3250,  3, 242.78, 18.719999999997526
193132, 23826.1600,  3, 271.62, 19.5
193150, 23828.0350,  3, 203.73, 21.45499999999811
193278, 23852.5400,  3, 257.83, 13.159999999999854
193283, 23853.0600,  3, 294.60, 13.7400000000016
193300, 23854.8300,  3, 272.78, 15.430000000000291
193300, 23854.8300,  3, 277.60, 15.485000000000582
193306, 23855.4550,  3, 242.84, 16.06000000000131
193308, 23855.6650,  3, 268.89, 16.31000000000131
193322, 23857.1250,  3, 248.24, 17.735000000000582
193324, 23857.3300,  3, 258.91, 17.975000000002183
193443, 23880.8800,  3, 284.13, 12.18500000000131
193445, 23881.0900,  3, 286.18, 12.415000000000873
193474, 23884.1100,  3, 305.60, 15.485000000000582
193477, 23884.4250,  3, 275.98, 15.735000000000582
193484, 23885.1500,  3, 267.79, 16.5
193486, 23885.3600,  3, 274.02, 16.720000000001164
193491, 23885.8800,  3, 242.90, 17.229999999999563
193526, 23889.5250,  3, 258.01, 20.845000000001164
193668, 23915.3050,  3, 302.99, 14.659999999999854
193676, 23916.1400,  3, 289.64, 15.479999999999563
193679, 23916.4500,  3, 277.95, 15.75
193693, 23917.9100,  3, 288.98, 17.24499999999898
193703, 23918.9500,  3, 244.22, 18.30999999999767
193719, 23920.6150,  3, 265.94, 19.914999999997235
193734, 23922.1800,  3, 224.19, 21.524999999997817
193735, 23922.2850,  3, 250.25, 21.639999999999418
193855, 23945.7700,  3, 286.82, 12.325000000000728
193865, 23946.8100,  3, 276.96, 13.395000000000437
193884, 23948.7900,  3, 269.33, 15.31499999999869
193889, 23949.3100,  3, 266.16, 15.8849999999984
193890, 23949.4150,  3, 262.09, 15.944999999999709
193905, 23950.9800,  1, -278.41, 17.604999999999563
193907, 23951.1850,  3, 294.14, 17.799999999999272
193943, 23954.9350,  3, 239.10, 21.479999999999563
194085, 23980.8900,  3, 270.67, 14.659999999999854
194087, 23981.0950,  3, 296.41, 14.889999999999418
194106, 23983.0750,  3, 246.70, 16.864999999997963
194106, 23983.0750,  3, 295.73, 16.825000000000728
194107, 23983.1800,  3, 265.83, 16.93499999999767
194114, 23983.9100,  3, 276.11, 17.68499999999767
194125, 23985.0550,  3, 241.94, 18.80999999999767
194144, 23987.0350,  3, 271.67, 20.739999999997963
194291, 24014.4500,  3, 268.61, 15.18500000000131
194307, 24016.1150,  3, 249.39, 16.790000000000873
194312, 24016.6400,  3, 256.11, 17.354999999999563
194340, 24019.5550,  1, -249.19, 20.31000000000131
194356, 24021.2200,  3, 252.06, 21.909999999999854
194397, 24025.4900,  3, 219.33, 26.145000000000437
194463, 24032.3650,  1, -287.62, 33.12000000000262
194482, 24034.3450,  3, 239.60, 35.085000000002765
194596, 24057.3100,  3, 298.76, 11.669999999998254
194616, 24059.3950,  3, 268.92, 13.75499999999738
194630, 24060.8550,  3, 269.82, 15.239999999997963
194642, 24062.1050,  3, 263.64, 16.520000000000437
194648, 24062.7300,  3, 241.26, 17.169999999998254
194650, 24062.9350,  3, 253.03, 17.32999999999811
194659, 24063.8750,  3, 268.47, 18.32999999999811
194689, 24067.0000,  3, 275.23, 21.404999999998836
194796, 24089.2750,  3, 290.54, 10.970000000001164
194827, 24092.5050,  3, 288.64, 14.239999999997963
194828, 24092.6100,  3, 284.29, 14.309999999997672
194828, 24092.6100,  3, 295.66, 14.299999999999272
194848, 24094.6950,  3, 269.97, 16.44499999999971
194858, 24095.7350,  3, 272.37, 17.43000000000029
194874, 24097.4000,  3, 271.64, 19.139999999999418
195177, 24128.9650,  3, 85.60, 50.64500000000044
195324, 24155.3800,  3, 281.54, 15.174999999999272
195330, 24156.0050,  3, 284.19, 15.799999999999272
195333, 24156.3200,  3, 301.20, 16.11999999999898
195344, 24157.4650,  3, 276.51, 17.284999999999854
195346, 24157.6750,  3, 309.47, 17.44499999999971
195399, 24163.1950,  3, 254.60, 22.950000000000728
195525, 24176.3200,  3, 207.62, 36.13500000000204
195613, 24185.4850,  3, 194.41, 45.275000000001455
195724, 24208.8750,  3, 290.56, 11.355000000003201
195768, 24213.4550,  3, 281.64, 16.0
195768, 24213.4550,  3, 258.06, 15.965000000000146
195802, 24217.0000,  3, 235.65, 19.485000000000582
195825, 24219.3950,  3, 242.15, 21.905000000002474
195829, 24219.8100,  3, 241.64, 22.345000000001164
195831, 24220.0200,  3, 292.85, 22.575000000000728
195836, 24220.5400,  3, 212.38, 23.06500000000233
195947, 24243.1800,  3, 297.00, 11.375
195950, 24243.4900,  3, 289.30, 11.744999999998981
195964, 24244.9500,  3, 277.39, 13.224999999998545
196020, 24250.7850,  3, 228.70, 18.965000000000146
196034, 24252.2400,  3, 217.96, 20.43000000000029
196054, 24254.3250,  3, 223.32, 22.56499999999869
196095, 24258.5950,  3, 143.39, 26.82499999999709
196103, 24259.4300,  3, 213.07, 27.674999999999272
196223, 24283.1950,  3, 274.71, 12.354999999999563
196250, 24286.0050,  3, 294.08, 15.200000000000728
196267, 24287.7750,  3, 282.07, 16.895000000000437
196284, 24289.5500,  3, 257.23, 18.729999999999563
196287, 24289.8600,  3, 283.17, 18.99499999999898
196290, 24290.1750,  3, 260.84, 19.325000000000728
196376, 24299.1300,  3, 224.74, 28.31000000000131
196690, 24331.8400,  3, 143.49, 60.965000000000146
196807, 24355.2750,  3, 290.66, 12.045000000001892
196824, 24357.0500,  3, 270.87, 13.849999999998545
196846, 24359.3400,  3, 275.24, 16.099999999998545
196853, 24360.0700,  3, 286.60, 16.8650000000016
196853, 24360.0700,  3, 272.96, 16.790000000000873
196858, 24360.5900,  3, 273.73, 17.334999999999127
196910, 24366.0050,  3, 255.30, 22.784999999999854
196915, 24366.5250,  3, 278.26, 23.2400000000016
197027, 24389.3600,  3, 293.42, 11.540000000000873
197038, 24390.5050,  3, 258.94, 12.680000000000291
197040, 24390.7150,  3, 261.29, 12.895000000000437
197042, 24390.9250,  3, 307.14, 13.1150000000016
197049, 24391.6500,  3, 294.28, 13.805000000000291
197058, 24392.5900,  3, 284.74, 14.725000000002183
197071, 24393.9450,  3, 283.83, 16.06000000000131
197102, 24397.1750,  3, 246.97, 19.340000000000146
197220, 24420.5200,  3, 295.54, 12.110000000000582
197222, 24420.7300,  1, -245.34, 12.395000000000437
197226, 24421.1450,  3, 317.87, 12.775000000001455
197227, 24421.2500,  3, 292.23, 12.850000000002183
197230, 24421.5600,  3, 274.03, 13.12000000000262
197242, 24422.8100,  3, 288.18, 14.405000000002474
197276, 24426.3550,  3, 282.41, 18.014999999999418
197305, 24429.3750,  3, 197.94, 21.020000000000437
197416, 24452.8800,  3, 304.51, 11.395000000000437
197422, 24453.5050,  3, 277.03, 12.055000000000291
197428, 24454.1300,  3, 319.72, 12.650000000001455
197448, 24456.2150,  3, 251.45, 14.75
197450, 24456.4250,  3, 279.41, 14.895000000000437
197499, 24461.5250,  3, 262.26, 20.0
197593, 24471.3200,  3, 145.49, 29.80500000000029
197686, 24481.0050,  3, 130.19, 39.57500000000073
197799, 24504.1250,  3, 317.99, 11.589999999996508
197803, 24504.5400,  3, 269.39, 12.054999999996653
197808, 24505.0600,  3, 274.88, 12.599999999998545
197814, 24505.6850,  3, 320.47, 13.194999999999709
197816, 24505.8950,  3, 290.02, 13.339999999996508
197870, 24511.5200,  3, 242.65, 19.0099999999984
197889, 24513.5000,  3, 291.17, 20.99499999999898
197957, 24520.5800,  3, 233.51, 28.044999999998254
198065, 24542.9300,  3, 313.07, 11.1150000000016
198073, 24543.7650,  3, 305.34, 11.930000000000291
198089, 24545.4300,  3, 260.05, 13.584999999999127
198094, 24545.9500,  3, 273.77, 14.084999999999127
198128, 24549.4900,  3, 275.32, 17.674999999999272
198142, 24550.9500,  3, 255.46, 19.06499999999869
198162, 24553.0350,  3, 257.53, 21.154999999998836
198223, 24559.3900,  3, 225.21, 27.5
198321, 24580.6650,  1, -148.35, 10.100000000002183
198321, 24580.6650,  1, -193.68, 10.100000000002183
198334, 24582.0200,  3, 288.20, 11.415000000000873
198334, 24582.0200,  3, 274.50, 11.42500000000291
198354, 24584.1050,  3, 306.02, 13.4900000000016
198356, 24584.3100,  3, 280.38, 13.710000000002765
198358, 24584.5200,  3, 277.94, 13.860000000000582
198368, 24585.5600,  3, 296.11, 14.915000000000873
198431, 24604.0900,  1, -237.95, 6.455000000001746
198474, 24608.5700,  3, 323.60, 10.845000000001164
198474, 24608.5700,  3, 290.39, 10.8650000000016
198475, 24608.6750,  3, 324.19, 11.030000000002474
198477, 24608.8800,  3, 291.86, 11.17500000000291
198502, 24611.4850,  3, 253.50, 13.770000000000437
198526, 24613.9850,  3, 243.84, 16.265000000003056
198724, 24634.6100,  3, 172.86, 36.92000000000189
198826, 24656.3600,  3, 299.19, 10.479999999999563
198835, 24657.3000,  3, 309.77, 11.424999999999272
198852, 24659.0700,  3, 277.74, 13.130000000001019
198855, 24659.3800,  3, 254.02, 13.5
198870, 24660.9450,  1, -254.21, 15.104999999999563
198872, 24661.1500,  3, 267.49, 15.25
198872, 24661.1500,  3, 260.83, 15.215000000000146
198920, 24666.1500,  3, 242.61, 20.209999999999127
199040, 24689.8000,  3, 330.67, 12.299999999999272
199040, 24689.8000,  3, 279.10, 12.299999999999272
199051, 24690.9450,  3, 252.36, 13.489999999997963
199060, 24691.8800,  3, 254.39, 14.44999999999709
199083, 24694.2750,  3, 245.18, 16.779999999998836
199097, 24695.7350,  1, -219.25, 18.334999999999127
199140, 24700.2150,  3, 233.64, 22.799999999999272
199182, 24704.5900,  3, 247.41, 27.1349999999984
199297, 24727.6250,  3, 308.77, 11.794999999998254
199298, 24727.7300,  3, 283.81, 11.93500000000131
199300, 24727.9350,  3, 282.13, 12.174999999999272
199301, 24728.0400,  3, 272.21, 12.235000000000582
199314, 24729.3950,  3, 273.49, 13.590000000000146
199356, 24733.7700,  3, 274.18, 17.985000000000582
199360, 24734.1850,  3, 227.01, 18.334999999999127
199375, 24735.7500,  3, 251.49, 19.909999999999854
199483, 24758.0950,  3, 328.25, 11.040000000000873
199487, 24758.5150,  3, 297.14, 11.540000000000873
199489, 24758.7200,  3, 305.77, 11.709999999999127
199497, 24759.5550,  3, 267.30, 12.520000000000437
199510, 24760.9100,  3, 296.88, 13.895000000000437
199515, 24761.4300,  3, 291.10, 14.424999999999272
199517, 24761.6400,  3, 249.26, 14.619999999998981
199545, 24764.5550,  3, 268.58, 17.594999999997526
199660, 24788.5050,  3, 291.70, 11.774999999997817
199662, 24788.7150,  3, 282.32, 12.059999999997672
199669, 24789.4450,  3, 269.94, 12.735000000000582
199670, 24789.5500,  3, 254.23, 12.844999999997526
199671, 24789.6500,  3, 270.57, 12.934999999997672
199676, 24790.1750,  3, 249.81, 13.444999999999709
199682, 24790.8000,  3, 299.83, 14.159999999999854
199682, 24790.8000,  3, 277.28, 14.094999999997526
199797, 24813.8050,  3, 266.99, 11.845000000001164
199804, 24814.5350,  3, 292.12, 12.505000000001019
199805, 24814.6400,  3, 269.41, 12.639999999999418
199809, 24815.0550,  3, 274.86, 13.099999999998545
199811, 24815.2650,  3, 311.19, 13.270000000000437
199812, 24815.3650,  3, 284.38, 13.360000000000582
199816, 24815.7850,  3, 281.24, 13.770000000000437
199914, 24825.9900,  3, 255.44, 24.040000000000873
200033, 24850.3450,  3, 318.00, 12.18999999999869
200033, 24850.3450,  3, 300.82, 12.244999999998981
200036, 24850.6600,  3, 283.34, 12.569999999999709
200044, 24851.4900,  3, 296.11, 13.400000000001455
200055, 24852.6400,  3, 288.15, 14.485000000000582
200056, 24852.7400,  3, 262.78, 14.645000000000437
200119, 24859.3050,  3, 252.53, 21.169999999998254
200360, 24884.4100,  3, 59.28, 46.345000000001164
200438, 24903.6500,  1, -180.27, 8.020000000000437
200446, 24904.4850,  1, -206.03, 8.854999999999563
200447, 24904.5900,  1, -177.29, 8.959999999999127
200460, 24905.9450,  1, -192.61, 10.31499999999869
200488, 24908.8600,  3, 246.62, 13.12999999999738
200495, 24909.5900,  1, -196.97, 13.959999999999127
200519, 24912.0900,  3, 205.80, 16.424999999999272
200542, 24914.4850,  3, 224.56, 18.774999999997817
200651, 24936.8250,  1, -178.45, 11.25
200655, 24937.2400,  3, 270.90, 11.614999999997963
200670, 24938.8050,  3, 247.82, 13.130000000001019
200680, 24939.8450,  3, 253.50, 14.194999999999709
200687, 24940.5750,  3, 266.52, 14.904999999998836
200780, 24950.2650,  3, 117.48, 24.645000000000437
200788, 24951.0950,  3, 130.51, 25.419999999998254
200817, 24954.1150,  3, 122.20, 28.50500000000102
200944, 24978.5250,  3, 273.66, 13.1150000000016
200953, 24979.4650,  3, 247.35, 13.960000000002765
200954, 24979.5700,  3, 175.25, 14.135000000002037
200955, 24979.6750,  3, 271.40, 14.235000000000582
200957, 24979.8800,  3, 253.34, 14.37000000000262
200966, 24980.8200,  3, 270.11, 15.409999999999854
200983, 24982.5900,  3, 248.56, 17.1150000000016
200985, 24982.8000,  3, 196.62, 17.354999999999563
201110, 25006.8900,  3, 263.22, 12.900000000001455
201117, 25007.6150,  3, 266.67, 13.625
201119, 25007.8250,  3, 280.41, 13.845000000001164
201119, 25007.8250,  3, 236.35, 13.784999999999854
201121, 25008.0350,  3, 249.63, 14.005000000001019
201135, 25009.4900,  3, 257.50, 15.5
201144, 25010.4300,  3, 158.78, 16.3550000000032
201177, 25013.8650,  3, 176.39, 19.830000000001746
201292, 25037.0550,  3, 285.29, 11.819999999999709
201294, 25037.2650,  1, -193.48, 12.084999999999127
201301, 25037.9900,  3, 286.21, 12.75
201302, 25038.0950,  3, 275.28, 12.845000000001164
201303, 25038.2000,  3, 282.23, 12.93999999999869
201312, 25039.1400,  3, 240.25, 13.869999999998981
201312, 25039.1400,  3, 251.19, 13.8849999999984
201428, 25051.2200,  3, 219.74, 26.0
201559, 25075.9350,  3, 296.09, 13.459999999999127
201561, 25076.1450,  3, 277.89, 13.739999999997963
201565, 25076.5600,  3, 244.79, 14.06000000000131
201567, 25076.7700,  3, 258.04, 14.305000000000291
201579, 25078.0200,  3, 273.33, 15.569999999999709
201580, 25078.1250,  3, 198.79, 15.709999999999127
201595, 25079.6850,  3, 196.47, 17.215000000000146
201623, 25082.6050,  3, 263.73, 20.104999999999563
201740, 25106.8400,  3, 279.84, 12.00499999999738
201747, 25107.5700,  3, 297.38, 12.764999999999418
201756, 25108.5050,  3, 265.46, 13.729999999999563
201769, 25109.8600,  3, 242.50, 15.0
201769, 25109.8600,  3, 246.84, 15.039999999997235
201771, 25110.0700,  3, 256.95, 15.305000000000291
201774, 25110.3800,  3, 285.50, 15.604999999999563
201785, 25111.5250,  3, 251.06, 16.674999999999272
201891, 25133.4650,  3, 292.71, 10.849999999998545
201895, 25133.8800,  3, 312.66, 11.25
201899, 25134.3000,  3, 289.54, 11.744999999998981
201908, 25135.2350,  3, 312.22, 12.604999999999563
201909, 25135.3400,  3, 255.15, 12.724999999998545
201927, 25137.2150,  3, 253.37, 14.6349999999984
201953, 25139.9250,  3, 277.36, 17.30999999999767
201956, 25140.2350,  3, 269.53, 17.609999999996944
202062, 25163.3650,  3, 288.86, 10.904999999998836
202063, 25163.4700,  3, 294.00, 10.965000000000146
202075, 25164.7200,  3, 293.91, 12.279999999998836
202080, 25165.2400,  3, 300.32, 12.764999999999418
202081, 25165.3450,  3, 269.66, 12.8849999999984
202081, 25165.3450,  3, 296.80, 12.909999999999854
202084, 25165.6600,  3, 283.54, 13.159999999999854
202096, 25166.9100,  3, 267.82, 14.375
202218, 25190.6300,  3, 276.70, 12.555000000000291
202218, 25190.6300,  3, 285.26, 12.565000000002328
202219, 25190.7350,  3, 276.00, 12.68500000000131
202219, 25190.7350,  3, 263.69, 12.680000000000291
202238, 25192.7150,  3, 294.78, 14.610000000000582
202243, 25193.2350,  3, 261.77, 15.100000000002183
202247, 25193.6500,  3, 219.88, 15.604999999999563
202248, 25193.7550,  3, 216.27, 15.68500000000131
202360, 25216.3950,  3, 288.60, 11.534999999999854
202361, 25216.5000,  3, 286.60, 11.639999999999418
202369, 25217.3300,  3, 261.32, 12.409999999999854
202406, 25221.1850,  3, 243.00, 16.299999999999272
202410, 25221.6050,  3, 255.03, 16.679999999996653
202417, 25222.3300,  3, 274.47, 17.43499999999767
202420, 25222.6450,  3, 251.12, 17.734999999996944
202431, 25223.7900,  1, -227.07, 18.959999999999127
202540, 25246.0700,  3, 295.78, 11.139999999999418
202542, 25246.2750,  3, 300.62, 11.340000000000146
202544, 25246.4850,  3, 304.47, 11.549999999999272
202549, 25247.0050,  3, 309.61, 12.010000000002037
202556, 25247.7350,  3, 249.54, 12.755000000001019
202590, 25251.2750,  3, 269.33, 16.334999999999127
202597, 25252.0050,  3, 252.59, 17.00500000000102
202605, 25252.8400,  3, 252.84, 17.875
202708, 25275.6600,  3, 289.24, 10.610000000000582
202736, 25278.5750,  3, 266.55, 13.470000000001164
202742, 25279.2000,  3, 276.90, 14.159999999999854
202753, 25280.3450,  3, 259.55, 15.224999999998545
202756, 25280.6600,  3, 269.86, 15.529999999998836
202756, 25280.6600,  3, 283.79, 15.525000000001455
202771, 25282.2200,  3, 252.56, 17.18000000000029
202849, 25290.3450,  3, 221.32, 25.215000000000146
202963, 25313.3600,  3, 275.47, 11.75
202967, 25313.7750,  3, 274.56, 12.165000000000873
202970, 25314.0900,  3, 301.98, 12.43500000000131
202974, 25314.5050,  3, 296.23, 12.834999999999127
202990, 25316.1750,  3, 234.28, 14.56499999999869
202994, 25316.5900,  3, 293.75, 14.959999999999127
203001, 25317.3200,  3, 260.38, 15.654999999998836
203009, 25318.1500,  3, 255.74, 16.540000000000873
203121, 25340.9450,  3, 292.68, 11.515000000003056
203137, 25342.6100,  3, 306.16, 13.125
203145, 25343.4450,  3, 276.82, 14.040000000000873
203154, 25344.3800,  3, 276.74, 14.930000000000291
203170, 25346.0500,  3, 299.76, 16.56500000000233
203207, 25349.9000,  3, 240.45, 20.475000000002183
203217, 25350.9450,  3, 253.76, 21.4900000000016
203268, 25356.2550,  3, 245.21, 26.80000000000291
203337, 25374.6450,  1, -166.99, 7.084999999999127
203337, 25374.6450,  1, -181.91, 7.084999999999127
203403, 25381.5200,  3, 264.71, 13.909999999999854
203405, 25381.7300,  3, 270.63, 14.164999999997235
203408, 25382.0400,  3, 285.67, 14.37999999999738
203416, 25382.8750,  3, 278.94, 15.25
203443, 25385.6850,  1, -262.11, 18.125
203464, 25387.8750,  3, 254.32, 20.294999999998254
203574, 25410.6050,  3, 269.21, 11.255000000001019
203580, 25411.2300,  3, 312.19, 11.930000000000291
203581, 25411.3300,  3, 304.65, 11.985000000000582
203582, 25411.4350,  3, 290.43, 12.1349999999984
203583, 25411.5400,  3, 297.73, 12.220000000001164
203588, 25412.0600,  3, 306.88, 12.794999999998254
203590, 25412.2700,  3, 288.22, 12.944999999999709
203591, 25412.3750,  3, 289.41, 13.055000000000291
203702, 25435.0350,  3, 297.69, 11.395000000000437
203706, 25435.4500,  3, 290.89, 11.844999999997526
203709, 25435.7650,  3, 275.36, 12.125
203710, 25435.8650,  3, 302.60, 12.264999999999418
203712, 25436.0750,  3, 276.92, 12.399999999997817
203714, 25436.2850,  3, 300.17, 12.659999999999854
203727, 25437.6400,  3, 267.68, 14.014999999999418
203790, 25444.2000,  3, 246.02, 20.56999999999971
203893, 25466.0000,  3, 306.00, 10.599999999998545
203901, 25466.8300,  3, 316.55, 11.404999999998836
203902, 25466.9350,  3, 296.95, 11.5099999999984
203915, 25468.2900,  3, 298.47, 12.825000000000728
203917, 25468.5000,  3, 303.20, 13.075000000000728
203920, 25468.8100,  3, 306.55, 13.3650000000016
203922, 25469.0200,  3, 254.85, 13.619999999998981
203930, 25469.8550,  3, 268.82, 14.389999999999418
204038, 25492.3100,  3, 306.83, 11.114999999997963
204043, 25492.8300,  3, 277.87, 11.575000000000728
204046, 25493.1450,  3, 298.98, 11.924999999999272
204052, 25493.7700,  3, 275.98, 12.579999999998108
204060, 25494.6050,  3, 297.99, 13.375
204062, 25494.8100,  3, 278.87, 13.604999999999563
204063, 25494.9150,  3, 252.69, 13.744999999998981
204070, 25495.6450,  3, 304.31, 14.430000000000291
204179, 25519.0150,  3, 282.50, 11.235000000000582
204197, 25520.8900,  3, 261.82, 13.100000000002183
204199, 25521.0950,  3, 271.18, 13.279999999998836
204226, 25523.9100,  3, 291.16, 16.13000000000102
204237, 25525.0550,  1, -268.14, 17.290000000000873
204240, 25525.3650,  3, 251.19, 17.595000000001164
204270, 25528.4900,  3, 246.64, 20.68000000000029
204325, 25534.2200,  3, 234.41, 26.400000000001455
204393, 25552.3450,  1, -162.51, 6.975000000002183
204393, 25552.3450,  1, -174.30, 6.975000000002183
204404, 25553.4900,  1, -159.36, 8.12000000000262
204404, 25553.4900,  1, -186.54, 8.12000000000262
204435, 25556.7200,  1, -161.88, 11.350000000002183
204435, 25556.7200,  1, -205.42, 11.350000000002183
204443, 25557.5550,  3, 287.56, 12.1150000000016
204521, 25565.6800,  3, 249.85, 20.2400000000016
204625, 25587.5150,  3, 324.78, 10.630000000001019
204630, 25588.0350,  3, 307.76, 11.159999999999854
204637, 25588.7650,  3, 278.64, 11.889999999999418
204639, 25588.9700,  3, 279.85, 12.080000000001746
204665, 25591.6800,  3, 272.40, 14.849999999998545
204668, 25591.9900,  3, 261.08, 15.150000000001455
204789, 25604.5950,  3, 229.30, 27.7400000000016
204802, 25605.9500,  3, 244.35, 29.110000000000582
204868, 25623.9800,  1, -181.55, 6.774999999997817
204868, 25623.9800,  1, -155.27, 6.774999999997817
204905, 25627.8300,  1, -163.36, 10.625
204905, 25627.8300,  1, -226.24, 10.625
204912, 25628.5600,  3, 283.40, 11.319999999999709
204949, 25632.4150,  3, 238.77, 15.109999999996944
204955, 25633.0400,  3, 260.09, 15.809999999997672
205037, 25641.5800,  3, 253.41, 24.364999999997963
205094, 25658.5800,  1, -137.95, 5.830000000001746
205094, 25658.5800,  1, -176.68, 5.830000000001746
205146, 25664.0000,  3, 308.46, 11.154999999998836
205150, 25664.4150,  3, 298.86, 11.654999999998836
205151, 25664.5200,  3, 291.11, 11.68500000000131
205165, 25665.9800,  3, 312.68, 13.139999999999418
205170, 25666.5000,  3, 248.18, 13.669999999998254
205175, 25667.0200,  3, 285.38, 14.194999999999709
205287, 25689.8900,  3, 313.59, 11.529999999998836
205292, 25690.4100,  3, 310.93, 12.034999999999854
205293, 25690.5150,  3, 284.50, 12.145000000000437
205301, 25691.3450,  3, 265.03, 13.014999999999418
205312, 25692.4900,  3, 237.80, 14.159999999999854
205318, 25693.1150,  3, 280.78, 14.694999999999709
205333, 25694.6800,  3, 274.18, 16.290000000000873
205402, 25701.8650,  3, 248.66, 23.485000000000582
205506, 25723.9150,  3, 307.31, 10.639999999999418
205519, 25725.2700,  3, 275.38, 12.044999999998254
205525, 25725.8950,  3, 272.20, 12.604999999999563
205526, 25726.0000,  3, 307.41, 12.719999999997526
205547, 25728.1850,  3, 249.02, 14.914999999997235
205549, 25728.3950,  3, 273.78, 15.104999999999563
205561, 25729.6450,  3, 282.19, 16.43999999999869
205652, 25739.1250,  3, 210.30, 25.924999999999272
205770, 25762.3650,  3, 269.93, 12.169999999998254
205772, 25762.5750,  3, 270.00, 12.354999999999563
205779, 25763.3050,  3, 260.19, 13.06499999999869
205781, 25763.5150,  3, 273.23, 13.235000000000582
205816, 25767.1600,  3, 266.79, 16.965000000000146
205820, 25767.5750,  3, 250.49, 17.294999999998254
205828, 25768.4100,  3, 271.49, 18.139999999999418
205922, 25778.2000,  3, 249.51, 27.959999999999127
206028, 25800.3400,  3, 322.33, 10.914999999997235
206030, 25800.5500,  3, 280.68, 11.104999999999563
206036, 25801.1750,  3, 310.96, 11.744999999998981
206036, 25801.1750,  3, 291.92, 11.674999999999272
206040, 25801.5900,  3, 262.16, 12.164999999997235
206040, 25801.5900,  3, 283.08, 12.090000000000146
206074, 25805.1300,  3, 286.41, 15.625
206090, 25806.8000,  3, 247.23, 17.31999999999971
206210, 25831.5600,  3, 283.50, 12.3849999999984
206210, 25831.5600,  3, 264.86, 12.334999999999127
206211, 25831.6650,  3, 279.13, 12.474999999998545
206217, 25832.2900,  3, 255.00, 13.075000000000728
206221, 25832.7050,  3, 281.96, 13.489999999997963
206225, 25833.1250,  3, 269.96, 13.909999999999854
206225, 25833.1250,  3, 287.09, 13.950000000000728
206230, 25833.6450,  3, 273.73, 14.430000000000291
206295, 25851.5800,  1, -149.16, 6.6600000000034925
206295, 25851.5800,  1, -166.27, 6.6600000000034925
206338, 25856.0600,  3, 320.43, 11.085000000002765
206339, 25856.1650,  3, 314.75, 11.150000000001455
206341, 25856.3750,  3, 300.70, 11.350000000002183
206347, 25857.0000,  3, 255.41, 12.0
206362, 25858.5600,  3, 297.32, 13.595000000001164
206388, 25861.2700,  3, 291.40, 16.340000000000146
206500, 25884.0750,  3, 266.76, 11.534999999999854
206517, 25885.8450,  3, 283.82, 13.229999999999563
206536, 25887.8250,  1, -225.57, 15.31000000000131
206536, 25887.8250,  1, -178.86, 15.31000000000131
206600, 25894.4900,  3, 195.59, 21.924999999999272
206601, 25894.5950,  1, -186.41, 22.080000000001746
206601, 25894.5950,  1, -265.70, 22.080000000001746
207020, 25938.2400,  3, 17.33, 65.63000000000102
207084, 25956.1100,  1, -152.26, 6.56000000000131
207084, 25956.1100,  1, -168.86, 6.56000000000131
207134, 25961.3200,  3, 293.79, 11.75
207138, 25961.7350,  3, 285.02, 12.125
207141, 25962.0500,  3, 271.85, 12.475000000002183
207143, 25962.2550,  3, 284.78, 12.68500000000131
207145, 25962.4650,  3, 239.66, 12.875
207159, 25963.9250,  3, 247.72, 14.319999999999709
207223, 25982.5200,  1, -144.98, 6.56499999999869
207223, 25982.5200,  1, -171.24, 6.56499999999869
207275, 25987.9350,  3, 286.63, 11.914999999997235
207276, 25988.0400,  3, 291.83, 11.984999999996944
207279, 25988.3550,  3, 301.30, 12.354999999999563
207280, 25988.4550,  3, 266.61, 12.434999999997672
207284, 25988.8750,  3, 257.70, 12.849999999998545
207296, 25990.1250,  3, 271.18, 14.094999999997526
207406, 26012.7500,  3, 288.41, 11.255000000001019
207426, 26014.8300,  3, 306.60, 13.380000000001019
207430, 26015.2500,  3, 248.48, 13.774999999997817
207431, 26015.3550,  3, 264.64, 13.895000000000437
207444, 26016.7050,  3, 244.64, 15.2599999999984
207448, 26017.1250,  3, 258.93, 15.720000000001164
207454, 26017.7500,  3, 242.53, 16.294999999998254
207467, 26019.1050,  3, 238.15, 17.6349999999984
207533, 26036.9450,  1, -180.31, 6.770000000000437
207533, 26036.9450,  1, -154.86, 6.770000000000437
207592, 26043.0900,  3, 251.39, 12.854999999999563
207614, 26045.3800,  3, 304.66, 15.165000000000873
207619, 26045.9000,  3, 258.31, 15.68500000000131
207628, 26046.8400,  3, 241.03, 16.56500000000233
207634, 26047.4650,  3, 234.03, 17.200000000000728
207637, 26047.7750,  3, 229.24, 17.56999999999971
207755, 26071.1750,  3, 275.72, 12.174999999999272
207762, 26071.9000,  3, 282.45, 12.845000000001164
207767, 26072.4250,  3, 260.21, 13.389999999999418
207776, 26073.3600,  3, 242.75, 14.274999999997817
207778, 26073.5700,  3, 296.37, 14.559999999997672
207801, 26075.9650,  3, 249.63, 16.950000000000728
207814, 26077.3200,  3, 258.77, 18.31499999999869
207867, 26082.8400,  3, 238.54, 23.80999999999767
207984, 26106.2850,  3, 281.82, 12.059999999997672
207988, 26106.7000,  3, 279.09, 12.489999999997963
207995, 26107.4300,  3, 270.05, 13.200000000000728
207998, 26107.7400,  3, 265.52, 13.529999999998836
208002, 26108.1600,  1, -148.15, 13.959999999999127
208002, 26108.1600,  1, -247.78, 13.959999999999127
208039, 26112.0150,  3, 261.16, 17.80999999999767
208074, 26115.6600,  3, 214.77, 21.395000000000437
208149, 26135.6500,  1, -148.41, 7.705000000001746
208149, 26135.6500,  1, -176.69, 7.705000000001746
208195, 26140.4450,  3, 283.26, 12.415000000000873
208207, 26141.6950,  3, 265.01, 13.715000000000146
208208, 26141.8000,  3, 289.03, 13.81000000000131
208217, 26142.7350,  3, 300.88, 14.715000000000146
208218, 26142.8400,  3, 267.75, 14.795000000001892
208229, 26143.9850,  3, 237.18, 15.93500000000131
208347, 26167.3050,  3, 277.91, 12.164999999997235
208349, 26167.5150,  3, 258.64, 12.3849999999984
208351, 26167.7200,  3, 295.52, 12.5
208356, 26168.2400,  3, 305.64, 13.119999999998981
208363, 26168.9700,  3, 303.18, 13.81499999999869
208365, 26169.1800,  3, 293.68, 13.959999999999127
208398, 26172.6150,  3, 264.70, 17.459999999999127
208398, 26172.6150,  3, 218.22, 17.459999999999127
208511, 26195.4850,  3, 285.00, 11.6150000000016
208514, 26195.8000,  3, 287.02, 11.885000000002037
208516, 26196.0050,  3, 284.57, 12.150000000001455
208518, 26196.2150,  3, 268.81, 12.349999999998545
208522, 26196.6300,  3, 297.03, 12.775000000001455
208529, 26197.3600,  3, 263.99, 13.525000000001455
208536, 26198.0900,  3, 303.53, 14.215000000000146
208549, 26199.4450,  3, 287.04, 15.569999999999709
208657, 26221.8550,  3, 279.70, 11.069999999999709
208666, 26222.7900,  3, 280.81, 12.014999999999418
208673, 26223.5200,  3, 248.17, 12.805000000000291
208678, 26224.0400,  3, 291.29, 13.264999999999418
208683, 26224.5600,  3, 267.02, 13.81000000000131
208684, 26224.6650,  3, 272.71, 13.895000000000437
208708, 26227.1650,  3, 257.37, 16.354999999999563
208758, 26232.3750,  3, 223.00, 21.600000000002183
208866, 26254.7000,  3, 298.96, 11.040000000000873
208883, 26256.4700,  3, 271.29, 12.819999999999709
208884, 26256.5750,  3, 273.27, 12.950000000000728
208918, 26260.1150,  3, 263.96, 16.5099999999984
208918, 26260.1150,  3, 228.58, 16.529999999998836
208929, 26261.2650,  1, -323.98, 17.709999999999127
208975, 26266.0550,  3, 253.07, 22.400000000001455
208975, 26266.0550,  3, 249.26, 22.395000000000437
209089, 26289.9500,  3, 294.28, 11.735000000000582
209091, 26290.1600,  3, 300.88, 11.944999999999709
209095, 26290.5750,  3, 282.14, 12.325000000000728
209096, 26290.6800,  3, 292.25, 12.459999999999127
209097, 26290.7850,  3, 287.54, 12.579999999998108
209109, 26292.0350,  3, 281.27, 13.845000000001164
209112, 26292.3450,  3, 261.09, 14.145000000000437
209125, 26293.7000,  3, 268.49, 15.514999999999418
209238, 26317.1800,  3, 279.46, 11.590000000000146
209241, 26317.4900,  3, 283.46, 11.944999999999709
209249, 26318.3250,  3, 292.03, 12.709999999999127
209257, 26319.1600,  3, 292.50, 13.600000000002183
209260, 26319.4700,  3, 282.48, 13.854999999999563
209264, 26319.8900,  3, 267.43, 14.345000000001164
209264, 26319.8900,  3, 282.04, 14.369999999998981
209265, 26319.9900,  3, 292.82, 14.415000000000873
209331, 26338.8250,  1, -152.26, 6.770000000000437
209331, 26338.8250,  1, -178.34, 6.770000000000437
209373, 26343.2000,  3, 317.77, 11.125
209377, 26343.6150,  3, 299.68, 11.474999999998545
209381, 26344.0350,  3, 304.80, 11.93999999999869
209385, 26344.4500,  3, 292.17, 12.349999999998545
209492, 26355.5950,  3, 200.38, 23.459999999999127
209526, 26359.1400,  3, 176.77, 27.06499999999869
209638, 26381.8550,  3, 284.90, 11.480000000003201
209647, 26382.7900,  3, 285.30, 12.485000000000582
209662, 26384.3550,  3, 288.44, 14.055000000000291
209672, 26385.3950,  3, 283.06, 15.030000000002474
209709, 26389.2500,  3, 254.74, 18.92500000000291
209717, 26390.0800,  3, 302.36, 19.75500000000102
209736, 26392.0600,  3, 257.66, 21.67000000000189
209787, 26397.3750,  3, 225.11, 27.05500000000029
209917, 26422.7700,  3, 301.58, 13.375
209924, 26423.5000,  3, 250.14, 14.104999999999563
209928, 26423.9150,  3, 244.33, 14.569999999999709
209938, 26424.9550,  3, 253.79, 15.580000000001746
209941, 26425.2700,  3, 245.88, 15.905000000002474
210033, 26434.9550,  3, 217.47, 25.590000000000146
210051, 26436.8300,  3, 251.59, 27.459999999999127
210473, 26480.7900,  3, -11.63, 71.3650000000016
210607, 26505.8250,  3, 275.46, 13.770000000000437
210611, 26506.2400,  3, 283.29, 14.170000000001892
210657, 26511.0350,  3, 242.03, 19.00500000000102
210683, 26513.7400,  3, 280.18, 21.68500000000131
210701, 26515.6150,  3, 215.07, 23.63000000000102
210715, 26517.0750,  3, 204.95, 25.05500000000029
210735, 26519.1600,  3, 256.46, 27.150000000001455
210798, 26525.7200,  3, 161.77, 33.7300000000032
210929, 26550.3200,  3, 310.84, 13.440000000002328
210949, 26552.4000,  3, 283.74, 15.585000000002765
210950, 26552.5050,  3, 273.12, 15.665000000000873
210954, 26552.9250,  3, 263.54, 16.075000000000728
210976, 26555.2150,  3, 258.50, 18.395000000000437
210997, 26557.4000,  3, 253.60, 20.56500000000233
211008, 26558.5500,  3, 253.52, 21.67000000000189
211024, 26560.2150,  3, 228.99, 23.360000000000582
211135, 26582.8450,  3, 304.30, 11.354999999999563
211144, 26583.7850,  3, 306.73, 12.369999999998981
211151, 26584.5150,  3, 324.44, 13.069999999999709
211164, 26585.8650,  3, 271.22, 14.465000000000146
211168, 26586.2850,  3, 295.31, 14.850000000002183
211171, 26586.5950,  3, 296.23, 15.18500000000131
211182, 26587.7400,  3, 308.64, 16.290000000000873
211249, 26594.7200,  3, 243.04, 23.290000000000873
211364, 26617.6250,  3, 287.51, 11.819999999999709
211379, 26619.1850,  3, 272.16, 13.354999999999563
211383, 26619.6050,  3, 252.01, 13.830000000001746
211390, 26620.3300,  3, 258.46, 14.544999999998254
211468, 26628.4550,  3, 269.33, 22.61999999999898
211538, 26635.7500,  3, 252.93, 29.904999999998836
211608, 26643.0400,  3, 207.25, 37.284999999999854
211642, 26646.5800,  3, 214.85, 40.775000000001455
211766, 26670.4550,  3, 308.22, 12.715000000000146
211785, 26672.4350,  3, 232.53, 14.739999999997963
211806, 26674.6250,  3, 269.71, 16.950000000000728
211834, 26677.5400,  3, 295.23, 19.840000000000146
211852, 26679.4150,  3, 282.37, 21.68000000000029
211855, 26679.7300,  3, 237.04, 22.06499999999869
211855, 26679.7300,  3, 259.50, 22.044999999998254
211921, 26686.6050,  3, 221.38, 28.924999999999272
212030, 26709.0700,  3, 305.52, 11.235000000000582
212035, 26709.5900,  3, 314.03, 11.705000000001746
212049, 26711.0500,  3, 290.59, 13.130000000001019
212068, 26713.0250,  3, 290.58, 15.110000000000582
212092, 26715.5250,  3, 270.74, 17.610000000000582
212093, 26715.6300,  3, 273.75, 17.735000000000582
212167, 26723.3400,  3, 262.58, 25.50500000000102
212234, 26730.3200,  3, 228.68, 32.465000000000146
212348, 26753.3450,  3, 314.88, 11.729999999999563
212365, 26755.1150,  3, 279.87, 13.494999999998981
212374, 26756.0550,  3, 291.66, 14.409999999999854
212376, 26756.2650,  3, 295.90, 14.659999999999854
212379, 26756.5750,  3, 293.71, 14.93999999999869
212465, 26765.5350,  3, 232.38, 23.915000000000873
212754, 26795.6400,  3, 149.93, 54.05999999999767
212821, 26802.6150,  3, 64.01, 61.034999999999854
212932, 26825.1850,  3, 291.14, 11.350000000002183
212950, 26827.0600,  3, 294.19, 13.31000000000131
212964, 26828.5200,  3, 269.99, 14.770000000000437
212978, 26829.9800,  3, 274.85, 16.165000000000873
212994, 26831.6450,  3, 271.45, 17.875
213027, 26835.0800,  3, 248.57, 21.25500000000102
213054, 26837.8950,  3, 244.39, 24.150000000001455
213146, 26847.4800,  3, 191.22, 33.720000000001164
213231, 26867.5000,  1, -159.00, 8.75
213231, 26867.5000,  1, -146.92, 8.75
213274, 26871.9800,  3, 290.79, 13.125
213276, 26872.1850,  3, 281.85, 13.430000000000291
213278, 26872.3950,  3, 286.28, 13.549999999999272
213283, 26872.9150,  3, 296.31, 14.119999999998981
213401, 26885.2050,  3, 233.07, 26.44499999999971
213406, 26885.7300,  3, 255.52, 26.965000000000146
213531, 26909.6950,  3, 298.94, 12.87000000000262
213536, 26910.2150,  3, 277.87, 13.42500000000291
213545, 26911.1500,  3, 277.03, 14.3650000000016
213563, 26913.0250,  3, 284.13, 16.235000000000582
213567, 26913.4450,  3, 286.68, 16.610000000000582
213568, 26913.5500,  3, 314.68, 16.69000000000233
213581, 26914.9000,  3, 290.86, 18.034999999999854
213651, 26922.1950,  3, 252.75, 25.409999999999854
213783, 26947.0350,  3, 283.05, 13.595000000001164
213793, 26948.0750,  3, 285.65, 14.600000000002183
213826, 26951.5150,  3, 265.56, 18.025000000001455
213832, 26952.1400,  3, 301.98, 18.705000000001746
213846, 26953.5950,  3, 264.23, 20.110000000000582
213869, 26955.9900,  3, 274.70, 22.595000000001164
213886, 26957.7650,  3, 262.96, 24.31000000000131
214029, 26972.6600,  3, 218.33, 39.205000000001746
214134, 26994.7750,  3, 302.29, 10.81499999999869
214154, 26996.8600,  3, 276.25, 12.825000000000728
214158, 26997.2750,  3, 311.42, 13.275000000001455
214172, 26998.7350,  3, 292.86, 14.729999999999563
214176, 26999.1500,  3, 270.08, 15.110000000000582
214178, 26999.3600,  3, 290.49, 15.380000000001019
214259, 27007.8000,  3, 256.28, 23.834999999999127
214272, 27009.1500,  3, 254.08, 25.110000000000582
214378, 27031.3250,  1, -169.56, 10.93500000000131
214378, 27031.3250,  1, -147.48, 10.93500000000131
214394, 27032.9900,  3, 274.34, 12.555000000000291
214431, 27036.8450,  3, 283.82, 16.350000000002183
214502, 27044.2400,  3, 228.74, 23.779999999998836
214502, 27044.2400,  3, 257.61, 23.75
214531, 27047.2650,  3, 261.15, 26.770000000000437
214760, 27071.1150,  3, 143.08, 50.705000000001746
214880, 27094.7850,  3, 279.86, 12.3650000000016
214885, 27095.3050,  3, 292.11, 12.875
214895, 27096.3450,  3, 282.02, 13.889999999999418
214905, 27097.3900,  3, 294.12, 14.955000000001746
214914, 27098.3250,  3, 276.91, 15.924999999999272
215019, 27109.2650,  3, 283.32, 26.775000000001455
215113, 27119.0550,  3, 211.35, 36.56500000000233
215125, 27120.3050,  3, 218.15, 37.81000000000131
215227, 27142.0600,  3, 320.94, 10.510000000002037
215285, 27148.1050,  3, 265.70, 16.540000000000873
215285, 27148.1050,  3, 280.28, 16.520000000000437
215292, 27148.8300,  3, 279.53, 17.25
215308, 27150.5000,  3, 257.74, 18.950000000000728
215387, 27158.7300,  3, 263.72, 27.150000000001455
215397, 27159.7700,  3, 254.52, 28.125
215400, 27160.0800,  3, 261.93, 28.525000000001455
215505, 27181.8550,  3, 336.67, 10.819999999999709
215529, 27184.3550,  3, 293.35, 13.25
215532, 27184.6650,  3, 280.45, 13.610000000000582
215539, 27185.3950,  3, 294.00, 14.369999999998981
215539, 27185.3950,  1, -136.98, 14.375
215539, 27185.3950,  1, -230.71, 14.375
215557, 27187.2700,  3, 277.90, 16.159999999999854
215595, 27191.2300,  3, 246.44, 20.18000000000029
215722, 27215.7050,  3, 280.35, 13.080000000001746
215742, 27217.7900,  3, 278.43, 15.18500000000131
215745, 27218.1050,  3, 273.10, 15.479999999999563
215764, 27220.0800,  3, 303.32, 17.470000000001164
215773, 27221.0200,  3, 318.38, 18.375
215831, 27227.0600,  3, 241.59, 24.459999999999127
215834, 27227.3750,  3, 256.20, 24.68500000000131
215897, 27233.9350,  3, 248.39, 31.345000000001164
216012, 27257.8950,  3, 305.05, 11.81499999999869
216021, 27258.8300,  3, 284.30, 12.739999999997963
216024, 27259.1450,  3, 291.45, 13.090000000000146
216030, 27259.7700,  3, 285.98, 13.694999999999709
216042, 27261.0200,  3, 310.94, 14.954999999998108
216048, 27261.6450,  3, 274.75, 15.579999999998108
216057, 27262.5800,  3, 292.33, 16.465000000000146
216073, 27264.2500,  3, 290.86, 18.149999999997817
216193, 27287.8600,  3, 294.24, 12.334999999999127
216198, 27288.3800,  3, 308.63, 12.840000000000146
216216, 27290.2550,  3, 276.56, 14.779999999998836
216219, 27290.5700,  3, 280.73, 15.084999999999127
216233, 27292.0250,  3, 314.39, 16.514999999999418
216303, 27299.3200,  3, 262.58, 23.82999999999811
216366, 27305.8800,  3, 295.52, 30.389999999999418
216432, 27312.7550,  3, 198.28, 37.2599999999984
216540, 27334.9700,  3, 291.92, 11.125
216552, 27336.2200,  3, 299.76, 12.319999999999709
216553, 27336.3250,  3, 330.40, 12.399999999997817
216570, 27338.0950,  3, 306.59, 14.194999999999709
216580, 27339.1400,  3, 256.86, 15.239999999997963
216681, 27349.6600,  3, 296.23, 25.75
216922, 27374.7650,  3, 140.20, 50.849999999998545
217174, 27401.0150,  1, -579.03, 77.18999999999869
217278, 27422.8550,  3, 290.80, 10.669999999998254
217287, 27423.7900,  3, 318.84, 11.6150000000016
217287, 27423.7900,  3, 308.93, 11.569999999999709
217288, 27423.8950,  3, 260.55, 11.735000000000582
217292, 27424.3100,  3, 296.41, 12.1349999999984
217294, 27424.5200,  3, 318.22, 12.375
217295, 27424.6250,  3, 288.64, 12.395000000000437
217326, 27427.8550,  3, 267.61, 15.625
217439, 27451.6800,  3, 281.02, 11.630000000001019
217449, 27452.7200,  3, 336.67, 12.625
217457, 27453.5550,  3, 259.27, 13.455000000001746
217468, 27454.7000,  3, 277.58, 14.619999999998981
217470, 27454.9100,  3, 303.26, 14.799999999999272
217476, 27455.5350,  3, 278.93, 15.5
217479, 27455.8450,  3, 278.65, 15.770000000000437
217515, 27459.5950,  3, 277.57, 19.56500000000233
217634, 27483.0500,  3, 321.75, 12.239999999997963
217640, 27483.6750,  3, 268.08, 12.849999999998545
217641, 27483.7750,  3, 340.26, 12.989999999997963
217642, 27483.8800,  3, 284.65, 13.049999999999272
217644, 27484.0900,  3, 317.32, 13.25499999999738
217653, 27485.0250,  3, 323.35, 14.194999999999709
217672, 27487.0050,  3, 296.75, 16.229999999999563
217683, 27488.1500,  3, 268.47, 17.364999999997963
217789, 27510.3100,  3, 304.33, 10.834999999999127
217798, 27511.2500,  3, 316.78, 11.825000000000728
217805, 27511.9800,  3, 322.49, 12.56000000000131
217811, 27512.6050,  3, 284.04, 13.180000000000291
217813, 27512.8100,  3, 278.67, 13.419999999998254
217816, 27513.1250,  3, 307.48, 13.694999999999709
217831, 27514.6850,  3, 277.00, 15.244999999998981
217862, 27517.9150,  3, 250.55, 18.485000000000582
217987, 27541.9500,  3, 299.76, 12.895000000000437
217989, 27542.1600,  3, 300.33, 13.075000000000728
217989, 27542.1600,  3, 312.67, 13.055000000000291
217993, 27542.5750,  3, 323.88, 13.474999999998545
217999, 27543.2000,  3, 318.84, 14.084999999999127
218020, 27545.3900,  3, 283.13, 16.279999999998836
218039, 27547.3650,  3, 301.27, 18.299999999999272
218344, 27579.1400,  3, 195.47, 50.099999999998545
218460, 27602.3600,  3, 313.16, 11.909999999999854
218464, 27602.7750,  3, 301.97, 12.330000000001746
218481, 27604.5500,  3, 286.85, 14.070000000003347
218487, 27605.1750,  3, 250.61, 14.710000000002765
218489, 27605.3800,  3, 268.84, 14.980000000003201
218499, 27606.4250,  3, 308.30, 16.015000000003056
218500, 27606.5250,  3, 271.93, 16.075000000000728
218524, 27609.0250,  3, 273.05, 18.56500000000233
218642, 27632.5050,  3, 300.67, 12.1150000000016
218665, 27634.9000,  3, 286.64, 14.514999999999418
218668, 27635.2150,  3, 328.74, 14.834999999999127
218676, 27636.0500,  3, 272.07, 15.654999999998836
218677, 27636.1500,  3, 277.97, 15.775000000001455
218682, 27636.6750,  3, 300.99, 16.325000000000728
218703, 27638.8600,  3, 232.94, 18.514999999999418
218709, 27639.4850,  3, 265.19, 19.1150000000016
218833, 27663.2550,  3, 305.26, 12.805000000000291
218833, 27663.2550,  3, 296.78, 12.7400000000016
218839, 27663.8800,  3, 295.83, 13.430000000000291
218842, 27664.1950,  3, 309.63, 13.680000000000291
218842, 27664.1950,  3, 282.75, 13.670000000001892
218846, 27664.6100,  3, 288.19, 14.139999999999418
218847, 27664.7150,  3, 256.09, 14.260000000002037
218882, 27668.3600,  3, 273.38, 17.825000000000728
218996, 27691.3800,  3, 333.97, 11.680000000000291
219001, 27691.9000,  3, 306.35, 12.239999999997963
219010, 27692.8400,  3, 255.75, 13.165000000000873
219026, 27694.5050,  3, 294.75, 14.880000000001019
219034, 27695.3400,  3, 290.24, 15.649999999997817
219038, 27695.7550,  3, 281.15, 16.05999999999767
219048, 27696.8000,  3, 306.53, 17.1349999999984
219058, 27697.8400,  3, 260.11, 18.220000000001164
219178, 27721.5900,  3, 267.74, 12.354999999999563
219182, 27722.0050,  3, 280.10, 12.7400000000016
219186, 27722.4250,  3, 255.44, 13.170000000001892
219187, 27722.5250,  3, 313.11, 13.25
219187, 27722.5250,  3, 250.83, 13.260000000002037
219203, 27724.1950,  3, 305.48, 14.904999999998836
219210, 27724.9250,  3, 307.99, 15.639999999999418
219214, 27725.3400,  3, 297.86, 16.06999999999971
219336, 27749.0900,  3, 282.90, 12.559999999997672
219337, 27749.1950,  3, 293.78, 12.684999999997672
219356, 27751.1750,  3, 272.77, 14.680000000000291
219356, 27751.1750,  3, 277.48, 14.680000000000291
219356, 27751.1750,  3, 282.58, 14.630000000001019
219360, 27751.5900,  3, 234.47, 15.079999999998108
219384, 27754.0900,  3, 279.03, 17.50500000000102
219386, 27754.3000,  3, 258.09, 17.764999999999418
219448, 27771.5050,  1, -172.30, 6.354999999999563
219448, 27771.5050,  1, -157.98, 6.354999999999563
219501, 27777.0250,  3, 279.36, 11.844999999997526
219505, 27777.4450,  3, 272.78, 12.224999999998545
219516, 27778.5900,  3, 304.77, 13.430000000000291
219524, 27779.4250,  3, 280.02, 14.169999999998254
219534, 27780.4650,  3, 289.52, 15.284999999999854
219547, 27781.8200,  3, 249.91, 16.61999999999898
219665, 27806.0400,  3, 334.05, 12.104999999999563
219665, 27806.0400,  3, 315.41, 12.104999999999563
219681, 27807.7050,  3, 279.18, 13.81000000000131
219682, 27807.8100,  3, 294.43, 13.93999999999869
219688, 27808.4350,  3, 285.15, 14.505000000001019
219715, 27811.2500,  3, 291.18, 17.330000000001746
219731, 27812.9150,  3, 286.93, 18.955000000001746
219752, 27815.1050,  3, 272.60, 21.229999999999563
219861, 27838.1650,  3, 275.28, 11.155000000002474
219875, 27839.6250,  3, 282.65, 12.62000000000262
219888, 27840.9800,  3, 284.64, 14.015000000003056
219892, 27841.3950,  3, 284.33, 14.455000000001746
219901, 27842.3300,  3, 302.50, 15.385000000002037
219903, 27842.5400,  3, 303.79, 15.610000000000582
219914, 27843.6850,  3, 294.54, 16.69000000000233
219930, 27845.3550,  3, 260.85, 18.385000000002037
220046, 27869.4100,  3, 318.90, 11.954999999998108
220048, 27869.6150,  3, 309.53, 12.1349999999984
220054, 27870.2400,  3, 300.95, 12.739999999997963
220070, 27871.9100,  3, 266.56, 14.375
220083, 27873.2650,  3, 281.36, 15.799999999999272
220084, 27873.3650,  3, 243.66, 15.889999999999418
220128, 27877.9500,  3, 259.31, 20.474999999998545
220170, 27882.3250,  3, 259.03, 24.825000000000728
220280, 27904.5800,  3, 332.37, 11.275000000001455
220288, 27905.4150,  3, 288.18, 12.150000000001455
220297, 27906.3550,  3, 288.68, 13.090000000000146
220298, 27906.4550,  3, 298.01, 13.215000000000146
220311, 27907.8100,  3, 298.54, 14.56000000000131
220324, 27909.1650,  3, 276.02, 15.834999999999127
220333, 27910.1050,  3, 288.66, 16.784999999999854
220347, 27911.5600,  3, 283.17, 18.25
220461, 27934.7300,  3, 283.96, 11.684999999997672
220465, 27935.1450,  3, 321.92, 12.125
220466, 27935.2500,  3, 299.48, 12.25499999999738
220470, 27935.6650,  3, 260.69, 12.644999999996799
220473, 27935.9800,  3, 282.53, 13.014999999999418
220497, 27938.4800,  3, 299.72, 15.464999999996508
220509, 27939.7300,  3, 277.90, 16.734999999996944
220546, 27943.5800,  3, 278.75, 20.55999999999767
220657, 27967.0200,  3, 273.35, 11.395000000000437
220678, 27969.2050,  3, 254.34, 13.604999999999563
220706, 27972.1250,  3, 298.19, 16.5
220706, 27972.1250,  3, 283.90, 16.4900000000016
220712, 27972.7500,  3, 309.57, 17.085000000002765
220717, 27973.2700,  3, 254.13, 17.69499999999971
220718, 27973.3750,  3, 286.37, 17.725000000002183
220755, 27977.2300,  3, 265.50, 21.625
220870, 28000.4450,  3, 327.05, 11.779999999998836
220891, 28002.6300,  3, 288.78, 13.985000000000582
220900, 28003.5700,  3, 295.63, 14.909999999999854
220922, 28005.8600,  3, 275.36, 17.24499999999898
220928, 28006.4850,  3, 265.75, 17.81499999999869
220946, 28008.3600,  3, 307.46, 19.705000000001746
220951, 28008.8800,  3, 289.18, 20.30500000000029
220977, 28011.5900,  3, 269.96, 22.93999999999869
221093, 28035.6450,  3, 290.30, 11.93999999999869
221100, 28036.3750,  3, 282.45, 12.6349999999984
221114, 28037.8300,  3, 289.86, 14.12999999999738
221116, 28038.0400,  3, 301.32, 14.354999999999563
221124, 28038.8750,  3, 274.99, 15.18999999999869
221198, 28046.5800,  3, 237.06, 22.909999999999854
221212, 28048.0400,  3, 270.16, 24.32999999999811
221220, 28048.8750,  3, 254.85, 25.110000000000582
221330, 28071.4350,  3, 304.28, 11.325000000000728
221338, 28072.2700,  3, 322.94, 12.1150000000016
221373, 28075.9150,  3, 262.40, 15.729999999999563
221377, 28076.3300,  3, 303.90, 16.225000000002183
221385, 28077.1650,  3, 278.09, 17.040000000000873
221395, 28078.2050,  3, 304.05, 18.095000000001164
221419, 28080.7050,  3, 234.33, 20.520000000000437
221501, 28089.2500,  3, 247.63, 29.145000000000437
221604, 28111.0550,  3, 305.21, 10.590000000000146
221623, 28113.0350,  3, 291.68, 12.595000000001164
221639, 28114.7000,  3, 269.95, 14.169999999998254
221649, 28115.7400,  3, 286.91, 15.215000000000146
221651, 28115.9500,  3, 319.72, 15.485000000000582
221653, 28116.1600,  3, 298.73, 15.674999999999272
221659, 28116.7850,  3, 278.17, 16.290000000000873
221670, 28117.9300,  3, 297.11, 17.419999999998254
221732, 28135.5400,  1, -175.49, 6.354999999999563
221732, 28135.5400,  1, -154.26, 6.354999999999563
221785, 28141.0600,  3, 269.98, 11.844999999997526
221812, 28143.8750,  3, 279.77, 14.590000000000146
221832, 28145.9550,  3, 265.37, 16.674999999999272
221838, 28146.5800,  3, 296.98, 17.359999999996944
221859, 28148.7700,  3, 273.12, 19.524999999997817
221877, 28150.6450,  3, 269.99, 21.399999999997817
221999, 28174.6050,  3, 283.72, 12.56000000000131
222020, 28176.7900,  3, 280.32, 14.779999999998836
222023, 28177.1050,  3, 274.77, 15.044999999998254
222027, 28177.5200,  3, 269.76, 15.5
222031, 28177.9350,  3, 281.58, 15.880000000001019
222039, 28178.7700,  3, 248.41, 16.665000000000873
222047, 28179.6050,  3, 268.82, 17.50500000000102
222066, 28181.5800,  3, 239.07, 19.4900000000016
222181, 28204.6650,  3, 281.48, 11.854999999999563
222190, 28205.6050,  3, 292.89, 12.75499999999738
222201, 28206.7500,  3, 270.89, 13.909999999999854
222201, 28206.7500,  3, 285.54, 13.915000000000873
222221, 28208.8300,  3, 281.85, 15.965000000000146
222230, 28209.7700,  3, 257.55, 16.95499999999811
222246, 28211.4350,  3, 302.84, 18.544999999998254
222305, 28217.5800,  3, 271.50, 24.779999999998836
222419, 28241.3900,  3, 270.93, 11.755000000001019
222427, 28242.2200,  3, 298.69, 12.525000000001455
222434, 28242.9500,  3, 311.82, 13.270000000000437
222435, 28243.0550,  3, 291.99, 13.389999999999418
222449, 28244.5150,  3, 279.42, 14.845000000001164
222451, 28244.7200,  3, 293.02, 15.095000000001164
222454, 28245.0350,  3, 292.17, 15.345000000001164
222476, 28247.3250,  3, 266.34, 17.63000000000102
222604, 28271.8100,  3, 317.37, 13.125
222614, 28272.8550,  3, 284.86, 14.190000000002328
222623, 28273.7900,  3, 290.88, 15.194999999999709
222631, 28274.6250,  3, 279.74, 15.985000000000582
222642, 28275.7700,  3, 273.36, 17.080000000001746
222647, 28276.2900,  3, 278.29, 17.63000000000102
222698, 28281.6050,  3, 306.81, 22.985000000000582
222717, 28283.5800,  3, 238.53, 24.970000000001164
222825, 28305.9100,  3, 321.52, 11.040000000000873
222830, 28306.4300,  3, 332.33, 11.654999999998836
222831, 28306.5350,  3, 304.58, 11.764999999999418
222841, 28307.5750,  3, 301.24, 12.799999999999272
222845, 28307.9900,  3, 271.77, 13.139999999999418
222860, 28309.5550,  3, 303.07, 14.709999999999127
222871, 28310.7000,  3, 287.95, 15.830000000001746
222877, 28311.3250,  3, 282.25, 16.549999999999272
222986, 28333.6300,  3, 333.60, 11.229999999999563
222993, 28334.3600,  3, 303.69, 11.965000000000146
223000, 28335.0900,  3, 291.84, 12.62999999999738
223000, 28335.0900,  3, 282.05, 12.6349999999984
223008, 28335.9250,  3, 283.63, 13.520000000000437
223025, 28337.6950,  3, 278.16, 15.274999999997817
223038, 28339.0500,  3, 306.37, 16.649999999997817
223101, 28345.6100,  3, 269.12, 23.149999999997817
223224, 28369.4450,  3, 308.47, 12.684999999997672
223225, 28369.5500,  3, 306.85, 12.744999999998981
223232, 28370.2750,  3, 285.55, 13.474999999998545
223235, 28370.5900,  3, 308.08, 13.81499999999869
223267, 28373.9250,  3, 266.65, 17.18000000000029
223268, 28374.0250,  3, 296.53, 17.215000000000146
223311, 28378.5050,  3, 276.01, 21.720000000001164
223329, 28380.3800,  3, 237.15, 23.639999999999418
223447, 28404.6250,  3, 322.28, 12.090000000000146
223454, 28405.3550,  3, 278.34, 12.895000000000437
223460, 28405.9800,  3, 273.64, 13.444999999999709
223461, 28406.0800,  3, 281.07, 13.569999999999709
223462, 28406.1850,  3, 301.53, 13.719999999997526
223464, 28406.3950,  3, 290.80, 13.864999999997963
223471, 28407.1250,  3, 299.48, 14.664999999997235
223519, 28412.1250,  3, 294.06, 19.594999999997526
223638, 28436.2050,  3, 267.22, 12.2599999999984
223641, 28436.5200,  3, 291.10, 12.56499999999869
223650, 28437.4550,  3, 230.46, 13.479999999999563
223659, 28438.3950,  3, 245.82, 14.399999999997817
223676, 28440.1650,  3, 275.27, 16.149999999997817
223678, 28440.3750,  3, 247.39, 16.424999999999272
223712, 28443.9150,  3, 273.94, 19.93499999999767
223721, 28444.8550,  3, 242.35, 20.889999999999418
223779, 28462.1300,  1, -169.56, 5.93500000000131
223779, 28462.1300,  1, -135.24, 5.93500000000131
223837, 28468.1750,  3, 293.08, 11.880000000001019
223846, 28469.1100,  3, 282.12, 12.904999999998836
223853, 28469.8400,  3, 258.99, 13.56499999999869
223859, 28470.4650,  3, 275.28, 14.220000000001164
223861, 28470.6750,  3, 288.61, 14.430000000000291
223874, 28472.0250,  3, 279.02, 15.755000000001019
224021, 28499.5750,  3, 296.47, 15.18500000000131
224021, 28499.5750,  3, 320.60, 15.139999999999418
224022, 28499.6800,  3, 282.17, 15.275000000001455
224030, 28500.5150,  3, 301.01, 16.110000000000582
224037, 28501.2400,  3, 268.76, 16.790000000000873
224037, 28501.2400,  3, 290.56, 16.850000000002183
224068, 28504.4700,  3, 277.14, 20.080000000001746
224130, 28510.9300,  3, 228.88, 26.460000000002765
224235, 28532.8050,  3, 300.05, 10.770000000000437
224250, 28534.3650,  3, 305.03, 12.325000000000728
224257, 28535.0950,  3, 292.47, 13.030000000002474
224265, 28535.9300,  3, 275.59, 13.860000000000582
224269, 28536.3450,  3, 281.29, 14.290000000000873
224288, 28538.3250,  3, 265.78, 16.30500000000029
224294, 28538.9500,  3, 281.52, 16.94000000000233
224329, 28542.5950,  3, 227.63, 20.520000000000437
224395, 28561.4550,  1, -146.99, 6.765000000003056
224395, 28561.4550,  1, -182.64, 6.765000000003056
224453, 28567.5000,  3, 229.82, 12.720000000001164
224483, 28570.6250,  3, 305.38, 15.850000000002183
224491, 28571.4550,  3, 269.91, 16.69000000000233
224496, 28571.9800,  3, 313.92, 17.220000000001164
224504, 28572.8100,  3, 284.49, 18.034999999999854
224508, 28573.2300,  3, 243.59, 18.455000000001746
224629, 28597.1150,  3, 267.06, 12.465000000000146
224636, 28597.8450,  3, 306.45, 13.12999999999738
224651, 28599.4100,  3, 298.70, 14.734999999996944
224653, 28599.6150,  3, 261.62, 14.974999999998545
224654, 28599.7200,  3, 303.19, 15.054999999996653
224675, 28601.9100,  3, 246.87, 17.229999999999563
224711, 28605.6600,  3, 267.75, 20.974999999998545
224727, 28607.3250,  3, 276.86, 22.61999999999898
224798, 28625.6750,  1, -177.95, 7.290000000000873
224798, 28625.6750,  1, -168.50, 7.290000000000873
224845, 28630.5700,  3, 266.23, 12.180000000000291
224874, 28633.5900,  3, 288.95, 15.190000000002328
224899, 28636.1950,  3, 290.06, 17.765000000003056
224920, 28638.3800,  3, 279.05, 19.9900000000016
224922, 28638.5900,  3, 271.19, 20.1050000000032
224966, 28643.1750,  3, 249.51, 24.68500000000131
225084, 28666.5600,  3, 289.94, 12.090000000000146
225099, 28668.1250,  3, 293.15, 13.724999999998545
225107, 28668.9550,  3, 286.20, 14.494999999998981
225112, 28669.4800,  3, 297.09, 15.080000000001746
225127, 28671.0400,  3, 241.32, 16.604999999999563
225135, 28671.8750,  3, 263.60, 17.424999999999272
225154, 28673.8550,  3, 239.46, 19.470000000001164
225156, 28674.0600,  3, 261.54, 19.595000000001164
225268, 28696.8400,  3, 310.09, 11.460000000002765
225271, 28697.1500,  3, 274.99, 11.775000000001455
225308, 28701.0050,  3, 267.97, 15.665000000000873
225314, 28701.6300,  3, 300.37, 16.25
225335, 28703.8200,  3, 271.59, 18.514999999999418
225360, 28706.4250,  3, 316.85, 21.06500000000233
225369, 28707.3600,  3, 266.22, 21.99500000000262
225390, 28709.5500,  3, 216.54, 24.260000000002037
225510, 28733.1950,  3, 303.92, 12.31000000000131
225514, 28733.6100,  3, 292.15, 12.805000000000291
225517, 28733.9250,  3, 314.42, 13.110000000000582
225521, 28734.3400,  3, 279.60, 13.444999999999709
225538, 28736.1100,  3, 293.55, 15.255000000001019
225540, 28736.3200,  3, 291.84, 15.455000000001746
225571, 28739.5500,  3, 256.49, 18.69000000000233
225692, 28752.1500,  3, 252.69, 31.30500000000029
225819, 28776.5200,  3, 289.60, 13.110000000000582
225819, 28776.5200,  3, 281.79, 13.110000000000582
225840, 28778.7050,  3, 287.10, 15.215000000000146
225849, 28779.6450,  3, 259.90, 16.235000000000582
225851, 28779.8550,  3, 271.18, 16.389999999999418
225859, 28780.6850,  3, 277.88, 17.239999999997963
225915, 28786.5200,  3, 289.08, 23.020000000000437
225940, 28789.1250,  3, 262.10, 25.724999999998545
226057, 28812.2200,  3, 306.84, 11.985000000000582
226062, 28812.7400,  3, 299.01, 12.514999999999418
226079, 28814.5150,  3, 273.88, 14.360000000000582
226080, 28814.6150,  3, 297.63, 14.444999999999709
226085, 28815.1400,  3, 278.47, 14.985000000000582
226100, 28816.7000,  3, 262.54, 16.529999999998836
226126, 28819.4100,  3, 282.49, 19.225000000002183
226178, 28824.8250,  3, 258.15, 24.600000000002183
226302, 28848.7850,  3, 311.40, 12.739999999997963
226312, 28849.8250,  3, 285.98, 13.789999999997235
226322, 28850.8650,  3, 292.69, 14.875
226326, 28851.2850,  3, 293.52, 15.209999999999127
226349, 28853.6800,  3, 307.35, 17.625
226352, 28853.9900,  3, 244.37, 18.00499999999738
226353, 28854.0950,  3, 269.49, 18.06499999999869
226389, 28857.8450,  3, 268.65, 21.784999999999854
226517, 28882.3600,  3, 335.19, 13.150000000001455
226520, 28882.6750,  3, 323.05, 13.515000000003056
226523, 28882.9850,  3, 271.94, 13.815000000002328
226524, 28883.0900,  3, 297.14, 13.915000000000873
226528, 28883.5050,  3, 293.60, 14.345000000001164
226534, 28884.1300,  3, 280.82, 14.980000000003201
226551, 28885.9000,  3, 281.81, 16.75500000000102
226629, 28894.0250,  3, 235.69, 24.860000000000582
226766, 28919.1500,  3, 261.72, 14.090000000000146
226777, 28920.3000,  3, 313.58, 15.264999999999418
226780, 28920.6100,  3, 289.39, 15.575000000000728
226784, 28921.0250,  3, 268.75, 15.965000000000146
226807, 28923.4250,  3, 268.99, 18.364999999997963
226851, 28928.0050,  3, 270.56, 22.915000000000873
226852, 28928.1100,  3, 276.40, 23.114999999997963
226879, 28930.9250,  3, 236.80, 25.93499999999767
227024, 28957.9700,  3, 288.69, 14.955000000001746
227033, 28958.9100,  3, 275.91, 15.850000000002183
227041, 28959.7400,  3, 274.54, 16.7300000000032
227043, 28959.9500,  3, 293.97, 16.93000000000029
227050, 28960.6800,  3, 289.50, 17.6150000000016
227056, 28961.3050,  3, 269.17, 18.2300000000032
227082, 28964.0150,  3, 300.68, 20.93500000000131
227155, 28971.6150,  3, 280.94, 28.55500000000029
227287, 28996.4250,  3, 295.88, 13.590000000000146
227299, 28997.6750,  3, 298.78, 14.889999999999418
227302, 28997.9850,  3, 283.53, 15.204999999998108
227314, 28999.2350,  3, 281.67, 16.354999999999563
227356, 29003.6100,  3, 247.57, 20.789999999997235
227422, 29010.4850,  3, 224.11, 27.649999999997817
227440, 29012.3600,  3, 254.92, 29.524999999997817
227460, 29014.4450,  3, 236.68, 31.56999999999971
227587, 29038.9150,  3, 282.61, 13.110000000000582
227604, 29040.6850,  3, 275.02, 14.840000000000146
227642, 29044.6450,  3, 235.42, 18.75499999999738
227664, 29046.9350,  3, 269.68, 21.044999999998254
227669, 29047.4550,  3, 255.03, 21.654999999998836
227671, 29047.6650,  3, 206.89, 21.794999999998254
227672, 29047.7700,  3, 251.40, 21.94499999999971
227680, 29048.6050,  3, 267.86, 22.735000000000582
227744, 29066.2850,  1, -159.37, 6.56499999999869
227744, 29066.2850,  1, -161.65, 6.56499999999869
227827, 29074.9300,  3, 273.37, 15.145000000000437
227866, 29078.9900,  3, 258.44, 19.18999999999869
227876, 29080.0350,  3, 252.54, 20.25
227901, 29082.6400,  3, 279.01, 22.889999999999418
227908, 29083.3650,  3, 276.71, 23.549999999999272
227947, 29087.4300,  3, 244.17, 27.69499999999971
228082, 29112.7350,  3, 289.95, 13.930000000000291
228087, 29113.2550,  3, 301.20, 14.37000000000262
228102, 29114.8200,  3, 270.28, 15.965000000000146
228103, 29114.9250,  3, 274.52, 16.139999999999418
228104, 29115.0250,  3, 291.13, 16.155000000002474
228113, 29115.9650,  3, 271.04, 17.090000000000146
228115, 29116.1750,  3, 260.78, 17.31999999999971
228123, 29117.0050,  3, 294.70, 18.215000000000146
228257, 29142.0400,  3, 283.60, 13.765000000003056
228272, 29143.6050,  3, 263.13, 15.315000000002328
228275, 29143.9150,  3, 267.21, 15.700000000000728
228276, 29144.0200,  3, 301.50, 15.790000000000873
228281, 29144.5400,  3, 304.06, 16.29500000000189
228288, 29145.2700,  3, 286.39, 17.04500000000189
228305, 29147.0400,  3, 267.14, 18.830000000001746
228527, 29170.1650,  3, 198.81, 41.95000000000073
228640, 29193.0550,  3, 290.41, 11.604999999999563
228651, 29194.2000,  3, 260.72, 12.75
228681, 29197.3250,  3, 248.01, 15.915000000000873
228692, 29198.4700,  3, 254.52, 17.025000000001455
228713, 29200.6600,  3, 283.91, 19.209999999999127
228719, 29201.2850,  3, 230.66, 19.88000000000102
228731, 29202.5350,  3, 283.80, 21.05500000000029
228745, 29203.9900,  3, 313.90, 22.529999999998836
228869, 29227.9800,  3, 280.69, 12.7400000000016
228872, 29228.2900,  3, 281.06, 13.035000000003492
228876, 29228.7050,  3, 279.31, 13.470000000001164
228883, 29229.4350,  3, 280.23, 14.160000000003492
228903, 29231.5200,  3, 278.19, 16.265000000003056
228913, 29232.5600,  3, 267.51, 17.345000000001164
228919, 29233.1850,  3, 276.88, 17.965000000000146
228939, 29235.2700,  3, 259.51, 20.090000000000146
229058, 29258.7300,  3, 304.34, 12.239999999997963
229083, 29261.3300,  3, 278.06, 14.889999999999418
229088, 29261.8550,  3, 278.88, 15.340000000000146
229096, 29262.6850,  3, 283.80, 16.20499999999811
229099, 29263.0000,  3, 277.52, 16.49499999999898
229106, 29263.7300,  3, 291.58, 17.19999999999709
229144, 29267.6850,  3, 267.73, 21.224999999998545
229163, 29269.6650,  3, 275.00, 23.164999999997235
229285, 29293.4700,  3, 286.20, 12.505000000001019
229293, 29294.3050,  3, 324.20, 13.400000000001455
229311, 29296.1800,  3, 297.03, 15.210000000002765
229316, 29296.7000,  3, 270.19, 15.729999999999563
229319, 29297.0150,  3, 270.39, 16.080000000001746
229338, 29298.9900,  3, 289.81, 18.095000000001164
229340, 29299.2000,  3, 271.65, 18.29500000000189
229364, 29301.7000,  3, 292.18, 20.825000000000728
229504, 29327.1100,  3, 276.09, 14.37999999999738
229508, 29327.5250,  3, 294.46, 14.825000000000728
229514, 29328.1500,  3, 264.61, 15.5
229521, 29328.8800,  3, 277.73, 16.174999999999272
229528, 29329.6100,  3, 278.39, 16.87999999999738
229556, 29332.5250,  3, 272.09, 19.799999999999272
229629, 29340.1300,  3, 202.60, 27.459999999999127
229684, 29345.8600,  3, 220.04, 33.14999999999782
229802, 29369.3800,  3, 308.07, 12.110000000000582
229810, 29370.2150,  3, 296.43, 12.93500000000131
229810, 29370.2150,  3, 282.27, 12.920000000001892
229812, 29370.4250,  3, 285.63, 13.159999999999854
229847, 29374.0700,  3, 297.99, 16.81499999999869
229847, 29374.0700,  3, 305.89, 16.825000000000728
229852, 29374.5900,  3, 281.32, 17.375
229855, 29374.9000,  3, 260.19, 17.625
229983, 29399.2150,  3, 270.01, 13.18999999999869
229985, 29399.4250,  3, 298.62, 13.434999999997672
229986, 29399.5250,  3, 265.90, 13.43999999999869
229990, 29399.9450,  3, 288.53, 13.934999999997672
230022, 29403.2750,  3, 276.16, 17.270000000000437
230060, 29407.2350,  3, 260.13, 21.149999999997817
230120, 29413.4850,  3, 235.17, 27.485000000000582
230445, 29447.3400,  3, 156.51, 61.279999999998836
230559, 29470.1850,  3, 287.73, 11.680000000000291
230567, 29471.0200,  3, 291.13, 12.540000000000873
230583, 29472.6850,  3, 287.69, 14.165000000000873
230584, 29472.7900,  3, 267.17, 14.345000000001164
230587, 29473.1050,  3, 301.60, 14.660000000003492
230604, 29474.8750,  3, 290.08, 16.37000000000262
230621, 29476.6450,  3, 289.60, 18.18500000000131
230946, 29510.5000,  3, 189.33, 51.98500000000058
231068, 29534.1250,  3, 295.24, 12.544999999998254
231072, 29534.5400,  3, 274.15, 12.959999999999127
231078, 29535.1650,  3, 275.62, 13.599999999998545
231079, 29535.2700,  3, 302.95, 13.704999999998108
231083, 29535.6850,  3, 312.54, 14.069999999999709
231090, 29536.4150,  3, 248.35, 14.869999999998981
231116, 29539.1250,  3, 264.73, 17.599999999998545
231152, 29542.8750,  3, 271.91, 21.299999999999272
231272, 29566.5550,  3, 300.81, 12.295000000001892
231273, 29566.6600,  3, 278.01, 12.479999999999563
231283, 29567.7000,  3, 319.60, 13.505000000001019
231289, 29568.3250,  3, 287.84, 14.06499999999869
231307, 29570.2000,  3, 281.51, 15.950000000000728
231334, 29573.0150,  3, 282.60, 18.830000000001746
231339, 29573.5350,  3, 284.66, 19.360000000000582
231343, 29573.9500,  3, 273.54, 19.770000000000437
231449, 29596.1150,  3, 283.48, 10.900000000001455
231455, 29596.7400,  3, 319.25, 11.544999999998254
231466, 29597.8900,  3, 286.00, 12.654999999998836
231469, 29598.2000,  3, 319.14, 12.915000000000873
231470, 29598.3050,  3, 315.27, 13.104999999999563
231473, 29598.6150,  3, 302.37, 13.334999999999127
231494, 29600.8050,  3, 299.09, 15.590000000000146
231592, 29611.0150,  3, 250.79, 25.81499999999869
231716, 29634.9650,  3, 298.24, 12.75
231719, 29635.2750,  3, 317.24, 13.090000000000146
231728, 29636.2150,  3, 278.65, 14.014999999999418
231738, 29637.2550,  3, 288.89, 15.0
231739, 29637.3600,  3, 279.59, 15.109999999996944
231742, 29637.6750,  3, 294.15, 15.5099999999984
231749, 29638.4000,  3, 272.19, 16.18000000000029
231773, 29640.9000,  3, 274.15, 18.669999999998254
231897, 29664.8400,  3, 302.02, 12.719999999997526
231900, 29665.1500,  3, 309.45, 13.119999999998981
231901, 29665.2550,  3, 280.41, 13.1349999999984
231902, 29665.3600,  3, 300.24, 13.329999999998108
231905, 29665.6750,  3, 256.14, 13.549999999999272
231910, 29666.1950,  3, 313.93, 14.139999999999418
231942, 29669.5250,  3, 312.31, 17.474999999998545
231971, 29672.5500,  3, 268.90, 20.424999999999272
232098, 29696.8750,  3, 298.48, 13.069999999999709
232113, 29698.4350,  3, 257.40, 14.654999999998836
232114, 29698.5400,  3, 268.82, 14.724999999998545
232145, 29701.7700,  3, 346.01, 17.965000000000146
232168, 29704.1650,  3, 275.49, 20.375
232177, 29705.1050,  3, 296.67, 21.325000000000728
232218, 29709.3750,  3, 269.86, 25.61999999999898
232241, 29711.7700,  3, 281.65, 27.985000000000582
232361, 29735.3950,  3, 321.25, 12.319999999999709
232364, 29735.7050,  3, 296.89, 12.6150000000016
232374, 29736.7500,  3, 295.67, 13.654999999998836
232375, 29736.8550,  3, 281.40, 13.764999999999418
232400, 29739.4550,  3, 287.43, 16.3849999999984
232403, 29739.7700,  3, 276.43, 16.705000000001746
232511, 29751.0200,  3, 265.29, 28.014999999999418
233010, 29803.0000,  2, -72.65,  80
233131, 29826.5950,  3, 313.08, 12.340000000000146
233132, 29826.7000,  3, 297.60, 12.469999999997526
233138, 29827.3250,  3, 330.02, 13.055000000000291
233142, 29827.7400,  3, 285.55, 13.524999999997817
233154, 29828.9900,  3, 297.87, 14.719999999997526
233158, 29829.4100,  3, 276.46, 15.18999999999869
233192, 29832.9500,  3, 267.46, 18.68000000000029
233271, 29841.1800,  3, 308.73, 26.924999999999272
233382, 29863.7150,  3, 321.60, 11.445000000003347
233384, 29863.9250,  3, 278.05, 11.655000000002474
233393, 29864.8600,  3, 272.28, 12.590000000000146
233399, 29865.4850,  3, 300.84, 13.12000000000262
233404, 29866.0050,  3, 321.78, 13.695000000003347
233404, 29866.0050,  3, 279.36, 13.690000000002328
233406, 29866.2150,  3, 267.54, 13.930000000000291
233422, 29867.8800,  3, 290.03, 15.6150000000016
233530, 29889.9150,  3, 299.88, 11.139999999999418
233532, 29890.1250,  3, 317.28, 11.255000000001019
233544, 29891.3750,  3, 298.33, 12.549999999999272
233559, 29892.9350,  3, 308.07, 14.110000000000582
233565, 29893.5600,  3, 285.26, 14.704999999998108
233578, 29894.9150,  3, 302.04, 16.125
233589, 29896.0600,  3, 258.58, 17.224999999998545
233670, 29904.5000,  3, 258.63, 25.6349999999984
233784, 29927.2350,  3, 311.43, 11.744999999998981
233790, 29927.8600,  3, 298.19, 12.325000000000728
233813, 29930.2550,  3, 284.90, 14.7400000000016
233845, 29933.5900,  3, 301.37, 18.104999999999563
233852, 29934.3200,  3, 307.38, 18.794999999998254
233853, 29934.4250,  3, 299.85, 18.93500000000131
233857, 29934.8400,  3, 292.36, 19.31499999999869
233866, 29935.7750,  3, 257.78, 20.284999999999854
233988, 29959.5700,  3, 272.87, 12.579999999998108
233990, 29959.7750,  3, 297.77, 12.770000000000437
233994, 29960.1950,  3, 316.56, 13.165000000000873
233997, 29960.5050,  3, 293.25, 13.525000000001455
233998, 29960.6100,  3, 299.66, 13.575000000000728
234006, 29961.4450,  3, 291.66, 14.3849999999984
234009, 29961.7550,  3, 315.23, 14.715000000000146
234045, 29965.5050,  3, 304.52, 18.43999999999869
234154, 29988.0150,  3, 330.13, 11.225000000002183
234163, 29988.9500,  3, 278.15, 12.150000000001455
234176, 29990.3050,  3, 273.66, 13.440000000002328
234176, 29990.3050,  3, 273.19, 13.510000000002037
234179, 29990.6150,  3, 279.56, 13.764999999999418
234181, 29990.8250,  3, 304.91, 13.985000000000582
234192, 29991.9700,  3, 280.96, 15.18500000000131
234200, 29992.8050,  3, 268.56, 16.0
234305, 30015.6950,  3, 314.94, 10.739999999997963
234311, 30016.3200,  3, 308.12, 11.380000000001019
234314, 30016.6300,  3, 320.25, 11.7599999999984
234316, 30016.8400,  3, 283.44, 11.924999999999272
234317, 30016.9450,  3, 334.94, 12.06499999999869
234328, 30018.0900,  3, 325.30, 13.165000000000873
234364, 30021.8400,  3, 294.85, 16.94499999999971
234364, 30021.8400,  3, 283.35, 16.95499999999811
234474, 30044.5400,  3, 330.07, 11.275000000001455
234480, 30045.1650,  3, 307.28, 11.890000000003056
234481, 30045.2700,  3, 284.41, 11.9900000000016
234485, 30045.6850,  3, 284.92, 12.430000000000291
234493, 30046.5200,  3, 289.65, 13.280000000002474
234535, 30050.8950,  3, 242.13, 17.6150000000016
234536, 30051.0000,  3, 325.47, 17.710000000002765
234575, 30055.0600,  3, 266.18, 21.80500000000029
234683, 30078.3650,  3, 310.76, 11.040000000000873
234689, 30078.9900,  3, 296.37, 11.755000000001019
234698, 30079.9300,  3, 322.79, 12.700000000000728
234709, 30081.0750,  3, 273.87, 13.770000000000437
234720, 30082.2200,  3, 304.07, 14.895000000000437
234723, 30082.5350,  3, 275.60, 15.255000000001019
234731, 30083.3650,  3, 324.34, 16.080000000001746
234735, 30083.7850,  3, 291.68, 16.530000000002474
234859, 30108.6450,  3, 302.84, 12.725000000002183
234866, 30109.3750,  3, 304.74, 13.444999999999709
234883, 30111.1450,  3, 274.87, 15.255000000001019
234891, 30111.9800,  3, 280.17, 16.104999999999563
234901, 30113.0200,  3, 300.64, 17.18000000000029
234910, 30113.9550,  3, 287.53, 18.104999999999563
234916, 30114.5800,  3, 268.67, 18.674999999999272
234918, 30114.7900,  3, 246.67, 18.905000000002474
235035, 30139.9150,  3, 320.06, 12.034999999999854
235039, 30140.3300,  3, 313.09, 12.470000000001164
235040, 30140.4350,  3, 290.94, 12.580000000001746
235049, 30141.3750,  3, 271.35, 13.5
235055, 30142.0000,  3, 322.15, 14.075000000000728
235076, 30144.1850,  3, 275.30, 16.340000000000146
235078, 30144.3950,  3, 302.99, 16.459999999999127
235079, 30144.5000,  3, 278.62, 16.639999999999418
235187, 30166.5600,  3, 288.80, 11.079999999998108
235188, 30166.6650,  3, 322.51, 11.209999999999127
235190, 30166.8750,  3, 319.61, 11.419999999998254
235194, 30167.2900,  3, 321.06, 11.864999999997963
235195, 30167.3950,  3, 312.11, 11.954999999998108
235201, 30168.0200,  3, 314.88, 12.584999999999127
235210, 30168.9550,  3, 312.62, 13.534999999999854
235228, 30170.8300,  3, 291.48, 15.399999999997817
235340, 30193.7650,  3, 321.98, 11.465000000000146
235346, 30194.3900,  3, 324.26, 12.099999999998545
235352, 30195.0150,  3, 295.63, 12.739999999997963
235352, 30195.0150,  3, 283.29, 12.7599999999984
235356, 30195.4300,  3, 284.90, 13.130000000001019
235358, 30195.6400,  3, 274.88, 13.369999999998981
235385, 30198.4500,  3, 318.52, 16.18499999999767
235398, 30199.8050,  3, 253.51, 17.50500000000102
235500, 30221.4700,  3, 309.38, 10.474999999998545
235509, 30222.4100,  3, 303.18, 11.395000000000437
235512, 30222.7200,  3, 302.30, 11.735000000000582
235548, 30226.4700,  3, 301.85, 15.419999999998254
235549, 30226.5750,  3, 284.20, 15.555000000000291
235565, 30228.2400,  3, 249.52, 17.25
235601, 30231.9900,  3, 272.70, 21.034999999999854
235657, 30237.8250,  3, 260.89, 26.80999999999767
235715, 30254.9900,  1, -138.67, 5.93500000000131
235715, 30254.9900,  1, -140.01, 5.93500000000131
235770, 30260.7200,  3, 314.27, 11.604999999999563
235771, 30260.8250,  3, 284.52, 11.68500000000131
235773, 30261.0350,  3, 301.02, 11.875
235774, 30261.1400,  3, 321.35, 11.985000000000582
235779, 30261.6600,  3, 294.84, 12.569999999999709
235786, 30262.3900,  3, 296.74, 13.329999999998108
235895, 30284.8450,  3, 307.84, 11.140000000003056
235905, 30285.8900,  3, 277.38, 12.210000000002765
235906, 30285.9900,  3, 284.56, 12.340000000000146
235917, 30287.1400,  3, 290.00, 13.455000000001746
235931, 30288.5950,  3, 292.90, 14.960000000002765
235944, 30289.9500,  3, 305.63, 16.260000000002037
235951, 30290.6800,  3, 298.26, 16.99500000000262
235962, 30291.8250,  3, 282.21, 18.17000000000189
236079, 30315.1100,  3, 279.74, 12.055000000000291
236081, 30315.3200,  3, 301.84, 12.204999999998108
236081, 30315.3200,  3, 309.05, 12.269999999996799
236110, 30318.3400,  3, 298.03, 15.284999999999854
236112, 30318.5500,  3, 308.76, 15.465000000000146
236113, 30318.6500,  3, 284.06, 15.594999999997526
236134, 30320.8400,  3, 279.75, 17.784999999999854
236141, 30321.5700,  3, 293.30, 18.514999999999418
236257, 30344.6050,  3, 304.72, 11.970000000001164
236273, 30346.2700,  3, 277.09, 13.604999999999563
236278, 30346.7900,  3, 273.11, 14.119999999998981
236282, 30347.2050,  3, 309.54, 14.479999999999563
236288, 30347.8300,  3, 283.36, 15.18999999999869
236293, 30348.3550,  3, 292.49, 15.654999999998836
236298, 30348.8750,  3, 298.64, 16.154999999998836
236304, 30349.5000,  3, 264.41, 16.80500000000029
236378, 30368.2350,  1, -153.75, 7.604999999999563
236378, 30368.2350,  1, -157.32, 7.604999999999563
236412, 30371.7750,  3, 289.13, 11.099999999998545
236441, 30374.8000,  3, 298.68, 14.164999999997235
236447, 30375.4250,  3, 288.15, 14.694999999999709
236475, 30378.3400,  3, 282.51, 17.68499999999767
236493, 30380.2150,  3, 291.33, 19.57999999999811
236501, 30381.0500,  3, 298.49, 20.395000000000437
236589, 30401.4550,  1, -158.63, 9.06000000000131
236589, 30401.4550,  1, -168.60, 9.06000000000131
236612, 30403.8550,  3, 317.13, 11.404999999998836
236612, 30403.8550,  3, 324.94, 11.369999999998981
236620, 30404.6850,  3, 279.18, 12.224999999998545
236651, 30407.9150,  3, 280.70, 15.470000000001164
236652, 30408.0200,  3, 263.94, 15.544999999998254
236757, 30418.9550,  3, 272.20, 26.470000000001164
236864, 30441.2150,  3, 318.15, 10.940000000002328
236874, 30442.2550,  3, 302.03, 11.975000000002183
236885, 30443.4000,  3, 299.25, 13.180000000000291
236904, 30445.3800,  3, 289.53, 15.165000000000873
236911, 30446.1100,  3, 281.35, 15.905000000002474
236914, 30446.4250,  3, 273.99, 16.229999999999563
236926, 30447.6750,  3, 293.05, 17.395000000000437
236946, 30449.7550,  3, 246.44, 19.510000000002037
237048, 30472.3300,  3, 324.36, 10.43500000000131
237051, 30472.6450,  3, 336.18, 10.7400000000016
237059, 30473.4800,  3, 320.86, 11.6150000000016
237073, 30474.9350,  3, 314.39, 13.110000000000582
237079, 30475.5600,  3, 303.87, 13.710000000002765
237080, 30475.6650,  3, 290.94, 13.81000000000131
237088, 30476.5000,  3, 307.27, 14.590000000000146
237120, 30479.8300,  3, 297.53, 17.92000000000189
237224, 30502.6650,  3, 343.45, 10.625
237238, 30504.1250,  3, 327.21, 12.180000000000291
237241, 30504.4350,  3, 277.27, 12.420000000001892
237244, 30504.7500,  3, 308.26, 12.780000000002474
237251, 30505.4800,  3, 278.20, 13.520000000000437
237265, 30506.9350,  3, 300.24, 14.93500000000131
237268, 30507.2500,  3, 267.39, 15.24500000000262
237286, 30509.1250,  3, 268.54, 17.12000000000262
237361, 30528.0550,  1, -167.77, 7.705000000001746
237361, 30528.0550,  1, -156.43, 7.705000000001746
237404, 30532.5350,  3, 301.68, 12.17500000000291
237404, 30532.5350,  3, 280.82, 12.165000000000873
237408, 30532.9500,  3, 321.39, 12.575000000000728
237412, 30533.3650,  3, 296.42, 13.0
237417, 30533.8900,  3, 272.21, 13.520000000000437
237437, 30535.9700,  3, 286.63, 15.534999999999854
237552, 30559.0800,  3, 297.99, 11.864999999997963
237573, 30561.2700,  3, 271.01, 13.974999999998545
237582, 30562.2050,  3, 284.98, 14.984999999996944
237583, 30562.3100,  3, 327.84, 15.079999999998108
237594, 30563.4550,  3, 309.65, 16.149999999997817
237600, 30564.0800,  3, 313.97, 16.844999999997526
237601, 30564.1850,  3, 276.15, 16.8949999999968
237612, 30565.3300,  3, 273.96, 18.044999999998254
237718, 30587.3200,  3, 298.81, 10.864999999997963
237718, 30587.3200,  3, 284.21, 10.934999999997672
237725, 30588.0500,  3, 319.91, 11.654999999998836
237729, 30588.4650,  3, 316.05, 11.989999999997963
237741, 30589.7150,  3, 303.66, 13.289999999997235
237763, 30592.0050,  3, 289.38, 15.56499999999869
237770, 30592.7350,  3, 306.67, 16.279999999998836
237786, 30594.4000,  3, 298.40, 17.95499999999811
237897, 30616.9000,  3, 336.02, 11.369999999998981
237915, 30618.7750,  3, 285.95, 13.325000000000728
237915, 30618.7750,  3, 291.74, 13.305000000000291
237916, 30618.8800,  3, 295.29, 13.415000000000873
237919, 30619.1950,  3, 291.94, 13.670000000001892
237934, 30620.7550,  3, 287.67, 15.224999999998545
237938, 30621.1750,  3, 277.00, 15.724999999998545
237959, 30623.3600,  3, 282.39, 17.81000000000131
238065, 30646.1600,  3, 298.88, 10.904999999998836
238077, 30647.4100,  3, 294.18, 12.149999999997817
238083, 30648.0350,  3, 300.92, 12.764999999999418
238084, 30648.1400,  3, 304.81, 12.87999999999738
238087, 30648.4500,  3, 313.01, 13.145000000000437
238096, 30649.3900,  3, 319.57, 14.099999999998545
238097, 30649.4900,  3, 275.01, 14.229999999999563
238169, 30656.9900,  3, 273.84, 21.75
238274, 30679.0200,  3, 290.69, 10.795000000001892
238280, 30679.6450,  3, 302.12, 11.43500000000131
238286, 30680.2700,  3, 268.97, 12.05000000000291
238306, 30682.3550,  3, 279.80, 14.12000000000262
238316, 30683.3950,  3, 279.55, 15.17500000000291
238319, 30683.7050,  3, 268.55, 15.43500000000131
238326, 30684.4350,  3, 278.66, 16.229999999999563
238329, 30684.7500,  3, 318.16, 16.4900000000016
238392, 30702.4500,  1, -172.29, 6.455000000001746
238392, 30702.4500,  1, -111.62, 6.455000000001746
238406, 30703.9100,  1, -167.22, 7.915000000000873
238406, 30703.9100,  1, -147.43, 7.915000000000873
238448, 30708.2850,  3, 278.24, 12.280000000002474
238454, 30708.9100,  3, 265.75, 12.905000000002474
238458, 30709.3250,  3, 283.05, 13.225000000002183
238473, 30710.8900,  3, 308.57, 14.880000000001019
238533, 30728.9250,  1, -145.52, 6.149999999997817
238533, 30728.9250,  1, -148.01, 6.149999999997817
238555, 30731.2150,  1, -171.21, 8.43999999999869
238555, 30731.2150,  1, -146.47, 8.43999999999869
238559, 30731.6300,  1, -134.29, 8.854999999999563
238559, 30731.6300,  1, -153.32, 8.854999999999563
238590, 30734.8600,  3, 276.57, 11.979999999999563
238597, 30735.5900,  3, 316.52, 12.784999999999854
238701, 30757.4850,  3, 297.41, 10.640000000003056
238704, 30757.8000,  3, 320.53, 10.940000000002328
238721, 30759.5700,  3, 292.83, 12.705000000001746
238723, 30759.7750,  3, 303.86, 12.99500000000262
238725, 30759.9850,  3, 298.94, 13.130000000001019
238730, 30760.5050,  3, 291.40, 13.659999999999854
238732, 30760.7150,  3, 315.58, 13.905000000002474
238749, 30762.4850,  3, 267.96, 15.640000000003056
238858, 30784.6150,  3, 308.51, 11.145000000000437
238862, 30785.0350,  3, 306.39, 11.56000000000131
238867, 30785.5550,  3, 303.64, 12.130000000001019
238869, 30785.7650,  3, 291.64, 12.31000000000131
238877, 30786.5950,  3, 262.75, 13.159999999999854
238882, 30787.1150,  3, 263.43, 13.715000000000146
238911, 30790.1400,  3, 332.44, 16.69499999999971
238975, 30796.8050,  3, 291.03, 23.385000000002037
239083, 30820.0500,  3, 315.35, 11.049999999999272
239083, 30820.0500,  3, 291.93, 11.084999999999127
239084, 30820.1500,  3, 337.41, 11.204999999998108
239096, 30821.4000,  3, 295.63, 12.44999999999709
239100, 30821.8200,  3, 296.88, 12.8849999999984
239101, 30821.9250,  3, 295.11, 12.965000000000146
239105, 30822.3400,  3, 334.96, 13.344999999997526
239106, 30822.4450,  3, 278.49, 13.534999999999854
239189, 30843.1600,  1, -165.99, 8.544999999998254
239189, 30843.1600,  1, -174.19, 8.544999999998254
239208, 30845.1400,  3, 324.54, 10.429999999996653
239216, 30845.9700,  3, 306.30, 11.31499999999869
239217, 30846.0750,  3, 319.30, 11.404999999998836
239229, 30847.3250,  3, 288.80, 12.669999999998254
239233, 30847.7400,  3, 290.78, 13.090000000000146
239244, 30848.8900,  3, 315.64, 14.264999999999418
239354, 30871.2000,  3, 299.94, 11.31000000000131
239364, 30872.2400,  3, 290.72, 12.315000000002328
239365, 30872.3450,  3, 324.81, 12.405000000002474
239385, 30874.4300,  3, 320.49, 14.5
239388, 30874.7400,  3, 335.29, 14.819999999999709
239393, 30875.2650,  3, 255.03, 15.360000000000582
239400, 30875.9900,  3, 261.50, 16.1150000000016
239426, 30878.7000,  3, 290.55, 18.840000000000146
239546, 30902.0400,  3, 300.16, 12.31499999999869
239554, 30902.8750,  3, 296.47, 13.169999999998254
239557, 30903.1850,  3, 273.40, 13.5099999999984
239561, 30903.6050,  3, 259.11, 13.930000000000291
239562, 30903.7050,  3, 298.78, 13.959999999999127
239591, 30906.7300,  3, 297.29, 17.06999999999971
239623, 30910.0600,  3, 278.86, 20.31499999999869
239754, 30923.7050,  3, 198.61, 34.02499999999782
239824, 30942.0050,  1, -157.62, 7.18500000000131
239824, 30942.0050,  1, -179.18, 7.18500000000131
239861, 30945.8600,  3, 322.16, 10.9900000000016
239878, 30947.6300,  3, 302.39, 12.75
239879, 30947.7350,  3, 281.68, 12.895000000000437
239909, 30950.8600,  3, 290.31, 15.955000000001746
239957, 30955.8600,  3, 271.82, 20.93999999999869
239968, 30957.0050,  3, 229.82, 22.135000000002037
240078, 30979.4700,  3, 314.18, 11.264999999999418
240083, 30979.9900,  3, 280.45, 11.775000000001455
240090, 30980.7200,  3, 292.81, 12.595000000001164
240092, 30980.9300,  3, 279.28, 12.805000000000291
240092, 30980.9300,  3, 285.19, 12.710000000002765
240095, 30981.2400,  3, 281.85, 13.049999999999272
240116, 30983.4300,  3, 294.68, 15.264999999999418
240155, 30987.4900,  3, 279.56, 19.275000000001455
240260, 31009.2900,  3, 300.10, 10.789999999997235
240273, 31010.6450,  3, 290.88, 12.109999999996944
240277, 31011.0600,  3, 299.89, 12.589999999996508
240280, 31011.3750,  3, 316.01, 12.82499999999709
240289, 31012.3100,  3, 274.44, 13.7599999999984
240306, 31014.0800,  3, 268.88, 15.599999999998545
240309, 31014.3950,  3, 272.36, 15.87999999999738
240324, 31015.9550,  3, 280.23, 17.45499999999811
240452, 31040.4000,  3, 282.63, 13.139999999999418
240461, 31041.3400,  3, 271.81, 14.145000000000437
240475, 31042.8000,  3, 277.27, 15.580000000001746
240477, 31043.0050,  3, 292.79, 15.7400000000016
240479, 31043.2150,  3, 284.06, 16.020000000000437
240492, 31044.5700,  3, 268.70, 17.325000000000728
240497, 31045.0900,  3, 290.93, 17.830000000001746
240503, 31045.7150,  3, 263.09, 18.44499999999971
240610, 31067.8750,  3, 304.98, 10.99500000000262
240635, 31070.4800,  3, 291.55, 13.545000000001892
240636, 31070.5800,  3, 291.68, 13.68500000000131
240642, 31071.2050,  3, 277.17, 14.330000000001746
240650, 31072.0400,  3, 288.85, 15.100000000002183
240664, 31073.5000,  3, 245.42, 16.635000000002037
240773, 31084.8550,  3, 231.21, 27.92000000000189
240778, 31085.3750,  3, 237.63, 28.530000000002474
240896, 31109.6150,  3, 290.61, 12.090000000000146
240905, 31110.5550,  3, 289.00, 13.044999999998254
240908, 31110.8650,  3, 312.95, 13.409999999999854
240915, 31111.5950,  3, 277.28, 14.079999999998108
240934, 31113.5750,  3, 269.90, 16.040000000000873
240938, 31113.9900,  3, 278.21, 16.529999999998836
240962, 31116.4900,  3, 264.92, 19.040000000000873
241012, 31121.7000,  3, 262.02, 24.235000000000582
241126, 31144.3300,  3, 289.75, 11.75499999999738
241135, 31145.2700,  3, 304.25, 12.680000000000291
241139, 31145.6850,  3, 314.62, 13.059999999997672
241174, 31149.3300,  3, 275.75, 16.729999999999563
241184, 31150.3750,  3, 238.74, 17.764999999999418
241196, 31151.6250,  3, 301.39, 19.0099999999984
241206, 31152.6650,  3, 244.59, 20.039999999997235
241246, 31156.8300,  3, 274.12, 24.20499999999811
241366, 31180.3000,  3, 316.68, 12.3650000000016
241370, 31180.7150,  3, 321.87, 12.715000000000146
241371, 31180.8200,  3, 250.14, 12.815000000002328
241383, 31182.0700,  3, 278.53, 14.159999999999854
241416, 31185.5050,  3, 274.01, 17.530000000002474
241421, 31186.0250,  3, 251.78, 18.110000000000582
241436, 31187.5900,  3, 280.82, 19.645000000000437
241466, 31190.7150,  3, 280.95, 22.80500000000029
241536, 31209.0200,  1, -166.04, 7.18999999999869
241536, 31209.0200,  1, -164.70, 7.18999999999869
241586, 31214.2300,  3, 286.91, 12.375
241611, 31216.8300,  3, 266.96, 14.944999999999709
241611, 31216.8300,  3, 295.80, 14.929999999996653
241613, 31217.0400,  3, 259.68, 15.144999999996799
241625, 31218.2900,  3, 244.65, 16.36999999999898
241646, 31220.4800,  3, 284.77, 18.56499999999869
241709, 31237.8600,  1, -164.26, 6.459999999999127
241709, 31237.8600,  1, -152.74, 6.459999999999127
241724, 31239.4250,  1, -173.05, 8.024999999997817
241724, 31239.4250,  1, -163.34, 8.024999999997817
241784, 31245.6750,  3, 278.27, 14.180000000000291
241796, 31246.9250,  3, 257.04, 15.494999999998981
241801, 31247.4450,  3, 278.92, 16.0199999999968
241822, 31249.6300,  3, 217.58, 18.224999999998545
241948, 31274.8600,  3, 282.44, 12.974999999998545
241954, 31275.4850,  3, 286.66, 13.630000000001019
241956, 31275.6950,  3, 275.85, 13.829999999998108
241959, 31276.0050,  3, 264.55, 14.099999999998545
241969, 31277.0500,  3, 261.67, 15.18500000000131
241971, 31277.2550,  3, 265.61, 15.3650000000016
241986, 31278.8200,  3, 271.86, 16.959999999999127
241994, 31279.6500,  3, 273.68, 17.7400000000016
242124, 31304.4100,  3, 267.72, 13.385000000002037
242138, 31305.8650,  3, 267.51, 14.880000000001019
242143, 31306.3900,  3, 303.58, 15.3650000000016
242160, 31308.1600,  3, 215.54, 17.159999999999854
242169, 31309.0950,  3, 250.22, 18.030000000002474
242175, 31309.7200,  3, 274.76, 18.715000000000146
242180, 31310.2400,  3, 251.28, 19.205000000001746
242204, 31312.7400,  3, 236.22, 21.67000000000189
242310, 31334.7350,  3, 289.60, 10.834999999999127
242323, 31336.0900,  3, 280.16, 12.244999999998981
242325, 31336.3000,  3, 259.40, 12.485000000000582
242340, 31337.8600,  3, 279.93, 13.9900000000016
242344, 31338.2750,  3, 259.00, 14.385000000002037
242361, 31340.0500,  3, 254.85, 16.215000000000146
242369, 31340.8800,  3, 262.71, 17.014999999999418
242388, 31342.8600,  3, 250.82, 19.05500000000029
242524, 31368.1250,  3, 297.15, 13.969999999997526
242530, 31368.7500,  3, 283.14, 14.6349999999984
242532, 31368.9550,  3, 288.02, 14.849999999998545
242537, 31369.4800,  3, 300.09, 15.344999999997526
242538, 31369.5800,  3, 259.41, 15.514999999999418
242544, 31370.2050,  3, 272.74, 16.049999999999272
242546, 31370.4150,  3, 261.37, 16.264999999999418
242600, 31376.0400,  3, 271.93, 21.93499999999767
242724, 31400.2150,  3, 304.70, 12.734999999996944
242729, 31400.7350,  3, 292.44, 13.234999999996944
242731, 31400.9450,  3, 279.47, 13.454999999998108
242749, 31402.8200,  3, 260.83, 15.414999999997235
242753, 31403.2350,  3, 270.12, 15.789999999997235
242765, 31404.4850,  3, 267.69, 16.99499999999898
242767, 31404.6950,  3, 233.16, 17.209999999999127
242788, 31406.8800,  3, 263.62, 19.404999999998836
242916, 31430.9700,  3, 285.14, 13.19999999999709
242924, 31431.8050,  3, 273.01, 13.965000000000146
242925, 31431.9100,  3, 277.72, 14.069999999999709
242930, 31432.4300,  3, 249.83, 14.664999999997235
242937, 31433.1600,  3, 288.44, 15.32499999999709
242937, 31433.1600,  3, 267.60, 15.394999999996799
242952, 31434.7200,  3, 251.61, 16.929999999996653
242989, 31438.5750,  3, 262.70, 20.7699999999968
243116, 31462.9250,  3, 246.41, 13.1150000000016
243121, 31463.4450,  3, 269.60, 13.635000000002037
243127, 31464.0700,  3, 249.27, 14.170000000001892
243140, 31465.4250,  3, 273.75, 15.520000000000437
243144, 31465.8400,  3, 255.20, 15.940000000002328
243146, 31466.0500,  3, 261.17, 16.145000000000437
243155, 31466.9850,  3, 275.84, 17.145000000000437
243163, 31467.8200,  3, 274.95, 17.94000000000233
243290, 31492.9450,  3, 261.52, 13.06499999999869
243290, 31492.9450,  3, 266.73, 13.119999999998981
243301, 31494.0900,  3, 259.70, 14.170000000001892
243309, 31494.9250,  3, 275.58, 15.034999999999854
243316, 31495.6500,  3, 241.73, 15.805000000000291
243325, 31496.5900,  3, 290.30, 16.760000000002037
243340, 31498.1500,  3, 266.55, 18.25500000000102
243408, 31505.2350,  3, 260.16, 25.334999999999127
243552, 31531.4350,  3, 246.23, 14.795000000001892
243560, 31532.2700,  3, 275.34, 15.700000000000728
243561, 31532.3750,  3, 207.27, 15.81000000000131
243561, 31532.3750,  3, 244.21, 15.730000000003201
243574, 31533.7300,  3, 276.93, 17.140000000003056
243579, 31534.2500,  3, 241.03, 17.655000000002474
243595, 31535.9150,  3, 228.82, 19.330000000001746
243631, 31539.6650,  3, 242.23, 23.1050000000032
243751, 31564.2200,  3, 291.14, 12.380000000001019
243755, 31564.6400,  1, -119.39, 12.81499999999869
243755, 31564.6400,  1, -194.82, 12.81499999999869
243784, 31567.6600,  3, 221.26, 15.819999999999709
243800, 31569.3250,  3, 219.83, 17.485000000000582
243806, 31569.9500,  3, 280.25, 18.06999999999971
243813, 31570.6800,  3, 241.41, 18.799999999999272
243842, 31573.7000,  3, 254.92, 21.779999999998836
243974, 31598.3900,  3, 274.74, 13.565000000002328
243988, 31599.8450,  3, 239.43, 15.080000000001746
243993, 31600.3650,  3, 291.79, 15.545000000001892
244000, 31601.0950,  3, 285.04, 16.25
244006, 31601.7200,  3, 230.84, 16.885000000002037
244027, 31603.9100,  3, 260.01, 19.06500000000233
244035, 31604.7400,  3, 232.27, 19.985000000000582
244045, 31605.7850,  3, 252.43, 20.960000000002765
244172, 31630.9550,  3, 274.87, 13.089999999996508
244176, 31631.3750,  3, 268.52, 13.519999999996799
244185, 31632.3100,  3, 270.72, 14.434999999997672
244199, 31633.7700,  3, 259.21, 15.854999999999563
244211, 31635.0200,  3, 264.46, 17.099999999998545
244233, 31637.3100,  3, 272.71, 19.43999999999869
244236, 31637.6250,  3, 217.76, 19.729999999999563
244261, 31640.2300,  3, 231.45, 22.3849999999984
244396, 31665.3450,  3, 266.71, 13.854999999999563
244403, 31666.0750,  3, 279.75, 14.580000000001746
244406, 31666.3900,  3, 263.38, 14.970000000001164
244407, 31666.4900,  3, 236.00, 15.069999999999709
244409, 31666.7000,  3, 254.12, 15.209999999999127
244414, 31667.2200,  3, 255.68, 15.825000000000728
244415, 31667.3250,  3, 257.63, 15.924999999999272
244433, 31669.2000,  3, 224.64, 17.770000000000437
244557, 31693.2150,  3, 290.61, 12.75
244566, 31694.1500,  3, 265.46, 13.674999999999272
244567, 31694.2550,  3, 262.04, 13.774999999997817
244579, 31695.5050,  3, 264.91, 15.039999999997235
244584, 31696.0250,  3, 259.55, 15.599999999998545
244588, 31696.4450,  3, 265.29, 16.00499999999738
244593, 31696.9650,  3, 291.39, 16.55500000000029
244600, 31697.6950,  3, 252.34, 17.19499999999971
244726, 31721.6850,  3, 280.67, 12.919999999998254
244733, 31722.4150,  3, 275.44, 13.709999999999127
244733, 31722.4150,  3, 266.26, 13.645000000000437
244742, 31723.3550,  3, 261.41, 14.645000000000437
244747, 31723.8750,  3, 270.76, 15.154999999998836
244749, 31724.0800,  3, 263.47, 15.325000000000728
244758, 31725.0200,  3, 229.43, 16.31499999999869
244792, 31728.5600,  3, 274.00, 19.834999999999127
244913, 31752.2850,  3, 252.63, 12.470000000001164
244924, 31753.4300,  3, 273.68, 13.549999999999272
244925, 31753.5350,  3, 254.38, 13.705000000001746
244946, 31755.7200,  3, 250.93, 15.8849999999984
244963, 31757.4900,  3, 220.61, 17.68999999999869
244968, 31758.0150,  3, 238.07, 18.150000000001455
244971, 31758.3250,  3, 243.59, 18.470000000001164
245475, 31810.8250,  3, 140.41, 70.96500000000015
245603, 31835.4150,  3, 279.20, 13.145000000000437
245604, 31835.5200,  3, 265.56, 13.315000000002328
245608, 31835.9350,  3, 248.04, 13.715000000000146
245609, 31836.0400,  3, 279.19, 13.819999999999709
245609, 31836.0400,  3, 301.40, 13.81000000000131
245613, 31836.4550,  3, 270.44, 14.180000000000291
245616, 31836.7700,  3, 273.65, 14.479999999999563
245642, 31839.4800,  3, 277.94, 17.260000000002037
245768, 31863.6400,  3, 267.50, 12.924999999999272
245769, 31863.7400,  3, 253.02, 13.114999999997963
245780, 31864.8900,  3, 279.15, 14.174999999999272
245791, 31866.0350,  3, 273.07, 15.349999999998545
245807, 31867.7000,  3, 239.47, 17.07999999999811
245807, 31867.7000,  3, 274.13, 17.034999999999854
245824, 31869.4700,  3, 284.39, 18.82999999999811
245827, 31869.7850,  3, 264.49, 19.07499999999709
245949, 31893.5950,  3, 290.14, 12.539999999997235
245961, 31894.8450,  3, 260.68, 13.819999999999709
245962, 31894.9500,  3, 260.28, 13.914999999997235
245969, 31895.6800,  3, 255.36, 14.604999999999563
245983, 31897.1400,  3, 292.14, 16.090000000000146
245991, 31897.9700,  3, 275.05, 16.93499999999767
246003, 31899.2200,  3, 264.43, 18.224999999998545
246037, 31902.7650,  3, 223.30, 21.709999999999127
246159, 31926.4450,  3, 276.13, 12.520000000000437
246159, 31926.4450,  3, 283.53, 12.555000000000291
246163, 31926.8600,  3, 295.70, 12.930000000000291
246175, 31928.1100,  3, 280.52, 14.25
246179, 31928.5250,  3, 288.35, 14.625
246195, 31930.1950,  3, 269.97, 16.25
246195, 31930.1950,  3, 232.64, 16.32999999999811
246225, 31933.3200,  3, 267.27, 19.43999999999869
246348, 31957.1400,  3, 301.14, 12.659999999999854
246360, 31958.3900,  3, 259.26, 13.93999999999869
246366, 31959.0150,  3, 285.92, 14.485000000000582
246372, 31959.6400,  3, 275.32, 15.169999999998254
246381, 31960.5750,  3, 267.39, 16.07999999999811
246383, 31960.7850,  3, 287.85, 16.279999999998836
246384, 31960.8900,  3, 265.13, 16.43999999999869
246471, 31969.9500,  3, 219.00, 25.479999999999563
246594, 31993.6650,  3, 259.29, 12.639999999999418
246595, 31993.7700,  3, 267.02, 12.789999999997235
246604, 31994.7050,  3, 290.82, 13.669999999998254
246610, 31995.3300,  3, 271.22, 14.284999999999854
246612, 31995.5400,  3, 285.59, 14.544999999998254
246618, 31996.1650,  3, 252.23, 15.144999999996799
246621, 31996.4800,  3, 258.69, 15.429999999996653
246636, 31998.0400,  3, 268.71, 17.034999999999854
246762, 32023.3000,  3, 264.63, 13.0
246778, 32024.9650,  3, 283.23, 14.684999999997672
246780, 32025.1750,  3, 255.80, 14.854999999999563
246780, 32025.1750,  3, 268.85, 14.864999999997963
246786, 32025.8000,  3, 233.85, 15.474999999998545
246791, 32026.3200,  3, 287.95, 16.0
246804, 32027.6750,  3, 270.88, 17.3849999999984
246813, 32028.6100,  3, 244.19, 18.32499999999709
246926, 32051.3400,  3, 276.25, 11.569999999999709
246933, 32052.0700,  3, 254.11, 12.385000000002037
246942, 32053.0050,  3, 277.03, 13.225000000002183
246946, 32053.4250,  3, 296.09, 13.670000000001892
246951, 32053.9450,  3, 297.18, 14.255000000001019
246951, 32053.9450,  3, 273.74, 14.220000000001164
246979, 32056.8600,  3, 286.73, 17.084999999999127
247034, 32062.5900,  3, 231.30, 22.845000000001164
247149, 32085.5950,  3, 341.80, 11.795000000001892
247155, 32086.2200,  3, 276.33, 12.444999999999709
247161, 32086.8450,  3, 288.16, 13.06000000000131
247168, 32087.5750,  3, 293.13, 13.760000000002037
247175, 32088.3050,  3, 267.60, 14.480000000003201
247189, 32089.7650,  3, 274.09, 16.020000000000437
247250, 32096.1150,  3, 248.38, 22.31999999999971
247277, 32098.9300,  3, 265.46, 25.165000000000873
247400, 32123.5400,  3, 290.51, 12.650000000001455
247403, 32123.8550,  3, 325.13, 12.920000000001892
247404, 32123.9550,  3, 266.89, 13.069999999999709
247405, 32124.0600,  3, 296.77, 13.125
247411, 32124.6850,  3, 311.73, 13.790000000000873
247413, 32124.8950,  3, 304.48, 14.030000000002474
247423, 32125.9350,  3, 264.87, 15.034999999999854
247441, 32127.8100,  3, 276.58, 16.88000000000102
247581, 32153.4250,  3, 260.96, 14.395000000000437
247594, 32154.7750,  3, 285.10, 15.784999999999854
247595, 32154.8800,  3, 247.45, 15.915000000000873
247596, 32154.9850,  3, 277.21, 16.020000000000437
247607, 32156.1300,  3, 260.14, 17.159999999999854
247612, 32156.6500,  3, 258.25, 17.635000000002037
247613, 32156.7550,  3, 261.68, 17.75500000000102
247624, 32157.9000,  3, 256.08, 18.860000000000582
247742, 32181.0350,  3, 274.33, 12.184999999997672
247742, 32181.0350,  3, 309.33, 12.164999999997235
247756, 32182.4900,  3, 260.93, 13.579999999998108
247757, 32182.5950,  3, 277.91, 13.669999999998254
247762, 32183.1150,  3, 300.49, 14.224999999998545
247774, 32184.3650,  3, 290.71, 15.479999999999563
247776, 32184.5750,  3, 289.29, 15.654999999998836
247786, 32185.6150,  3, 291.94, 16.739999999997963
247898, 32208.3550,  3, 273.31, 11.475000000002183
247912, 32209.8100,  3, 283.01, 12.915000000000873
247915, 32210.1250,  3, 282.83, 13.2400000000016
247915, 32210.1250,  3, 301.01, 13.2400000000016
247919, 32210.5400,  3, 287.67, 13.670000000001892
247927, 32211.3750,  3, 305.56, 14.565000000002328
247934, 32212.1050,  3, 269.81, 15.30000000000291
247937, 32212.4150,  3, 255.95, 15.565000000002328
248051, 32236.2050,  3, 298.94, 11.69999999999709
248052, 32236.3100,  3, 314.94, 11.774999999997817
248063, 32237.4550,  3, 316.64, 12.944999999999709
248065, 32237.6650,  3, 280.45, 13.125
248071, 32238.2900,  3, 303.09, 13.805000000000291
248071, 32238.2900,  3, 261.06, 13.805000000000291
248071, 32238.2900,  3, 322.51, 13.834999999999127
248096, 32240.8950,  3, 259.33, 16.419999999998254
248218, 32264.4450,  3, 325.82, 12.529999999998836
248222, 32264.8600,  3, 275.67, 12.9900000000016
248223, 32264.9650,  3, 281.91, 13.099999999998545
248230, 32265.6950,  3, 295.65, 13.799999999999272
248236, 32266.3200,  3, 247.37, 14.43500000000131
248243, 32267.0500,  3, 293.15, 15.1150000000016
248244, 32267.1500,  3, 273.07, 15.279999999998836
248261, 32268.9250,  3, 291.77, 17.06999999999971
248379, 32292.3550,  3, 319.71, 12.125
248379, 32292.3550,  3, 278.51, 12.180000000000291
248382, 32292.6650,  3, 317.47, 12.43500000000131
248386, 32293.0800,  3, 293.12, 12.875
248393, 32293.8100,  3, 268.09, 13.590000000000146
248394, 32293.9150,  3, 285.39, 13.640000000003056
248396, 32294.1250,  3, 252.11, 13.860000000000582
248474, 32302.2500,  3, 275.97, 22.015000000003056
248591, 32325.6650,  3, 300.23, 12.034999999999854
248591, 32325.6650,  3, 304.97, 12.034999999999854
248596, 32326.1850,  3, 280.16, 12.549999999999272
248598, 32326.3950,  3, 281.81, 12.780000000002474
248602, 32326.8100,  3, 278.61, 13.12000000000262
248623, 32329.0000,  3, 303.61, 15.31000000000131
248632, 32329.9350,  3, 264.14, 16.280000000002474
248669, 32333.7900,  3, 287.53, 20.200000000000728
248774, 32355.8300,  3, 285.45, 10.81499999999869
248779, 32356.3550,  3, 311.80, 11.349999999998545
248789, 32357.3950,  3, 266.89, 12.3650000000016
248789, 32357.3950,  3, 266.30, 12.31000000000131
248790, 32357.5000,  3, 261.21, 12.43999999999869
248790, 32357.5000,  3, 289.69, 12.470000000001164
248796, 32358.1250,  3, 273.23, 13.110000000000582
248836, 32362.2900,  3, 249.85, 17.275000000001455
248955, 32386.5150,  3, 297.96, 12.224999999998545
248955, 32386.5150,  3, 294.30, 12.284999999999854
248973, 32388.3900,  3, 308.59, 14.110000000000582
249017, 32392.9700,  3, 253.85, 18.70499999999811
249020, 32393.2850,  3, 285.81, 19.014999999999418
249028, 32394.1150,  3, 238.52, 19.834999999999127
249054, 32396.8250,  3, 254.05, 22.544999999998254
249095, 32401.0950,  3, 220.93, 26.80500000000029
249208, 32423.7200,  3, 297.83, 11.575000000000728
249229, 32425.9100,  3, 280.65, 13.779999999998836
249234, 32426.4300,  3, 314.32, 14.329999999998108
249234, 32426.4300,  3, 270.42, 14.299999999999272
249241, 32427.1600,  3, 228.33, 15.055000000000291
249246, 32427.6800,  3, 273.33, 15.595000000001164
249268, 32429.9700,  3, 285.37, 17.834999999999127
249291, 32432.3650,  3, 285.84, 20.229999999999563
249405, 32456.2650,  3, 307.50, 11.720000000001164
249409, 32456.6800,  3, 278.71, 12.130000000001019
249414, 32457.2000,  3, 268.66, 12.635000000002037
249417, 32457.5150,  3, 326.83, 13.005000000001019
249417, 32457.5150,  3, 267.50, 12.985000000000582
249417, 32457.5150,  3, 271.99, 12.99500000000262
249433, 32459.1800,  3, 297.27, 14.650000000001455
249480, 32464.0750,  3, 293.97, 19.50500000000102
249605, 32487.8550,  3, 295.46, 12.819999999999709
249607, 32488.0600,  3, 306.40, 13.015000000003056
249608, 32488.1650,  3, 288.27, 13.200000000000728
249612, 32488.5800,  3, 312.12, 13.595000000001164
249614, 32488.7900,  3, 280.85, 13.815000000002328
249639, 32491.3950,  3, 289.21, 16.405000000002474
249666, 32494.2050,  3, 287.98, 19.200000000000728
249678, 32495.4550,  3, 276.27, 20.44499999999971
249790, 32517.9850,  3, 286.76, 11.549999999999272
249803, 32519.3400,  3, 301.21, 12.875
249814, 32520.4850,  3, 290.48, 13.985000000000582
249815, 32520.5900,  3, 287.01, 14.110000000000582
249816, 32520.6950,  3, 263.48, 14.229999999999563
249817, 32520.8000,  3, 282.22, 14.319999999999709
249819, 32521.0050,  3, 273.37, 14.520000000000437
249821, 32521.2150,  3, 322.32, 14.760000000002037
249924, 32542.8650,  3, 321.45, 10.594999999997526
249944, 32544.9500,  3, 295.90, 12.69999999999709
249956, 32546.2000,  3, 248.05, 13.864999999997963
249966, 32547.2400,  3, 286.23, 14.954999999998108
249972, 32547.8650,  3, 275.67, 15.599999999998545
249988, 32549.5350,  3, 293.29, 17.264999999999418
250057, 32556.7200,  3, 281.66, 24.424999999999272
250060, 32557.0350,  3, 288.64, 24.715000000000146
250169, 32580.3950,  3, 319.72, 11.244999999998981
250173, 32580.8100,  3, 276.44, 11.584999999999127
250174, 32580.9150,  3, 278.40, 11.694999999999709
250179, 32581.4350,  3, 284.15, 12.18999999999869
250180, 32581.5400,  3, 279.97, 12.369999999998981
250187, 32582.2700,  3, 267.75, 13.040000000000873
250200, 32583.6250,  3, 278.40, 14.444999999999709
250262, 32590.0800,  3, 276.27, 20.854999999999563
250380, 32613.3300,  3, 263.74, 12.090000000000146
250381, 32613.4350,  3, 307.84, 12.220000000001164
250384, 32613.7500,  3, 319.42, 12.599999999998545
250384, 32613.7500,  3, 273.77, 12.514999999999418
250400, 32615.4150,  3, 298.29, 14.169999999998254
250401, 32615.5200,  3, 245.64, 14.364999999997963
250434, 32618.9550,  3, 266.26, 17.774999999997817
250452, 32620.8300,  3, 274.59, 19.639999999999418
250553, 32642.4150,  3, 320.06, 10.340000000000146
250559, 32643.0400,  3, 314.00, 10.965000000000146
250562, 32643.3550,  3, 282.79, 11.345000000001164
250573, 32644.5000,  3, 330.28, 12.485000000000582
250579, 32645.1250,  3, 282.96, 13.040000000000873
250591, 32646.3750,  3, 250.06, 14.305000000000291
250632, 32650.6450,  3, 236.18, 18.544999999998254
250661, 32653.6650,  3, 304.03, 21.604999999999563
250771, 32676.3450,  3, 301.74, 11.299999999999272
250778, 32677.0750,  3, 291.97, 12.0
250780, 32677.2850,  3, 301.42, 12.275000000001455
250788, 32678.1150,  3, 294.37, 13.025000000001455
250792, 32678.5350,  3, 264.94, 13.525000000001455
250799, 32679.2650,  3, 303.68, 14.25
250815, 32680.9300,  3, 286.92, 15.875
250832, 32682.7000,  3, 286.58, 17.604999999999563
250890, 32699.4550,  1, -154.12, 5.93500000000131
250890, 32699.4550,  1, -151.05, 5.93500000000131
250943, 32704.9800,  3, 285.21, 11.364999999997963
250958, 32706.5400,  3, 278.64, 12.959999999999127
250961, 32706.8550,  3, 319.17, 13.319999999999709
250968, 32707.5800,  3, 270.01, 14.014999999999418
250969, 32707.6850,  3, 276.84, 14.149999999997817
250996, 32710.5000,  3, 276.69, 16.974999999998545
251101, 32732.3450,  3, 323.53, 10.799999999999272
251103, 32732.5550,  3, 281.23, 11.034999999999854
251112, 32733.4900,  3, 300.73, 11.940000000002328
251118, 32734.1150,  3, 312.96, 12.529999999998836
251122, 32734.5350,  3, 279.38, 12.9900000000016
251124, 32734.7400,  3, 305.29, 13.209999999999127
251134, 32735.7850,  3, 291.15, 14.235000000000582
251169, 32739.4300,  3, 305.56, 17.885000000002037
251282, 32762.2500,  3, 317.09, 11.62000000000262
251285, 32762.5600,  3, 310.14, 11.909999999999854
251296, 32763.7050,  3, 261.33, 13.084999999999127
251300, 32764.1250,  3, 313.48, 13.525000000001455
251304, 32764.5400,  3, 239.03, 13.909999999999854
251311, 32765.2700,  3, 254.72, 14.600000000002183
251342, 32768.4950,  3, 254.12, 17.900000000001455
251429, 32777.5600,  3, 223.97, 26.900000000001455
251531, 32799.2850,  3, 311.04, 10.490000000005239
251541, 32800.3300,  3, 299.61, 11.525000000001455
251546, 32800.8500,  3, 277.14, 12.035000000003492
251558, 32802.1000,  3, 260.44, 13.230000000003201
251559, 32802.2050,  3, 277.49, 13.330000000001746
251561, 32802.4100,  3, 292.92, 13.595000000001164
251566, 32802.9350,  3, 295.10, 14.135000000002037
251580, 32804.3900,  3, 280.38, 15.560000000004948
251688, 32826.5850,  3, 328.22, 11.044999999998254
251692, 32827.0050,  3, 287.60, 11.52499999999418
251692, 32827.0050,  3, 313.60, 11.464999999996508
251696, 32827.4200,  3, 351.31, 11.924999999995634
251699, 32827.7300,  3, 272.99, 12.20499999999447
251710, 32828.8800,  3, 283.36, 13.419999999998254
251711, 32828.9800,  3, 284.05, 13.479999999995925
251716, 32829.5050,  3, 246.44, 14.040000000000873
251825, 32851.7950,  3, 292.65, 11.17500000000291
251828, 32852.1050,  3, 271.30, 11.474999999998545
251829, 32852.2100,  3, 311.55, 11.645000000004075
251834, 32852.7300,  3, 303.65, 12.135000000002037
251835, 32852.8350,  3, 315.66, 12.264999999999418
251844, 32853.7750,  3, 284.51, 13.150000000001455
251851, 32854.5050,  3, 278.34, 13.900000000001455
251861, 32855.5450,  3, 293.94, 14.904999999998836
251965, 32877.3550,  3, 303.79, 10.665000000000873
251971, 32877.9800,  3, 273.35, 11.270000000004075
251973, 32878.1900,  3, 297.85, 11.514999999999418
251981, 32879.0250,  3, 319.39, 12.319999999999709
251986, 32879.5450,  3, 305.20, 12.825000000004366
251989, 32879.8550,  3, 288.40, 13.205000000001746
251998, 32880.7950,  3, 316.30, 14.084999999999127
252038, 32884.9600,  3, 279.25, 18.31999999999971
252141, 32906.5650,  3, 314.33, 10.619999999995343
252145, 32906.9800,  3, 323.15, 11.019999999996799
252149, 32907.4000,  3, 317.68, 11.37999999999738
252155, 32908.0250,  3, 302.86, 12.07499999999709
252166, 32909.1700,  3, 322.37, 13.169999999998254
252167, 32909.2750,  3, 293.65, 13.239999999997963
252190, 32911.6700,  3, 288.09, 15.70499999999447
252201, 32912.8150,  3, 292.44, 16.790000000000873
252262, 32930.4500,  1, -129.48, 6.25
252262, 32930.4500,  1, -166.08, 6.25
252264, 32930.6550,  1, -174.86, 6.455000000001746
252264, 32930.6550,  1, -150.26, 6.455000000001746
252318, 32936.2800,  3, 303.24, 12.060000000004948
252322, 32936.7000,  3, 318.84, 12.49500000000262
252323, 32936.8000,  3, 295.35, 12.54500000000553
252360, 32940.6550,  3, 259.65, 16.405000000006112
252473, 32964.5250,  3, 299.41, 11.614999999997963
252475, 32964.7300,  3, 273.40, 11.844999999993888
252484, 32965.6700,  3, 296.17, 12.805000000000291
252488, 32966.0850,  3, 231.29, 13.209999999999127
252496, 32966.9200,  3, 259.12, 14.049999999995634
252503, 32967.6500,  3, 268.26, 14.764999999999418
252514, 32968.7950,  3, 273.84, 15.914999999993597
252533, 32970.7750,  3, 275.65, 17.88499999999476
252595, 32989.2450,  1, -153.50, 6.350000000005821
252595, 32989.2450,  1, -155.70, 6.350000000005821
252637, 32993.6200,  3, 292.07, 10.694999999999709
252645, 32994.4550,  3, 308.30, 11.460000000006403
252649, 32994.8700,  3, 317.46, 11.92500000000291
252657, 32995.7050,  3, 301.69, 12.705000000001746
252663, 32996.3300,  3, 276.72, 13.390000000006694
252670, 32997.0600,  3, 307.41, 14.10000000000582
252726, 33014.1050,  1, -175.63, 5.725000000005821
252726, 33014.1050,  1, -135.64, 5.725000000005821
252778, 33019.5250,  3, 306.10, 11.040000000000873
252785, 33020.2550,  3, 291.01, 11.87000000000262
252785, 33020.2550,  3, 298.03, 11.87000000000262
252791, 33020.8800,  3, 302.67, 12.465000000003783
252803, 33022.1300,  3, 318.77, 13.694999999999709
252883, 33030.4600,  3, 303.10, 22.0
252997, 33053.5600,  3, 303.99, 11.694999999999709
253001, 33053.9750,  3, 296.06, 12.144999999996799
253014, 33055.3300,  3, 297.60, 13.514999999999418
253028, 33056.7850,  3, 305.95, 14.974999999998545
253049, 33058.9750,  3, 282.77, 17.089999999996508
253057, 33059.8100,  3, 265.82, 17.94999999999709
253059, 33060.0150,  3, 325.67, 18.174999999995634
253068, 33060.9550,  3, 276.22, 19.1449999999968
253179, 33084.3800,  3, 310.71, 11.444999999999709
253181, 33084.5850,  3, 309.96, 11.635000000002037
253183, 33084.7950,  3, 314.52, 11.785000000003492
253193, 33085.8350,  3, 278.36, 12.815000000002328
253200, 33086.5650,  3, 290.54, 13.580000000001746
253209, 33087.5050,  3, 260.65, 14.575000000004366
253213, 33087.9200,  3, 268.82, 14.955000000001746
253213, 33087.9200,  3, 296.91, 14.92500000000291
253328, 33110.9050,  3, 282.43, 11.819999999999709
253329, 33111.0100,  3, 342.19, 11.934999999997672
253330, 33111.1150,  3, 319.00, 12.035000000003492
253331, 33111.2200,  3, 340.43, 12.12000000000262
253331, 33111.2200,  3, 306.23, 12.180000000000291
253337, 33111.8450,  3, 254.00, 12.760000000002037
253351, 33113.3000,  3, 302.30, 14.224999999998545
253352, 33113.4050,  3, 296.25, 14.315000000002328
253460, 33136.5800,  3, 288.53, 11.059999999997672
253465, 33137.1000,  3, 323.28, 11.580000000001746
253470, 33137.6200,  3, 271.43, 12.114999999997963
253477, 33138.3500,  3, 298.69, 12.915000000000873
253533, 33144.1850,  3, 306.81, 18.68499999999767
253534, 33144.2850,  3, 275.46, 18.81500000000233
253544, 33145.3300,  3, 278.08, 19.845000000001164
253604, 33151.5800,  3, 274.64, 26.12999999999738
253705, 33173.0450,  3, 293.42, 10.389999999999418
253708, 33173.3550,  3, 315.05, 10.69999999999709
253713, 33173.8800,  3, 305.13, 11.184999999997672
253716, 33174.1900,  3, 316.65, 11.464999999996508
253721, 33174.7100,  3, 302.61, 12.055000000000291
253725, 33175.1300,  3, 287.00, 12.400000000001455
253732, 33175.8550,  3, 260.50, 13.209999999999127
253762, 33178.9800,  3, 284.11, 16.330000000001746
253866, 33200.7300,  3, 308.47, 10.639999999999418
253867, 33200.8350,  3, 291.72, 10.75
253878, 33201.9800,  3, 317.83, 11.885000000002037
253879, 33202.0850,  3, 292.26, 12.069999999999709
253901, 33204.3800,  3, 312.85, 14.290000000000873
253904, 33204.6900,  3, 287.80, 14.605000000003201
253907, 33205.0050,  3, 309.46, 14.910000000003492
253917, 33206.0450,  3, 332.25, 16.014999999999418
254027, 33228.7250,  3, 292.28, 11.305000000000291
254030, 33229.0350,  3, 327.51, 11.614999999997963
254031, 33229.1400,  3, 327.04, 11.735000000000582
254036, 33229.6600,  3, 331.10, 12.194999999999709
254046, 33230.7050,  3, 279.36, 13.279999999998836
254047, 33230.8100,  3, 271.28, 13.360000000000582
254050, 33231.1200,  3, 266.26, 13.694999999999709
254097, 33236.0150,  3, 269.95, 18.584999999999127
254168, 33254.4100,  1, -128.61, 7.290000000000873
254168, 33254.4100,  1, -175.80, 7.290000000000873
254213, 33259.1000,  3, 291.56, 11.939999999995052
254219, 33259.7250,  3, 248.98, 12.509999999994761
254220, 33259.8300,  3, 306.84, 12.665000000000873
254232, 33261.0800,  3, 298.23, 13.869999999995343
254234, 33261.2850,  3, 281.74, 14.125
254241, 33262.0150,  3, 311.14, 14.809999999997672
254351, 33285.3900,  3, 347.16, 11.25
254357, 33286.0150,  3, 295.41, 11.974999999998545
254366, 33286.9550,  3, 286.62, 12.859999999993306
254377, 33288.1000,  3, 298.06, 13.959999999999127
254388, 33289.2450,  3, 277.60, 15.109999999993306
254389, 33289.3500,  3, 272.77, 15.284999999996217
254393, 33289.7650,  3, 265.33, 15.644999999996799
254398, 33290.2850,  3, 263.60, 16.164999999993597
254510, 33312.7100,  3, 317.15, 11.494999999995343
254512, 33313.0850,  3, 285.82, 11.854999999995925
254514, 33313.2950,  3, 321.00, 12.104999999995925
254528, 33314.7550,  3, 284.74, 13.595000000001164
254531, 33315.0650,  3, 251.26, 13.885000000002037
254534, 33315.3800,  3, 328.87, 14.125
254534, 33315.3800,  3, 273.79, 14.165000000000873
254543, 33316.3150,  3, 295.85, 15.114999999997963
254648, 33337.7450,  3, 316.82, 10.775000000001455
254649, 33337.8500,  3, 318.25, 10.854999999995925
254651, 33338.0600,  3, 329.66, 11.065000000002328
254657, 33338.6850,  3, 333.70, 11.684999999997672
254665, 33339.5150,  3, 315.31, 12.510000000002037
254684, 33341.4950,  3, 300.85, 14.555000000000291
254690, 33342.1200,  3, 301.95, 15.135000000002037
254691, 33342.2250,  3, 279.75, 15.24500000000262
254753, 33360.6700,  1, -142.33, 6.3549999999959255
254753, 33360.6700,  1, -163.88, 6.3549999999959255
254794, 33364.9400,  3, 302.42, 10.559999999997672
254806, 33366.1900,  3, 311.51, 11.809999999997672
254809, 33366.5050,  3, 241.42, 12.154999999998836
254811, 33366.7100,  3, 277.23, 12.299999999995634
254821, 33367.7550,  3, 254.65, 13.349999999998545
254826, 33368.2750,  3, 324.68, 13.854999999995925
254931, 33391.2650,  3, 285.04, 10.779999999998836
254934, 33391.5800,  3, 305.75, 11.110000000000582
254949, 33393.1400,  3, 287.40, 12.625
254953, 33393.5600,  3, 288.19, 13.025000000001455
254959, 33394.1850,  3, 293.42, 13.735000000000582
254974, 33395.7450,  3, 328.80, 15.215000000003783
254980, 33396.3700,  3, 273.60, 15.834999999999127
254981, 33396.4750,  3, 250.32, 15.97500000000582
255089, 33419.7650,  3, 299.69, 11.089999999996508
255091, 33419.9750,  3, 282.13, 11.27499999999418
255106, 33421.5350,  3, 285.98, 12.854999999995925
255109, 33421.8500,  3, 265.10, 13.189999999995052
255110, 33421.9550,  3, 295.67, 13.32499999999709
255116, 33422.5800,  3, 335.14, 13.939999999995052
255118, 33422.7850,  3, 274.11, 14.14999999999418
255155, 33426.6400,  3, 276.04, 17.919999999998254
255271, 33450.7050,  3, 297.87, 11.895000000004075
255273, 33450.9100,  3, 297.43, 12.180000000000291
255291, 33452.7850,  3, 288.64, 13.974999999998545
255291, 33452.7850,  3, 310.43, 14.005000000004657
255294, 33453.1000,  3, 303.85, 14.294999999998254
255296, 33453.3100,  3, 268.42, 14.555000000000291
255305, 33454.2450,  3, 278.26, 15.49500000000262
255307, 33454.4550,  3, 296.94, 15.669999999998254
255424, 33478.7800,  3, 261.44, 12.075000000004366
255425, 33478.8850,  3, 273.93, 12.155000000006112
255429, 33479.3000,  3, 297.12, 12.565000000002328
255433, 33479.7200,  3, 247.51, 12.955000000001746
255440, 33480.4500,  3, 299.48, 13.650000000001455
255476, 33484.2000,  3, 292.80, 17.450000000004366
255484, 33485.0300,  3, 300.25, 18.2300000000032
255552, 33492.1150,  3, 249.98, 25.405000000006112
255664, 33514.6900,  3, 311.12, 11.525000000001455
255671, 33515.4200,  3, 306.66, 12.235000000000582
255675, 33515.8350,  3, 289.99, 12.625
255678, 33516.1500,  3, 330.25, 12.985000000000582
255680, 33516.3550,  3, 277.98, 13.209999999999127
255703, 33518.7550,  3, 274.05, 15.560000000004948
255708, 33519.2750,  3, 297.63, 16.135000000002037
255722, 33520.7300,  3, 305.01, 17.520000000004075
255835, 33543.6300,  3, 305.24, 11.575000000004366
255836, 33543.7300,  3, 307.89, 11.67500000000291
255840, 33544.1500,  3, 294.24, 12.125
255843, 33544.4600,  3, 325.36, 12.434999999997672
255849, 33545.0850,  3, 299.87, 13.044999999998254
255850, 33545.1900,  3, 280.86, 13.180000000000291
255863, 33546.5450,  3, 313.22, 14.544999999998254
255867, 33546.9600,  3, 305.53, 14.974999999998545
255986, 33570.4400,  3, 289.92, 12.25
255992, 33571.0650,  3, 313.06, 12.819999999999709
255995, 33571.3800,  3, 289.69, 13.144999999996799
256005, 33572.4200,  3, 295.90, 14.189999999995052
256017, 33573.6700,  3, 300.97, 15.470000000001164
256041, 33576.1700,  3, 273.64, 17.979999999995925
256099, 33582.2100,  3, 275.45, 23.989999999997963
256125, 33584.9200,  3, 291.47, 26.744999999995343
256233, 33607.1850,  3, 292.78, 11.099999999998545
256235, 33607.3900,  3, 314.97, 11.305000000000291
256237, 33607.6000,  3, 325.91, 11.510000000002037
256241, 33608.0150,  3, 294.61, 11.87000000000262
256248, 33608.7450,  3, 303.30, 12.680000000000291
256253, 33609.2650,  3, 291.45, 13.169999999998254
256258, 33609.7850,  3, 299.39, 13.665000000000873
256259, 33609.8900,  3, 313.25, 13.784999999996217
256374, 33632.7100,  3, 318.33, 11.825000000004366
256374, 33632.7100,  3, 300.75, 11.765000000006694
256377, 33633.0250,  3, 323.73, 12.155000000006112
256382, 33633.5450,  3, 281.36, 12.680000000000291
256382, 33633.5450,  3, 279.63, 12.650000000001455
256384, 33633.7550,  3, 285.20, 12.815000000002328
256384, 33633.7550,  3, 266.44, 12.900000000001455
256386, 33633.9600,  3, 338.36, 13.05000000000291
256496, 33656.5300,  3, 319.05, 11.319999999999709
256499, 33656.8450,  3, 307.15, 11.659999999996217
256508, 33657.7800,  3, 318.45, 12.549999999995634
256530, 33660.0750,  3, 298.06, 14.854999999995925
256537, 33660.8000,  3, 267.17, 15.610000000000582
256545, 33661.6350,  3, 293.27, 16.43000000000029
256549, 33662.0500,  3, 268.56, 16.799999999995634
256575, 33664.7600,  3, 306.90, 19.494999999995343
256676, 33686.4000,  3, 319.39, 10.414999999993597
256687, 33687.5450,  3, 266.11, 11.5
256699, 33688.7950,  3, 272.87, 12.809999999997672
256715, 33690.4600,  3, 279.04, 14.434999999997672
256719, 33690.8800,  3, 305.30, 14.889999999999418
256729, 33691.9200,  3, 292.89, 15.889999999999418
256769, 33696.0850,  3, 286.15, 20.099999999998545
256787, 33697.9600,  3, 292.18, 21.889999999999418
256895, 33720.3100,  3, 310.86, 11.12999999999738
256905, 33721.3500,  3, 316.59, 12.180000000000291
256907, 33721.5600,  3, 282.04, 12.354999999995925
256938, 33724.7850,  3, 286.63, 15.555000000000291
256945, 33725.5150,  3, 329.18, 16.345000000001164
256946, 33725.6200,  3, 331.51, 16.375
256973, 33728.4350,  3, 279.07, 19.224999999998545
257040, 33735.4100,  3, 273.03, 26.209999999999127
257141, 33756.8550,  3, 312.32, 10.345000000001164
257158, 33758.6300,  3, 284.14, 12.089999999996508
257159, 33758.7300,  3, 288.83, 12.25
257162, 33759.0450,  3, 299.77, 12.5
257165, 33759.3550,  3, 295.84, 12.845000000001164
257184, 33761.3350,  3, 289.94, 14.889999999999418
257188, 33761.7550,  3, 279.74, 15.294999999998254
257220, 33765.0850,  3, 241.55, 18.62999999999738
257330, 33787.5850,  3, 287.24, 11.32999999999447
257349, 33789.5650,  3, 314.33, 13.299999999995634
257350, 33789.6700,  3, 309.63, 13.389999999999418
257355, 33790.1900,  3, 293.08, 13.87999999999738
257362, 33790.9200,  3, 275.58, 14.684999999997672
257370, 33791.7550,  3, 291.63, 15.434999999997672
257409, 33795.8150,  3, 249.29, 19.5
257477, 33802.9000,  3, 239.03, 26.62999999999738
257597, 33826.1200,  3, 284.36, 12.30000000000291
257601, 33826.5350,  3, 321.91, 12.790000000000873
257621, 33828.6200,  3, 328.32, 14.87000000000262
257630, 33829.5600,  3, 272.04, 15.730000000003201
257644, 33831.0150,  3, 250.34, 17.19000000000233
257664, 33833.1000,  3, 313.32, 19.3550000000032
257695, 33836.3300,  3, 299.14, 22.544999999998254
257772, 33844.3500,  3, 294.46, 30.55000000000291
257876, 33866.1600,  3, 307.27, 10.690000000002328
257889, 33867.5150,  1, -98.23, 12.080000000001746
257889, 33867.5150,  1, -198.38, 12.080000000001746
257893, 33867.9350,  3, 306.14, 12.400000000001455
257908, 33869.4950,  3, 308.12, 14.029999999998836
257914, 33870.1200,  3, 299.70, 14.660000000003492
257928, 33871.5800,  3, 335.87, 16.04500000000553
257977, 33876.6850,  3, 256.79, 21.160000000003492
258090, 33899.3350,  3, 314.39, 11.590000000003783
258102, 33900.5850,  3, 286.51, 12.904999999998836
258104, 33900.7950,  3, 296.01, 13.105000000003201
258114, 33901.8350,  3, 256.98, 14.060000000004948
258141, 33904.6500,  3, 299.03, 16.875
258148, 33905.3800,  3, 294.08, 17.639999999999418
258149, 33905.4800,  3, 296.13, 17.760000000002037
258150, 33905.5850,  3, 266.35, 17.830000000001746
258260, 33928.9050,  3, 301.70, 11.284999999996217
258261, 33929.0100,  3, 321.60, 11.44999999999709
258284, 33931.4050,  3, 316.60, 13.789999999993597
258287, 33931.7200,  3, 292.22, 14.159999999996217
258297, 33932.7600,  3, 306.92, 15.154999999998836
258310, 33934.1150,  3, 288.85, 16.474999999998545
258311, 33934.2200,  3, 287.00, 16.610000000000582
258341, 33937.3450,  3, 257.46, 19.689999999995052
258441, 33958.7750,  3, 334.32, 10.260000000002037
258450, 33959.7100,  3, 297.57, 11.165000000000873
258460, 33960.7550,  3, 298.83, 12.270000000004075
258460, 33960.7550,  3, 301.67, 12.280000000006112
258480, 33962.8350,  3, 290.64, 14.365000000005239
258490, 33963.8800,  3, 293.23, 15.400000000001455
258552, 33970.3350,  3, 263.53, 21.825000000004366
258641, 33979.6050,  3, 254.16, 31.075000000004366
258753, 34002.3650,  3, 293.97, 11.469999999993888
258772, 34004.3450,  3, 309.50, 13.534999999996217
258813, 34008.6150,  3, 277.15, 17.75499999999738
258838, 34011.2200,  3, 266.48, 20.38499999999476
258845, 34011.9500,  3, 254.47, 21.1449999999968
258880, 34015.5950,  3, 275.66, 24.739999999997963
258889, 34016.5300,  3, 270.74, 25.709999999999127
258913, 34019.0300,  3, 249.02, 28.209999999999127
259033, 34042.5800,  3, 295.96, 12.330000000001746
259041, 34043.4100,  3, 309.29, 13.150000000001455
259044, 34043.7250,  3, 307.50, 13.440000000002328
259049, 34044.2450,  3, 312.41, 14.014999999999418
259049, 34044.2450,  3, 313.51, 13.959999999999127
259056, 34044.9750,  3, 295.65, 14.690000000002328
259085, 34047.9950,  3, 276.96, 17.775000000001455
259092, 34048.7250,  3, 279.37, 18.49500000000262
259190, 34069.9100,  3, 331.16, 10.099999999998545
259200, 34070.9550,  3, 293.30, 11.125
259213, 34072.3100,  3, 293.45, 12.409999999996217
259219, 34072.9350,  3, 309.17, 13.095000000001164
259229, 34073.9750,  3, 332.18, 14.095000000001164
259233, 34074.3900,  3, 297.71, 14.555000000000291
259243, 34075.4350,  3, 288.12, 15.540000000000873
259282, 34079.4950,  3, 275.85, 19.68000000000029
259399, 34102.4800,  3, 313.13, 12.07499999999709
259408, 34103.4200,  1, -172.08, 13.019999999996799
259408, 34103.4200,  1, -186.85, 13.019999999996799
259413, 34103.9400,  3, 281.00, 13.439999999995052
259417, 34104.3550,  3, 281.82, 13.939999999995052
259417, 34104.3550,  3, 297.11, 13.900000000001455
259461, 34108.9400,  3, 250.16, 18.455000000001746
259487, 34111.6500,  3, 284.91, 21.154999999998836
259599, 34134.5150,  3, 293.93, 11.534999999996217
259601, 34134.7250,  3, 307.84, 11.674999999995634
259604, 34135.0350,  3, 275.00, 12.00499999999738
259608, 34135.4550,  3, 306.71, 12.400000000001455
259614, 34136.0800,  3, 293.49, 13.069999999999709
259622, 34136.9100,  3, 294.85, 13.904999999998836
259638, 34138.5800,  3, 228.00, 15.610000000000582
259639, 34138.6850,  3, 268.28, 15.689999999995052
259771, 34163.1850,  3, 321.56, 13.604999999995925
259772, 34163.2850,  3, 264.95, 13.654999999998836
259784, 34164.5350,  3, 309.42, 14.900000000001455
259787, 34164.8500,  3, 291.12, 15.209999999999127
259801, 34166.3100,  3, 268.30, 16.760000000002037
259803, 34166.5150,  3, 309.46, 16.909999999996217
259877, 34174.2250,  3, 289.12, 24.669999999998254
259979, 34184.8500,  3, 207.48, 35.20999999999913
260087, 34207.3250,  3, 309.69, 11.134999999994761
260089, 34207.5300,  3, 303.67, 11.314999999995052
260101, 34208.7800,  3, 311.54, 12.589999999996508
260105, 34209.2000,  3, 274.40, 12.979999999995925
260105, 34209.2000,  3, 327.85, 12.930000000000291
260115, 34210.2400,  3, 333.98, 14.034999999996217
260116, 34210.3450,  3, 290.66, 14.144999999996799
260126, 34211.3850,  3, 320.44, 15.180000000000291
260234, 34233.4700,  3, 310.71, 11.12000000000262
260244, 34234.5100,  3, 289.54, 12.085000000006403
260247, 34234.8250,  3, 295.91, 12.460000000006403
260249, 34235.0300,  3, 297.28, 12.625
260264, 34236.5950,  3, 314.19, 14.17000000000553
260274, 34237.6350,  3, 277.01, 15.270000000004075
260299, 34240.2400,  3, 297.79, 17.830000000001746
260341, 34244.6150,  3, 273.35, 22.255000000004657
260464, 34268.5100,  3, 301.11, 12.610000000000582
260470, 34269.1350,  3, 303.81, 13.244999999995343
260477, 34269.8650,  3, 364.55, 14.029999999998836
260482, 34270.3850,  3, 306.41, 14.52499999999418
260507, 34272.9900,  3, 306.12, 17.174999999995634
260509, 34273.2000,  3, 287.06, 17.375
260574, 34279.9700,  3, 260.24, 24.114999999997963
260626, 34285.3850,  3, 246.79, 29.489999999997963
260684, 34302.5300,  1, -160.24, 5.934999999997672
260684, 34302.5300,  1, -141.17, 5.934999999997672
260759, 34310.3450,  3, 288.72, 13.724999999998545
260761, 34310.5500,  3, 314.98, 13.909999999996217
260761, 34310.5500,  3, 302.63, 13.854999999995925
260768, 34311.2800,  3, 238.03, 14.619999999995343
260770, 34311.4900,  3, 286.41, 14.790000000000873
260774, 34311.9050,  3, 301.13, 15.25
260887, 34334.4950,  3, 324.52, 11.619999999995343
260892, 34335.0150,  3, 284.79, 12.084999999999127
260896, 34335.4350,  3, 315.75, 12.559999999997672
260907, 34336.5800,  3, 280.08, 13.744999999995343
260915, 34337.4100,  3, 292.96, 14.489999999997963
260924, 34338.3500,  3, 315.01, 15.419999999998254
260974, 34343.5600,  3, 261.63, 20.654999999998836
260988, 34345.0150,  3, 267.69, 22.084999999999127
261110, 34369.5300,  3, 314.13, 12.594999999993888
261115, 34370.0500,  3, 317.82, 13.044999999998254
261121, 34370.6750,  3, 302.37, 13.64999999999418
261125, 34371.0950,  3, 291.90, 14.139999999999418
261128, 34371.4050,  3, 315.16, 14.39999999999418
261132, 34371.8250,  3, 260.21, 14.87999999999738
261132, 34371.8250,  3, 303.09, 14.87999999999738
261141, 34372.7600,  3, 258.08, 15.805000000000291
261253, 34395.3900,  3, 297.48, 11.544999999998254
261258, 34395.9100,  3, 327.44, 12.00499999999738
261269, 34397.0600,  3, 322.83, 13.144999999996799
261279, 34398.1000,  3, 283.36, 14.165000000000873
261282, 34398.4100,  3, 303.27, 14.534999999996217
261283, 34398.5150,  3, 313.25, 14.665000000000873
261292, 34399.4550,  3, 275.12, 15.525000000001455
261324, 34402.7850,  3, 271.15, 18.939999999995052
261435, 34426.1900,  3, 319.10, 11.384999999994761
261436, 34426.2950,  3, 296.71, 11.529999999998836
261443, 34427.0250,  3, 315.31, 12.239999999997963
261460, 34428.7950,  3, 294.41, 13.964999999996508
261467, 34429.5250,  3, 268.62, 14.764999999999418
261500, 34432.9600,  3, 272.43, 18.154999999998836
261518, 34434.8350,  3, 261.71, 20.039999999993597
261689, 34452.6500,  3, 243.51, 37.83499999999913
261793, 34474.7050,  3, 329.59, 10.700000000004366
261809, 34476.3700,  3, 254.11, 12.345000000001164
261813, 34476.7850,  3, 307.13, 12.720000000001164
261817, 34477.2050,  3, 271.74, 13.185000000004948
261823, 34477.8300,  3, 279.58, 13.819999999999709
261835, 34479.0800,  3, 279.28, 15.075000000004366
261893, 34485.1200,  3, 320.19, 21.110000000000582
262244, 34521.6850,  3, 203.35, 57.69000000000233
262314, 34540.6200,  1, -135.72, 7.190000000002328
262314, 34540.6200,  1, -159.25, 7.190000000002328
262321, 34541.3500,  1, -169.55, 7.919999999998254
262321, 34541.3500,  1, -165.39, 7.919999999998254
262364, 34545.8300,  3, 302.49, 12.394999999996799
262379, 34547.3900,  3, 313.19, 13.930000000000291
262385, 34548.0150,  3, 315.00, 14.559999999997672
262472, 34557.0800,  3, 249.23, 23.599999999998545
262537, 34574.5800,  1, -167.03, 6.665000000000873
262537, 34574.5800,  1, -172.86, 6.665000000000873
262585, 34579.5800,  1, -84.63, 11.665000000000873
262585, 34579.5800,  1, -215.39, 11.665000000000873
262596, 34580.7250,  3, 303.44, 12.775000000001455
262608, 34581.9750,  3, 315.07, 13.989999999997963
262620, 34583.2250,  3, 282.13, 15.209999999999127
262679, 34589.3700,  3, 235.34, 21.3949999999968
262784, 34611.4400,  3, 305.18, 10.82499999999709
262798, 34612.9000,  3, 283.35, 12.189999999995052
262811, 34614.2550,  3, 267.82, 13.644999999996799
262816, 34614.7750,  3, 274.34, 14.164999999993597
262839, 34617.1700,  3, 299.48, 16.484999999993306
262843, 34617.5850,  3, 260.11, 16.95499999999447
262874, 34620.8150,  3, 357.41, 20.104999999995925
262910, 34624.5650,  3, 283.69, 23.89999999999418
263012, 34646.1200,  3, 318.99, 10.459999999999127
263031, 34648.1000,  3, 304.53, 12.404999999998836
263033, 34648.3100,  3, 294.22, 12.669999999998254
263037, 34648.7250,  3, 300.13, 13.060000000004948
263041, 34649.1400,  3, 273.22, 13.525000000001455
263044, 34649.4550,  3, 300.33, 13.760000000002037
263047, 34649.7650,  3, 279.02, 14.135000000002037
263104, 34655.7050,  3, 289.03, 20.06999999999971
263212, 34677.9750,  3, 288.98, 11.119999999995343
263215, 34678.2850,  3, 336.11, 11.364999999997963
263230, 34679.8500,  3, 329.98, 12.970000000001164
263233, 34680.1600,  3, 296.75, 13.235000000000582
263241, 34680.9950,  3, 282.99, 14.134999999994761
263242, 34681.1000,  3, 301.34, 14.180000000000291
263246, 34681.5150,  3, 279.01, 14.674999999995634
263325, 34689.7450,  3, 270.04, 22.834999999999127
263437, 34712.1900,  3, 301.81, 11.555000000000291
263440, 34712.5050,  3, 319.97, 11.839999999996508
263443, 34712.8150,  3, 319.65, 12.089999999996508
263449, 34713.4400,  3, 295.01, 12.764999999999418
263461, 34714.6900,  3, 287.54, 13.959999999999127
263470, 34715.6300,  3, 275.11, 14.904999999998836
263475, 34716.1500,  3, 320.79, 15.5
263491, 34717.8150,  3, 292.69, 17.160000000003492
263605, 34740.7750,  3, 280.01, 11.764999999999418
263612, 34741.5050,  3, 269.19, 12.440000000002328
263614, 34741.7100,  3, 320.47, 12.610000000000582
263623, 34742.6500,  3, 320.80, 13.565000000002328
263642, 34744.6300,  3, 289.05, 15.590000000003783
263647, 34745.1500,  3, 300.94, 16.090000000003783
263674, 34747.9600,  3, 306.05, 18.950000000004366
263674, 34747.9600,  3, 295.42, 18.86500000000524
263779, 34770.0050,  3, 326.10, 10.794999999998254
263782, 34770.3150,  3, 321.33, 11.110000000000582
263786, 34770.7300,  3, 300.18, 11.505000000004657
263792, 34771.3550,  3, 291.26, 12.130000000004657
263800, 34772.1900,  3, 317.32, 12.940000000002328
263810, 34773.2300,  3, 314.86, 14.010000000002037
263841, 34776.4600,  3, 312.75, 17.220000000001164
263847, 34777.0850,  3, 315.40, 17.86500000000524
263908, 34794.2300,  1, -135.69, 6.245000000002619
263908, 34794.2300,  1, -172.22, 6.245000000002619
263956, 34799.2300,  3, 335.86, 11.150000000001455
263956, 34799.2300,  3, 304.51, 11.150000000001455
263967, 34800.3800,  3, 315.37, 12.345000000001164
263974, 34801.1050,  3, 323.77, 13.065000000002328
263986, 34802.3550,  3, 270.97, 14.330000000001746
263987, 34802.4600,  3, 299.41, 14.464999999996508
264093, 34824.6600,  3, 298.99, 10.895000000004075
264095, 34824.8700,  3, 310.59, 11.084999999999127
264097, 34825.0800,  3, 297.84, 11.275000000001455
264103, 34825.7050,  3, 307.80, 11.935000000004948
264114, 34826.8500,  3, 294.46, 13.099999999998545
264141, 34829.6600,  3, 328.61, 15.889999999999418
264145, 34830.0800,  3, 298.63, 16.290000000000873
264158, 34831.4350,  3, 319.83, 17.665000000000873
264263, 34853.6000,  3, 311.97, 10.730000000003201
264266, 34853.9100,  3, 322.53, 11.12000000000262
264268, 34854.1200,  3, 338.94, 11.30000000000291
264270, 34854.3300,  3, 335.21, 11.485000000000582
264283, 34855.6850,  3, 287.75, 12.855000000003201
264314, 34858.9100,  3, 313.60, 16.135000000002037
264322, 34859.7450,  3, 305.66, 16.93000000000029
264327, 34860.2650,  3, 306.67, 17.410000000003492
264433, 34882.2950,  3, 306.93, 10.904999999998836
264437, 34882.7100,  3, 277.51, 11.314999999995052
264438, 34882.8150,  3, 307.69, 11.39999999999418
264450, 34884.0650,  3, 293.22, 12.639999999999418
264460, 34885.1050,  3, 306.41, 13.69999999999709
264464, 34885.5250,  3, 271.83, 14.164999999993597
264475, 34886.6700,  3, 291.70, 15.214999999996508
264503, 34889.5850,  3, 315.08, 18.224999999998545
264571, 34907.6550,  1, -159.85, 6.9799999999959255
264571, 34907.6550,  1, -168.51, 6.9799999999959255
264621, 34912.8650,  3, 332.64, 12.144999999996799
264638, 34914.6350,  3, 317.39, 13.924999999995634
264639, 34914.7400,  3, 287.68, 14.039999999993597
264641, 34914.9500,  3, 286.49, 14.264999999999418
264660, 34916.9250,  3, 290.68, 16.224999999998545
264688, 34919.8450,  3, 294.49, 19.114999999997963
264779, 34940.6050,  1, -81.68, 9.375
264779, 34940.6050,  1, -187.08, 9.375
264793, 34942.0650,  3, 340.15, 10.759999999994761
264801, 34942.9000,  3, 309.14, 11.634999999994761
264809, 34943.7300,  3, 302.21, 12.45499999999447
264820, 34944.8800,  3, 285.43, 13.589999999996508
264834, 34946.3350,  3, 265.63, 15.019999999996799
264879, 34951.0250,  3, 310.93, 19.724999999998545
264957, 34970.2000,  1, -143.06, 8.02499999999418
264957, 34970.2000,  1, -152.00, 8.02499999999418
264994, 34974.0500,  3, 310.17, 11.77499999999418
264996, 34974.2600,  3, 318.29, 12.00499999999738
265032, 34978.0100,  3, 290.78, 15.735000000000582
265056, 34980.5100,  3, 306.37, 18.294999999998254
265065, 34981.4500,  3, 291.34, 19.229999999995925
265088, 34983.8450,  3, 306.68, 21.594999999993888
265197, 35006.4050,  3, 315.10, 11.200000000004366
265206, 35007.3450,  3, 280.85, 12.165000000000873
265209, 35007.6550,  3, 289.64, 12.444999999999709
265216, 35008.3850,  3, 306.98, 13.190000000002328
265221, 35008.9050,  3, 284.39, 13.669999999998254
265238, 35010.6750,  3, 333.41, 15.474999999998545
265241, 35010.9900,  3, 279.15, 15.764999999999418
265299, 35017.0300,  3, 310.14, 21.8550000000032
265419, 35040.5450,  3, 306.60, 12.375
265430, 35041.6900,  3, 305.73, 13.44999999999709
265433, 35042.0050,  3, 314.67, 13.75499999999738
265435, 35042.2100,  3, 297.30, 13.955000000001746
265436, 35042.3150,  3, 331.29, 14.064999999995052
265470, 35045.8550,  3, 274.45, 17.69499999999971
265474, 35046.2750,  3, 312.61, 18.114999999997963
265502, 35049.1900,  3, 294.57, 21.014999999999418
265602, 35070.4550,  3, 335.69, 10.240000000005239
265610, 35071.2850,  3, 327.62, 11.110000000000582
265625, 35072.8500,  3, 308.69, 12.62000000000262
265633, 35073.6850,  3, 305.46, 13.510000000002037
265633, 35073.6850,  3, 323.89, 13.470000000001164
265638, 35074.2050,  3, 317.66, 14.05000000000291
265666, 35077.1200,  3, 307.62, 16.950000000004366
265690, 35079.6200,  3, 315.55, 19.435000000004948
265748, 35096.7750,  1, -142.33, 5.940000000002328
265748, 35096.7750,  1, -137.46, 5.940000000002328
265791, 35101.2550,  3, 333.93, 10.400000000001455
265801, 35102.2950,  3, 329.95, 11.37999999999738
265803, 35102.5050,  3, 306.50, 11.635000000002037
265811, 35103.3350,  3, 298.85, 12.404999999998836
265815, 35103.7550,  3, 296.53, 12.87999999999738
265841, 35106.4600,  3, 257.53, 15.584999999999127
265911, 35124.7650,  1, -160.80, 7.184999999997672
265911, 35124.7650,  1, -154.19, 7.184999999997672
265972, 35131.1200,  3, 315.37, 13.439999999995052
265992, 35133.2050,  3, 274.04, 15.525000000001455
265999, 35133.9350,  3, 305.55, 16.349999999998545
266018, 35135.9100,  3, 300.11, 18.279999999998836
266047, 35138.9350,  3, 267.63, 21.349999999998545
266117, 35146.2250,  3, 261.10, 28.56999999999971
266187, 35164.4200,  1, -149.95, 7.184999999997672
266187, 35164.4200,  1, -130.36, 7.184999999997672
266224, 35168.2750,  3, 312.32, 11.014999999999418
266238, 35169.7300,  3, 309.91, 12.42500000000291
266249, 35170.8800,  3, 325.31, 13.62000000000262
266249, 35170.8800,  3, 303.58, 13.589999999996508
266311, 35177.3350,  3, 320.03, 20.080000000001746
266338, 35180.1500,  3, 268.16, 22.885000000002037
266442, 35202.8550,  3, 320.35, 10.680000000000291
266443, 35202.9600,  3, 311.00, 10.739999999997963
266451, 35203.7950,  3, 309.05, 11.599999999998545
266451, 35203.7950,  3, 302.81, 11.660000000003492
266452, 35203.9000,  3, 312.58, 11.75
266455, 35204.2100,  3, 299.83, 12.00499999999738
266464, 35205.1500,  3, 283.48, 12.970000000001164
266474, 35206.1900,  3, 317.13, 13.970000000001164
266583, 35229.4100,  3, 297.72, 11.154999999998836
266587, 35229.8300,  3, 332.28, 11.57499999999709
266598, 35230.9750,  3, 306.23, 12.790000000000873
266603, 35231.4950,  3, 302.18, 13.229999999995925
266622, 35233.4750,  3, 291.09, 15.279999999998836
266651, 35236.4950,  3, 301.77, 18.2699999999968
266724, 35244.1000,  3, 283.53, 25.87999999999738
266798, 35251.8100,  3, 274.87, 33.63999999999942
266893, 35272.7650,  1, -174.34, 9.790000000000873
266893, 35272.7650,  1, -154.55, 9.790000000000873
266903, 35273.8100,  3, 311.57, 10.739999999997963
266911, 35274.6400,  3, 296.50, 11.614999999997963
266916, 35275.1600,  3, 342.76, 12.090000000003783
266921, 35275.6850,  3, 313.81, 12.635000000002037
266924, 35275.9950,  3, 320.06, 13.0
266942, 35277.8700,  3, 292.99, 14.875
267047, 35300.0300,  3, 314.98, 10.739999999997963
267050, 35300.3450,  1, -128.74, 11.150000000001455
267050, 35300.3450,  1, -162.01, 11.150000000001455
267079, 35303.3650,  3, 307.53, 14.150000000001455
267079, 35303.3650,  3, 315.35, 14.110000000000582
267104, 35305.9700,  3, 299.92, 16.724999999998545
267106, 35306.1750,  3, 293.01, 16.959999999999127
267120, 35307.6350,  3, 303.28, 18.43000000000029
267226, 35329.8000,  3, 322.88, 10.900000000001455
267249, 35332.2000,  3, 321.25, 13.240000000005239
267265, 35333.8650,  3, 301.77, 14.955000000001746
267286, 35336.0500,  3, 286.40, 17.150000000001455
267287, 35336.1550,  3, 323.10, 17.24500000000262
267289, 35336.3650,  3, 304.64, 17.450000000004366
267290, 35336.4700,  3, 295.73, 17.520000000004075
267345, 35342.2000,  3, 294.43, 23.279999999998836
267451, 35364.3300,  3, 301.76, 10.835000000006403
267460, 35365.2650,  3, 307.43, 11.819999999999709
267462, 35365.4750,  3, 335.13, 12.069999999999709
267468, 35366.1000,  3, 299.40, 12.605000000003201
267485, 35367.8700,  3, 298.36, 14.400000000001455
267501, 35369.5350,  3, 272.66, 16.075000000004366
267504, 35369.8500,  3, 321.47, 16.360000000000582
267515, 35370.9950,  3, 292.95, 17.530000000006112
267630, 35394.0600,  3, 304.91, 11.785000000003492
267647, 35395.8300,  3, 277.71, 13.62000000000262
267652, 35396.3500,  3, 323.74, 14.130000000004657
267653, 35396.4550,  3, 306.04, 14.230000000003201
267654, 35396.5600,  3, 286.11, 14.365000000005239
267660, 35397.1850,  3, 309.65, 14.940000000002328
267663, 35397.4950,  3, 273.18, 15.275000000001455
267680, 35399.2650,  3, 335.63, 16.9800000000032
267737, 35416.4200,  1, -142.17, 5.830000000001746
267737, 35416.4200,  1, -127.60, 5.830000000001746
267801, 35423.0850,  3, 330.60, 12.435000000004948
267805, 35423.5050,  3, 293.18, 12.835000000006403
267806, 35423.6050,  3, 316.94, 12.945000000006985
267824, 35425.4800,  3, 313.55, 14.855000000003201
267826, 35425.6900,  3, 304.46, 15.090000000003783
267834, 35426.5250,  3, 277.07, 15.915000000000873
267936, 35448.1600,  3, 310.40, 10.489999999997963
267945, 35449.1000,  3, 308.92, 11.434999999997672
267951, 35449.7250,  3, 311.79, 12.025000000001455
267985, 35453.2650,  3, 315.76, 15.584999999999127
268058, 35460.8700,  3, 267.32, 23.169999999998254
268106, 35465.8700,  3, 318.70, 28.205000000001746
268115, 35466.8100,  3, 262.11, 29.084999999999127
268174, 35472.9550,  3, 255.86, 35.24500000000262
268275, 35494.2550,  3, 317.23, 10.364999999997963
268297, 35496.5450,  3, 297.18, 12.625
268300, 35496.8550,  3, 320.09, 12.989999999997963
268317, 35498.6300,  3, 308.48, 14.760000000002037
268329, 35499.8800,  3, 307.27, 15.985000000000582
268355, 35502.5850,  3, 293.80, 18.654999999998836
268366, 35503.7300,  3, 316.29, 19.80999999999767
268452, 35512.6900,  3, 300.22, 28.785000000003492
268564, 35535.3450,  3, 300.21, 11.489999999997963
268576, 35536.5950,  3, 332.12, 12.794999999998254
268576, 35536.5950,  3, 303.30, 12.805000000000291
268581, 35537.1150,  3, 319.73, 13.235000000000582
268586, 35537.6350,  3, 296.25, 13.80000000000291
268628, 35542.0100,  3, 289.10, 18.130000000004657
268632, 35542.4250,  3, 290.41, 18.610000000000582
268664, 35545.7600,  3, 307.40, 21.950000000004366
268738, 35564.5850,  1, -133.59, 7.6049999999959255
268738, 35564.5850,  1, -152.67, 7.6049999999959255
268771, 35568.0250,  3, 302.77, 11.034999999996217
268779, 35568.8550,  3, 307.13, 11.864999999997963
268782, 35569.1700,  3, 307.80, 12.134999999994761
268787, 35569.6900,  3, 304.51, 12.689999999995052
268793, 35570.3150,  3, 306.93, 13.25
268799, 35570.9400,  3, 317.67, 13.864999999997963
268885, 35590.6900,  1, -125.77, 8.855000000003201
268885, 35590.6900,  1, -166.62, 8.855000000003201
268906, 35592.8800,  3, 316.26, 11.040000000000873
268913, 35593.6050,  3, 311.02, 11.74500000000262
268924, 35594.7550,  3, 307.06, 12.830000000001746
268949, 35597.3550,  3, 311.71, 15.444999999999709
268959, 35598.4000,  3, 300.52, 16.485000000000582
268984, 35601.0050,  3, 313.33, 19.135000000002037
269088, 35623.6850,  3, 291.46, 10.714999999996508
269096, 35624.5150,  3, 313.02, 11.540000000000873
269101, 35625.0350,  3, 309.23, 12.009999999994761
269107, 35625.6600,  3, 284.74, 12.634999999994761
269108, 35625.7650,  3, 299.37, 12.75
269110, 35625.9750,  3, 284.15, 12.939999999995052
269124, 35627.4350,  3, 308.62, 14.430000000000291
269131, 35628.1600,  3, 300.16, 15.169999999998254
269239, 35651.3300,  3, 317.21, 11.130000000004657
269254, 35652.8900,  3, 300.68, 12.610000000000582
269257, 35653.2050,  3, 305.30, 13.005000000004657
269268, 35654.3500,  3, 301.17, 14.125
269307, 35658.4100,  3, 281.24, 18.17000000000553
269319, 35659.6600,  3, 311.69, 19.395000000004075
269376, 35665.6000,  3, 253.57, 25.400000000001455
269378, 35665.8100,  3, 243.93, 25.580000000001746
269485, 35687.9700,  3, 305.17, 10.989999999997963
269510, 35690.5750,  3, 297.17, 13.589999999996508
269513, 35690.8850,  3, 294.58, 13.909999999996217
269516, 35691.2000,  3, 274.02, 14.264999999999418
269517, 35691.3000,  3, 304.03, 14.344999999993888
269540, 35693.7000,  3, 294.97, 16.68499999999767
269592, 35699.1150,  3, 324.73, 22.174999999995634
269607, 35700.6750,  3, 288.50, 23.69999999999709
269723, 35724.7950,  3, 316.03, 11.884999999994761
269723, 35724.7950,  3, 306.27, 11.909999999996217
269726, 35725.1050,  3, 325.65, 12.20499999999447
269738, 35726.3550,  3, 302.10, 13.485000000000582
269742, 35726.7750,  3, 311.45, 13.894999999996799
269753, 35727.9200,  3, 315.75, 15.009999999994761
269754, 35728.0250,  3, 263.38, 15.139999999999418
269860, 35739.0650,  3, 260.98, 26.214999999996508
269994, 35764.2550,  3, 326.79, 13.790000000000873
270007, 35765.6050,  3, 293.70, 15.184999999997672
270009, 35765.8150,  3, 300.83, 15.309999999997672
270018, 35766.7550,  3, 317.47, 16.290000000000873
270048, 35769.8800,  3, 273.77, 19.404999999998836
270050, 35770.0850,  3, 278.87, 19.654999999998836
270052, 35770.2950,  3, 302.09, 19.834999999999127
270074, 35772.5850,  3, 319.80, 22.084999999999127
270181, 35794.7050,  3, 301.46, 11.00499999999738
270193, 35795.9550,  3, 299.45, 12.25
270198, 35796.4750,  3, 320.66, 12.720000000001164
270199, 35796.5800,  3, 300.81, 12.900000000001455
270214, 35798.1400,  3, 273.13, 14.434999999997672
270216, 35798.3500,  3, 303.83, 14.635000000002037
270222, 35798.9750,  3, 300.69, 15.25
270223, 35799.0800,  3, 304.29, 15.319999999999709
270325, 35820.5600,  3, 320.17, 10.469999999993888
270339, 35822.0150,  3, 323.20, 11.89999999999418
270340, 35822.1200,  3, 335.86, 11.989999999997963
270342, 35822.3300,  3, 306.87, 12.259999999994761
270345, 35822.6400,  3, 267.69, 12.559999999997672
270367, 35824.9350,  3, 265.82, 14.804999999993015
270370, 35825.2450,  3, 275.66, 15.184999999997672
270378, 35826.0800,  3, 283.01, 16.029999999998836
270480, 35847.5500,  3, 341.75, 10.430000000000291
270491, 35848.7000,  3, 324.15, 11.654999999998836
270494, 35849.0100,  3, 292.99, 11.934999999997672
270496, 35849.2200,  3, 315.89, 12.139999999999418
270520, 35851.7200,  3, 301.72, 14.665000000000873
270526, 35852.3450,  3, 307.60, 15.215000000003783
270537, 35853.4900,  3, 320.97, 16.419999999998254
270594, 35859.4250,  3, 302.74, 22.345000000001164
270705, 35882.0500,  3, 314.38, 11.364999999997963
270707, 35882.2600,  3, 325.54, 11.565000000002328
270714, 35882.9900,  3, 303.58, 12.319999999999709
270724, 35884.0300,  3, 302.20, 13.334999999999127
270725, 35884.1350,  3, 311.75, 13.455000000001746
270728, 35884.4500,  3, 274.52, 13.805000000000291
270729, 35884.5500,  3, 294.53, 13.875
270752, 35886.9500,  3, 310.56, 16.279999999998836
270852, 35908.1400,  3, 329.60, 10.299999999995634
270858, 35908.7650,  3, 339.47, 10.87999999999738
270862, 35909.1850,  3, 318.24, 11.275000000001455
270863, 35909.2850,  3, 282.75, 11.415000000000873
270869, 35909.9100,  3, 307.64, 12.055000000000291
270882, 35911.2650,  3, 317.48, 13.430000000000291
270908, 35913.9750,  3, 276.71, 16.084999999999127
270916, 35914.8100,  3, 306.05, 16.889999999999418
270974, 35931.7750,  1, -143.25, 5.935000000004948
270974, 35931.7750,  1, -154.90, 5.935000000004948
271034, 35938.0250,  3, 307.38, 12.150000000001455
271043, 35938.9600,  3, 266.40, 13.090000000003783
271045, 35939.1700,  3, 291.36, 13.30000000000291
271069, 35941.6700,  3, 291.68, 15.730000000003201
271070, 35941.7750,  3, 280.48, 15.900000000001455
271070, 35941.7750,  3, 317.08, 15.910000000003492
271179, 35964.2200,  3, 303.82, 11.194999999999709
271185, 35964.8450,  3, 295.68, 11.82499999999709
271187, 35965.0500,  3, 297.81, 12.044999999998254
271189, 35965.2600,  3, 272.80, 12.235000000000582
271190, 35965.3650,  3, 313.36, 12.32499999999709
271195, 35965.8850,  3, 302.68, 12.82499999999709
271207, 35967.1350,  3, 318.02, 14.154999999998836
271216, 35968.0750,  3, 267.72, 15.095000000001164
271326, 35990.7250,  3, 294.55, 11.309999999997672
271330, 35991.1400,  3, 297.94, 11.75499999999738
271338, 35991.9750,  3, 309.08, 12.509999999994761
271340, 35992.1850,  3, 303.37, 12.714999999996508
271343, 35992.4950,  3, 323.04, 13.089999999996508
271353, 35993.5350,  3, 281.57, 14.104999999995925
271387, 35997.0800,  3, 287.57, 17.69499999999971
271425, 36001.0350,  3, 282.01, 21.614999999997963
271531, 36023.1350,  3, 315.83, 10.894999999996799
271542, 36024.2800,  3, 303.70, 12.014999999999418
271560, 36026.1550,  3, 264.71, 13.900000000001455
271563, 36026.4700,  3, 317.98, 14.184999999997672
271564, 36026.5750,  3, 285.48, 14.305000000000291
271571, 36027.3000,  3, 304.79, 15.084999999999127
271582, 36028.4500,  3, 292.42, 16.150000000001455
271591, 36029.3850,  3, 296.89, 17.125
271698, 36051.4200,  3, 299.69, 10.974999999998545
271701, 36051.7300,  3, 311.82, 11.294999999998254
271702, 36051.8350,  3, 331.65, 11.385000000002037
271703, 36051.9400,  3, 322.72, 11.544999999998254
271703, 36051.9400,  3, 320.07, 11.514999999999418
271725, 36054.2300,  3, 291.04, 13.830000000001746
271795, 36061.5250,  3, 318.15, 21.06500000000233
271823, 36064.4400,  3, 290.76, 24.029999999998836
271928, 36086.6200,  3, 296.62, 10.760000000002037
271928, 36086.6200,  3, 323.85, 10.790000000000873
271935, 36087.3500,  3, 298.51, 11.455000000001746
271937, 36087.5600,  3, 309.17, 11.714999999996508
271937, 36087.5600,  3, 333.04, 11.674999999995634
271944, 36088.2850,  3, 310.57, 12.474999999998545
271950, 36088.9100,  3, 312.73, 13.07499999999709
272006, 36094.7450,  3, 299.24, 18.8949999999968
272123, 36118.6550,  3, 290.76, 11.99500000000262
272125, 36118.8650,  3, 310.26, 12.235000000000582
272129, 36119.2800,  3, 326.38, 12.69999999999709
272130, 36119.3850,  3, 325.51, 12.80000000000291
272134, 36119.8000,  3, 298.37, 13.160000000003492
272157, 36122.2000,  3, 295.93, 15.529999999998836
272185, 36125.1150,  3, 305.04, 18.474999999998545
272207, 36127.4050,  3, 289.13, 20.80999999999767
272315, 36150.5050,  3, 309.49, 11.104999999995925
272318, 36150.8150,  3, 303.74, 11.394999999996799
272319, 36150.9200,  3, 324.47, 11.489999999997963
272328, 36151.8550,  3, 324.63, 12.470000000001164
272330, 36152.0650,  3, 337.15, 12.669999999998254
272330, 36152.0650,  3, 283.78, 12.659999999996217
272336, 36152.6900,  3, 292.49, 13.24500000000262
272362, 36155.4000,  3, 269.02, 16.029999999998836
272474, 36178.1500,  3, 291.86, 11.555000000000291
272482, 36178.9800,  3, 327.78, 12.345000000001164
272483, 36179.0850,  3, 284.50, 12.435000000004948
272484, 36179.1900,  3, 291.92, 12.575000000004366
272491, 36179.9200,  3, 289.48, 13.290000000000873
272495, 36180.3350,  3, 315.14, 13.700000000004366
272537, 36184.7100,  3, 279.80, 18.015000000006694
272542, 36185.2300,  3, 296.26, 18.595000000001164
272632, 36205.6900,  1, -169.38, 9.270000000004075
272632, 36205.6900,  1, -176.53, 9.270000000004075
272648, 36207.3550,  3, 297.38, 10.880000000004657
272654, 36207.9800,  3, 304.85, 11.49500000000262
272657, 36208.2950,  3, 287.27, 11.805000000000291
272664, 36209.0250,  3, 304.52, 12.505000000004657
272677, 36210.3800,  3, 279.77, 13.889999999999418
272684, 36211.1050,  3, 284.03, 14.645000000004075
272785, 36232.5650,  3, 306.22, 10.400000000001455
272796, 36233.7100,  3, 299.07, 11.529999999998836
272808, 36234.9600,  3, 264.06, 12.764999999999418
272818, 36236.0050,  3, 294.45, 13.790000000000873
272821, 36236.3150,  3, 306.86, 14.089999999996508
272851, 36239.4400,  3, 266.94, 17.19999999999709
272860, 36240.3800,  3, 263.95, 18.214999999996508
272884, 36242.8800,  3, 257.78, 20.720000000001164
272986, 36264.6500,  3, 312.98, 10.459999999999127
272995, 36265.5850,  3, 298.95, 11.434999999997672
272995, 36265.5850,  3, 301.33, 11.430000000000291
272996, 36265.6900,  3, 290.37, 11.529999999998836
273005, 36266.6300,  3, 318.34, 12.434999999997672
273009, 36267.0450,  3, 318.10, 12.894999999996799
273012, 36267.3550,  3, 288.69, 13.135000000002037
273054, 36271.7300,  3, 291.98, 17.589999999996508
273176, 36295.2550,  3, 325.41, 12.519999999996799
273186, 36296.2950,  3, 297.48, 13.555000000000291
273193, 36297.0250,  3, 301.12, 14.299999999995634
273195, 36297.2300,  3, 259.41, 14.489999999997963
273206, 36298.3800,  3, 287.83, 15.644999999996799
273210, 36298.7950,  3, 335.84, 16.135000000002037
273217, 36299.5250,  3, 295.24, 16.849999999998545
273261, 36304.1050,  3, 243.01, 21.37999999999738
273362, 36325.5850,  3, 311.61, 10.330000000001746
273364, 36325.7950,  3, 318.35, 10.580000000001746
273377, 36327.1500,  3, 284.81, 11.904999999998836
273384, 36327.8800,  3, 315.91, 12.690000000002328
273385, 36327.9800,  3, 290.20, 12.760000000002037
273387, 36328.1900,  3, 300.35, 13.0
273392, 36328.7100,  3, 288.24, 13.440000000002328
273429, 36332.5650,  3, 287.53, 17.345000000001164
273541, 36355.3300,  3, 322.47, 11.530000000006112
273549, 36356.1600,  3, 275.14, 12.335000000006403
273554, 36356.6850,  3, 312.99, 12.85000000000582
273559, 36357.2050,  3, 288.01, 13.360000000000582
273560, 36357.3100,  3, 337.03, 13.440000000002328
273573, 36358.6600,  3, 281.49, 14.835000000006403
273587, 36360.1200,  3, 288.76, 16.345000000001164
273589, 36360.3300,  3, 290.35, 16.510000000002037
273701, 36382.8250,  3, 308.37, 11.544999999998254
273702, 36382.9250,  3, 325.09, 11.644999999996799
273707, 36383.4500,  3, 246.80, 12.180000000000291
273719, 36384.7000,  3, 277.68, 13.419999999998254
273721, 36384.9050,  3, 307.19, 13.62999999999738
273760, 36388.9700,  3, 297.63, 17.6449999999968
273765, 36389.4900,  3, 277.50, 18.220000000001164
273772, 36390.2200,  3, 301.33, 18.915000000000873
273839, 36408.1300,  1, -168.32, 6.875
273839, 36408.1300,  1, -137.40, 6.875
273887, 36413.1300,  3, 313.59, 11.830000000001746
273891, 36413.5450,  3, 271.33, 12.230000000003201
273893, 36413.7550,  3, 313.76, 12.440000000002328
273894, 36413.8550,  3, 305.09, 12.590000000003783
273895, 36413.9600,  3, 331.94, 12.680000000000291
274007, 36425.6300,  3, 208.15, 24.29500000000553
274107, 36447.0350,  3, 303.96, 10.239999999997963
274121, 36448.4950,  3, 281.02, 11.705000000001746
274130, 36449.4350,  3, 276.68, 12.67500000000291
274130, 36449.4350,  3, 281.28, 12.694999999999709
274150, 36451.5150,  3, 275.46, 14.755000000004657
274159, 36452.4550,  3, 292.62, 15.690000000002328
274167, 36453.2850,  3, 280.64, 16.4800000000032
274196, 36456.3100,  3, 292.45, 19.485000000000582
274303, 36478.4350,  3, 290.27, 10.94999999999709
274324, 36480.6200,  3, 336.60, 13.169999999998254
274326, 36480.8300,  3, 275.89, 13.430000000000291
274337, 36481.9750,  3, 311.37, 14.57499999999709
274348, 36483.1200,  3, 311.75, 15.720000000001164
274360, 36484.3700,  3, 276.00, 16.87999999999738
274373, 36485.7250,  3, 299.71, 18.294999999998254
274382, 36486.6600,  3, 319.84, 19.209999999999127
274493, 36509.4100,  3, 291.81, 11.389999999999418
274502, 36510.3500,  3, 270.54, 12.290000000000873
274512, 36511.3900,  3, 302.93, 13.384999999994761
274512, 36511.3900,  3, 287.03, 13.415000000000873
274522, 36512.4350,  3, 300.11, 14.459999999999127
274542, 36514.5150,  3, 275.42, 16.474999999998545
274548, 36515.1400,  3, 287.33, 17.165000000000873
274599, 36520.4550,  3, 264.41, 22.439999999995052
274703, 36542.2950,  3, 308.51, 10.69999999999709
274712, 36543.2300,  3, 313.12, 11.569999999999709
274721, 36544.1700,  3, 311.84, 12.584999999999127
274722, 36544.2750,  3, 290.48, 12.654999999998836
274736, 36545.7300,  3, 279.37, 14.114999999997963
274752, 36547.4000,  3, 261.27, 15.82499999999709
274763, 36548.5450,  3, 295.45, 16.94499999999971
274781, 36550.4200,  3, 287.46, 18.834999999999127
274899, 36573.6150,  3, 308.18, 12.114999999997963
274900, 36573.7200,  3, 309.07, 12.219999999993888
274900, 36573.7200,  3, 313.94, 12.194999999999709
274904, 36574.1350,  3, 245.03, 12.619999999995343
274911, 36574.8650,  3, 297.53, 13.37999999999738
274911, 36574.8650,  3, 310.37, 13.39999999999418
274928, 36576.6350,  3, 260.86, 15.144999999996799
274963, 36580.2800,  3, 254.52, 18.834999999999127
275065, 36601.6000,  3, 318.19, 10.479999999995925
275074, 36602.5350,  3, 304.05, 11.430000000000291
275090, 36604.2050,  3, 294.23, 13.059999999997672
275091, 36604.3100,  3, 291.41, 13.174999999995634
275102, 36605.4550,  3, 275.21, 14.360000000000582
275110, 36606.2850,  3, 277.46, 15.144999999996799
275111, 36606.3900,  3, 308.15, 15.294999999998254
275143, 36609.7250,  3, 288.90, 18.625
275253, 36632.1050,  3, 324.40, 11.345000000001164
275263, 36633.1500,  3, 315.89, 12.319999999999709
275293, 36636.2750,  3, 313.46, 15.490000000005239
275297, 36636.6900,  3, 292.57, 15.840000000003783
275298, 36636.7950,  3, 290.47, 15.990000000005239
275300, 36637.0050,  3, 276.36, 16.209999999999127
275303, 36637.3150,  3, 317.78, 16.54500000000553
275339, 36641.0650,  3, 297.09, 20.235000000000582
275449, 36664.4950,  3, 297.92, 11.32499999999709
275459, 36665.5350,  3, 283.74, 12.334999999999127
275482, 36667.9350,  3, 286.66, 14.705000000001746
275485, 36668.2450,  3, 315.05, 15.014999999999418
275499, 36669.7050,  3, 312.82, 16.510000000002037
275509, 36670.7450,  3, 274.04, 17.599999999998545
275514, 36671.2650,  3, 269.37, 18.06500000000233
275541, 36674.0800,  3, 271.81, 20.864999999997963
275645, 36695.7300,  3, 306.91, 10.720000000001164
275647, 36695.9400,  3, 290.82, 10.834999999999127
275656, 36696.8800,  3, 311.08, 11.779999999998836
275660, 36697.2950,  3, 319.16, 12.290000000000873
275661, 36697.4000,  3, 282.47, 12.309999999997672
275674, 36698.7550,  3, 305.03, 13.694999999999709
275675, 36698.8550,  3, 298.63, 13.775000000001455
275722, 36703.7550,  3, 321.87, 18.7300000000032
275825, 36725.2750,  3, 311.63, 10.569999999999709
275826, 36725.3800,  3, 288.70, 10.639999999999418
275829, 36725.6900,  3, 314.50, 11.0
275832, 36726.0050,  3, 301.17, 11.25499999999738
275836, 36726.4200,  3, 315.55, 11.694999999999709
275838, 36726.6300,  3, 304.34, 11.915000000000873
275845, 36727.3550,  3, 321.94, 12.644999999996799
275857, 36728.6050,  3, 301.29, 13.909999999996217
275960, 36750.4000,  3, 336.88, 10.525000000001455
275965, 36750.9200,  3, 290.47, 11.119999999995343
275983, 36752.7950,  3, 293.05, 12.939999999995052
275985, 36753.0050,  3, 303.95, 13.19999999999709
275995, 36754.0450,  3, 339.68, 14.205000000001746
276001, 36754.6700,  3, 292.21, 14.845000000001164
276005, 36755.0850,  3, 293.03, 15.25499999999738
276024, 36757.0650,  3, 294.60, 17.235000000000582
276132, 36779.5250,  3, 320.79, 11.125
276134, 36779.7300,  3, 302.77, 11.315000000002328
276139, 36780.2550,  3, 272.66, 11.794999999998254
276142, 36780.5650,  3, 273.85, 12.144999999996799
276145, 36780.8800,  3, 323.62, 12.49500000000262
276152, 36781.6050,  3, 298.23, 13.135000000002037
276170, 36783.4800,  3, 286.61, 15.025000000001455
276182, 36784.7300,  3, 303.24, 16.30000000000291
276293, 36807.1150,  3, 255.25, 11.404999999998836
276296, 36807.4250,  3, 295.12, 11.709999999999127
276297, 36807.5300,  3, 294.48, 11.87000000000262
276310, 36808.8850,  3, 307.45, 13.135000000002037
276314, 36809.3000,  3, 317.47, 13.610000000000582
276324, 36810.3450,  3, 297.11, 14.645000000004075
276331, 36811.0750,  3, 315.53, 15.389999999999418
276335, 36811.4900,  3, 284.01, 15.779999999998836
276439, 36833.1050,  3, 325.23, 10.655000000006112
276444, 36833.6300,  3, 312.29, 11.150000000001455
276453, 36834.5650,  3, 304.80, 12.084999999999127
276455, 36834.7750,  3, 290.09, 12.355000000003201
276470, 36836.3350,  3, 291.53, 13.875
276482, 36837.5850,  3, 285.50, 15.105000000003201
276494, 36838.8350,  3, 319.38, 16.43000000000029
276550, 36844.6700,  3, 264.74, 22.2300000000032
276672, 36868.5800,  3, 293.29, 12.510000000002037
276677, 36869.1000,  3, 292.55, 13.075000000004366
276685, 36869.9350,  3, 309.91, 13.900000000001455
276687, 36870.1400,  3, 305.64, 14.090000000003783
276700, 36871.4950,  3, 291.12, 15.49500000000262
276700, 36871.4950,  3, 311.14, 15.485000000000582
276732, 36874.8300,  3, 277.98, 18.755000000004657
276733, 36874.9350,  3, 315.80, 18.864999999997963
276845, 36897.5650,  3, 342.35, 11.470000000001164
276849, 36897.9800,  3, 311.76, 11.900000000001455
276851, 36898.1900,  3, 283.40, 12.105000000003201
276852, 36898.2950,  3, 289.14, 12.194999999999709
276857, 36898.8150,  3, 315.62, 12.739999999997963
276857, 36898.8150,  3, 279.81, 12.790000000000873
276886, 36901.8350,  3, 310.47, 15.75499999999738
276933, 36906.7300,  3, 294.41, 20.68000000000029
277036, 36929.2600,  3, 305.67, 10.619999999995343
277059, 36931.6550,  3, 310.58, 12.970000000001164
277070, 36932.8000,  3, 288.13, 14.144999999996799
277080, 36933.8450,  3, 311.93, 15.125
277085, 36934.3650,  3, 296.09, 15.639999999999418
277087, 36934.5750,  3, 250.26, 15.849999999998545
277091, 36934.9900,  3, 302.38, 16.30999999999767
277150, 36941.1350,  3, 283.98, 22.479999999995925
277261, 36963.4950,  3, 299.06, 11.419999999998254
277268, 36964.2250,  3, 310.78, 12.099999999998545
277273, 36964.7450,  3, 320.32, 12.64999999999418
277274, 36964.8500,  3, 314.07, 12.789999999993597
277275, 36964.9550,  3, 289.37, 12.834999999999127
277277, 36965.1600,  3, 267.05, 13.069999999999709
277288, 36966.3100,  3, 311.82, 14.214999999996508
277309, 36968.4950,  3, 275.02, 16.354999999995925
277417, 36990.5800,  3, 305.80, 11.069999999999709
277424, 36991.3100,  3, 303.24, 11.790000000000873
277434, 36992.3500,  3, 306.41, 12.825000000004366
277437, 36992.6600,  3, 295.83, 13.215000000003783
277440, 36992.9750,  3, 295.43, 13.480000000003201
277449, 36993.9100,  3, 270.65, 14.404999999998836
277466, 36995.6850,  3, 310.00, 16.215000000003783
277466, 36995.6850,  3, 313.60, 16.24500000000262
277574, 37018.6050,  3, 338.98, 11.12999999999738
277578, 37019.0250,  3, 271.18, 11.540000000000873
277580, 37019.2300,  3, 303.91, 11.760000000002037
277581, 37019.3350,  3, 309.09, 11.80000000000291
277589, 37020.1700,  3, 321.67, 12.660000000003492
277597, 37021.0050,  3, 289.82, 13.465000000003783
277598, 37021.1050,  3, 287.67, 13.614999999997963
277604, 37021.7300,  3, 289.45, 14.235000000000582
277706, 37043.3250,  3, 332.94, 10.479999999995925
277711, 37043.8450,  3, 335.79, 11.0
277724, 37045.2000,  3, 311.00, 12.299999999995634
277726, 37045.4050,  3, 303.75, 12.509999999994761
277744, 37047.2800,  3, 294.58, 14.404999999998836
277778, 37050.8250,  3, 275.84, 17.939999999995052
277781, 37051.1350,  3, 317.01, 18.294999999998254
277781, 37051.1350,  3, 278.56, 18.314999999995052
277897, 37074.1700,  3, 329.78, 11.944999999999709
277902, 37074.6900,  3, 324.91, 12.409999999996217
277927, 37077.2950,  3, 301.53, 15.084999999999127
277928, 37077.4000,  3, 290.29, 15.110000000000582
277928, 37077.4000,  3, 295.96, 15.174999999995634
277928, 37077.4000,  3, 292.06, 15.119999999995343
277929, 37077.5050,  3, 315.34, 15.264999999999418
277937, 37078.3350,  3, 275.69, 16.139999999999418
278041, 37100.0150,  3, 340.06, 10.684999999997672
278045, 37100.4350,  3, 325.92, 11.055000000000291
278055, 37101.4750,  3, 302.51, 12.135000000002037
278057, 37101.6850,  3, 296.81, 12.305000000000291
278059, 37101.8900,  3, 324.77, 12.5
278083, 37104.3900,  3, 298.67, 15.00499999999738
278083, 37104.3900,  3, 294.69, 15.095000000001164
278089, 37105.0150,  3, 269.62, 15.674999999995634
278202, 37127.6050,  3, 305.94, 11.569999999999709
278211, 37128.5450,  3, 297.30, 12.50499999999738
278215, 37128.9600,  3, 328.36, 13.014999999999418
278216, 37129.0650,  3, 299.63, 13.095000000001164
278217, 37129.1700,  3, 276.37, 13.134999999994761
278231, 37130.6300,  3, 325.18, 14.589999999996508
278240, 37131.5650,  3, 285.86, 15.57999999999447
278253, 37132.9200,  3, 291.88, 16.875
278371, 37157.1300,  3, 301.05, 12.095000000001164
278371, 37157.1300,  3, 274.66, 12.144999999996799
278372, 37157.2300,  3, 288.86, 12.264999999999418
278373, 37157.3350,  3, 318.05, 12.364999999997963
278395, 37159.6300,  3, 296.18, 14.625
278402, 37160.3550,  3, 289.81, 15.364999999997963
278405, 37160.6700,  3, 288.93, 15.70499999999447
278410, 37161.1900,  3, 321.80, 16.18000000000029
278466, 37178.0850,  1, -141.82, 5.724999999998545
278466, 37178.0850,  1, -145.62, 5.724999999998545
278513, 37182.9800,  3, 299.16, 10.57499999999709
278525, 37184.2300,  3, 331.92, 11.839999999996508
278565, 37188.4000,  3, 306.97, 15.979999999995925
278589, 37190.9000,  3, 299.47, 18.470000000001164
278612, 37193.2950,  3, 280.83, 20.8949999999968
278655, 37197.7750,  3, 244.93, 25.330000000001746
278770, 37221.6050,  3, 314.35, 11.805000000000291
278770, 37221.6050,  3, 302.62, 11.77499999999418
278771, 37221.7100,  3, 312.54, 11.924999999995634
278777, 37222.3350,  3, 314.34, 12.544999999998254
278777, 37222.3350,  3, 317.68, 12.50499999999738
278798, 37224.5250,  3, 271.77, 14.744999999995343
278801, 37224.8350,  3, 272.29, 15.039999999993597
278888, 37233.9000,  3, 270.68, 24.06999999999971
278955, 37251.6050,  1, -132.18, 6.875
278992, 37255.4600,  3, 324.67, 10.664999999993597
278995, 37255.7750,  3, 316.41, 11.019999999996799
279012, 37257.5450,  3, 329.88, 12.719999999993888
279012, 37257.5450,  3, 314.19, 12.739999999997963
279013, 37257.6500,  3, 316.81, 12.889999999999418
279019, 37258.2750,  3, 264.88, 13.52499999999418
279021, 37258.4800,  3, 296.07, 13.744999999995343
279132, 37280.8550,  3, 311.88, 11.360000000000582
279156, 37283.3550,  3, 288.25, 13.900000000001455
279160, 37283.7750,  3, 280.15, 14.330000000001746
279160, 37283.7750,  3, 282.62, 14.309999999997672
279163, 37284.0850,  3, 268.64, 14.659999999996217
279173, 37285.1300,  3, 287.10, 15.714999999996508
279199, 37287.8350,  3, 267.02, 18.389999999999418
279222, 37290.2300,  3, 300.40, 20.739999999997963
279340, 37313.4250,  3, 323.95, 12.095000000001164
279346, 37314.0500,  3, 307.32, 12.80000000000291
279355, 37314.9900,  3, 267.93, 13.650000000001455
279358, 37315.3000,  3, 307.21, 14.05000000000291
279375, 37317.0750,  3, 296.69, 15.785000000003492
279385, 37318.1150,  3, 273.12, 16.87000000000262
279392, 37318.8450,  3, 279.60, 17.575000000004366
279428, 37322.5950,  3, 276.93, 21.290000000000873
279536, 37344.6900,  3, 272.27, 11.065000000002328
279543, 37345.4200,  3, 306.51, 11.825000000004366
279553, 37346.4600,  3, 287.36, 12.904999999998836
279560, 37347.1900,  3, 280.39, 13.599999999998545
279565, 37347.7100,  3, 277.41, 14.145000000004075
279585, 37349.7950,  3, 305.26, 16.18000000000029
279605, 37351.8800,  3, 310.87, 18.330000000001746
279650, 37356.5650,  3, 259.42, 22.950000000004366
279756, 37378.5800,  3, 312.68, 10.934999999997672
279759, 37378.8900,  3, 304.81, 11.160000000003492
279769, 37379.9350,  3, 266.90, 12.279999999998836
279772, 37380.2450,  3, 319.32, 12.529999999998836
279784, 37381.4950,  3, 287.53, 13.75499999999738
279786, 37381.7050,  3, 329.47, 14.055000000000291
279803, 37383.4750,  3, 326.20, 15.75
279817, 37384.9350,  3, 303.43, 17.19999999999709
279931, 37407.6050,  3, 330.02, 11.710000000006403
279942, 37408.7550,  3, 318.08, 12.815000000002328
279943, 37408.8550,  3, 320.76, 12.92500000000291
279948, 37409.3800,  3, 246.71, 13.525000000001455
279952, 37409.7950,  3, 286.13, 13.92500000000291
279961, 37410.7300,  3, 299.28, 14.815000000002328
279962, 37410.8350,  3, 274.35, 14.895000000004075
280060, 37421.0450,  3, 243.38, 25.160000000003492
280162, 37442.7100,  3, 317.06, 10.474999999998545
280171, 37443.6500,  3, 302.41, 11.375
280172, 37443.7550,  3, 312.14, 11.489999999997963
280210, 37447.7100,  3, 300.67, 15.489999999997963
280218, 37448.5450,  3, 275.74, 16.334999999999127
280222, 37448.9600,  3, 288.40, 16.724999999998545
280227, 37449.4800,  3, 282.53, 17.214999999996508
280263, 37453.2300,  3, 274.34, 21.014999999999418
280369, 37475.4550,  3, 306.26, 10.889999999999418
280392, 37477.8500,  3, 291.58, 13.279999999998836
280400, 37478.6850,  3, 288.62, 14.099999999998545
280402, 37478.8900,  3, 296.59, 14.345000000001164
280403, 37478.9950,  3, 290.14, 14.37999999999738
280425, 37481.2850,  3, 275.10, 16.69999999999709
280428, 37481.6000,  3, 274.99, 16.985000000000582
280459, 37484.8300,  3, 321.00, 20.30000000000291
280566, 37506.8800,  3, 304.70, 11.020000000004075
280571, 37507.4000,  3, 303.76, 11.510000000002037
280578, 37508.1300,  3, 328.79, 12.279999999998836
280584, 37508.7550,  3, 305.49, 12.915000000000873
280593, 37509.6900,  3, 298.83, 13.849999999998545
280595, 37509.9000,  3, 308.46, 13.965000000003783
280636, 37514.1700,  3, 321.21, 18.285000000003492
280651, 37515.7300,  3, 279.67, 19.81999999999971
280772, 37539.3250,  3, 274.77, 12.490000000005239
280782, 37540.3650,  3, 301.35, 13.480000000003201
280784, 37540.5750,  3, 287.18, 13.710000000006403
280785, 37540.6750,  3, 294.85, 13.840000000003783
280789, 37541.0950,  3, 303.95, 14.190000000002328
280822, 37544.5300,  3, 276.27, 17.645000000004075
280854, 37547.8650,  3, 275.24, 21.010000000002037
280873, 37549.8450,  3, 287.44, 22.960000000006403
280985, 37573.4800,  3, 293.96, 11.470000000001164
280988, 37573.7950,  3, 302.31, 11.779999999998836
280993, 37574.3150,  3, 294.16, 12.375
280996, 37574.6300,  3, 265.49, 12.650000000001455
281001, 37575.1500,  3, 321.95, 13.209999999999127
281007, 37575.7750,  3, 292.31, 13.830000000001746
281042, 37579.4200,  3, 297.56, 17.459999999999127
281173, 37593.0650,  3, 277.88, 31.080000000001746
281279, 37615.2750,  3, 300.65, 10.85000000000582
281282, 37615.5850,  3, 290.90, 11.165000000000873
281285, 37615.9000,  3, 291.51, 11.555000000000291
281289, 37616.3150,  3, 296.58, 11.915000000000873
281297, 37617.1500,  3, 284.85, 12.740000000005239
281297, 37617.1500,  3, 310.99, 12.730000000003201
281368, 37624.5450,  3, 262.13, 20.12000000000262
281389, 37626.7300,  3, 281.69, 22.3550000000032
281494, 37648.4350,  3, 314.31, 10.730000000003201
281497, 37648.7450,  3, 298.09, 11.095000000001164
281512, 37650.3100,  3, 257.47, 12.685000000004948
281512, 37650.3100,  3, 288.30, 12.685000000004948
281513, 37650.4100,  3, 305.66, 12.764999999999418
281528, 37651.9750,  3, 290.84, 14.349999999998545
281600, 37659.4750,  3, 258.90, 21.864999999997963
281604, 37659.8900,  3, 275.43, 22.285000000003492
281715, 37682.2600,  3, 299.11, 11.384999999994761
281718, 37682.5750,  3, 309.39, 11.735000000000582
281736, 37684.4500,  3, 305.84, 13.610000000000582
281740, 37684.8650,  3, 305.24, 13.985000000000582
281757, 37686.6350,  3, 284.90, 15.759999999994761
281766, 37687.5750,  3, 323.91, 16.689999999995052
281855, 37696.8450,  3, 284.28, 26.0
281944, 37706.1150,  3, 229.97, 35.299999999995634
282057, 37728.7400,  3, 305.35, 11.595000000001164
282075, 37730.6150,  3, 283.57, 13.489999999997963
282077, 37730.8250,  3, 297.42, 13.650000000001455
282085, 37731.6550,  3, 289.52, 14.580000000001746
282092, 37732.3850,  3, 321.40, 15.24500000000262
282092, 37732.3850,  3, 305.05, 15.215000000003783
282093, 37732.4900,  3, 275.59, 15.364999999997963
282219, 37745.6150,  3, 267.87, 28.5199999999968
282322, 37767.4350,  3, 307.78, 10.575000000004366
282324, 37767.6400,  3, 282.96, 10.764999999999418
282327, 37767.9550,  3, 296.49, 11.075000000004366
282336, 37768.8900,  3, 288.73, 12.040000000000873
282342, 37769.5150,  3, 283.57, 12.60000000000582
282359, 37771.2850,  3, 292.68, 14.404999999998836
282367, 37772.1200,  3, 250.05, 15.260000000002037
282519, 37787.9550,  3, 224.60, 31.095000000001164
282628, 37810.2300,  3, 312.20, 11.190000000002328
282631, 37810.5450,  3, 301.54, 11.50499999999738
282631, 37810.5450,  3, 288.64, 11.510000000002037
282639, 37811.3800,  3, 318.25, 12.385000000002037
282640, 37811.4800,  3, 283.14, 12.474999999998545
282646, 37812.1050,  3, 277.12, 13.029999999998836
282653, 37812.8350,  3, 290.96, 13.809999999997672
282663, 37813.8800,  3, 291.87, 14.854999999995925
282724, 37831.4350,  1, -153.43, 6.25
282724, 37831.4350,  1, -145.70, 6.25
282768, 37836.0150,  3, 295.68, 10.810000000004948
282770, 37836.2250,  3, 315.47, 11.020000000004075
282776, 37836.8500,  3, 288.90, 11.650000000001455
282785, 37837.7850,  3, 308.10, 12.525000000001455
282785, 37837.7850,  3, 321.79, 12.5
282840, 37843.5150,  3, 276.19, 18.325000000004366
282943, 37865.2050,  3, 316.58, 10.529999999998836
282980, 37869.0600,  3, 282.24, 14.415000000000873
282981, 37869.1600,  3, 277.56, 14.544999999998254
282996, 37870.7250,  3, 268.58, 16.044999999998254
282997, 37870.8300,  3, 298.82, 16.19999999999709
282998, 37870.9350,  3, 295.92, 16.279999999998836
282999, 37871.0350,  3, 287.71, 16.369999999995343
283019, 37873.1200,  3, 279.38, 18.525000000001455
283128, 37895.4550,  3, 298.52, 11.180000000000291
283130, 37895.6600,  3, 294.75, 11.430000000000291
283134, 37896.0800,  3, 320.32, 11.864999999997963
283135, 37896.1850,  3, 303.79, 11.904999999998836
283145, 37897.2250,  3, 306.18, 12.994999999995343
283179, 37900.7650,  3, 287.54, 16.485000000000582
283223, 37905.3500,  3, 241.39, 21.119999999995343
283259, 37909.1000,  3, 258.62, 24.81999999999971
283371, 37931.7550,  3, 291.47, 11.50499999999738
283373, 37931.9600,  3, 285.64, 11.684999999997672
283379, 37932.5850,  3, 312.47, 12.32999999999447
283382, 37932.9000,  3, 300.90, 12.614999999997963
283388, 37933.5250,  3, 296.72, 13.290000000000873
283394, 37934.1500,  3, 303.33, 13.864999999997963
283407, 37935.5050,  3, 298.83, 15.224999999998545
283413, 37936.1300,  3, 272.46, 15.860000000000582
283522, 37958.5050,  3, 291.78, 11.240000000005239
283527, 37959.0250,  3, 302.18, 11.760000000002037
283535, 37959.8550,  3, 273.20, 12.514999999999418
283539, 37960.2750,  3, 300.05, 12.955000000001746
283541, 37960.4800,  3, 304.19, 13.205000000001746
283555, 37961.9400,  3, 329.58, 14.62000000000262
283577, 37964.2300,  3, 278.06, 16.959999999999127
283620, 37968.7100,  3, 261.53, 21.405000000006112
283731, 37991.2550,  3, 317.18, 11.389999999999418
283733, 37991.4600,  3, 316.39, 11.639999999999418
283740, 37992.1900,  3, 281.74, 12.294999999998254
283751, 37993.3350,  3, 317.03, 13.514999999999418
283753, 37993.5450,  3, 276.48, 13.67500000000291
283754, 37993.6500,  3, 278.03, 13.779999999998836
283783, 37996.6700,  3, 272.14, 16.8550000000032
283795, 37997.9200,  3, 322.55, 18.029999999998836
283899, 38019.7600,  3, 339.02, 10.684999999997672
283906, 38020.4900,  3, 319.58, 11.395000000004075
283906, 38020.4900,  3, 286.73, 11.444999999999709
283915, 38021.4250,  3, 318.75, 12.360000000000582
283921, 38022.0500,  3, 303.49, 12.980000000003201
283930, 38022.9900,  3, 268.70, 13.855000000003201
283943, 38024.3450,  3, 292.62, 15.30000000000291
283944, 38024.4500,  3, 283.61, 15.340000000003783
284046, 38047.2050,  3, 291.61, 10.415000000000873
284046, 38047.2050,  3, 302.33, 10.47500000000582
284054, 38048.0350,  3, 292.26, 11.325000000004366
284062, 38048.8700,  3, 303.61, 12.180000000000291
284066, 38049.2850,  3, 297.15, 12.569999999999709
284069, 38049.6000,  3, 269.42, 12.889999999999418
284104, 38053.2450,  3, 258.14, 16.4800000000032
284106, 38053.4550,  3, 248.28, 16.720000000001164
284163, 38070.6050,  1, -150.00, 5.830000000001746
284163, 38070.6050,  1, -162.01, 5.830000000001746
284209, 38075.4000,  3, 295.72, 10.534999999996217
284225, 38077.0650,  3, 282.72, 12.209999999999127
284236, 38078.2100,  3, 317.03, 13.424999999995634
284252, 38079.8800,  3, 261.21, 15.080000000001746
284294, 38084.2550,  3, 300.07, 19.385000000002037
284312, 38086.1300,  3, 249.75, 21.290000000000873
284419, 38108.3150,  3, 293.42, 11.029999999998836
284422, 38108.6300,  3, 309.83, 11.269999999996799
284429, 38109.3550,  3, 307.11, 12.064999999995052
284438, 38110.2950,  3, 270.11, 12.930000000000291
284439, 38110.4000,  3, 326.13, 13.034999999996217
284456, 38112.1700,  3, 302.80, 14.889999999999418
284472, 38113.8350,  3, 267.88, 16.529999999998836
284537, 38120.6050,  3, 255.87, 23.30999999999767
284646, 38143.0150,  3, 302.79, 11.140000000006694
284652, 38143.6400,  3, 282.35, 11.855000000003201
284655, 38143.9550,  3, 299.56, 12.085000000006403
284659, 38144.3700,  3, 311.51, 12.525000000001455
284660, 38144.4750,  3, 314.82, 12.625
284667, 38145.2050,  3, 290.24, 13.35000000000582
284676, 38146.1400,  3, 282.10, 14.305000000000291
284742, 38153.0150,  3, 250.60, 21.24000000000524
284843, 38175.3350,  3, 320.77, 10.385000000002037
284846, 38175.6500,  3, 329.78, 10.720000000001164
284848, 38175.8550,  3, 280.82, 10.860000000000582
284869, 38178.0450,  3, 298.35, 13.080000000001746
284878, 38178.9800,  3, 284.93, 14.020000000004075
284882, 38179.4000,  3, 285.20, 14.440000000002328
284900, 38181.2750,  3, 294.13, 16.255000000004657
284915, 38182.8350,  3, 272.83, 17.810000000004948
285027, 38205.5650,  3, 300.70, 11.514999999999418
285030, 38205.8800,  3, 284.01, 11.839999999996508
285031, 38205.9800,  3, 302.01, 11.970000000001164
285032, 38206.0850,  3, 295.33, 12.019999999996799
285033, 38206.1900,  3, 277.45, 12.12999999999738
285041, 38207.0250,  3, 304.53, 12.959999999999127
285056, 38208.5850,  3, 309.41, 14.514999999999418
285057, 38208.6900,  3, 292.76, 14.584999999999127
285171, 38231.2850,  3, 305.72, 11.720000000001164
285175, 38231.7050,  3, 308.43, 12.10000000000582
285177, 38231.9100,  3, 281.87, 12.360000000000582
285179, 38232.1200,  3, 321.53, 12.54500000000553
285181, 38232.3300,  3, 304.80, 12.735000000000582
285185, 38232.7450,  3, 294.38, 13.17500000000291
285187, 38232.9550,  3, 269.97, 13.415000000000873
285205, 38234.8300,  3, 274.45, 15.265000000006694
285309, 38256.6550,  3, 314.77, 10.64999999999418
285316, 38257.3850,  3, 295.56, 11.439999999995052
285317, 38257.4900,  3, 311.94, 11.464999999996508
285325, 38258.3250,  3, 283.15, 12.314999999995052
285329, 38258.7400,  3, 278.62, 12.744999999995343
285336, 38259.4700,  3, 311.78, 13.52499999999418
285360, 38261.9700,  3, 261.76, 15.985000000000582
285364, 38262.3850,  3, 265.14, 16.375
285477, 38285.2250,  3, 293.52, 11.660000000003492
285482, 38285.7450,  3, 287.07, 12.125
285487, 38286.2650,  3, 298.75, 12.610000000000582
285494, 38286.9950,  3, 291.19, 13.410000000003492
285496, 38287.2050,  3, 284.45, 13.610000000000582
285500, 38287.6200,  3, 272.63, 13.980000000003201
285515, 38289.1850,  3, 260.65, 15.525000000001455
285535, 38291.2650,  3, 295.94, 17.6050000000032
285646, 38314.0150,  3, 306.83, 11.395000000004075
285647, 38314.1200,  3, 297.29, 11.455000000001746
285648, 38314.2250,  3, 317.54, 11.650000000001455
285652, 38314.6400,  3, 279.47, 12.035000000003492
285657, 38315.1600,  3, 299.65, 12.5
285686, 38318.1850,  3, 274.99, 15.560000000004948
285686, 38318.1850,  3, 276.93, 15.520000000004075
285707, 38320.3700,  3, 310.25, 17.735000000000582
285814, 38343.4350,  3, 286.91, 11.020000000004075
285818, 38343.8500,  3, 288.99, 11.404999999998836
285822, 38344.2650,  3, 313.11, 11.834999999999127
285835, 38345.6200,  3, 291.94, 13.220000000001164
285838, 38345.9350,  3, 296.60, 13.489999999997963
285842, 38346.3500,  3, 270.66, 13.910000000003492
285855, 38347.7050,  3, 292.99, 15.285000000003492
285889, 38351.2450,  3, 272.33, 18.845000000001164
285990, 38372.8350,  3, 335.68, 10.375
285992, 38373.0450,  3, 327.26, 10.590000000003783
285994, 38373.2550,  3, 331.62, 10.764999999999418
285996, 38373.4600,  3, 314.29, 10.940000000002328
286003, 38374.1900,  3, 274.78, 11.764999999999418
286006, 38374.5050,  3, 303.19, 12.020000000004075
286012, 38375.1300,  3, 315.99, 12.615000000005239
286025, 38376.4800,  3, 287.32, 14.029999999998836
286136, 38400.7100,  3, 304.52, 11.405000000006112
286146, 38401.7550,  3, 312.55, 12.485000000000582
286154, 38402.5850,  3, 333.58, 13.319999999999709
286161, 38403.3150,  3, 296.01, 14.05000000000291
286165, 38403.7300,  3, 284.38, 14.450000000004366
286169, 38404.1500,  3, 266.38, 14.840000000003783
286188, 38406.1300,  3, 328.87, 16.87000000000262
286211, 38408.5250,  3, 244.80, 19.260000000002037
286316, 38432.2850,  3, 264.54, 10.735000000000582
286318, 38432.4950,  3, 321.64, 11.009999999994761
286321, 38432.8100,  3, 308.77, 11.319999999999709
286334, 38434.1600,  3, 288.04, 12.674999999995634
286339, 38434.6850,  3, 311.94, 13.189999999995052
286343, 38435.1000,  3, 300.33, 13.589999999996508
286356, 38436.4550,  3, 291.08, 14.994999999995343
286405, 38441.5600,  3, 253.32, 20.029999999998836
286511, 38463.5250,  3, 334.21, 10.885000000002037
286513, 38463.7300,  3, 282.47, 11.125
286517, 38464.1500,  3, 286.01, 11.465000000003783
286520, 38464.4600,  3, 293.36, 11.775000000001455
286520, 38464.4600,  3, 296.53, 11.775000000001455
286523, 38464.7750,  3, 293.67, 12.12000000000262
286531, 38465.6050,  3, 290.53, 12.980000000003201
286542, 38466.7550,  3, 286.96, 14.12000000000262
286650, 38488.9000,  3, 308.65, 11.055000000000291
286651, 38489.0050,  3, 310.85, 11.235000000000582
286665, 38490.4600,  3, 291.57, 12.67000000000553
286666, 38490.5650,  3, 305.65, 12.760000000002037
286667, 38490.6700,  3, 286.12, 12.810000000004948
286681, 38492.1300,  3, 269.90, 14.325000000004366
286695, 38493.5850,  3, 285.25, 15.80000000000291
286697, 38493.7950,  3, 294.15, 15.940000000002328
286800, 38515.6050,  3, 309.80, 10.529999999998836
286805, 38516.1300,  3, 295.75, 11.104999999995925
286812, 38516.8550,  3, 326.95, 11.784999999996217
286822, 38517.9000,  3, 288.62, 12.849999999998545
286826, 38518.3150,  3, 285.26, 13.239999999997963
286827, 38518.4200,  3, 280.40, 13.384999999994761
286856, 38521.4400,  3, 250.19, 16.44999999999709
286857, 38521.5450,  3, 293.78, 16.5
286975, 38544.7600,  3, 300.55, 12.135000000002037
286981, 38545.3850,  3, 300.19, 12.715000000003783
286982, 38545.4900,  3, 286.90, 12.835000000006403
286983, 38545.5950,  3, 272.51, 12.970000000001164
287008, 38548.2000,  3, 272.51, 15.585000000006403
287011, 38548.5100,  3, 255.03, 15.885000000002037
287015, 38548.9250,  3, 273.65, 16.290000000000873
287047, 38552.2600,  3, 256.68, 19.590000000003783
287107, 38569.7050,  1, -140.70, 6.150000000001455
287107, 38569.7050,  1, -162.83, 6.150000000001455
287154, 38574.6000,  3, 331.02, 11.029999999998836
287154, 38574.6000,  3, 317.80, 11.034999999996217
287165, 38575.7450,  3, 286.68, 12.12000000000262
287201, 38579.4950,  3, 260.76, 15.919999999998254
287210, 38580.4350,  3, 310.98, 16.845000000001164
287227, 38582.2050,  3, 303.44, 18.599999999998545
287333, 38604.3250,  3, 311.94, 10.915000000000873
287338, 38604.8450,  3, 290.57, 11.400000000001455
287340, 38605.0500,  3, 319.59, 11.625
287346, 38605.6750,  3, 309.83, 12.209999999999127
287355, 38606.6150,  3, 295.86, 13.134999999994761
287360, 38607.1350,  3, 299.11, 13.644999999996799
287360, 38607.1350,  3, 300.24, 13.650000000001455
287379, 38609.1150,  3, 277.96, 15.625
287487, 38631.3450,  3, 299.78, 11.12000000000262
287490, 38631.6550,  3, 312.46, 11.394999999996799
287493, 38631.9700,  3, 300.95, 11.684999999997672
287498, 38632.4900,  3, 288.49, 12.24500000000262
287498, 38632.4900,  3, 293.40, 12.285000000003492
287510, 38633.7400,  3, 264.92, 13.540000000000873
287519, 38634.6750,  3, 274.35, 14.465000000003783
287525, 38635.3000,  3, 297.93, 15.025000000001455
287635, 38657.5500,  3, 302.28, 11.319999999999709
287639, 38657.9700,  3, 303.19, 11.685000000004948
287640, 38658.0750,  3, 334.66, 11.785000000003492
287640, 38658.0750,  3, 305.41, 11.775000000001455
287642, 38658.2800,  3, 296.47, 12.075000000004366
287671, 38661.3000,  3, 293.66, 15.075000000004366
287689, 38663.1750,  3, 256.88, 16.905000000006112
287702, 38664.5300,  3, 266.74, 18.280000000006112
287812, 38686.8900,  3, 285.80, 11.264999999999418
287814, 38687.1000,  3, 306.56, 11.52499999999418
287818, 38687.5150,  3, 338.45, 11.934999999997672
287823, 38688.0350,  3, 308.94, 12.464999999996508
287829, 38688.6600,  3, 317.89, 13.119999999995343
287834, 38689.1850,  3, 294.04, 13.62999999999738
287849, 38690.7450,  3, 304.13, 15.144999999996799
287851, 38690.9550,  3, 283.07, 15.384999999994761
287952, 38712.4200,  3, 322.07, 10.37000000000262
287953, 38712.5250,  3, 318.74, 10.510000000002037
287960, 38713.2550,  3, 290.33, 11.17000000000553
287963, 38713.5650,  3, 325.97, 11.555000000000291
287963, 38713.5650,  3, 290.14, 11.459999999999127
287997, 38717.1050,  3, 326.83, 15.025000000001455
288011, 38718.5650,  3, 283.03, 16.540000000000873
288025, 38720.0250,  3, 259.95, 17.985000000000582
288133, 38742.1850,  3, 301.13, 11.07499999999709
288143, 38743.2250,  3, 335.89, 12.169999999998254
288143, 38743.2250,  3, 304.63, 12.110000000000582
288146, 38743.5350,  3, 307.49, 12.455000000001746
288148, 38743.7450,  3, 285.62, 12.684999999997672
288152, 38744.1600,  3, 301.03, 13.055000000000291
288152, 38744.1600,  3, 262.30, 13.07499999999709
288209, 38750.1000,  3, 269.37, 19.029999999998836
288324, 38772.8150,  3, 288.73, 11.77499999999418
288333, 38773.7550,  3, 306.18, 12.735000000000582
288337, 38774.1700,  3, 280.39, 13.144999999996799
288343, 38774.7950,  3, 277.19, 13.839999999996508
288343, 38774.7950,  3, 289.76, 13.839999999996508
288347, 38775.2100,  3, 298.92, 14.189999999995052
288349, 38775.4200,  3, 297.86, 14.37999999999738
288350, 38775.5250,  3, 280.44, 14.519999999996799
288462, 38798.1350,  3, 322.97, 11.460000000006403
288475, 38799.4900,  3, 270.19, 12.815000000002328
288481, 38800.1150,  3, 279.08, 13.465000000003783
288481, 38800.1150,  3, 325.94, 13.440000000002328
288487, 38800.7400,  3, 286.78, 14.10000000000582
288497, 38801.7800,  3, 283.58, 15.194999999999709
288511, 38803.2400,  3, 277.19, 16.585000000006403
288522, 38804.3850,  3, 279.19, 17.80000000000291
288621, 38825.5650,  3, 304.32, 10.104999999995925
288624, 38825.8800,  3, 312.01, 10.464999999996508
288627, 38826.1900,  3, 302.13, 10.739999999997963
288627, 38826.1900,  3, 286.62, 10.75
288627, 38826.1900,  3, 333.97, 10.759999999994761
288634, 38826.9200,  3, 303.18, 11.5
288643, 38827.8550,  3, 320.05, 12.464999999996508
288646, 38828.1700,  3, 281.06, 12.794999999998254
288760, 38850.9750,  3, 281.09, 11.724999999998545
288760, 38850.9750,  3, 325.88, 11.694999999999709
288763, 38851.2850,  3, 299.06, 12.019999999996799
288766, 38851.6000,  3, 292.20, 12.345000000001164
288772, 38852.2250,  3, 285.84, 12.930000000000291
288779, 38852.9550,  3, 331.57, 13.650000000001455
288799, 38855.0350,  3, 292.67, 15.729999999995925
288817, 38856.9100,  3, 306.96, 17.68000000000029
288919, 38878.4050,  3, 315.68, 10.419999999998254
288920, 38878.5100,  3, 316.47, 10.619999999995343
288923, 38878.8250,  3, 303.73, 10.87999999999738
288926, 38879.1350,  3, 290.66, 11.244999999995343
288927, 38879.2400,  3, 328.35, 11.264999999999418
288929, 38879.4500,  3, 317.03, 11.494999999995343
288959, 38882.5750,  3, 278.46, 14.595000000001164
288959, 38882.5750,  3, 267.99, 14.625
289019, 38899.8100,  1, -150.73, 6.144999999996799
289019, 38899.8100,  1, -188.17, 6.144999999996799
289061, 38904.1850,  3, 296.67, 10.44999999999709
289063, 38904.3900,  3, 320.62, 10.639999999999418
289087, 38906.8900,  3, 288.92, 13.19999999999709
289088, 38906.9950,  3, 286.76, 13.319999999999709
289097, 38907.9350,  3, 305.70, 14.24500000000262
289126, 38910.9550,  3, 261.82, 17.19000000000233
289239, 38934.2950,  3, 290.73, 11.565000000002328
289239, 38934.2950,  3, 297.86, 11.575000000004366
289240, 38934.4000,  3, 317.17, 11.764999999999418
289246, 38935.0250,  3, 316.85, 12.37000000000262
289248, 38935.2300,  3, 282.22, 12.520000000004075
289253, 38935.7550,  3, 296.23, 13.069999999999709
289254, 38935.8550,  3, 303.13, 13.130000000004657
289328, 38943.5650,  3, 281.18, 20.92500000000291
289433, 38966.4050,  3, 342.44, 10.730000000003201
289436, 38966.7200,  3, 298.51, 11.115000000005239
289436, 38966.7200,  3, 317.13, 11.04500000000553
289444, 38967.5500,  3, 320.38, 11.880000000004657
289449, 38968.0750,  3, 291.85, 12.460000000006403
289456, 38968.8000,  3, 278.54, 13.160000000003492
289461, 38969.3250,  3, 279.56, 13.740000000005239
289519, 38975.3650,  3, 294.41, 19.720000000001164
289631, 38998.0100,  3, 308.72, 11.50499999999738
289635, 38998.4250,  3, 309.24, 11.87999999999738
289637, 38998.6350,  3, 334.87, 12.084999999999127
289645, 38999.4700,  3, 296.93, 12.919999999998254
289648, 38999.7800,  3, 304.38, 13.235000000000582
289651, 39000.0950,  3, 291.78, 13.55000000000291
289658, 39000.8250,  3, 285.40, 14.305000000000291
289679, 39003.0100,  3, 253.97, 16.5199999999968
289780, 39024.6000,  3, 329.60, 10.389999999999418
289782, 39024.8100,  3, 308.30, 10.575000000004366
289794, 39026.0600,  3, 310.39, 11.840000000003783
289796, 39026.2650,  3, 304.02, 12.065000000002328
289802, 39026.8900,  3, 278.24, 12.654999999998836
289813, 39028.0350,  3, 331.62, 13.755000000004657
289820, 39028.7650,  3, 296.35, 14.529999999998836
289825, 39029.2850,  3, 260.19, 15.090000000003783
289927, 39050.7050,  3, 293.23, 10.465000000003783
289928, 39050.8100,  3, 282.15, 10.575000000004366
289931, 39051.1200,  3, 299.69, 10.895000000004075
289932, 39051.2250,  3, 340.23, 10.940000000002328
289943, 39052.3700,  3, 319.30, 12.080000000001746
289949, 39052.9950,  3, 299.00, 12.709999999999127
289956, 39053.7250,  3, 281.17, 13.49500000000262
289956, 39053.7250,  3, 309.24, 13.5
290068, 39076.3350,  3, 270.13, 11.489999999997963
290072, 39076.7550,  3, 338.67, 11.974999999998545
290084, 39078.0050,  3, 308.18, 13.184999999997672
290093, 39078.9400,  3, 297.15, 14.110000000000582
290111, 39080.8150,  3, 293.10, 15.994999999995343
290120, 39081.7550,  3, 254.45, 16.964999999996508
290168, 39086.7550,  3, 265.89, 21.970000000001164
290178, 39087.7950,  3, 248.29, 23.00499999999738
290284, 39110.7100,  3, 300.84, 10.889999999999418
290286, 39110.9200,  3, 309.83, 11.080000000001746
290286, 39110.9200,  3, 323.34, 11.059999999997672
290292, 39111.5450,  3, 290.85, 11.669999999998254
290296, 39111.9600,  3, 299.89, 12.114999999997963
290298, 39112.1700,  3, 330.35, 12.364999999997963
290299, 39112.2750,  3, 277.63, 12.404999999998836
290315, 39113.9400,  3, 321.90, 14.135000000002037
290420, 39135.5850,  3, 261.32, 10.764999999999418
290429, 39136.5250,  3, 302.44, 11.75499999999738
290433, 39136.9400,  3, 300.89, 12.17500000000291
290434, 39137.0450,  3, 287.73, 12.224999999998545
290435, 39137.1500,  3, 299.25, 12.30000000000291
290435, 39137.1500,  3, 318.12, 12.32499999999709
290436, 39137.2550,  3, 301.22, 12.459999999999127
290443, 39137.9800,  3, 294.68, 13.209999999999127
290546, 39160.4600,  3, 308.09, 10.580000000001746
290550, 39160.8800,  3, 308.32, 11.035000000003492
290553, 39161.1900,  3, 293.61, 11.325000000004366
290558, 39161.7100,  3, 327.79, 11.865000000005239
290568, 39162.7550,  3, 310.16, 12.860000000000582
290579, 39163.9000,  3, 315.30, 13.955000000001746
290581, 39164.1050,  3, 286.42, 14.205000000001746
290581, 39164.1050,  3, 295.48, 14.215000000003783
290695, 39186.7950,  3, 293.59, 11.714999999996508
290704, 39187.7300,  3, 285.91, 12.659999999996217
290707, 39188.0450,  3, 311.04, 12.919999999998254
290709, 39188.2550,  3, 288.08, 13.180000000000291
290717, 39189.0850,  3, 309.50, 14.019999999996799
290718, 39189.1900,  3, 272.58, 14.089999999996508
290722, 39189.6050,  3, 258.94, 14.489999999997963
290748, 39192.3150,  3, 264.87, 17.275000000001455
290853, 39213.9950,  3, 287.78, 10.729999999995925
290857, 39214.4100,  3, 316.02, 11.209999999999127
290860, 39214.7250,  3, 332.01, 11.489999999997963
290860, 39214.7250,  3, 314.69, 11.5
290878, 39216.6000,  3, 306.52, 13.354999999995925
290908, 39219.7250,  3, 268.69, 16.534999999996217
290913, 39220.2450,  3, 306.37, 17.00499999999738
290959, 39225.0350,  3, 306.30, 21.849999999998545
291062, 39246.7750,  3, 318.07, 10.540000000000873
291062, 39246.7750,  3, 326.72, 10.519999999996799
291065, 39247.0850,  3, 289.48, 10.930000000000291
291084, 39249.0650,  3, 274.29, 12.894999999996799
291094, 39250.1050,  3, 285.53, 13.894999999996799
291101, 39250.8350,  3, 298.17, 14.654999999998836
291104, 39251.1500,  3, 292.78, 14.900000000001455
291114, 39252.1900,  3, 295.04, 15.934999999997672
291213, 39273.5600,  3, 307.16, 10.110000000000582
291220, 39274.2850,  3, 320.35, 10.889999999999418
291223, 39274.6000,  3, 299.56, 11.230000000003201
291223, 39274.6000,  3, 292.56, 11.209999999999127
291225, 39274.8100,  3, 321.64, 11.380000000004657
291235, 39275.8500,  3, 279.41, 12.444999999999709
291236, 39275.9550,  3, 281.72, 12.595000000001164
291261, 39278.5600,  3, 262.38, 15.135000000002037
291367, 39301.3700,  3, 336.50, 10.855000000003201
291372, 39301.8900,  3, 313.14, 11.415000000000873
291376, 39302.3100,  3, 306.71, 11.830000000001746
291376, 39302.3100,  3, 295.18, 11.805000000000291
291388, 39303.5600,  3, 319.55, 13.069999999999709
291388, 39303.5600,  3, 301.26, 13.080000000001746
291390, 39303.7650,  3, 303.91, 13.260000000002037
291392, 39303.9750,  3, 287.05, 13.510000000002037
291491, 39325.1400,  3, 314.35, 10.194999999999709
291493, 39325.3500,  3, 322.25, 10.35000000000582
291507, 39326.8100,  3, 315.93, 11.825000000004366
291511, 39327.2250,  3, 313.20, 12.24500000000262
291512, 39327.3300,  3, 283.60, 12.360000000000582
291514, 39327.5350,  3, 295.95, 12.569999999999709
291525, 39328.6850,  3, 280.13, 13.74500000000262
291525, 39328.6850,  3, 303.60, 13.645000000004075
291629, 39350.2400,  3, 271.96, 10.709999999999127
291629, 39350.2400,  3, 313.08, 10.680000000000291
291637, 39351.0750,  3, 335.28, 11.534999999996217
291637, 39351.0750,  3, 312.32, 11.555000000000291
291643, 39351.7000,  3, 329.39, 12.169999999998254
291652, 39352.6350,  3, 311.67, 13.059999999997672
291653, 39352.7400,  3, 283.34, 13.209999999999127
291677, 39355.2400,  3, 276.23, 15.634999999994761
291737, 39372.5450,  1, -150.68, 6.144999999996799
291737, 39372.5450,  1, -146.21, 6.144999999996799
291781, 39377.1300,  3, 321.31, 10.724999999998545
291784, 39377.4400,  3, 279.79, 11.025000000001455
291793, 39378.3800,  3, 314.11, 11.919999999998254
291793, 39378.3800,  3, 290.35, 11.909999999996217
291841, 39383.3800,  3, 299.56, 16.8949999999968
291869, 39386.2950,  3, 262.52, 19.87999999999738
291975, 39408.0600,  3, 312.93, 10.869999999995343
291977, 39408.2650,  3, 316.93, 11.069999999999709
291980, 39408.5800,  3, 313.29, 11.394999999996799
291981, 39408.6850,  3, 294.55, 11.529999999998836
291983, 39408.8900,  3, 294.06, 11.764999999999418
291986, 39409.2050,  3, 319.63, 12.064999999995052
291986, 39409.2050,  3, 291.23, 12.064999999995052
291988, 39409.4100,  3, 267.78, 12.244999999995343
292095, 39432.4100,  3, 306.64, 11.019999999996799
292096, 39432.5150,  3, 295.82, 11.139999999999418
292098, 39432.7250,  3, 319.06, 11.290000000000873
292101, 39433.0350,  3, 294.84, 11.62999999999738
292120, 39435.0150,  3, 274.68, 13.625
292121, 39435.1200,  3, 300.08, 13.684999999997672
292127, 39435.7450,  3, 277.04, 14.309999999997672
292129, 39435.9550,  3, 271.91, 14.569999999999709
292240, 39459.3500,  3, 258.01, 11.389999999999418
292249, 39460.2850,  3, 289.06, 12.294999999998254
292250, 39460.3900,  3, 298.31, 12.49500000000262
292253, 39460.7050,  3, 305.83, 12.794999999998254
292267, 39462.1600,  3, 280.77, 14.169999999998254
292285, 39464.0350,  3, 266.67, 16.125
292292, 39464.7650,  3, 294.79, 16.860000000000582
292336, 39469.3500,  3, 253.42, 21.360000000000582
292440, 39491.1200,  3, 304.06, 10.67500000000291
292446, 39491.7450,  3, 308.10, 11.345000000001164
292454, 39492.5800,  3, 341.75, 12.140000000006694
292455, 39492.6850,  3, 268.96, 12.200000000004366
292456, 39492.7850,  3, 306.40, 12.360000000000582
292459, 39493.1000,  3, 291.41, 12.680000000000291
292470, 39494.2450,  3, 273.16, 13.80000000000291
292513, 39498.7250,  3, 278.71, 18.29500000000553
292612, 39519.9950,  3, 328.87, 10.169999999998254
292623, 39521.1400,  3, 283.90, 11.32999999999447
292630, 39521.8700,  3, 314.06, 12.02499999999418
292630, 39521.8700,  3, 294.75, 12.014999999999418
292652, 39524.1600,  3, 302.72, 14.314999999995052
292655, 39524.4750,  3, 316.27, 14.639999999999418
292662, 39525.2050,  3, 282.91, 15.354999999995925
292710, 39530.2050,  3, 281.30, 20.31999999999971
292813, 39552.7750,  3, 306.16, 10.544999999998254
292816, 39553.0850,  3, 298.66, 10.915000000000873
292823, 39553.8150,  3, 301.64, 11.654999999998836
292829, 39554.4400,  3, 303.14, 12.264999999999418
292834, 39554.9600,  3, 270.58, 12.779999999998836
292835, 39555.0650,  3, 306.92, 12.900000000001455
292867, 39558.4000,  3, 262.72, 16.159999999996217
292900, 39561.8350,  3, 255.71, 19.62999999999738
293021, 39585.4800,  3, 289.11, 12.434999999997672
293026, 39586.0050,  3, 266.59, 12.974999999998545
293027, 39586.1050,  3, 300.52, 13.110000000000582
293028, 39586.2100,  3, 259.07, 13.125
293053, 39588.8150,  3, 283.94, 15.784999999996217
293057, 39589.2300,  3, 281.54, 16.154999999998836
293076, 39591.2100,  3, 267.16, 18.18000000000029
293101, 39593.8150,  3, 259.45, 20.760000000002037
293211, 39616.3300,  3, 262.78, 11.340000000003783
293217, 39616.9550,  3, 290.71, 11.974999999998545
293232, 39618.5150,  3, 261.61, 13.440000000002328
293239, 39619.2450,  3, 277.25, 14.260000000002037
293248, 39620.1850,  3, 283.58, 15.165000000000873
293252, 39620.6000,  3, 276.66, 15.525000000001455
293261, 39621.5350,  3, 269.31, 16.485000000000582
293277, 39623.2050,  3, 254.35, 18.220000000001164
293379, 39644.9000,  3, 277.46, 10.519999999996799
293387, 39645.7300,  3, 306.74, 11.345000000001164
293395, 39646.5650,  3, 285.12, 12.095000000001164
293398, 39646.8800,  3, 280.35, 12.44999999999709
293401, 39647.1900,  3, 300.45, 12.724999999998545
293408, 39647.9200,  3, 301.77, 13.540000000000873
293417, 39648.8550,  3, 295.57, 14.419999999998254
293419, 39649.0650,  3, 283.10, 14.599999999998545
293529, 39671.5950,  3, 279.04, 11.255000000004657
293530, 39671.7000,  3, 309.31, 11.360000000000582
293534, 39672.1150,  3, 302.53, 11.79500000000553
293534, 39672.1150,  3, 302.21, 11.860000000000582
293537, 39672.4250,  3, 266.36, 12.130000000004657
293543, 39673.0500,  3, 267.97, 12.735000000000582
293561, 39674.9250,  3, 300.35, 14.67000000000553
293569, 39675.7600,  3, 250.29, 15.510000000002037
293670, 39696.9100,  3, 272.42, 10.360000000000582
293673, 39697.2250,  3, 314.42, 10.634999999994761
293673, 39697.2250,  3, 280.44, 10.625
293691, 39699.1000,  3, 278.02, 12.549999999995634
293704, 39700.4550,  3, 294.18, 13.915000000000873
293716, 39701.7050,  3, 270.02, 15.134999999994761
293716, 39701.7050,  3, 285.18, 15.165000000000873
293737, 39703.8900,  3, 290.66, 17.354999999995925
293842, 39725.5600,  3, 316.70, 10.785000000003492
293846, 39725.9750,  3, 322.49, 11.224999999998545
293860, 39727.4350,  3, 295.47, 12.650000000001455
293861, 39727.5350,  3, 294.78, 12.715000000003783
293861, 39727.5350,  3, 292.51, 12.790000000000873
293861, 39727.5350,  3, 306.35, 12.739999999997963
293863, 39727.7450,  3, 271.14, 12.935000000004948
293865, 39727.9550,  3, 322.72, 13.200000000004366
293983, 39751.1900,  3, 307.09, 12.12999999999738
293985, 39751.4000,  3, 303.18, 12.389999999999418
293988, 39751.7100,  3, 303.37, 12.669999999998254
293995, 39752.4400,  3, 305.02, 13.360000000000582
293996, 39752.5450,  3, 273.24, 13.489999999997963
293998, 39752.7550,  3, 269.52, 13.690000000002328
294005, 39753.4800,  3, 301.71, 14.444999999999709
294011, 39754.1050,  3, 258.90, 15.07499999999709
294115, 39775.7300,  3, 299.83, 10.639999999999418
294117, 39775.9400,  3, 274.48, 10.889999999999418
294121, 39776.3550,  3, 291.08, 11.32499999999709
294128, 39777.0850,  3, 298.97, 12.07499999999709
294133, 39777.6050,  3, 286.25, 12.525000000001455
294148, 39779.1700,  3, 300.29, 14.114999999997963
294166, 39781.0450,  3, 307.46, 15.944999999999709
294175, 39781.9800,  3, 301.91, 16.959999999999127
294227, 39799.2850,  1, -154.14, 5.310000000004948
294227, 39799.2850,  1, -139.55, 5.310000000004948
294304, 39807.3100,  3, 271.97, 13.30000000000291
294305, 39807.4100,  3, 308.37, 13.389999999999418
294308, 39807.7250,  3, 271.95, 13.700000000004366
294309, 39807.8300,  3, 289.52, 13.790000000000873
294314, 39808.3500,  3, 286.67, 14.294999999998254
294322, 39809.1850,  3, 280.45, 15.145000000004075
294424, 39830.8800,  3, 306.72, 10.440000000002328
294430, 39831.5050,  3, 284.19, 11.125
294437, 39832.2300,  3, 306.31, 11.864999999997963
294442, 39832.7550,  3, 304.00, 12.364999999997963
294450, 39833.5850,  3, 296.85, 13.12999999999738
294451, 39833.6900,  3, 299.52, 13.25
294454, 39834.0050,  3, 284.69, 13.589999999996508
294457, 39834.3150,  3, 281.17, 13.94999999999709
294561, 39855.8500,  3, 307.32, 10.724999999998545
294577, 39857.5150,  3, 290.33, 12.344999999993888
294581, 39857.9350,  3, 278.90, 12.799999999995634
294582, 39858.0350,  3, 315.26, 12.814999999995052
294582, 39858.0350,  3, 285.47, 12.864999999997963
294591, 39858.9750,  3, 297.62, 13.759999999994761
294598, 39859.7050,  3, 284.99, 14.52499999999418
294617, 39861.6850,  3, 280.23, 16.549999999995634
294720, 39883.2950,  3, 298.57, 10.595000000001164
294733, 39884.6500,  3, 310.11, 11.970000000001164
294736, 39884.9600,  3, 276.04, 12.220000000001164
294744, 39885.7950,  3, 240.72, 13.080000000001746
294748, 39886.2100,  3, 326.59, 13.440000000002328
294759, 39887.3550,  3, 241.33, 14.665000000000873
294762, 39887.6700,  3, 270.90, 14.974999999998545
294783, 39889.8550,  3, 298.78, 17.1050000000032
294902, 39913.3100,  3, 290.29, 12.210000000006403
294903, 39913.4100,  3, 296.43, 12.340000000003783
294913, 39914.4550,  3, 292.25, 13.390000000006694
294916, 39914.7650,  3, 321.77, 13.650000000001455
294916, 39914.7650,  3, 312.06, 13.720000000001164
294929, 39916.1200,  3, 263.00, 14.99500000000262
294936, 39916.8500,  3, 268.91, 15.735000000000582
294946, 39917.8900,  3, 277.01, 16.80000000000291
295049, 39939.3550,  3, 342.98, 10.604999999995925
295051, 39939.5650,  3, 280.97, 10.734999999993306
295066, 39941.1300,  3, 284.42, 12.359999999993306
295067, 39941.2300,  3, 281.18, 12.489999999997963
295070, 39941.5450,  3, 287.51, 12.75499999999738
295070, 39941.5450,  3, 298.22, 12.75
295089, 39943.5250,  3, 280.63, 14.689999999995052
295091, 39943.7300,  3, 278.84, 14.989999999997963
295198, 39965.7850,  3, 331.41, 11.014999999999418
295200, 39965.9950,  3, 290.22, 11.144999999996799
295203, 39966.3100,  3, 298.30, 11.5
295207, 39966.7250,  3, 319.92, 11.904999999998836
295208, 39966.8300,  3, 319.47, 12.019999999996799
295214, 39967.4550,  3, 275.28, 12.684999999997672
295216, 39967.6600,  3, 279.78, 12.894999999996799
295232, 39969.3300,  3, 255.49, 14.5
295337, 39991.2300,  3, 331.97, 10.735000000000582
295339, 39991.4400,  3, 295.77, 11.010000000002037
295343, 39991.8550,  3, 299.77, 11.360000000000582
295344, 39991.9600,  3, 288.17, 11.514999999999418
295346, 39992.1700,  3, 300.63, 11.714999999996508
295350, 39992.5850,  3, 269.95, 12.165000000000873
295354, 39993.0050,  3, 319.98, 12.584999999999127
295370, 39994.6700,  3, 276.65, 14.174999999995634
295483, 40017.5050,  3, 290.42, 11.615000000005239
295487, 40017.9200,  3, 289.65, 12.070000000006985
295496, 40018.8550,  3, 303.26, 12.950000000004366
295502, 40019.4800,  3, 275.81, 13.62000000000262
295502, 40019.4800,  3, 269.14, 13.54500000000553
295519, 40021.2550,  3, 255.43, 15.35000000000582
295526, 40021.9800,  3, 259.06, 16.095000000001164
295551, 40024.5850,  3, 309.03, 18.660000000003492
295652, 40046.0150,  3, 275.59, 10.325000000004366
295657, 40046.5350,  3, 319.75, 10.840000000003783
295659, 40046.7450,  3, 310.89, 11.125
295668, 40047.6850,  3, 307.83, 12.014999999999418
295669, 40047.7850,  3, 275.32, 12.099999999998545
295682, 40049.1400,  3, 304.15, 13.5
295688, 40049.7650,  3, 277.43, 14.130000000004657
295695, 40050.4950,  3, 279.98, 14.889999999999418
295804, 40072.4100,  3, 327.90, 11.184999999997672
295806, 40072.6200,  3, 294.03, 11.37999999999738
295808, 40072.8300,  3, 321.33, 11.604999999995925
295813, 40073.3500,  3, 303.50, 12.135000000002037
295816, 40073.6600,  3, 301.51, 12.400000000001455
295822, 40074.2850,  3, 312.08, 13.040000000000873
295838, 40075.9550,  3, 265.73, 14.709999999999127
295852, 40077.4100,  3, 285.85, 16.174999999995634
295971, 40100.8700,  3, 284.63, 12.205000000001746
295976, 40101.3900,  3, 289.85, 12.705000000001746
295977, 40101.4950,  3, 276.46, 12.909999999996217
295979, 40101.7050,  3, 298.22, 13.110000000000582
295981, 40101.9100,  3, 285.82, 13.32499999999709
295983, 40102.1200,  3, 291.72, 13.519999999996799
295983, 40102.1200,  3, 285.33, 13.470000000001164
295993, 40103.1600,  3, 250.70, 14.485000000000582
296094, 40124.4550,  3, 299.98, 10.389999999999418
296105, 40125.6000,  3, 303.54, 11.529999999998836
296111, 40126.2250,  3, 303.80, 12.154999999998836
296131, 40128.3100,  3, 280.56, 14.189999999995052
296133, 40128.5150,  3, 279.83, 14.44999999999709
296140, 40129.2450,  3, 312.05, 15.109999999993306
296145, 40129.7650,  3, 277.67, 15.634999999994761
296182, 40133.6200,  3, 263.07, 19.544999999998254
296287, 40155.4050,  3, 301.82, 10.809999999997672
296292, 40155.9250,  3, 295.78, 11.315000000002328
296295, 40156.2400,  3, 269.83, 11.605000000003201
296303, 40157.0750,  3, 281.26, 12.400000000001455
296308, 40157.5950,  3, 292.42, 12.959999999999127
296310, 40157.8000,  3, 295.82, 13.139999999999418
296311, 40157.9050,  3, 282.36, 13.279999999998836
296338, 40160.7200,  3, 301.94, 16.099999999998545
296446, 40182.9000,  3, 314.78, 11.090000000003783
296450, 40183.3150,  3, 342.71, 11.535000000003492
296450, 40183.3150,  3, 306.06, 11.54500000000553
296456, 40183.9400,  3, 278.82, 12.17000000000553
296462, 40184.5650,  3, 278.18, 12.790000000000873
296481, 40186.5450,  3, 293.10, 14.694999999999709
296487, 40187.1700,  3, 248.08, 15.405000000006112
296498, 40188.3150,  3, 296.60, 16.4800000000032
296600, 40209.8800,  3, 316.81, 10.509999999994761
296607, 40210.6050,  3, 282.56, 11.184999999997672
296616, 40211.5450,  3, 287.02, 12.104999999995925
296617, 40211.6500,  3, 315.51, 12.194999999999709
296630, 40213.0050,  3, 268.76, 13.569999999999709
296637, 40213.7300,  3, 294.01, 14.294999999998254
296646, 40214.6700,  3, 286.77, 15.264999999999418
296697, 40219.9800,  3, 262.41, 20.549999999995634
296804, 40242.1000,  3, 303.48, 10.940000000002328
296809, 40242.6200,  3, 282.59, 11.465000000003783
296812, 40242.9350,  3, 296.04, 11.865000000005239
296815, 40243.2450,  3, 329.02, 12.115000000005239
296818, 40243.5600,  3, 293.36, 12.430000000000291
296836, 40245.4350,  3, 267.75, 14.29500000000553
296869, 40248.8700,  3, 288.43, 17.785000000003492
296871, 40249.0800,  3, 285.44, 17.915000000000873
296979, 40271.1500,  3, 316.91, 11.139999999999418
296991, 40272.4000,  3, 290.64, 12.345000000001164
296992, 40272.5050,  3, 299.06, 12.404999999998836
296993, 40272.6050,  3, 294.08, 12.599999999998545
296999, 40273.2300,  3, 289.79, 13.135000000002037
297013, 40274.6900,  3, 274.19, 14.595000000001164
297051, 40278.6500,  3, 262.55, 18.6050000000032
297076, 40281.2550,  3, 233.35, 21.154999999998836
297182, 40303.3650,  3, 300.94, 10.864999999997963
297196, 40304.8250,  3, 303.36, 12.299999999995634
297196, 40304.8250,  3, 313.52, 12.37999999999738
297202, 40305.4500,  3, 313.37, 12.959999999999127
297203, 40305.5500,  3, 279.00, 13.089999999996508
297209, 40306.1750,  3, 305.75, 13.724999999998545
297213, 40306.5950,  3, 289.62, 14.064999999995052
297230, 40308.3650,  3, 277.00, 15.839999999996508
297336, 40331.1550,  3, 303.04, 10.900000000001455
297345, 40332.0950,  1, -203.09, 11.875
297345, 40332.0950,  3, 321.51, 11.794999999998254
297350, 40332.6150,  3, 293.91, 12.319999999999709
297351, 40332.7200,  3, 270.31, 12.415000000000873
297353, 40332.9250,  3, 292.06, 12.659999999996217
297360, 40333.6550,  3, 299.92, 13.400000000001455
297430, 40340.9500,  3, 296.29, 20.659999999996217
297533, 40363.5100,  3, 317.14, 10.57499999999709
297539, 40364.1350,  3, 277.35, 11.194999999999709
297540, 40364.2400,  3, 299.72, 11.32999999999447
297542, 40364.4500,  3, 288.34, 11.555000000000291
297545, 40364.7600,  3, 299.08, 11.82999999999447
297545, 40364.7600,  3, 305.63, 11.82499999999709
297553, 40365.5950,  3, 298.93, 12.639999999999418
297554, 40365.7000,  3, 285.46, 12.790000000000873
297655, 40387.0250,  3, 318.59, 10.385000000002037
297661, 40387.6500,  3, 328.75, 10.955000000001746
297668, 40388.3800,  3, 312.36, 11.669999999998254
297670, 40388.5850,  3, 306.92, 11.894999999996799
297673, 40388.9000,  3, 283.71, 12.214999999996508
297680, 40389.6300,  3, 295.82, 12.92500000000291
297687, 40390.3550,  3, 285.31, 13.659999999996217
297688, 40390.4600,  3, 278.53, 13.75
297748, 40408.7300,  1, -163.90, 6.1450000000040745
297748, 40408.7300,  1, -133.73, 6.1450000000040745
297791, 40413.2100,  3, 338.03, 10.610000000000582
297799, 40414.0450,  3, 307.80, 11.360000000000582
297803, 40414.4600,  3, 280.47, 11.785000000003492
297805, 40414.6700,  3, 314.47, 12.044999999998254
297810, 40415.1900,  3, 292.64, 12.584999999999127
297815, 40415.7100,  3, 287.54, 13.110000000000582
297924, 40438.0100,  3, 271.40, 11.229999999995925
297930, 40438.6350,  3, 287.31, 11.794999999998254
297937, 40439.3650,  3, 292.66, 12.534999999996217
297941, 40439.7800,  3, 299.42, 12.919999999998254
297962, 40441.9700,  3, 289.14, 15.184999999997672
297984, 40444.2600,  3, 268.54, 17.479999999995925
298009, 40446.8650,  3, 246.91, 20.07999999999447
298171, 40463.7400,  3, 177.55, 36.93000000000029
298284, 40486.4200,  3, 291.36, 11.60000000000582
298296, 40487.6700,  3, 296.43, 12.905000000006112
298301, 40488.1900,  3, 281.53, 13.334999999999127
298302, 40488.2950,  3, 266.43, 13.49500000000262
298303, 40488.4000,  3, 255.77, 13.615000000005239
298305, 40488.6050,  3, 275.93, 13.845000000001164
298308, 40488.9200,  3, 272.46, 14.115000000005239
298310, 40489.1300,  3, 304.65, 14.325000000004366
298421, 40511.6550,  3, 314.96, 11.42500000000291
298422, 40511.7600,  3, 287.73, 11.525000000001455
298423, 40511.8650,  3, 300.83, 11.585000000006403
298426, 40512.1750,  3, 285.05, 11.930000000000291
298428, 40512.3850,  3, 268.83, 12.160000000003492
298434, 40513.0100,  3, 287.67, 12.75
298446, 40514.2600,  3, 286.79, 13.965000000003783
298450, 40514.6750,  3, 280.30, 14.375
298558, 40536.6850,  3, 295.21, 11.059999999997672
298559, 40536.7850,  3, 340.41, 11.209999999999127
298563, 40537.2050,  3, 298.79, 11.584999999999127
298570, 40537.9350,  3, 296.79, 12.315000000002328
298573, 40538.2450,  3, 308.66, 12.62999999999738
298573, 40538.2450,  3, 264.91, 12.604999999995925
298574, 40538.3500,  3, 291.98, 12.724999999998545
298596, 40540.6400,  3, 306.72, 15.0
298703, 40562.8300,  3, 305.08, 10.959999999999127
298709, 40563.4550,  3, 301.35, 11.610000000000582
298713, 40563.8700,  3, 287.67, 12.040000000000873
298716, 40564.1850,  3, 322.46, 12.32499999999709
298719, 40564.4950,  3, 303.48, 12.665000000000873
298720, 40564.6000,  3, 278.57, 12.794999999998254
298720, 40564.6000,  3, 306.74, 12.784999999996217
298724, 40565.0150,  3, 306.50, 13.125
298784, 40582.3300,  1, -150.76, 6.1450000000040745
298784, 40582.3300,  1, -147.20, 6.1450000000040745
298833, 40587.4350,  3, 266.16, 11.235000000000582
298838, 40587.9550,  3, 286.93, 11.694999999999709
298844, 40588.5800,  3, 307.52, 12.389999999999418
298856, 40589.8300,  3, 275.04, 13.584999999999127
298883, 40592.6400,  3, 274.55, 16.400000000001455
298927, 40597.2250,  3, 250.11, 20.94499999999971
299027, 40618.6900,  3, 332.33, 10.260000000002037
299038, 40619.8350,  3, 291.46, 11.410000000003492
299043, 40620.3550,  3, 298.09, 11.944999999999709
299048, 40620.8800,  3, 293.82, 12.47500000000582
299049, 40620.9800,  3, 280.03, 12.575000000004366
299064, 40622.5450,  3, 293.26, 14.10000000000582
299082, 40624.4200,  3, 297.28, 15.955000000001746
299095, 40625.7750,  3, 259.14, 17.340000000003783
299205, 40648.9400,  3, 308.14, 11.305000000000291
299207, 40649.1500,  3, 325.64, 11.525000000001455
299208, 40649.2550,  3, 295.68, 11.580000000001746
299209, 40649.3550,  3, 262.27, 11.75
299210, 40649.4600,  3, 262.17, 11.775000000001455
299211, 40649.5650,  3, 295.67, 11.895000000004075
299217, 40650.1900,  3, 307.53, 12.530000000006112
299225, 40651.0250,  3, 283.68, 13.410000000003492
299333, 40673.1500,  3, 314.42, 11.044999999998254
299334, 40673.2550,  3, 328.26, 11.194999999999709
299337, 40673.5650,  3, 298.89, 11.525000000001455
299340, 40673.8800,  3, 302.17, 11.82499999999709
299343, 40674.1900,  3, 323.59, 12.089999999996508
299348, 40674.7100,  3, 325.51, 12.610000000000582
299395, 40679.6050,  3, 265.58, 17.544999999998254
299395, 40679.6050,  3, 298.05, 17.525000000001455
299506, 40702.2250,  3, 302.07, 11.42500000000291
299521, 40703.7850,  3, 283.72, 12.960000000006403
299529, 40704.6200,  3, 281.35, 13.785000000003492
299531, 40704.8300,  3, 301.07, 13.99500000000262
299547, 40706.4950,  3, 283.96, 15.660000000003492
299549, 40706.7050,  3, 299.81, 15.930000000000291
299549, 40706.7050,  3, 259.65, 15.885000000002037
299554, 40707.2250,  3, 288.05, 16.42000000000553
299658, 40729.1050,  3, 298.56, 10.644999999996799
299660, 40729.3150,  3, 336.16, 10.849999999998545
299663, 40729.6300,  3, 295.52, 11.239999999997963
299674, 40730.7750,  3, 305.43, 12.349999999998545
299675, 40730.8800,  3, 273.66, 12.474999999998545
299676, 40730.9800,  3, 309.41, 12.580000000001746
299691, 40732.5450,  3, 305.18, 14.139999999999418
299715, 40735.0450,  3, 281.78, 16.584999999999127
299824, 40757.4350,  3, 306.09, 11.180000000000291
299824, 40757.4350,  3, 286.46, 11.190000000002328
299824, 40757.4350,  3, 317.51, 11.190000000002328
299828, 40757.8500,  3, 294.86, 11.639999999999418
299835, 40758.5800,  3, 316.24, 12.345000000001164
299839, 40758.9950,  3, 302.87, 12.714999999996508
299851, 40760.2450,  3, 272.01, 14.040000000000873
299916, 40767.0150,  3, 276.35, 20.779999999998836
300021, 40789.0150,  3, 320.97, 10.735000000000582
300031, 40790.0600,  3, 282.06, 11.784999999996217
300039, 40790.8900,  3, 300.25, 12.669999999998254
300042, 40791.2050,  3, 301.74, 13.00499999999738
300043, 40791.3100,  3, 293.05, 13.044999999998254
300048, 40791.8300,  3, 288.01, 13.55000000000291
300087, 40795.8900,  3, 284.04, 17.669999999998254
300117, 40799.0150,  3, 284.72, 20.80999999999767
300224, 40821.2250,  3, 303.27, 11.020000000004075
300228, 40821.6400,  3, 305.97, 11.37000000000262
300231, 40821.9550,  3, 315.75, 11.705000000001746
300232, 40822.0600,  3, 292.36, 11.855000000003201
300284, 40827.4750,  3, 285.61, 17.2300000000032
300289, 40827.9950,  3, 289.20, 17.7300000000032
300298, 40828.9350,  3, 290.87, 18.735000000000582
300299, 40829.0350,  3, 287.69, 18.785000000003492
300406, 40851.1300,  3, 301.61, 11.035000000003492
300410, 40851.5450,  3, 315.14, 11.42500000000291
300410, 40851.5450,  3, 318.00, 11.364999999997963
300417, 40852.2750,  3, 313.18, 12.139999999999418
300418, 40852.3800,  3, 301.18, 12.260000000002037
300421, 40852.6900,  3, 273.21, 12.540000000000873
300423, 40852.9000,  3, 287.63, 12.809999999997672
300533, 40864.3550,  3, 241.25, 24.19499999999971
300626, 40885.0250,  1, -124.98, 9.584999999999127
300626, 40885.0250,  1, -160.60, 9.584999999999127
300645, 40887.0050,  3, 326.39, 11.555000000000291
300650, 40887.5250,  3, 320.70, 12.055000000000291
300650, 40887.5250,  3, 296.57, 12.064999999995052
300661, 40888.6700,  3, 280.36, 13.139999999999418
300667, 40889.2950,  3, 311.72, 13.75
300746, 40897.5250,  3, 277.59, 22.00499999999738
300847, 40918.9950,  3, 315.18, 10.339999999996508
300857, 40920.0350,  3, 333.35, 11.394999999996799
300858, 40920.1400,  3, 305.55, 11.455000000001746
300858, 40920.1400,  3, 283.56, 11.470000000001164
300863, 40920.6600,  3, 283.64, 12.044999999998254
300871, 40921.4950,  3, 308.60, 12.830000000001746
300884, 40922.8500,  3, 257.13, 14.220000000001164
300894, 40923.8900,  3, 301.62, 15.305000000000291
301000, 40945.6500,  3, 334.25, 10.880000000004657
301001, 40945.7550,  3, 316.35, 10.940000000002328
301003, 40945.9600,  3, 304.50, 11.22500000000582
301007, 40946.3800,  3, 340.53, 11.62000000000262
301012, 40946.9000,  3, 310.26, 12.140000000006694
301018, 40947.5250,  3, 290.51, 12.755000000004657
301020, 40947.7300,  3, 311.43, 12.945000000006985
301023, 40948.0450,  3, 273.77, 13.275000000001455
301140, 40971.2800,  3, 290.89, 11.980000000003201
301140, 40971.2800,  3, 296.97, 11.990000000005239
301143, 40971.5950,  3, 292.98, 12.37000000000262
301143, 40971.5950,  3, 298.01, 12.380000000004657
301150, 40972.3250,  3, 278.53, 13.10000000000582
301152, 40972.5300,  3, 308.33, 13.264999999999418
301154, 40972.7400,  3, 295.45, 13.535000000003492
301192, 40976.7000,  3, 280.94, 17.49500000000262
301309, 40999.6150,  3, 297.62, 12.029999999998836
301313, 41000.0300,  3, 311.17, 12.485000000000582
301322, 41000.9700,  3, 326.56, 13.415000000000873
301348, 41003.6750,  3, 270.14, 16.125
301351, 41003.9900,  3, 304.14, 16.43499999999767
301369, 41005.8650,  3, 315.99, 18.30999999999767
301371, 41006.0750,  3, 302.64, 18.4800000000032
301372, 41006.1750,  3, 262.95, 18.55000000000291
301474, 41027.7300,  3, 300.41, 10.444999999999709
301481, 41028.4600,  3, 315.13, 11.209999999999127
301495, 41029.9200,  3, 279.26, 12.694999999999709
301499, 41030.3350,  3, 304.71, 13.080000000001746
301502, 41030.6500,  3, 314.44, 13.345000000001164
301514, 41031.9000,  3, 260.94, 14.610000000000582
301517, 41032.2100,  3, 275.72, 14.980000000003201
301535, 41034.0850,  3, 275.88, 16.860000000000582
301634, 41055.1350,  3, 310.87, 10.134999999994761
301639, 41055.6550,  3, 310.45, 10.664999999993597
301642, 41055.9700,  3, 293.07, 10.994999999995343
301650, 41056.8000,  3, 331.05, 11.839999999996508
301656, 41057.4250,  3, 285.83, 12.404999999998836
301658, 41057.6350,  3, 313.30, 12.610000000000582
301671, 41058.9900,  3, 299.68, 13.969999999993888
301682, 41060.1350,  3, 289.18, 15.180000000000291
301798, 41082.9100,  3, 310.66, 11.934999999997672
301810, 41084.1600,  3, 256.14, 13.12999999999738
301811, 41084.2650,  3, 290.28, 13.32499999999709
301812, 41084.3700,  3, 268.24, 13.419999999998254
301816, 41084.7850,  3, 310.08, 13.760000000002037
301821, 41085.3100,  3, 270.37, 14.345000000001164
301822, 41085.4100,  3, 286.47, 14.415000000000873
301831, 41086.3500,  3, 269.80, 15.375
301936, 41108.2300,  3, 331.97, 10.819999999999709
301957, 41110.4200,  3, 314.16, 12.930000000000291
301959, 41110.6300,  3, 298.55, 13.169999999998254
301962, 41110.9400,  3, 302.94, 13.525000000001455
301968, 41111.5650,  3, 309.07, 14.064999999995052
301969, 41111.6700,  3, 318.17, 14.205000000001746
302009, 41115.8350,  3, 291.26, 18.364999999997963
302021, 41117.0850,  3, 272.94, 19.599999999998545
302130, 41139.2550,  3, 303.89, 11.24500000000262
302138, 41140.0850,  3, 305.71, 11.99500000000262
302155, 41141.8550,  3, 277.83, 13.819999999999709
302156, 41141.9600,  3, 255.33, 13.940000000002328
302169, 41143.3150,  3, 261.04, 15.285000000003492
302171, 41143.5250,  3, 266.42, 15.50499999999738
302178, 41144.2550,  3, 306.63, 16.150000000001455
302204, 41146.9600,  3, 309.97, 18.860000000000582
302313, 41169.2400,  3, 327.35, 11.17000000000553
302314, 41169.3450,  3, 316.09, 11.330000000001746
302321, 41170.0750,  3, 300.21, 12.080000000001746
302322, 41170.1750,  3, 289.81, 12.160000000003492
302325, 41170.4900,  3, 327.25, 12.474999999998545
302333, 41171.3250,  3, 289.78, 13.325000000004366
302345, 41172.5750,  3, 279.32, 14.505000000004657
302349, 41172.9900,  3, 281.88, 14.980000000003201
302452, 41194.6500,  3, 310.55, 10.544999999998254
302455, 41194.9600,  3, 310.49, 10.889999999999418
302466, 41196.1050,  3, 303.31, 12.014999999999418
302466, 41196.1050,  3, 281.80, 12.064999999995052
302470, 41196.5250,  3, 330.47, 12.494999999995343
302481, 41197.6700,  3, 320.86, 13.559999999997672
302489, 41198.5050,  3, 306.25, 14.389999999999418
302521, 41201.8350,  3, 278.74, 17.760000000002037
302637, 41224.8350,  3, 304.68, 11.904999999998836
302638, 41224.9400,  3, 292.54, 12.07499999999709
302649, 41226.0850,  3, 324.47, 13.219999999993888
302653, 41226.5050,  3, 310.04, 13.599999999998545
302673, 41228.5850,  3, 308.89, 15.634999999994761
302674, 41228.6900,  3, 289.95, 15.814999999995052
302676, 41228.9000,  3, 268.81, 16.039999999993597
302697, 41231.0850,  3, 299.81, 18.1449999999968
302801, 41252.7650,  3, 302.77, 10.664999999993597
302808, 41253.4950,  3, 284.74, 11.354999999995925
302809, 41253.6000,  3, 302.26, 11.549999999995634
302810, 41253.7050,  3, 335.55, 11.584999999999127
302816, 41254.3300,  3, 301.91, 12.269999999996799
302821, 41254.8500,  3, 304.11, 12.789999999993597
302830, 41255.7850,  3, 288.01, 13.694999999999709
302834, 41256.2050,  3, 302.26, 14.12999999999738
302942, 41278.3350,  3, 333.00, 11.110000000000582
302951, 41279.2750,  3, 305.84, 12.055000000000291
302953, 41279.4800,  3, 311.95, 12.209999999999127
302954, 41279.5850,  3, 289.96, 12.37999999999738
302957, 41279.9000,  3, 264.76, 12.654999999998836
302983, 41282.6050,  3, 269.09, 15.354999999995925
302995, 41283.8550,  3, 285.72, 16.564999999995052
303008, 41285.2100,  3, 319.66, 17.959999999999127
303111, 41306.8350,  3, 298.48, 10.580000000001746
303117, 41307.4600,  3, 284.20, 11.190000000002328
303124, 41308.1900,  3, 306.68, 11.890000000006694
303125, 41308.2950,  3, 299.25, 12.075000000004366
303127, 41308.5050,  3, 303.04, 12.270000000004075
303140, 41309.8550,  3, 305.59, 13.54500000000553
303144, 41310.2750,  3, 285.55, 14.030000000006112
303154, 41311.3150,  3, 300.93, 15.005000000004657
303255, 41332.6000,  3, 323.71, 10.389999999999418
303265, 41333.6400,  3, 285.90, 11.395000000004075
303269, 41334.0600,  3, 290.44, 11.805000000000291
303271, 41334.2650,  3, 313.07, 12.025000000001455
303280, 41335.2050,  3, 286.02, 12.990000000005239
303281, 41335.3100,  3, 313.55, 13.10000000000582
303295, 41336.7650,  3, 275.74, 14.529999999998836
303323, 41339.6850,  3, 291.37, 17.42000000000553
303433, 41361.7800,  3, 320.29, 11.25499999999738
303434, 41361.8850,  3, 326.24, 11.424999999995634
303440, 41362.5100,  3, 323.56, 12.029999999998836
303443, 41362.8250,  3, 307.63, 12.299999999995634
303446, 41363.1350,  3, 297.22, 12.680000000000291
303446, 41363.1350,  3, 305.55, 12.669999999998254
303453, 41363.8650,  3, 329.58, 13.364999999997963
303462, 41364.8000,  3, 264.40, 14.364999999997963
303567, 41386.7050,  3, 297.84, 10.75
303577, 41387.7450,  3, 323.18, 11.834999999999127
303577, 41387.7450,  3, 308.98, 11.849999999998545
303585, 41388.5800,  3, 280.00, 12.665000000000873
303598, 41389.9350,  3, 295.58, 14.049999999995634
303598, 41389.9350,  3, 283.23, 14.009999999994761
303619, 41392.1200,  3, 275.30, 16.229999999995925
303639, 41394.2050,  3, 245.01, 18.299999999995634
303696, 41411.2200,  1, -141.93, 5.834999999999127
303696, 41411.2200,  1, -129.63, 5.834999999999127
303743, 41416.1150,  3, 310.39, 10.62999999999738
303745, 41416.3250,  3, 335.97, 10.889999999999418
303750, 41416.8450,  3, 319.84, 11.354999999995925
303751, 41416.9500,  3, 313.50, 11.514999999999418
303753, 41417.1550,  3, 289.85, 11.764999999999418
303805, 41422.5750,  3, 287.84, 17.139999999999418
303916, 41444.9950,  3, 297.19, 11.414999999993597
303917, 41445.1000,  3, 302.63, 11.50499999999738
303936, 41447.0800,  3, 298.49, 13.469999999993888
303940, 41447.4950,  3, 274.15, 13.924999999995634
303942, 41447.7050,  3, 265.16, 14.139999999999418
303952, 41448.7450,  3, 285.25, 15.174999999995634
303960, 41449.5800,  3, 261.91, 16.039999999993597
304007, 41454.4750,  3, 265.21, 20.849999999998545
304105, 41475.7450,  3, 335.63, 10.055000000000291
304107, 41475.9550,  3, 327.28, 10.220000000001164
304114, 41476.6850,  3, 321.14, 11.035000000003492
304116, 41476.8900,  3, 300.82, 11.224999999998545
304135, 41478.8700,  3, 302.28, 13.220000000001164
304137, 41479.0800,  3, 322.38, 13.419999999998254
304140, 41479.3900,  3, 304.49, 13.730000000003201
304174, 41482.9350,  3, 315.41, 17.209999999999127
304279, 41504.8350,  3, 347.07, 10.819999999999709
304281, 41505.0450,  3, 311.46, 10.985000000000582
304284, 41505.3550,  3, 307.17, 11.305000000000291
304295, 41506.5050,  3, 314.90, 12.415000000000873
304298, 41506.8150,  3, 304.85, 12.709999999999127
304298, 41506.8150,  3, 337.95, 12.805000000000291
304299, 41506.9200,  3, 304.61, 12.900000000001455
304299, 41506.9200,  3, 327.40, 12.830000000001746
304414, 41529.8800,  3, 317.08, 11.780000000006112
304421, 41530.6050,  3, 307.00, 12.575000000004366
304430, 41531.5450,  3, 311.21, 13.525000000001455
304443, 41532.9000,  3, 317.26, 14.834999999999127
304444, 41533.0050,  3, 308.87, 14.965000000003783
304444, 41533.0050,  3, 323.26, 14.955000000001746
304484, 41537.1700,  3, 288.53, 19.06500000000233
304493, 41538.1050,  3, 282.89, 20.025000000001455
304598, 41559.7450,  3, 329.12, 10.790000000000873
304601, 41560.0600,  3, 339.92, 11.089999999996508
304604, 41560.3700,  3, 286.33, 11.430000000000291
304611, 41561.1000,  3, 306.51, 12.099999999998545
304611, 41561.1000,  3, 255.54, 12.080000000001746
304620, 41562.0350,  3, 278.61, 13.065000000002328
304646, 41564.7450,  3, 284.60, 15.784999999996217
304654, 41565.5800,  3, 282.81, 16.595000000001164
304712, 41582.6000,  1, -131.75, 5.934999999997672
304712, 41582.6000,  1, -164.57, 5.934999999997672
304758, 41587.3900,  3, 323.62, 10.665000000000873
304768, 41588.4350,  3, 344.27, 11.735000000000582
304769, 41588.5350,  3, 320.97, 11.809999999997672
304786, 41590.3100,  3, 290.67, 13.610000000000582
304797, 41591.4550,  3, 288.65, 14.775000000001455
304829, 41594.7850,  3, 319.66, 18.095000000001164
304935, 41617.7200,  3, 310.21, 10.87000000000262
304936, 41617.8250,  3, 316.82, 10.985000000000582
304941, 41618.3450,  3, 307.69, 11.55000000000291
304943, 41618.5500,  3, 331.25, 11.680000000000291
304946, 41618.8650,  3, 321.02, 11.989999999997963
304952, 41619.4900,  3, 312.68, 12.705000000001746
304970, 41621.3650,  3, 284.63, 14.5
304989, 41623.3450,  3, 274.27, 16.540000000000873
305092, 41645.0050,  3, 286.00, 10.540000000000873
305099, 41645.7300,  3, 325.61, 11.270000000004075
305103, 41646.1500,  3, 292.90, 11.764999999999418
305113, 41647.1900,  3, 254.27, 12.709999999999127
305124, 41648.3350,  3, 283.36, 13.944999999999709
305136, 41649.5850,  3, 285.11, 15.200000000004366
305155, 41651.5650,  3, 278.41, 17.11500000000524
305158, 41651.8800,  3, 255.15, 17.405000000006112
305266, 41674.3150,  3, 309.02, 11.084999999999127
305268, 41674.5250,  3, 287.08, 11.330000000001746
305269, 41674.6300,  3, 261.07, 11.375
305276, 41675.3550,  3, 297.65, 12.130000000004657
305279, 41675.6700,  3, 311.85, 12.400000000001455
305288, 41676.6050,  3, 332.47, 13.395000000004075
305300, 41677.8550,  3, 291.12, 14.669999999998254
305338, 41681.8150,  3, 296.47, 18.62000000000262
305450, 41704.4100,  3, 330.22, 11.474999999998545
305452, 41704.6200,  3, 299.73, 11.760000000002037
305452, 41704.6200,  3, 311.93, 11.739999999997963
305454, 41704.8300,  3, 285.68, 11.950000000004366
305479, 41707.4350,  3, 297.47, 14.555000000000291
305483, 41707.8500,  3, 313.28, 14.950000000004366
305483, 41707.8500,  3, 300.24, 14.974999999998545
305486, 41708.1600,  3, 296.22, 15.230000000003201
305593, 41730.2950,  3, 327.19, 11.014999999999418
305595, 41730.5050,  3, 303.08, 11.24500000000262
305598, 41730.8150,  3, 272.19, 11.480000000003201
305600, 41731.0250,  3, 291.38, 11.724999999998545
305602, 41731.2300,  3, 304.41, 11.930000000000291
305604, 41731.4400,  3, 291.70, 12.150000000001455
305615, 41732.5850,  3, 282.47, 13.290000000000873
305620, 41733.1050,  3, 281.29, 13.760000000002037
305729, 41755.2450,  3, 314.06, 11.184999999997672
305735, 41755.8700,  3, 303.91, 11.860000000000582
305736, 41755.9750,  3, 301.64, 11.915000000000873
305740, 41756.3900,  3, 297.26, 12.305000000000291
305746, 41757.0150,  3, 309.02, 12.94999999999709
305750, 41757.4350,  3, 292.16, 13.389999999999418
305752, 41757.6400,  3, 313.99, 13.619999999995343
305759, 41758.3700,  3, 274.60, 14.32499999999709
305835, 41777.0600,  1, -131.55, 7.814999999995052
305835, 41777.0600,  1, -159.93, 7.814999999995052
305880, 41781.7450,  3, 310.55, 12.459999999999127
305881, 41781.8500,  3, 295.75, 12.559999999997672
305882, 41781.9550,  3, 281.27, 12.680000000000291
305886, 41782.3700,  3, 318.32, 13.099999999998545
305893, 41783.1000,  3, 317.04, 13.75
305938, 41787.7850,  3, 299.85, 18.459999999999127
306042, 41810.3650,  3, 313.27, 10.69999999999709
306050, 41811.2000,  3, 309.53, 11.529999999998836
306056, 41811.8250,  3, 303.11, 12.139999999999418
306067, 41812.9700,  3, 302.57, 13.264999999999418
306073, 41813.5950,  3, 299.70, 13.860000000000582
306104, 41816.8250,  3, 284.53, 17.12999999999738
306125, 41819.0100,  3, 321.12, 19.275000000001455
306127, 41819.2200,  3, 330.10, 19.50499999999738
306185, 41836.3350,  1, -145.24, 5.934999999997672
306185, 41836.3350,  1, -129.13, 5.934999999997672
306241, 41842.1700,  3, 302.98, 11.75499999999738
306247, 41842.7950,  3, 299.60, 12.375
306248, 41842.9000,  3, 302.69, 12.485000000000582
306251, 41843.2100,  3, 314.12, 12.75499999999738
306259, 41844.0450,  3, 303.70, 13.559999999997672
306261, 41844.2550,  3, 305.63, 13.779999999998836
306368, 41866.4400,  3, 284.49, 10.974999999998545
306370, 41866.6500,  3, 327.69, 11.174999999995634
306388, 41868.5250,  3, 299.69, 13.025000000001455
306391, 41868.8350,  3, 262.12, 13.369999999995343
306395, 41869.2550,  3, 285.65, 13.794999999998254
306401, 41869.8800,  3, 285.33, 14.394999999996799
306406, 41870.4000,  3, 293.13, 14.939999999995052
306476, 41877.6900,  3, 272.99, 22.239999999997963
306579, 41899.2650,  3, 292.83, 10.540000000000873
306579, 41899.2650,  3, 320.29, 10.565000000002328
306583, 41899.6850,  3, 320.57, 10.970000000001164
306590, 41900.4100,  3, 292.54, 11.685000000004948
306593, 41900.7250,  3, 303.01, 12.055000000000291
306611, 41902.6000,  3, 297.43, 13.85000000000582
306619, 41903.4350,  3, 338.21, 14.755000000004657
306647, 41906.3500,  3, 285.20, 17.6050000000032
306754, 41928.2250,  3, 292.14, 10.989999999997963
306755, 41928.3300,  3, 315.47, 11.07499999999709
306762, 41929.0600,  3, 307.89, 11.875
306763, 41929.1600,  3, 323.80, 11.904999999998836
306768, 41929.6850,  3, 329.06, 12.480000000003201
306771, 41929.9950,  3, 312.07, 12.709999999999127
306774, 41930.3100,  3, 323.48, 13.080000000001746
306815, 41934.5800,  3, 256.14, 17.32499999999709
306919, 41956.3550,  3, 321.45, 10.700000000004366
306921, 41956.5650,  3, 291.12, 10.92000000000553
306931, 41957.6050,  3, 308.57, 11.930000000000291
306940, 41958.5450,  3, 301.50, 12.855000000003201
306943, 41958.8550,  3, 317.65, 13.125
306945, 41959.0650,  3, 285.25, 13.334999999999127
306963, 41960.9400,  3, 300.32, 15.24500000000262
306964, 41961.0450,  3, 321.90, 15.315000000002328
307030, 41978.9350,  1, -163.51, 6.769999999996799
307030, 41978.9350,  1, -136.89, 6.769999999996799
307070, 41983.1000,  3, 313.65, 10.885000000002037
307074, 41983.5150,  3, 322.96, 11.334999999999127
307076, 41983.7250,  3, 287.79, 11.459999999999127
307077, 41983.8300,  3, 310.31, 11.604999999995925
307078, 41983.9350,  3, 284.35, 11.69999999999709
307087, 41984.8700,  3, 313.13, 12.599999999998545
307158, 42003.3850,  1, -146.15, 7.290000000000873
307158, 42003.3850,  1, -158.46, 7.290000000000873
307194, 42007.1350,  3, 337.38, 10.955000000001746
307204, 42008.1750,  3, 291.79, 12.069999999999709
307206, 42008.3850,  3, 315.02, 12.269999999996799
307215, 42009.3250,  3, 314.93, 13.12999999999738
307222, 42010.0500,  3, 290.11, 13.940000000002328
307226, 42010.4700,  3, 313.61, 14.334999999999127
307331, 42032.3500,  3, 325.47, 10.830000000001746
307335, 42032.7650,  3, 327.85, 11.180000000000291
307346, 42033.9100,  3, 296.91, 12.32499999999709
307361, 42035.4750,  3, 295.31, 13.955000000001746
307362, 42035.5800,  3, 270.82, 14.020000000004075
307363, 42035.6850,  3, 260.54, 14.110000000000582
307376, 42037.0350,  3, 328.05, 15.480000000003201
307379, 42037.3500,  3, 288.71, 15.815000000002328
307486, 42059.1700,  3, 280.09, 11.025000000001455
307495, 42060.1050,  3, 304.78, 11.889999999999418
307496, 42060.2100,  3, 297.20, 12.055000000000291
307501, 42060.7300,  3, 318.27, 12.514999999999418
307512, 42061.8800,  3, 330.52, 13.690000000002328
307531, 42063.8550,  3, 272.92, 15.669999999998254
307532, 42063.9600,  3, 327.25, 15.815000000002328
307548, 42065.6300,  3, 293.24, 17.489999999997963
307660, 42088.2450,  3, 291.12, 11.529999999998836
307661, 42088.3500,  3, 304.14, 11.590000000003783
307675, 42089.8100,  3, 325.46, 13.105000000003201
307675, 42089.8100,  3, 279.13, 13.069999999999709
307677, 42090.0150,  3, 317.83, 13.260000000002037
307706, 42093.0350,  3, 295.91, 16.31999999999971
307717, 42094.1850,  3, 309.95, 17.44499999999971
307728, 42095.3300,  3, 304.98, 18.54500000000553
307845, 42119.3800,  3, 297.00, 12.035000000003492
307846, 42119.4800,  3, 291.84, 12.125
307849, 42119.7950,  3, 315.55, 12.42500000000291
307850, 42119.9000,  3, 307.68, 12.569999999999709
307853, 42120.2100,  3, 289.02, 12.87000000000262
307854, 42120.3150,  3, 285.27, 13.0
307863, 42121.2550,  3, 340.26, 13.910000000003492
307903, 42125.4200,  3, 273.19, 18.035000000003492
308006, 42148.0350,  3, 325.44, 10.599999999998545
308017, 42149.1850,  3, 304.44, 11.735000000000582
308021, 42149.6000,  3, 305.46, 12.114999999997963
308026, 42150.1200,  3, 305.70, 12.610000000000582
308032, 42150.7450,  3, 330.02, 13.279999999998836
308035, 42151.0600,  3, 298.47, 13.569999999999709
308036, 42151.1600,  3, 294.95, 13.739999999997963
308038, 42151.3700,  3, 312.02, 13.849999999998545
308139, 42172.7550,  3, 317.42, 10.375
308148, 42173.6900,  3, 317.34, 11.349999999998545
308159, 42174.8350,  3, 286.62, 12.480000000003201
308172, 42176.1900,  3, 247.77, 13.845000000001164
308175, 42176.5050,  3, 312.86, 14.165000000000873
308180, 42177.0250,  3, 328.66, 14.599999999998545
308197, 42178.7950,  3, 253.72, 16.360000000000582
308211, 42180.2550,  3, 267.96, 17.81500000000233
308314, 42202.0850,  3, 313.76, 10.599999999998545
308318, 42202.5050,  3, 326.61, 11.040000000000873
308320, 42202.7100,  3, 251.18, 11.239999999997963
308322, 42202.9200,  3, 313.64, 11.400000000001455
308326, 42203.3350,  3, 296.93, 11.849999999998545
308330, 42203.7550,  3, 290.15, 12.24500000000262
308331, 42203.8550,  3, 300.71, 12.375
308336, 42204.3800,  3, 302.70, 12.819999999999709
308438, 42225.6900,  3, 337.40, 10.42500000000291
308443, 42226.2100,  3, 276.55, 11.010000000002037
308444, 42226.3150,  3, 327.24, 11.090000000003783
308447, 42226.6300,  3, 325.41, 11.440000000002328
308456, 42227.5650,  3, 296.52, 12.30000000000291
308460, 42227.9800,  3, 315.22, 12.794999999998254
308464, 42228.4000,  3, 307.96, 13.185000000004948
308468, 42228.8150,  3, 293.50, 13.625
308538, 42247.0650,  1, -141.60, 7.190000000002328
308538, 42247.0650,  1, -147.23, 7.190000000002328
308570, 42250.4000,  3, 297.31, 10.42500000000291
308570, 42250.4000,  3, 317.31, 10.485000000000582
308571, 42250.5050,  3, 317.59, 10.625
308587, 42252.1700,  3, 322.66, 12.25
308589, 42252.3800,  3, 271.69, 12.430000000000291
308592, 42252.6900,  3, 300.25, 12.714999999996508
308653, 42269.8550,  1, -154.86, 6.25
308653, 42269.8550,  1, -146.24, 6.25
308698, 42274.5450,  3, 290.00, 10.859999999993306
308705, 42275.2750,  3, 308.54, 11.614999999997963
308707, 42275.4800,  3, 311.20, 11.834999999999127
308711, 42275.9000,  3, 346.40, 12.194999999999709
308736, 42278.5050,  3, 278.49, 14.799999999995634
308748, 42279.7550,  3, 267.66, 16.109999999993306
308856, 42301.8250,  3, 326.70, 11.139999999999418
308859, 42302.1350,  3, 303.15, 11.369999999995343
308864, 42302.6550,  3, 310.43, 11.959999999999127
308870, 42303.2800,  3, 307.93, 12.5
308871, 42303.3850,  3, 311.94, 12.689999999995052
308876, 42303.9050,  3, 292.93, 13.209999999999127
308891, 42305.4700,  3, 294.72, 14.744999999995343
308907, 42307.1350,  3, 305.75, 16.369999999995343
309017, 42329.4800,  3, 312.21, 11.309999999997672
309025, 42330.3150,  3, 292.73, 12.150000000001455
309042, 42332.0850,  3, 317.96, 13.944999999999709
309055, 42333.4400,  3, 314.33, 15.239999999997963
309056, 42333.5450,  3, 342.41, 15.410000000003492
309059, 42333.8550,  3, 300.06, 15.669999999998254
309074, 42335.4200,  3, 282.97, 17.205000000001746
309087, 42336.7750,  3, 272.25, 18.584999999999127
309188, 42358.2200,  3, 320.83, 10.375
309190, 42358.4250,  3, 313.45, 10.610000000000582
309195, 42358.9500,  3, 309.51, 11.059999999997672
309196, 42359.0500,  3, 316.07, 11.154999999998836
309200, 42359.4700,  3, 302.92, 11.569999999999709
309218, 42361.3450,  3, 290.26, 13.514999999999418
309219, 42361.4500,  3, 276.51, 13.644999999996799
309227, 42362.2800,  3, 321.00, 14.439999999995052
309327, 42383.4600,  3, 331.06, 10.239999999997963
309331, 42383.8800,  3, 318.32, 10.639999999999418
309336, 42384.4000,  3, 336.67, 11.244999999995343
309347, 42385.5450,  3, 289.98, 12.314999999995052
309357, 42386.5850,  3, 308.60, 13.400000000001455
309360, 42386.9000,  3, 289.75, 13.669999999998254
309372, 42388.1500,  3, 279.08, 14.955000000001746
309382, 42389.1900,  3, 282.89, 15.979999999995925
309494, 42411.7550,  3, 320.26, 11.479999999995925
309495, 42411.8550,  3, 324.11, 11.634999999994761
309497, 42412.0650,  3, 313.99, 11.799999999995634
309500, 42412.3800,  3, 288.90, 12.139999999999418
309500, 42412.3800,  3, 314.11, 12.089999999996508
309501, 42412.4800,  3, 288.78, 12.259999999994761
309549, 42417.4800,  3, 296.66, 17.235000000000582
309626, 42425.5050,  3, 228.42, 25.25999999999476
309688, 42442.7850,  1, -130.37, 6.355000000003201
309688, 42442.7850,  1, -173.19, 6.355000000003201
309731, 42447.2650,  3, 320.82, 10.760000000002037
309732, 42447.3700,  3, 305.64, 10.92500000000291
309733, 42447.4750,  3, 329.86, 11.019999999996799
309736, 42447.7850,  3, 323.78, 11.279999999998836
309755, 42449.7650,  3, 282.81, 13.25499999999738
309758, 42450.0800,  3, 305.12, 13.625
309858, 42471.2600,  3, 323.08, 10.305000000000291
309860, 42471.4700,  3, 317.89, 10.514999999999418
309864, 42471.8850,  3, 298.35, 10.835000000006403
309871, 42472.6150,  3, 314.60, 11.630000000004657
309881, 42473.6550,  3, 308.46, 12.639999999999418
309884, 42473.9700,  3, 299.32, 12.92500000000291
309897, 42475.3250,  3, 308.20, 14.335000000006403
309927, 42478.4500,  3, 285.92, 17.465000000003783
310036, 42501.5750,  3, 311.27, 11.160000000003492
310037, 42501.6750,  3, 328.11, 11.255000000004657
310040, 42501.9900,  3, 304.35, 11.615000000005239
310049, 42502.9250,  3, 284.46, 12.580000000001746
310057, 42503.7600,  3, 295.66, 13.37000000000262
310062, 42504.2800,  3, 273.21, 13.935000000004948
310069, 42505.0100,  3, 277.46, 14.67500000000291
310089, 42507.0950,  3, 310.06, 16.764999999999418
310189, 42528.2300,  3, 325.33, 10.25
310193, 42528.6500,  3, 317.19, 10.630000000004657
310201, 42529.4800,  3, 312.81, 11.544999999998254
310219, 42531.3550,  3, 276.49, 13.37000000000262
310226, 42532.0850,  3, 292.94, 14.150000000001455
310237, 42533.2300,  3, 324.80, 15.285000000003492
310253, 42534.9000,  3, 289.29, 16.889999999999418
310258, 42535.4200,  3, 270.89, 17.49000000000524
310364, 42557.2750,  3, 280.25, 10.885000000002037
310383, 42559.2550,  3, 287.44, 12.865000000005239
310386, 42559.5650,  3, 306.11, 13.130000000004657
310392, 42560.1900,  3, 267.52, 13.810000000004948
310413, 42562.3800,  3, 272.38, 16.005000000004657
310464, 42567.6900,  3, 282.51, 21.310000000004948
310486, 42569.9800,  3, 287.74, 23.630000000004657
310503, 42571.7550,  3, 253.55, 25.395000000004075
310617, 42594.5250,  3, 276.53, 11.685000000004948
310620, 42594.8350,  3, 288.36, 12.014999999999418
310621, 42594.9400,  3, 275.90, 12.090000000003783
310631, 42595.9800,  3, 304.65, 13.180000000000291
310636, 42596.5050,  3, 292.14, 13.650000000001455
310638, 42596.7100,  3, 292.90, 13.935000000004948
310642, 42597.1300,  3, 292.02, 14.345000000001164
310644, 42597.3350,  3, 311.99, 14.480000000003201
310709, 42615.0100,  1, -162.06, 6.665000000000873
310709, 42615.0100,  1, -126.83, 6.665000000000873
310747, 42618.9700,  3, 329.60, 10.540000000000873
310755, 42619.8000,  3, 314.37, 11.364999999997963
310762, 42620.5300,  3, 277.04, 12.139999999999418
310764, 42620.7400,  3, 307.00, 12.339999999996508
310772, 42621.5750,  3, 289.20, 13.165000000000873
310793, 42623.7600,  3, 299.66, 15.309999999997672
310894, 42645.9800,  3, 336.11, 10.39999999999418
310901, 42646.7100,  3, 317.67, 11.114999999997963
310904, 42647.0250,  3, 314.29, 11.424999999995634
310912, 42647.8550,  3, 298.97, 12.20499999999447
310912, 42647.8550,  3, 293.02, 12.224999999998545
310913, 42647.9600,  3, 323.06, 12.290000000000873
310914, 42648.0650,  3, 307.67, 12.464999999996508
310920, 42648.6900,  3, 289.28, 13.02499999999418
311030, 42670.9500,  3, 306.98, 11.315000000002328
311036, 42671.5750,  3, 306.16, 11.94999999999709
311038, 42671.7800,  3, 307.89, 12.139999999999418
311043, 42672.3000,  3, 267.87, 12.690000000002328
311057, 42673.7600,  3, 312.90, 14.104999999995925
311074, 42675.5300,  3, 254.60, 15.919999999998254
311089, 42677.0950,  3, 298.36, 17.419999999998254
311114, 42679.7000,  3, 308.97, 20.099999999998545
311216, 42701.2050,  3, 325.89, 10.44999999999709
311220, 42701.6200,  3, 299.64, 10.839999999996508
311224, 42702.0350,  3, 310.77, 11.260000000002037
311231, 42702.7650,  3, 283.23, 12.059999999997672
311232, 42702.8700,  3, 341.12, 12.135000000002037
311235, 42703.1850,  3, 289.94, 12.434999999997672
311237, 42703.3900,  3, 260.07, 12.614999999997963
311247, 42704.4350,  3, 287.60, 13.739999999997963
311313, 42722.1350,  1, -120.28, 6.7700000000040745
311313, 42722.1350,  1, -180.36, 6.7700000000040745
311353, 42726.3000,  3, 296.05, 10.895000000004075
311357, 42726.7200,  3, 304.34, 11.29500000000553
311369, 42727.9700,  3, 284.54, 12.580000000001746
311373, 42728.3850,  3, 289.69, 12.950000000004366
311374, 42728.4900,  3, 311.92, 13.115000000005239
311413, 42732.5500,  3, 299.63, 17.154999999998836
311518, 42754.5150,  3, 303.53, 10.735000000000582
311519, 42754.6200,  3, 305.40, 10.87000000000262
311522, 42754.9350,  3, 300.14, 11.24500000000262
311524, 42755.1400,  3, 315.37, 11.364999999997963
311526, 42755.3500,  3, 294.17, 11.650000000001455
311536, 42756.3900,  3, 311.49, 12.610000000000582
311539, 42756.7050,  3, 288.86, 12.930000000000291
311637, 42766.9100,  3, 260.76, 23.18499999999767
311738, 42788.3500,  3, 319.24, 10.360000000000582
311756, 42790.2250,  3, 295.45, 12.190000000002328
311760, 42790.6400,  3, 323.47, 12.625
311761, 42790.7450,  3, 311.71, 12.72500000000582
311771, 42791.7850,  3, 285.12, 13.75
311772, 42791.8900,  3, 309.19, 13.855000000003201
311775, 42792.2050,  3, 291.51, 14.215000000003783
311799, 42794.7050,  3, 257.99, 16.74000000000524
311905, 42816.5350,  3, 306.10, 10.919999999998254
311905, 42816.5350,  3, 322.78, 10.904999999998836
311916, 42817.6850,  3, 292.87, 12.014999999999418
311923, 42818.4100,  3, 316.10, 12.764999999999418
311927, 42818.8300,  3, 288.31, 13.224999999998545
311928, 42818.9350,  3, 275.68, 13.330000000001746
311955, 42821.7450,  3, 306.11, 16.095000000001164
311999, 42826.3300,  3, 258.51, 20.650000000001455
312106, 42848.4400,  3, 325.65, 10.939999999995052
312109, 42848.7550,  3, 316.54, 11.319999999999709
312112, 42849.0650,  3, 299.74, 11.654999999998836
312114, 42849.2750,  3, 307.94, 11.809999999997672
312117, 42849.5850,  3, 306.13, 12.104999999995925
312126, 42850.5250,  3, 277.13, 13.114999999997963
312134, 42851.3550,  3, 332.53, 13.860000000000582
312138, 42851.7750,  3, 281.87, 14.319999999999709
312236, 42872.8350,  3, 315.25, 10.084999999999127
312244, 42873.6700,  3, 310.57, 10.930000000000291
312256, 42874.9200,  3, 288.28, 12.099999999998545
312259, 42875.2300,  3, 277.30, 12.464999999996508
312261, 42875.4400,  3, 315.34, 12.67500000000291
312267, 42876.0650,  3, 290.57, 13.284999999996217
312270, 42876.3800,  3, 311.64, 13.604999999995925
312273, 42876.6900,  3, 312.41, 13.889999999999418
312381, 42898.7450,  3, 280.32, 11.060000000004948
312385, 42899.1600,  3, 286.27, 11.485000000000582
312386, 42899.2650,  3, 322.52, 11.595000000001164
312390, 42899.6850,  3, 304.13, 12.025000000001455
312394, 42900.1000,  3, 287.32, 12.410000000003492
312397, 42900.4100,  3, 303.69, 12.794999999998254
312402, 42900.9350,  3, 301.04, 13.30000000000291
312447, 42905.6200,  3, 229.39, 17.99500000000262
312551, 42927.4750,  3, 312.09, 10.644999999996799
312557, 42928.1000,  3, 299.22, 11.294999999998254
312561, 42928.5150,  3, 305.21, 11.684999999997672
312563, 42928.7250,  3, 313.67, 11.89999999999418
312570, 42929.4550,  3, 270.61, 12.669999999998254
312570, 42929.4550,  3, 299.19, 12.610000000000582
312576, 42930.0800,  3, 303.00, 13.314999999995052
312579, 42930.3900,  3, 292.83, 13.594999999993888
312648, 42948.4200,  1, -184.23, 7.084999999999127
312648, 42948.4200,  1, -125.28, 7.084999999999127
312689, 42952.6900,  3, 298.34, 11.25
312692, 42953.0050,  3, 342.31, 11.654999999998836
312695, 42953.3150,  3, 254.87, 11.919999999998254
312709, 42954.7750,  3, 275.15, 13.340000000003783
312710, 42954.8800,  3, 263.53, 13.540000000000873
312724, 42956.3350,  3, 287.30, 14.965000000003783
312846, 42979.9350,  3, 285.10, 12.534999999996217
312852, 42980.5600,  3, 309.01, 13.174999999995634
312857, 42981.0800,  3, 284.52, 13.659999999996217
312860, 42981.3900,  3, 275.94, 14.029999999998836
312861, 42981.4950,  3, 274.31, 14.139999999999418
312868, 42982.2250,  3, 268.99, 14.875
312892, 42984.7250,  3, 293.25, 17.294999999998254
312924, 42988.0600,  3, 273.82, 20.689999999995052
313028, 43010.9000,  3, 321.90, 10.645000000004075
313030, 43011.1050,  3, 328.87, 10.900000000001455
313031, 43011.2100,  3, 276.51, 11.014999999999418
313031, 43011.2100,  3, 302.10, 11.010000000002037
313038, 43011.9400,  3, 276.20, 11.74500000000262
313042, 43012.3550,  3, 304.00, 12.105000000003201
313054, 43013.6050,  3, 250.62, 13.400000000001455
313138, 43022.3550,  3, 256.97, 22.1050000000032
313245, 43045.1700,  3, 305.91, 10.935000000004948
313255, 43046.2100,  3, 311.60, 12.030000000006112
313255, 43046.2100,  3, 299.58, 12.065000000002328
313260, 43046.7300,  3, 313.82, 12.55000000000291
313266, 43047.3550,  3, 272.99, 13.160000000003492
313272, 43047.9800,  3, 288.48, 13.834999999999127
313272, 43047.9800,  3, 291.12, 13.845000000001164
313276, 43048.4000,  3, 306.77, 14.255000000004657
313383, 43070.4700,  3, 307.38, 10.974999999998545
313388, 43070.9900,  3, 279.23, 11.494999999995343
313389, 43071.0950,  3, 295.34, 11.57499999999709
313404, 43072.6550,  3, 261.32, 13.20499999999447
313409, 43073.1750,  3, 311.97, 13.694999999999709
313436, 43075.9900,  3, 237.28, 16.489999999997963
313442, 43076.6150,  3, 293.68, 17.169999999998254
313470, 43079.5300,  3, 264.84, 20.00999999999476
313573, 43101.2050,  3, 331.99, 10.595000000001164
313579, 43101.8300,  3, 280.20, 11.189999999995052
313580, 43101.9350,  3, 297.82, 11.264999999999418
313580, 43101.9350,  3, 287.69, 11.319999999999709
313580, 43101.9350,  3, 309.40, 11.269999999996799
313585, 43102.4550,  3, 276.49, 11.864999999997963
313587, 43102.6600,  3, 307.67, 11.985000000000582
313635, 43107.6600,  3, 286.62, 17.049999999995634
313736, 43130.2050,  3, 316.02, 10.389999999999418
313741, 43130.7250,  3, 331.14, 10.884999999994761
313744, 43131.0350,  3, 334.22, 11.214999999996508
313745, 43131.1400,  3, 308.84, 11.304999999993015
313760, 43132.7050,  3, 317.42, 12.859999999993306
313761, 43132.8100,  3, 312.26, 12.94999999999709
313762, 43132.9100,  3, 285.34, 13.044999999998254
313789, 43135.7250,  3, 268.10, 15.849999999998545
313889, 43157.1150,  3, 311.83, 10.209999999999127
313892, 43157.4250,  3, 312.70, 10.549999999995634
313897, 43157.9500,  3, 318.90, 11.084999999999127
313899, 43158.1550,  3, 325.26, 11.344999999993888
313904, 43158.6750,  3, 295.36, 11.819999999999709
313918, 43160.1350,  3, 292.64, 13.294999999998254
313927, 43161.0750,  3, 283.85, 14.184999999997672
313929, 43161.2800,  3, 288.15, 14.409999999996217
314040, 43183.5150,  3, 292.87, 11.355000000003201
314040, 43183.5150,  3, 305.70, 11.400000000001455
314041, 43183.6200,  3, 317.81, 11.47500000000582
314043, 43183.8300,  3, 293.29, 11.665000000000873
314056, 43185.1850,  3, 295.73, 13.035000000003492
314072, 43186.8500,  3, 280.18, 14.690000000002328
314090, 43188.7250,  3, 279.86, 16.590000000003783
314136, 43193.5150,  3, 227.28, 21.3550000000032
314239, 43215.1050,  3, 337.09, 10.614999999997963
314243, 43215.5250,  3, 293.21, 11.009999999994761
314243, 43215.5250,  3, 317.23, 10.989999999997963
314246, 43215.8350,  3, 305.16, 11.25
314248, 43216.0450,  3, 313.04, 11.539999999993597
314255, 43216.7750,  3, 296.63, 12.209999999999127
314255, 43216.7750,  3, 299.34, 12.189999999995052
314269, 43218.2300,  3, 310.87, 13.714999999996508
314372, 43239.8300,  3, 296.63, 10.534999999996217
314372, 43239.8300,  3, 335.60, 10.534999999996217
314376, 43240.2450,  3, 318.35, 10.94999999999709
314379, 43240.5600,  3, 313.59, 11.264999999999418
314381, 43240.7650,  3, 320.01, 11.555000000000291
314384, 43241.0800,  3, 270.90, 11.854999999995925
314385, 43241.1850,  3, 302.14, 11.955000000001746
314440, 43246.9100,  3, 265.40, 17.669999999998254
314548, 43268.9750,  3, 330.88, 11.044999999998254
314554, 43269.6000,  3, 320.81, 11.674999999995634
314556, 43269.8100,  3, 276.38, 11.930000000000291
314560, 43270.2250,  3, 307.03, 12.37999999999738
314563, 43270.5350,  3, 293.00, 12.619999999995343
314569, 43271.1600,  3, 280.58, 13.235000000000582
314573, 43271.5800,  3, 286.78, 13.724999999998545
314609, 43275.3300,  3, 272.92, 17.43499999999767
314710, 43296.7750,  3, 294.29, 10.330000000001746
314710, 43296.7750,  3, 295.28, 10.400000000001455
314715, 43297.2950,  3, 312.64, 10.889999999999418
314722, 43298.0250,  3, 259.84, 11.635000000002037
314724, 43298.2300,  3, 300.89, 11.82499999999709
314728, 43298.6500,  3, 302.12, 12.235000000000582
314735, 43299.3800,  3, 326.28, 12.944999999999709
314755, 43301.4600,  3, 299.01, 15.00499999999738
314832, 43320.7100,  1, -184.12, 7.915000000000873
314855, 43323.1050,  3, 329.90, 10.285000000003492
314858, 43323.4200,  3, 289.32, 10.525000000001455
314865, 43324.1500,  3, 319.56, 11.330000000001746
314865, 43324.1500,  3, 303.76, 11.260000000002037
314867, 43324.3550,  3, 292.84, 11.459999999999127
314869, 43324.5650,  3, 302.34, 11.75
314880, 43325.7100,  3, 316.47, 12.845000000001164
314936, 43342.3150,  1, -136.70, 5.725000000005821
314936, 43342.3150,  1, -155.66, 5.725000000005821
314984, 43347.3150,  3, 315.44, 10.67000000000553
314985, 43347.4200,  3, 308.63, 10.805000000000291
314990, 43347.9400,  3, 301.08, 11.285000000003492
314994, 43348.3550,  3, 265.74, 11.720000000001164
314994, 43348.3550,  3, 328.49, 11.72500000000582
314997, 43348.6700,  3, 270.42, 12.040000000000873
315105, 43370.8700,  3, 305.97, 11.114999999997963
315112, 43371.6000,  3, 306.15, 11.855000000003201
315127, 43373.1600,  3, 269.96, 13.340000000003783
315127, 43373.1600,  3, 293.32, 13.430000000000291
315137, 43374.2050,  3, 309.92, 14.465000000003783
315138, 43374.3100,  3, 274.27, 14.569999999999709
315145, 43375.0350,  3, 305.04, 15.25
315153, 43375.8700,  3, 305.02, 16.114999999997963
315253, 43397.3100,  3, 316.44, 10.244999999995343
315258, 43397.8300,  3, 290.89, 10.805000000000291
315264, 43398.4550,  3, 303.94, 11.444999999999709
315267, 43398.7650,  3, 305.38, 11.70499999999447
315282, 43400.3300,  3, 270.75, 13.284999999996217
315287, 43400.8500,  3, 311.32, 13.77499999999418
315287, 43400.8500,  3, 326.28, 13.794999999998254
315290, 43401.1600,  3, 286.96, 14.114999999997963
315391, 43422.3650,  3, 309.68, 10.37000000000262
315392, 43422.4700,  3, 317.80, 10.42000000000553
315398, 43423.0950,  3, 331.87, 11.05000000000291
315410, 43424.3450,  3, 289.49, 12.315000000002328
315414, 43424.7600,  3, 323.27, 12.75
315417, 43425.0750,  3, 283.25, 13.12000000000262
315422, 43425.5950,  3, 271.60, 13.62000000000262
315451, 43428.6150,  3, 278.71, 16.56999999999971
315559, 43450.7750,  3, 335.87, 11.139999999999418
315559, 43450.7750,  3, 312.01, 11.080000000001746
315561, 43450.9800,  3, 308.18, 11.330000000001746
315566, 43451.5050,  3, 313.43, 11.87000000000262
315573, 43452.2300,  3, 291.96, 12.584999999999127
315577, 43452.6500,  3, 289.15, 12.934999999997672
315579, 43452.8550,  3, 305.35, 13.214999999996508
315684, 43463.7950,  3, 246.80, 24.125
315792, 43485.9800,  3, 296.54, 11.130000000004657
315793, 43486.0850,  3, 292.48, 11.22500000000582
315798, 43486.6050,  3, 327.53, 11.685000000004948
315798, 43486.6050,  3, 319.51, 11.705000000001746
315799, 43486.7100,  3, 302.58, 11.775000000001455
315801, 43486.9200,  3, 285.26, 12.055000000000291
315805, 43487.3350,  3, 295.14, 12.47500000000582
315827, 43489.6300,  3, 280.15, 14.755000000004657
315930, 43511.1600,  3, 305.53, 10.589999999996508
315942, 43512.4100,  3, 303.20, 11.869999999995343
315944, 43512.6200,  3, 261.09, 12.02499999999418
315956, 43513.8700,  3, 293.31, 13.234999999993306
315957, 43513.9750,  3, 276.62, 13.375
315970, 43515.3300,  3, 301.59, 14.724999999998545
316006, 43519.0800,  3, 265.76, 18.45499999999447
316024, 43520.9550,  3, 279.65, 20.349999999998545
316127, 43542.6200,  3, 316.92, 10.529999999998836
316127, 43542.6200,  3, 319.83, 10.599999999998545
316138, 43543.7650,  3, 320.03, 11.70499999999447
316141, 43544.0800,  3, 287.18, 12.055000000000291
316141, 43544.0800,  3, 300.32, 12.02499999999418
316148, 43544.8100,  3, 312.26, 12.75499999999738
316151, 43545.1200,  3, 274.43, 13.055000000000291
316156, 43545.6400,  3, 313.37, 13.544999999998254
316218, 43562.8900,  1, -138.03, 6.349999999998545
316218, 43562.8900,  1, -153.23, 6.349999999998545
316267, 43567.9950,  3, 299.01, 11.424999999995634
316275, 43568.8300,  3, 298.39, 12.220000000001164
316275, 43568.8300,  3, 290.69, 12.220000000001164
316282, 43569.5600,  3, 313.71, 12.940000000002328
316331, 43574.6600,  3, 288.83, 18.044999999998254
316371, 43578.8300,  3, 242.85, 22.2699999999968
316475, 43601.4950,  3, 302.92, 10.635000000002037
316483, 43602.3300,  3, 302.79, 11.515000000006694
316492, 43603.2650,  3, 275.96, 12.480000000003201
316493, 43603.3700,  3, 319.96, 12.540000000000873
316498, 43603.8900,  3, 317.52, 13.060000000004948
316504, 43604.5150,  3, 255.14, 13.700000000004366
316507, 43604.8300,  3, 292.49, 14.0
316532, 43607.4350,  3, 263.85, 16.630000000004657
316631, 43628.6400,  3, 299.94, 10.180000000000291
316644, 43629.9950,  3, 291.06, 11.505000000004657
316645, 43630.1000,  3, 325.51, 11.625
316650, 43630.6200,  3, 321.19, 12.154999999998836
316657, 43631.3500,  3, 257.86, 12.85000000000582
316661, 43631.7650,  3, 310.79, 13.260000000002037
316672, 43632.9100,  3, 293.01, 14.380000000004657
316674, 43633.1200,  3, 306.75, 14.625
316782, 43655.3450,  3, 306.70, 11.135000000002037
316785, 43655.6550,  3, 276.17, 11.444999999999709
316792, 43656.3850,  3, 310.42, 12.105000000003201
316800, 43657.2200,  3, 318.51, 12.94999999999709
316816, 43658.8850,  3, 294.49, 14.654999999998836
316831, 43660.4500,  3, 285.52, 16.19999999999709
316839, 43661.2800,  3, 279.90, 16.99500000000262
316871, 43664.6150,  3, 261.49, 20.404999999998836
316970, 43685.7400,  3, 328.27, 10.130000000004657
316972, 43685.9500,  3, 313.08, 10.364999999997963
316989, 43687.7200,  3, 284.54, 12.145000000004075
316998, 43688.6550,  3, 306.57, 13.110000000000582
316998, 43688.6550,  3, 287.50, 13.020000000004075
316998, 43688.6550,  3, 279.85, 13.040000000000873
317015, 43690.4250,  3, 311.29, 14.875
317036, 43692.6150,  3, 266.45, 17.014999999999418
317140, 43714.2550,  3, 326.82, 10.644999999996799
317144, 43714.6700,  3, 288.55, 11.114999999997963
317153, 43715.6050,  3, 303.51, 12.069999999999709
317159, 43716.2300,  3, 296.29, 12.619999999995343
317161, 43716.4400,  3, 315.67, 12.889999999999418
317163, 43716.6500,  3, 282.84, 13.029999999998836
317169, 43717.2750,  3, 307.43, 13.744999999995343
317205, 43721.0250,  3, 275.07, 17.404999999998836
317311, 43743.0950,  3, 298.23, 10.934999999997672
317312, 43743.2000,  3, 283.14, 11.040000000000873
317317, 43743.7200,  3, 313.00, 11.5
317318, 43743.8250,  3, 291.39, 11.610000000000582
317324, 43744.4500,  3, 323.99, 12.270000000004075
317331, 43745.1750,  3, 289.10, 12.944999999999709
317335, 43745.5950,  3, 284.12, 13.410000000003492
317344, 43746.5300,  3, 304.48, 14.360000000000582
317447, 43768.2250,  3, 308.16, 10.560000000004948
317457, 43769.2650,  3, 303.10, 11.614999999997963
317468, 43770.4100,  3, 282.15, 12.770000000004075
317476, 43771.2450,  3, 291.00, 13.584999999999127
317493, 43773.0150,  3, 239.98, 15.340000000003783
317500, 43773.7450,  3, 286.70, 16.099999999998545
317502, 43773.9550,  3, 282.87, 16.340000000003783
317542, 43778.1200,  3, 305.61, 20.42500000000291
317650, 43800.3100,  3, 295.67, 11.12999999999738
317658, 43801.1400,  3, 278.89, 11.87999999999738
317658, 43801.1400,  3, 320.16, 11.889999999999418
317659, 43801.2450,  3, 305.57, 12.07499999999709
317661, 43801.4550,  3, 308.25, 12.224999999998545
317662, 43801.5600,  3, 307.02, 12.354999999995925
317699, 43805.4100,  3, 293.63, 16.154999999998836
317713, 43806.8700,  3, 287.33, 17.62999999999738
317815, 43828.2450,  3, 314.15, 10.419999999998254
317820, 43828.7650,  3, 306.66, 10.944999999999709
317822, 43828.9750,  3, 308.38, 11.224999999998545
317827, 43829.4950,  3, 302.50, 11.730000000003201
317828, 43829.6000,  3, 286.23, 11.785000000003492
317829, 43829.7050,  3, 301.73, 11.910000000003492
317842, 43831.0600,  3, 314.91, 13.315000000002328
317916, 43838.7650,  3, 280.32, 20.99500000000262
318026, 43860.9250,  3, 302.03, 11.275000000001455
318029, 43861.2400,  3, 303.19, 11.605000000003201
318033, 43861.6550,  3, 313.70, 12.020000000004075
318044, 43862.8000,  3, 307.16, 13.17000000000553
318060, 43864.4700,  3, 268.56, 14.885000000002037
318062, 43864.6750,  3, 300.98, 15.010000000002037
318066, 43865.0950,  3, 281.61, 15.460000000006403
318068, 43865.3000,  3, 307.60, 15.700000000004366
318172, 43887.7650,  3, 309.02, 10.679999999993015
318173, 43887.8700,  3, 311.90, 10.799999999995634
318174, 43887.9750,  3, 311.39, 10.919999999998254
318179, 43888.4950,  3, 289.77, 11.39999999999418
318180, 43888.6000,  3, 305.73, 11.5
318187, 43889.3300,  3, 285.79, 12.244999999995343
318195, 43890.1600,  3, 278.35, 13.07499999999709
318229, 43893.7050,  3, 293.12, 16.62999999999738
318334, 43915.4500,  3, 294.51, 10.770000000004075
318341, 43916.1750,  3, 321.23, 11.49500000000262
318343, 43916.3850,  3, 290.38, 11.67000000000553
318344, 43916.4900,  3, 313.77, 11.775000000001455
318350, 43917.1150,  3, 325.48, 12.465000000003783
318356, 43917.7400,  3, 293.02, 13.080000000001746
318358, 43917.9500,  3, 305.62, 13.25
318372, 43919.4050,  3, 292.89, 14.735000000000582
318435, 43936.9200,  1, -151.24, 6.455000000001746
318435, 43936.9200,  1, -149.28, 6.455000000001746
318486, 43942.2300,  3, 302.97, 11.67500000000291
318495, 43943.1700,  3, 267.46, 12.665000000000873
318501, 43943.7950,  3, 311.96, 13.310000000004948
318509, 43944.6300,  3, 283.36, 14.080000000001746
318511, 43944.8350,  3, 328.79, 14.35000000000582
318565, 43950.4600,  3, 281.07, 19.950000000004366
318670, 43972.4050,  3, 311.72, 10.819999999999709
318678, 43973.2400,  3, 313.44, 11.645000000004075
318684, 43973.8650,  3, 328.21, 12.194999999999709
318689, 43974.3850,  3, 293.67, 12.790000000000873
318690, 43974.4900,  3, 298.12, 12.885000000002037
318697, 43975.2200,  3, 308.50, 13.639999999999418
318723, 43977.9250,  3, 295.76, 16.29500000000553
318856, 43991.7800,  3, 216.70, 30.1050000000032
318957, 44013.9350,  3, 308.41, 10.375
318963, 44014.5600,  3, 282.97, 11.010000000002037
318969, 44015.1850,  3, 295.54, 11.60000000000582
318984, 44016.7450,  3, 312.18, 13.194999999999709
319002, 44018.6200,  3, 281.09, 15.060000000004948
319019, 44020.3900,  3, 288.28, 16.785000000003492
319030, 44021.5350,  3, 287.77, 17.955000000001746
319033, 44021.8500,  3, 311.22, 18.270000000004075
319138, 44043.6550,  3, 333.94, 10.830000000001746
319141, 44043.9700,  3, 328.58, 11.139999999999418
319147, 44044.5950,  3, 315.12, 11.720000000001164
319151, 44045.0100,  3, 302.65, 12.099999999998545
319153, 44045.2200,  3, 305.71, 12.334999999999127
319165, 44046.4700,  3, 294.62, 13.614999999997963
319168, 44046.7800,  3, 320.90, 13.934999999997672
319204, 44050.5300,  3, 282.87, 17.68000000000029
319314, 44072.8850,  3, 308.08, 11.349999999998545
319314, 44072.8850,  3, 312.55, 11.349999999998545
319318, 44073.3000,  3, 299.06, 11.669999999998254
319318, 44073.3000,  3, 283.78, 11.739999999997963
319325, 44074.0300,  3, 308.44, 12.400000000001455
319326, 44074.1350,  3, 305.68, 12.505000000004657
319336, 44075.1750,  3, 315.64, 13.625
319341, 44075.7000,  3, 277.71, 14.160000000003492
319456, 44098.3900,  3, 329.31, 11.780000000006112
319460, 44098.8100,  3, 292.83, 12.190000000002328
319464, 44099.2250,  3, 307.71, 12.680000000000291
319470, 44099.8500,  3, 265.73, 13.230000000003201
319490, 44101.9350,  3, 300.10, 15.37000000000262
319494, 44102.3500,  3, 285.98, 15.730000000003201
319500, 44102.9750,  3, 257.49, 16.435000000004948
319508, 44103.8100,  3, 301.47, 17.24500000000262
319611, 44125.4100,  3, 338.79, 10.57499999999709
319614, 44125.7250,  3, 324.10, 10.875
319620, 44126.3500,  3, 306.12, 11.510000000002037
319626, 44126.9750,  3, 317.30, 12.139999999999418
319630, 44127.3900,  3, 297.04, 12.529999999998836
319632, 44127.6000,  3, 324.81, 12.784999999996217
319633, 44127.7050,  3, 294.81, 12.834999999999127
319646, 44129.0600,  3, 273.83, 14.264999999999418
319755, 44151.4550,  3, 281.34, 11.174999999995634
319758, 44151.7650,  3, 310.11, 11.464999999996508
319772, 44153.2250,  3, 296.05, 12.919999999998254
319774, 44153.4350,  3, 258.76, 13.150000000001455
319776, 44153.6400,  3, 233.94, 13.419999999998254
319783, 44154.3700,  3, 317.55, 14.154999999998836
319783, 44154.3700,  3, 299.14, 14.154999999998836
319794, 44155.5150,  3, 305.89, 15.205000000001746
319895, 44176.7950,  3, 322.51, 10.37000000000262
319902, 44177.5250,  3, 297.40, 11.080000000001746
319906, 44177.9400,  3, 317.29, 11.510000000002037
319908, 44178.1500,  3, 301.61, 11.67000000000553
319910, 44178.3550,  3, 298.23, 11.955000000001746
319910, 44178.3550,  3, 294.89, 11.905000000006112
319911, 44178.4600,  3, 285.64, 12.065000000002328
319913, 44178.6700,  3, 265.39, 12.215000000003783
319970, 44195.6000,  1, -171.18, 5.834999999999127
319970, 44195.6000,  1, -166.93, 5.834999999999127
320018, 44200.6000,  3, 320.00, 10.80000000000291
320020, 44200.8100,  3, 323.34, 11.020000000004075
320020, 44200.8100,  3, 303.31, 10.989999999997963
320022, 44201.0150,  3, 283.77, 11.209999999999127
320046, 44203.5150,  3, 288.74, 13.69999999999709
320074, 44206.4350,  3, 283.76, 16.665000000000873
320179, 44228.3250,  3, 287.09, 10.75
320182, 44228.6350,  3, 313.74, 11.05000000000291
320185, 44228.9500,  3, 311.04, 11.400000000001455
320215, 44232.0750,  3, 291.68, 14.520000000004075
320216, 44232.1750,  3, 271.69, 14.630000000004657
320219, 44232.4900,  3, 286.17, 14.92500000000291
320230, 44233.6350,  3, 292.90, 16.095000000001164
320245, 44235.2000,  3, 289.06, 17.6050000000032
320305, 44252.2650,  1, -156.78, 6.144999999996799
320305, 44252.2650,  1, -160.09, 6.144999999996799
320352, 44257.1600,  3, 310.28, 10.944999999999709
320355, 44257.4750,  3, 295.12, 11.284999999996217
320370, 44259.0350,  3, 336.83, 12.82999999999447
320382, 44260.2850,  3, 282.69, 14.084999999999127
320391, 44261.2250,  3, 306.86, 15.064999999995052
320401, 44262.2650,  3, 283.42, 16.099999999998545
320502, 44283.5850,  3, 309.63, 10.400000000001455
320507, 44284.1050,  3, 318.69, 10.910000000003492
320509, 44284.3150,  3, 321.30, 11.065000000002328
320511, 44284.5250,  3, 344.42, 11.334999999999127
320512, 44284.6300,  3, 264.46, 11.42500000000291
320521, 44285.5650,  3, 310.99, 12.334999999999127
320545, 44288.0650,  3, 280.34, 14.819999999999709
320562, 44289.8350,  3, 284.34, 16.650000000001455
320667, 44311.6000,  3, 332.70, 10.730000000003201
320670, 44311.9100,  3, 322.66, 11.040000000000873
320678, 44312.7450,  3, 324.73, 11.944999999999709
320682, 44313.1600,  3, 313.14, 12.325000000004366
320684, 44313.3700,  3, 310.27, 12.555000000000291
320684, 44313.3700,  3, 310.95, 12.575000000004366
320691, 44314.1000,  3, 274.11, 13.319999999999709
320692, 44314.2050,  3, 297.10, 13.335000000006403
320800, 44336.5250,  3, 300.55, 11.105000000003201
320800, 44336.5250,  3, 313.51, 11.04500000000553
320801, 44336.6300,  3, 320.66, 11.190000000002328
320803, 44336.8350,  3, 310.73, 11.444999999999709
320809, 44337.4600,  3, 271.93, 12.010000000002037
320811, 44337.6700,  3, 341.89, 12.264999999999418
320813, 44337.8800,  3, 319.52, 12.490000000005239
320819, 44338.5050,  3, 317.55, 13.090000000003783
320920, 44360.6750,  3, 332.78, 10.389999999999418
320932, 44361.9250,  3, 330.07, 11.589999999996508
320934, 44362.1350,  3, 284.15, 11.860000000000582
320939, 44362.6550,  3, 317.08, 12.319999999999709
320942, 44362.9700,  3, 302.64, 12.69999999999709
320945, 44363.2800,  3, 287.26, 12.959999999999127
320945, 44363.2800,  3, 318.24, 13.0
321001, 44369.1150,  3, 298.24, 18.849999999998545
321102, 44390.4250,  3, 318.94, 10.339999999996508
321105, 44390.7400,  3, 329.36, 10.680000000000291
321106, 44390.8450,  3, 338.50, 10.82999999999447
321110, 44391.2600,  3, 332.79, 11.214999999996508
321118, 44392.0950,  3, 297.65, 12.009999999994761
321125, 44392.8250,  3, 298.12, 12.775000000001455
321138, 44394.1750,  3, 269.55, 14.089999999996508
321138, 44394.1750,  3, 313.51, 14.099999999998545
321247, 44416.4100,  3, 303.53, 11.180000000000291
321247, 44416.4100,  3, 313.92, 11.239999999997963
321250, 44416.7250,  3, 339.01, 11.479999999995925
321260, 44417.7650,  3, 311.35, 12.544999999998254
321265, 44418.2850,  3, 300.73, 13.104999999995925
321268, 44418.6000,  3, 315.88, 13.419999999998254
321281, 44419.9550,  3, 318.51, 14.764999999999418
321283, 44420.1600,  3, 294.39, 14.904999999998836
321388, 44442.7850,  3, 312.20, 10.735000000000582
321388, 44442.7850,  3, 314.97, 10.744999999995343
321392, 44443.2050,  3, 291.97, 11.229999999995925
321395, 44443.5150,  3, 294.19, 11.514999999999418
321413, 44445.3900,  3, 287.61, 13.389999999999418
321431, 44447.2650,  3, 320.35, 15.284999999996217
321433, 44447.4750,  3, 315.71, 15.464999999996508
321433, 44447.4750,  3, 277.03, 15.514999999999418
321488, 44464.2000,  1, -130.77, 5.629999999997381
321488, 44464.2000,  1, -152.10, 5.629999999997381
321505, 44465.9700,  1, -178.68, 7.400000000001455
321505, 44465.9700,  1, -174.39, 7.400000000001455
321548, 44470.4500,  3, 284.16, 11.840000000003783
321555, 44471.1750,  3, 302.65, 12.544999999998254
321585, 44474.3000,  3, 306.14, 15.62999999999738
321599, 44475.7600,  3, 320.06, 17.1449999999968
321707, 44498.1400,  3, 318.30, 11.049999999995634
321709, 44498.3500,  3, 294.80, 11.25
321714, 44498.8700,  3, 302.86, 11.819999999999709
321717, 44499.1850,  3, 296.24, 12.125
321719, 44499.3900,  3, 285.51, 12.305000000000291
321721, 44499.6000,  3, 287.29, 12.564999999995052
321746, 44502.2050,  3, 321.97, 15.12999999999738
321752, 44502.8300,  3, 287.48, 15.75499999999738
321862, 44525.2000,  3, 332.29, 11.315000000002328
321864, 44525.4050,  3, 318.95, 11.494999999995343
321865, 44525.5100,  3, 323.78, 11.614999999997963
321867, 44525.7200,  3, 305.06, 11.82499999999709
321871, 44526.1350,  3, 311.78, 12.284999999996217
321872, 44526.2400,  3, 319.55, 12.315000000002328
321881, 44527.1750,  3, 301.86, 13.284999999996217
321930, 44532.2800,  3, 284.85, 18.375
322034, 44553.7200,  3, 338.06, 10.67500000000291
322035, 44553.8250,  3, 315.42, 10.755000000004657
322043, 44554.6550,  3, 309.35, 11.615000000005239
322047, 44555.0750,  3, 270.90, 11.980000000003201
322054, 44555.8000,  3, 313.21, 12.730000000003201
322076, 44558.0950,  3, 287.59, 15.005000000004657
322095, 44560.0750,  3, 279.91, 17.05500000000029
322115, 44562.1550,  3, 292.05, 19.090000000003783
322216, 44583.4550,  3, 312.58, 10.389999999999418
322228, 44584.7050,  3, 297.13, 11.644999999996799
322228, 44584.7050,  3, 316.71, 11.62999999999738
322229, 44584.8100,  3, 325.66, 11.75499999999738
322231, 44585.0150,  3, 332.69, 11.894999999996799
322247, 44586.6850,  3, 302.34, 13.559999999997672
322251, 44587.1000,  3, 302.43, 14.039999999993597
322253, 44587.3100,  3, 290.30, 14.20499999999447
322355, 44608.7300,  3, 301.12, 10.430000000000291
322364, 44609.6700,  3, 299.66, 11.404999999998836
322366, 44609.8800,  3, 308.58, 11.660000000003492
322374, 44610.7100,  3, 302.62, 12.430000000000291
322381, 44611.4400,  3, 263.02, 13.220000000001164
322385, 44611.8550,  3, 280.85, 13.559999999997672
322408, 44614.2550,  3, 242.50, 16.040000000000873
322419, 44615.4000,  3, 277.94, 17.135000000002037
322494, 44634.2200,  1, -147.87, 7.709999999999127
322494, 44634.2200,  1, -171.20, 7.709999999999127
322526, 44637.5500,  3, 308.10, 10.94999999999709
322534, 44638.3850,  3, 295.76, 11.839999999996508
322543, 44639.3250,  3, 310.19, 12.784999999996217
322547, 44639.7400,  3, 261.95, 13.214999999996508
322548, 44639.8450,  3, 264.69, 13.32499999999709
322557, 44640.7800,  3, 291.36, 14.169999999998254
322657, 44661.9500,  3, 333.68, 10.269999999996799
322659, 44662.1550,  3, 306.80, 10.459999999999127
322662, 44662.4700,  3, 311.26, 10.799999999995634
322665, 44662.7800,  3, 320.70, 11.110000000000582
322667, 44662.9900,  3, 279.52, 11.349999999998545
322678, 44664.1350,  3, 298.66, 12.404999999998836
322688, 44665.1750,  3, 294.35, 13.5
322726, 44669.1350,  3, 281.58, 17.44999999999709
322836, 44691.5600,  3, 282.16, 11.25499999999738
322838, 44691.7650,  3, 300.31, 11.485000000000582
322845, 44692.4950,  3, 323.49, 12.235000000000582
322852, 44693.2250,  3, 336.76, 12.915000000000873
322858, 44693.8500,  3, 284.29, 13.639999999999418
322873, 44695.4100,  3, 288.11, 15.144999999996799
322874, 44695.5150,  3, 271.57, 15.25499999999738
322886, 44696.7650,  3, 293.79, 16.5
322990, 44718.3900,  3, 303.51, 10.70499999999447
322991, 44718.4950,  3, 314.94, 10.814999999995052
322992, 44718.6000,  3, 293.12, 10.934999999997672
322995, 44718.9100,  3, 348.44, 11.20499999999447
323005, 44719.9550,  3, 295.49, 12.194999999999709
323006, 44720.0600,  3, 313.96, 12.389999999999418
323016, 44721.1000,  3, 273.02, 13.339999999996508
323032, 44722.7650,  3, 294.07, 15.094999999993888
323140, 44744.9100,  3, 320.75, 11.139999999999418
323140, 44744.9100,  3, 330.53, 11.095000000001164
323140, 44744.9100,  3, 285.79, 11.07499999999709
323145, 44745.4350,  3, 305.33, 11.62999999999738
323157, 44746.6850,  3, 294.63, 12.864999999997963
323165, 44747.5150,  3, 306.16, 13.669999999998254
323186, 44749.7050,  3, 310.92, 15.904999999998836
323193, 44750.4350,  3, 297.88, 16.590000000003783
323296, 44772.1000,  3, 326.12, 10.614999999997963
323301, 44772.6200,  3, 327.63, 11.055000000000291
323305, 44773.0350,  3, 308.25, 11.540000000000873
323308, 44773.3500,  3, 290.19, 11.864999999997963
323329, 44775.5350,  3, 260.09, 14.005000000004657
323330, 44775.6400,  3, 289.59, 14.075000000004366
323334, 44776.0600,  3, 315.05, 14.505000000004657
323337, 44776.3700,  3, 292.00, 14.855000000003201
323439, 44797.6600,  3, 321.80, 10.465000000003783
323441, 44797.8700,  3, 308.16, 10.669999999998254
323442, 44797.9750,  3, 313.55, 10.80000000000291
323447, 44798.4950,  3, 302.35, 11.290000000000873
323449, 44798.7050,  3, 303.44, 11.510000000002037
323451, 44798.9100,  3, 312.33, 11.724999999998545
323464, 44800.2650,  3, 321.88, 13.084999999999127
323480, 44801.9350,  3, 311.13, 14.760000000002037
323585, 44823.7650,  3, 302.25, 10.779999999998836
323589, 44824.1850,  3, 293.49, 11.180000000000291
323609, 44826.2650,  3, 314.53, 13.235000000000582
323617, 44827.1000,  3, 288.16, 14.095000000001164
323622, 44827.6200,  3, 318.31, 14.615000000005239
323635, 44828.9750,  3, 301.32, 15.990000000005239
323647, 44830.2250,  3, 272.61, 17.185000000004948
323674, 44833.0350,  3, 289.26, 20.0
323730, 44849.7650,  1, -162.13, 5.724999999998545
323730, 44849.7650,  1, -158.09, 5.724999999998545
323781, 44855.0800,  3, 331.10, 10.974999999998545
323781, 44855.0800,  3, 293.29, 10.944999999999709
323782, 44855.1850,  3, 292.45, 11.095000000001164
323795, 44856.5350,  3, 296.38, 12.409999999996217
323842, 44861.4350,  3, 302.53, 17.375
323843, 44861.5350,  3, 287.05, 17.424999999995634
323941, 44882.6200,  3, 312.44, 10.05000000000291
323949, 44883.4550,  3, 315.12, 10.845000000001164
323954, 44883.9750,  3, 309.53, 11.385000000002037
323957, 44884.2850,  3, 283.37, 11.755000000004657
323960, 44884.6000,  3, 292.61, 12.040000000000873
323968, 44885.4350,  3, 289.91, 12.900000000001455
323979, 44886.5800,  3, 296.57, 13.985000000000582
323985, 44887.2050,  3, 305.76, 14.590000000003783
324088, 44908.8550,  3, 301.61, 10.604999999995925
324106, 44910.7300,  3, 282.06, 12.444999999999709
324113, 44911.4600,  3, 293.14, 13.169999999998254
324119, 44912.0850,  3, 326.83, 13.784999999996217
324123, 44912.5050,  3, 319.19, 14.17500000000291
324134, 44913.6500,  3, 282.81, 15.389999999999418
324147, 44915.0050,  3, 286.04, 16.67500000000291
324211, 44921.6700,  3, 271.07, 23.37000000000262
324312, 44943.1500,  3, 325.02, 10.400000000001455
324314, 44943.3550,  3, 311.20, 10.555000000000291
324315, 44943.4600,  3, 328.34, 10.644999999996799
324320, 44943.9800,  3, 327.42, 11.150000000001455
324325, 44944.5050,  3, 290.20, 11.764999999999418
324332, 44945.2300,  3, 320.36, 12.489999999997963
324339, 44945.9600,  3, 294.57, 13.209999999999127
324359, 44948.0450,  3, 309.26, 15.290000000000873
324465, 44969.9100,  3, 297.64, 10.880000000004657
324467, 44970.1200,  3, 303.67, 11.084999999999127
324473, 44970.7450,  3, 309.63, 11.715000000003783
324485, 44971.9950,  3, 307.38, 13.010000000002037
324493, 44972.8300,  3, 288.99, 13.794999999998254
324498, 44973.3500,  3, 279.02, 14.315000000002328
324550, 44978.7650,  3, 312.02, 19.779999999998836
324627, 44986.7850,  3, 244.89, 27.709999999999127
324735, 45008.9350,  3, 330.75, 11.084999999999127
324739, 45009.3500,  3, 304.87, 11.544999999998254
324747, 45010.1850,  3, 319.22, 12.319999999999709
324749, 45010.3900,  3, 294.80, 12.540000000000873
324750, 45010.4950,  3, 321.89, 12.599999999998545
324755, 45011.0150,  3, 294.79, 13.12999999999738
324764, 45011.9550,  3, 297.86, 14.154999999998836
324804, 45016.1200,  3, 305.96, 18.31500000000233
324905, 45037.3850,  3, 299.96, 10.309999999997672
324912, 45038.1150,  3, 316.48, 11.114999999997963
324925, 45039.4700,  3, 283.98, 12.409999999996217
324925, 45039.4700,  3, 279.44, 12.489999999997963
324926, 45039.5750,  3, 243.91, 12.57499999999709
324943, 45041.3450,  3, 274.27, 14.315000000002328
324946, 45041.6550,  3, 279.56, 14.644999999996799
324952, 45042.2800,  3, 283.78, 15.25499999999738
325058, 45063.8700,  3, 315.65, 10.834999999999127
325065, 45064.6000,  3, 309.85, 11.565000000002328
325068, 45064.9100,  3, 313.27, 11.885000000002037
325080, 45066.1600,  3, 296.14, 13.194999999999709
325081, 45066.2650,  3, 284.33, 13.315000000002328
325081, 45066.2650,  3, 300.10, 13.284999999996217
325087, 45066.8900,  3, 267.14, 13.864999999997963
325118, 45070.1200,  3, 275.00, 17.125
325218, 45091.4350,  3, 288.30, 10.219999999993888
325226, 45092.2650,  3, 324.44, 11.125
325227, 45092.3700,  3, 304.52, 11.214999999996508
325228, 45092.4750,  3, 296.26, 11.25499999999738
325233, 45092.9950,  3, 322.08, 11.860000000000582
325241, 45093.8300,  3, 317.11, 12.689999999995052
325241, 45093.8300,  3, 324.84, 12.610000000000582
325246, 45094.3500,  3, 327.53, 13.19999999999709
325352, 45116.2250,  3, 304.44, 10.919999999998254
325359, 45116.9550,  3, 323.41, 11.57999999999447
325365, 45117.5800,  3, 295.95, 12.264999999999418
325368, 45117.8900,  3, 308.66, 12.529999999998836
325370, 45118.1000,  3, 313.52, 12.714999999996508
325377, 45118.8300,  3, 304.50, 13.529999999998836
325412, 45122.4750,  3, 276.02, 17.154999999998836
325421, 45123.4100,  3, 288.67, 18.07999999999447
325539, 45146.6000,  3, 296.21, 12.099999999998545
325549, 45147.6400,  3, 299.78, 13.214999999996508
325552, 45147.9550,  3, 314.53, 13.474999999998545
325554, 45148.1600,  3, 321.62, 13.654999999998836
325560, 45148.7850,  3, 295.71, 14.334999999999127
325567, 45149.5150,  3, 305.55, 15.084999999999127
325582, 45151.0800,  3, 293.12, 16.654999999998836
325592, 45152.1200,  3, 269.54, 17.68499999999767
325693, 45173.4250,  3, 351.44, 10.32999999999447
325695, 45173.6350,  3, 333.64, 10.540000000000873
325696, 45173.7400,  3, 302.49, 10.644999999996799
325708, 45174.9900,  3, 289.70, 11.924999999995634
325709, 45175.0950,  3, 293.27, 12.055000000000291
325715, 45175.7200,  3, 292.54, 12.634999999994761
325728, 45177.0750,  3, 278.35, 14.059999999997672
325759, 45180.3000,  3, 325.59, 17.2699999999968
325859, 45201.5100,  3, 313.26, 10.260000000002037
325864, 45202.0300,  3, 346.35, 10.760000000002037
325874, 45203.0750,  3, 315.51, 11.790000000000873
325883, 45204.0100,  3, 319.59, 12.72500000000582
325886, 45204.3250,  3, 302.42, 13.035000000003492
325890, 45204.7400,  3, 326.23, 13.470000000001164
325897, 45205.4700,  3, 289.75, 14.17500000000291
325930, 45208.9050,  3, 273.57, 17.650000000001455
326034, 45230.5250,  3, 315.78, 10.700000000004366
326037, 45230.8350,  3, 322.14, 11.020000000004075
326039, 45231.0450,  3, 315.64, 11.215000000003783
326040, 45231.1500,  3, 310.33, 11.330000000001746
326048, 45231.9800,  3, 324.88, 12.115000000005239
326064, 45233.6500,  3, 300.37, 13.810000000004948
326073, 45234.5850,  3, 322.05, 14.724999999998545
326074, 45234.6900,  3, 312.85, 14.865000000005239
326180, 45257.1600,  3, 302.34, 10.875
326182, 45257.3700,  3, 311.43, 11.075000000004366
326186, 45257.7850,  3, 304.51, 11.544999999998254
326186, 45257.7850,  3, 287.37, 11.514999999999418
326189, 45258.1000,  3, 315.77, 11.834999999999127
326198, 45259.0350,  3, 306.73, 12.779999999998836
326198, 45259.0350,  3, 258.84, 12.770000000004075
326209, 45260.1850,  3, 301.92, 13.910000000003492
326313, 45281.6600,  3, 295.84, 10.705000000001746
326336, 45284.0600,  3, 284.09, 13.110000000000582
326344, 45284.8900,  3, 285.55, 13.860000000000582
326349, 45285.4100,  3, 297.20, 14.459999999999127
326351, 45285.6200,  3, 310.61, 14.605000000003201
326353, 45285.8300,  3, 293.21, 14.885000000002037
326359, 45286.4550,  3, 296.89, 15.450000000004366
326386, 45289.2650,  3, 298.10, 18.22500000000582
326491, 45311.2200,  3, 306.70, 10.759999999994761
326494, 45311.5300,  3, 338.35, 11.12999999999738
326496, 45311.7400,  3, 283.79, 11.309999999997672
326497, 45311.8450,  3, 308.94, 11.360000000000582
326521, 45314.3450,  3, 274.45, 13.930000000000291
326528, 45315.0750,  3, 290.06, 14.659999999996217
326543, 45316.6350,  3, 308.83, 16.20499999999447
326543, 45316.6350,  3, 310.20, 16.174999999995634
326646, 45338.1700,  3, 294.25, 10.525000000001455
326656, 45339.2100,  3, 325.51, 11.569999999999709
326660, 45339.6300,  3, 298.89, 12.010000000002037
326665, 45340.1500,  3, 285.95, 12.560000000004948
326667, 45340.3550,  3, 278.01, 12.785000000003492
326668, 45340.4600,  3, 299.75, 12.910000000003492
326681, 45341.8150,  3, 270.24, 14.255000000004657
326692, 45342.9600,  3, 317.42, 15.330000000001746
326802, 45365.0950,  3, 311.58, 11.305000000000291
326816, 45366.5500,  3, 324.72, 12.720000000001164
326821, 45367.0750,  3, 316.81, 13.24500000000262
326824, 45367.3850,  3, 309.62, 13.584999999999127
326824, 45367.3850,  3, 286.88, 13.599999999998545
326838, 45368.8450,  3, 272.36, 15.095000000001164
326839, 45368.9500,  3, 260.87, 15.185000000004948
326861, 45371.2400,  3, 313.29, 17.400000000001455
326964, 45394.0150,  3, 296.60, 10.599999999998545
326969, 45394.5350,  3, 314.25, 11.07499999999709
326970, 45394.6400,  3, 300.72, 11.194999999999709
326975, 45395.1600,  3, 309.34, 11.724999999998545
326977, 45395.3700,  3, 299.34, 11.87999999999738
326978, 45395.4750,  3, 315.54, 11.989999999997963
327001, 45397.8700,  3, 296.28, 14.465000000003783
327020, 45399.8500,  3, 268.97, 16.404999999998836
327134, 45422.5050,  3, 282.69, 11.669999999998254
327138, 45422.9200,  3, 325.24, 12.169999999998254
327156, 45424.7950,  3, 308.25, 14.029999999998836
327157, 45424.9000,  3, 285.38, 14.139999999999418
327178, 45427.0850,  3, 297.22, 16.345000000001164
327179, 45427.1900,  3, 267.64, 16.404999999998836
327205, 45429.9000,  3, 292.21, 19.114999999997963
327207, 45430.1050,  3, 288.21, 19.275000000001455
327308, 45451.4000,  3, 318.32, 10.375
327314, 45452.0250,  3, 288.00, 11.025000000001455
327325, 45453.1700,  3, 330.31, 12.110000000000582
327332, 45453.9000,  3, 257.98, 12.819999999999709
327348, 45455.5650,  3, 303.99, 14.479999999995925
327355, 45456.2950,  3, 303.03, 15.290000000000873
327357, 45456.5050,  3, 261.90, 15.479999999995925
327417, 45462.7550,  3, 246.02, 21.760000000002037
327521, 45484.3650,  3, 325.74, 10.684999999997672
327538, 45486.1350,  3, 322.37, 12.424999999995634
327542, 45486.5500,  3, 313.79, 12.834999999999127
327560, 45488.4250,  3, 286.83, 14.70499999999447
327563, 45488.7400,  3, 307.17, 15.099999999998545
327583, 45490.8250,  3, 300.84, 17.174999999995634
327596, 45492.1750,  3, 297.59, 18.470000000001164
327601, 45492.7000,  3, 280.98, 18.959999999999127
327677, 45512.2400,  1, -162.01, 7.814999999995052
327677, 45512.2400,  1, -116.63, 7.814999999995052
327706, 45515.2600,  3, 321.28, 10.764999999999418
327708, 45515.4700,  3, 315.18, 11.029999999998836
327741, 45518.9050,  3, 311.36, 14.375
327748, 45519.6350,  3, 325.96, 15.110000000000582
327749, 45519.7400,  3, 303.16, 15.244999999995343
327757, 45520.5750,  3, 318.45, 16.06999999999971
327864, 45542.4100,  3, 300.01, 11.0
327869, 45542.9350,  3, 323.82, 11.474999999998545
327872, 45543.2450,  3, 292.68, 11.794999999998254
327878, 45543.8700,  3, 293.67, 12.464999999996508
327879, 45543.9750,  3, 299.39, 12.509999999994761
327880, 45544.0800,  3, 294.45, 12.694999999999709
327893, 45545.4350,  3, 293.27, 13.974999999998545
327913, 45547.5150,  3, 249.26, 16.119999999995343
328015, 45568.9100,  3, 334.22, 10.480000000003201
328025, 45569.9550,  3, 292.74, 11.529999999998836
328031, 45570.5800,  3, 332.48, 12.17500000000291
328036, 45571.1000,  3, 298.50, 12.665000000000873
328036, 45571.1000,  3, 312.73, 12.654999999998836
328043, 45571.8300,  3, 299.84, 13.434999999997672
328046, 45572.1400,  3, 249.68, 13.680000000000291
328074, 45575.0600,  3, 287.03, 16.639999999999418
328179, 45597.1200,  3, 297.77, 10.75499999999738
328179, 45597.1200,  3, 343.10, 10.809999999997672
328186, 45597.8500,  3, 279.60, 11.484999999993306
328186, 45597.8500,  3, 300.92, 11.484999999993306
328193, 45598.5800,  3, 300.41, 12.224999999998545
328205, 45599.8300,  3, 341.99, 13.484999999993306
328207, 45600.0350,  3, 285.05, 13.70499999999447
328220, 45601.3900,  3, 296.21, 15.00499999999738
328322, 45622.8800,  3, 321.31, 10.494999999995343
328328, 45623.5050,  3, 319.68, 11.134999999994761
328338, 45624.5450,  3, 237.35, 12.099999999998545
328339, 45624.6500,  3, 335.60, 12.219999999993888
328339, 45624.6500,  3, 294.11, 12.19999999999709
328346, 45625.3800,  3, 302.20, 12.994999999995343
328363, 45627.1500,  3, 303.20, 14.75
328386, 45629.5450,  3, 265.21, 17.109999999993306
328490, 45651.1550,  3, 330.69, 10.714999999996508
328491, 45651.2600,  3, 324.84, 10.739999999997963
328493, 45651.4700,  3, 327.29, 10.985000000000582
328495, 45651.6750,  3, 298.97, 11.169999999998254
328506, 45652.8250,  3, 304.77, 12.384999999994761
328506, 45652.8250,  3, 309.73, 12.384999999994761
328524, 45654.7000,  3, 293.39, 14.229999999995925
328530, 45655.3250,  3, 299.95, 14.889999999999418
328589, 45672.2600,  1, -141.47, 6.040000000000873
328589, 45672.2600,  1, -155.69, 6.040000000000873
328632, 45676.7400,  3, 339.73, 10.459999999999127
328636, 45677.1550,  3, 322.39, 10.889999999999418
328636, 45677.1550,  3, 332.10, 10.900000000001455
328667, 45680.3850,  3, 316.79, 14.089999999996508
328678, 45681.5300,  3, 291.10, 15.305000000000291
328686, 45682.3650,  3, 299.41, 16.119999999995343
328789, 45703.7750,  3, 300.18, 10.559999999997672
328791, 45703.9800,  3, 302.38, 10.805000000000291
328798, 45704.7100,  3, 309.63, 11.455000000001746
328799, 45704.8150,  3, 307.55, 11.62999999999738
328808, 45705.7550,  3, 304.52, 12.519999999996799
328808, 45705.7550,  3, 309.10, 12.50499999999738
328862, 45711.3800,  3, 286.97, 18.12999999999738
328865, 45711.6900,  3, 295.96, 18.459999999999127
328968, 45733.2050,  3, 332.11, 10.559999999997672
328974, 45733.8300,  3, 329.66, 11.169999999998254
328987, 45735.1850,  3, 304.27, 12.519999999996799
328995, 45736.0150,  3, 285.92, 13.360000000000582
329012, 45737.7850,  3, 311.29, 15.110000000000582
329014, 45737.9950,  3, 302.39, 15.360000000000582
329018, 45738.4100,  3, 300.11, 15.75
329056, 45742.3700,  3, 288.57, 19.75
329157, 45763.5450,  3, 296.93, 10.355000000003201
329175, 45765.4200,  3, 276.80, 12.205000000001746
329176, 45765.5250,  3, 320.83, 12.355000000003201
329179, 45765.8350,  3, 317.27, 12.645000000004075
329180, 45765.9400,  3, 307.22, 12.785000000003492
329203, 45768.3350,  3, 272.37, 15.17000000000553
329215, 45769.5850,  3, 296.08, 16.385000000002037
329221, 45770.2100,  3, 301.95, 16.97500000000582
329332, 45792.8650,  3, 321.10, 11.415000000000873
329343, 45794.0100,  3, 296.55, 12.580000000001746
329343, 45794.0100,  3, 300.05, 12.5
329344, 45794.1150,  3, 327.54, 12.67500000000291
329351, 45794.8450,  3, 291.08, 13.389999999999418
329381, 45797.9700,  3, 338.40, 16.520000000004075
329383, 45798.1750,  3, 297.76, 16.715000000003783
329388, 45798.7000,  3, 292.74, 17.224999999998545
329493, 45820.4400,  3, 309.96, 10.75499999999738
329522, 45823.4600,  3, 300.04, 13.789999999993597
329527, 45823.9800,  3, 292.42, 14.339999999996508
329532, 45824.5050,  3, 282.20, 14.849999999998545
329534, 45824.7100,  3, 288.57, 15.044999999998254
329556, 45827.0050,  3, 301.09, 17.299999999995634
329579, 45829.4000,  3, 277.42, 19.719999999993888
329582, 45829.7100,  3, 292.25, 20.0199999999968
329686, 45852.2850,  3, 324.75, 10.650000000001455
329686, 45852.2850,  3, 320.27, 10.690000000002328
329686, 45852.2850,  3, 322.54, 10.700000000004366
329696, 45853.3300,  3, 320.07, 11.755000000004657
329703, 45854.0600,  3, 314.54, 12.459999999999127
329703, 45854.0600,  3, 301.38, 12.485000000000582
329703, 45854.0600,  3, 290.65, 12.435000000004948
329721, 45855.9350,  3, 320.01, 14.330000000001746
329781, 45873.1050,  1, -132.65, 6.140000000006694
329781, 45873.1050,  1, -150.89, 6.140000000006694
329824, 45877.5850,  3, 314.79, 10.580000000001746
329829, 45878.1050,  3, 315.71, 11.075000000004366
329830, 45878.2100,  3, 276.45, 11.185000000004948
329839, 45879.1500,  3, 302.20, 12.085000000006403
329839, 45879.1500,  3, 340.02, 12.105000000003201
329888, 45884.2550,  3, 304.35, 17.220000000001164
330023, 45909.0850,  3, 312.50, 13.92500000000291
330025, 45909.2950,  3, 301.27, 14.114999999997963
330032, 45910.0250,  3, 276.82, 14.834999999999127
330036, 45910.4400,  3, 282.65, 15.260000000002037
330039, 45910.7550,  3, 267.02, 15.580000000001746
330043, 45911.1700,  3, 336.72, 15.985000000000582
330061, 45913.0450,  3, 300.32, 17.839999999996508
330117, 45918.8800,  3, 299.91, 23.714999999996508
330228, 45941.4550,  3, 333.41, 11.364999999997963
330233, 45941.9750,  3, 273.43, 11.924999999995634
330235, 45942.1850,  3, 307.71, 12.159999999996217
330245, 45943.2250,  3, 293.06, 13.224999999998545
330263, 45945.1000,  3, 290.95, 15.07999999999447
330281, 45946.9750,  3, 330.01, 16.915000000000873
330304, 45949.3700,  3, 329.26, 19.334999999999127
330316, 45950.6200,  3, 281.34, 20.52499999999418
330426, 45972.9250,  3, 297.13, 11.269999999996799
330435, 45973.8650,  3, 316.94, 12.194999999999709
330437, 45974.0750,  3, 264.31, 12.42500000000291
330438, 45974.1750,  3, 308.00, 12.525000000001455
330454, 45975.8450,  3, 307.66, 14.239999999997963
330460, 45976.4700,  3, 265.60, 14.830000000001746
330460, 45976.4700,  3, 311.42, 14.860000000000582
330504, 45981.0500,  3, 263.38, 19.465000000003783
330616, 46005.4800,  3, 299.34, 11.474999999998545
330626, 46006.5250,  3, 305.66, 12.575000000004366
330643, 46008.2950,  3, 305.41, 14.325000000004366
330653, 46009.3350,  3, 301.50, 15.410000000003492
330663, 46010.3800,  3, 286.05, 16.419999999998254
330670, 46011.1050,  3, 286.65, 17.18000000000029
330672, 46011.3150,  3, 299.72, 17.375
330672, 46011.3150,  3, 349.15, 17.30000000000291
330777, 46033.8800,  3, 337.84, 10.770000000004075
330787, 46034.9200,  3, 319.29, 11.865000000005239
330801, 46036.3800,  3, 301.01, 13.240000000005239
330812, 46037.5250,  3, 260.00, 14.470000000001164
330820, 46038.3550,  3, 329.86, 15.215000000003783
330828, 46039.1900,  3, 292.87, 16.06500000000233
330877, 46044.2950,  3, 295.32, 21.24000000000524
330893, 46045.9600,  3, 282.71, 22.900000000001455
330946, 46062.1500,  1, -133.70, 5.419999999998254
330946, 46062.1500,  1, -134.47, 5.419999999998254
330996, 46067.3550,  3, 311.20, 10.619999999995343
331008, 46068.6050,  3, 308.14, 11.789999999993597
331016, 46069.4400,  3, 305.87, 12.694999999999709
331028, 46070.6900,  3, 300.57, 13.889999999999418
331031, 46071.0050,  3, 298.02, 14.25
331053, 46073.2950,  3, 271.98, 16.5
331163, 46095.3700,  3, 318.77, 11.24500000000262
331167, 46095.7850,  3, 321.56, 11.685000000004948
331170, 46096.1000,  3, 315.11, 12.025000000001455
331178, 46096.9350,  3, 252.02, 12.910000000003492
331182, 46097.3500,  3, 281.42, 13.29500000000553
331186, 46097.7650,  3, 304.68, 13.680000000000291
331205, 46099.7450,  3, 282.53, 15.720000000001164
331213, 46100.5800,  3, 309.46, 16.460000000006403
331314, 46121.9900,  3, 325.78, 10.410000000003492
331318, 46122.4050,  3, 309.56, 10.735000000000582
331331, 46123.7600,  3, 301.48, 12.085000000006403
331354, 46126.1550,  3, 293.93, 14.530000000006112
331355, 46126.2600,  3, 299.35, 14.67500000000291
331356, 46126.3650,  3, 292.30, 14.690000000002328
331369, 46127.7200,  3, 283.77, 16.135000000002037
331387, 46129.5950,  3, 302.11, 17.99500000000262
331487, 46150.9200,  3, 326.17, 10.239999999997963
331498, 46152.0650,  3, 285.57, 11.415000000000873
331524, 46154.7750,  3, 279.40, 14.07499999999709
331535, 46155.9200,  3, 284.52, 15.214999999996508
331536, 46156.0250,  3, 289.97, 15.315000000002328
331574, 46159.9800,  3, 296.24, 19.279999999998836
331580, 46160.6050,  3, 292.40, 19.919999999998254
331599, 46162.5850,  3, 284.94, 21.8949999999968
331706, 46184.6300,  3, 289.66, 11.0
331708, 46184.8350,  3, 314.95, 11.205000000001746
331717, 46185.7750,  3, 243.08, 12.17500000000291
331718, 46185.8800,  3, 282.57, 12.190000000002328
331719, 46185.9800,  3, 334.33, 12.380000000004657
331734, 46187.5450,  3, 310.95, 13.950000000004366
331756, 46189.8350,  3, 305.70, 16.165000000000873
331818, 46196.2950,  3, 273.60, 22.68000000000029
331918, 46217.5250,  3, 317.10, 10.285000000003492
331932, 46218.9800,  3, 306.27, 11.690000000002328
331936, 46219.4000,  3, 301.76, 12.090000000003783
331940, 46219.8150,  3, 294.96, 12.565000000002328
331949, 46220.7550,  3, 285.03, 13.514999999999418
331950, 46220.8550,  3, 296.79, 13.595000000001164
331976, 46223.5650,  3, 290.80, 16.25499999999738
331981, 46224.0850,  3, 295.38, 16.825000000004366
332082, 46245.2750,  3, 291.58, 10.339999999996508
332086, 46245.6900,  3, 301.30, 10.815000000002328
332092, 46246.3150,  3, 312.59, 11.434999999997672
332106, 46247.7750,  3, 288.07, 12.854999999995925
332110, 46248.1900,  3, 281.55, 13.30000000000291
332117, 46248.9200,  3, 297.03, 13.979999999995925
332118, 46249.0250,  3, 299.59, 14.12999999999738
332140, 46251.3150,  3, 267.90, 16.409999999996217
332202, 46268.5500,  1, -171.17, 6.350000000005821
332202, 46268.5500,  1, -117.23, 6.350000000005821
332243, 46272.8250,  3, 338.84, 10.569999999999709
332262, 46274.8000,  3, 267.58, 12.514999999999418
332267, 46275.3250,  3, 320.62, 13.025000000001455
332282, 46276.8850,  3, 306.73, 14.590000000003783
332286, 46277.3000,  3, 304.29, 15.005000000004657
332315, 46280.3250,  3, 282.88, 18.080000000001746
332416, 46301.6150,  1, -157.28, 10.419999999998254
332416, 46301.6150,  1, -169.61, 10.419999999998254
332425, 46302.5500,  3, 331.25, 11.349999999998545
332426, 46302.6550,  3, 305.81, 11.42500000000291
332428, 46302.8650,  3, 295.78, 11.569999999999709
332433, 46303.3850,  3, 290.70, 12.125
332445, 46304.6350,  3, 311.48, 13.389999999999418
332467, 46306.9250,  3, 301.41, 15.67500000000291
332570, 46328.4600,  3, 326.98, 10.540000000000873
332583, 46329.8150,  3, 329.98, 11.875
332590, 46330.5450,  3, 311.85, 12.605000000003201
332592, 46330.7550,  3, 315.92, 12.849999999998545
332595, 46331.0650,  3, 319.43, 13.220000000001164
332606, 46332.2100,  3, 280.42, 14.325000000004366
332614, 46333.0450,  3, 296.01, 15.114999999997963
332623, 46333.9800,  3, 317.55, 16.12000000000262
332682, 46351.0450,  1, -145.08, 6.040000000000873
332682, 46351.0450,  1, -150.87, 6.040000000000873
332722, 46355.2100,  3, 347.09, 10.150000000001455
332724, 46355.4200,  3, 337.26, 10.389999999999418
332726, 46355.6300,  3, 304.38, 10.590000000003783
332750, 46358.1300,  3, 325.68, 13.069999999999709
332770, 46360.2100,  3, 311.89, 15.135000000002037
332778, 46361.0450,  3, 313.47, 15.935000000004948
332884, 46383.1150,  3, 328.60, 10.909999999996217
332892, 46383.9500,  3, 273.83, 11.769999999996799
332897, 46384.4700,  3, 309.65, 12.214999999996508
332897, 46384.4700,  3, 299.69, 12.189999999995052
332902, 46384.9900,  3, 311.80, 12.714999999996508
332911, 46385.9250,  3, 279.81, 13.729999999995925
332930, 46387.9050,  3, 264.95, 15.664999999993597
332961, 46391.1350,  3, 298.04, 18.95499999999447
333065, 46412.9100,  3, 329.13, 10.690000000002328
333067, 46413.1200,  3, 306.01, 10.87000000000262
333074, 46413.8500,  3, 326.41, 11.615000000005239
333074, 46413.8500,  3, 275.08, 11.575000000004366
333088, 46415.3100,  3, 302.06, 13.05000000000291
333089, 46415.4100,  3, 300.61, 13.220000000001164
333090, 46415.5150,  3, 318.28, 13.270000000004075
333105, 46417.0800,  3, 297.42, 14.880000000004657
333205, 46438.0450,  3, 322.99, 10.294999999998254
333210, 46438.5650,  3, 311.81, 10.82999999999447
333213, 46438.8800,  3, 304.03, 11.109999999993306
333213, 46438.8800,  3, 280.92, 11.089999999996508
333218, 46439.4000,  3, 290.12, 11.569999999999709
333223, 46439.9200,  3, 284.65, 12.174999999995634
333230, 46440.6500,  3, 311.88, 12.814999999995052
333232, 46440.8550,  3, 309.08, 13.059999999997672
333340, 46462.9500,  3, 329.75, 11.059999999997672
333346, 46463.5750,  3, 307.06, 11.735000000000582
333347, 46463.6750,  3, 272.38, 11.849999999998545
333358, 46464.8250,  3, 320.01, 12.989999999997963
333362, 46465.2400,  3, 278.39, 13.394999999996799
333368, 46465.8650,  3, 324.66, 13.964999999996508
333374, 46466.4900,  3, 300.64, 14.625
333375, 46466.5950,  3, 309.48, 14.709999999999127
333477, 46488.1000,  3, 325.45, 10.424999999995634
333478, 46488.2050,  3, 310.90, 10.544999999998254
333485, 46488.9350,  3, 323.84, 11.275000000001455
333487, 46489.1400,  3, 280.76, 11.544999999998254
333488, 46489.2450,  3, 295.51, 11.644999999996799
333500, 46490.4950,  3, 315.98, 12.819999999999709
333546, 46495.2850,  3, 281.54, 17.69499999999971
333608, 46501.7450,  3, 280.86, 24.064999999995052
333717, 46523.8550,  3, 309.83, 11.219999999993888
333743, 46526.5650,  3, 329.42, 13.914999999993597
333755, 46527.8150,  3, 301.95, 15.14999999999418
333761, 46528.4400,  3, 312.84, 15.744999999995343
333770, 46529.3800,  3, 303.69, 16.724999999998545
333783, 46530.7300,  3, 294.96, 18.119999999995343
333788, 46531.2550,  3, 306.38, 18.619999999995343
333792, 46531.6700,  3, 305.96, 18.964999999996508
333901, 46553.9350,  3, 319.50, 11.24500000000262
333901, 46553.9350,  3, 306.30, 11.165000000000873
333905, 46554.3500,  3, 301.99, 11.635000000002037
333907, 46554.5600,  3, 333.21, 11.785000000003492
333926, 46556.5350,  3, 305.31, 13.815000000002328
333932, 46557.1600,  3, 303.31, 14.435000000004948
333935, 46557.4750,  3, 322.85, 14.764999999999418
333944, 46558.4100,  3, 272.67, 15.67500000000291
334046, 46580.3100,  3, 304.26, 10.484999999993306
334062, 46581.9750,  3, 309.34, 12.119999999995343
334068, 46582.6000,  3, 283.54, 12.719999999993888
334082, 46584.0600,  3, 266.51, 14.25
334090, 46584.8900,  3, 301.60, 15.029999999998836
334098, 46585.7250,  3, 280.62, 15.87999999999738
334099, 46585.8300,  3, 293.34, 15.959999999999127
334108, 46586.7650,  3, 248.55, 16.87999999999738
334207, 46607.7450,  3, 319.58, 10.159999999996217
334213, 46608.3700,  3, 325.22, 10.819999999999709
334229, 46610.0350,  3, 303.41, 12.479999999995925
334230, 46610.1400,  3, 337.43, 12.559999999997672
334237, 46610.8700,  3, 296.93, 13.25
334239, 46611.0800,  3, 308.96, 13.5
334291, 46616.4950,  3, 289.62, 18.904999999998836
334293, 46616.7050,  3, 238.26, 19.159999999996217
334349, 46633.3900,  1, -167.07, 5.724999999998545
334349, 46633.3900,  1, -136.70, 5.724999999998545
334410, 46639.7450,  3, 302.88, 12.00499999999738
334410, 46639.7450,  3, 312.69, 12.065000000002328
334414, 46640.1600,  3, 295.51, 12.455000000001746
334420, 46640.7850,  3, 312.69, 13.099999999998545
334421, 46640.8900,  3, 301.66, 13.190000000002328
334454, 46644.3300,  3, 285.05, 16.580000000001746
334560, 46666.2250,  3, 321.41, 10.885000000002037
334573, 46667.5800,  3, 300.50, 12.25
334574, 46667.6850,  3, 313.03, 12.385000000002037
334578, 46668.1000,  3, 324.22, 12.779999999998836
334579, 46668.2050,  3, 325.22, 12.819999999999709
334583, 46668.6200,  3, 322.40, 13.290000000000873
334584, 46668.7250,  3, 297.98, 13.419999999998254
334626, 46673.1000,  3, 315.07, 17.75499999999738
334729, 46694.3650,  3, 331.06, 10.584999999999127
334734, 46694.8850,  3, 314.46, 11.075000000004366
334745, 46696.0300,  3, 310.06, 12.255000000004657
334749, 46696.4500,  3, 278.53, 12.700000000004366
334755, 46697.0750,  3, 284.54, 13.290000000000873
334760, 46697.5950,  3, 306.21, 13.825000000004366
334762, 46697.8000,  3, 295.02, 13.974999999998545
334790, 46700.7200,  3, 311.07, 16.93000000000029
334898, 46722.7300,  3, 295.33, 11.05000000000291
334900, 46722.9400,  3, 315.11, 11.255000000004657
334910, 46723.9800,  3, 335.58, 12.355000000003201
334916, 46724.6050,  3, 320.30, 12.92000000000553
334920, 46725.0250,  3, 287.42, 13.35000000000582
334933, 46726.3800,  3, 317.13, 14.755000000004657
334956, 46728.7750,  3, 295.61, 17.12000000000262
335022, 46735.6500,  3, 278.18, 23.985000000000582
335127, 46757.4400,  3, 309.47, 10.769999999996799
335130, 46757.7550,  3, 319.42, 11.069999999999709
335147, 46759.5250,  3, 327.03, 12.82499999999709
335157, 46760.5650,  3, 271.98, 13.944999999999709
335183, 46763.2750,  3, 312.60, 16.614999999997963
335187, 46763.6900,  3, 291.53, 17.014999999999418
335192, 46764.2100,  3, 306.54, 17.55000000000291
335197, 46764.7300,  3, 321.22, 18.110000000000582
335260, 46782.1900,  1, -170.28, 6.459999999999127
335260, 46782.1900,  1, -142.12, 6.459999999999127
335302, 46786.5650,  3, 326.52, 10.769999999996799
335305, 46786.8800,  3, 340.62, 11.059999999997672
335305, 46786.8800,  3, 322.49, 11.094999999993888
335314, 46787.8150,  3, 301.14, 12.049999999995634
335314, 46787.8150,  3, 304.12, 12.059999999997672
335314, 46787.8150,  3, 265.50, 12.009999999994761
335414, 46809.1150,  3, 314.13, 10.309999999997672
335423, 46810.0500,  3, 317.34, 11.214999999996508
335424, 46810.1550,  3, 302.61, 11.305000000000291
335429, 46810.6750,  3, 301.06, 11.794999999998254
335431, 46810.8850,  3, 321.49, 12.0
335449, 46812.7600,  3, 345.63, 13.89999999999418
335456, 46813.4900,  3, 271.17, 14.604999999995925
335458, 46813.7000,  3, 316.09, 14.794999999998254
335566, 46835.4700,  3, 293.16, 11.075000000004366
335568, 46835.6750,  3, 319.91, 11.30000000000291
335581, 46837.0300,  3, 304.04, 12.700000000004366
335588, 46837.7600,  3, 275.61, 13.415000000000873
335589, 46837.8650,  3, 321.90, 13.485000000000582
335602, 46839.2200,  3, 290.54, 14.860000000000582
335653, 46844.5300,  3, 295.74, 20.12000000000262
335677, 46847.0300,  3, 270.36, 22.685000000004948
335783, 46868.9550,  3, 323.14, 10.900000000001455
335794, 46870.1000,  3, 302.93, 11.990000000005239
335804, 46871.1400,  3, 334.29, 13.060000000004948
335813, 46872.0800,  3, 314.21, 14.05000000000291
335816, 46872.3900,  3, 302.76, 14.315000000002328
335824, 46873.2250,  3, 299.63, 15.105000000003201
335824, 46873.2250,  3, 320.39, 15.125
335866, 46877.6000,  3, 296.39, 19.4800000000032
335973, 46899.7050,  3, 304.70, 11.025000000001455
335982, 46900.6400,  3, 278.84, 11.930000000000291
335991, 46901.5800,  3, 264.38, 12.834999999999127
336002, 46902.7250,  3, 286.20, 13.970000000001164
336027, 46905.3300,  3, 268.83, 16.639999999999418
336033, 46905.9550,  3, 306.24, 17.229999999995925
336094, 46912.3100,  3, 286.55, 23.610000000000582
336112, 46914.1850,  3, 331.87, 25.419999999998254
336212, 46935.3500,  3, 314.56, 10.27499999999418
336215, 46935.6600,  3, 312.27, 10.599999999998545
336217, 46935.8700,  3, 317.97, 10.779999999998836
336230, 46937.2250,  3, 284.91, 12.125
336230, 46937.2250,  3, 307.21, 12.154999999998836
336238, 46938.0600,  3, 333.23, 12.979999999995925
336264, 46940.7650,  3, 293.06, 15.659999999996217
336296, 46944.1000,  3, 275.49, 18.994999999995343
336400, 46966.5500,  3, 341.03, 10.694999999999709
336401, 46966.6550,  3, 329.02, 10.769999999996799
336404, 46966.9700,  3, 311.10, 11.135000000002037
336405, 46967.0750,  3, 321.59, 11.150000000001455
336412, 46967.8000,  3, 310.46, 11.965000000003783
336427, 46969.3650,  3, 292.68, 13.510000000002037
336459, 46972.7000,  3, 330.57, 16.860000000000582
336516, 46978.6350,  3, 291.36, 22.790000000000873
336581, 46996.3150,  1, -156.72, 6.665000000000873
336581, 46996.3150,  1, -148.26, 6.665000000000873
336627, 47001.1050,  3, 306.78, 11.404999999998836
336629, 47001.3150,  3, 272.44, 11.650000000001455
336632, 47001.6300,  3, 314.16, 11.955000000001746
336660, 47004.5450,  3, 297.52, 14.794999999998254
336661, 47004.6500,  3, 319.24, 14.915000000000873
336688, 47007.4600,  3, 294.75, 17.724999999998545
336790, 47029.9600,  3, 299.89, 10.479999999995925
336796, 47030.5850,  3, 289.31, 11.104999999995925
336797, 47030.6900,  3, 300.19, 11.14999999999418
336814, 47032.4600,  3, 299.36, 12.915000000000873
336816, 47032.6700,  3, 321.85, 13.159999999996217
336819, 47032.9800,  3, 307.33, 13.474999999998545
336822, 47033.2950,  3, 313.13, 13.839999999996508
336837, 47034.8550,  3, 296.22, 15.404999999998836
336940, 47057.3650,  3, 315.61, 10.560000000004948
336940, 47057.3650,  3, 298.66, 10.569999999999709
336941, 47057.4700,  3, 310.65, 10.630000000004657
336945, 47057.8850,  3, 277.16, 11.040000000000873
336951, 47058.5100,  3, 306.25, 11.760000000002037
336960, 47059.4500,  3, 313.99, 12.635000000002037
336966, 47060.0750,  3, 274.14, 13.325000000004366
336995, 47063.0950,  3, 289.30, 16.264999999999418
337100, 47084.6750,  3, 307.80, 10.760000000002037
337103, 47084.9900,  3, 322.15, 11.07499999999709
337110, 47085.7200,  3, 326.93, 11.769999999996799
337115, 47086.2400,  3, 319.92, 12.339999999996508
337118, 47086.5500,  3, 318.54, 12.604999999995925
337122, 47086.9700,  3, 297.01, 13.110000000000582
337147, 47089.5750,  3, 311.52, 15.639999999999418
337151, 47089.9900,  3, 300.30, 16.095000000001164
337252, 47111.2200,  3, 316.45, 10.334999999999127
337257, 47111.7400,  3, 300.79, 10.889999999999418
337262, 47112.2600,  3, 280.40, 11.439999999995052
337266, 47112.6750,  3, 294.09, 11.839999999996508
337270, 47113.0950,  3, 332.88, 12.279999999998836
337291, 47115.2800,  3, 289.19, 14.384999999994761
337292, 47115.3850,  3, 303.49, 14.559999999997672
337294, 47115.5950,  3, 302.44, 14.759999999994761
337399, 47137.4350,  3, 322.82, 10.819999999999709
337400, 47137.5350,  3, 300.43, 10.880000000004657
337413, 47138.8900,  3, 303.66, 12.264999999999418
337415, 47139.1000,  3, 295.16, 12.444999999999709
337415, 47139.1000,  3, 281.15, 12.455000000001746
337422, 47139.8300,  3, 316.62, 13.185000000004948
337440, 47141.7050,  3, 288.61, 15.0
337485, 47146.3900,  3, 282.12, 19.715000000003783
337548, 47163.8250,  1, -153.79, 6.459999999999127
337548, 47163.8250,  1, -124.10, 6.459999999999127
337601, 47169.3450,  3, 302.26, 11.940000000002328
337607, 47169.9700,  3, 314.24, 12.575000000004366
337609, 47170.1750,  3, 287.18, 12.74500000000262
337633, 47172.6750,  3, 302.50, 15.220000000001164
337634, 47172.7800,  3, 287.14, 15.404999999998836
337635, 47172.8850,  3, 288.81, 15.485000000000582
337744, 47194.8550,  3, 321.21, 11.164999999993597
337748, 47195.2750,  3, 302.24, 11.625
337751, 47195.5850,  3, 329.19, 11.904999999998836
337757, 47196.2100,  3, 286.57, 12.52499999999418
337759, 47196.4200,  3, 302.69, 12.794999999998254
337770, 47197.5650,  3, 307.74, 13.909999999996217
337787, 47199.3350,  3, 273.71, 15.70499999999447
337801, 47200.7950,  3, 276.34, 17.139999999999418
337906, 47222.6000,  3, 293.02, 10.764999999999418
337908, 47222.8100,  3, 285.31, 10.989999999997963
337908, 47222.8100,  3, 323.13, 11.0
337916, 47223.6400,  3, 305.27, 11.840000000003783
337925, 47224.5800,  3, 322.96, 12.715000000003783
337932, 47225.3100,  3, 304.85, 13.510000000002037
337936, 47225.7250,  3, 288.71, 13.87999999999738
337951, 47227.2850,  3, 295.55, 15.514999999999418
338054, 47249.4950,  3, 329.35, 10.569999999999709
338054, 47249.4950,  3, 332.58, 10.57999999999447
338061, 47250.2250,  3, 317.40, 11.319999999999709
338065, 47250.6400,  3, 321.80, 11.689999999995052
338066, 47250.7450,  3, 305.22, 11.814999999995052
338073, 47251.4750,  3, 284.94, 12.544999999998254
338079, 47252.1000,  3, 308.96, 13.184999999997672
338119, 47256.2650,  3, 287.03, 17.37999999999738
338218, 47277.5450,  3, 338.14, 10.154999999998836
338231, 47278.9000,  3, 317.60, 11.520000000004075
338245, 47280.3550,  3, 315.36, 12.99500000000262
338246, 47280.4600,  3, 287.88, 13.075000000004366
338249, 47280.7750,  3, 304.85, 13.42500000000291
338256, 47281.5050,  3, 283.22, 14.110000000000582
338257, 47281.6050,  3, 318.64, 14.239999999997963
338275, 47283.4800,  3, 311.44, 16.095000000001164
338381, 47305.2250,  3, 271.16, 10.915000000000873
338381, 47305.2250,  3, 301.02, 10.854999999995925
338414, 47308.6600,  3, 281.68, 14.290000000000873
338419, 47309.1850,  3, 310.93, 14.845000000001164
338434, 47310.7450,  3, 297.42, 16.360000000000582
338436, 47310.9550,  3, 295.69, 16.56500000000233
338436, 47310.9550,  3, 298.19, 16.625
338447, 47312.1000,  3, 273.98, 17.705000000001746
338554, 47334.7850,  3, 300.98, 10.994999999995343
338555, 47334.8900,  3, 321.42, 11.139999999999418
338555, 47334.8900,  3, 301.91, 11.07999999999447
338555, 47334.8900,  3, 324.92, 11.07999999999447
338558, 47335.2050,  3, 320.52, 11.360000000000582
338606, 47340.2050,  3, 299.55, 16.375
338649, 47344.6850,  3, 321.41, 20.889999999999418
338670, 47346.8700,  3, 291.62, 23.064999999995052
338771, 47368.1900,  3, 341.59, 10.349999999998545
338771, 47368.1900,  3, 312.13, 10.360000000000582
338776, 47368.7100,  3, 320.59, 10.900000000001455
338777, 47368.8150,  3, 337.82, 10.979999999995925
338795, 47370.6900,  3, 296.62, 12.814999999995052
338799, 47371.1050,  3, 265.55, 13.260000000002037
338800, 47371.2100,  3, 286.83, 13.37999999999738
338801, 47371.3150,  3, 288.91, 13.5
338900, 47392.3350,  3, 322.86, 10.105000000003201
338904, 47392.7550,  3, 301.58, 10.529999999998836
338908, 47393.1700,  3, 308.33, 11.029999999998836
338913, 47393.6900,  3, 315.35, 11.510000000002037
338922, 47394.6300,  3, 277.93, 12.489999999997963
338936, 47396.0850,  3, 300.69, 13.864999999997963
338937, 47396.1900,  3, 311.65, 14.010000000002037
338957, 47398.2750,  3, 295.88, 16.125
339061, 47420.1400,  3, 304.73, 10.634999999994761
339074, 47421.4950,  3, 292.50, 12.00499999999738
339075, 47421.6000,  3, 320.19, 12.119999999995343
339085, 47422.6400,  3, 301.12, 13.19999999999709
339086, 47422.7450,  3, 286.86, 13.25499999999738
339096, 47423.7850,  3, 282.12, 14.364999999997963
339125, 47426.8100,  3, 297.89, 17.304999999993015
339200, 47434.6200,  3, 265.16, 25.114999999997963
339304, 47456.3350,  3, 316.44, 10.720000000001164
339315, 47457.4800,  3, 291.15, 11.845000000001164
339316, 47457.5850,  3, 287.19, 11.915000000000873
339320, 47458.0050,  3, 298.38, 12.294999999998254
339321, 47458.1050,  3, 319.75, 12.470000000001164
339363, 47462.4800,  3, 311.65, 16.80000000000291
339409, 47467.2750,  3, 277.37, 21.650000000001455
339415, 47467.9000,  3, 268.98, 22.205000000001746
339523, 47489.6900,  3, 298.98, 11.075000000004366
339532, 47490.6300,  3, 301.46, 12.065000000002328
339535, 47490.9400,  3, 297.27, 12.37000000000262
339539, 47491.3550,  3, 273.49, 12.740000000005239
339543, 47491.7750,  3, 318.74, 13.215000000003783
339554, 47492.9200,  3, 315.87, 14.345000000001164
339557, 47493.2300,  3, 341.26, 14.584999999999127
339577, 47495.3150,  3, 316.59, 16.665000000000873
339680, 47517.6500,  3, 307.30, 10.584999999999127
339682, 47517.8550,  3, 328.38, 10.790000000000873
339684, 47518.0650,  3, 286.81, 10.944999999999709
339685, 47518.1700,  3, 319.28, 11.125
339690, 47518.6900,  3, 313.30, 11.610000000000582
339696, 47519.3150,  3, 288.67, 12.25
339699, 47519.6300,  3, 310.53, 12.529999999998836
339723, 47522.1300,  3, 331.40, 15.010000000002037
339830, 47544.2550,  3, 336.49, 11.025000000001455
339831, 47544.3550,  3, 334.47, 11.084999999999127
339838, 47545.0850,  3, 305.94, 11.860000000000582
339839, 47545.1900,  3, 293.81, 11.940000000002328
339852, 47546.5450,  3, 290.07, 13.319999999999709
339892, 47550.7100,  3, 291.86, 17.400000000001455
339897, 47551.2300,  3, 290.95, 17.93499999999767
339897, 47551.2300,  3, 336.82, 17.955000000001746
339996, 47572.4550,  3, 323.35, 10.159999999996217
339997, 47572.5600,  3, 321.17, 10.290000000000873
340004, 47573.2850,  3, 336.63, 11.034999999996217
340019, 47574.8500,  3, 302.71, 12.5
340023, 47575.2650,  3, 279.82, 12.919999999998254
340038, 47576.8300,  3, 292.18, 14.564999999995052
340042, 47577.2450,  3, 309.87, 14.934999999997672
340053, 47578.3900,  3, 300.79, 16.049999999995634
340130, 47597.1700,  1, -164.29, 7.915000000000873
340130, 47597.1700,  1, -160.87, 7.915000000000873
340158, 47600.0850,  3, 312.37, 10.775000000001455
340160, 47600.2950,  3, 299.52, 10.944999999999709
340182, 47602.5850,  3, 283.06, 13.290000000000873
340183, 47602.6900,  3, 299.45, 13.37000000000262
340184, 47602.7950,  3, 321.10, 13.5
340189, 47603.3150,  3, 297.51, 14.04500000000553
340298, 47625.4500,  3, 318.01, 11.215000000003783
340300, 47625.6550,  3, 303.74, 11.355000000003201
340301, 47625.7600,  3, 292.24, 11.535000000003492
340308, 47626.4900,  3, 297.94, 12.185000000004948
340310, 47626.7000,  3, 314.25, 12.42000000000553
340315, 47627.2200,  3, 288.75, 12.92000000000553
340322, 47627.9500,  3, 321.57, 13.685000000004948
340330, 47628.7800,  3, 290.84, 14.520000000004075
340437, 47650.8300,  3, 275.92, 11.029999999998836
340440, 47651.1400,  3, 330.84, 11.330000000001746
340442, 47651.3500,  3, 299.58, 11.474999999998545
340442, 47651.3500,  3, 317.04, 11.470000000001164
340448, 47651.9750,  3, 320.73, 12.099999999998545
340449, 47652.0800,  3, 296.44, 12.264999999999418
340452, 47652.3900,  3, 276.88, 12.5
340465, 47653.7450,  3, 327.91, 13.919999999998254
340568, 47675.4100,  3, 319.12, 10.525000000001455
340577, 47676.3500,  3, 293.23, 11.529999999998836
340580, 47676.6600,  3, 282.70, 11.830000000001746
340580, 47676.6600,  3, 331.84, 11.775000000001455
340587, 47677.3900,  3, 285.69, 12.529999999998836
340593, 47678.0150,  3, 263.54, 13.125
340615, 47680.3100,  3, 311.25, 15.419999999998254
340641, 47683.0150,  3, 284.17, 18.169999999998254
340747, 47704.6700,  3, 260.10, 10.869999999995343
340756, 47705.6050,  3, 310.17, 11.834999999999127
340758, 47705.8150,  3, 308.77, 11.989999999997963
340759, 47705.9200,  3, 311.75, 12.125
340768, 47706.8550,  3, 290.74, 13.114999999997963
340770, 47707.0650,  3, 294.36, 13.279999999998836
340771, 47707.1700,  3, 313.38, 13.37999999999738
340779, 47708.0050,  3, 314.29, 14.219999999993888
340889, 47730.3550,  3, 320.70, 11.270000000004075
340893, 47730.7750,  3, 315.47, 11.720000000001164
340899, 47731.4000,  3, 306.71, 12.385000000002037
340907, 47732.2300,  3, 307.49, 13.200000000004366
340909, 47732.4400,  3, 285.66, 13.375
340921, 47733.6900,  3, 269.31, 14.590000000003783
340923, 47733.9000,  3, 313.65, 14.865000000005239
340953, 47737.0250,  3, 273.19, 18.010000000002037
341056, 47758.6350,  3, 348.16, 10.589999999996508
341064, 47759.4700,  3, 277.21, 11.439999999995052
341065, 47759.5750,  3, 307.92, 11.479999999995925
341066, 47759.6750,  3, 334.37, 11.564999999995052
341066, 47759.6750,  3, 284.40, 11.569999999999709
341071, 47760.2000,  3, 304.70, 12.125
341083, 47761.4500,  3, 309.93, 13.339999999996508
341090, 47762.1750,  3, 285.49, 14.134999999994761
341194, 47784.5800,  3, 307.33, 10.639999999999418
341199, 47785.1000,  3, 321.61, 11.17500000000291
341202, 47785.4100,  3, 294.38, 11.540000000000873
341207, 47785.9350,  3, 286.97, 12.065000000002328
341214, 47786.6600,  3, 328.40, 12.80000000000291
341220, 47787.2850,  3, 288.69, 13.419999999998254
341271, 47792.6000,  3, 246.69, 18.650000000001455
341299, 47795.5150,  3, 255.79, 21.56500000000233
341404, 47817.4350,  3, 345.44, 10.825000000004366
341405, 47817.5350,  1, -148.08, 10.935000000004948
341407, 47817.7450,  3, 333.54, 11.12000000000262
341410, 47818.0600,  3, 303.44, 11.37000000000262
341415, 47818.5800,  3, 295.89, 11.880000000004657
341420, 47819.1000,  3, 295.05, 12.455000000001746
341424, 47819.5150,  3, 323.68, 12.875
341503, 47827.7450,  3, 351.20, 21.139999999999418
341607, 47849.4600,  3, 303.70, 10.639999999999418
341614, 47850.1900,  3, 323.84, 11.394999999996799
341623, 47851.1300,  3, 320.82, 12.294999999998254
341626, 47851.4400,  3, 309.55, 12.644999999996799
341627, 47851.5450,  3, 313.05, 12.714999999996508
341653, 47854.2550,  3, 303.39, 15.464999999996508
341690, 47858.1050,  3, 244.60, 19.27499999999418
341696, 47858.7300,  3, 315.34, 19.959999999999127
341801, 47880.6350,  3, 310.12, 10.805000000000291
341808, 47881.3650,  3, 296.59, 11.489999999997963
341816, 47882.2000,  3, 321.12, 12.394999999996799
341817, 47882.3000,  3, 301.27, 12.424999999995634
341823, 47882.9250,  3, 276.49, 13.104999999995925
341830, 47883.6550,  3, 295.33, 13.784999999996217
341855, 47886.2600,  3, 295.46, 16.360000000000582
341859, 47886.6750,  3, 291.67, 16.864999999997963
341973, 47909.1700,  3, 283.89, 11.764999999999418
341974, 47909.2750,  3, 304.29, 11.794999999998254
341976, 47909.4800,  3, 321.64, 12.0
341977, 47909.5850,  3, 303.19, 12.089999999996508
341999, 47911.8800,  3, 301.87, 14.424999999995634
342000, 47911.9800,  3, 293.36, 14.57499999999709
342013, 47913.3350,  3, 262.67, 15.909999999996217
342017, 47913.7550,  3, 247.80, 16.260000000002037
342116, 47934.7800,  3, 327.16, 10.110000000000582
342136, 47936.8650,  3, 297.67, 12.190000000002328
342137, 47936.9700,  3, 306.55, 12.385000000002037
342143, 47937.5950,  3, 286.68, 13.0
342145, 47937.8000,  3, 304.17, 13.190000000002328
342151, 47938.4250,  3, 291.31, 13.840000000003783
342166, 47939.9900,  3, 303.17, 15.335000000006403
342169, 47940.3000,  3, 293.58, 15.690000000002328
342236, 47957.8900,  1, -165.17, 6.870000000002619
342236, 47957.8900,  1, -139.28, 6.870000000002619
342279, 47962.3700,  3, 307.30, 11.285000000003492
342289, 47963.4100,  3, 294.46, 12.335000000006403
342290, 47963.5150,  3, 310.10, 12.450000000004366
342302, 47964.7650,  3, 261.28, 13.710000000006403
342303, 47964.8700,  3, 318.01, 13.785000000003492
342349, 47969.6600,  3, 268.11, 18.635000000002037
342450, 47990.9550,  3, 319.21, 10.334999999999127
342466, 47992.6200,  3, 312.76, 12.065000000002328
342466, 47992.6200,  3, 311.29, 11.985000000000582
342469, 47992.9350,  3, 294.31, 12.315000000002328
342474, 47993.4550,  3, 296.17, 12.875
342475, 47993.5600,  3, 325.02, 12.989999999997963
342482, 47994.2850,  3, 283.87, 13.69999999999709
342502, 47996.3700,  3, 290.43, 15.794999999998254
342587, 48016.0050,  1, -123.09, 8.75
342587, 48016.0050,  1, -167.41, 8.75
342610, 48018.4000,  3, 297.83, 11.10000000000582
342617, 48019.1300,  3, 311.12, 11.770000000004075
342629, 48020.3800,  3, 295.41, 13.095000000001164
342660, 48023.6050,  3, 295.80, 16.260000000002037
342667, 48024.3350,  3, 315.53, 16.99500000000262
342684, 48026.1050,  3, 277.02, 18.825000000004366
342750, 48043.7300,  1, -147.51, 6.7700000000040745
342750, 48043.7300,  1, -183.64, 6.7700000000040745
342784, 48047.2750,  3, 304.91, 10.279999999998836
342798, 48048.7300,  3, 309.63, 11.705000000001746
342802, 48049.1500,  3, 300.34, 12.12000000000262
342812, 48050.1900,  3, 324.68, 13.200000000004366
342815, 48050.5050,  3, 305.01, 13.529999999998836
342834, 48052.4800,  3, 263.16, 15.455000000001746
342950, 48076.0150,  3, 302.13, 11.89999999999418
342950, 48076.0150,  3, 313.42, 11.89999999999418
342960, 48077.0600,  3, 313.06, 13.014999999999418
342962, 48077.2650,  3, 308.74, 13.154999999998836
342963, 48077.3700,  3, 265.64, 13.32499999999709
342969, 48077.9950,  3, 296.71, 13.884999999994761
342981, 48079.2450,  3, 305.88, 15.19999999999709
342984, 48079.5600,  3, 309.92, 15.509999999994761
343087, 48100.9700,  3, 315.36, 10.534999999996217
343093, 48101.5950,  3, 292.30, 11.159999999996217
343098, 48102.1150,  3, 282.11, 11.724999999998545
343099, 48102.2200,  3, 315.38, 11.769999999996799
343110, 48103.3650,  3, 288.57, 12.955000000001746
343120, 48104.4050,  3, 246.65, 13.989999999997963
343124, 48104.8250,  3, 275.56, 14.430000000000291
343127, 48105.1350,  3, 311.37, 14.69999999999709
343191, 48122.6150,  1, -163.86, 6.564999999995052
343191, 48122.6150,  1, -132.03, 6.564999999995052
343229, 48126.5750,  3, 310.24, 10.509999999994761
343236, 48127.3000,  3, 333.01, 11.169999999998254
343241, 48127.8250,  3, 273.11, 11.744999999995343
343241, 48127.8250,  3, 318.78, 11.669999999998254
343254, 48129.1750,  3, 287.40, 13.055000000000291
343255, 48129.2800,  3, 289.57, 13.169999999998254
343365, 48151.4000,  3, 314.78, 11.305000000000291
343367, 48151.6050,  3, 324.81, 11.480000000003201
343368, 48151.7100,  3, 302.61, 11.62000000000262
343369, 48151.8150,  3, 305.21, 11.669999999998254
343382, 48153.1700,  3, 318.04, 13.069999999999709
343383, 48153.2750,  3, 293.01, 13.169999999998254
343394, 48154.4200,  3, 271.66, 14.279999999998836
343447, 48159.9400,  3, 253.29, 19.81500000000233
343556, 48182.0850,  3, 284.20, 11.145000000004075
343556, 48182.0850,  3, 345.63, 11.230000000003201
343557, 48182.1900,  3, 314.79, 11.315000000002328
343559, 48182.4000,  3, 294.48, 11.525000000001455
343565, 48183.0250,  3, 290.83, 12.085000000006403
343572, 48183.7550,  3, 317.56, 12.875
343579, 48184.4800,  3, 296.99, 13.580000000001746
343584, 48185.0050,  3, 283.76, 14.080000000001746
343688, 48206.7300,  3, 311.63, 10.684999999997672
343694, 48207.3550,  3, 287.04, 11.315000000002328
343697, 48207.6700,  3, 289.13, 11.654999999998836
343705, 48208.5050,  3, 293.71, 12.410000000003492
343710, 48209.0250,  3, 304.92, 12.99500000000262
343711, 48209.1300,  3, 300.69, 13.105000000003201
343713, 48209.3350,  3, 269.68, 13.319999999999709
343714, 48209.4400,  3, 307.35, 13.334999999999127
343823, 48231.8150,  3, 295.34, 11.214999999996508
343825, 48232.0250,  3, 326.61, 11.39999999999418
343827, 48232.2300,  3, 318.33, 11.584999999999127
343828, 48232.3350,  3, 300.94, 11.724999999998545
343831, 48232.6500,  3, 292.88, 11.989999999997963
343831, 48232.6500,  3, 286.36, 12.055000000000291
343847, 48234.3150,  3, 290.33, 13.644999999996799
343849, 48234.5250,  3, 242.50, 13.894999999996799
343955, 48256.5250,  3, 329.38, 10.860000000000582
343958, 48256.8350,  3, 278.63, 11.155000000006112
343964, 48257.4600,  3, 290.83, 11.860000000000582
343966, 48257.6700,  3, 292.44, 11.99500000000262
343972, 48258.2950,  3, 300.68, 12.605000000003201
343973, 48258.4000,  3, 309.10, 12.790000000000873
343988, 48259.9600,  3, 323.00, 14.355000000003201
344008, 48262.0450,  3, 273.98, 16.380000000004657
344117, 48284.2950,  3, 323.74, 11.240000000005239
344125, 48285.1300,  3, 318.32, 12.055000000000291
344129, 48285.5450,  3, 319.58, 12.435000000004948
344130, 48285.6500,  3, 272.53, 12.514999999999418
344133, 48285.9600,  3, 295.22, 12.830000000001746
344143, 48287.0050,  3, 303.39, 13.940000000002328
344144, 48287.1050,  3, 299.92, 14.040000000000873
344177, 48290.5450,  3, 292.86, 17.459999999999127
344282, 48313.0650,  3, 323.96, 10.769999999996799
344283, 48313.1700,  3, 305.75, 10.900000000001455
344285, 48313.3800,  3, 314.36, 11.040000000000873
344287, 48313.5850,  3, 318.32, 11.290000000000873
344289, 48313.7950,  3, 279.10, 11.485000000000582
344294, 48314.3150,  3, 309.92, 12.014999999999418
344298, 48314.7300,  3, 311.30, 12.479999999995925
344302, 48315.1500,  3, 302.28, 12.845000000001164
344358, 48331.8550,  1, -131.12, 5.730000000003201
344358, 48331.8550,  1, -127.55, 5.730000000003201
344412, 48337.4800,  3, 249.53, 11.345000000001164
344415, 48337.7950,  3, 324.64, 11.635000000002037
344418, 48338.1050,  3, 288.47, 11.894999999996799
344428, 48339.1500,  3, 293.62, 12.959999999999127
344428, 48339.1500,  3, 265.54, 12.970000000001164
344441, 48340.5050,  3, 304.39, 14.364999999997963
344498, 48356.9800,  1, -126.48, 5.830000000001746
344498, 48356.9800,  1, -149.80, 5.830000000001746
344555, 48362.9200,  3, 298.44, 11.669999999998254
344558, 48363.2300,  3, 317.95, 12.059999999997672
344561, 48363.5450,  3, 305.23, 12.294999999998254
344567, 48364.1700,  3, 310.97, 12.934999999997672
344586, 48366.1500,  3, 311.76, 14.959999999999127
344600, 48367.6050,  3, 244.58, 16.385000000002037
344700, 48388.8700,  3, 333.70, 10.24500000000262
344703, 48389.1850,  3, 306.08, 10.555000000000291
344708, 48389.7050,  3, 290.49, 11.10000000000582
344708, 48389.7050,  3, 327.82, 11.12000000000262
344710, 48389.9100,  3, 302.35, 11.330000000001746
344717, 48390.6400,  3, 289.62, 12.010000000002037
344718, 48390.7450,  3, 311.78, 12.110000000000582
344735, 48392.5150,  3, 314.05, 13.87000000000262
344844, 48414.6050,  3, 322.75, 11.17500000000291
344847, 48414.9200,  3, 292.38, 11.540000000000873
344850, 48415.2300,  3, 308.81, 11.864999999997963
344860, 48416.2750,  3, 268.59, 12.854999999995925
344860, 48416.2750,  3, 326.34, 12.815000000002328
344869, 48417.2100,  3, 292.02, 13.809999999997672
344883, 48418.6700,  3, 280.86, 15.294999999998254
344890, 48419.4000,  3, 284.31, 16.025000000001455
344993, 48441.0750,  3, 309.23, 10.540000000000873
344995, 48441.2800,  3, 310.41, 10.770000000004075
344998, 48441.5950,  3, 294.40, 11.055000000000291
344999, 48441.7000,  3, 337.57, 11.210000000006403
345007, 48442.5300,  3, 279.87, 11.97500000000582
345008, 48442.6350,  3, 305.14, 12.085000000006403
345026, 48444.5100,  3, 315.79, 14.055000000000291
345028, 48444.7200,  3, 304.40, 14.17000000000553
345137, 48466.8350,  3, 303.00, 11.209999999999127
345147, 48467.8800,  3, 328.02, 12.194999999999709
345149, 48468.0850,  3, 292.61, 12.415000000000873
345150, 48468.1900,  3, 335.94, 12.525000000001455
345163, 48469.5450,  3, 286.30, 13.919999999998254
345170, 48470.2750,  3, 281.41, 14.614999999997963
345188, 48472.1500,  3, 309.42, 16.55999999999767
345246, 48478.1900,  3, 261.57, 22.529999999998836
345357, 48500.5050,  3, 325.57, 11.404999999998836
345365, 48501.3350,  3, 297.72, 12.220000000001164
345378, 48502.6900,  3, 283.83, 13.540000000000873
345379, 48502.7950,  3, 284.42, 13.740000000005239
345380, 48502.9000,  3, 276.03, 13.785000000003492
345410, 48506.0250,  3, 294.96, 16.970000000001164
345422, 48507.2750,  3, 293.57, 18.165000000000873
345436, 48508.7300,  3, 303.86, 19.639999999999418
345546, 48530.9950,  3, 313.20, 11.334999999999127
345551, 48531.5150,  3, 314.63, 11.845000000001164
345559, 48532.3500,  3, 278.13, 12.67500000000291
345562, 48532.6600,  3, 299.50, 12.974999999998545
345564, 48532.8700,  3, 298.12, 13.12999999999738
345564, 48532.8700,  3, 280.26, 13.215000000003783
345580, 48534.5350,  3, 287.56, 14.80000000000291
345586, 48535.1600,  3, 288.34, 15.514999999999418
345689, 48556.8150,  3, 316.52, 10.595000000001164
345693, 48557.2300,  3, 311.97, 10.989999999997963
345694, 48557.3350,  3, 307.28, 11.139999999999418
345696, 48557.5450,  3, 314.73, 11.25499999999738
345700, 48557.9600,  3, 316.78, 11.759999999994761
345701, 48558.0650,  3, 306.49, 11.819999999999709
345722, 48560.2550,  3, 301.50, 13.974999999998545
345737, 48561.8150,  3, 339.38, 15.529999999998836
345852, 48584.7000,  3, 273.82, 11.819999999999709
345858, 48585.3250,  3, 310.29, 12.480000000003201
345888, 48588.4500,  3, 296.60, 15.584999999999127
345892, 48588.8650,  3, 319.79, 16.010000000002037
345892, 48588.8650,  3, 273.29, 16.025000000001455
345923, 48592.0950,  3, 301.52, 19.25
345926, 48592.4050,  3, 319.11, 19.49500000000262
345938, 48593.6550,  3, 263.66, 20.80500000000029
346017, 48612.7850,  1, -182.07, 8.12000000000262
346017, 48612.7850,  1, -141.72, 8.12000000000262
346045, 48615.7050,  3, 271.52, 11.0
346050, 48616.2250,  3, 287.37, 11.479999999995925
346051, 48616.3300,  3, 310.08, 11.639999999999418
346059, 48617.1600,  3, 314.27, 12.470000000001164
346064, 48617.6850,  3, 312.61, 12.944999999999709
346072, 48618.5150,  3, 329.20, 13.819999999999709
346178, 48640.3250,  3, 306.60, 10.845000000001164
346180, 48640.5300,  3, 317.32, 11.044999999998254
346181, 48640.6350,  3, 291.01, 11.220000000001164
346184, 48640.9500,  3, 328.06, 11.525000000001455
346193, 48641.8850,  3, 284.88, 12.459999999999127
346194, 48641.9900,  3, 313.45, 12.57999999999447
346202, 48642.8250,  3, 307.55, 13.434999999997672
346206, 48643.2400,  3, 297.63, 13.834999999999127
346273, 48661.3100,  1, -174.42, 6.879999999997381
346273, 48661.3100,  1, -122.10, 6.879999999997381
346313, 48665.4750,  3, 328.05, 10.985000000000582
346315, 48665.6850,  3, 289.89, 11.169999999998254
346319, 48666.1000,  3, 305.22, 11.625
346323, 48666.5150,  3, 307.21, 12.014999999999418
346341, 48668.3900,  3, 282.16, 13.919999999998254
346343, 48668.6000,  3, 286.79, 14.110000000000582
346405, 48686.0300,  1, -159.86, 6.3549999999959255
346405, 48686.0300,  1, -121.40, 6.3549999999959255
346443, 48689.9900,  3, 328.16, 10.239999999997963
346456, 48691.3450,  3, 274.96, 11.664999999993597
346461, 48691.8650,  3, 335.36, 12.094999999993888
346465, 48692.2800,  3, 305.65, 12.599999999998545
346467, 48692.4900,  3, 289.91, 12.77499999999418
346470, 48692.8000,  3, 273.15, 13.029999999998836
346522, 48709.9400,  1, -136.20, 5.310000000004948
346522, 48709.9400,  1, -151.90, 5.310000000004948
346572, 48715.1500,  3, 326.44, 10.480000000003201
346576, 48715.5650,  3, 316.12, 10.834999999999127
346586, 48716.6050,  3, 301.61, 11.885000000002037
346600, 48718.0650,  3, 292.36, 13.430000000000291
346613, 48719.4200,  3, 316.15, 14.694999999999709
346627, 48720.8800,  3, 276.77, 16.17000000000553
346723, 48741.5350,  1, -179.44, 9.890000000006694
346723, 48741.5350,  1, -160.35, 9.890000000006694
346737, 48742.9950,  3, 311.29, 11.24500000000262
346745, 48743.8300,  3, 290.58, 12.10000000000582
346746, 48743.9350,  3, 328.51, 12.270000000004075
346747, 48744.0350,  3, 288.23, 12.319999999999709
346748, 48744.1400,  3, 301.01, 12.460000000006403
346751, 48744.4550,  3, 284.88, 12.790000000000873
346855, 48766.1600,  3, 302.84, 10.700000000004366
346856, 48766.2650,  3, 299.61, 10.740000000005239
346860, 48766.6850,  3, 315.06, 11.190000000002328
346865, 48767.2050,  3, 312.32, 11.735000000000582
346867, 48767.4100,  3, 316.52, 11.955000000001746
346869, 48767.6200,  3, 336.72, 12.125
346874, 48768.1400,  3, 281.48, 12.60000000000582
346911, 48771.9950,  3, 278.23, 16.459999999999127
346987, 48790.7050,  1, -181.71, 7.810000000004948
346987, 48790.7050,  1, -115.75, 7.810000000004948
347029, 48795.0800,  3, 307.74, 12.110000000000582
347030, 48795.1850,  3, 300.23, 12.270000000004075
347050, 48797.2650,  3, 331.01, 14.285000000003492
347054, 48797.6850,  3, 324.91, 14.694999999999709
347058, 48798.1000,  3, 319.15, 15.130000000004657
347070, 48799.3500,  3, 339.18, 16.36500000000524
347139, 48817.2100,  1, -156.86, 7.084999999999127
347139, 48817.2100,  1, -154.59, 7.084999999999127
347170, 48820.4400,  3, 336.21, 10.239999999997963
347181, 48821.5850,  3, 345.35, 11.375
347196, 48823.1500,  3, 284.83, 12.974999999998545
347213, 48824.9200,  3, 297.37, 14.739999999997963
347219, 48825.5450,  3, 310.23, 15.404999999998836
347235, 48827.2100,  3, 260.47, 16.989999999997963
347286, 48843.4050,  1, -132.36, 5.205000000001746
347286, 48843.4050,  1, -145.99, 5.205000000001746
347338, 48848.8250,  3, 291.08, 10.62000000000262
347338, 48848.8250,  3, 327.43, 10.580000000001746
347341, 48849.1350,  3, 309.96, 10.840000000003783
347344, 48849.4500,  3, 304.52, 11.194999999999709
347351, 48850.1750,  3, 319.62, 11.915000000000873
347362, 48851.3250,  3, 290.45, 13.060000000004948
347472, 48873.4600,  3, 289.59, 11.334999999999127
347475, 48873.7750,  3, 329.79, 11.635000000002037
347477, 48873.9800,  3, 296.66, 11.864999999997963
347502, 48876.5850,  3, 296.22, 14.434999999997672
347511, 48877.5250,  3, 285.28, 15.32499999999709
347522, 48878.6700,  3, 285.25, 16.510000000002037
347523, 48878.7750,  3, 305.57, 16.56999999999971
347571, 48883.7750,  3, 259.57, 21.635000000002037
347674, 48905.1850,  3, 297.39, 10.555000000000291
347678, 48905.6000,  3, 324.83, 11.019999999996799
347679, 48905.7050,  3, 290.75, 11.125
347685, 48906.3300,  3, 315.13, 11.67500000000291
347691, 48906.9550,  3, 266.16, 12.294999999998254
347691, 48906.9550,  3, 314.03, 12.360000000000582
347692, 48907.0600,  3, 292.26, 12.464999999996508
347726, 48910.6000,  3, 299.06, 15.99500000000262
347836, 48933.0450,  3, 283.13, 11.25499999999738
347838, 48933.2550,  3, 277.95, 11.485000000000582
347840, 48933.4600,  3, 293.39, 11.689999999995052
347854, 48934.9200,  3, 286.09, 13.12999999999738
347881, 48937.7300,  3, 287.98, 16.029999999998836
347882, 48937.8350,  3, 266.65, 16.139999999999418
347888, 48938.4600,  3, 270.20, 16.709999999999127
347900, 48939.7100,  3, 279.47, 17.919999999998254
348006, 48961.5100,  3, 310.97, 10.934999999997672
348021, 48963.0750,  3, 268.38, 12.44999999999709
348022, 48963.1750,  3, 290.31, 12.559999999997672
348028, 48963.8000,  3, 288.89, 13.194999999999709
348042, 48965.2600,  3, 309.11, 14.660000000003492
348053, 48966.4050,  3, 287.62, 15.82499999999709
348056, 48966.7200,  3, 286.79, 16.05000000000291
348067, 48967.8650,  3, 286.11, 17.260000000002037
348204, 48992.9000,  3, 287.84, 14.065000000002328
348221, 48994.6700,  3, 291.29, 15.834999999999127
348224, 48994.9800,  3, 273.98, 16.154999999998836
348224, 48994.9800,  3, 338.89, 16.150000000001455
348226, 48995.1900,  3, 261.86, 16.37999999999738
348240, 48996.6500,  3, 305.34, 17.81500000000233
348278, 49000.6050,  3, 268.13, 21.779999999998836
348296, 49002.4800,  3, 275.06, 23.735000000000582
348404, 49024.5600,  3, 295.69, 11.084999999999127
348413, 49025.4950,  3, 303.44, 12.044999999998254
348415, 49025.7050,  3, 304.42, 12.205000000001746
348423, 49026.5350,  3, 302.95, 13.059999999997672
348432, 49027.4750,  3, 324.01, 13.989999999997963
348438, 49028.1000,  3, 306.71, 14.599999999998545
348447, 49029.0350,  3, 301.32, 15.614999999997963
348469, 49031.3300,  3, 284.42, 17.82499999999709
348593, 49055.2050,  3, 297.67, 12.74500000000262
348607, 49056.6600,  3, 299.50, 14.264999999999418
348608, 49056.7650,  3, 289.78, 14.275000000001455
348610, 49056.9750,  3, 321.18, 14.540000000000873
348611, 49057.0800,  3, 292.25, 14.62000000000262
348626, 49058.6400,  3, 289.73, 16.17500000000291
348629, 49058.9550,  3, 307.70, 16.485000000000582
348635, 49059.5800,  3, 317.80, 17.169999999998254
348745, 49081.6850,  3, 297.90, 11.319999999999709
348747, 49081.8900,  3, 319.68, 11.459999999999127
348749, 49082.1000,  3, 328.63, 11.705000000001746
348750, 49082.2050,  3, 304.84, 11.784999999996217
348758, 49083.0350,  3, 320.42, 12.674999999995634
348770, 49084.2850,  3, 303.45, 13.884999999994761
348773, 49084.6000,  3, 322.76, 14.169999999998254
348784, 49085.7450,  3, 315.34, 15.314999999995052
348891, 49107.6500,  3, 287.69, 10.974999999998545
348902, 49108.7950,  3, 301.48, 12.144999999996799
348921, 49110.7750,  3, 293.37, 14.110000000000582
348923, 49110.9800,  3, 287.60, 14.315000000002328
348926, 49111.2950,  3, 267.16, 14.67500000000291
348926, 49111.2950,  3, 262.49, 14.639999999999418
348934, 49112.1300,  3, 292.31, 15.514999999999418
348953, 49114.1050,  3, 318.05, 17.43000000000029
349066, 49136.6700,  3, 321.13, 11.589999999996508
349066, 49136.6700,  3, 324.52, 11.639999999999418
349075, 49137.6050,  3, 329.62, 12.559999999997672
349086, 49138.7550,  3, 270.59, 13.690000000002328
349111, 49141.3550,  3, 289.74, 16.2699999999968
349123, 49142.6050,  3, 304.98, 17.514999999999418
349132, 49143.5450,  3, 305.34, 18.510000000002037
349135, 49143.8550,  3, 300.62, 18.849999999998545
349250, 49167.5250,  3, 299.00, 11.860000000000582
349250, 49167.5250,  3, 284.34, 11.799999999995634
349252, 49167.7300,  3, 308.11, 12.0
349264, 49168.9800,  3, 302.26, 13.264999999999418
349271, 49169.7100,  3, 311.36, 13.985000000000582
349301, 49172.8350,  3, 300.42, 17.125
349307, 49173.4600,  3, 251.59, 17.80500000000029
349308, 49173.5650,  3, 273.21, 17.875
349414, 49196.3150,  3, 296.29, 10.87000000000262
349443, 49199.3350,  3, 343.34, 13.875
349447, 49199.7550,  3, 301.68, 14.280000000006112
349454, 49200.4800,  3, 285.99, 15.084999999999127
349458, 49200.9000,  3, 276.52, 15.47500000000582
349469, 49202.0450,  3, 319.81, 16.575000000004366
349475, 49202.6700,  3, 288.76, 17.25
349515, 49206.8350,  3, 292.02, 21.42000000000553
349648, 49231.5850,  3, 319.81, 13.665000000000873
349655, 49232.3150,  3, 320.36, 14.455000000001746
349655, 49232.3150,  3, 303.53, 14.465000000003783
349662, 49233.0450,  3, 319.69, 15.154999999998836
349663, 49233.1500,  3, 314.72, 15.275000000001455
349674, 49234.2950,  3, 288.24, 16.450000000004366
349680, 49234.9200,  3, 291.59, 17.044999999998254
349684, 49235.3350,  3, 263.64, 17.400000000001455
349811, 49259.3700,  3, 288.48, 13.044999999998254
349826, 49260.9350,  3, 282.21, 14.665000000000873
349829, 49261.2450,  3, 322.73, 14.909999999996217
349832, 49261.5600,  3, 274.40, 15.305000000000291
349847, 49263.1200,  3, 260.27, 16.80999999999767
349865, 49264.9950,  3, 271.47, 18.714999999996508
349873, 49265.8300,  3, 283.49, 19.5199999999968
349878, 49266.3500,  3, 306.26, 20.00999999999476
349985, 49288.4550,  3, 260.23, 11.039999999993597
349997, 49289.7050,  3, 315.57, 12.284999999996217
349999, 49289.9100,  3, 306.38, 12.419999999998254
350008, 49290.8500,  3, 259.62, 13.419999999998254
350018, 49291.8900,  3, 262.44, 14.429999999993015
350032, 49293.3500,  3, 304.37, 15.884999999994761
350044, 49294.6000,  3, 307.35, 17.159999999996217
350059, 49296.1600,  3, 301.38, 18.714999999996508
350159, 49317.4750,  3, 292.52, 10.269999999996799
350168, 49318.4100,  3, 301.29, 11.184999999997672
350177, 49319.3500,  3, 318.33, 12.165000000000873
350182, 49319.8700,  3, 296.90, 12.69999999999709
350185, 49320.1850,  3, 292.96, 12.94999999999709
350212, 49322.9950,  3, 318.71, 15.760000000002037
350239, 49325.8100,  3, 299.38, 18.595000000001164
350258, 49327.7850,  3, 312.42, 20.540000000000873
350361, 49349.2550,  3, 311.33, 10.584999999999127
350363, 49349.4600,  3, 304.02, 10.769999999996799
350365, 49349.6700,  3, 319.47, 10.959999999999127
350396, 49352.9000,  3, 308.78, 14.17500000000291
350398, 49353.1050,  3, 281.30, 14.42500000000291
350399, 49353.2100,  3, 302.79, 14.555000000000291
350408, 49354.1500,  3, 300.60, 15.464999999996508
350415, 49354.8800,  3, 298.82, 16.209999999999127
350518, 49376.3100,  3, 289.69, 10.610000000000582
350524, 49376.9350,  3, 304.36, 11.240000000005239
350534, 49377.9750,  3, 297.40, 12.240000000005239
350540, 49378.6000,  3, 302.93, 12.810000000004948
350546, 49379.2250,  3, 311.76, 13.470000000001164
350550, 49379.6400,  3, 280.16, 13.87000000000262
350563, 49380.9950,  3, 290.75, 15.22500000000582
350622, 49387.1400,  3, 284.85, 21.3550000000032
350725, 49409.5600,  3, 306.02, 10.560000000004948
350728, 49409.8700,  3, 297.45, 10.885000000002037
350734, 49410.4950,  3, 320.30, 11.555000000000291
350745, 49411.6400,  3, 292.19, 12.650000000001455
350764, 49413.6200,  3, 345.21, 14.630000000004657
350772, 49414.4550,  3, 314.08, 15.444999999999709
350790, 49416.3300,  3, 271.48, 17.325000000004366
350815, 49418.9350,  3, 275.10, 19.94000000000233
350888, 49437.4900,  1, -146.47, 7.5
350888, 49437.4900,  1, -147.50, 7.5
350933, 49442.1750,  3, 271.19, 12.115000000005239
350934, 49442.2800,  3, 311.40, 12.235000000000582
350962, 49445.2000,  3, 255.40, 15.125
350963, 49445.3000,  3, 293.05, 15.275000000001455
350967, 49445.7200,  3, 258.78, 15.645000000004075
350974, 49446.4500,  3, 252.14, 16.450000000004366
351081, 49469.2950,  3, 290.03, 11.0
351083, 49469.5050,  3, 311.50, 11.145000000004075
351084, 49469.6050,  3, 301.20, 11.310000000004948
351125, 49473.8800,  3, 299.66, 15.560000000004948
351128, 49474.1900,  3, 315.40, 15.860000000000582
351130, 49474.4000,  3, 291.91, 16.135000000002037
351130, 49474.4000,  3, 274.84, 16.060000000004948
351166, 49478.1500,  3, 244.90, 19.86500000000524
351281, 49500.7950,  3, 318.08, 11.790000000000873
351292, 49501.9400,  3, 306.99, 12.950000000004366
351293, 49502.0450,  3, 325.42, 13.080000000001746
351305, 49503.2950,  3, 267.88, 14.315000000002328
351308, 49503.6050,  3, 289.97, 14.654999999998836
351313, 49504.1300,  3, 312.78, 15.185000000004948
351334, 49506.3150,  3, 248.82, 17.325000000004366
351350, 49507.9800,  3, 299.19, 19.05000000000291
351464, 49530.6500,  3, 323.55, 11.720000000001164
351480, 49532.3150,  3, 312.38, 13.339999999996508
351486, 49532.9400,  3, 287.08, 14.010000000002037
351491, 49533.4600,  3, 337.60, 14.480000000003201
351492, 49533.5650,  3, 332.76, 14.650000000001455
351497, 49534.0850,  3, 295.77, 15.160000000003492
351500, 49534.4000,  3, 334.00, 15.434999999997672
351506, 49535.0250,  3, 284.38, 16.125
351593, 49554.9050,  1, -126.52, 8.959999999999127
351593, 49554.9050,  1, -166.08, 8.959999999999127
351611, 49556.7800,  3, 312.31, 10.794999999998254
351621, 49557.8250,  3, 305.74, 11.775000000001455
351635, 49559.2800,  3, 292.53, 13.269999999996799
351648, 49560.6350,  3, 320.70, 14.625
351667, 49562.6150,  3, 271.78, 16.56999999999971
351705, 49566.5750,  3, 258.27, 20.55999999999767
351789, 49586.1700,  1, -169.85, 8.644999999996799
351789, 49586.1700,  1, -175.33, 8.644999999996799
351810, 49588.3550,  3, 311.58, 10.82499999999709
351811, 49588.4600,  3, 303.99, 10.845000000001164
351840, 49591.4800,  3, 266.94, 13.860000000000582
351859, 49593.4600,  3, 257.95, 15.87999999999738
351881, 49595.7550,  3, 245.72, 18.150000000001455
351881, 49595.7550,  3, 279.22, 18.19999999999709
351982, 49617.8500,  3, 312.17, 10.365000000005239
351983, 49617.9550,  3, 304.71, 10.514999999999418
351986, 49618.2650,  3, 299.96, 10.760000000002037
352014, 49621.1850,  3, 304.30, 13.735000000000582
352029, 49622.7450,  3, 274.30, 15.235000000000582
352033, 49623.1600,  3, 279.36, 15.639999999999418
352038, 49623.6850,  3, 321.49, 16.209999999999127
352048, 49624.7250,  3, 282.35, 17.24500000000262
352151, 49646.1550,  3, 315.69, 10.62000000000262
352159, 49646.9900,  3, 276.12, 11.400000000001455
352162, 49647.3000,  3, 323.45, 11.690000000002328
352165, 49647.6150,  3, 298.04, 12.029999999998836
352168, 49647.9250,  3, 310.50, 12.345000000001164
352182, 49649.3850,  3, 296.04, 13.819999999999709
352197, 49650.9500,  3, 276.59, 15.404999999998836
352209, 49652.2000,  3, 287.69, 16.580000000001746
352313, 49673.9250,  3, 249.62, 10.639999999999418
352316, 49674.2400,  3, 302.28, 11.014999999999418
352321, 49674.7600,  3, 283.39, 11.529999999998836
352350, 49677.7800,  3, 276.64, 14.489999999997963
352358, 49678.6150,  3, 287.26, 15.360000000000582
352365, 49679.3450,  3, 284.89, 16.044999999998254
352365, 49679.3450,  3, 282.24, 16.05000000000291
352379, 49680.8000,  3, 256.24, 17.599999999998545
352444, 49698.5450,  1, -167.28, 6.669999999998254
352444, 49698.5450,  1, -139.96, 6.669999999998254
352484, 49702.7100,  3, 314.04, 10.785000000003492
352490, 49703.3350,  3, 282.18, 11.364999999997963
352492, 49703.5450,  3, 281.22, 11.57499999999709
352500, 49704.3800,  3, 297.75, 12.404999999998836
352503, 49704.6900,  3, 308.96, 12.75
352503, 49704.6900,  3, 293.35, 12.760000000002037
352564, 49721.7400,  1, -145.62, 6.25
352564, 49721.7400,  1, -142.04, 6.25
352608, 49726.3250,  3, 320.71, 10.825000000004366
352627, 49728.3000,  3, 280.44, 12.74500000000262
352630, 49728.6150,  3, 297.68, 13.020000000004075
352648, 49730.4900,  3, 294.75, 14.915000000000873
352654, 49731.1150,  3, 285.94, 15.565000000002328
352674, 49733.2000,  3, 252.31, 17.660000000003492
352788, 49755.7100,  3, 273.44, 11.669999999998254
352818, 49758.8350,  3, 273.88, 14.845000000001164
352819, 49758.9400,  3, 286.81, 14.994999999995343
352822, 49759.2550,  3, 280.29, 15.214999999996508
352825, 49759.5650,  3, 283.32, 15.52499999999418
352829, 49759.9800,  3, 246.29, 15.944999999999709
352859, 49763.1050,  3, 272.75, 19.07499999999709
352863, 49763.5250,  3, 289.34, 19.5199999999968
352964, 49785.0100,  3, 298.58, 10.389999999999418
352980, 49786.6750,  3, 296.57, 12.07499999999709
352996, 49788.3450,  3, 298.59, 13.69999999999709
353009, 49789.7000,  3, 285.79, 15.084999999999127
353010, 49789.8000,  3, 316.47, 15.165000000000873
353016, 49790.4250,  3, 301.36, 15.779999999998836
353016, 49790.4250,  3, 293.68, 15.809999999997672
353069, 49795.9500,  3, 245.27, 21.294999999998254
353176, 49818.0250,  3, 292.33, 10.964999999996508
353189, 49819.3800,  3, 313.86, 12.294999999998254
353196, 49820.1050,  3, 327.87, 13.110000000000582
353214, 49821.9800,  3, 311.37, 14.974999999998545
353218, 49822.4000,  3, 284.10, 15.394999999996799
353223, 49822.9200,  3, 280.29, 15.894999999996799
353233, 49823.9600,  3, 297.93, 16.94999999999709
353328, 49833.8550,  3, 259.20, 26.81999999999971
353432, 49855.7000,  3, 296.43, 10.69999999999709
353439, 49856.4250,  3, 318.79, 11.369999999995343
353440, 49856.5300,  3, 318.63, 11.50499999999738
353440, 49856.5300,  3, 331.77, 11.459999999999127
353443, 49856.8450,  3, 293.50, 11.864999999997963
353450, 49857.5750,  3, 278.16, 12.534999999996217
353455, 49858.0950,  3, 293.95, 13.059999999997672
353574, 49870.4900,  3, 277.46, 25.424999999995634
353680, 49892.1200,  3, 294.86, 10.894999999996799
353695, 49893.6850,  3, 282.65, 12.5
353699, 49894.1000,  3, 291.90, 12.819999999999709
353706, 49894.8300,  3, 286.96, 13.62999999999738
353716, 49895.8700,  3, 302.92, 14.589999999996508
353716, 49895.8700,  3, 298.72, 14.614999999997963
353749, 49899.3100,  3, 279.96, 18.034999999996217
353796, 49904.2050,  3, 242.48, 22.94999999999709
353917, 49927.5600,  3, 297.27, 12.42500000000291
353918, 49927.6600,  3, 317.46, 12.525000000001455
353924, 49928.2850,  3, 298.90, 13.209999999999127
353934, 49929.3300,  3, 274.91, 14.190000000002328
353938, 49929.7450,  3, 313.47, 14.680000000000291
353971, 49933.1850,  3, 256.64, 18.06500000000233
353976, 49933.7050,  3, 257.04, 18.55500000000029
354033, 49939.6400,  3, 233.64, 24.510000000002037
354139, 49961.4600,  3, 306.30, 10.869999999995343
354147, 49962.2950,  3, 315.79, 11.729999999995925
354148, 49962.4000,  3, 306.14, 11.809999999997672
354148, 49962.4000,  3, 297.73, 11.775000000001455
354191, 49966.8800,  3, 254.10, 16.345000000001164
354202, 49968.0250,  3, 294.42, 17.415000000000873
354205, 49968.3350,  3, 293.52, 17.799999999995634
354236, 49971.5650,  3, 319.06, 20.939999999995052
354291, 49987.9600,  1, -160.63, 5.620000000002619
354291, 49987.9600,  1, -152.79, 5.620000000002619
354349, 49994.0050,  3, 301.52, 11.635000000002037
354358, 49994.9400,  3, 304.34, 12.520000000004075
354364, 49995.5650,  3, 317.19, 13.17000000000553
354370, 49996.1900,  3, 297.15, 13.780000000006112
354379, 49997.1300,  3, 300.90, 14.755000000004657
354577, 50017.7550,  3, 224.44, 35.325000000004366
354683, 50039.7550,  3, 334.65, 10.860000000000582
354685, 50039.9600,  3, 303.15, 11.07999999999447
354685, 50039.9600,  3, 288.12, 11.044999999998254
354688, 50040.2750,  3, 288.52, 11.44999999999709
354692, 50040.6900,  3, 264.16, 11.854999999995925
354700, 50041.5250,  3, 299.60, 12.665000000000873
354772, 50049.0250,  3, 313.15, 20.19999999999709
354773, 50049.1300,  3, 296.40, 20.30999999999767
354881, 50071.1900,  3, 309.51, 11.105000000003201
354884, 50071.5050,  3, 291.01, 11.440000000002328
354885, 50071.6050,  3, 300.48, 11.470000000001164
354885, 50071.6050,  3, 321.50, 11.55000000000291
354901, 50073.2750,  3, 298.32, 13.165000000000873
354927, 50075.9800,  3, 279.28, 15.915000000000873
354928, 50076.0850,  3, 300.78, 16.025000000001455
355008, 50084.4200,  3, 236.12, 24.334999999999127
355123, 50107.2800,  3, 283.58, 11.87000000000262
355144, 50109.4700,  3, 306.55, 13.965000000003783
355146, 50109.6750,  3, 272.39, 14.239999999997963
355148, 50109.8850,  3, 292.51, 14.465000000003783
355150, 50110.0950,  3, 301.22, 14.645000000004075
355157, 50110.8250,  3, 274.08, 15.315000000002328
355198, 50115.0950,  3, 270.21, 19.625
355215, 50116.8650,  3, 279.95, 21.385000000002037
355269, 50133.4700,  1, -150.88, 5.525000000001455
355269, 50133.4700,  1, -126.59, 5.525000000001455
355331, 50139.9250,  3, 337.59, 11.910000000003492
355345, 50141.3850,  3, 294.86, 13.389999999999418
355348, 50141.7000,  3, 280.58, 13.654999999998836
355351, 50142.0100,  3, 276.37, 13.959999999999127
355354, 50142.3250,  3, 303.36, 14.309999999997672
355395, 50146.5950,  3, 294.35, 18.599999999998545
355509, 50169.3000,  3, 313.98, 11.684999999997672
355512, 50169.6150,  3, 311.23, 11.985000000000582
355529, 50171.3850,  3, 282.56, 13.779999999998836
355534, 50171.9050,  3, 271.08, 14.290000000000873
355539, 50172.4250,  3, 297.30, 14.864999999997963
355541, 50172.6350,  3, 331.15, 15.0
355543, 50172.8450,  3, 293.56, 15.215000000003783
355564, 50175.0300,  3, 283.98, 17.4800000000032
355672, 50197.2000,  3, 310.41, 11.110000000000582
355691, 50199.1750,  3, 300.76, 13.044999999998254
355698, 50199.9050,  3, 289.60, 13.834999999999127
355710, 50201.1550,  3, 272.98, 15.084999999999127
355710, 50201.1550,  3, 291.17, 15.07999999999447
355719, 50202.0950,  3, 272.69, 16.00499999999738
355777, 50208.1350,  3, 303.23, 22.049999999995634
355784, 50208.8650,  3, 272.51, 22.799999999995634
355889, 50230.7100,  3, 271.66, 10.805000000000291
355893, 50231.1300,  3, 322.23, 11.194999999999709
355898, 50231.6500,  3, 332.40, 11.75499999999738
355898, 50231.6500,  3, 296.87, 11.735000000000582
355922, 50234.1500,  3, 300.49, 14.180000000000291
355934, 50235.4000,  3, 304.56, 15.434999999997672
355973, 50239.4600,  3, 249.68, 19.55000000000291
356003, 50242.5850,  3, 265.25, 22.625
356109, 50264.4000,  3, 305.54, 10.835000000006403
356121, 50265.6500,  3, 308.96, 12.135000000002037
356122, 50265.7550,  3, 317.67, 12.185000000004948
356126, 50266.1700,  3, 282.39, 12.645000000004075
356139, 50267.5250,  3, 279.69, 14.020000000004075
356142, 50267.8350,  3, 293.83, 14.335000000006403
356146, 50268.2550,  3, 296.36, 14.705000000001746
356180, 50271.7950,  3, 277.71, 18.275000000001455
356284, 50293.2750,  3, 296.43, 10.709999999999127
356299, 50294.8350,  3, 276.80, 12.185000000004948
356314, 50296.4000,  3, 293.45, 13.770000000004075
356339, 50299.0050,  3, 289.26, 16.3550000000032
356351, 50300.2550,  3, 266.74, 17.639999999999418
356351, 50300.2550,  3, 260.49, 17.700000000004366
356355, 50300.6700,  3, 296.53, 18.06500000000233
356468, 50312.4400,  3, 237.27, 29.81500000000233
356575, 50334.4550,  3, 322.78, 11.0
356583, 50335.2850,  3, 330.01, 11.799999999995634
356589, 50335.9100,  3, 288.94, 12.45499999999447
356592, 50336.2250,  3, 298.02, 12.77499999999418
356599, 50336.9550,  3, 296.65, 13.494999999995343
356610, 50338.1000,  3, 257.15, 14.599999999998545
356634, 50340.6000,  3, 268.09, 17.174999999995634
356651, 50342.3700,  3, 245.71, 18.924999999995634
356753, 50363.8300,  3, 303.63, 10.485000000000582
356756, 50364.1400,  3, 300.20, 10.779999999998836
356762, 50364.7650,  3, 327.87, 11.394999999996799
356762, 50364.7650,  3, 308.70, 11.404999999998836
356762, 50364.7650,  3, 295.00, 11.400000000001455
356770, 50365.6000,  3, 314.94, 12.194999999999709
356772, 50365.8100,  3, 275.70, 12.404999999998836
356786, 50367.2650,  3, 291.45, 13.885000000002037
356898, 50389.8500,  3, 274.09, 11.544999999998254
356906, 50390.6850,  3, 274.16, 12.330000000001746
356913, 50391.4100,  3, 309.34, 13.029999999998836
356915, 50391.6200,  3, 266.14, 13.309999999997672
356916, 50391.7250,  3, 261.05, 13.419999999998254
356931, 50393.2850,  3, 265.12, 14.894999999996799
356938, 50394.0150,  3, 309.55, 15.709999999999127
357045, 50405.1600,  3, 266.94, 26.80999999999767
357158, 50427.6850,  3, 303.72, 11.585000000006403
357159, 50427.7850,  3, 270.47, 11.665000000000873
357161, 50427.9950,  3, 305.10, 11.87000000000262
357167, 50428.6200,  3, 315.67, 12.560000000004948
357174, 50429.3500,  3, 304.83, 13.305000000000291
357182, 50430.1850,  3, 298.09, 14.105000000003201
357185, 50430.4950,  3, 307.80, 14.444999999999709
357201, 50432.1600,  3, 279.98, 16.1050000000032
357307, 50454.0150,  3, 302.42, 10.875
357312, 50454.5350,  3, 305.27, 11.409999999996217
357313, 50454.6400,  3, 299.07, 11.529999999998836
357328, 50456.2050,  3, 296.84, 13.119999999995343
357328, 50456.2050,  3, 261.77, 13.110000000000582
357339, 50457.3500,  3, 292.22, 14.239999999997963
357347, 50458.1850,  3, 291.96, 15.099999999998545
357381, 50461.7250,  3, 283.38, 18.639999999999418
357489, 50483.7250,  3, 300.18, 11.114999999997963
357490, 50483.8300,  3, 313.80, 11.220000000001164
357491, 50483.9350,  3, 302.14, 11.259999999994761
357499, 50484.7650,  3, 308.43, 12.119999999995343
357506, 50485.4950,  3, 331.23, 12.875
357507, 50485.6000,  3, 274.09, 12.974999999998545
357509, 50485.8100,  3, 289.90, 13.214999999996508
357795, 50515.6000,  3, 207.91, 42.93000000000029
357895, 50536.8900,  3, 316.23, 10.269999999996799
357905, 50537.9350,  3, 306.44, 11.32499999999709
357909, 50538.3500,  3, 286.48, 11.684999999997672
357918, 50539.2850,  3, 283.29, 12.614999999997963
357921, 50539.6000,  3, 291.73, 13.009999999994761
357922, 50539.7050,  3, 305.84, 13.089999999996508
357927, 50540.2250,  3, 290.83, 13.559999999997672
357965, 50544.1850,  3, 286.50, 17.534999999996217
358073, 50566.1000,  3, 283.22, 11.055000000000291
358081, 50566.9350,  3, 285.01, 11.955000000001746
358090, 50567.8700,  3, 274.57, 12.915000000000873
358093, 50568.1850,  3, 318.57, 13.169999999998254
358101, 50569.0150,  3, 297.34, 14.059999999997672
358120, 50570.9950,  3, 251.04, 16.044999999998254
358124, 50571.4100,  3, 270.87, 16.37000000000262
358218, 50581.2050,  3, 236.82, 26.220000000001164
358329, 50603.3800,  3, 298.07, 11.389999999999418
358331, 50603.5850,  3, 267.90, 11.654999999998836
358334, 50603.9000,  3, 315.05, 11.900000000001455
358336, 50604.1050,  3, 291.81, 12.110000000000582
358355, 50606.0850,  3, 296.44, 14.090000000003783
358363, 50606.9200,  3, 290.12, 14.92500000000291
358595, 50631.0850,  3, 214.99, 39.08499999999913
358683, 50640.2550,  3, 192.79, 48.31999999999971
358797, 50663.1200,  3, 318.04, 11.730000000003201
358804, 50663.8500,  3, 266.75, 12.49500000000262
358830, 50666.5600,  3, 308.25, 15.17500000000291
358830, 50666.5600,  3, 259.02, 15.150000000001455
358840, 50667.6000,  3, 273.99, 16.150000000001455
358852, 50668.8500,  3, 265.48, 17.459999999999127
358914, 50675.3100,  3, 259.36, 23.880000000004657
358914, 50675.3100,  3, 260.20, 23.900000000001455
359012, 50696.3100,  3, 330.77, 10.07499999999709
359017, 50696.8300,  3, 327.52, 10.595000000001164
359022, 50697.3500,  3, 288.07, 11.125
359033, 50698.4950,  3, 301.51, 12.275000000001455
359041, 50699.3300,  3, 306.28, 13.040000000000873
359048, 50700.0600,  3, 279.51, 13.809999999997672
359108, 50706.3100,  3, 297.57, 20.044999999998254
359124, 50707.9750,  3, 257.17, 21.720000000001164
359225, 50729.2600,  3, 286.55, 10.404999999998836
359237, 50730.5100,  3, 306.70, 11.610000000000582
359243, 50731.1350,  3, 287.35, 12.190000000002328
359245, 50731.3450,  3, 306.50, 12.424999999995634
359257, 50732.5950,  3, 277.53, 13.665000000000873
359259, 50732.8000,  3, 279.71, 13.924999999995634
359288, 50735.8250,  3, 311.84, 16.87999999999738
359291, 50736.1350,  3, 302.63, 17.18499999999767
359393, 50757.7100,  3, 304.95, 10.464999999996508
359398, 50758.2300,  3, 315.16, 11.014999999999418
359405, 50758.9600,  3, 271.95, 11.739999999997963
359408, 50759.2750,  3, 280.54, 11.994999999995343
359409, 50759.3800,  3, 294.31, 12.110000000000582
359414, 50759.9000,  3, 298.96, 12.62999999999738
359418, 50760.3150,  3, 340.87, 13.095000000001164
359477, 50766.4600,  3, 285.69, 19.19999999999709
359578, 50787.7550,  3, 329.55, 10.375
359594, 50789.4200,  3, 298.90, 12.040000000000873
359594, 50789.4200,  3, 274.65, 12.044999999998254
359605, 50790.5650,  3, 296.75, 13.184999999997672
359616, 50791.7100,  3, 285.88, 14.349999999998545
359619, 50792.0250,  3, 296.95, 14.669999999998254
359632, 50793.3800,  3, 294.18, 15.985000000000582
359675, 50797.8550,  3, 270.37, 20.514999999999418
359783, 50820.1600,  3, 302.45, 11.05000000000291
359783, 50820.1600,  3, 296.85, 11.110000000000582
359786, 50820.4750,  3, 288.38, 11.444999999999709
359788, 50820.6850,  3, 287.25, 11.654999999998836
359799, 50821.8300,  3, 291.56, 12.80000000000291
359799, 50821.8300,  3, 318.02, 12.760000000002037
359813, 50823.2850,  3, 319.59, 14.25499999999738
359843, 50826.4100,  3, 274.90, 17.37999999999738
359946, 50847.9800,  3, 325.66, 10.57499999999709
359954, 50848.8150,  3, 297.41, 11.424999999995634
359960, 50849.4400,  3, 299.71, 12.059999999997672
359960, 50849.4400,  3, 296.57, 12.055000000000291
359964, 50849.8550,  3, 306.14, 12.439999999995052
359971, 50850.5850,  3, 301.65, 13.164999999993597
359981, 50851.6300,  3, 315.19, 14.19999999999709
359999, 50853.5050,  3, 265.31, 16.094999999993888
360107, 50875.5450,  3, 296.77, 11.114999999997963
360110, 50875.8550,  3, 303.19, 11.419999999998254
360111, 50875.9600,  3, 281.63, 11.510000000002037
360113, 50876.1700,  3, 323.92, 11.669999999998254
360120, 50876.9000,  3, 275.90, 12.494999999995343
360120, 50876.9000,  3, 310.90, 12.459999999999127
360124, 50877.3150,  3, 314.95, 12.864999999997963
360204, 50885.6500,  3, 253.54, 21.174999999995634
360307, 50907.3000,  3, 325.86, 10.529999999998836
360314, 50908.0300,  3, 299.71, 11.349999999998545
360318, 50908.4500,  3, 287.12, 11.689999999995052
360320, 50908.6550,  3, 270.69, 11.924999999995634
360322, 50908.8650,  3, 306.23, 12.119999999995343
360343, 50911.0500,  3, 288.08, 14.289999999993597
360347, 50911.4700,  3, 284.44, 14.719999999993888
360365, 50913.3450,  3, 286.07, 16.6449999999968
360475, 50935.7650,  3, 313.59, 11.32499999999709
360479, 50936.1850,  3, 302.29, 11.69999999999709
360480, 50936.2850,  3, 327.12, 11.784999999996217
360487, 50937.0150,  3, 287.92, 12.599999999998545
360490, 50937.3300,  3, 326.08, 12.819999999999709
360512, 50939.6200,  3, 312.17, 15.109999999993306
360512, 50939.6200,  3, 252.45, 15.184999999997672
360573, 50945.9750,  3, 242.81, 21.554999999993015
360674, 50967.1550,  3, 326.83, 10.395000000004075
360679, 50967.6750,  3, 278.14, 10.895000000004075
360682, 50967.9900,  3, 299.59, 11.230000000003201
360690, 50968.8250,  3, 309.89, 12.0
360702, 50970.0750,  3, 325.47, 13.275000000001455
360728, 50972.7800,  3, 283.51, 16.025000000001455
360732, 50973.2000,  3, 276.74, 16.37000000000262
360743, 50974.3450,  3, 277.28, 17.520000000004075
360852, 50996.6500,  3, 322.29, 11.244999999995343
360854, 50996.8550,  3, 315.92, 11.360000000000582
360855, 50996.9600,  3, 319.05, 11.540000000000873
360856, 50997.0650,  3, 283.88, 11.610000000000582
360873, 50998.8350,  3, 290.01, 13.415000000000873
360883, 50999.8800,  3, 309.07, 14.400000000001455
360888, 51000.4000,  3, 303.36, 14.919999999998254
360894, 51001.0250,  3, 286.31, 15.610000000000582
360997, 51022.5750,  3, 323.11, 10.530000000006112
361000, 51022.8850,  3, 321.43, 10.840000000003783
361002, 51023.0950,  3, 329.77, 11.069999999999709
361002, 51023.0950,  3, 325.89, 11.139999999999418
361009, 51023.8250,  3, 284.01, 11.840000000003783
361010, 51023.9250,  3, 334.82, 11.930000000000291
361022, 51025.1750,  3, 299.83, 13.135000000002037
361057, 51028.8250,  3, 291.41, 16.835000000006403
361156, 51051.0100,  3, 342.57, 10.110000000000582
361169, 51052.3650,  3, 284.51, 11.519999999996799
361171, 51052.5750,  3, 293.31, 11.769999999996799
361178, 51053.3000,  3, 318.03, 12.485000000000582
361193, 51054.8650,  3, 301.37, 14.055000000000291
361202, 51055.8000,  3, 280.38, 14.919999999998254
361211, 51056.7400,  3, 282.43, 15.864999999997963
361223, 51057.9900,  3, 306.32, 17.094999999993888
361331, 51079.9050,  3, 309.97, 11.104999999995925
361336, 51080.4250,  3, 310.96, 11.569999999999709
361338, 51080.6350,  3, 310.87, 11.854999999995925
361342, 51081.0500,  3, 311.86, 12.220000000001164
361343, 51081.1550,  3, 304.88, 12.375
361361, 51083.0300,  3, 294.02, 14.235000000000582
361380, 51085.0100,  3, 301.63, 16.150000000001455
361422, 51089.3850,  3, 299.61, 20.534999999996217
361524, 51110.8100,  3, 330.44, 10.479999999995925
361527, 51111.1200,  3, 308.64, 10.779999999998836
361531, 51111.5350,  3, 302.28, 11.219999999993888
361532, 51111.6400,  3, 307.74, 11.309999999997672
361534, 51111.8500,  3, 305.42, 11.464999999996508
361565, 51115.0800,  3, 302.61, 14.734999999993306
361576, 51116.2250,  3, 297.83, 15.839999999996508
361583, 51116.9550,  3, 261.84, 16.664999999993597
361685, 51138.3550,  3, 313.16, 10.430000000000291
361689, 51138.7750,  3, 301.28, 10.915000000000873
361691, 51138.9800,  3, 291.36, 11.080000000001746
361693, 51139.1900,  3, 288.74, 11.345000000001164
361703, 51140.2300,  3, 313.64, 12.355000000003201
361706, 51140.5450,  3, 315.98, 12.669999999998254
361719, 51141.9000,  3, 279.40, 13.970000000001164
361738, 51143.8800,  3, 302.69, 16.025000000001455
361843, 51166.4950,  3, 305.54, 10.799999999995634
361848, 51167.0150,  3, 304.12, 11.284999999996217
361849, 51167.1200,  3, 311.57, 11.415000000000873
361853, 51167.5350,  3, 320.39, 11.834999999999127
361855, 51167.7450,  3, 310.79, 12.00499999999738
361856, 51167.8500,  3, 302.04, 12.095000000001164
361877, 51170.0350,  3, 301.38, 14.284999999996217
361906, 51173.0600,  3, 303.69, 17.32499999999709
361963, 51189.7650,  1, -140.17, 5.830000000001746
361963, 51189.7650,  1, -150.41, 5.830000000001746
362010, 51194.6600,  3, 307.43, 10.67500000000291
362022, 51195.9100,  3, 315.66, 11.889999999999418
362023, 51196.0150,  3, 310.16, 11.990000000005239
362033, 51197.0600,  3, 298.81, 13.025000000001455
362034, 51197.1600,  3, 290.60, 13.145000000004075
362056, 51199.4550,  3, 298.85, 15.42000000000553
362159, 51221.0600,  3, 324.93, 10.589999999996508
362169, 51222.1000,  3, 290.28, 11.654999999998836
362170, 51222.2050,  3, 312.75, 11.684999999997672
362172, 51222.4100,  3, 289.91, 11.915000000000873
362193, 51224.6000,  3, 290.80, 14.065000000002328
362197, 51225.0150,  3, 297.89, 14.5
362220, 51227.4100,  3, 286.84, 16.919999999998254
362229, 51228.3500,  3, 303.18, 17.900000000001455
362332, 51249.7550,  3, 315.00, 10.535000000003492
362346, 51251.2100,  3, 317.51, 12.035000000003492
362351, 51251.7300,  3, 297.06, 12.514999999999418
362355, 51252.1500,  3, 286.41, 12.940000000002328
362356, 51252.2550,  3, 300.68, 13.025000000001455
362357, 51252.3550,  3, 318.60, 13.145000000004075
362358, 51252.4600,  3, 297.41, 13.270000000004075
362514, 51268.7100,  3, 213.27, 29.54500000000553
362614, 51289.7100,  3, 323.23, 10.239999999997963
362616, 51289.9200,  3, 318.84, 10.415000000000873
362618, 51290.1300,  3, 340.92, 10.680000000000291
362622, 51290.5450,  3, 318.46, 11.114999999997963
362634, 51291.7950,  3, 316.67, 12.385000000002037
362637, 51292.1050,  3, 296.99, 12.674999999995634
362639, 51292.3150,  3, 336.22, 12.82499999999709
362650, 51293.4600,  3, 302.28, 13.959999999999127
362751, 51314.7650,  3, 333.23, 10.37000000000262
362763, 51316.0150,  3, 297.55, 11.575000000004366
362771, 51316.8500,  3, 257.99, 12.395000000004075
362771, 51316.8500,  3, 280.76, 12.455000000001746
362790, 51318.8300,  3, 299.75, 14.470000000001164
362806, 51320.4950,  3, 303.99, 16.139999999999418
362807, 51320.6000,  3, 318.34, 16.200000000004366
362811, 51321.0150,  3, 307.49, 16.560000000004948
362875, 51339.4050,  1, -149.62, 6.559999999997672
362875, 51339.4050,  1, -146.66, 6.559999999997672
362909, 51342.9500,  3, 346.72, 10.014999999999418
362918, 51343.8850,  3, 302.81, 11.029999999998836
362919, 51343.9900,  3, 306.51, 11.114999999997963
362929, 51345.0300,  3, 307.68, 12.099999999998545
362965, 51348.7800,  3, 259.30, 15.919999999998254
362978, 51350.1350,  3, 273.76, 17.284999999996217
363040, 51367.5650,  1, -148.65, 6.355000000003201
363040, 51367.5650,  1, -148.64, 6.355000000003201
363085, 51372.2550,  3, 321.98, 11.0
363091, 51372.8800,  3, 300.38, 11.650000000001455
363111, 51374.9600,  3, 299.54, 13.654999999998836
363116, 51375.4800,  3, 292.56, 14.24500000000262
363124, 51376.3150,  3, 307.87, 15.090000000003783
363155, 51379.5450,  3, 295.05, 18.2300000000032
363270, 51402.3250,  3, 308.48, 11.785000000003492
363278, 51403.1550,  3, 248.56, 12.655000000006112
363279, 51403.2600,  3, 285.40, 12.730000000003201
363285, 51403.8850,  3, 302.18, 13.365000000005239
363297, 51405.1350,  3, 272.83, 14.605000000003201
363298, 51405.2400,  3, 278.83, 14.764999999999418
363300, 51405.4500,  3, 319.67, 14.990000000005239
363323, 51407.8450,  3, 276.59, 17.31500000000233
363436, 51430.4750,  3, 316.19, 11.595000000001164
363448, 51431.7250,  3, 282.90, 12.82499999999709
363454, 51432.3500,  3, 302.06, 13.480000000003201
363455, 51432.4550,  3, 318.25, 13.584999999999127
363457, 51432.6600,  3, 294.65, 13.849999999998545
363458, 51432.7650,  3, 294.35, 13.889999999999418
363464, 51433.3900,  3, 295.87, 14.510000000002037
363483, 51435.3700,  3, 289.20, 16.50499999999738
363586, 51456.8250,  3, 316.99, 10.55000000000291
363590, 51457.2400,  3, 308.32, 10.990000000005239
363594, 51457.6550,  3, 317.70, 11.400000000001455
363595, 51457.7600,  3, 327.19, 11.470000000001164
363603, 51458.5950,  3, 297.93, 12.385000000002037
363606, 51458.9050,  3, 311.39, 12.685000000004948
363614, 51459.7400,  3, 303.33, 13.444999999999709
363642, 51462.6550,  3, 296.15, 16.375
363750, 51484.6750,  3, 319.46, 11.099999999998545
363753, 51484.9900,  3, 309.81, 11.400000000001455
363770, 51486.7600,  3, 299.54, 13.194999999999709
363770, 51486.7600,  3, 306.37, 13.130000000004657
363770, 51486.7600,  3, 326.73, 13.154999999998836
363776, 51487.3850,  3, 316.32, 13.80000000000291
363799, 51489.7800,  3, 302.93, 16.24500000000262
363810, 51490.9250,  3, 278.70, 17.360000000000582
363867, 51508.6200,  1, -146.13, 5.834999999999127
363867, 51508.6200,  1, -129.64, 5.834999999999127
363911, 51513.2050,  3, 306.45, 10.369999999995343
363935, 51515.7050,  3, 292.02, 12.82999999999447
363950, 51517.2650,  3, 295.63, 14.39999999999418
363967, 51519.0350,  3, 300.79, 16.164999999993597
363977, 51520.0800,  3, 289.24, 17.209999999999127
364016, 51524.1400,  3, 258.91, 21.31999999999971
364118, 51545.7300,  3, 326.26, 10.434999999997672
364122, 51546.1500,  3, 306.37, 10.889999999999418
364122, 51546.1500,  3, 324.41, 10.864999999997963
364124, 51546.3550,  3, 294.30, 11.075000000004366
364136, 51547.6050,  3, 273.95, 12.30000000000291
364137, 51547.7100,  3, 287.42, 12.440000000002328
364160, 51550.1050,  3, 293.02, 14.860000000000582
364162, 51550.3150,  3, 267.72, 15.029999999998836
364265, 51571.5850,  3, 295.45, 10.559999999997672
364268, 51571.9000,  3, 301.22, 10.895000000004075
364270, 51572.1050,  3, 316.06, 11.110000000000582
364270, 51572.1050,  3, 332.02, 11.090000000003783
364274, 51572.5250,  3, 325.57, 11.459999999999127
364292, 51574.4000,  3, 338.30, 13.334999999999127
364293, 51574.5050,  3, 284.80, 13.510000000002037
364300, 51575.2300,  3, 288.09, 14.17500000000291
364402, 51597.5600,  3, 274.12, 10.514999999999418
364403, 51597.6600,  3, 297.23, 10.609999999993306
364416, 51599.0150,  3, 315.62, 11.95499999999447
364417, 51599.1200,  3, 310.65, 12.019999999996799
364419, 51599.3300,  3, 327.58, 12.289999999993597
364437, 51601.2050,  3, 337.54, 14.134999999994761
364437, 51601.2050,  3, 298.58, 14.154999999998836
364456, 51603.1850,  3, 294.10, 16.06999999999971
364563, 51625.1150,  3, 322.37, 10.970000000001164
364564, 51625.2200,  3, 309.44, 11.055000000000291
364564, 51625.2200,  3, 285.94, 11.144999999996799
364570, 51625.8450,  3, 315.98, 11.67500000000291
364572, 51626.0500,  3, 298.70, 11.885000000002037
364574, 51626.2600,  3, 258.14, 12.180000000000291
364577, 51626.5750,  3, 307.69, 12.49500000000262
364605, 51629.4900,  3, 292.92, 15.349999999998545
364716, 51651.6000,  3, 315.18, 11.365000000005239
364719, 51651.9100,  3, 295.56, 11.735000000000582
364721, 51652.1200,  3, 313.26, 11.930000000000291
364725, 51652.5350,  3, 303.24, 12.345000000001164
364726, 51652.6400,  3, 315.31, 12.390000000006694
364759, 51656.0800,  3, 313.00, 15.875
364769, 51657.1200,  3, 295.52, 16.890000000006694
364784, 51658.6850,  3, 277.61, 18.455000000001746
364887, 51680.2300,  3, 321.82, 10.599999999998545
364888, 51680.3350,  3, 305.61, 10.62999999999738
364898, 51681.3800,  3, 293.25, 11.694999999999709
364900, 51681.5850,  3, 309.10, 11.92500000000291
364906, 51682.2100,  3, 313.18, 12.55000000000291
364913, 51682.9400,  3, 289.94, 13.309999999997672
364944, 51686.1700,  3, 285.76, 16.5199999999968
364946, 51686.3800,  3, 327.39, 16.729999999995925
365011, 51703.8150,  1, -178.93, 6.665000000000873
365011, 51703.8150,  1, -156.97, 6.665000000000873
365051, 51707.9800,  3, 328.41, 10.790000000000873
365062, 51709.1300,  3, 294.27, 11.885000000002037
365067, 51709.6500,  3, 307.60, 12.464999999996508
365067, 51709.6500,  3, 322.76, 12.394999999996799
365076, 51710.5850,  3, 332.16, 13.419999999998254
365090, 51712.0450,  3, 275.06, 14.854999999995925
365193, 51733.6350,  3, 293.60, 10.584999999999127
365202, 51734.5750,  3, 289.25, 11.529999999998836
365205, 51734.8850,  3, 296.35, 11.790000000000873
365207, 51735.0950,  3, 302.93, 12.009999999994761
365208, 51735.2000,  3, 308.87, 12.184999999997672
365226, 51737.0750,  3, 265.49, 14.040000000000873
365259, 51740.5100,  3, 294.02, 17.415000000000873
365262, 51740.8250,  3, 298.79, 17.75999999999476
365365, 51762.4250,  3, 335.66, 10.619999999995343
365367, 51762.6350,  3, 295.60, 10.77499999999418
365368, 51762.7400,  3, 327.20, 10.889999999999418
365370, 51762.9500,  3, 326.10, 11.089999999996508
365380, 51763.9900,  3, 281.21, 12.089999999996508
365382, 51764.2000,  3, 306.04, 12.349999999998545
365409, 51767.0100,  3, 294.17, 15.159999999996217
365421, 51768.2600,  3, 316.58, 16.404999999998836
365477, 51784.9250,  1, -135.61, 5.725000000005821
365477, 51784.9250,  1, -136.80, 5.725000000005821
365521, 51789.5100,  3, 348.52, 10.29500000000553
365529, 51790.3450,  3, 334.65, 11.110000000000582
365534, 51790.8650,  3, 281.90, 11.639999999999418
365562, 51793.7800,  3, 284.08, 14.525000000001455
365598, 51797.5300,  3, 271.10, 18.270000000004075
365607, 51798.4700,  3, 298.38, 19.25
365711, 51820.0600,  3, 331.54, 10.669999999998254
365713, 51820.2650,  3, 316.54, 10.864999999997963
365724, 51821.4100,  3, 311.35, 12.07499999999709
365737, 51822.7650,  3, 313.77, 13.400000000001455
365738, 51822.8700,  3, 320.38, 13.5
365768, 51825.9950,  3, 300.32, 16.599999999998545
365777, 51826.9350,  3, 310.07, 17.525000000001455
365801, 51829.4350,  3, 272.29, 20.099999999998545
365863, 51846.7550,  1, -175.75, 6.3549999999959255
365863, 51846.7550,  1, -156.98, 6.3549999999959255
365911, 51851.7550,  3, 338.29, 11.25
365911, 51851.7550,  3, 335.99, 11.339999999996508
365933, 51854.0450,  3, 303.67, 13.57499999999709
365964, 51857.2750,  3, 311.45, 16.82499999999709
365968, 51857.6900,  3, 288.33, 17.25
366012, 51862.2750,  3, 252.15, 21.849999999998545
366116, 51883.7550,  3, 320.46, 10.62999999999738
366117, 51883.8550,  3, 312.38, 10.75
366118, 51883.9600,  3, 312.87, 10.909999999996217
366121, 51884.2750,  3, 331.13, 11.229999999995925
366121, 51884.2750,  3, 328.45, 11.239999999997963
366130, 51885.2100,  3, 289.53, 12.095000000001164
366134, 51885.6300,  3, 305.01, 12.50499999999738
366157, 51888.0250,  3, 298.30, 14.989999999997963
366259, 51909.5250,  3, 329.16, 10.459999999999127
366262, 51909.8350,  3, 316.79, 10.760000000002037
366262, 51909.8350,  3, 329.58, 10.764999999999418
366263, 51909.9400,  3, 295.77, 10.930000000000291
366268, 51910.4600,  3, 298.01, 11.415000000000873
366270, 51910.6700,  3, 303.04, 11.650000000001455
366270, 51910.6700,  3, 314.18, 11.62999999999738
366282, 51911.9200,  3, 294.11, 12.864999999997963
366382, 51933.8700,  3, 325.05, 10.290000000000873
366383, 51933.9750,  3, 317.02, 10.340000000003783
366384, 51934.0800,  3, 319.52, 10.42500000000291
366385, 51934.1850,  3, 309.60, 10.565000000002328
366395, 51935.2250,  3, 308.77, 11.625
366401, 51935.8500,  3, 309.88, 12.255000000004657
366411, 51936.8900,  3, 291.50, 13.255000000004657
366443, 51940.2250,  3, 276.12, 16.639999999999418
366547, 51961.9100,  3, 318.19, 10.714999999996508
366552, 51962.4350,  3, 311.96, 11.239999999997963
366553, 51962.5350,  3, 312.84, 11.284999999996217
366563, 51963.5800,  3, 299.21, 12.375
366567, 51963.9950,  3, 333.69, 12.769999999996799
366572, 51964.5150,  3, 284.19, 13.264999999999418
366576, 51964.9350,  3, 290.81, 13.724999999998545
366583, 51965.6600,  3, 281.80, 14.385000000002037
366696, 51988.2950,  3, 321.77, 11.62000000000262
366713, 51990.0650,  3, 294.25, 13.365000000005239
366731, 51991.9400,  3, 296.07, 15.240000000005239
366740, 51992.8800,  3, 272.78, 16.160000000003492
366741, 51992.9800,  3, 313.79, 16.275000000001455
366744, 51993.2950,  3, 304.98, 16.655000000006112
366747, 51993.6050,  3, 311.62, 16.885000000002037
366780, 51997.0450,  3, 288.21, 20.385000000002037
366881, 52019.2800,  3, 326.39, 10.310000000004948
366887, 52019.9050,  3, 313.44, 11.029999999998836
366888, 52020.0100,  3, 265.18, 11.080000000001746
366896, 52020.8450,  3, 298.04, 11.880000000004657
366898, 52021.0500,  3, 308.14, 12.17000000000553
366901, 52021.3650,  3, 309.48, 12.430000000000291
366907, 52021.9900,  3, 310.41, 13.075000000004366
366965, 52028.0300,  3, 296.13, 19.125
367039, 52046.6050,  1, -185.41, 7.605000000003201
367039, 52046.6050,  1, -150.45, 7.605000000003201
367064, 52049.2100,  3, 317.71, 10.144999999996799
367093, 52052.2300,  3, 276.59, 13.194999999999709
367108, 52053.7950,  3, 285.43, 14.790000000000873
367119, 52054.9400,  3, 292.72, 15.87000000000262
367123, 52055.3550,  3, 309.33, 16.31500000000233
367136, 52056.7100,  3, 279.58, 17.610000000000582
367240, 52078.1900,  3, 288.76, 10.625
367247, 52078.9200,  3, 287.08, 11.430000000000291
367248, 52079.0250,  3, 301.84, 11.54500000000553
367250, 52079.2300,  3, 308.56, 11.67000000000553
367255, 52079.7550,  3, 306.38, 12.260000000002037
367258, 52080.0650,  3, 288.14, 12.54500000000553
367260, 52080.2750,  3, 324.45, 12.80000000000291
367289, 52083.2950,  3, 296.08, 15.72500000000582
367388, 52104.1550,  3, 318.06, 10.155000000006112
367390, 52104.3650,  3, 315.54, 10.330000000001746
367402, 52105.6150,  3, 320.26, 11.575000000004366
367404, 52105.8250,  3, 304.77, 11.775000000001455
367421, 52107.5950,  3, 292.72, 13.595000000001164
367453, 52110.9250,  3, 259.64, 16.92500000000291
367457, 52111.3450,  3, 277.72, 17.3550000000032
367488, 52114.5750,  3, 252.65, 20.525000000001455
367557, 52132.5300,  1, -152.76, 7.080000000001746
367557, 52132.5300,  1, -151.15, 7.080000000001746
367587, 52135.6550,  3, 330.32, 10.150000000001455
367589, 52135.8650,  3, 311.23, 10.315000000002328
367591, 52136.0750,  3, 327.63, 10.565000000002328
367606, 52137.6350,  3, 303.80, 12.145000000004075
367631, 52140.2400,  3, 289.63, 14.705000000001746
367650, 52142.2200,  3, 309.96, 16.75
367752, 52163.7400,  3, 335.50, 10.5
367755, 52164.0500,  3, 325.76, 10.790000000000873
367769, 52165.5100,  3, 304.19, 12.190000000002328
367777, 52166.3450,  3, 285.87, 13.044999999998254
367795, 52168.2200,  3, 310.18, 14.904999999998836
367813, 52170.0950,  3, 323.74, 16.830000000001746
367814, 52170.2000,  3, 279.55, 16.915000000000873
367816, 52170.4050,  3, 263.97, 17.110000000000582
367925, 52192.6300,  3, 330.86, 11.165000000000873
367935, 52193.6700,  3, 300.15, 12.270000000004075
367940, 52194.1900,  3, 337.37, 12.715000000003783
367943, 52194.5050,  3, 332.10, 13.020000000004075
367965, 52196.7950,  3, 280.29, 15.334999999999127
367975, 52197.8350,  3, 300.31, 16.44499999999971
368000, 52200.4400,  3, 281.87, 19.030000000006112
368011, 52201.5850,  3, 304.03, 20.10000000000582
368120, 52223.5750,  3, 273.55, 11.17000000000553
368123, 52223.8850,  3, 310.63, 11.485000000000582
368124, 52223.9900,  3, 287.23, 11.615000000005239
368126, 52224.2000,  3, 306.77, 11.87000000000262
368127, 52224.3000,  3, 313.60, 11.92000000000553
368127, 52224.3000,  3, 334.90, 11.915000000000873
368149, 52226.5950,  3, 275.86, 14.180000000000291
368200, 52231.9050,  3, 260.17, 19.55000000000291
368289, 52251.8300,  1, -195.71, 9.169999999998254
368289, 52251.8300,  1, -126.06, 9.169999999998254
368306, 52253.6000,  3, 315.07, 10.834999999999127
368310, 52254.0150,  3, 312.30, 11.269999999996799
368314, 52254.4350,  3, 289.59, 11.684999999997672
368335, 52256.6200,  3, 311.18, 13.944999999999709
368368, 52260.0600,  3, 292.69, 17.3949999999968
368370, 52260.2650,  3, 293.19, 17.544999999998254
368478, 52282.5600,  3, 336.19, 11.12999999999738
368481, 52282.8700,  3, 296.45, 11.354999999995925
368485, 52283.2850,  3, 307.45, 11.809999999997672
368488, 52283.6000,  3, 319.81, 12.12999999999738
368491, 52283.9100,  3, 301.09, 12.464999999996508
368522, 52287.1400,  3, 311.29, 15.659999999996217
368537, 52288.7050,  3, 260.37, 17.224999999998545
368708, 52306.5150,  3, 221.49, 35.08999999999651
368822, 52329.1050,  3, 320.38, 11.715000000003783
368845, 52331.5050,  3, 293.33, 14.060000000004948
368850, 52332.0250,  3, 296.01, 14.585000000006403
368860, 52333.0650,  3, 307.84, 15.665000000000873
368867, 52333.7950,  3, 297.66, 16.3550000000032
368905, 52337.7550,  3, 272.56, 20.320000000006985
368925, 52339.8350,  3, 257.94, 22.400000000001455
368926, 52339.9400,  3, 270.86, 22.55000000000291
369033, 52362.8800,  3, 333.92, 10.950000000004366
369034, 52362.9800,  3, 322.24, 11.059999999997672
369055, 52365.1700,  3, 278.71, 13.30000000000291
369072, 52366.9400,  3, 289.56, 15.084999999999127
369072, 52366.9400,  3, 307.84, 15.025000000001455
369073, 52367.0450,  3, 303.33, 15.184999999997672
369075, 52367.2550,  3, 296.06, 15.375
369095, 52369.3350,  3, 287.51, 17.404999999998836
369197, 52390.8300,  3, 321.16, 10.444999999999709
369205, 52391.6600,  3, 334.32, 11.284999999996217
369207, 52391.8700,  3, 302.15, 11.555000000000291
369207, 52391.8700,  3, 303.33, 11.529999999998836
369208, 52391.9750,  3, 333.25, 11.614999999997963
369220, 52393.2250,  3, 294.05, 12.819999999999709
369226, 52393.8500,  3, 319.54, 13.510000000002037
369261, 52397.4950,  3, 261.02, 17.169999999998254
369361, 52419.3800,  3, 312.98, 10.224999999998545
369362, 52419.4800,  3, 311.19, 10.339999999996508
369378, 52421.1500,  3, 310.88, 12.034999999996217
369379, 52421.2550,  3, 291.25, 12.084999999999127
369383, 52421.6700,  3, 275.55, 12.544999999998254
369385, 52421.8800,  3, 271.68, 12.77499999999418
369389, 52422.2950,  3, 277.52, 13.184999999997672
369415, 52425.0050,  3, 273.90, 15.915000000000873
369516, 52446.2050,  3, 268.34, 10.369999999995343
369519, 52446.5150,  3, 338.68, 10.679999999993015
369521, 52446.7250,  3, 301.08, 10.924999999995634
369525, 52447.1400,  3, 309.46, 11.339999999996508
369527, 52447.3500,  3, 324.23, 11.50499999999738
369591, 52454.0150,  3, 252.71, 18.14999999999418
369605, 52455.4750,  3, 289.38, 19.63499999999476
369627, 52457.7650,  3, 263.67, 21.8949999999968
369736, 52479.8500,  3, 304.29, 11.215000000003783
369736, 52479.8500,  3, 318.16, 11.224999999998545
369743, 52480.5800,  3, 301.90, 11.950000000004366
369746, 52480.8900,  3, 278.21, 12.230000000003201
369748, 52481.1000,  3, 309.21, 12.489999999997963
369748, 52481.1000,  3, 288.16, 12.489999999997963
369771, 52483.4950,  3, 310.63, 14.880000000004657
369792, 52485.6850,  3, 258.05, 16.985000000000582
369853, 52502.8800,  1, -156.26, 6.25
369853, 52502.8800,  1, -159.83, 6.25
369900, 52507.7750,  3, 279.81, 11.10000000000582
369907, 52508.5050,  3, 319.72, 11.825000000004366
369916, 52509.4400,  3, 266.24, 12.775000000001455
369934, 52511.3150,  3, 314.15, 14.580000000001746
369950, 52512.9800,  3, 291.59, 16.31500000000233
369951, 52513.0850,  3, 328.59, 16.435000000004948
370053, 52534.3350,  3, 307.91, 10.444999999999709
370061, 52535.1700,  3, 322.98, 11.294999999998254
370063, 52535.3800,  3, 309.52, 11.509999999994761
370080, 52537.1500,  3, 282.95, 13.235000000000582
370082, 52537.3550,  3, 290.60, 13.534999999996217
370083, 52537.4600,  3, 317.51, 13.604999999995925
370135, 52542.8800,  3, 270.76, 19.040000000000873
370144, 52543.8150,  3, 237.06, 19.89999999999418
370249, 52566.3000,  3, 305.77, 10.790000000000873
370267, 52568.1750,  3, 308.35, 12.639999999999418
370269, 52568.3850,  3, 283.45, 12.819999999999709
370275, 52569.0100,  3, 306.51, 13.459999999999127
370275, 52569.0100,  3, 284.28, 13.434999999997672
370292, 52570.7800,  3, 296.09, 15.264999999999418
370328, 52574.5300,  3, 291.99, 18.959999999999127
370354, 52577.2400,  3, 252.58, 21.764999999999418
370459, 52599.1000,  3, 345.53, 10.75
370468, 52600.0350,  3, 319.89, 11.67500000000291
370469, 52600.1400,  3, 270.76, 11.809999999997672
370473, 52600.5600,  3, 286.22, 12.279999999998836
370479, 52601.1850,  3, 258.26, 12.830000000001746
370482, 52601.4950,  3, 302.16, 13.224999999998545
370516, 52605.0350,  3, 242.57, 16.69999999999709
370539, 52607.4350,  3, 271.97, 19.06500000000233
370643, 52629.0650,  3, 329.04, 10.625
370646, 52629.3800,  3, 328.55, 10.99500000000262
370656, 52630.4200,  3, 306.53, 12.025000000001455
370659, 52630.7300,  3, 266.77, 12.380000000004657
370669, 52631.7750,  3, 290.67, 13.380000000004657
370687, 52633.6500,  3, 298.82, 15.305000000000291
370692, 52634.1700,  3, 289.57, 15.735000000000582
370701, 52635.1050,  3, 238.44, 16.760000000002037
370803, 52656.2750,  3, 305.96, 10.485000000000582
370818, 52657.8350,  3, 306.66, 12.055000000000291
370819, 52657.9400,  3, 309.53, 12.12000000000262
370823, 52658.3550,  3, 299.11, 12.520000000004075
370834, 52659.5050,  3, 299.74, 13.694999999999709
370838, 52659.9200,  3, 296.65, 14.10000000000582
370848, 52660.9600,  3, 299.92, 15.130000000004657
370878, 52664.0850,  3, 208.79, 18.290000000000873
370982, 52685.6300,  3, 339.20, 10.654999999998836
370992, 52686.6700,  3, 313.30, 11.744999999995343
370995, 52686.9800,  3, 279.38, 12.044999999998254
371001, 52687.6050,  3, 300.69, 12.610000000000582
371013, 52688.8550,  3, 275.63, 13.934999999997672
371013, 52688.8550,  3, 286.71, 13.919999999998254
371030, 52690.6300,  3, 298.74, 15.69999999999709
371045, 52692.1900,  3, 216.17, 17.19499999999971
371143, 52713.1150,  3, 333.66, 10.055000000000291
371147, 52713.5300,  3, 305.16, 10.470000000001164
371153, 52714.1550,  3, 341.43, 11.059999999997672
371154, 52714.2600,  3, 296.86, 11.20499999999447
371154, 52714.2600,  3, 303.03, 11.150000000001455
371169, 52715.8250,  3, 330.68, 12.739999999997963
371177, 52716.6550,  3, 296.34, 13.599999999998545
371180, 52716.9700,  3, 283.78, 13.909999999996217
371281, 52739.2750,  3, 323.70, 10.409999999996217
371289, 52740.1050,  3, 312.08, 11.229999999995925
371298, 52741.0450,  3, 270.10, 12.17500000000291
371304, 52741.6700,  3, 306.43, 12.739999999997963
371315, 52742.8150,  3, 316.72, 13.889999999999418
371316, 52742.9200,  3, 299.15, 14.044999999998254
371319, 52743.2300,  3, 280.20, 14.315000000002328
371353, 52746.7750,  3, 248.32, 17.81999999999971
371462, 52768.8100,  3, 301.59, 11.145000000004075
371466, 52769.2250,  3, 293.73, 11.565000000002328
371468, 52769.4350,  3, 291.44, 11.834999999999127
371476, 52770.2650,  3, 302.63, 12.650000000001455
371478, 52770.4750,  3, 299.98, 12.910000000003492
371510, 52773.8100,  3, 274.76, 16.24500000000262
371518, 52774.6400,  3, 273.56, 16.985000000000582
371603, 52783.4950,  3, 222.59, 25.889999999999418
371707, 52804.8850,  3, 320.72, 10.705000000001746
371709, 52805.0950,  3, 295.28, 10.919999999998254
371712, 52805.4050,  3, 307.38, 11.230000000003201
371716, 52805.8250,  3, 292.35, 11.569999999999709
371736, 52807.9050,  3, 281.21, 13.700000000004366
371752, 52809.5750,  3, 304.72, 15.415000000000873
371781, 52812.5950,  3, 304.80, 18.345000000001164
371800, 52814.5750,  3, 259.20, 20.31999999999971
371902, 52835.9350,  3, 305.13, 10.489999999997963
371903, 52836.0350,  3, 303.07, 10.549999999995634
371905, 52836.2450,  3, 308.65, 10.729999999995925
371917, 52837.4950,  3, 308.51, 12.044999999998254
371921, 52837.9100,  3, 283.19, 12.444999999999709
371940, 52839.8900,  3, 292.61, 14.430000000000291
371951, 52841.0350,  3, 307.94, 15.569999999999709
372151, 52861.8700,  3, 165.52, 36.43499999999767
372256, 52883.7200,  3, 322.73, 10.82999999999447
372267, 52884.8650,  3, 311.83, 11.87999999999738
372271, 52885.2800,  3, 281.02, 12.369999999995343
372279, 52886.1150,  3, 281.02, 13.224999999998545
372289, 52887.1550,  3, 307.60, 14.229999999995925
372289, 52887.1550,  3, 286.06, 14.180000000000291
372300, 52888.3000,  3, 289.92, 15.384999999994761
372315, 52889.8650,  3, 281.79, 16.94999999999709
372423, 52912.9000,  3, 330.62, 11.099999999998545
372433, 52913.9400,  3, 270.83, 12.165000000000873
372433, 52913.9400,  3, 295.64, 12.084999999999127
372436, 52914.2550,  3, 316.12, 12.464999999996508
372437, 52914.3550,  3, 273.36, 12.544999999998254
372448, 52915.5050,  3, 319.19, 13.654999999998836
372456, 52916.3350,  3, 295.97, 14.580000000001746
372461, 52916.8550,  3, 309.32, 15.07499999999709
372519, 52934.6200,  1, -149.65, 5.935000000004948
372519, 52934.6200,  1, -159.50, 5.935000000004948
372575, 52940.4550,  3, 287.35, 11.764999999999418
372575, 52940.4550,  3, 293.63, 11.685000000004948
372581, 52941.0800,  3, 303.28, 12.334999999999127
372597, 52942.7450,  3, 285.46, 14.040000000000873
372600, 52943.0600,  3, 321.62, 14.305000000000291
372606, 52943.6850,  3, 297.22, 14.99500000000262
372716, 52965.7800,  3, 284.79, 11.259999999994761
372720, 52966.2000,  3, 304.90, 11.724999999998545
372726, 52966.8250,  3, 304.48, 12.354999999995925
372757, 52970.0500,  3, 305.60, 15.614999999997963
372761, 52970.4700,  3, 291.86, 15.939999999995052
372769, 52971.3000,  3, 286.10, 16.799999999995634
372769, 52971.3000,  3, 288.18, 16.799999999995634
372772, 52971.6150,  3, 255.62, 17.089999999996508
372873, 52992.9550,  3, 322.75, 10.364999999997963
372880, 52993.6850,  3, 296.23, 11.044999999998254
372885, 52994.2050,  3, 306.12, 11.589999999996508
372885, 52994.2050,  3, 314.10, 11.569999999999709
372886, 52994.3100,  3, 302.19, 11.674999999995634
372887, 52994.4100,  3, 336.32, 11.784999999996217
372891, 52994.8300,  3, 301.43, 12.24500000000262
372901, 52995.8700,  3, 260.59, 13.315000000002328
373006, 53017.5650,  3, 321.49, 10.75499999999738
373006, 53017.5650,  3, 314.28, 10.735000000000582
373018, 53018.8150,  3, 349.80, 12.034999999996217
373053, 53022.4600,  3, 296.76, 15.694999999999709
373058, 53022.9800,  3, 313.57, 16.159999999996217
373102, 53027.5650,  3, 252.88, 20.784999999996217
373102, 53027.5650,  3, 302.97, 20.794999999998254
373174, 53035.0650,  3, 239.76, 28.32499999999709
373279, 53057.0450,  3, 328.24, 10.785000000003492
373293, 53058.5050,  3, 298.62, 12.25
373296, 53058.8150,  3, 306.10, 12.569999999999709
373299, 53059.1300,  3, 288.11, 12.904999999998836
373308, 53060.0650,  3, 298.90, 13.845000000001164
373311, 53060.3800,  3, 286.85, 14.154999999998836
373316, 53060.9000,  3, 273.68, 14.62999999999738
373317, 53061.0050,  3, 303.04, 14.75
373419, 53082.3550,  3, 346.20, 10.430000000000291
373419, 53082.3550,  3, 337.79, 10.474999999998545
373429, 53083.4000,  3, 303.62, 11.459999999999127
373432, 53083.7100,  3, 300.85, 11.775000000001455
373435, 53084.0250,  3, 298.28, 12.125
373444, 53084.9600,  3, 289.09, 13.084999999999127
373450, 53085.5850,  3, 286.03, 13.724999999998545
373486, 53089.3350,  3, 268.89, 17.410000000003492
373544, 53106.1700,  1, -150.06, 5.939999999995052
373544, 53106.1700,  1, -183.92, 5.939999999995052
373588, 53110.7550,  3, 306.01, 10.434999999997672
373592, 53111.1700,  3, 307.42, 10.854999999995925
373602, 53112.2100,  3, 321.16, 11.924999999995634
373603, 53112.3150,  3, 320.99, 12.049999999995634
373625, 53114.6050,  3, 310.50, 14.349999999998545
373716, 53124.0850,  3, 311.62, 23.75499999999738
373819, 53145.4550,  3, 326.19, 10.569999999999709
373829, 53146.4950,  3, 268.47, 11.599999999998545
373833, 53146.9100,  3, 323.14, 12.044999999998254
373836, 53147.2250,  3, 302.34, 12.294999999998254
373848, 53148.4750,  3, 304.55, 13.639999999999418
373861, 53149.8300,  3, 304.51, 14.979999999995925
373866, 53150.3500,  3, 277.67, 15.459999999999127
373888, 53152.6400,  3, 290.23, 17.709999999999127
373997, 53174.9050,  3, 334.02, 11.169999999998254
373998, 53175.0100,  3, 311.29, 11.260000000002037
374002, 53175.4250,  3, 314.99, 11.720000000001164
374002, 53175.4250,  3, 314.19, 11.730000000003201
374003, 53175.5300,  3, 295.41, 11.819999999999709
374013, 53176.5750,  3, 286.37, 12.864999999997963
374015, 53176.7800,  3, 295.53, 13.105000000003201
374042, 53179.5950,  3, 268.23, 15.834999999999127
374095, 53195.8550,  1, -142.01, 5.415000000000873
374095, 53195.8550,  1, -136.73, 5.415000000000873
374142, 53200.7550,  3, 310.63, 10.214999999996508
374145, 53201.0650,  3, 314.96, 10.559999999997672
374155, 53202.1050,  3, 315.73, 11.57499999999709
374169, 53203.5650,  3, 272.99, 13.069999999999709
374170, 53203.6700,  3, 319.16, 13.180000000000291
374173, 53203.9800,  3, 288.93, 13.494999999995343
374274, 53225.2300,  3, 319.38, 10.339999999996508
374276, 53225.4400,  3, 320.00, 10.529999999998836
374277, 53225.5450,  3, 319.03, 10.69999999999709
374280, 53225.8550,  3, 308.67, 10.979999999995925
374282, 53226.0650,  3, 302.77, 11.224999999998545
374297, 53227.6300,  3, 296.06, 12.77499999999418
374323, 53230.3350,  3, 278.96, 15.424999999995634
374329, 53230.9600,  3, 305.20, 16.139999999999418
374428, 53251.9500,  3, 306.17, 10.17000000000553
374441, 53253.3000,  3, 311.92, 11.505000000004657
374443, 53253.5100,  3, 304.79, 11.74500000000262
374444, 53253.6150,  3, 298.06, 11.770000000004075
374454, 53254.6550,  3, 282.92, 12.834999999999127
374456, 53254.8650,  3, 283.90, 13.025000000001455
374468, 53256.1150,  3, 296.40, 14.325000000004366
374469, 53256.2200,  3, 297.40, 14.430000000000291
374576, 53278.1900,  3, 313.00, 11.010000000002037
374577, 53278.2950,  3, 283.54, 11.084999999999127
374578, 53278.4000,  3, 284.04, 11.19999999999709
374589, 53279.5450,  3, 252.48, 12.37999999999738
374590, 53279.6500,  3, 277.29, 12.404999999998836
374591, 53279.7550,  3, 317.74, 12.555000000000291
374623, 53283.0850,  3, 256.68, 15.894999999996799
374671, 53288.0850,  3, 223.04, 20.839999999996508
374733, 53305.1900,  1, -170.59, 6.355000000003201
374733, 53305.1900,  1, -146.68, 6.355000000003201
374772, 53309.2550,  3, 334.74, 10.319999999999709
374773, 53309.3550,  3, 279.23, 10.465000000003783
374790, 53311.1300,  3, 280.53, 12.235000000000582
374790, 53311.1300,  3, 292.33, 12.290000000000873
374799, 53312.0650,  3, 304.06, 13.17500000000291
374812, 53313.4200,  3, 282.83, 14.510000000002037
374911, 53334.6050,  3, 331.72, 10.189999999995052
374915, 53335.0250,  3, 321.65, 10.619999999995343
374917, 53335.2300,  3, 301.88, 10.739999999997963
374921, 53335.6500,  3, 311.19, 11.224999999998545
374932, 53336.7950,  3, 305.97, 12.294999999998254
374942, 53337.8350,  3, 305.91, 13.375
374942, 53337.8350,  3, 293.60, 13.430000000000291
374975, 53341.2750,  3, 282.18, 16.860000000000582
375036, 53358.5500,  1, -154.32, 6.25
375036, 53358.5500,  1, -117.79, 6.25
375075, 53362.6150,  3, 341.37, 10.239999999997963
375104, 53365.6350,  3, 278.25, 13.269999999996799
375104, 53365.6350,  3, 281.77, 13.319999999999709
375138, 53369.1750,  3, 285.22, 16.82999999999447
375138, 53369.1750,  3, 272.45, 16.77499999999418
375178, 53373.3450,  3, 223.57, 20.94499999999971
375280, 53394.7750,  3, 314.92, 10.42500000000291
375287, 53395.5050,  3, 308.75, 11.235000000000582
375288, 53395.6050,  3, 314.59, 11.255000000004657
375308, 53397.6900,  3, 310.22, 13.380000000004657
375322, 53399.1500,  3, 334.39, 14.855000000003201
375329, 53399.8800,  3, 269.25, 15.590000000003783
375350, 53402.0650,  3, 285.57, 17.764999999999418
375396, 53406.8550,  3, 274.98, 22.55000000000291
375497, 53428.3100,  3, 334.79, 10.330000000001746
375498, 53428.4100,  1, -205.99, 10.515000000006694
375502, 53428.8300,  3, 319.29, 10.87000000000262
375512, 53429.8700,  3, 300.44, 11.915000000000873
375517, 53430.3900,  3, 297.70, 12.47500000000582
375521, 53430.8100,  3, 301.80, 12.860000000000582
375538, 53432.5800,  3, 302.76, 14.585000000006403
375545, 53433.3100,  3, 245.15, 15.335000000006403
375654, 53455.2750,  3, 314.44, 11.174999999995634
375659, 53455.7950,  3, 275.02, 11.684999999997672
375662, 53456.1050,  3, 270.50, 12.059999999997672
375671, 53457.0450,  3, 294.83, 12.934999999997672
375671, 53457.0450,  3, 301.31, 12.930000000000291
375677, 53457.6700,  3, 294.76, 13.595000000001164
375682, 53458.1900,  3, 278.48, 14.07499999999709
375701, 53460.1700,  3, 313.78, 16.104999999995925
375802, 53481.3800,  3, 321.61, 10.395000000004075
375803, 53481.4800,  3, 319.99, 10.444999999999709
375811, 53482.3150,  3, 330.70, 11.25499999999738
375813, 53482.5250,  3, 307.94, 11.544999999998254
375823, 53483.5650,  3, 305.30, 12.510000000002037
375824, 53483.6700,  3, 318.42, 12.700000000004366
375834, 53484.7100,  3, 319.04, 13.700000000004366
375849, 53486.2750,  3, 295.57, 15.270000000004075
375908, 53503.1150,  1, -173.52, 6.044999999998254
375908, 53503.1150,  1, -122.09, 6.044999999998254
375950, 53507.4900,  3, 321.62, 10.32499999999709
375957, 53508.2200,  3, 286.70, 11.135000000002037
375965, 53509.0500,  3, 336.72, 11.900000000001455
375966, 53509.1550,  3, 314.12, 12.040000000000873
375976, 53510.2000,  3, 322.52, 13.029999999998836
375977, 53510.3000,  3, 313.17, 13.12999999999738
376078, 53532.4000,  3, 276.62, 10.375
376079, 53532.5050,  3, 294.64, 10.434999999997672
376083, 53532.9200,  3, 321.73, 10.839999999996508
376086, 53533.2300,  3, 293.48, 11.169999999998254
376090, 53533.6500,  3, 323.94, 11.625
376092, 53533.8550,  3, 317.79, 11.779999999998836
376095, 53534.1700,  3, 317.54, 12.094999999993888
376102, 53534.9000,  3, 307.10, 12.904999999998836
376202, 53555.9550,  3, 327.83, 10.275000000001455
376214, 53557.2050,  3, 309.51, 11.510000000002037
376217, 53557.5150,  3, 305.45, 11.80000000000291
376221, 53557.9350,  3, 315.07, 12.190000000002328
376243, 53560.2250,  3, 313.91, 14.520000000004075
376258, 53561.7850,  3, 309.95, 16.06999999999971
376260, 53561.9950,  3, 314.51, 16.334999999999127
376277, 53563.7650,  3, 261.85, 18.12000000000262
376379, 53585.0950,  3, 316.86, 10.5
376380, 53585.2000,  3, 303.35, 10.560000000004948
376386, 53585.8250,  3, 299.27, 11.235000000000582
376388, 53586.0300,  3, 289.89, 11.410000000003492
376388, 53586.0300,  3, 319.40, 11.435000000004948
376390, 53586.2400,  3, 276.38, 11.580000000001746
376397, 53586.9700,  3, 309.82, 12.319999999999709
376427, 53590.0950,  3, 268.54, 15.450000000004366
376530, 53611.3450,  3, 306.73, 10.614999999997963
376540, 53612.3850,  3, 305.01, 11.644999999996799
376550, 53613.4250,  3, 288.43, 12.659999999996217
376552, 53613.6350,  3, 277.69, 12.849999999998545
376553, 53613.7400,  3, 286.89, 12.940000000002328
376553, 53613.7400,  3, 268.03, 12.959999999999127
376554, 53613.8450,  3, 307.19, 13.029999999998836
376557, 53614.1550,  3, 316.22, 13.385000000002037
376657, 53635.5750,  3, 311.28, 10.25
376658, 53635.6750,  3, 306.68, 10.384999999994761
376666, 53636.5100,  3, 313.12, 11.189999999995052
376673, 53637.2400,  3, 261.08, 11.964999999996508
376674, 53637.3450,  3, 288.66, 12.064999999995052
376675, 53637.4500,  3, 295.57, 12.184999999997672
376704, 53640.4700,  3, 256.60, 15.20499999999447
376738, 53644.0100,  3, 259.36, 18.714999999996508
376841, 53665.4050,  3, 326.48, 10.580000000001746
376860, 53667.3850,  3, 317.12, 12.55000000000291
376860, 53667.3850,  3, 282.43, 12.575000000004366
376861, 53667.4900,  3, 306.74, 12.705000000001746
376865, 53667.9050,  3, 287.73, 13.12000000000262
376866, 53668.0100,  3, 272.67, 13.180000000000291
376900, 53671.5500,  3, 275.38, 16.715000000003783
376906, 53672.1750,  3, 254.97, 17.325000000004366
377007, 53693.4550,  3, 313.07, 10.359999999993306
377015, 53694.2850,  3, 296.37, 11.164999999993597
377023, 53695.1200,  3, 325.86, 11.994999999995343
377026, 53695.4350,  3, 315.54, 12.344999999993888
377033, 53696.1600,  3, 284.07, 13.049999999995634
377043, 53697.2050,  3, 287.98, 14.144999999996799
377045, 53697.4100,  3, 229.32, 14.359999999993306
377048, 53697.7250,  3, 261.14, 14.674999999995634
377152, 53719.1850,  3, 312.79, 10.644999999996799
377156, 53719.6000,  3, 299.78, 11.044999999998254
377167, 53720.7450,  3, 290.63, 12.220000000001164
377168, 53720.8500,  3, 309.55, 12.32499999999709
377171, 53721.1600,  3, 274.85, 12.680000000000291
377175, 53721.5800,  3, 278.01, 13.07499999999709
377179, 53721.9950,  3, 253.74, 13.44999999999709
377205, 53724.7050,  3, 291.82, 16.165000000000873
377267, 53741.7800,  1, -183.14, 6.3549999999959255
377267, 53741.7800,  1, -131.85, 6.3549999999959255
377309, 53746.1550,  3, 322.27, 10.680000000000291
377330, 53748.3450,  3, 282.94, 12.894999999996799
377332, 53748.5500,  3, 270.16, 13.094999999993888
377337, 53749.0750,  3, 285.12, 13.644999999996799
377340, 53749.3850,  3, 279.06, 13.939999999995052
377342, 53749.5950,  3, 271.35, 14.07999999999447
377448, 53771.4900,  3, 290.62, 10.844999999993888
377454, 53772.1150,  3, 340.28, 11.544999999998254
377458, 53772.5300,  3, 275.82, 11.894999999996799
377460, 53772.7400,  3, 288.78, 12.174999999995634
377470, 53773.7800,  3, 288.87, 13.180000000000291
377485, 53775.3450,  3, 290.82, 14.719999999993888
377502, 53777.1150,  3, 224.44, 16.55999999999767
377518, 53778.7800,  3, 213.61, 18.164999999993597
377622, 53800.2800,  3, 337.24, 10.694999999999709
377637, 53801.8450,  3, 325.51, 12.284999999996217
377642, 53802.3650,  3, 298.43, 12.784999999996217
377645, 53802.6750,  3, 267.56, 13.07499999999709
377652, 53803.4050,  3, 289.98, 13.75499999999738
377681, 53806.4250,  3, 291.59, 16.82999999999447
377682, 53806.5300,  3, 298.32, 16.959999999999127
377691, 53807.4700,  3, 226.17, 17.82999999999447
377800, 53830.6400,  3, 279.57, 11.205000000001746
377801, 53830.7450,  3, 324.50, 11.260000000002037
377809, 53831.5800,  3, 282.87, 12.085000000006403
377817, 53832.4100,  3, 264.85, 12.990000000005239
377830, 53833.7650,  3, 269.89, 14.360000000000582
377831, 53833.8700,  3, 303.71, 14.450000000004366
377836, 53834.3900,  3, 264.15, 14.915000000000873
377840, 53834.8100,  3, 307.96, 15.390000000006694
377942, 53856.0800,  3, 333.17, 10.485000000000582
377950, 53856.9100,  3, 315.97, 11.334999999999127
377952, 53857.1200,  3, 331.32, 11.540000000000873
377967, 53858.6850,  3, 266.77, 13.125
377987, 53860.7650,  3, 279.37, 15.114999999997963
377995, 53861.6000,  3, 273.05, 16.00499999999738
378026, 53864.8300,  3, 257.89, 19.19499999999971
378063, 53868.6850,  3, 280.04, 23.125
378165, 53889.9800,  3, 311.41, 10.455000000001746
378174, 53890.9200,  3, 305.15, 11.444999999999709
378179, 53891.4400,  3, 311.08, 11.919999999998254
378179, 53891.4400,  3, 266.67, 11.87999999999738
378185, 53892.0650,  3, 287.10, 12.50499999999738
378194, 53893.0050,  3, 310.81, 13.485000000000582
378209, 53894.5650,  3, 267.12, 15.029999999998836
378280, 53901.9600,  3, 306.36, 22.404999999998836
378380, 53923.9600,  3, 306.96, 10.260000000002037
378386, 53924.5850,  3, 292.50, 10.909999999996217
378392, 53925.2100,  3, 316.39, 11.470000000001164
378398, 53925.8350,  3, 317.18, 12.089999999996508
378402, 53926.2550,  3, 294.51, 12.529999999998836
378408, 53926.8800,  3, 236.91, 13.220000000001164
378424, 53928.5450,  3, 323.26, 14.830000000001746
378459, 53932.1900,  3, 257.69, 18.529999999998836
378563, 53953.8700,  3, 316.79, 10.690000000002328
378573, 53954.9100,  3, 316.52, 11.755000000004657
378576, 53955.2250,  3, 300.56, 11.980000000003201
378582, 53955.8500,  3, 311.82, 12.625
378592, 53956.8900,  3, 299.08, 13.650000000001455
378600, 53957.7250,  3, 301.67, 14.480000000003201
378616, 53959.3900,  3, 291.00, 16.200000000004366
378695, 53967.6200,  3, 234.00, 24.435000000004948
378803, 53990.5800,  3, 314.99, 11.084999999999127
378806, 53990.8900,  3, 309.01, 11.375
378808, 53991.1000,  3, 300.03, 11.654999999998836
378828, 53993.1850,  3, 309.31, 13.709999999999127
378828, 53993.1850,  3, 298.71, 13.654999999998836
378833, 53993.7050,  3, 267.87, 14.269999999996799
378840, 53994.4350,  3, 304.73, 14.959999999999127
378864, 53996.9350,  3, 266.70, 17.489999999997963
378969, 54018.4900,  3, 310.36, 10.815000000002328
378972, 54018.8000,  3, 284.49, 11.110000000000582
378982, 54019.8450,  3, 284.39, 12.169999999998254
378982, 54019.8450,  3, 331.01, 12.150000000001455
378995, 54021.2000,  3, 288.73, 13.440000000002328
379000, 54021.7200,  3, 267.70, 13.965000000003783
379007, 54022.4500,  3, 277.01, 14.705000000001746
379050, 54026.9250,  3, 298.08, 19.260000000002037
379153, 54048.1600,  3, 299.43, 10.529999999998836
379172, 54050.1400,  3, 331.68, 12.509999999994761
379174, 54050.3500,  3, 258.95, 12.759999999994761
379179, 54050.8700,  3, 311.46, 13.299999999995634
379181, 54051.0800,  3, 276.18, 13.519999999996799
379188, 54051.8100,  3, 289.58, 14.214999999996508
379193, 54052.3300,  3, 271.41, 14.70499999999447
379204, 54053.4750,  3, 302.43, 15.934999999997672
379307, 54074.9100,  3, 334.29, 10.609999999993306
379309, 54075.1200,  3, 339.83, 10.82999999999447
379312, 54075.4350,  3, 303.65, 11.049999999995634
379320, 54076.2650,  3, 275.85, 11.87999999999738
379333, 54077.6200,  3, 317.85, 13.32999999999447
379357, 54080.1200,  3, 282.47, 15.789999999993597
379443, 54089.0800,  3, 268.39, 24.784999999996217
379586, 54103.9750,  3, 236.49, 39.674999999995634
379689, 54125.4550,  3, 322.04, 10.595000000001164
379692, 54125.7650,  3, 323.22, 10.834999999999127
379704, 54127.0150,  3, 299.75, 12.144999999996799
379706, 54127.2250,  3, 288.41, 12.314999999995052
379714, 54128.0600,  3, 279.62, 13.209999999999127
379745, 54131.2850,  3, 262.04, 16.3949999999968
379748, 54131.6000,  3, 276.49, 16.75499999999738
379903, 54147.7450,  3, 235.55, 32.854999999995925
380002, 54168.9950,  3, 315.67, 10.150000000001455
380017, 54170.5600,  3, 288.35, 11.735000000000582
380018, 54170.6600,  3, 311.66, 11.839999999996508
380026, 54171.4950,  3, 297.30, 12.625
380035, 54172.4350,  3, 314.34, 13.62999999999738
380050, 54173.9950,  3, 281.67, 15.174999999995634
380051, 54174.1000,  3, 322.38, 15.290000000000873
380128, 54182.1200,  3, 285.29, 23.279999999998836
380231, 54203.4500,  3, 299.93, 10.555000000000291
380251, 54205.5300,  3, 304.35, 12.639999999999418
380253, 54205.7400,  3, 291.22, 12.860000000000582
380256, 54206.0500,  3, 298.91, 13.200000000004366
380257, 54206.1550,  3, 286.12, 13.25
380290, 54209.5950,  3, 254.03, 16.710000000006403
380294, 54210.0100,  3, 314.05, 17.130000000004657
380355, 54216.3650,  3, 281.73, 23.520000000004075
380458, 54237.8500,  3, 302.11, 10.580000000001746
380460, 54238.0600,  3, 318.75, 10.75
380473, 54239.4100,  3, 324.65, 12.114999999997963
380486, 54240.7650,  3, 289.47, 13.505000000004657
380487, 54240.8700,  3, 287.22, 13.599999999998545
380508, 54243.0600,  3, 267.94, 15.785000000003492
380514, 54243.6850,  3, 303.40, 16.385000000002037
380541, 54246.4950,  3, 279.05, 19.185000000004948
380656, 54269.1400,  3, 328.06, 11.849999999998545
380658, 54269.3500,  3, 302.95, 12.040000000000873
380670, 54270.6000,  3, 298.79, 13.235000000000582
380684, 54272.0600,  3, 301.17, 14.694999999999709
380687, 54272.3700,  3, 322.95, 15.020000000004075
380711, 54274.8700,  3, 285.47, 17.56500000000233
380713, 54275.0800,  3, 293.97, 17.760000000002037
380717, 54275.4950,  3, 258.51, 18.19999999999709
380821, 54296.9100,  3, 326.88, 10.709999999999127
380823, 54297.1200,  3, 292.45, 10.880000000004657
380828, 54297.6400,  3, 292.82, 11.444999999999709
380837, 54298.5800,  3, 303.10, 12.315000000002328
380838, 54298.6850,  3, 311.23, 12.465000000003783
380847, 54299.6200,  3, 318.36, 13.410000000003492
380853, 54300.2450,  3, 298.46, 13.970000000001164
380855, 54300.4550,  3, 279.04, 14.235000000000582
380967, 54322.9900,  3, 313.28, 11.5
380975, 54323.8250,  3, 289.77, 12.394999999996799
380977, 54324.0300,  3, 323.75, 12.534999999996217
380982, 54324.5500,  3, 266.75, 13.034999999996217
380997, 54326.1150,  3, 310.52, 14.619999999995343
381010, 54327.4700,  3, 323.65, 15.989999999997963
381019, 54328.4050,  3, 293.88, 16.94999999999709
381043, 54330.9050,  3, 308.89, 19.3949999999968
381128, 54350.5100,  1, -118.04, 8.75
381128, 54350.5100,  1, -145.04, 8.75
381149, 54352.7000,  3, 293.21, 10.845000000001164
381166, 54354.4700,  3, 298.06, 12.610000000000582
381170, 54354.8850,  3, 287.40, 13.095000000001164
381176, 54355.5100,  3, 271.66, 13.644999999996799
381180, 54355.9250,  3, 293.19, 14.12999999999738
381180, 54355.9250,  3, 284.18, 14.089999999996508
381281, 54377.0600,  3, 326.05, 10.415000000000873
381284, 54377.3700,  3, 316.71, 10.709999999999127
381296, 54378.6200,  3, 310.52, 11.944999999999709
381304, 54379.4550,  3, 289.69, 12.805000000000291
381311, 54380.1850,  3, 306.72, 13.489999999997963
381311, 54380.1850,  3, 262.30, 13.455000000001746
381403, 54389.7650,  3, 288.74, 23.025000000001455
381414, 54390.9100,  3, 245.97, 24.19000000000233
381524, 54413.0950,  3, 323.18, 11.349999999998545
381533, 54414.0300,  3, 341.47, 12.205000000001746
381536, 54414.3450,  3, 291.72, 12.584999999999127
381539, 54414.6550,  3, 314.09, 12.875
381539, 54414.6550,  3, 281.76, 12.875
381540, 54414.7600,  3, 306.15, 12.92000000000553
381550, 54415.8000,  3, 308.96, 13.980000000003201
381562, 54417.0500,  3, 304.46, 15.240000000005239
381670, 54439.1050,  3, 293.41, 11.080000000001746
381671, 54439.2100,  3, 313.83, 11.180000000000291
381674, 54439.5250,  3, 319.23, 11.55000000000291
381686, 54440.7750,  3, 305.69, 12.715000000003783
381695, 54441.7100,  3, 261.81, 13.700000000004366
381710, 54443.2750,  3, 323.89, 15.294999999998254
381717, 54444.0050,  3, 291.55, 15.99500000000262
381739, 54446.2950,  3, 302.79, 18.235000000000582
381838, 54467.2400,  3, 305.95, 10.114999999997963
381840, 54467.4500,  3, 299.09, 10.385000000002037
381846, 54468.0750,  3, 313.07, 10.980000000003201
381849, 54468.3850,  3, 298.38, 11.270000000004075
381849, 54468.3850,  3, 296.54, 11.309999999997672
381857, 54469.2200,  3, 276.11, 12.130000000004657
381872, 54470.7800,  3, 274.18, 13.74500000000262
381882, 54471.8250,  3, 280.29, 14.790000000000873
381992, 54493.8900,  3, 302.91, 11.309999999997672
382001, 54494.8300,  3, 317.70, 12.284999999996217
382004, 54495.1400,  3, 312.76, 12.5
382011, 54495.8700,  3, 282.91, 13.235000000000582
382021, 54496.9100,  3, 285.67, 14.279999999998836
382035, 54498.3700,  3, 294.68, 15.775000000001455
382047, 54499.6200,  3, 285.86, 17.06500000000233
382056, 54500.5600,  3, 318.98, 17.979999999995925
382164, 54522.6850,  3, 318.09, 11.12999999999738
382166, 54522.8900,  3, 280.74, 11.349999999998545
382172, 54523.5150,  3, 282.82, 11.87999999999738
382175, 54523.8300,  3, 318.19, 12.234999999993306
382178, 54524.1400,  3, 304.91, 12.554999999993015
382178, 54524.1400,  3, 290.27, 12.569999999999709
382181, 54524.4550,  3, 284.58, 12.839999999996508
382190, 54525.3900,  3, 259.16, 13.764999999999418
382303, 54547.7950,  3, 333.78, 11.595000000001164
382308, 54548.3150,  3, 341.65, 12.135000000002037
382321, 54549.6700,  3, 315.60, 13.520000000004075
382322, 54549.7750,  3, 284.03, 13.54500000000553
382347, 54552.3800,  3, 276.83, 16.155000000006112
382352, 54552.9000,  3, 320.00, 16.735000000000582
382362, 54553.9400,  3, 299.23, 17.709999999999127
382379, 54555.7100,  3, 245.32, 19.525000000001455
382486, 54578.5250,  3, 330.35, 10.989999999997963
382486, 54578.5250,  3, 338.33, 11.00499999999738
382491, 54579.0450,  3, 348.82, 11.540000000000873
382497, 54579.6700,  3, 312.64, 12.104999999995925
382502, 54580.1900,  3, 311.47, 12.604999999995925
382502, 54580.1900,  3, 299.93, 12.684999999997672
382536, 54583.7300,  3, 290.82, 16.224999999998545
382541, 54584.2550,  3, 252.66, 16.68499999999767
382647, 54606.0800,  3, 312.63, 10.889999999999418
382654, 54606.8100,  3, 341.76, 11.625
382657, 54607.1200,  3, 322.99, 11.87999999999738
382669, 54608.3700,  3, 310.39, 13.180000000000291
382672, 54608.6850,  3, 297.26, 13.455000000001746
382698, 54611.3900,  3, 269.08, 16.19000000000233
382698, 54611.3900,  3, 272.77, 16.224999999998545
382704, 54612.0150,  3, 267.57, 16.860000000000582
382810, 54633.7600,  3, 329.57, 10.910000000003492
382814, 54634.1750,  3, 333.53, 11.279999999998836
382821, 54634.9050,  3, 291.91, 12.05000000000291
382832, 54636.0500,  3, 287.17, 13.135000000002037
382834, 54636.2600,  3, 310.40, 13.349999999998545
382834, 54636.2600,  3, 259.78, 13.360000000000582
382854, 54638.3450,  3, 300.21, 15.474999999998545
382918, 54645.0100,  3, 277.92, 22.095000000001164
383019, 54666.2550,  3, 331.47, 10.400000000001455
383030, 54667.4000,  3, 267.17, 11.465000000003783
383033, 54667.7100,  3, 318.58, 11.820000000006985
383034, 54667.8150,  3, 307.12, 11.945000000006985
383042, 54668.6500,  3, 297.17, 12.775000000001455
383067, 54671.2550,  3, 315.76, 15.355000000003201
383077, 54672.2950,  3, 275.87, 16.415000000000873
383111, 54675.8350,  3, 250.09, 19.985000000000582
383217, 54697.7400,  3, 320.62, 10.834999999999127
383222, 54698.2600,  3, 329.99, 11.375
383239, 54700.0300,  3, 289.03, 13.19999999999709
383241, 54700.2400,  3, 312.92, 13.394999999996799
383249, 54701.0750,  3, 311.46, 14.169999999998254
383252, 54701.3850,  3, 320.88, 14.50499999999738
383256, 54701.8000,  3, 300.01, 14.974999999998545
383257, 54701.9050,  3, 305.89, 15.00499999999738
383327, 54719.8250,  1, -154.41, 7.189999999995052
383327, 54719.8250,  1, -162.74, 7.189999999995052
383381, 54725.4500,  3, 299.94, 12.709999999999127
383387, 54726.0750,  3, 283.90, 13.409999999996217
383389, 54726.2800,  3, 301.71, 13.564999999995052
383394, 54726.8000,  3, 258.83, 14.144999999996799
383397, 54727.1150,  3, 342.58, 14.424999999995634
383417, 54729.2000,  3, 328.06, 16.50499999999738
383535, 54752.1550,  3, 307.75, 12.084999999999127
383537, 54752.3650,  3, 313.37, 12.334999999999127
383542, 54752.8850,  3, 313.52, 12.894999999996799
383556, 54754.3450,  3, 306.05, 14.284999999996217
383556, 54754.3450,  3, 293.86, 14.305000000000291
383566, 54755.3850,  3, 289.36, 15.354999999995925
383574, 54756.2200,  3, 261.67, 16.220000000001164
383575, 54756.3250,  3, 284.07, 16.30999999999767
383679, 54778.7650,  3, 297.99, 10.664999999993597
383679, 54778.7650,  3, 316.82, 10.644999999996799
383680, 54778.8700,  3, 317.68, 10.769999999996799
383680, 54778.8700,  3, 330.55, 10.804999999993015
383682, 54779.0800,  3, 337.87, 11.019999999996799
383731, 54784.1850,  3, 267.73, 16.064999999995052
383748, 54785.9550,  3, 279.56, 17.854999999995925
383760, 54787.2050,  3, 314.65, 19.06999999999971
383868, 54809.0800,  3, 291.66, 11.115000000005239
383869, 54809.1850,  3, 301.02, 11.145000000004075
383882, 54810.5350,  3, 320.50, 12.520000000004075
383893, 54811.6850,  3, 328.54, 13.680000000000291
383910, 54813.4550,  3, 289.93, 15.465000000003783
383915, 54813.9750,  3, 291.15, 15.940000000002328
383926, 54815.1200,  3, 307.42, 17.145000000004075
383927, 54815.2250,  3, 248.39, 17.285000000003492
383994, 54833.8450,  1, -130.07, 6.875
384039, 54838.5300,  3, 312.49, 11.459999999999127
384039, 54838.5300,  3, 282.28, 11.525000000001455
384043, 54838.9500,  3, 328.11, 11.894999999996799
384045, 54839.1550,  3, 309.23, 12.165000000000873
384045, 54839.1550,  3, 310.95, 12.154999999998836
384047, 54839.3650,  3, 276.70, 12.375
384066, 54841.3450,  3, 289.82, 14.369999999995343
384174, 54863.5450,  3, 302.71, 11.095000000001164
384174, 54863.5450,  3, 295.63, 11.064999999995052
384186, 54864.7950,  3, 311.99, 12.339999999996508
384189, 54865.1050,  3, 307.20, 12.614999999997963
384189, 54865.1050,  3, 268.19, 12.654999999998836
384198, 54866.0450,  3, 327.62, 13.589999999996508
384209, 54867.1900,  3, 303.94, 14.769999999996799
384254, 54871.8800,  3, 297.31, 19.44999999999709
384358, 54893.5050,  3, 311.67, 10.669999999998254
384359, 54893.6050,  3, 340.18, 10.779999999998836
384365, 54894.2300,  3, 302.02, 11.424999999995634
384377, 54895.4800,  3, 323.92, 12.674999999995634
384378, 54895.5850,  3, 294.28, 12.784999999996217
384389, 54896.7300,  3, 294.31, 13.864999999997963
384390, 54896.8350,  3, 288.74, 14.049999999995634
384418, 54899.7550,  3, 279.54, 16.889999999999418
384523, 54921.3850,  3, 321.98, 10.759999999994761
384531, 54922.2200,  3, 316.34, 11.599999999998545
384540, 54923.1550,  3, 298.38, 12.544999999998254
384542, 54923.3650,  3, 293.86, 12.744999999995343
384554, 54924.6150,  3, 324.67, 13.989999999997963
384583, 54927.6350,  3, 298.95, 17.049999999995634
384600, 54929.4050,  3, 249.33, 18.814999999995052
384643, 54933.8850,  3, 270.99, 23.244999999995343
384750, 54955.8500,  3, 290.29, 11.00499999999738
384754, 54956.2650,  3, 337.08, 11.404999999998836
384756, 54956.4750,  3, 301.53, 11.569999999999709
384762, 54957.1000,  3, 277.02, 12.194999999999709
384766, 54957.5150,  3, 264.34, 12.669999999998254
384778, 54958.7650,  3, 313.10, 13.955000000001746
384805, 54961.5800,  3, 306.68, 16.714999999996508
384805, 54961.5800,  3, 307.72, 16.74500000000262
384912, 54984.3650,  3, 303.95, 10.990000000005239
384921, 54985.3000,  3, 282.15, 11.940000000002328
384926, 54985.8250,  3, 301.63, 12.42000000000553
384927, 54985.9250,  3, 308.42, 12.514999999999418
384929, 54986.1350,  3, 278.35, 12.805000000000291
384930, 54986.2400,  3, 302.98, 12.810000000004948
384934, 54986.6550,  3, 319.70, 13.285000000003492
384953, 54988.6350,  3, 268.13, 15.280000000006112
385066, 55012.1850,  3, 296.07, 11.635000000002037
385066, 55012.1850,  3, 321.94, 11.610000000000582
385078, 55013.4350,  3, 280.93, 12.845000000001164
385079, 55013.5350,  3, 279.32, 12.92500000000291
385084, 55014.0600,  3, 275.00, 13.440000000002328
385104, 55016.1400,  3, 303.79, 15.55000000000291
385114, 55017.1850,  3, 290.90, 16.560000000004948
385132, 55019.0600,  3, 298.35, 18.4800000000032
385243, 55041.7000,  3, 321.03, 11.444999999999709
385243, 55041.7000,  3, 270.31, 11.42000000000553
385246, 55042.0100,  3, 310.14, 11.755000000004657
385247, 55042.1150,  3, 294.26, 11.855000000003201
385263, 55043.7800,  3, 256.13, 13.490000000005239
385271, 55044.6150,  3, 275.03, 14.37000000000262
385291, 55046.7000,  3, 309.23, 16.44000000000233
385295, 55047.1150,  3, 219.54, 16.87000000000262
385400, 55068.6700,  3, 326.18, 10.730000000003201
385401, 55068.7750,  3, 320.59, 10.855000000003201
385401, 55068.7750,  3, 327.30, 10.845000000001164
385407, 55069.4000,  3, 320.99, 11.555000000000291
385422, 55070.9600,  3, 299.40, 13.020000000004075
385430, 55071.7950,  3, 270.21, 13.919999999998254
385432, 55072.0050,  3, 264.90, 14.114999999997963
385482, 55077.2100,  3, 295.01, 19.290000000000873
385545, 55094.5100,  1, -165.05, 6.459999999999127
385545, 55094.5100,  1, -125.52, 6.459999999999127
385586, 55098.7800,  3, 303.32, 10.69999999999709
385587, 55098.8850,  3, 325.53, 10.779999999998836
385593, 55099.5100,  3, 325.52, 11.369999999995343
385620, 55102.3250,  3, 271.56, 14.259999999994761
385622, 55102.5300,  3, 320.97, 14.404999999998836
385624, 55102.7400,  3, 292.56, 14.604999999995925
385724, 55123.9550,  3, 330.54, 10.279999999998836
385731, 55124.6850,  3, 338.23, 10.959999999999127
385738, 55125.4100,  3, 284.74, 11.739999999997963
385741, 55125.7250,  3, 297.11, 12.040000000000873
385749, 55126.5600,  3, 312.03, 12.895000000004075
385765, 55128.2250,  3, 303.25, 14.580000000001746
385776, 55129.3700,  3, 288.26, 15.62999999999738
385797, 55131.5600,  3, 284.85, 17.849999999998545
385901, 55153.3500,  3, 323.34, 10.684999999997672
385903, 55153.5600,  3, 296.86, 10.844999999993888
385904, 55153.6600,  3, 328.26, 10.95499999999447
385926, 55155.9550,  3, 298.85, 13.294999999998254
385934, 55156.7850,  3, 335.44, 14.07999999999447
385944, 55157.8300,  3, 257.93, 15.19999999999709
385944, 55157.8300,  3, 279.49, 15.14999999999418
385946, 55158.0350,  3, 257.83, 15.360000000000582
386054, 55180.1200,  3, 301.50, 11.105000000003201
386058, 55180.5350,  3, 313.18, 11.485000000000582
386059, 55180.6400,  3, 322.41, 11.595000000001164
386060, 55180.7450,  3, 316.56, 11.755000000004657
386061, 55180.8500,  3, 303.54, 11.845000000001164
386075, 55182.3100,  3, 261.98, 13.239999999997963
386085, 55183.3500,  3, 313.07, 14.340000000003783
386089, 55183.7650,  3, 299.14, 14.724999999998545
386190, 55205.0650,  3, 299.39, 10.404999999998836
386194, 55205.4800,  3, 310.85, 10.769999999996799
386203, 55206.4200,  3, 334.84, 11.69999999999709
386217, 55207.8800,  3, 296.98, 13.139999999999418
386222, 55208.4000,  3, 301.67, 13.684999999997672
386224, 55208.6050,  3, 288.65, 13.930000000000291
386245, 55210.7950,  3, 278.37, 16.06999999999971
386266, 55212.9800,  3, 266.18, 18.25499999999738
386385, 55236.3500,  3, 311.64, 12.214999999996508
386389, 55236.7650,  3, 254.15, 12.67500000000291
386392, 55237.0800,  3, 301.92, 12.92500000000291
386393, 55237.1850,  3, 290.09, 13.05000000000291
386394, 55237.2850,  3, 303.13, 13.209999999999127
386405, 55238.4350,  3, 283.17, 14.334999999999127
386406, 55238.5350,  3, 293.38, 14.44999999999709
386412, 55239.1600,  3, 253.43, 15.065000000002328
386517, 55260.7650,  3, 303.79, 10.779999999998836
386522, 55261.2850,  3, 330.57, 11.349999999998545
386530, 55262.1200,  3, 256.52, 12.125
386536, 55262.7450,  3, 299.45, 12.724999999998545
386537, 55262.8500,  3, 279.49, 12.819999999999709
386542, 55263.3700,  3, 291.14, 13.349999999998545
386552, 55264.4100,  3, 287.55, 14.440000000002328
386602, 55269.6200,  3, 281.19, 19.669999999998254
386702, 55290.7450,  3, 341.59, 10.279999999998836
386706, 55291.1600,  3, 323.46, 10.639999999999418
386711, 55291.6850,  3, 283.24, 11.190000000002328
386720, 55292.6200,  3, 289.02, 12.089999999996508
386725, 55293.1400,  3, 267.57, 12.705000000001746
386735, 55294.1850,  3, 293.12, 13.739999999997963
386735, 55294.1850,  3, 297.13, 13.669999999998254
386774, 55298.2450,  3, 276.39, 17.779999999998836
386884, 55320.7950,  3, 323.45, 11.314999999995052
386889, 55321.3150,  3, 306.46, 11.849999999998545
386890, 55321.4200,  3, 316.43, 11.970000000001164
386897, 55322.1500,  3, 316.30, 12.70499999999447
386906, 55323.0850,  3, 277.75, 13.604999999995925
386914, 55323.9200,  3, 274.62, 14.39999999999418
386919, 55324.4400,  3, 254.40, 14.970000000001164
386927, 55325.2750,  3, 265.67, 15.75499999999738
387039, 55347.9200,  3, 323.09, 11.464999999996508
387039, 55347.9200,  3, 297.53, 11.514999999999418
387041, 55348.1300,  3, 288.75, 11.684999999997672
387041, 55348.1300,  3, 276.67, 11.694999999999709
387044, 55348.4400,  3, 307.13, 11.984999999993306
387060, 55350.1050,  3, 261.22, 13.739999999997963
387062, 55350.3150,  3, 287.22, 13.95499999999447
387063, 55350.4200,  3, 262.51, 14.059999999997672
387186, 55374.1150,  3, 279.78, 12.635000000002037
387187, 55374.2200,  3, 286.48, 12.75
387195, 55375.0500,  3, 312.18, 13.630000000004657
387196, 55375.1550,  3, 277.68, 13.700000000004366
387196, 55375.1550,  3, 270.59, 13.660000000003492
387227, 55378.3850,  3, 274.88, 16.910000000003492
387229, 55378.5950,  3, 279.25, 17.090000000003783
387235, 55379.2200,  3, 255.18, 17.75
387341, 55401.0950,  3, 338.74, 10.864999999997963
387341, 55401.0950,  3, 323.72, 10.875
387342, 55401.2000,  3, 281.90, 10.99500000000262
387352, 55402.2400,  3, 328.54, 12.080000000001746
387360, 55403.0750,  3, 305.92, 12.864999999997963
387365, 55403.5950,  3, 266.33, 13.415000000000873
387372, 55404.3250,  3, 290.10, 14.135000000002037
387376, 55404.7400,  3, 285.07, 14.5
387496, 55428.0600,  3, 300.38, 12.299999999995634
387502, 55428.6850,  3, 298.70, 13.014999999999418
387504, 55428.8900,  3, 291.73, 13.179999999993015
387506, 55429.1000,  3, 265.15, 13.359999999993306
387516, 55430.1400,  3, 279.26, 14.434999999997672
387517, 55430.2450,  3, 271.65, 14.564999999995052
387530, 55431.6000,  3, 224.62, 15.87999999999738
387531, 55431.7050,  3, 293.26, 15.974999999998545
387638, 55454.3150,  3, 297.65, 11.010000000002037
387645, 55455.0450,  3, 313.90, 11.724999999998545
387651, 55455.6700,  3, 266.39, 12.314999999995052
387668, 55457.4400,  3, 327.19, 14.059999999997672
387673, 55457.9600,  3, 294.31, 14.614999999997963
387673, 55457.9600,  3, 229.00, 14.599999999998545
387675, 55458.1700,  3, 295.23, 14.834999999999127
387728, 55463.6900,  3, 264.57, 20.400000000001455
387847, 55486.5350,  3, 335.35, 12.19999999999709
387853, 55487.1600,  3, 311.40, 12.82999999999447
387860, 55487.8900,  3, 260.59, 13.549999999995634
387861, 55487.9950,  3, 295.96, 13.739999999997963
387862, 55488.1000,  3, 285.20, 13.839999999996508
387869, 55488.8300,  3, 256.69, 14.540000000000873
387898, 55491.8500,  3, 240.44, 17.56999999999971
387914, 55493.5150,  3, 279.91, 19.229999999995925
388023, 55515.5150,  3, 322.09, 11.215000000003783
388025, 55515.7250,  3, 280.52, 11.444999999999709
388027, 55515.9350,  3, 261.85, 11.635000000002037
388035, 55516.7650,  3, 261.39, 12.480000000003201
388035, 55516.7650,  3, 272.08, 12.395000000004075
388039, 55517.1850,  3, 301.78, 12.845000000001164
388051, 55518.4350,  3, 275.56, 14.065000000002328
388095, 55523.0150,  3, 259.23, 18.705000000001746
388197, 55544.2950,  3, 303.89, 10.479999999995925
388214, 55546.0650,  3, 296.56, 12.189999999995052
388216, 55546.2750,  3, 286.38, 12.485000000000582
388219, 55546.5850,  3, 257.01, 12.705000000001746
388228, 55547.5250,  3, 243.18, 13.69999999999709
388236, 55548.3550,  3, 240.48, 14.525000000001455
388245, 55549.2950,  3, 268.32, 15.5
388288, 55553.7750,  3, 211.25, 19.989999999997963
388415, 55577.7450,  3, 276.43, 13.07999999999447
388420, 55578.2650,  3, 242.56, 13.639999999999418
388428, 55579.1000,  3, 268.70, 14.424999999995634
388429, 55579.2050,  3, 230.29, 14.564999999995052
388429, 55579.2050,  3, 275.30, 14.50499999999738
388450, 55581.3900,  3, 265.68, 16.709999999999127
388462, 55582.6400,  3, 235.37, 17.989999999997963
388466, 55583.0600,  3, 279.97, 18.334999999999127
388577, 55605.4750,  3, 334.98, 11.404999999998836
388592, 55607.0350,  3, 284.02, 12.959999999999127
388595, 55607.3500,  3, 285.54, 13.309999999997672
388606, 55608.4950,  3, 275.33, 14.42500000000291
388617, 55609.6400,  3, 248.11, 15.520000000004075
388627, 55610.6850,  3, 279.01, 16.584999999999127
388638, 55611.8300,  3, 278.59, 17.739999999997963
388694, 55617.6600,  3, 216.21, 23.62999999999738
388806, 55640.2300,  3, 281.31, 11.535000000003492
388817, 55641.3800,  3, 289.27, 12.630000000004657
388819, 55641.5850,  3, 291.65, 12.815000000002328
388824, 55642.1050,  3, 271.38, 13.400000000001455
388826, 55642.3150,  3, 264.23, 13.630000000004657
388858, 55645.6500,  3, 232.91, 16.935000000004948
388863, 55646.1700,  3, 222.04, 17.404999999998836
388866, 55646.4800,  3, 294.22, 17.735000000000582
388980, 55668.9600,  3, 292.97, 11.724999999998545
388989, 55669.9000,  3, 291.88, 12.610000000000582
388996, 55670.6300,  3, 268.06, 13.430000000000291
388998, 55670.8350,  3, 263.12, 13.589999999996508
389015, 55672.6050,  3, 294.07, 15.384999999994761
389031, 55674.2750,  3, 227.31, 17.040000000000873
389044, 55675.6300,  3, 213.65, 18.364999999997963
389070, 55678.3350,  3, 240.92, 21.040000000000873
389181, 55700.6400,  3, 320.56, 11.44999999999709
389192, 55701.7850,  3, 311.24, 12.57499999999709
389209, 55703.5600,  3, 239.92, 14.339999999996508
389218, 55704.4950,  3, 246.14, 15.209999999999127
389225, 55705.2250,  3, 302.34, 15.964999999996508
389234, 55706.1600,  3, 321.24, 16.889999999999418
389258, 55708.6600,  3, 239.09, 19.385000000002037
389272, 55710.1200,  3, 290.36, 20.8550000000032
389386, 55732.6150,  3, 308.51, 11.744999999995343
389387, 55732.7200,  3, 269.09, 11.854999999995925
389393, 55733.3450,  3, 336.90, 12.464999999996508
389410, 55735.1150,  3, 298.69, 14.220000000001164
389411, 55735.2200,  3, 263.35, 14.319999999999709
389420, 55736.1550,  3, 289.25, 15.235000000000582
389423, 55736.4700,  3, 251.44, 15.525000000001455
389453, 55739.5950,  3, 272.00, 18.735000000000582
389565, 55761.9750,  3, 295.41, 11.540000000000873
389568, 55762.2850,  3, 317.64, 11.790000000000873
389583, 55763.8500,  3, 283.27, 13.37000000000262
389588, 55764.3700,  3, 300.03, 13.919999999998254
389597, 55765.3100,  3, 273.08, 14.860000000000582
389602, 55765.8300,  3, 273.42, 15.37999999999738
389608, 55766.4550,  3, 271.91, 15.99500000000262
389610, 55766.6600,  3, 258.95, 16.165000000000873
389715, 55788.5150,  3, 310.41, 10.760000000002037
389720, 55789.0350,  3, 310.98, 11.345000000001164
389737, 55790.8100,  3, 292.62, 13.060000000004948
389742, 55791.3300,  3, 275.41, 13.62000000000262
389757, 55792.8900,  3, 271.27, 15.165000000000873
389792, 55796.5350,  3, 224.93, 18.755000000004657
389804, 55797.7850,  3, 291.59, 20.035000000003492
389833, 55800.8100,  3, 288.89, 23.025000000001455
389954, 55824.2200,  3, 255.52, 12.494999999995343
389954, 55824.2200,  3, 292.65, 12.400000000001455
389955, 55824.3250,  3, 274.14, 12.510000000002037
389959, 55824.7400,  3, 308.54, 13.014999999999418
389960, 55824.8450,  3, 293.04, 13.034999999996217
389966, 55825.4700,  3, 259.78, 13.720000000001164
389977, 55826.6150,  3, 302.25, 14.799999999995634
389995, 55828.4900,  3, 270.23, 16.674999999995634
390114, 55851.5450,  3, 300.97, 12.264999999999418
390123, 55852.4800,  3, 268.13, 13.150000000001455
390129, 55853.1050,  3, 235.76, 13.819999999999709
390138, 55854.0450,  3, 251.67, 14.72500000000582
390139, 55854.1500,  3, 264.58, 14.840000000003783
390151, 55855.4000,  3, 293.91, 16.040000000000873
390156, 55855.9200,  3, 261.95, 16.639999999999418
390163, 55856.6500,  3, 238.43, 17.30500000000029
390274, 55879.0850,  3, 273.64, 11.360000000000582
390276, 55879.2950,  3, 295.55, 11.580000000001746
390304, 55882.2100,  3, 275.54, 14.544999999998254
390305, 55882.3150,  3, 245.28, 14.599999999998545
390316, 55883.4600,  3, 282.84, 15.785000000003492
390323, 55884.1900,  3, 237.24, 16.485000000000582
390333, 55885.2300,  3, 255.02, 17.510000000002037
390349, 55886.9000,  3, 284.97, 19.19499999999971
390456, 55908.6150,  3, 295.46, 11.040000000000873
390458, 55908.8250,  3, 318.03, 11.220000000001164
390468, 55909.8650,  3, 263.80, 12.205000000001746
390476, 55910.7000,  3, 315.41, 13.125
390489, 55912.0500,  3, 280.27, 14.470000000001164
390493, 55912.4700,  3, 247.58, 14.87999999999738
390494, 55912.5750,  3, 289.80, 14.919999999998254
390510, 55914.2400,  3, 298.25, 16.6050000000032
390618, 55936.7000,  3, 286.53, 11.119999999995343
390644, 55939.4050,  3, 274.75, 13.864999999997963
390646, 55939.6150,  3, 265.87, 13.985000000000582
390659, 55940.9700,  3, 260.04, 15.375
390665, 55941.5950,  3, 298.42, 16.064999999995052
390668, 55941.9050,  3, 295.16, 16.279999999998836
390668, 55941.9050,  3, 244.99, 16.279999999998836
390684, 55943.5750,  3, 255.99, 18.00499999999738
390787, 55965.0500,  3, 315.31, 10.57499999999709
390801, 55966.5100,  3, 294.32, 11.989999999997963
390801, 55966.5100,  3, 311.35, 11.989999999997963
390803, 55966.7200,  3, 320.56, 12.25
390809, 55967.3450,  3, 282.86, 12.914999999993597
390829, 55969.4250,  3, 260.14, 14.930000000000291
390862, 55972.8650,  3, 298.47, 18.424999999995634
390872, 55973.9050,  3, 224.28, 19.43000000000029
390987, 55996.5750,  3, 306.29, 11.779999999998836
390988, 55996.6750,  3, 283.64, 11.940000000002328
391005, 55998.4500,  3, 283.53, 13.650000000001455
391009, 55998.8650,  3, 258.75, 14.080000000001746
391018, 55999.8000,  3, 224.27, 15.035000000003492
391019, 55999.9050,  3, 280.71, 15.154999999998836
391022, 56000.2200,  3, 280.19, 15.49500000000262
391051, 56003.2400,  3, 237.23, 18.485000000000582
391152, 56024.6050,  3, 294.67, 10.319999999999709
391173, 56026.7950,  3, 280.64, 12.540000000000873
391179, 56027.4200,  3, 299.84, 13.169999999998254
391185, 56028.0450,  3, 291.96, 13.809999999997672
391188, 56028.3550,  3, 268.49, 14.119999999995343
391188, 56028.3550,  3, 237.79, 14.134999999994761
391190, 56028.5650,  3, 255.24, 14.27499999999418
391235, 56033.2550,  3, 259.84, 18.970000000001164
391296, 56050.6850,  1, -151.60, 6.25
391296, 56050.6850,  1, -149.74, 6.25
391338, 56055.0600,  3, 317.56, 10.555000000000291
391350, 56056.3100,  3, 294.85, 11.840000000003783
391356, 56056.9350,  3, 295.79, 12.450000000004366
391359, 56057.2450,  3, 297.46, 12.770000000004075
391385, 56059.9550,  3, 280.86, 15.490000000005239
391401, 56061.6200,  3, 244.24, 17.17000000000553
391504, 56083.0850,  3, 319.56, 10.599999999998545
391506, 56083.2950,  3, 314.60, 10.819999999999709
391515, 56084.2300,  3, 317.77, 11.735000000000582
391517, 56084.4400,  3, 287.31, 11.955000000001746
391523, 56085.0650,  3, 259.57, 12.540000000000873
391529, 56085.6900,  3, 325.94, 13.139999999999418
391534, 56086.2100,  3, 301.54, 13.650000000001455
391541, 56086.9400,  3, 236.48, 14.474999999998545
391644, 56109.4000,  3, 298.66, 10.525000000001455
391649, 56109.9200,  3, 300.41, 11.104999999995925
391655, 56110.5450,  3, 312.08, 11.674999999995634
391656, 56110.6500,  3, 316.65, 11.775000000001455
391661, 56111.1700,  3, 287.76, 12.369999999995343
391671, 56112.2100,  3, 258.36, 13.330000000001746
391683, 56113.4600,  3, 271.74, 14.614999999997963
391722, 56117.5250,  3, 248.35, 18.735000000000582
391822, 56138.4750,  3, 341.95, 10.264999999999418
391836, 56139.9350,  3, 296.97, 11.75499999999738
391841, 56140.4550,  3, 317.59, 12.234999999993306
391860, 56142.4350,  3, 281.76, 14.20499999999447
391875, 56143.9950,  3, 257.75, 15.75499999999738
391882, 56144.7250,  3, 295.58, 16.474999999998545
391884, 56144.9350,  3, 271.29, 16.744999999995343
391901, 56146.7050,  3, 259.85, 18.44999999999709
392024, 56170.3350,  3, 285.86, 12.605000000003201
392027, 56170.6500,  3, 323.67, 12.940000000002328
392029, 56170.8550,  3, 289.60, 13.160000000003492
392033, 56171.2750,  3, 260.54, 13.635000000002037
392034, 56171.3800,  3, 320.88, 13.74500000000262
392072, 56175.3350,  3, 264.01, 17.685000000004948
392072, 56175.3350,  3, 254.90, 17.69499999999971
392095, 56177.7300,  3, 275.25, 20.035000000003492
392203, 56199.9350,  3, 293.81, 11.089999999996508
392213, 56200.9750,  3, 319.74, 12.104999999995925
392216, 56201.2850,  3, 322.93, 12.404999999998836
392218, 56201.4950,  3, 260.16, 12.665000000000873
392223, 56202.0150,  3, 306.59, 13.165000000000873
392228, 56202.5350,  3, 281.88, 13.714999999996508
392234, 56203.1600,  3, 277.01, 14.32499999999709
392248, 56204.6200,  3, 273.96, 15.74500000000262
392358, 56226.9750,  3, 304.35, 11.32999999999447
392362, 56227.3900,  3, 321.29, 11.764999999999418
392366, 56227.8100,  3, 306.09, 12.125
392369, 56228.1200,  3, 315.21, 12.469999999993888
392371, 56228.3300,  3, 312.20, 12.669999999998254
392385, 56229.7850,  3, 257.40, 14.094999999993888
392390, 56230.3100,  3, 286.84, 14.625
392462, 56237.8100,  3, 250.02, 22.084999999999127
392529, 56255.7000,  1, -178.69, 6.875
392529, 56255.7000,  1, -122.74, 6.875
392570, 56259.9700,  3, 317.81, 11.04500000000553
392572, 56260.1750,  3, 327.36, 11.335000000006403
392576, 56260.5950,  3, 294.44, 11.690000000002328
392589, 56261.9500,  3, 277.45, 13.12000000000262
392594, 56262.4700,  3, 292.47, 13.555000000000291
392642, 56267.4700,  3, 231.23, 18.54500000000553
392748, 56289.3000,  3, 309.57, 10.834999999999127
392783, 56292.9500,  3, 290.19, 14.485000000000582
392783, 56292.9500,  3, 260.66, 14.575000000004366
392786, 56293.2600,  3, 278.43, 14.880000000004657
392787, 56293.3650,  3, 281.52, 14.910000000003492
392787, 56293.3650,  3, 277.00, 14.900000000001455
392799, 56294.6150,  3, 273.59, 16.215000000003783
392806, 56295.3450,  3, 265.53, 16.94499999999971
392908, 56316.7000,  3, 294.77, 10.489999999997963
392925, 56318.4700,  3, 296.33, 12.209999999999127
392927, 56318.6750,  3, 319.63, 12.444999999999709
392930, 56318.9900,  3, 320.30, 12.784999999996217
392939, 56319.9250,  3, 284.45, 13.714999999996508
392945, 56320.5500,  3, 262.79, 14.360000000000582
392948, 56320.8650,  3, 277.89, 14.62999999999738
392953, 56321.3850,  3, 291.87, 15.159999999996217
393075, 56344.9750,  3, 297.29, 12.555000000000291
393076, 56345.0800,  3, 286.52, 12.694999999999709
393078, 56345.2850,  3, 295.77, 12.894999999996799
393092, 56346.7450,  3, 239.78, 14.369999999995343
393096, 56347.1600,  3, 285.73, 14.719999999993888
393103, 56347.8900,  3, 250.84, 15.479999999995925
393114, 56349.0350,  3, 237.36, 16.57999999999447
393126, 56350.2850,  3, 274.06, 17.81999999999971
393238, 56373.6200,  3, 288.87, 11.455000000001746
393253, 56375.1850,  3, 300.97, 13.110000000000582
393254, 56375.2850,  3, 322.70, 13.139999999999418
393262, 56376.1200,  3, 263.11, 13.970000000001164
393269, 56376.8500,  3, 265.12, 14.735000000000582
393273, 56377.2650,  3, 289.57, 15.185000000004948
393275, 56377.4750,  3, 304.03, 15.315000000002328
393333, 56383.5150,  3, 258.46, 21.435000000004948
393458, 56407.1750,  3, 267.41, 12.845000000001164
393460, 56407.3850,  3, 313.81, 13.069999999999709
393461, 56407.4900,  3, 249.19, 13.209999999999127
393466, 56408.0100,  3, 285.65, 13.720000000001164
393470, 56408.4250,  3, 301.31, 14.12999999999738
393473, 56408.7400,  3, 250.04, 14.474999999998545
393512, 56412.8000,  3, 249.87, 18.44499999999971
393554, 56417.1750,  3, 252.83, 22.860000000000582
393661, 56439.1000,  3, 287.48, 10.970000000001164
393664, 56439.4100,  3, 324.53, 11.309999999997672
393665, 56439.5150,  3, 289.59, 11.455000000001746
393701, 56443.2650,  3, 244.77, 15.12000000000262
393711, 56444.3100,  3, 268.19, 16.25
393732, 56446.4950,  3, 228.06, 18.375
393765, 56449.9350,  3, 250.49, 21.834999999999127
393806, 56454.2050,  3, 223.81, 26.139999999999418
393915, 56476.3250,  3, 305.63, 11.19999999999709
393930, 56477.8850,  3, 256.03, 12.739999999997963
393935, 56478.4050,  3, 281.11, 13.25
393952, 56480.1750,  3, 233.50, 15.07499999999709
393966, 56481.6350,  3, 291.35, 16.459999999999127
393970, 56482.0500,  3, 264.27, 16.92500000000291
393984, 56483.5100,  3, 225.92, 18.340000000003783
393988, 56483.9250,  3, 221.40, 18.760000000002037
394108, 56507.4550,  3, 290.95, 12.394999999996799
394110, 56507.6600,  3, 293.20, 12.57499999999709
394116, 56508.2850,  3, 273.46, 13.220000000001164
394117, 56508.3900,  3, 287.46, 13.269999999996799
394117, 56508.3900,  3, 249.84, 13.330000000001746
394120, 56508.7050,  3, 257.22, 13.610000000000582
394180, 56514.9550,  3, 264.51, 19.860000000000582
394187, 56515.6850,  3, 205.76, 20.540000000000873
394290, 56537.1200,  3, 324.28, 10.569999999999709
394308, 56538.9950,  3, 271.74, 12.485000000000582
394312, 56539.4100,  3, 256.74, 12.819999999999709
394314, 56539.6200,  3, 253.91, 13.119999999995343
394331, 56541.3900,  3, 280.02, 14.844999999993888
394334, 56541.7050,  3, 236.18, 15.159999999996217
394348, 56543.1600,  3, 247.10, 16.599999999998545
394355, 56543.8900,  3, 245.06, 17.344999999993888
394462, 56566.5250,  3, 291.69, 11.029999999998836
394466, 56566.9400,  3, 280.86, 11.360000000000582
394478, 56568.1900,  3, 249.99, 12.644999999996799
394487, 56569.1300,  3, 251.45, 13.55000000000291
394499, 56570.3800,  3, 248.03, 14.849999999998545
394510, 56571.5250,  3, 242.30, 15.959999999999127
394547, 56575.3800,  3, 226.51, 19.81500000000233
394553, 56576.0050,  3, 245.49, 20.5
394614, 56593.0500,  1, -168.79, 6.25
394614, 56593.0500,  1, -135.75, 6.25
394658, 56597.6350,  3, 308.33, 10.735000000000582
394663, 56598.1550,  3, 284.23, 11.279999999998836
394670, 56598.8850,  3, 327.43, 11.994999999995343
394689, 56600.8650,  3, 270.90, 14.044999999998254
394713, 56603.3650,  3, 261.79, 16.474999999998545
394723, 56604.4050,  3, 245.63, 17.529999999998836
394850, 56628.3100,  3, 274.29, 13.084999999999127
394860, 56629.3500,  3, 253.52, 14.069999999999709
394870, 56630.3900,  3, 277.05, 15.185000000004948
394876, 56631.0150,  3, 282.49, 15.770000000004075
394900, 56633.5150,  3, 224.30, 18.31500000000233
394916, 56635.1850,  3, 244.07, 19.910000000003492
394938, 56637.4750,  3, 233.67, 22.2300000000032
394942, 56637.8900,  3, 189.37, 22.60000000000582
395060, 56660.8250,  3, 270.00, 12.144999999996799
395067, 56661.5500,  3, 250.58, 12.834999999999127
395070, 56661.8650,  3, 303.27, 13.159999999996217
395088, 56663.7400,  3, 248.31, 15.009999999994761
395089, 56663.8450,  3, 272.19, 15.189999999995052
395102, 56665.2000,  3, 242.42, 16.534999999996217
395151, 56670.3000,  3, 235.57, 21.589999999996508
395319, 56687.8000,  3, 201.98, 39.1449999999968
395443, 56711.4600,  3, 237.71, 12.720000000001164
395456, 56712.8150,  3, 288.00, 14.064999999995052
395459, 56713.1300,  3, 234.75, 14.385000000002037
395470, 56714.2750,  3, 267.57, 15.555000000000291
395476, 56714.9000,  3, 224.70, 16.205000000001746
395479, 56715.2100,  3, 229.10, 16.489999999997963
395549, 56722.5050,  3, 196.12, 23.80999999999767
395690, 56737.1900,  3, 150.72, 38.45999999999913
395814, 56761.8800,  3, 267.51, 12.735000000000582
395816, 56762.0850,  3, 248.55, 12.919999999998254
395860, 56766.6700,  3, 229.65, 17.534999999996217
395864, 56767.0850,  3, 251.56, 17.979999999995925
395888, 56769.5850,  3, 232.89, 20.44499999999971
395936, 56774.5850,  3, 229.84, 25.439999999995052
395977, 56778.8550,  3, 197.77, 29.75499999999738
395985, 56779.6900,  3, 211.37, 30.56999999999971
396099, 56802.2200,  3, 286.77, 11.764999999999418
396117, 56804.0950,  3, 257.34, 13.565000000002328
396121, 56804.5100,  3, 251.86, 13.965000000003783
396123, 56804.7200,  3, 310.79, 14.264999999999418
396126, 56805.0300,  3, 254.34, 14.535000000003492
396139, 56806.3850,  3, 259.16, 15.835000000006403
396145, 56807.0100,  3, 289.84, 16.470000000001164
396148, 56807.3250,  3, 245.09, 16.81500000000233
396290, 56833.5600,  3, 268.25, 14.644999999996799
396294, 56833.9750,  3, 245.95, 15.034999999996217
396296, 56834.1850,  3, 270.52, 15.305000000000291
396308, 56835.4350,  3, 290.61, 16.464999999996508
396308, 56835.4350,  3, 257.40, 16.479999999995925
396356, 56840.4350,  3, 238.84, 21.55500000000029
396362, 56841.0600,  3, 275.20, 22.119999999995343
396399, 56844.9100,  3, 180.95, 26.00999999999476
396532, 56869.2950,  3, 256.47, 13.694999999999709
396540, 56870.1300,  3, 236.50, 14.485000000000582
396546, 56870.7550,  3, 259.29, 15.190000000002328
396551, 56871.2750,  3, 218.18, 15.715000000003783
396570, 56873.2550,  3, 244.72, 17.610000000000582
396577, 56873.9800,  3, 271.71, 18.360000000000582
396632, 56879.7100,  3, 211.90, 24.12000000000262
396673, 56883.9800,  3, 215.74, 28.340000000003783
396795, 56907.3850,  3, 288.04, 12.55000000000291
396796, 56907.4900,  3, 278.50, 12.665000000000873
396810, 56908.9500,  3, 294.77, 14.130000000004657
396815, 56909.4700,  3, 246.09, 14.669999999998254
396819, 56909.8850,  3, 249.44, 15.065000000002328
396823, 56910.3000,  3, 225.07, 15.455000000001746
396825, 56910.5100,  3, 234.11, 15.715000000003783
396864, 56914.5750,  3, 265.72, 19.715000000003783
396987, 56938.0650,  3, 236.93, 12.625
397003, 56939.7300,  3, 289.31, 14.27499999999418
397004, 56939.8350,  3, 245.02, 14.37999999999738
397020, 56941.5050,  3, 254.39, 16.13499999999476
397042, 56943.7950,  3, 257.23, 18.369999999995343
397049, 56944.5250,  3, 205.84, 19.094999999993888
397090, 56948.7950,  3, 193.77, 23.344999999993888
397138, 56953.7950,  3, 189.57, 28.43000000000029
397264, 56977.6350,  3, 288.34, 12.99500000000262
397269, 56978.1550,  3, 277.03, 13.490000000005239
397281, 56979.4050,  3, 224.74, 14.755000000004657
397287, 56980.0300,  3, 249.88, 15.375
397289, 56980.2400,  3, 264.60, 15.575000000004366
397302, 56981.5950,  3, 198.56, 16.900000000001455
397342, 56985.7600,  3, 208.13, 21.130000000004657
397379, 56989.6150,  3, 210.36, 24.895000000004075
397482, 57011.1750,  3, 310.14, 10.534999999996217
397513, 57014.4050,  3, 253.19, 13.805000000000291
397514, 57014.5100,  3, 298.17, 13.860000000000582
397521, 57015.2400,  3, 255.54, 14.62999999999738
397534, 57016.5950,  3, 230.44, 15.939999999995052
397536, 57016.8000,  3, 213.48, 16.154999999998836
397537, 57016.9050,  3, 227.09, 16.31999999999971
397595, 57022.9500,  3, 235.37, 22.32999999999447
397709, 57045.6000,  3, 285.65, 11.684999999997672
397714, 57046.1200,  3, 289.69, 12.235000000000582
397715, 57046.2250,  3, 314.89, 12.360000000000582
397718, 57046.5350,  3, 268.40, 12.614999999997963
397721, 57046.8500,  3, 249.54, 12.989999999997963
397725, 57047.2650,  3, 315.04, 13.430000000000291
397760, 57050.9100,  3, 224.66, 16.985000000000582
397793, 57054.3500,  3, 234.11, 20.50999999999476
397906, 57076.9200,  3, 273.02, 11.630000000004657
397918, 57078.1700,  3, 299.29, 12.895000000004075
397921, 57078.4800,  3, 330.66, 13.180000000000291
397922, 57078.5850,  3, 254.37, 13.230000000003201
397928, 57079.2100,  3, 281.52, 13.885000000002037
397929, 57079.3150,  3, 264.43, 14.005000000004657
397958, 57082.3350,  3, 193.78, 17.06500000000233
397967, 57083.2750,  3, 241.17, 17.93000000000029
398082, 57106.1300,  3, 283.22, 11.825000000004366
398096, 57107.5850,  3, 314.80, 13.290000000000873
398096, 57107.5850,  3, 301.52, 13.24500000000262
398098, 57107.7950,  3, 281.29, 13.490000000005239
398104, 57108.4200,  3, 249.44, 14.150000000001455
398122, 57110.2950,  3, 232.78, 16.030000000006112
398137, 57111.8550,  3, 247.32, 17.580000000001746
398156, 57113.8350,  3, 272.42, 19.49000000000524
398266, 57136.1900,  3, 258.89, 11.25499999999738
398290, 57138.6900,  3, 262.14, 13.775000000001455
398306, 57140.3550,  3, 200.09, 15.42500000000291
398322, 57142.0250,  3, 293.55, 17.125
398322, 57142.0250,  3, 270.79, 17.114999999997963
398323, 57142.1300,  3, 283.88, 17.215000000003783
398340, 57143.9000,  3, 220.32, 18.974999999998545
398342, 57144.1050,  3, 271.88, 19.18000000000029
398482, 57169.3650,  3, 289.96, 14.439999999995052
398484, 57169.5750,  3, 292.34, 14.680000000000291
398484, 57169.5750,  3, 234.67, 14.610000000000582
398486, 57169.7800,  3, 253.49, 14.82999999999447
398488, 57169.9900,  3, 280.83, 15.00499999999738
398499, 57171.1350,  3, 266.75, 16.220000000001164
398502, 57171.4500,  3, 304.63, 16.55500000000029
398504, 57171.6550,  3, 230.46, 16.714999999996508
398617, 57194.2750,  3, 289.63, 11.639999999999418
398629, 57195.5250,  3, 275.32, 12.834999999999127
398634, 57196.0450,  3, 213.16, 13.344999999993888
398641, 57196.7750,  3, 257.75, 14.099999999998545
398642, 57196.8800,  3, 244.12, 14.269999999996799
398645, 57197.1900,  3, 279.83, 14.519999999996799
398658, 57198.5450,  3, 291.91, 15.934999999997672
398745, 57207.6050,  3, 218.03, 24.909999999996217
398848, 57229.0050,  3, 321.10, 10.525000000001455
398859, 57230.1500,  3, 322.84, 11.680000000000291
398860, 57230.2550,  3, 258.12, 11.845000000001164
398871, 57231.4000,  3, 297.97, 12.92000000000553
398894, 57233.7950,  3, 265.36, 15.334999999999127
398943, 57238.9000,  3, 262.89, 20.514999999999418
399002, 57245.0450,  3, 230.43, 26.56500000000233
399286, 57274.6300,  3, 209.34, 56.200000000004366
399398, 57297.1200,  3, 294.78, 11.559999999997672
399407, 57298.0600,  3, 301.26, 12.5
399410, 57298.3700,  3, 313.62, 12.805000000000291
399414, 57298.7850,  3, 308.04, 13.17500000000291
399427, 57300.1400,  3, 268.34, 14.529999999998836
399459, 57303.4750,  3, 248.68, 17.885000000002037
399461, 57303.6850,  3, 309.17, 18.12000000000262
399469, 57304.5150,  3, 250.81, 18.919999999998254
399570, 57325.6150,  3, 302.64, 10.355000000003201
399591, 57327.8000,  3, 293.56, 12.585000000006403
399600, 57328.7400,  3, 307.36, 13.440000000002328
399619, 57330.7200,  3, 289.38, 15.470000000001164
399624, 57331.2400,  3, 259.86, 16.005000000004657
399630, 57331.8650,  3, 226.62, 16.595000000001164
399662, 57335.2000,  3, 292.62, 19.935000000004948
399676, 57336.6550,  3, 210.67, 21.380000000004657
399789, 57359.4950,  3, 327.24, 11.604999999995925
399798, 57360.4350,  3, 253.56, 12.595000000001164
399807, 57361.3700,  3, 265.65, 13.514999999999418
399816, 57362.3100,  3, 259.89, 14.384999999994761
399822, 57362.9350,  3, 270.50, 15.0
399840, 57364.8100,  3, 274.72, 16.87999999999738
399848, 57365.6400,  3, 271.89, 17.80500000000029
399859, 57366.7850,  3, 243.95, 18.8949999999968
399964, 57388.4750,  3, 328.95, 10.815000000002328
399993, 57391.4950,  3, 298.48, 13.775000000001455
400030, 57395.3500,  3, 261.01, 17.630000000004657
400036, 57395.9750,  3, 238.06, 18.310000000004948
400036, 57395.9750,  3, 259.54, 18.31999999999971
400039, 57396.2850,  3, 250.36, 18.585000000006403
400041, 57396.4950,  3, 273.39, 18.825000000004366
400066, 57399.1000,  3, 243.80, 21.375
400135, 57416.9800,  1, -181.96, 7.080000000001746
400135, 57416.9800,  1, -151.11, 7.080000000001746
400191, 57422.8150,  3, 267.66, 12.894999999996799
400216, 57425.4200,  3, 258.93, 15.419999999998254
400223, 57426.1500,  3, 251.33, 16.18499999999767
400238, 57427.7100,  3, 263.43, 17.729999999995925
400258, 57429.7950,  3, 236.06, 19.82499999999709
400259, 57429.9000,  3, 261.81, 19.989999999997963
400371, 57452.1050,  3, 304.88, 11.544999999998254
400375, 57452.5250,  3, 298.76, 11.910000000003492
400384, 57453.4600,  3, 304.24, 12.855000000003201
400396, 57454.7100,  3, 239.77, 14.130000000004657
400420, 57457.2100,  3, 297.85, 16.56500000000233
400421, 57457.3150,  3, 205.48, 16.764999999999418
400444, 57459.7100,  3, 221.80, 19.084999999999127
400468, 57462.2100,  3, 235.43, 21.56500000000233
400573, 57483.8500,  3, 309.39, 10.765000000006694
400604, 57487.0800,  3, 313.94, 14.055000000000291
400609, 57487.6000,  3, 298.81, 14.535000000003492
400625, 57489.2650,  3, 271.84, 16.22500000000582
400637, 57490.5150,  3, 269.16, 17.465000000003783
400638, 57490.6200,  3, 260.40, 17.585000000006403
400646, 57491.4550,  3, 265.42, 18.410000000003492
400667, 57493.6400,  3, 275.13, 20.575000000004366
400794, 57517.7850,  3, 274.04, 13.034999999996217
400798, 57518.2050,  3, 279.39, 13.434999999997672
400813, 57519.7650,  3, 258.12, 15.07499999999709
400816, 57520.0800,  3, 276.30, 15.315000000002328
400846, 57523.2050,  3, 211.10, 18.44999999999709
400856, 57524.2450,  3, 197.71, 19.525000000001455
400859, 57524.5600,  3, 250.88, 19.849999999998545
400880, 57526.7450,  3, 229.23, 22.025000000001455
401002, 57550.1600,  3, 271.35, 12.580000000001746
401014, 57551.4100,  3, 244.82, 13.785000000003492
401016, 57551.6200,  3, 316.00, 14.05000000000291
401037, 57553.8100,  3, 322.88, 16.185000000004948
401068, 57557.0350,  3, 268.19, 19.380000000004657
401069, 57557.1400,  3, 209.66, 19.485000000000582
401078, 57558.0800,  3, 192.42, 20.450000000004366
401098, 57560.1600,  3, 218.95, 22.505000000004657
