   127, 37.2100,  1, -274.25, 13.05
   138, 38.3250,  1, -283.02, 14.165000000000003
   166, 41.1700,  1, -291.26, 17.01
   183, 42.8950,  1, -267.16, 18.735000000000003
   195, 44.1150,  1, -254.51, 19.955000000000002
   364, 61.7900,  1, -374.63, 37.629999999999995
   485, 74.2150,  2, -166.21,  50
   485, 74.2150,  2, -189.99,  50
   696, 110.1600,  1, -257.27, 21.519999999999996
   743, 114.9950,  1, -302.52, 26.355000000000004
   751, 115.8200,  1, -285.02, 27.179999999999993
   781, 118.9100,  1, -331.36, 30.269999999999996
   889, 130.0500,  1, -339.68, 41.41000000000001
   972, 138.6950,  2, -174.13,  50
   972, 138.6950,  2, -152.83,  50
   972, 138.6950,  2, -199.59,  50
  1197, 175.7050,  1, -324.02, 23.225000000000023
  1253, 181.5400,  1, -341.72, 29.060000000000002
  1395, 196.3300,  1, -376.15, 43.85000000000002
  1454, 202.4800,  2, -176.04,  50
  1454, 202.4800,  1, -398.98, 50.0
  1454, 202.4800,  2, -163.27,  50
  1454, 202.4800,  2, -209.89,  50
  1454, 202.4800,  2, -148.41,  50
  1574, 228.0300,  1, -260.47, 12.294999999999987
  1584, 229.0700,  1, -282.75, 13.33499999999998
  1640, 234.9050,  1, -287.89, 19.169999999999987
  1668, 237.8200,  1, -305.72, 22.08499999999998
  1748, 246.1550,  1, -264.80, 30.419999999999987
  1817, 253.3400,  1, -368.76, 37.60499999999999
  1850, 256.7650,  1, -340.54, 41.02999999999997
  1852, 256.9700,  1, -289.91, 41.235000000000014
  2023, 288.0300,  1, -281.91, 17.289999999999964
  2032, 288.9500,  1, -258.68, 18.20999999999998
  2096, 295.4900,  1, -332.64, 24.75
  2098, 295.7000,  1, -296.02, 24.95999999999998
  2109, 296.8250,  1, -282.84, 26.08499999999998
  2111, 297.0300,  1, -296.20, 26.289999999999964
  2343, 320.7550,  2, -134.62,  50
  2343, 320.7550,  2, -131.37,  50
  2449, 345.1600,  1, -277.79, 10.630000000000052
  2451, 345.3650,  1, -241.34, 10.835000000000036
  2466, 346.9050,  1, -234.40, 12.375
  2494, 349.7650,  1, -259.97, 15.235000000000014
  2590, 359.5850,  1, -246.15, 25.055000000000007
  2686, 369.4050,  1, -350.91, 34.875
  2738, 374.7200,  1, -262.22, 40.190000000000055
  2834, 384.5350,  2, -163.32,  50
  2999, 414.8800,  1, -237.22, 16.66500000000002
  3010, 416.0050,  1, -278.59, 17.79000000000002
  3012, 416.2100,  1, -282.67, 17.995000000000005
  3084, 423.5750,  1, -321.04, 25.360000000000014
  3150, 430.3250,  1, -351.14, 32.110000000000014
  3264, 441.9800,  1, -372.08, 43.76500000000004
  3325, 448.2200,  2, -172.25,  50
  3325, 448.2200,  2, -208.35,  50
  3433, 472.5050,  1, -243.56, 10.84499999999997
  3465, 475.7800,  1, -249.14, 14.119999999999948
  3478, 477.1050,  1, -257.86, 15.444999999999993
  3495, 478.8450,  1, -253.48, 17.185000000000002
  3549, 484.3650,  1, -241.33, 22.704999999999984
  3572, 486.7200,  1, -303.31, 25.060000000000002
  3581, 487.6400,  1, -342.33, 25.97999999999996
  3816, 511.6750,  2, -153.44,  50
  3944, 537.9300,  1, -266.20, 12.75
  3984, 541.9750,  1, -257.14, 16.795000000000073
  4099, 553.6100,  1, -344.35, 28.430000000000064
  4245, 568.3850,  1, -321.22, 43.20500000000004
  4302, 574.1550,  1, -400.84, 48.97500000000002
  4313, 575.2700,  2, -135.89,  50
  4313, 575.2700,  2, -150.32,  50
  4313, 575.2700,  2, -144.78,  50
  4521, 609.5850,  1, -285.67, 20.840000000000032
  4562, 613.7350,  1, -292.78, 24.99000000000001
  4563, 613.8350,  1, -302.39, 25.090000000000032
  4810, 638.8300,  2, -127.36,  50
  4810, 638.8300,  2, -139.17,  50
  4810, 638.8300,  2, -158.36,  50
  4810, 638.8300,  2, -141.93,  50
  4810, 638.8300,  2, -149.63,  50
  4934, 664.4800,  1, -236.63, 12.340000000000032
  4977, 668.8300,  1, -255.41, 16.690000000000055
  4993, 670.4500,  1, -282.93, 18.31000000000006
  5052, 676.4250,  1, -282.94, 24.284999999999968
  5205, 691.9050,  1, -392.33, 39.764999999999986
  5207, 692.1050,  1, -311.88, 39.96500000000003
  5307, 702.2250,  2, -99.30,  50
  5307, 702.2250,  2, -183.81,  50
  5361, 721.0300,  1, -241.61, 5.259999999999991
  5392, 724.1700,  1, -256.50, 8.399999999999977
  5580, 743.1900,  1, -337.27, 27.420000000000073
  5628, 748.0500,  1, -310.79, 32.27999999999997
  5675, 752.8050,  1, -338.48, 37.03499999999997
  5804, 765.8550,  2, -179.44,  50
  5804, 765.8550,  2, -165.73,  50
  5804, 765.8550,  2, -207.77,  50
  5946, 793.6050,  1, -289.32, 14.164999999999964
  5999, 798.9700,  1, -287.02, 19.529999999999973
  6021, 801.1950,  1, -317.82, 21.754999999999995
  6046, 803.7250,  1, -294.86, 24.284999999999968
  6121, 811.3150,  1, -315.40, 31.875
  6254, 824.7750,  1, -348.43, 45.33499999999992
  6301, 829.5300,  2, -196.98,  50
  6301, 829.5300,  2, -166.36,  50
  6417, 854.8750,  1, -278.39, 11.534999999999968
  6443, 857.5050,  1, -288.45, 14.164999999999964
  6478, 861.0500,  1, -239.50, 17.709999999999923
  6518, 865.0950,  1, -259.02, 21.754999999999995
  6541, 867.4250,  1, -217.30, 24.084999999999923
  6547, 868.0300,  1, -262.34, 24.68999999999994
  6798, 893.4300,  2, -218.88,  50
  6798, 893.4300,  2, -93.76,  50
  6943, 922.3100,  1, -253.13, 14.474999999999909
  6949, 922.9200,  1, -304.49, 15.084999999999923
  6992, 927.2700,  1, -260.20, 19.434999999999945
  7203, 948.6200,  1, -357.79, 40.78499999999997
  7295, 957.9300,  2, -99.00,  50
  7295, 957.9300,  2, -195.40,  50
  7295, 957.9300,  2, -129.33,  50
  7295, 957.9300,  2, -158.26,  50
  7377, 979.6300,  1, -222.29, 8.095000000000027
  7456, 987.6250,  1, -299.59, 16.090000000000032
  7507, 992.7850,  1, -272.86, 21.25
  7542, 996.3250,  1, -322.40, 24.790000000000077
  7669, 1009.1800,  1, -373.47, 37.64499999999998
  7792, 1021.6250,  2, -129.40,  50
  7792, 1021.6250,  2, -166.11,  50
  7792, 1021.6250,  2, -170.99,  50
  8073, 1064.1100,  1, -326.74, 29.059999999999945
  8166, 1073.7950,  1, -370.27, 38.74500000000012
  8225, 1079.9400,  1, -360.33, 44.8900000000001
  8237, 1081.1900,  1, -378.36, 46.1400000000001
  8275, 1085.1500,  2, -155.02,  50
  8275, 1085.1500,  2, -128.90,  50
  8275, 1085.1500,  2, -53.61,  50
  8275, 1085.1500,  2, -108.07,  50
  8363, 1108.5950,  1, -268.02, 8.960000000000036
  8389, 1111.3050,  1, -272.91, 11.670000000000073
  8431, 1115.6800,  1, -297.96, 16.045000000000073
  8512, 1124.1200,  1, -306.95, 24.4849999999999
  8526, 1125.5750,  1, -308.88, 25.940000000000055
  8757, 1149.6400,  2, -165.80,  50
  8757, 1149.6400,  2, -96.31,  50
  8757, 1149.6400,  2, -130.70,  50
  8961, 1184.2950,  1, -302.47, 21.039999999999964
  8978, 1186.0650,  1, -314.61, 22.809999999999945
  8984, 1186.6900,  1, -304.98, 23.434999999999945
  9239, 1213.2550,  2, -200.35,  50
  9239, 1213.2550,  2, -132.47,  50
  9239, 1213.2550,  2, -163.69,  50
  9239, 1213.2550,  2, -206.61,  50
  9239, 1213.2550,  2, -181.17,  50
  9326, 1235.5150,  1, -225.77, 8.855000000000018
  9344, 1237.3900,  1, -222.47, 10.730000000000018
  9385, 1241.6600,  1, -319.24, 15.0
  9445, 1247.9100,  1, -280.07, 21.25
  9446, 1248.0150,  1, -289.53, 21.355000000000018
  9555, 1259.3700,  1, -276.15, 32.70999999999981
  9573, 1261.2450,  1, -368.57, 34.58499999999981
  9721, 1276.6600,  2, -195.85,  50
  9819, 1300.1600,  1, -248.44, 10.0
  9845, 1302.8700,  1, -294.46, 12.709999999999809
  9868, 1305.2650,  1, -288.07, 15.105000000000018
  9958, 1314.6400,  1, -319.45, 24.480000000000018
 10033, 1322.4500,  1, -336.36, 32.289999999999964
 10067, 1325.9950,  1, -363.71, 35.83499999999981
 10203, 1340.1600,  2, -137.18,  50
 10203, 1340.1600,  2, -213.54,  50
 10334, 1368.1800,  1, -260.54, 13.440000000000055
 10385, 1373.4950,  1, -277.09, 18.75499999999988
 10410, 1376.0950,  1, -313.58, 21.355000000000018
 10536, 1389.2200,  1, -295.02, 34.48000000000002
 10537, 1389.3250,  1, -358.25, 34.585000000000036
 10574, 1393.1800,  1, -317.33, 38.440000000000055
 10685, 1404.7450,  2, -109.81,  50
 10685, 1404.7450,  2, -149.88,  50
 10813, 1432.4850,  1, -246.02, 13.129999999999882
 10817, 1432.9000,  1, -301.71, 13.545000000000073
 11018, 1453.8350,  1, -323.27, 34.48000000000002
 11064, 1458.6300,  1, -287.67, 39.27500000000009
 11110, 1463.4200,  1, -388.80, 44.065000000000055
 11167, 1469.3600,  2, -96.60,  50
 11167, 1469.3600,  2, -103.82,  50
 11167, 1469.3600,  2, -174.67,  50
 11261, 1492.5150,  1, -271.80, 9.585000000000036
 11326, 1499.2850,  1, -292.40, 16.355000000000018
 11359, 1502.7200,  1, -294.34, 19.789999999999964
 11456, 1512.8250,  1, -330.24, 29.894999999999982
 11649, 1532.9300,  2, -93.10,  50
 11649, 1532.9300,  2, -212.38,  50
 11649, 1532.9300,  2, -134.21,  50
 11649, 1532.9300,  2, -211.02,  50
 11740, 1556.0350,  1, -241.57, 9.275000000000091
 11796, 1561.8700,  1, -294.42, 15.1099999999999
 11805, 1562.8050,  1, -235.34, 16.045000000000073
 11810, 1563.3250,  1, -248.29, 16.565000000000055
 11931, 1575.9300,  1, -351.91, 29.170000000000073
 12013, 1584.4700,  1, -375.35, 37.710000000000036
 12094, 1592.9100,  1, -290.25, 46.15000000000009
 12131, 1596.7650,  2, -133.93,  50
 12230, 1620.4700,  1, -278.98, 10.100000000000136
 12271, 1624.7450,  1, -259.76, 14.375
 12272, 1624.8450,  1, -237.54, 14.475000000000136
 12281, 1625.7850,  1, -250.67, 15.415000000000191
 12335, 1631.4100,  1, -273.60, 21.04000000000019
 12395, 1637.6600,  1, -308.45, 27.29000000000019
 12513, 1649.9500,  1, -360.77, 39.580000000000155
 12613, 1660.3700,  2, -116.77,  50
 12726, 1685.3350,  1, -282.71, 11.559999999999945
 12919, 1705.4400,  1, -292.23, 31.664999999999964
 12990, 1712.8350,  1, -343.84, 39.059999999999945
 13004, 1714.2950,  1, -305.53, 40.51999999999998
 13095, 1723.7750,  2, -150.19,  50
 13095, 1723.7750,  2, -168.30,  50
 13095, 1723.7750,  2, -172.80,  50
 13095, 1723.7750,  2, -119.32,  50
 13220, 1749.7950,  1, -222.31, 12.810000000000173
 13262, 1754.1700,  1, -235.29, 17.185000000000173
 13321, 1760.3150,  1, -317.64, 23.330000000000155
 13323, 1760.5250,  1, -326.88, 23.54000000000019
 13366, 1765.0050,  1, -275.43, 28.02000000000021
 13575, 1786.7750,  1, -304.09, 49.79000000000019
 13577, 1786.9850,  2, -137.32,  50
 13577, 1786.9850,  2, -131.07,  50
 13781, 1821.7000,  1, -267.96, 21.035000000000082
 13823, 1826.0750,  1, -326.21, 25.410000000000082
 14060, 1850.7650,  2, -118.49,  50
 14060, 1850.7650,  2, -143.70,  50
 14060, 1850.7650,  2, -188.14,  50
 14060, 1850.7650,  2, -185.69,  50
 14060, 1850.7650,  2, -141.32,  50
 14060, 1850.7650,  2, -150.50,  50
 14273, 1887.1600,  1, -301.11, 21.975000000000136
 14325, 1892.5750,  1, -330.87, 27.3900000000001
 14354, 1895.5950,  1, -369.70, 30.410000000000082
 14412, 1901.6400,  1, -356.66, 36.455000000000155
 14543, 1915.2850,  2, -167.10,  50
 14543, 1915.2850,  2, -156.45,  50
 14543, 1915.2850,  2, -159.62,  50
 14543, 1915.2850,  2, -140.39,  50
 14671, 1942.1100,  1, -256.65, 13.129999999999882
 14710, 1946.1700,  1, -274.05, 17.190000000000055
 14726, 1947.8350,  1, -316.45, 18.855000000000018
 14937, 1969.8150,  1, -380.35, 40.835000000000036
 14960, 1972.2100,  1, -342.07, 43.23000000000002
 15021, 1978.5650,  1, -416.71, 49.585000000000036
 15025, 1978.9850,  2, -175.63,  50
 15025, 1978.9850,  2, -222.68,  50
 15204, 2010.7550,  1, -314.46, 18.435000000000173
 15239, 2014.4000,  1, -325.40, 22.080000000000155
 15241, 2014.6100,  1, -264.52, 22.289999999999964
 15287, 2019.4000,  1, -269.11, 27.080000000000155
 15290, 2019.7100,  1, -304.14, 27.3900000000001
 15429, 2034.1900,  1, -307.65, 41.87000000000012
 15508, 2042.4200,  2, -119.29,  50
 15508, 2042.4200,  2, -139.36,  50
 15645, 2069.9450,  1, -291.28, 14.059999999999945
 15650, 2070.4650,  1, -292.04, 14.579999999999927
 15657, 2071.1950,  1, -281.83, 15.309999999999945
 15990, 2105.8850,  2, -165.04,  50
 15990, 2105.8850,  2, -168.69,  50
 15990, 2105.8850,  2, -202.71,  50
 15990, 2105.8850,  2, -175.33,  50
 15990, 2105.8850,  2, -133.99,  50
 16154, 2136.3650,  1, -236.69, 16.879999999999654
 16198, 2140.9450,  1, -319.59, 21.460000000000036
 16206, 2141.7800,  1, -300.40, 22.295000000000073
 16283, 2149.8000,  1, -246.15, 30.315000000000055
 16340, 2155.7400,  1, -361.16, 36.254999999999654
 16444, 2166.5700,  1, -290.03, 47.085000000000036
 16472, 2169.4900,  2, -120.89,  50
 16472, 2169.4900,  2, -154.27,  50
 16552, 2191.1750,  1, -269.27, 8.120000000000346
 16608, 2197.0100,  1, -265.21, 13.955000000000382
 16677, 2204.1950,  1, -324.23, 21.140000000000327
 16678, 2204.3000,  1, -298.21, 21.245000000000346
 16718, 2208.4650,  1, -314.86, 25.41000000000031
 16807, 2217.7400,  1, -336.29, 34.684999999999945
 16955, 2233.1550,  2, -148.39,  50
 16955, 2233.1550,  2, -207.02,  50
 17073, 2258.9650,  1, -230.99, 12.090000000000146
 17087, 2260.4250,  1, -285.45, 13.550000000000182
 17306, 2283.2400,  1, -349.53, 36.36499999999978
 17375, 2290.4250,  1, -332.03, 43.55000000000018
 17437, 2296.8850,  2, -141.66,  50
 17437, 2296.8850,  2, -114.06,  50
 17437, 2296.8850,  2, -95.15,  50
 17437, 2296.8850,  2, -126.52,  50
 17697, 2337.1950,  1, -340.54, 26.875
 17865, 2354.6950,  1, -351.24, 44.375
 17912, 2359.5900,  1, -374.60, 49.26999999999998
 17919, 2360.3200,  2, -199.39,  50
 17919, 2360.3200,  2, -79.86,  50
 17919, 2360.3200,  2, -185.31,  50
 17919, 2360.3200,  2, -138.63,  50
 17919, 2360.3200,  2, -233.86,  50
 18090, 2391.4650,  1, -241.67, 17.605000000000018
 18125, 2395.1150,  1, -221.11, 21.254999999999654
 18163, 2399.0700,  1, -275.62, 25.210000000000036
 18283, 2411.5700,  1, -374.68, 37.710000000000036
 18323, 2415.7400,  1, -329.18, 41.879999999999654
 18379, 2421.5700,  1, -292.96, 47.710000000000036
 18395, 2423.2400,  1, -334.04, 49.379999999999654
 18401, 2423.8650,  2, -208.86,  50
 18508, 2448.3200,  1, -281.78, 10.940000000000055
 18519, 2449.4650,  1, -248.37, 12.085000000000036
 18617, 2459.6750,  1, -322.92, 22.295000000000073
 18651, 2463.2150,  1, -330.06, 25.835000000000036
 18680, 2466.2400,  1, -301.93, 28.859999999999673
 18711, 2469.4650,  1, -300.81, 32.085000000000036
 18775, 2476.1350,  1, -365.17, 38.75500000000011
 18883, 2487.3850,  2, -115.48,  50
 18944, 2506.9250,  1, -236.90, 6.160000000000309
 18991, 2511.8200,  1, -250.82, 11.055000000000291
 19129, 2526.1950,  1, -297.09, 25.43000000000029
 19177, 2531.1950,  1, -335.59, 30.43000000000029
 19246, 2538.3850,  1, -382.56, 37.620000000000346
 19249, 2538.6950,  1, -355.93, 37.93000000000029
 19365, 2550.7800,  2, -106.38,  50
 19365, 2550.7800,  2, -160.88,  50
 19605, 2588.8650,  1, -271.99, 24.804999999999836
 19655, 2594.0700,  1, -351.86, 30.01000000000022
 19677, 2596.3650,  1, -313.31, 32.304999999999836
 19796, 2608.7600,  1, -374.97, 44.70000000000027
 19845, 2613.8650,  1, -373.46, 49.804999999999836
 19847, 2614.0700,  2, -144.00,  50
 19847, 2614.0700,  2, -151.23,  50
 19847, 2614.0700,  2, -97.95,  50
 19944, 2637.5300,  1, -279.76, 9.894999999999982
 20007, 2644.0900,  1, -263.60, 16.454999999999927
 20129, 2656.8000,  1, -280.10, 29.164999999999964
 20177, 2661.8000,  1, -361.80, 34.164999999999964
 20226, 2666.9050,  1, -367.07, 39.26999999999998
 20241, 2668.4650,  1, -371.23, 40.82999999999993
 20270, 2671.4900,  1, -406.00, 43.85499999999956
 20329, 2677.6350,  2, -189.39,  50
 20524, 2711.2150,  1, -314.01, 20.105000000000018
 20583, 2717.3650,  1, -307.97, 26.254999999999654
 20592, 2718.3000,  1, -342.67, 27.190000000000055
 20674, 2726.8400,  1, -377.79, 35.73000000000002
 20723, 2731.9450,  1, -364.80, 40.835000000000036
 20811, 2741.1150,  2, -156.05,  50
 20811, 2741.1150,  2, -158.48,  50
 20811, 2741.1150,  2, -131.14,  50
 20907, 2764.5900,  1, -274.18, 9.800000000000182
 20912, 2765.1150,  1, -263.47, 10.324999999999818
 20939, 2767.9250,  1, -249.03, 13.135000000000218
 21129, 2787.7150,  1, -359.88, 32.92500000000018
 21200, 2795.1150,  1, -373.31, 40.32499999999982
 21293, 2804.8000,  2, -24.77,  50
 21293, 2804.8000,  2, -136.63,  50
 21293, 2804.8000,  2, -172.64,  50
 21403, 2829.6350,  1, -276.36, 11.260000000000218
 21465, 2836.0900,  1, -302.05, 17.715000000000146
 21472, 2836.8200,  1, -321.92, 18.445000000000164
 21571, 2847.1350,  1, -299.62, 28.76000000000022
 21577, 2847.7600,  1, -370.72, 29.38500000000022
 21613, 2851.5100,  1, -337.53, 33.13500000000022
 21616, 2851.8200,  1, -318.80, 33.445000000000164
 21775, 2868.3850,  2, -122.12,  50
 21866, 2891.2400,  1, -254.14, 9.269999999999982
 22022, 2907.4900,  1, -317.47, 25.519999999999982
 22024, 2907.6950,  1, -277.71, 25.725000000000364
 22033, 2908.6350,  1, -267.02, 26.66500000000042
 22087, 2914.2600,  1, -288.20, 32.29000000000042
 22131, 2918.8400,  1, -372.53, 36.870000000000346
 22179, 2923.8400,  1, -376.04, 41.870000000000346
 22258, 2932.0700,  2, -191.96,  50
 22403, 2960.5500,  1, -308.97, 14.9050000000002
 22409, 2961.1750,  1, -244.03, 15.5300000000002
 22437, 2964.0900,  1, -234.66, 18.445000000000164
 22447, 2965.1350,  1, -249.08, 19.490000000000236
 22490, 2969.6150,  1, -308.31, 23.9699999999998
 22506, 2971.2800,  1, -291.40, 25.63500000000022
 22595, 2980.5500,  1, -324.92, 34.9050000000002
 22624, 2983.5700,  1, -388.10, 37.92500000000018
 22700, 3004.9650,  1, -254.26, 7.805000000000291
 22759, 3011.1150,  1, -243.46, 13.954999999999927
 22788, 3014.1350,  1, -300.16, 16.975000000000364
 22963, 3032.3650,  1, -353.02, 35.20499999999993
 23075, 3044.0300,  1, -415.26, 46.870000000000346
 23075, 3044.0300,  1, -386.00, 46.870000000000346
 23106, 3047.2600,  2, -102.65,  50
 23106, 3047.2600,  2, -149.29,  50
 23236, 3074.0900,  1, -255.24, 13.329999999999927
 23257, 3076.2800,  1, -270.16, 15.519999999999982
 23279, 3078.5700,  1, -238.75, 17.809999999999945
 23308, 3081.5900,  1, -260.46, 20.829999999999927
 23312, 3082.0100,  1, -253.13, 21.25
 23478, 3099.3000,  1, -308.33, 38.539999999999964
 23588, 3110.7600,  2, -93.19,  50
 23588, 3110.7600,  2, -203.49,  50
 23762, 3142.5100,  1, -269.98, 17.93000000000029
 23780, 3144.3850,  1, -274.37, 19.80500000000029
 23823, 3148.8650,  1, -297.60, 24.284999999999854
 23884, 3155.2150,  1, -344.51, 30.63500000000022
 23925, 3159.4900,  1, -323.94, 34.909999999999854
 24070, 3174.5900,  2, -163.80,  50
 24070, 3174.5900,  2, -165.36,  50
 24070, 3174.5900,  2, -125.55,  50
 24199, 3201.0100,  1, -261.82, 13.230000000000018
 24247, 3206.0100,  1, -300.92, 18.230000000000018
 24259, 3207.2600,  1, -280.42, 19.480000000000018
 24457, 3227.8850,  1, -323.02, 40.10500000000002
 24552, 3237.7800,  2, -142.36,  50
 24552, 3237.7800,  2, -103.24,  50
 24552, 3237.7800,  2, -91.13,  50
 24552, 3237.7800,  2, -131.27,  50
 24669, 3263.0500,  1, -250.79, 11.975000000000364
 24672, 3263.3650,  1, -283.81, 12.289999999999964
 24791, 3275.7600,  1, -262.50, 24.6850000000004
 24897, 3286.8000,  1, -363.46, 35.725000000000364
 25035, 3301.1750,  2, -112.97,  50
 25035, 3301.1750,  2, -199.81,  50
 25035, 3301.1750,  2, -196.27,  50
 25035, 3301.1750,  2, -150.28,  50
 25142, 3325.3200,  1, -279.66, 10.945000000000164
 25168, 3328.0300,  1, -268.88, 13.6550000000002
 25183, 3329.5900,  1, -293.63, 15.215000000000146
 25383, 3350.4250,  1, -372.35, 36.05000000000018
 25388, 3350.9450,  1, -363.78, 36.570000000000164
 25408, 3353.0300,  1, -366.41, 38.6550000000002
 25517, 3364.3850,  2, -147.97,  50
 25517, 3364.3850,  2, -121.82,  50
 25684, 3395.1550,  1, -282.02, 17.1850000000004
 25721, 3399.0100,  1, -309.62, 21.04000000000042
 25738, 3400.7800,  1, -325.12, 22.8100000000004
 25823, 3409.6350,  1, -350.88, 31.66500000000042
 25944, 3422.2400,  1, -402.55, 44.26999999999998
 25961, 3424.0100,  1, -361.67, 46.04000000000042
 26000, 3428.0700,  2, -123.80,  50
 26000, 3428.0700,  2, -119.21,  50
 26159, 3457.9250,  1, -271.82, 16.365000000000236
 26206, 3462.8200,  1, -297.15, 21.26000000000022
 26344, 3477.1950,  1, -356.47, 35.63500000000022
 26364, 3479.2800,  1, -349.43, 37.720000000000255
 26450, 3488.2400,  1, -287.14, 46.679999999999836
 26482, 3491.5700,  2, -143.27,  50
 26482, 3491.5700,  2, -175.64,  50
 26482, 3491.5700,  2, -206.84,  50
 26620, 3519.8200,  1, -271.50, 14.164999999999964
 26623, 3520.1350,  1, -283.91, 14.480000000000018
 26941, 3553.2600,  1, -331.76, 47.60500000000002
 26949, 3554.0900,  1, -393.03, 48.434999999999945
 26964, 3555.6550,  2, -154.17,  50
 26964, 3555.6550,  2, -171.07,  50
 26964, 3555.6550,  2, -160.03,  50
 26964, 3555.6550,  2, -164.93,  50
 27217, 3595.3200,  1, -320.49, 26.140000000000327
 27397, 3614.0700,  1, -413.24, 44.89000000000033
 27447, 3619.2800,  2, -106.91,  50
 27447, 3619.2800,  2, -175.95,  50
 27447, 3619.2800,  2, -165.84,  50
 27447, 3619.2800,  2, -139.88,  50
 27447, 3619.2800,  2, -169.38,  50
 27447, 3619.2800,  2, -218.85,  50
 27596, 3648.0500,  1, -255.62, 15.3100000000004
 27837, 3673.1550,  1, -360.77, 40.41500000000042
 27908, 3680.5500,  1, -394.44, 47.8100000000004
 27929, 3682.7400,  2, -121.91,  50
 27929, 3682.7400,  2, -194.21,  50
 27929, 3682.7400,  2, -154.82,  50
 27929, 3682.7400,  2, -185.35,  50
 27929, 3682.7400,  2, -109.01,  50
 28138, 3717.9050,  1, -326.28, 21.575000000000273
 28353, 3740.3000,  1, -374.42, 43.970000000000255
 28411, 3746.3400,  2, -150.89,  50
 28411, 3746.3400,  2, -150.44,  50
 28411, 3746.3400,  2, -155.99,  50
 28411, 3746.3400,  2, -206.93,  50
 28411, 3746.3400,  2, -179.76,  50
 28411, 3746.3400,  2, -206.73,  50
 28678, 3787.5700,  1, -212.90, 27.605000000000018
 28893, 3809.9650,  2, -136.30,  50
 28893, 3809.9650,  2, -169.60,  50
 28893, 3809.9650,  2, -157.09,  50
 28893, 3809.9650,  2, -172.32,  50
 28893, 3809.9650,  2, -55.47,  50
 28893, 3809.9650,  2, -146.37,  50
 28893, 3809.9650,  2, -170.85,  50
 29168, 3851.6150,  1, -348.68, 28.434999999999945
 29306, 3865.9900,  1, -322.54, 42.809999999999945
 29376, 3873.2800,  2, -203.01,  50
 29376, 3873.2800,  2, -162.09,  50
 29376, 3873.2800,  2, -172.33,  50
 29376, 3873.2800,  2, -87.08,  50
 29376, 3873.2800,  2, -173.05,  50
 29376, 3873.2800,  2, -157.18,  50
 29763, 3927.8850,  1, -346.23, 40.11500000000024
 29858, 3937.7800,  2, -149.24,  50
 29858, 3937.7800,  2, -205.89,  50
 29858, 3937.7800,  2, -90.00,  50
 29858, 3937.7800,  2, -121.97,  50
 29858, 3937.7800,  2, -192.91,  50
 29858, 3937.7800,  2, -196.33,  50
 29858, 3937.7800,  2, -182.45,  50
 30341, 4001.1550,  2, -155.06,  50
 30341, 4001.1550,  2, -167.06,  50
 30341, 4001.1550,  2, -133.04,  50
 30341, 4001.1550,  2, -182.48,  50
 30341, 4001.1550,  2, -155.00,  50
 30341, 4001.1550,  2, -172.47,  50
 30341, 4001.1550,  2, -190.81,  50
 30341, 4001.1550,  2, -211.49,  50
 30663, 4047.6950,  1, -349.97, 33.335000000000036
 30823, 4064.3650,  2, -204.21,  50
 30823, 4064.3650,  2, -172.03,  50
 30823, 4064.3650,  2, -138.34,  50
 30823, 4064.3650,  2, -142.91,  50
 30823, 4064.3650,  2, -154.33,  50
 30823, 4064.3650,  2, -173.65,  50
 30823, 4064.3650,  2, -157.82,  50
 31049, 4101.0800,  1, -315.52, 23.25
 31311, 4127.8750,  2, -157.36,  50
 31311, 4127.8750,  2, -192.97,  50
 31311, 4127.8750,  2, -172.49,  50
 31311, 4127.8750,  2, -148.56,  50
 31311, 4127.8750,  2, -183.43,  50
 31311, 4127.8750,  2, -135.41,  50
 31311, 4127.8750,  2, -158.19,  50
 31705, 4181.2550,  1, -373.86, 40.090000000000146
 31802, 4191.1750,  2, -137.01,  50
 31802, 4191.1750,  2, -159.24,  50
 31802, 4191.1750,  2, -138.17,  50
 31802, 4191.1750,  2, -183.16,  50
 31802, 4191.1750,  2, -162.03,  50
 31802, 4191.1750,  2, -105.48,  50
 31802, 4191.1750,  2, -157.25,  50
 32293, 4255.1250,  2, -94.43,  50
 32293, 4255.1250,  2, -214.24,  50
 32293, 4255.1250,  2, -172.93,  50
 32293, 4255.1250,  2, -115.89,  50
 32293, 4255.1250,  2, -162.64,  50
 32293, 4255.1250,  2, -178.39,  50
 32293, 4255.1250,  2, -161.89,  50
 32293, 4255.1250,  2, -145.98,  50
 32784, 4318.5850,  2, -193.52,  50
 32784, 4318.5850,  2, -188.03,  50
 32784, 4318.5850,  2, -190.95,  50
 32784, 4318.5850,  2, -194.57,  50
 32784, 4318.5850,  2, -155.43,  50
 32784, 4318.5850,  2, -190.76,  50
 32784, 4318.5850,  2, -142.69,  50
 32784, 4318.5850,  2, -186.39,  50
 33275, 4382.8250,  2, -217.72,  50
 33275, 4382.8250,  2, -170.08,  50
 33275, 4382.8250,  2, -175.69,  50
 33275, 4382.8250,  2, -82.74,  50
 33275, 4382.8250,  2, -157.12,  50
 33275, 4382.8250,  2, -163.34,  50
 33275, 4382.8250,  2, -147.47,  50
 33275, 4382.8250,  2, -158.87,  50
 33725, 4442.7250,  1, -381.24, 45.81500000000051
 33766, 4446.9200,  2, -140.80,  50
 33766, 4446.9200,  2, -141.91,  50
 33766, 4446.9200,  2, -198.21,  50
 33766, 4446.9200,  2, -152.17,  50
 33766, 4446.9200,  2, -107.53,  50
 33766, 4446.9200,  2, -167.05,  50
 33766, 4446.9200,  2, -176.53,  50
 34257, 4510.3250,  2, -142.26,  50
 34257, 4510.3250,  2, -108.24,  50
 34257, 4510.3250,  2, -75.78,  50
 34257, 4510.3250,  2, -126.37,  50
 34257, 4510.3250,  2, -97.10,  50
 34257, 4510.3250,  2, -172.26,  50
 34257, 4510.3250,  2, -104.46,  50
 34257, 4510.3250,  2, -179.54,  50
 34748, 4574.6650,  2, -135.97,  50
 34748, 4574.6650,  2, -147.47,  50
 34748, 4574.6650,  2, -149.56,  50
 34748, 4574.6650,  2, -155.14,  50
 34748, 4574.6650,  2, -98.16,  50
 34748, 4574.6650,  2, -174.01,  50
 34748, 4574.6650,  2, -173.02,  50
 34748, 4574.6650,  2, -175.66,  50
 35239, 4637.9900,  2, -112.91,  50
 35239, 4637.9900,  2, -176.80,  50
 35239, 4637.9900,  2, -130.66,  50
 35239, 4637.9900,  2, -101.48,  50
 35239, 4637.9900,  2, -152.02,  50
 35239, 4637.9900,  2, -164.37,  50
 35239, 4637.9900,  2, -145.52,  50
 35239, 4637.9900,  2, -152.13,  50
 35730, 4701.4100,  2, -132.92,  50
 35730, 4701.4100,  2, -165.86,  50
 35730, 4701.4100,  2, -127.31,  50
 35730, 4701.4100,  2, -178.83,  50
 35730, 4701.4100,  2, -144.65,  50
 35730, 4701.4100,  2, -171.04,  50
 35730, 4701.4100,  2, -162.35,  50
 35730, 4701.4100,  2, -167.27,  50
 36221, 4764.8050,  2, -108.85,  50
 36221, 4764.8050,  2, -162.20,  50
 36221, 4764.8050,  2, -118.47,  50
 36221, 4764.8050,  2, -181.07,  50
 36221, 4764.8050,  2, -130.97,  50
 36221, 4764.8050,  2, -134.44,  50
 36221, 4764.8050,  2, -151.11,  50
 36221, 4764.8050,  2, -171.15,  50
 36712, 4828.2400,  2, -210.28,  50
 36712, 4828.2400,  2, -164.93,  50
 36712, 4828.2400,  2, -102.43,  50
 36712, 4828.2400,  2, -154.89,  50
 36712, 4828.2400,  2, -166.29,  50
 36712, 4828.2400,  2, -136.06,  50
 36712, 4828.2400,  2, -187.71,  50
 36712, 4828.2400,  2, -166.26,  50
 37203, 4891.5600,  2, -125.29,  50
 37203, 4891.5600,  2, -117.96,  50
 37203, 4891.5600,  2, -148.55,  50
 37203, 4891.5600,  2, -110.32,  50
 37203, 4891.5600,  2, -154.90,  50
 37203, 4891.5600,  2, -196.08,  50
 37203, 4891.5600,  2, -149.10,  50
 37203, 4891.5600,  2, -172.09,  50
 37694, 4954.9850,  2, -193.42,  50
 37694, 4954.9850,  2, -177.40,  50
 37694, 4954.9850,  2, -166.99,  50
 37694, 4954.9850,  2, -75.54,  50
 37694, 4954.9850,  2, -136.06,  50
 37694, 4954.9850,  2, -112.07,  50
 37694, 4954.9850,  2, -118.46,  50
 37694, 4954.9850,  2, -123.95,  50
 38185, 5018.1300,  2, -158.55,  50
 38185, 5018.1300,  2, -142.57,  50
 38185, 5018.1300,  2, -157.28,  50
 38185, 5018.1300,  2, -186.32,  50
 38185, 5018.1300,  2, -181.90,  50
 38185, 5018.1300,  2, -174.17,  50
 38185, 5018.1300,  2, -153.64,  50
 38185, 5018.1300,  2, -171.79,  50
 38676, 5081.5850,  2, -127.74,  50
 38676, 5081.5850,  2, -156.29,  50
 38676, 5081.5850,  2, -164.37,  50
 38676, 5081.5850,  2, -170.77,  50
 38676, 5081.5850,  2, -169.62,  50
 38676, 5081.5850,  2, -144.59,  50
 38676, 5081.5850,  2, -168.49,  50
 38676, 5081.5850,  2, -132.75,  50
 39167, 5144.7700,  2, -97.03,  50
 39167, 5144.7700,  2, -111.06,  50
 39167, 5144.7700,  2, -152.93,  50
 39167, 5144.7700,  2, -188.61,  50
 39167, 5144.7700,  2, -151.24,  50
 39167, 5144.7700,  2, -125.72,  50
 39167, 5144.7700,  2, -174.93,  50
 39167, 5144.7700,  2, -139.48,  50
 39658, 5207.8350,  2, -173.78,  50
 39658, 5207.8350,  2, -176.78,  50
 39658, 5207.8350,  2, -154.25,  50
 39658, 5207.8350,  2, -179.87,  50
 39658, 5207.8350,  2, -191.44,  50
 39658, 5207.8350,  2, -177.43,  50
 39658, 5207.8350,  2, -188.41,  50
 39658, 5207.8350,  2, -188.58,  50
 40149, 5271.0800,  2, -139.62,  50
 40149, 5271.0800,  2, -99.19,  50
 40149, 5271.0800,  2, -141.85,  50
 40149, 5271.0800,  2, -133.96,  50
 40149, 5271.0800,  2, -169.58,  50
 40149, 5271.0800,  2, -110.33,  50
 40149, 5271.0800,  2, -169.06,  50
 40149, 5271.0800,  2, -192.41,  50
 40640, 5334.3950,  2, -127.89,  50
 40640, 5334.3950,  2, -138.70,  50
 40640, 5334.3950,  2, -155.34,  50
 40640, 5334.3950,  2, -149.25,  50
 40640, 5334.3950,  2, -165.95,  50
 40640, 5334.3950,  2, -176.71,  50
 40640, 5334.3950,  2, -189.03,  50
 40640, 5334.3950,  2, -99.00,  50
 41131, 5397.7850,  2, -149.50,  50
 41131, 5397.7850,  2, -128.42,  50
 41131, 5397.7850,  2, -114.96,  50
 41131, 5397.7850,  2, -158.69,  50
 41131, 5397.7850,  2, -139.56,  50
 41131, 5397.7850,  2, -149.34,  50
 41131, 5397.7850,  2, -154.74,  50
 41131, 5397.7850,  2, -143.62,  50
 41622, 5461.1950,  2, -157.81,  50
 41622, 5461.1950,  2, -146.11,  50
 41622, 5461.1950,  2, -150.22,  50
 41622, 5461.1950,  2, -165.62,  50
 41622, 5461.1950,  2, -163.36,  50
 41622, 5461.1950,  2, -144.15,  50
 41622, 5461.1950,  2, -139.75,  50
 41622, 5461.1950,  2, -187.36,  50
 42113, 5525.4350,  2, -93.84,  50
 42113, 5525.4350,  2, -152.74,  50
 42113, 5525.4350,  2, -179.83,  50
 42113, 5525.4350,  2, -132.67,  50
 42113, 5525.4350,  2, -170.40,  50
 42113, 5525.4350,  2, -172.82,  50
 42113, 5525.4350,  2, -199.49,  50
 42113, 5525.4350,  2, -147.10,  50
 42604, 5588.8000,  2, -156.79,  50
 42604, 5588.8000,  2, -183.23,  50
 42604, 5588.8000,  2, -162.17,  50
 42604, 5588.8000,  2, -140.23,  50
 42604, 5588.8000,  2, -132.40,  50
 42604, 5588.8000,  2, -166.62,  50
 42604, 5588.8000,  2, -165.09,  50
 42604, 5588.8000,  2, -140.05,  50
 43095, 5652.2850,  2, -190.52,  50
 43095, 5652.2850,  2, -141.77,  50
 43095, 5652.2850,  2, -139.44,  50
 43095, 5652.2850,  2, -127.74,  50
 43095, 5652.2850,  2, -220.50,  50
 43095, 5652.2850,  2, -152.20,  50
 43095, 5652.2850,  2, -146.80,  50
 43095, 5652.2850,  2, -183.86,  50
 43586, 5715.5500,  2, -118.37,  50
 43586, 5715.5500,  2, -165.70,  50
 43586, 5715.5500,  2, -163.72,  50
 43586, 5715.5500,  2, -167.76,  50
 43586, 5715.5500,  2, -157.45,  50
 43586, 5715.5500,  2, -174.15,  50
 43586, 5715.5500,  2, -191.44,  50
 43586, 5715.5500,  2, -193.41,  50
 44077, 5779.0600,  2, -169.88,  50
 44077, 5779.0600,  2, -181.70,  50
 44077, 5779.0600,  2, -209.59,  50
 44077, 5779.0600,  2, -172.57,  50
 44077, 5779.0600,  2, -186.37,  50
 44077, 5779.0600,  2, -201.38,  50
 44077, 5779.0600,  2, -148.38,  50
 44077, 5779.0600,  2, -127.35,  50
 44568, 5842.3450,  2, -150.60,  50
 44568, 5842.3450,  2, -140.91,  50
 44568, 5842.3450,  2, -165.40,  50
 44568, 5842.3450,  2, -146.93,  50
 44568, 5842.3450,  2, -107.22,  50
 44568, 5842.3450,  2, -114.56,  50
 44568, 5842.3450,  2, -148.13,  50
 44568, 5842.3450,  2, -133.14,  50
 45059, 5905.8800,  2, -175.55,  50
 45059, 5905.8800,  2, -166.96,  50
 45059, 5905.8800,  2, -137.27,  50
 45059, 5905.8800,  2, -171.98,  50
 45059, 5905.8800,  2, -168.67,  50
 45059, 5905.8800,  2, -173.51,  50
 45059, 5905.8800,  2, -175.54,  50
 45059, 5905.8800,  2, -159.15,  50
 45550, 5969.2700,  2, -151.25,  50
 45550, 5969.2700,  2, -166.85,  50
 45550, 5969.2700,  2, -189.20,  50
 45550, 5969.2700,  2, -121.39,  50
 45550, 5969.2700,  2, -171.59,  50
 45550, 5969.2700,  2, -117.33,  50
 45550, 5969.2700,  2, -147.68,  50
 45550, 5969.2700,  2, -148.12,  50
 46041, 6032.5300,  2, -106.24,  50
 46041, 6032.5300,  2, -175.89,  50
 46041, 6032.5300,  2, -161.53,  50
 46041, 6032.5300,  2, -136.28,  50
 46041, 6032.5300,  2, -151.40,  50
 46041, 6032.5300,  2, -188.19,  50
 46041, 6032.5300,  2, -157.51,  50
 46041, 6032.5300,  2, -123.45,  50
 46532, 6096.9550,  2, -149.13,  50
 46532, 6096.9550,  2, -158.22,  50
 46532, 6096.9550,  2, -142.01,  50
 46532, 6096.9550,  2, -169.72,  50
 46532, 6096.9550,  2, -127.71,  50
 46532, 6096.9550,  2, -187.59,  50
 46532, 6096.9550,  2, -158.83,  50
 46532, 6096.9550,  2, -183.64,  50
 47023, 6160.4650,  2, -163.42,  50
 47023, 6160.4650,  2, -101.41,  50
 47023, 6160.4650,  2, -108.59,  50
 47023, 6160.4650,  2, -142.00,  50
 47023, 6160.4650,  2, -151.76,  50
 47023, 6160.4650,  2, -167.51,  50
 47023, 6160.4650,  2, -159.59,  50
 47023, 6160.4650,  2, -198.95,  50
 47514, 6223.8100,  2, -151.65,  50
 47514, 6223.8100,  2, -116.17,  50
 47514, 6223.8100,  2, -138.46,  50
 47514, 6223.8100,  2, -112.27,  50
 47514, 6223.8100,  2, -101.66,  50
 47514, 6223.8100,  2, -159.33,  50
 47514, 6223.8100,  2, -127.35,  50
 47514, 6223.8100,  2, -71.65,  50
 48005, 6287.1950,  2, -164.15,  50
 48005, 6287.1950,  2, -141.49,  50
 48005, 6287.1950,  2, -129.52,  50
 48005, 6287.1950,  2, -157.62,  50
 48005, 6287.1950,  2, -155.91,  50
 48005, 6287.1950,  2, -217.39,  50
 48005, 6287.1950,  2, -188.41,  50
 48005, 6287.1950,  2, -176.89,  50
 48496, 6350.2400,  2, -155.06,  50
 48496, 6350.2400,  2, -119.78,  50
 48496, 6350.2400,  2, -172.47,  50
 48496, 6350.2400,  2, -103.87,  50
 48496, 6350.2400,  2, -148.83,  50
 48496, 6350.2400,  2, -175.45,  50
 48496, 6350.2400,  2, -183.81,  50
 48496, 6350.2400,  2, -146.34,  50
 48987, 6413.5550,  2, -165.01,  50
 48987, 6413.5550,  2, -174.43,  50
 48987, 6413.5550,  2, -151.85,  50
 48987, 6413.5550,  2, -168.64,  50
 48987, 6413.5550,  2, -125.49,  50
 48987, 6413.5550,  2, -163.54,  50
 48987, 6413.5550,  2, -112.55,  50
 48987, 6413.5550,  2, -148.18,  50
 49478, 6476.9700,  2, -151.56,  50
 49478, 6476.9700,  2, -166.15,  50
 49478, 6476.9700,  2, -184.18,  50
 49478, 6476.9700,  2, -218.18,  50
 49478, 6476.9700,  2, -141.98,  50
 49478, 6476.9700,  2, -191.55,  50
 49478, 6476.9700,  2, -131.17,  50
 49478, 6476.9700,  2, -184.66,  50
 49969, 6541.3900,  2, -122.60,  50
 49969, 6541.3900,  2, -158.44,  50
 49969, 6541.3900,  2, -166.94,  50
 49969, 6541.3900,  2, -139.13,  50
 49969, 6541.3900,  2, -126.50,  50
 49969, 6541.3900,  2, -172.98,  50
 49969, 6541.3900,  2, -97.24,  50
 49969, 6541.3900,  2, -187.76,  50
 50460, 6604.7850,  2, -164.37,  50
 50460, 6604.7850,  2, -89.49,  50
 50460, 6604.7850,  2, -172.45,  50
 50460, 6604.7850,  2, -154.95,  50
 50460, 6604.7850,  2, -156.29,  50
 50460, 6604.7850,  2, -162.75,  50
 50460, 6604.7850,  2, -137.41,  50
 50460, 6604.7850,  2, -136.03,  50
 50951, 6667.9600,  2, -160.99,  50
 50951, 6667.9600,  2, -166.26,  50
 50951, 6667.9600,  2, -181.96,  50
 50951, 6667.9600,  2, -169.98,  50
 50951, 6667.9600,  2, -87.16,  50
 50951, 6667.9600,  2, -127.08,  50
 50951, 6667.9600,  2, -173.19,  50
 50951, 6667.9600,  2, -133.77,  50
 51442, 6731.4750,  2, -129.53,  50
 51442, 6731.4750,  2, -140.71,  50
 51442, 6731.4750,  2, -167.85,  50
 51442, 6731.4750,  2, -107.14,  50
 51442, 6731.4750,  2, -182.69,  50
 51442, 6731.4750,  2, -167.52,  50
 51442, 6731.4750,  2, -179.37,  50
 51442, 6731.4750,  2, -160.60,  50
 51933, 6795.6350,  2, -175.58,  50
 51933, 6795.6350,  2, -171.71,  50
 51933, 6795.6350,  2, -110.35,  50
 51933, 6795.6350,  2, -142.36,  50
 51933, 6795.6350,  2, -177.28,  50
 51933, 6795.6350,  2, -167.49,  50
 51933, 6795.6350,  2, -125.71,  50
 51933, 6795.6350,  2, -163.10,  50
 52424, 6858.9500,  2, -186.98,  50
 52424, 6858.9500,  2, -180.03,  50
 52424, 6858.9500,  2, -122.36,  50
 52424, 6858.9500,  2, -165.88,  50
 52424, 6858.9500,  2, -185.83,  50
 52424, 6858.9500,  2, -179.15,  50
 52424, 6858.9500,  2, -160.38,  50
 52424, 6858.9500,  2, -166.94,  50
 52915, 6922.3800,  2, -187.31,  50
 52915, 6922.3800,  2, -115.58,  50
 52915, 6922.3800,  2, -170.25,  50
 52915, 6922.3800,  2, -124.02,  50
 52915, 6922.3800,  2, -146.95,  50
 52915, 6922.3800,  2, -161.53,  50
 52915, 6922.3800,  2, -151.99,  50
 52915, 6922.3800,  2, -186.90,  50
 53294, 6974.1200,  1, -355.41, 38.55999999999949
 53406, 6985.5750,  2, -144.38,  50
 53406, 6985.5750,  2, -130.83,  50
 53406, 6985.5750,  2, -210.51,  50
 53406, 6985.5750,  2, -146.09,  50
 53406, 6985.5750,  2, -188.39,  50
 53406, 6985.5750,  2, -198.93,  50
 53406, 6985.5750,  2, -177.79,  50
 53897, 7049.6600,  2, -176.67,  50
 53897, 7049.6600,  2, -128.39,  50
 53897, 7049.6600,  2, -87.79,  50
 53897, 7049.6600,  2, -202.39,  50
 53897, 7049.6600,  2, -201.28,  50
 53897, 7049.6600,  2, -131.63,  50
 53897, 7049.6600,  2, -124.10,  50
 53897, 7049.6600,  2, -183.00,  50
 54388, 7112.9200,  2, -104.10,  50
 54388, 7112.9200,  2, -124.29,  50
 54388, 7112.9200,  2, -93.83,  50
 54388, 7112.9200,  2, -156.35,  50
 54388, 7112.9200,  2, -140.15,  50
 54388, 7112.9200,  2, -117.41,  50
 54388, 7112.9200,  2, -147.86,  50
 54388, 7112.9200,  2, -212.04,  50
 54879, 7177.2400,  2, -91.51,  50
 54879, 7177.2400,  2, -161.49,  50
 54879, 7177.2400,  2, -156.29,  50
 54879, 7177.2400,  2, -194.77,  50
 54879, 7177.2400,  2, -138.55,  50
 54879, 7177.2400,  2, -160.04,  50
 54879, 7177.2400,  2, -186.61,  50
 54879, 7177.2400,  2, -148.48,  50
 55370, 7240.5600,  2, -163.70,  50
 55370, 7240.5600,  2, -142.51,  50
 55370, 7240.5600,  2, -141.61,  50
 55370, 7240.5600,  2, -80.04,  50
 55370, 7240.5600,  2, -143.06,  50
 55370, 7240.5600,  2, -167.88,  50
 55370, 7240.5600,  2, -168.36,  50
 55370, 7240.5600,  2, -204.55,  50
 55861, 7303.9350,  2, -144.37,  50
 55861, 7303.9350,  2, -169.34,  50
 55861, 7303.9350,  2, -193.11,  50
 55861, 7303.9350,  2, -158.99,  50
 55861, 7303.9350,  2, -150.37,  50
 55861, 7303.9350,  2, -156.55,  50
 55861, 7303.9350,  2, -122.73,  50
 55861, 7303.9350,  2, -102.10,  50
 56352, 7367.3650,  2, -100.22,  50
 56352, 7367.3650,  2, -145.81,  50
 56352, 7367.3650,  2, -148.40,  50
 56352, 7367.3650,  2, -154.16,  50
 56352, 7367.3650,  2, -185.76,  50
 56352, 7367.3650,  2, -196.42,  50
 56352, 7367.3650,  2, -157.65,  50
 56352, 7367.3650,  2, -145.45,  50
 56843, 7430.8650,  2, -104.61,  50
 56843, 7430.8650,  2, -152.67,  50
 56843, 7430.8650,  2, -167.65,  50
 56843, 7430.8650,  2, -150.86,  50
 56843, 7430.8650,  2, -86.49,  50
 56843, 7430.8650,  2, -174.35,  50
 56843, 7430.8650,  2, -173.31,  50
 56843, 7430.8650,  2, -165.62,  50
 57334, 7494.2050,  2, -175.70,  50
 57334, 7494.2050,  2, -122.29,  50
 57334, 7494.2050,  2, -154.47,  50
 57334, 7494.2050,  2, -147.50,  50
 57334, 7494.2050,  2, -164.08,  50
 57334, 7494.2050,  2, -173.94,  50
 57334, 7494.2050,  2, -164.68,  50
 57334, 7494.2050,  2, -80.72,  50
 57825, 7557.5850,  2, -210.16,  50
 57825, 7557.5850,  2, -190.03,  50
 57825, 7557.5850,  2, -152.87,  50
 57825, 7557.5850,  2, -168.34,  50
 57825, 7557.5850,  2, -131.24,  50
 57825, 7557.5850,  2, -147.85,  50
 57825, 7557.5850,  2, -123.33,  50
 57825, 7557.5850,  2, -183.16,  50
 58316, 7621.6750,  2, -188.44,  50
 58316, 7621.6750,  2, -124.60,  50
 58316, 7621.6750,  2, -192.98,  50
 58316, 7621.6750,  2, -141.66,  50
 58316, 7621.6750,  2, -184.89,  50
 58316, 7621.6750,  2, -162.50,  50
 58316, 7621.6750,  2, -143.89,  50
 58316, 7621.6750,  2, -166.41,  50
 58807, 7684.9900,  2, -93.43,  50
 58807, 7684.9900,  2, -161.36,  50
 58807, 7684.9900,  2, -180.46,  50
 58807, 7684.9900,  2, -145.41,  50
 58807, 7684.9900,  2, -175.57,  50
 58807, 7684.9900,  2, -127.72,  50
 58807, 7684.9900,  2, -109.45,  50
 58807, 7684.9900,  2, -182.02,  50
 59298, 7749.0300,  2, -179.78,  50
 59298, 7749.0300,  2, -143.90,  50
 59298, 7749.0300,  2, -137.83,  50
 59298, 7749.0300,  2, -160.78,  50
 59298, 7749.0300,  2, -153.18,  50
 59298, 7749.0300,  2, -166.93,  50
 59298, 7749.0300,  2, -192.18,  50
 59298, 7749.0300,  2, -144.21,  50
 59789, 7812.3950,  2, -138.83,  50
 59789, 7812.3950,  2, -134.75,  50
 59789, 7812.3950,  2, -112.85,  50
 59789, 7812.3950,  2, -144.51,  50
 59789, 7812.3950,  2, -173.12,  50
 59789, 7812.3950,  2, -139.32,  50
 59789, 7812.3950,  2, -168.82,  50
 59789, 7812.3950,  2, -119.15,  50
 60280, 7876.6250,  2, -155.64,  50
 60280, 7876.6250,  2, -144.72,  50
 60280, 7876.6250,  2, -162.81,  50
 60280, 7876.6250,  2, -152.79,  50
 60280, 7876.6250,  2, -116.91,  50
 60280, 7876.6250,  2, -109.10,  50
 60280, 7876.6250,  2, -174.18,  50
 60280, 7876.6250,  2, -141.20,  50
 60771, 7940.0000,  2, -151.13,  50
 60771, 7940.0000,  2, -163.94,  50
 60771, 7940.0000,  2, -167.59,  50
 60771, 7940.0000,  2, -150.33,  50
 60771, 7940.0000,  2, -172.98,  50
 60771, 7940.0000,  2, -145.30,  50
 60771, 7940.0000,  2, -172.56,  50
 60771, 7940.0000,  2, -158.33,  50
 61262, 8004.0450,  2, -141.44,  50
 61262, 8004.0450,  2, -100.43,  50
 61262, 8004.0450,  2, -165.94,  50
 61262, 8004.0450,  2, -152.01,  50
 61262, 8004.0450,  2, -139.75,  50
 61262, 8004.0450,  2, -109.33,  50
 61262, 8004.0450,  2, -129.89,  50
 61262, 8004.0450,  2, -172.66,  50
 61753, 8067.3900,  2, -135.51,  50
 61753, 8067.3900,  2, -170.45,  50
 61753, 8067.3900,  2, -120.02,  50
 61753, 8067.3900,  2, -133.36,  50
 61753, 8067.3900,  2, -117.39,  50
 61753, 8067.3900,  2, -134.42,  50
 61753, 8067.3900,  2, -172.69,  50
 61753, 8067.3900,  2, -166.85,  50
 62244, 8130.5900,  2, -183.83,  50
 62244, 8130.5900,  2, -147.57,  50
 62244, 8130.5900,  2, -116.29,  50
 62244, 8130.5900,  2, -175.29,  50
 62244, 8130.5900,  2, -137.21,  50
 62244, 8130.5900,  2, -101.79,  50
 62244, 8130.5900,  2, -159.26,  50
 62244, 8130.5900,  2, -134.77,  50
 62735, 8194.6550,  2, -162.38,  50
 62735, 8194.6550,  2, -184.80,  50
 62735, 8194.6550,  2, -107.49,  50
 62735, 8194.6550,  2, -114.36,  50
 62735, 8194.6550,  2, -129.53,  50
 62735, 8194.6550,  2, -110.79,  50
 62735, 8194.6550,  2, -139.54,  50
 62735, 8194.6550,  2, -152.49,  50
 62916, 8226.2350,  1, -242.36, 18.30000000000109
 63226, 8257.9400,  2, -168.38,  50
 63226, 8257.9400,  2, -122.40,  50
 63226, 8257.9400,  2, -114.30,  50
 63226, 8257.9400,  2, -161.38,  50
 63226, 8257.9400,  2, -111.81,  50
 63226, 8257.9400,  2, -121.28,  50
 63226, 8257.9400,  2, -134.58,  50
 63717, 8321.4050,  2, -124.67,  50
 63717, 8321.4050,  2, -176.72,  50
 63717, 8321.4050,  2, -159.16,  50
 63717, 8321.4050,  2, -122.74,  50
 63717, 8321.4050,  2, -93.53,  50
 63717, 8321.4050,  2, -152.91,  50
 63717, 8321.4050,  2, -173.37,  50
 63717, 8321.4050,  2, -95.69,  50
 64208, 8384.4300,  2, -143.46,  50
 64208, 8384.4300,  2, -155.16,  50
 64208, 8384.4300,  2, -134.84,  50
 64208, 8384.4300,  2, -171.60,  50
 64208, 8384.4300,  2, -199.60,  50
 64208, 8384.4300,  2, -136.95,  50
 64208, 8384.4300,  2, -135.05,  50
 64208, 8384.4300,  2, -145.83,  50
 64699, 8447.6900,  2, -171.98,  50
 64699, 8447.6900,  2, -147.52,  50
 64699, 8447.6900,  2, -149.77,  50
 64699, 8447.6900,  2, -162.71,  50
 64699, 8447.6900,  2, -147.85,  50
 64699, 8447.6900,  2, -107.76,  50
 64699, 8447.6900,  2, -97.95,  50
 64699, 8447.6900,  2, -116.58,  50
 65190, 8510.9850,  2, -135.16,  50
 65190, 8510.9850,  2, -125.23,  50
 65190, 8510.9850,  2, -148.12,  50
 65190, 8510.9850,  2, -155.40,  50
 65190, 8510.9850,  2, -143.15,  50
 65190, 8510.9850,  2, -165.85,  50
 65190, 8510.9850,  2, -157.99,  50
 65190, 8510.9850,  2, -148.24,  50
 65681, 8575.0200,  2, -178.81,  50
 65681, 8575.0200,  2, -145.40,  50
 65681, 8575.0200,  2, -98.84,  50
 65681, 8575.0200,  2, -135.93,  50
 65681, 8575.0200,  2, -171.94,  50
 65681, 8575.0200,  2, -186.74,  50
 65681, 8575.0200,  2, -128.92,  50
 65681, 8575.0200,  2, -121.17,  50
 66172, 8638.3950,  2, -152.66,  50
 66172, 8638.3950,  2, -134.58,  50
 66172, 8638.3950,  2, -140.09,  50
 66172, 8638.3950,  2, -93.88,  50
 66172, 8638.3950,  2, -113.42,  50
 66172, 8638.3950,  2, -125.24,  50
 66172, 8638.3950,  2, -169.46,  50
 66172, 8638.3950,  2, -100.35,  50
 66663, 8701.6350,  2, -180.10,  50
 66663, 8701.6350,  2, -106.93,  50
 66663, 8701.6350,  2, -138.52,  50
 66663, 8701.6350,  2, -170.10,  50
 66663, 8701.6350,  2, -137.18,  50
 66663, 8701.6350,  2, -81.55,  50
 66663, 8701.6350,  2, -136.73,  50
 66663, 8701.6350,  2, -147.72,  50
 67154, 8764.9750,  2, -120.07,  50
 67154, 8764.9750,  2, -101.51,  50
 67154, 8764.9750,  2, -152.64,  50
 67154, 8764.9750,  2, -169.28,  50
 67154, 8764.9750,  2, -111.50,  50
 67154, 8764.9750,  2, -141.43,  50
 67154, 8764.9750,  2, -110.61,  50
 67154, 8764.9750,  2, -150.55,  50
 67645, 8828.0200,  2, -119.86,  50
 67645, 8828.0200,  2, -154.38,  50
 67645, 8828.0200,  2, -128.34,  50
 67645, 8828.0200,  2, -157.35,  50
 67645, 8828.0200,  2, -129.24,  50
 67645, 8828.0200,  2, -110.48,  50
 67645, 8828.0200,  2, -154.35,  50
 67645, 8828.0200,  2, -117.57,  50
 68136, 8891.2700,  2, -120.73,  50
 68136, 8891.2700,  2, -178.96,  50
 68136, 8891.2700,  2, -174.66,  50
 68136, 8891.2700,  2, -116.37,  50
 68136, 8891.2700,  2, -141.56,  50
 68136, 8891.2700,  2, -143.16,  50
 68136, 8891.2700,  2, -181.21,  50
 68136, 8891.2700,  2, -113.84,  50
 68627, 8954.4300,  2, -156.90,  50
 68627, 8954.4300,  2, -157.67,  50
 68627, 8954.4300,  2, -147.72,  50
 68627, 8954.4300,  2, -145.61,  50
 68627, 8954.4300,  2, -167.08,  50
 68627, 8954.4300,  2, -117.49,  50
 68627, 8954.4300,  2, -123.67,  50
 68627, 8954.4300,  2, -189.45,  50
 69118, 9017.6800,  2, -174.06,  50
 69118, 9017.6800,  2, -135.94,  50
 69118, 9017.6800,  2, -199.80,  50
 69118, 9017.6800,  2, -95.16,  50
 69118, 9017.6800,  2, -122.21,  50
 69118, 9017.6800,  2, -188.73,  50
 69118, 9017.6800,  2, -171.01,  50
 69118, 9017.6800,  2, -87.58,  50
 69609, 9080.9500,  2, -97.54,  50
 69609, 9080.9500,  2, -110.21,  50
 69609, 9080.9500,  2, -138.30,  50
 69609, 9080.9500,  2, -139.43,  50
 69609, 9080.9500,  2, -141.50,  50
 69609, 9080.9500,  2, -131.90,  50
 69609, 9080.9500,  2, -173.39,  50
 69609, 9080.9500,  2, -113.28,  50
 70100, 9144.3850,  2, -155.57,  50
 70100, 9144.3850,  2, -146.45,  50
 70100, 9144.3850,  2, -139.91,  50
 70100, 9144.3850,  2, -149.17,  50
 70100, 9144.3850,  2, -144.57,  50
 70100, 9144.3850,  2, -117.90,  50
 70100, 9144.3850,  2, -134.36,  50
 70100, 9144.3850,  2, -149.28,  50
 70591, 9207.4650,  2, -142.49,  50
 70591, 9207.4650,  2, -118.38,  50
 70591, 9207.4650,  2, -120.65,  50
 70591, 9207.4650,  2, -163.82,  50
 70591, 9207.4650,  2, -65.21,  50
 70591, 9207.4650,  2, -87.23,  50
 70591, 9207.4650,  2, -111.71,  50
 70591, 9207.4650,  2, -110.80,  50
 71082, 9270.6350,  2, -162.03,  50
 71082, 9270.6350,  2, -153.62,  50
 71082, 9270.6350,  2, -108.31,  50
 71082, 9270.6350,  2, -114.67,  50
 71082, 9270.6350,  2, -168.34,  50
 71082, 9270.6350,  2, -157.75,  50
 71082, 9270.6350,  2, -96.11,  50
 71082, 9270.6350,  2, -160.16,  50
 71573, 9333.9650,  2, -137.01,  50
 71573, 9333.9650,  2, -153.97,  50
 71573, 9333.9650,  2, -176.29,  50
 71573, 9333.9650,  2, -148.78,  50
 71573, 9333.9650,  2, -88.38,  50
 71573, 9333.9650,  2, -143.62,  50
 71573, 9333.9650,  2, -123.96,  50
 71573, 9333.9650,  2, -124.88,  50
 72064, 9397.3950,  2, -154.83,  50
 72064, 9397.3950,  2, -120.40,  50
 72064, 9397.3950,  2, -86.78,  50
 72064, 9397.3950,  2, -146.10,  50
 72064, 9397.3950,  2, -131.95,  50
 72064, 9397.3950,  2, -124.40,  50
 72064, 9397.3950,  2, -145.35,  50
 72064, 9397.3950,  2, -46.03,  50
 72555, 9460.5900,  2, -93.93,  50
 72555, 9460.5900,  2, -143.18,  50
 72555, 9460.5900,  2, -66.85,  50
 72555, 9460.5900,  2, -101.78,  50
 72555, 9460.5900,  2, -103.23,  50
 72555, 9460.5900,  2, -114.74,  50
 72555, 9460.5900,  2, -87.30,  50
 72555, 9460.5900,  2, -95.24,  50
 73046, 9524.4400,  2, -105.35,  50
 73046, 9524.4400,  2, -111.88,  50
 73046, 9524.4400,  2, -105.98,  50
 73046, 9524.4400,  2, -82.18,  50
 73046, 9524.4400,  2, -100.68,  50
 73046, 9524.4400,  2, -135.12,  50
 73046, 9524.4400,  2, -107.59,  50
 73046, 9524.4400,  2, -157.46,  50
 73435, 9578.2000,  1, -284.25, 39.57500000000073
 73537, 9588.6350,  2, -57.30,  50
 73537, 9588.6350,  2, -123.96,  50
 73537, 9588.6350,  2, -68.85,  50
 73537, 9588.6350,  2, -98.90,  50
 73537, 9588.6350,  2, -124.13,  50
 73537, 9588.6350,  2, -151.87,  50
 73537, 9588.6350,  2, -173.24,  50
 73691, 9617.4850,  1, -228.17, 15.545000000000073
 73735, 9621.9850,  1, -249.08, 20.045000000000073
 74028, 9651.9500,  2, -117.43,  50
 74028, 9651.9500,  2, -85.64,  50
 74028, 9651.9500,  2, -112.03,  50
 74028, 9651.9500,  2, -64.10,  50
 74028, 9651.9500,  2, -90.30,  50
 74028, 9651.9500,  2, -85.50,  50
 74519, 9715.4500,  2, -152.56,  50
 74519, 9715.4500,  2, -126.92,  50
 74519, 9715.4500,  2, -77.88,  50
 74519, 9715.4500,  2, -87.37,  50
 74519, 9715.4500,  2, -89.37,  50
 74519, 9715.4500,  2, -69.41,  50
 74519, 9715.4500,  2, -70.37,  50
 74519, 9715.4500,  2, -72.99,  50
 75005, 9778.1650,  1, -257.33, 49.4900000000016
 75010, 9778.6800,  2, -48.94,  50
 75010, 9778.6800,  2, -71.86,  50
 75010, 9778.6800,  2, -29.29,  50
 75010, 9778.6800,  2, -100.41,  50
 75010, 9778.6800,  2, -106.05,  50
 75010, 9778.6800,  2, -86.83,  50
 75010, 9778.6800,  2, -27.60,  50
 75501, 9841.6350,  2, -62.67,  50
 75501, 9841.6350,  2, -25.74,  50
 75501, 9841.6350,  2, -63.76,  50
 75501, 9841.6350,  2, -69.44,  50
 75501, 9841.6350,  2, -49.36,  50
 75501, 9841.6350,  2, -112.77,  50
 75501, 9841.6350,  2, -129.40,  50
 75501, 9841.6350,  2, -122.10,  50
 75826, 9887.9750,  1, -241.01, 33.030000000000655
 75992, 9904.9500,  2, -76.26,  50
 75992, 9904.9500,  2, -98.13,  50
 75992, 9904.9500,  2, -56.06,  50
 75992, 9904.9500,  2, -49.50,  50
 75992, 9904.9500,  2, -68.02,  50
 75992, 9904.9500,  2, -118.97,  50
 75992, 9904.9500,  2, -37.96,  50
 76254, 9945.1650,  1, -216.59, 26.585000000000946
 76430, 9963.1650,  3, 261.21, 44.56500000000051
 76449, 9965.1100,  1, -328.07, 46.530000000000655
 76483, 9968.5900,  2, -50.46,  50
 76483, 9968.5900,  2, -64.22,  50
 76483, 9968.5900,  2, -46.32,  50
 76483, 9968.5900,  2, -68.03,  50
 76483, 9968.5900,  2, -33.79,  50
 76755, 10009.3700,  1, -172.11, 27.605000000001382
 76910, 10025.2250,  1, -293.43, 43.460000000000946
 76974, 10031.7700,  2, -136.38,  50
 76974, 10031.7700,  2, -116.88,  50
 76974, 10031.7700,  2, -69.57,  50
 76974, 10031.7700,  2, -81.31,  50
 76974, 10031.7700,  2, -29.72,  50
 76974, 10031.7700,  2, -46.23,  50
 77344, 10082.7600,  1, -226.59, 37.63999999999942
 77445, 10093.0900,  1, -260.23, 47.969999999999345
 77465, 10095.1350,  2, -107.22,  50
 77465, 10095.1350,  2, -66.01,  50
 77465, 10095.1350,  2, -115.00,  50
 77465, 10095.1350,  2, -34.73,  50
 77465, 10095.1350,  2, -66.24,  50
 77465, 10095.1350,  2, -104.90,  50
 77711, 10133.5100,  1, -186.86, 24.954999999999927
 77785, 10141.0750,  1, -222.25, 32.52000000000044
 77864, 10149.1550,  1, -235.65, 40.600000000000364
 77913, 10154.1650,  1, -291.44, 45.61000000000058
 77923, 10155.1900,  1, -255.90, 46.63500000000022
 77956, 10158.5650,  2, -70.00,  50
 77956, 10158.5650,  2, -79.31,  50
 77956, 10158.5650,  2, -72.92,  50
 78265, 10203.5900,  1, -228.87, 31.399999999999636
 78355, 10212.7900,  1, -223.53, 40.600000000000364
 78367, 10214.0200,  1, -240.93, 41.82999999999993
 78379, 10215.2450,  1, -247.01, 43.05500000000029
 78432, 10220.6650,  1, -293.26, 48.475000000000364
 78447, 10222.2000,  2, -64.92,  50
 78447, 10222.2000,  2, -42.00,  50
 78447, 10222.2000,  2, -67.78,  50
 78780, 10270.2700,  1, -263.27, 33.845000000001164
 78787, 10270.9850,  1, -207.24, 34.56000000000131
 78799, 10272.2150,  1, -225.52, 35.79000000000087
 78843, 10276.7150,  1, -257.90, 40.29000000000087
 78938, 10286.4300,  2, -31.47,  50
 78938, 10286.4300,  2, -79.29,  50
 78938, 10286.4300,  2, -74.82,  50
 78938, 10286.4300,  2, -38.82,  50
 79337, 10341.3250,  1, -213.93, 40.600000000000364
 79344, 10342.0400,  1, -250.71, 41.31500000000051
 79409, 10348.6900,  1, -229.14, 47.965000000000146
 79429, 10350.7350,  2, -41.33,  50
 79429, 10350.7350,  2, -70.32,  50
 79429, 10350.7350,  2, -79.01,  50
 79429, 10350.7350,  2, -114.09,  50
 79429, 10350.7350,  2, -53.22,  50
 79694, 10392.1450,  1, -252.60, 26.899999999999636
 79765, 10399.4050,  1, -244.46, 34.159999999999854
 79790, 10401.9650,  1, -240.71, 36.719999999999345
 79920, 10415.2600,  2, -51.55,  50
 79920, 10415.2600,  2, -52.33,  50
 79920, 10415.2600,  2, -73.64,  50
 79920, 10415.2600,  2, -60.04,  50
 79920, 10415.2600,  2, -63.95,  50
 80240, 10461.9650,  1, -196.98, 32.52000000000044
 80250, 10462.9850,  1, -202.70, 33.54000000000087
 80288, 10466.8700,  1, -205.50, 37.42500000000109
 80371, 10475.3600,  1, -243.76, 45.91500000000087
 80375, 10475.7700,  1, -288.99, 46.32500000000073
 80398, 10478.1200,  1, -276.40, 48.67500000000109
 80400, 10478.3250,  1, -261.29, 48.88000000000102
 80411, 10479.4500,  2, -37.27,  50
 80671, 10519.2150,  1, -170.24, 26.38000000000102
 80858, 10538.3400,  1, -243.24, 45.50500000000102
 80902, 10542.8400,  2, -62.53,  50
 80902, 10542.8400,  2, -65.40,  50
 80902, 10542.8400,  2, 5.75,  50
 80902, 10542.8400,  2, -98.62,  50
 80902, 10542.8400,  2, -80.20,  50
 80902, 10542.8400,  2, -35.60,  50
 81125, 10578.7700,  1, -192.91, 22.600000000000364
 81147, 10581.0200,  1, -200.24, 24.850000000000364
 81370, 10603.8250,  1, -281.19, 47.655000000000655
 81393, 10606.1800,  2, -87.29,  50
 81393, 10606.1800,  2, -100.06,  50
 81393, 10606.1800,  2, -6.51,  50
 81393, 10606.1800,  2, -61.31,  50
 81393, 10606.1800,  2, -51.34,  50
 81608, 10641.0550,  1, -207.69, 21.780000000000655
 81719, 10652.4050,  1, -224.38, 33.13000000000102
 81736, 10654.1450,  1, -230.37, 34.8700000000008
 81783, 10658.9500,  3, 173.25, 39.60499999999956
 81847, 10665.4950,  3, 223.49, 46.13000000000102
 81884, 10669.2800,  2, -56.42,  50
 81884, 10669.2800,  2, -129.53,  50
 81884, 10669.2800,  2, -105.63,  50
 82034, 10697.8050,  1, -186.95, 15.139999999999418
 82100, 10704.5550,  1, -246.87, 21.889999999999418
 82180, 10712.7350,  1, -226.34, 30.06999999999971
 82330, 10728.0750,  1, -270.09, 45.409999999999854
 82335, 10728.5900,  1, -276.82, 45.92499999999927
 82375, 10732.6800,  2, -53.68,  50
 82375, 10732.6800,  2, -64.68,  50
 82375, 10732.6800,  2, -6.96,  50
 82651, 10774.1800,  1, -231.79, 28.020000000000437
 82826, 10792.0750,  1, -297.89, 45.91500000000087
 82866, 10796.1650,  2, -51.32,  50
 82866, 10796.1650,  2, -65.78,  50
 82866, 10796.1650,  2, -73.34,  50
 82866, 10796.1650,  2, -59.81,  50
 82866, 10796.1650,  2, -33.53,  50
 82866, 10796.1650,  2, -38.42,  50
 83080, 10830.9050,  1, -201.71, 21.68000000000029
 83251, 10848.3950,  1, -232.33, 39.17000000000007
 83352, 10858.7250,  1, -269.59, 49.5
 83357, 10859.2350,  2, -47.11,  50
 83357, 10859.2350,  2, -27.97,  50
 83357, 10859.2350,  2, -40.23,  50
 83357, 10859.2350,  2, -55.07,  50
 83357, 10859.2350,  2, -32.55,  50
 83753, 10913.7000,  1, -218.67, 40.29000000000087
 83848, 10923.4150,  2, -66.29,  50
 83848, 10923.4150,  2, -57.30,  50
 83848, 10923.4150,  2, -44.92,  50
 83848, 10923.4150,  2, -56.19,  50
 83848, 10923.4150,  2, -48.46,  50
 83848, 10923.4150,  2, -38.26,  50
 83848, 10923.4150,  2, -61.55,  50
 84105, 10962.8700,  1, -196.69, 26.079999999999927
 84167, 10969.2150,  1, -213.00, 32.42499999999927
 84227, 10975.3500,  3, 227.74, 38.529999999998836
 84248, 10977.4950,  1, -253.36, 40.70499999999993
 84339, 10986.8050,  2, -27.21,  50
 84339, 10986.8050,  2, -56.65,  50
 84339, 10986.8050,  2, -22.03,  50
 84339, 10986.8050,  2, -72.17,  50
 84755, 11042.5100,  1, -252.10, 42.335000000000946
 84758, 11042.8150,  1, -212.84, 42.64000000000124
 84806, 11047.7250,  3, 240.74, 47.4950000000008
 84830, 11050.1800,  2, -76.19,  50
 84830, 11050.1800,  2, -86.11,  50
 84830, 11050.1800,  2, -65.98,  50
 84830, 11050.1800,  2, -24.90,  50
 84830, 11050.1800,  2, -1.57,  50
 84989, 11080.2800,  1, -184.37, 16.05000000000109
 85170, 11098.7900,  1, -220.74, 34.56000000000131
 85200, 11101.8600,  1, -201.62, 37.63000000000102
 85316, 11113.7250,  3, 199.98, 49.44000000000051
 85321, 11114.2350,  2, -59.45,  50
 85321, 11114.2350,  2, 1.53,  50
 85321, 11114.2350,  2, -65.19,  50
 85321, 11114.2350,  2, -39.24,  50
 85591, 11154.8250,  1, -196.38, 27.400000000001455
 85646, 11160.4500,  1, -223.77, 33.025000000001455
 85812, 11177.4300,  2, -108.91,  50
 85812, 11177.4300,  2, -107.71,  50
 85812, 11177.4300,  2, -72.85,  50
 85812, 11177.4300,  2, -26.37,  50
 85812, 11177.4300,  2, -101.12,  50
 85812, 11177.4300,  2, -51.20,  50
 86195, 11230.5900,  3, 207.08, 38.89000000000124
 86292, 11240.5100,  3, 222.45, 48.80500000000029
 86303, 11241.6350,  2, -59.52,  50
 86303, 11241.6350,  2, -30.07,  50
 86303, 11241.6350,  2, -13.98,  50
 86303, 11241.6350,  2, 23.70,  50
 86303, 11241.6350,  2, -72.11,  50
 86303, 11241.6350,  2, -36.65,  50
 86484, 11273.3050,  1, -199.69, 18.30500000000029
 86533, 11278.3150,  3, 287.20, 23.264999999999418
 86584, 11283.5300,  1, -209.55, 28.530000000000655
 86669, 11292.2250,  1, -235.37, 37.225000000000364
 86794, 11305.0100,  2, -59.47,  50
 86794, 11305.0100,  2, -1.26,  50
 86794, 11305.0100,  2, -89.06,  50
 86794, 11305.0100,  2, 19.07,  50
 87011, 11340.4150,  1, -189.04, 21.980000000001382
 87176, 11357.2900,  1, -240.55, 38.85500000000138
 87264, 11366.2900,  3, 205.46, 47.850000000000364
 87285, 11368.4400,  2, 22.32,  50
 87285, 11368.4400,  2, -102.68,  50
 87285, 11368.4400,  2, -103.02,  50
 87285, 11368.4400,  2, -39.29,  50
 87285, 11368.4400,  2, -64.10,  50
 87485, 11402.8600,  1, -188.30, 20.2450000000008
 87547, 11409.2000,  1, -243.54, 26.585000000000946
 87776, 11432.6200,  2, -46.73,  50
 87776, 11432.6200,  2, -42.90,  50
 87776, 11432.6200,  2, -43.68,  50
 87776, 11432.6200,  2, -25.74,  50
 87776, 11432.6200,  2, -39.28,  50
 87776, 11432.6200,  2, -63.08,  50
 88166, 11485.6550,  1, -266.27, 39.67500000000109
 88206, 11489.7450,  1, -236.02, 43.76500000000124
 88232, 11492.4050,  1, -283.25, 46.42500000000109
 88243, 11493.5300,  1, -289.84, 47.55000000000109
 88267, 11495.9850,  2, -135.62,  50
 88267, 11495.9850,  2, -29.65,  50
 88267, 11495.9850,  2, -72.12,  50
 88267, 11495.9850,  2, -118.29,  50
 88546, 11537.4950,  1, -215.50, 28.329999999999927
 88604, 11543.4300,  1, -256.71, 34.26499999999942
 88690, 11552.2250,  1, -227.06, 43.05999999999949
 88692, 11552.4300,  1, -262.52, 43.26499999999942
 88700, 11553.2450,  3, 203.92, 43.99499999999898
 88758, 11559.1800,  2, -100.78,  50
 88758, 11559.1800,  2, -44.66,  50
 88758, 11559.1800,  2, -101.53,  50
 89238, 11621.2600,  1, -271.06, 48.88000000000102
 89249, 11622.3850,  2, -110.73,  50
 89249, 11622.3850,  2, 12.56,  50
 89249, 11622.3850,  2, -98.30,  50
 89249, 11622.3850,  2, -97.34,  50
 89249, 11622.3850,  2, 9.58,  50
 89249, 11622.3850,  2, -45.87,  50
 89249, 11622.3850,  2, -19.30,  50
 89509, 11661.9650,  1, -206.55, 26.38500000000022
 89618, 11673.1100,  1, -248.83, 37.530000000000655
 89667, 11678.1200,  3, 264.88, 42.4950000000008
 89670, 11678.4300,  3, 240.27, 42.835000000000946
 89740, 11685.5900,  2, -34.24,  50
 89740, 11685.5900,  2, -59.45,  50
 89740, 11685.5900,  2, -32.38,  50
 89740, 11685.5900,  2, -69.38,  50
 90079, 11733.2450,  1, -239.24, 34.465000000000146
 90124, 11737.8500,  1, -225.38, 39.06999999999971
 90163, 11741.8400,  3, 196.92, 43.024999999999636
 90178, 11743.3700,  1, -262.39, 44.590000000000146
 90231, 11748.7900,  2, -26.86,  50
 90231, 11748.7900,  2, -112.54,  50
 90231, 11748.7900,  2, -95.87,  50
 90231, 11748.7900,  2, -71.95,  50
 90568, 11796.2600,  1, -215.77, 34.26000000000022
 90680, 11807.7150,  3, 247.23, 45.63999999999942
 90711, 11810.8850,  1, -245.94, 48.88500000000022
 90714, 11811.1900,  1, -273.76, 49.19000000000051
 90722, 11812.0100,  2, -96.72,  50
 90722, 11812.0100,  2, -78.83,  50
 90722, 11812.0100,  2, -50.69,  50
 90722, 11812.0100,  2, -88.95,  50
 91062, 11859.9300,  1, -223.76, 34.56500000000051
 91146, 11868.5200,  3, 246.48, 43.11000000000058
 91213, 11875.3700,  2, -91.59,  50
 91213, 11875.3700,  2, -1.31,  50
 91213, 11875.3700,  2, -40.00,  50
 91213, 11875.3700,  2, -37.57,  50
 91213, 11875.3700,  2, -50.32,  50
 91213, 11875.3700,  2, -84.86,  50
 91458, 11913.4150,  3, 265.17, 24.769999999998618
 91497, 11917.4050,  3, 273.97, 28.779999999998836
 91607, 11928.6550,  3, 205.39, 39.99499999999898
 91704, 11938.5750,  2, -78.00,  50
 91704, 11938.5750,  2, -73.51,  50
 91704, 11938.5750,  2, -109.57,  50
 91704, 11938.5750,  2, -150.19,  50
 91704, 11938.5750,  2, -63.76,  50
 92043, 11986.1200,  1, -237.00, 34.465000000000146
 92047, 11986.5300,  1, -223.36, 34.875
 92060, 11987.8600,  3, 269.96, 36.18499999999949
 92175, 11999.6200,  1, -239.50, 47.965000000000146
 92195, 12001.6650,  2, -65.23,  50
 92195, 12001.6650,  2, -87.44,  50
 92195, 12001.6650,  2, -87.26,  50
 92195, 12001.6650,  2, -66.96,  50
 92534, 12049.2800,  1, -221.18, 34.460000000000946
 92659, 12062.0650,  3, 212.17, 47.225000000000364
 92686, 12064.8250,  2, -120.93,  50
 92686, 12064.8250,  2, -24.69,  50
 92686, 12064.8250,  2, -51.85,  50
 92686, 12064.8250,  2, -118.38,  50
 92686, 12064.8250,  2, -51.20,  50
 92686, 12064.8250,  2, -114.92,  50
 93016, 12111.7000,  3, 241.64, 33.52000000000044
 93177, 12128.1650,  2, -43.93,  50
 93177, 12128.1650,  2, -50.06,  50
 93177, 12128.1650,  2, 2.04,  50
 93177, 12128.1650,  2, -105.58,  50
 93177, 12128.1650,  2, -88.60,  50
 93177, 12128.1650,  2, -56.08,  50
 93177, 12128.1650,  2, -107.00,  50
 93388, 12162.9050,  1, -160.62, 21.375
 93486, 12172.9300,  3, 265.31, 31.344999999999345
 93668, 12191.5400,  2, 0.97,  50
 93668, 12191.5400,  2, -138.01,  50
 93668, 12191.5400,  2, -152.14,  50
 93668, 12191.5400,  2, -91.42,  50
 93668, 12191.5400,  2, -88.78,  50
 93668, 12191.5400,  2, -37.86,  50
 93917, 12230.2450,  1, -246.69, 25.25500000000102
 93958, 12234.4400,  1, -191.79, 29.450000000000728
 93986, 12237.3050,  1, -219.08, 32.31500000000051
 94068, 12245.6900,  1, -260.71, 40.70000000000073
 94070, 12245.8950,  3, 218.37, 40.80000000000109
 94083, 12247.2250,  3, 202.64, 42.149999999999636
 94159, 12254.9950,  2, -82.10,  50
 94159, 12254.9950,  2, -119.94,  50
 94538, 12306.9400,  1, -283.60, 38.55500000000029
 94542, 12307.3500,  3, 219.10, 38.95499999999993
 94643, 12317.6800,  3, 221.13, 49.19999999999891
 94650, 12318.3950,  2, -93.12,  50
 94650, 12318.3950,  2, -101.45,  50
 94650, 12318.3950,  2, -60.48,  50
 94650, 12318.3950,  2, -89.27,  50
 94650, 12318.3950,  2, -114.34,  50
 94850, 12352.6650,  1, -221.59, 20.2450000000008
 94900, 12357.7800,  1, -223.38, 25.360000000000582
 94977, 12365.6550,  1, -220.66, 33.23500000000058
 95141, 12382.4300,  2, -57.66,  50
 95141, 12382.4300,  2, -38.75,  50
 95141, 12382.4300,  2, -95.43,  50
 95141, 12382.4300,  2, -54.35,  50
 95141, 12382.4300,  2, -65.22,  50
 95254, 12407.9650,  1, -183.88, 11.354999999999563
 95484, 12431.4850,  3, 228.91, 34.85999999999876
 95492, 12432.3050,  1, -278.31, 35.69499999999971
 95632, 12446.6200,  2, -2.99,  50
 95632, 12446.6200,  2, -65.15,  50
 95632, 12446.6200,  2, -108.73,  50
 95632, 12446.6200,  2, -50.73,  50
 95632, 12446.6200,  2, -94.44,  50
 95916, 12488.8050,  1, -182.74, 28.840000000000146
 96009, 12498.3150,  1, -282.16, 38.350000000000364
 96029, 12500.3600,  1, -250.48, 40.39500000000044
 96049, 12502.4050,  1, -261.33, 42.44000000000051
 96061, 12503.6350,  3, 211.77, 43.61000000000058
 96123, 12509.9750,  2, -56.32,  50
 96123, 12509.9750,  2, -152.06,  50
 96123, 12509.9750,  2, -58.97,  50
 96327, 12543.7250,  3, 294.22, 20.649999999999636
 96388, 12549.9650,  1, -211.27, 26.895000000000437
 96522, 12563.6650,  3, 178.67, 40.530000000000655
 96579, 12569.4950,  1, -272.54, 46.42500000000109
 96614, 12573.0750,  2, -91.28,  50
 96614, 12573.0750,  2, -48.22,  50
 96614, 12573.0750,  2, -128.21,  50
 96614, 12573.0750,  2, -60.55,  50
 96793, 12605.3400,  1, -192.63, 18.104999999999563
 96949, 12621.2900,  1, -237.74, 34.05500000000029
 97023, 12628.8600,  3, 181.29, 41.61999999999898
 97105, 12637.2450,  2, -62.45,  50
 97105, 12637.2450,  2, -115.04,  50
 97105, 12637.2450,  2, -81.25,  50
 97105, 12637.2450,  2, -65.48,  50
 97105, 12637.2450,  2, -117.24,  50
 97481, 12688.8050,  3, 210.58, 38.17000000000007
 97571, 12698.0100,  3, 157.49, 47.42000000000007
 97596, 12700.5650,  2, -93.35,  50
 97596, 12700.5650,  2, -28.84,  50
 97596, 12700.5650,  2, -94.41,  50
 97596, 12700.5650,  2, -100.25,  50
 97596, 12700.5650,  2, -27.31,  50
 97596, 12700.5650,  2, -103.89,  50
 97867, 12741.4950,  3, 260.26, 27.5
 98087, 12763.9950,  2, -89.97,  50
 98087, 12763.9950,  2, -107.73,  50
 98087, 12763.9950,  2, -94.13,  50
 98087, 12763.9950,  2, -81.70,  50
 98087, 12763.9950,  2, -127.15,  50
 98087, 12763.9950,  2, -49.85,  50
 98087, 12763.9950,  2, -63.42,  50
 98248, 12793.6200,  3, 293.71, 16.235000000000582
 98454, 12814.6900,  1, -270.09, 37.32500000000073
 98578, 12827.3700,  2, -100.84,  50
 98578, 12827.3700,  2, -78.61,  50
 98578, 12827.3700,  2, -78.67,  50
 98578, 12827.3700,  2, -51.53,  50
 98578, 12827.3700,  2, -103.93,  50
 98578, 12827.3700,  2, -160.22,  50
 98753, 12858.2800,  1, -204.15, 17.68500000000131
 98998, 12883.3400,  3, 216.75, 42.66500000000087
 99059, 12889.5750,  3, 176.58, 48.95499999999993
 99069, 12890.6000,  2, -91.54,  50
 99069, 12890.6000,  2, -84.92,  50
 99069, 12890.6000,  2, -101.86,  50
 99069, 12890.6000,  2, -90.04,  50
 99069, 12890.6000,  2, -95.22,  50
 99453, 12943.0200,  3, 198.54, 39.034999999999854
 99535, 12951.4050,  3, 150.49, 47.42499999999927
 99560, 12953.9650,  2, -178.01,  50
 99560, 12953.9650,  2, -157.72,  50
 99560, 12953.9650,  2, -43.83,  50
 99560, 12953.9650,  2, -58.35,  50
 99560, 12953.9650,  2, -63.49,  50
 99560, 12953.9650,  2, -186.44,  50
 99819, 12993.6650,  3, 219.40, 26.19000000000051
100051, 13017.3950,  2, -165.08,  50
100051, 13017.3950,  2, -95.71,  50
100051, 13017.3950,  2, -71.68,  50
100051, 13017.3950,  2, -66.62,  50
100051, 13017.3950,  2, -52.56,  50
100051, 13017.3950,  2, -77.59,  50
100051, 13017.3950,  2, -114.98,  50
100283, 13054.1350,  3, 266.39, 23.475000000000364
100542, 13080.6200,  2, -96.63,  50
100542, 13080.6200,  2, -70.95,  50
100542, 13080.6200,  2, -50.54,  50
100542, 13080.6200,  2, -47.64,  50
100542, 13080.6200,  2, -151.80,  50
100542, 13080.6200,  2, -97.40,  50
100542, 13080.6200,  2, -123.16,  50
100800, 13119.9950,  3, 251.57, 26.110000000000582
100841, 13124.1900,  3, 257.80, 30.30000000000109
100931, 13133.3950,  3, 244.16, 39.47999999999956
101022, 13142.7000,  3, 190.22, 48.79000000000087
101024, 13142.9050,  3, 170.36, 49.07500000000073
101033, 13143.8250,  2, -72.59,  50
101033, 13143.8250,  2, -77.05,  50
101033, 13143.8250,  2, -50.93,  50
101312, 13185.3950,  3, 257.17, 28.295000000000073
101480, 13202.5750,  3, 212.27, 45.475000000000364
101516, 13206.2600,  3, 167.40, 49.18999999999869
101524, 13207.0750,  2, -41.29,  50
101524, 13207.0750,  2, -25.25,  50
101524, 13207.0750,  2, -92.24,  50
101524, 13207.0750,  2, -108.93,  50
101524, 13207.0750,  2, -92.76,  50
101812, 13250.4750,  3, 232.65, 29.174999999999272
101948, 13264.3850,  3, 217.24, 43.1299999999992
102007, 13270.4150,  1, -273.10, 49.19000000000051
102015, 13271.2350,  2, -41.17,  50
102015, 13271.2350,  2, -95.89,  50
102015, 13271.2350,  2, -105.39,  50
102015, 13271.2350,  2, -100.67,  50
102015, 13271.2350,  2, -105.64,  50
102146, 13298.5200,  1, -122.68, 13.19000000000051
102456, 13330.2250,  3, 190.50, 44.85499999999956
102506, 13335.3400,  2, -79.06,  50
102506, 13335.3400,  2, -116.79,  50
102506, 13335.3400,  2, -87.84,  50
102506, 13335.3400,  2, -94.04,  50
102506, 13335.3400,  2, -35.46,  50
102506, 13335.3400,  2, -39.95,  50
102743, 13373.6450,  3, 235.81, 23.94499999999971
102871, 13386.7350,  3, 211.16, 37.06500000000051
102923, 13392.0550,  3, 231.67, 42.38999999999942
102930, 13392.7700,  3, 230.23, 43.149999999999636
102938, 13393.5900,  3, 245.23, 43.88500000000022
102997, 13399.6200,  2, -83.63,  50
102997, 13399.6200,  2, -64.05,  50
102997, 13399.6200,  2, -80.46,  50
103298, 13444.3500,  3, 271.28, 30.51000000000022
103326, 13447.2150,  3, 222.81, 33.35499999999956
103341, 13448.7450,  3, 216.30, 34.93000000000029
103405, 13455.2900,  3, 199.75, 41.465000000000146
103423, 13457.1350,  3, 224.92, 43.26000000000022
103433, 13458.1550,  3, 183.12, 44.350000000000364
103488, 13463.7800,  2, -73.93,  50
103488, 13463.7800,  2, -96.64,  50
103676, 13496.7350,  3, 292.87, 18.924999999999272
103807, 13510.1350,  3, 249.45, 32.340000000000146
103828, 13512.2800,  3, 246.16, 34.469999999999345
103857, 13515.2450,  3, 221.75, 37.475000000000364
103899, 13519.5400,  3, 172.94, 41.81999999999971
103979, 13527.7250,  2, -62.32,  50
103979, 13527.7250,  2, -110.86,  50
103979, 13527.7250,  2, -86.82,  50
104258, 13569.4850,  3, 270.89, 28.2549999999992
104321, 13575.9300,  3, 222.01, 34.68499999999949
104378, 13581.7600,  3, 231.60, 40.54500000000007
104470, 13591.1650,  2, -76.14,  50
104470, 13591.1650,  2, -57.13,  50
104470, 13591.1650,  2, -47.49,  50
104470, 13591.1650,  2, -118.05,  50
104470, 13591.1650,  2, -65.64,  50
104817, 13640.7000,  3, 245.62, 35.23500000000058
104823, 13641.3150,  3, 248.04, 35.875
104848, 13643.8700,  3, 228.97, 38.375
104898, 13648.9850,  3, 187.86, 43.55999999999949
104899, 13649.0900,  3, 182.77, 43.6200000000008
104923, 13651.5400,  3, 209.72, 46.07999999999993
104961, 13655.4300,  2, -71.05,  50
104961, 13655.4300,  2, 8.51,  50
105170, 13689.9500,  3, 281.85, 21.1299999999992
105195, 13692.5100,  1, -177.16, 23.729999999999563
105401, 13713.5750,  3, 189.85, 44.76499999999942
105436, 13717.1550,  3, 231.61, 48.340000000000146
105452, 13718.7900,  2, -27.17,  50
105452, 13718.7900,  2, -22.75,  50
105452, 13718.7900,  2, -49.59,  50
105452, 13718.7900,  2, -49.64,  50
105654, 13753.2900,  3, 275.91, 20.36499999999978
105851, 13773.4400,  3, 205.03, 40.55500000000029
105874, 13775.7900,  3, 216.33, 42.850000000000364
105903, 13778.7600,  3, 207.96, 45.88500000000022
105905, 13778.9650,  3, 226.14, 46.08499999999913
105914, 13779.8850,  3, 208.93, 47.0049999999992
105943, 13782.8500,  2, -84.88,  50
105943, 13782.8500,  2, 8.02,  50
106151, 13817.9950,  3, 290.44, 21.05999999999949
106169, 13819.8400,  3, 277.11, 22.844999999999345
106249, 13828.0200,  3, 265.18, 31.020000000000437
106261, 13829.2450,  3, 245.98, 32.26000000000022
106278, 13830.9850,  3, 262.89, 33.975000000000364
106299, 13833.1350,  3, 246.64, 36.19000000000051
106390, 13842.4400,  3, 214.45, 45.409999999999854
106434, 13846.9400,  2, -47.13,  50
106733, 13890.7450,  3, 256.31, 30.30999999999949
106796, 13897.1900,  3, 244.56, 36.789999999999054
106825, 13900.1550,  3, 221.35, 39.76499999999942
106857, 13903.4300,  3, 200.50, 43.0099999999984
106875, 13905.2700,  3, 224.84, 44.83999999999833
106925, 13910.3850,  2, -44.51,  50
106925, 13910.3850,  2, -24.65,  50
106925, 13910.3850,  2, -61.30,  50
107200, 13952.4050,  3, 264.36, 27.889999999999418
107223, 13954.7600,  3, 279.92, 30.18000000000029
107242, 13956.7000,  3, 280.52, 32.20999999999913
107318, 13964.4750,  3, 202.67, 39.92000000000007
107416, 13974.4950,  2, -32.65,  50
107416, 13974.4950,  2, -29.61,  50
107416, 13974.4950,  2, -5.08,  50
107416, 13974.4950,  2, -68.43,  50
107705, 14017.1450,  3, 272.95, 29.349999999998545
107724, 14019.0900,  3, 240.33, 31.294999999998254
107735, 14020.2150,  3, 244.68, 32.419999999998254
107737, 14020.4150,  3, 244.26, 32.55499999999847
107754, 14022.1550,  3, 274.93, 34.33499999999913
107792, 14026.0400,  3, 221.66, 38.23499999999876
107822, 14029.1100,  3, 222.17, 41.284999999999854
107894, 14036.4750,  3, 197.57, 48.67999999999847
108129, 14073.7150,  3, 291.73, 23.899999999999636
108181, 14079.0300,  3, 259.20, 29.174999999999272
108199, 14080.8700,  3, 284.39, 31.014999999999418
108240, 14085.0650,  3, 220.90, 35.26499999999942
108261, 14087.2150,  3, 252.98, 37.399999999999636
108323, 14093.5550,  3, 224.58, 43.67000000000007
108344, 14095.7000,  3, 218.67, 45.914999999999054
108384, 14099.7900,  2, -38.70,  50
108697, 14144.6800,  3, 252.31, 31.710000000000946
108749, 14149.9950,  3, 255.80, 37.03500000000167
108751, 14150.2000,  3, 252.50, 37.25500000000102
108766, 14151.7350,  3, 265.62, 38.79000000000087
108817, 14156.9500,  3, 209.49, 44.05500000000029
108817, 14156.9500,  3, 239.78, 44.025000000001455
108865, 14161.8600,  3, 177.79, 48.960000000000946
108875, 14162.8850,  2, -96.10,  50
109153, 14204.3500,  3, 269.73, 28.159999999999854
109159, 14204.9650,  3, 279.27, 28.779999999998836
109197, 14208.8500,  3, 236.23, 32.68499999999949
109301, 14219.4850,  3, 217.55, 43.32499999999891
109308, 14220.2000,  3, 213.44, 44.05499999999847
109366, 14226.1350,  2, -69.10,  50
109366, 14226.1350,  2, -92.00,  50
109366, 14226.1350,  2, -70.33,  50
109584, 14261.6650,  3, 291.45, 22.05999999999949
109630, 14266.3700,  3, 254.52, 26.709999999999127
109643, 14267.7000,  3, 276.18, 28.11499999999978
109657, 14269.1350,  3, 279.39, 29.48999999999978
109730, 14276.6000,  3, 219.42, 37.0099999999984
109857, 14289.5900,  2, -100.49,  50
109857, 14289.5900,  2, -5.01,  50
109857, 14289.5900,  2, -71.66,  50
110027, 14319.7350,  3, 314.32, 17.11499999999978
110040, 14321.0650,  3, 291.11, 18.5
110057, 14322.8050,  3, 300.57, 20.165000000000873
110173, 14334.6650,  3, 233.95, 32.05000000000109
110207, 14338.1450,  3, 212.51, 35.54000000000087
110318, 14349.4950,  3, 153.99, 46.92500000000109
110348, 14352.5650,  2, -30.86,  50
110348, 14352.5650,  2, -117.62,  50
110733, 14405.1650,  3, 238.70, 39.094999999999345
110749, 14406.8050,  3, 219.97, 40.72999999999956
110775, 14409.4650,  3, 203.45, 43.399999999999636
110794, 14411.4050,  3, 209.17, 45.30999999999949
110798, 14411.8150,  3, 229.15, 45.715000000000146
110815, 14413.5550,  3, 198.39, 47.45000000000073
110839, 14416.0100,  2, -89.19,  50
110839, 14416.0100,  2, 14.92,  50
111079, 14453.4950,  1, -220.00, 24.340000000000146
111083, 14453.9050,  3, 297.99, 24.679999999998472
111088, 14454.4150,  3, 292.01, 25.19499999999971
111103, 14455.9500,  3, 280.41, 26.69499999999971
111220, 14467.9150,  3, 202.16, 38.7549999999992
111242, 14470.1650,  3, 200.71, 40.969999999999345
111275, 14473.5400,  3, 240.62, 44.340000000000146
111285, 14474.5650,  3, 177.05, 45.33499999999913
111479, 14507.5300,  3, 280.16, 19.704999999999927
111493, 14508.9650,  3, 302.87, 21.06999999999971
111548, 14514.5900,  3, 281.53, 26.769999999998618
111595, 14519.3950,  3, 247.83, 31.534999999999854
111659, 14525.9400,  3, 221.41, 38.125
111768, 14537.0900,  3, 184.81, 49.25
111775, 14537.8050,  2, -78.69,  50
111775, 14537.8050,  2, -18.84,  50
112010, 14574.9950,  3, 307.88, 23.735000000000582
112218, 14596.2700,  1, -269.11, 45.095000000001164
112251, 14599.6450,  3, 164.34, 48.39500000000044
112266, 14601.1800,  2, -16.83,  50
112266, 14601.1800,  2, -74.01,  50
112266, 14601.1800,  2, -39.19,  50
112266, 14601.1800,  2, -66.92,  50
112266, 14601.1800,  2, -29.25,  50
112428, 14630.7350,  3, 322.16, 16.345000000001164
112453, 14633.2900,  3, 300.48, 18.855000000001382
112529, 14641.0650,  1, -214.10, 26.68500000000131
112535, 14641.6800,  3, 269.90, 27.290000000000873
112589, 14647.2000,  3, 270.77, 32.79000000000087
112685, 14657.0200,  3, 194.97, 42.53500000000167
112697, 14658.2450,  3, 201.13, 43.775000000001455
112708, 14659.3700,  3, 178.36, 44.92500000000109
112940, 14696.1800,  1, -193.91, 23.625
112988, 14701.0900,  1, -207.37, 28.534999999999854
112999, 14702.2150,  3, 287.38, 29.654999999998836
113039, 14706.3050,  3, 255.30, 33.74499999999898
113041, 14706.5100,  3, 260.43, 33.86999999999898
113044, 14706.8150,  3, 219.10, 34.19000000000051
113142, 14716.8400,  1, -296.24, 44.284999999999854
113196, 14722.3600,  3, 189.28, 49.70999999999913
113397, 14756.9400,  1, -211.91, 20.454999999999927
113432, 14760.5200,  3, 276.12, 24.014999999999418
113473, 14764.7150,  3, 298.12, 28.224999999998545
113497, 14767.1650,  3, 228.52, 30.609999999998763
113500, 14767.4750,  3, 248.79, 30.94499999999971
113522, 14769.7250,  3, 278.34, 33.20999999999913
113612, 14778.9300,  1, -297.08, 42.44499999999971
113686, 14786.4950,  2, -39.45,  50
113932, 14825.6900,  1, -247.02, 24.954999999999927
113967, 14829.2700,  3, 259.18, 28.519999999998618
113987, 14831.3150,  3, 235.36, 30.55999999999949
114027, 14835.4050,  1, -229.24, 34.67000000000007
114061, 14838.8850,  3, 217.52, 38.125
114075, 14840.3150,  3, 203.53, 39.51499999999942
114107, 14843.5900,  3, 210.03, 42.79500000000007
114119, 14844.8150,  1, -349.48, 44.07999999999993
114280, 14875.2800,  1, -198.41, 16.26000000000022
114315, 14878.8600,  3, 259.72, 19.795000000000073
114436, 14891.2350,  3, 254.00, 32.159999999999854
114437, 14891.3400,  1, -237.31, 32.31999999999971
114457, 14893.3850,  3, 212.48, 34.29500000000007
114475, 14895.2250,  1, -232.81, 36.20499999999993
114566, 14904.5300,  3, 153.92, 45.5
114610, 14909.0300,  2, -86.36,  50
114803, 14941.7800,  1, -177.44, 19.534999999999854
114841, 14945.6650,  3, 292.48, 23.339999999998327
114867, 14948.3250,  3, 309.55, 26.019999999998618
114955, 14957.3250,  3, 224.39, 35.024999999999636
114960, 14957.8400,  1, -267.56, 35.594999999999345
115060, 14968.0650,  3, 218.31, 45.80999999999949
115101, 14972.2600,  2, -6.83,  50
115101, 14972.2600,  2, -30.66,  50
115241, 14999.6650,  1, -169.62, 14.110000000000582
115260, 15001.6100,  3, 302.61, 15.985000000000582
115423, 15018.2800,  1, -245.78, 32.725000000000364
115592, 15035.5650,  2, -28.87,  50
115592, 15035.5650,  2, -7.01,  50
115592, 15035.5650,  2, 0.98,  50
115592, 15035.5650,  2, -98.17,  50
115592, 15035.5650,  2, -15.59,  50
115739, 15063.9750,  3, 293.07, 14.799999999999272
115783, 15068.4750,  3, 293.39, 19.30999999999949
115785, 15068.6800,  3, 281.72, 19.520000000000437
115840, 15074.3050,  3, 287.48, 25.05999999999949
115845, 15074.8150,  3, 266.50, 25.57499999999891
115854, 15075.7350,  3, 268.80, 26.51000000000022
115872, 15077.5750,  1, -202.45, 28.43000000000029
115900, 15080.4400,  3, 194.28, 31.24499999999898
116091, 15114.0550,  3, 284.67, 19.355000000001382
116100, 15114.9750,  3, 303.87, 20.285000000001673
116109, 15115.8950,  1, -181.65, 21.265000000001237
116140, 15119.0650,  3, 257.06, 24.395000000000437
116174, 15122.5400,  3, 285.13, 27.81500000000051
116210, 15126.2250,  3, 254.85, 31.530000000000655
116287, 15134.1000,  1, -208.97, 39.470000000001164
116390, 15144.6350,  2, -87.56,  50
116534, 15173.3500,  3, 312.12, 14.510000000000218
116544, 15174.3700,  3, 266.58, 15.4900000000016
116553, 15175.2900,  3, 311.01, 16.3650000000016
116558, 15175.8050,  3, 299.51, 16.965000000000146
116559, 15175.9050,  3, 310.93, 17.035000000001673
116575, 15177.5400,  3, 292.36, 18.645000000000437
116648, 15185.0100,  3, 284.81, 26.075000000000728
116881, 15208.8400,  2, -32.17,  50
117012, 15235.3600,  3, 297.79, 13.110000000000582
117028, 15236.9950,  3, 309.46, 14.730000000001382
117067, 15240.9850,  3, 302.01, 18.770000000000437
117105, 15244.8700,  3, 246.76, 22.650000000001455
117133, 15247.7350,  3, 245.90, 25.470000000001164
117372, 15272.1800,  2, -25.78,  50
117372, 15272.1800,  2, -107.11,  50
117372, 15272.1800,  2, -110.22,  50
117495, 15297.7450,  3, 287.71, 12.275000000001455
117527, 15301.0200,  3, 284.94, 15.625
117531, 15301.4300,  3, 299.24, 15.960000000000946
117570, 15305.4150,  3, 281.61, 20.0
117638, 15312.3700,  3, 249.52, 26.915000000000873
117828, 15331.8050,  3, 273.77, 46.39500000000044
117863, 15335.3850,  2, -8.08,  50
117863, 15335.3850,  2, -51.40,  50
118012, 15363.4050,  3, 298.99, 14.985000000000582
118026, 15364.8400,  3, 316.64, 16.42500000000109
118035, 15365.7600,  3, 274.14, 17.31500000000051
118037, 15365.9650,  3, 322.51, 17.575000000000728
118047, 15366.9850,  3, 290.19, 18.530000000000655
118247, 15387.4400,  3, 249.72, 39.030000000000655
118269, 15389.6900,  3, 186.81, 41.30000000000109
118299, 15392.7600,  3, 179.69, 44.30500000000029
118460, 15422.0750,  3, 242.87, 16.299999999999272
118482, 15424.3250,  3, 273.31, 18.55500000000029
118489, 15425.0400,  3, 288.21, 19.299999999999272
118517, 15427.9050,  3, 304.84, 22.159999999999854
118556, 15431.8950,  3, 290.06, 26.100000000000364
118746, 15451.3250,  3, 222.35, 45.534999999999854
118789, 15455.7250,  2, -124.46,  50
118789, 15455.7250,  2, -84.64,  50
118922, 15482.6550,  3, 342.84, 13.389999999999418
118930, 15483.4750,  3, 298.32, 14.194999999999709
118935, 15483.9850,  3, 288.69, 14.645000000000437
118949, 15485.4150,  3, 288.71, 16.11999999999898
118961, 15486.6450,  3, 315.57, 17.344999999999345
118977, 15488.2800,  3, 272.05, 19.01000000000022
118987, 15489.3050,  3, 286.14, 19.94000000000051
119132, 15504.1350,  3, 251.65, 34.80500000000029
119315, 15535.9850,  3, 294.41, 18.535000000001673
119319, 15536.3950,  3, 293.28, 18.975000000000364
119326, 15537.1100,  3, 307.84, 19.670000000000073
119331, 15537.6200,  3, 306.13, 20.230000000001382
119368, 15541.4050,  3, 282.21, 24.0
119501, 15555.0100,  3, 211.95, 37.61000000000058
119503, 15555.2150,  3, 253.63, 37.77000000000044
119622, 15567.3850,  2, -60.49,  50
119772, 15596.4950,  3, 315.45, 15.045000000000073
119781, 15597.4150,  3, 318.70, 16.014999999999418
119793, 15598.6450,  3, 307.11, 17.2549999999992
119813, 15600.6900,  3, 296.44, 19.31499999999869
119933, 15612.9650,  3, 281.17, 31.590000000000146
120016, 15621.4500,  3, 233.16, 40.04500000000007
120113, 15631.3700,  2, -57.55,  50
120113, 15631.3700,  2, -87.95,  50
120267, 15660.2800,  3, 277.63, 15.454999999999927
120313, 15664.9850,  3, 270.41, 20.229999999999563
120317, 15665.3950,  3, 257.29, 20.575000000000728
120333, 15667.0300,  3, 280.73, 22.229999999999563
120338, 15667.5400,  3, 267.34, 22.770000000000437
120432, 15677.1550,  3, 222.71, 32.405000000000655
120464, 15680.4300,  3, 200.26, 35.659999999999854
120464, 15680.4300,  1, -213.62, 35.69000000000051
120599, 15707.4650,  3, 311.96, 13.6200000000008
120606, 15708.1800,  3, 311.41, 14.395000000000437
120618, 15709.4050,  3, 308.46, 15.575000000000728
120636, 15711.2450,  3, 294.35, 17.470000000001164
120649, 15712.5750,  3, 281.14, 18.795000000000073
120744, 15722.2900,  3, 267.04, 28.44000000000051
120795, 15727.5100,  3, 244.96, 33.710000000000946
120954, 15743.7700,  2, -79.73,  50
121085, 15770.1550,  3, 304.11, 13.094999999999345
121101, 15771.7900,  3, 277.80, 14.789999999999054
121138, 15775.5750,  3, 282.51, 18.56500000000051
121145, 15776.2900,  3, 275.77, 19.274999999999636
121163, 15778.1350,  3, 280.26, 21.1299999999992
121186, 15780.4850,  3, 244.69, 23.485000000000582
121419, 15804.3150,  3, 233.94, 47.30999999999949
121445, 15806.9750,  2, -49.27,  50
121579, 15833.5550,  3, 301.45, 13.450000000000728
121593, 15834.9850,  3, 309.43, 14.880000000001019
121596, 15835.2900,  3, 321.63, 15.135000000000218
121648, 15840.6100,  3, 294.86, 20.50500000000102
121680, 15843.8850,  3, 284.42, 23.7450000000008
121699, 15845.8250,  3, 250.87, 25.670000000000073
121837, 15859.9400,  3, 205.30, 39.780000000000655
121936, 15870.0650,  2, -26.16,  50
122053, 15895.9300,  3, 306.31, 11.7549999999992
122075, 15898.1800,  3, 303.70, 13.969999999999345
122117, 15902.4750,  3, 298.09, 18.224999999998545
122159, 15906.7700,  3, 280.48, 22.554999999998472
122233, 15914.3400,  3, 256.23, 30.079999999999927
122303, 15921.4950,  3, 249.91, 37.23999999999978
122325, 15923.7450,  3, 219.01, 39.5
122327, 15923.9500,  3, 247.13, 39.76499999999942
122453, 15949.9050,  3, 282.52, 12.68499999999949
122472, 15951.8500,  3, 273.09, 14.674999999999272
122508, 15955.5300,  3, 319.86, 18.3849999999984
122516, 15956.3500,  3, 259.73, 19.1349999999984
122526, 15957.3700,  3, 286.10, 20.19999999999891
122531, 15957.8850,  3, 277.29, 20.75
122537, 15958.4950,  3, 304.41, 21.36999999999898
122817, 15987.1350,  2, -36.60,  50
122958, 16014.8600,  3, 333.76, 14.139999999999418
122971, 16016.1900,  3, 290.59, 15.454999999999927
122980, 16017.1100,  3, 290.29, 16.43000000000029
123002, 16019.3600,  3, 315.94, 18.659999999999854
123004, 16019.5650,  3, 300.97, 18.859999999998763
123184, 16037.9750,  3, 223.93, 37.22999999999956
123308, 16050.6550,  2, -83.07,  50
123308, 16050.6550,  2, -5.56,  50
123455, 16078.7700,  3, 294.99, 14.729999999999563
123459, 16079.1800,  3, 314.42, 15.145000000000437
123502, 16083.5750,  3, 293.66, 19.530000000000655
123516, 16085.0100,  3, 286.08, 21.030000000000655
123529, 16086.3400,  3, 253.10, 22.354999999999563
123539, 16087.3600,  3, 257.02, 23.360000000000582
123569, 16090.4300,  3, 272.00, 26.44499999999971
123799, 16113.9500,  2, -60.76,  50
123918, 16139.2900,  3, 311.87, 11.920000000000073
123935, 16141.0300,  3, 297.22, 13.635000000000218
123968, 16144.4050,  1, -190.02, 17.075000000000728
123978, 16145.4300,  3, 314.77, 18.01000000000022
123997, 16147.3700,  3, 297.13, 19.94499999999971
124130, 16160.9750,  3, 262.17, 33.55500000000029
124205, 16168.6450,  1, -303.50, 41.31500000000051
124272, 16175.4950,  3, 187.22, 48.1200000000008
124380, 16200.5650,  1, -146.14, 10.94000000000051
124398, 16202.4050,  3, 299.70, 12.739999999999782
124458, 16208.5400,  3, 294.49, 18.829999999999927
124492, 16212.0200,  3, 281.37, 22.375
124505, 16213.3500,  3, 259.22, 23.625
124531, 16216.0100,  3, 247.85, 26.360000000000582
124584, 16221.4300,  3, 228.01, 31.799999999999272
124655, 16228.6900,  3, 191.89, 39.04999999999927
124775, 16253.9300,  3, 330.70, 12.1299999999992
124785, 16254.9500,  3, 336.68, 13.170000000000073
124812, 16257.7150,  3, 254.03, 15.944999999999709
124823, 16258.8400,  3, 321.38, 17.0
124827, 16259.2450,  3, 322.11, 17.389999999999418
124837, 16260.2700,  3, 312.05, 18.43499999999949
124883, 16264.9750,  3, 291.21, 23.125
124957, 16272.5400,  3, 265.98, 30.74499999999898
125085, 16299.6100,  3, 302.40, 12.949999999998909
125086, 16299.7150,  3, 284.96, 13.054999999998472
125096, 16300.7350,  3, 290.12, 14.084999999999127
125101, 16301.2450,  3, 300.48, 14.55999999999949
125137, 16304.9300,  3, 285.30, 18.2599999999984
125145, 16305.7450,  3, 267.13, 19.079999999999927
125181, 16309.4300,  3, 217.80, 22.709999999999127
125361, 16327.8400,  3, 236.76, 41.1349999999984
125542, 16360.3250,  3, 285.34, 18.399999999999636
125545, 16360.6350,  3, 298.49, 18.6299999999992
125557, 16361.8600,  3, 285.93, 19.93000000000029
125592, 16365.4400,  3, 247.41, 23.424999999999272
125690, 16375.4650,  3, 216.60, 33.51000000000022
125719, 16378.4300,  3, 229.69, 36.48999999999978
125790, 16385.7200,  3, 224.78, 43.71499999999833
125808, 16387.5950,  3, 200.15, 45.64000000000124
126003, 16421.7700,  3, 252.29, 20.140000000003056
126021, 16423.6450,  3, 247.27, 21.99500000000262
126050, 16426.6650,  3, 288.02, 25.04500000000189
126081, 16429.8950,  3, 219.02, 28.25500000000102
126213, 16443.6450,  3, 182.14, 42.034999999999854
126290, 16451.6650,  2, -60.04,  50
126290, 16451.6650,  2, -161.74,  50
126290, 16451.6650,  2, -39.20,  50
126423, 16478.3600,  3, 289.29, 13.610000000000582
126430, 16479.0900,  3, 324.68, 14.294999999998254
126497, 16486.0700,  3, 294.25, 21.334999999999127
126577, 16494.4000,  3, 263.88, 29.61999999999898
126583, 16495.0250,  3, 219.38, 30.284999999999854
126721, 16509.4000,  3, 224.29, 44.66500000000087
126772, 16514.7150,  2, -104.15,  50
126772, 16514.7150,  3, 135.29, 49.93000000000029
126899, 16541.1750,  3, 286.78, 12.94999999999709
126918, 16543.1500,  3, 319.91, 14.974999999998545
126922, 16543.5700,  3, 316.05, 15.31499999999869
126987, 16550.3400,  3, 241.09, 22.094999999997526
126997, 16551.3800,  3, 276.43, 23.209999999999127
127041, 16555.9650,  3, 254.70, 27.764999999999418
127254, 16578.1500,  2, -54.11,  50
127254, 16578.1500,  2, -120.05,  50
127379, 16604.3800,  3, 329.05, 12.779999999998836
127380, 16604.4850,  3, 297.52, 12.909999999999854
127382, 16604.6950,  3, 285.94, 13.075000000000728
127398, 16606.3600,  3, 329.24, 14.779999999998836
127417, 16608.3400,  3, 314.90, 16.764999999999418
127442, 16610.9450,  3, 281.44, 19.31999999999971
127477, 16614.5900,  3, 281.23, 22.92000000000189
127624, 16629.9000,  3, 228.00, 38.29999999999927
127765, 16657.7650,  3, 300.64, 14.540000000000873
127788, 16660.1600,  3, 261.94, 16.919999999998254
127797, 16661.0950,  3, 293.22, 17.81000000000131
127807, 16662.1400,  3, 272.52, 18.900000000001455
127836, 16665.1600,  3, 297.09, 21.965000000000146
127850, 16666.6150,  3, 215.91, 23.36999999999898
127892, 16670.9900,  3, 240.95, 27.770000000000437
128105, 16693.1800,  2, -62.39,  50
128243, 16720.5500,  3, 295.27, 14.149999999997817
128300, 16726.4850,  3, 274.29, 20.0099999999984
128344, 16731.0700,  3, 281.95, 24.68000000000029
128384, 16735.2350,  3, 237.26, 28.80500000000029
128436, 16740.6500,  3, 221.62, 34.17499999999927
128453, 16742.4250,  3, 221.46, 35.974999999998545
128486, 16745.8600,  3, 248.22, 39.42499999999927
128587, 16756.3800,  2, -91.72,  50
128739, 16785.0000,  3, 225.77, 15.619999999998981
128753, 16786.4550,  3, 250.03, 17.044999999998254
128796, 16790.9350,  1, -184.67, 21.56000000000131
128819, 16793.3300,  3, 277.82, 23.93000000000029
128899, 16801.6650,  1, -271.68, 32.29000000000087
128915, 16803.3300,  3, 236.34, 33.88999999999942
128930, 16804.8950,  3, 139.73, 35.48500000000058
129069, 16819.3750,  2, -44.45,  50
129211, 16847.0550,  3, 254.32, 14.514999999999418
129212, 16847.1600,  3, 260.74, 14.590000000000146
129237, 16849.7650,  3, 254.78, 17.25499999999738
129271, 16853.3050,  3, 273.13, 20.784999999999854
129284, 16854.6600,  3, 212.69, 22.18000000000029
129311, 16857.4700,  3, 265.89, 24.914999999997235
129334, 16859.8650,  3, 200.54, 27.31499999999869
129443, 16871.2200,  3, 181.35, 38.73999999999796
129577, 16898.4350,  3, 266.83, 13.75499999999738
129583, 16899.0600,  3, 305.76, 14.375
129630, 16903.9550,  3, 238.38, 19.339999999996508
129658, 16906.8750,  3, 283.14, 22.19499999999971
129687, 16909.8950,  1, -204.56, 25.31499999999869
129751, 16916.5600,  3, 227.05, 31.8849999999984
129793, 16920.9350,  3, 191.81, 36.33499999999913
129805, 16922.1850,  3, 219.09, 37.5199999999968
129954, 16950.8000,  3, 264.34, 15.325000000000728
129957, 16951.1100,  3, 258.67, 15.719999999997526
130108, 16966.8400,  3, 219.02, 31.44499999999971
130173, 16973.6100,  3, 244.84, 38.1349999999984
130280, 16984.7550,  1, -299.30, 49.375
130286, 16985.3800,  2, -127.50,  50
130286, 16985.3800,  2, -98.74,  50
130286, 16985.3800,  2, -78.00,  50
130403, 17010.5400,  3, 236.80, 11.905000000002474
130427, 17013.0400,  3, 281.03, 14.395000000000437
130428, 17013.1450,  3, 301.76, 14.479999999999563
130467, 17017.2050,  3, 263.34, 18.595000000001164
130477, 17018.2500,  3, 296.59, 19.590000000000146
130534, 17024.1850,  3, 249.23, 25.534999999999854
130614, 17032.5200,  3, 217.19, 33.92500000000291
130769, 17048.6650,  2, -8.41,  50
130910, 17076.4450,  3, 250.69, 14.459999999999127
130948, 17080.4000,  3, 251.50, 18.424999999999272
130948, 17080.4000,  3, 250.26, 18.415000000000873
130971, 17082.8000,  3, 240.01, 20.7599999999984
130985, 17084.2550,  3, 280.23, 22.284999999999854
130989, 17084.6750,  3, 245.17, 22.68999999999869
131167, 17103.2150,  3, 171.10, 41.22999999999956
131232, 17109.9850,  3, 147.28, 47.93999999999869
131382, 17139.5500,  3, 232.24, 15.484999999996944
131382, 17139.5500,  3, 264.69, 15.434999999997672
131394, 17140.8000,  3, 273.72, 16.715000000000146
131437, 17145.2750,  3, 266.54, 21.159999999999854
131488, 17150.5900,  3, 254.55, 26.484999999996944
131508, 17152.6750,  3, 256.66, 28.625
131509, 17152.7750,  3, 304.18, 28.69499999999971
131556, 17157.6750,  3, 230.65, 33.609999999996944
131687, 17185.3600,  3, 294.00, 13.494999999998981
131714, 17188.1750,  3, 269.32, 16.29500000000189
131718, 17188.5900,  3, 297.09, 16.715000000000146
131724, 17189.2150,  3, 297.08, 17.330000000001746
131727, 17189.5250,  3, 265.15, 17.67000000000189
131737, 17190.5700,  3, 257.66, 18.715000000000146
131780, 17195.0500,  3, 235.41, 23.150000000001455
131785, 17195.5700,  3, 280.61, 23.68000000000029
131918, 17222.5400,  3, 258.27, 13.7400000000016
131972, 17228.1650,  3, 232.80, 19.345000000001164
131986, 17229.6250,  3, 277.17, 20.75
132049, 17236.1850,  3, 245.31, 27.340000000000146
132066, 17237.9550,  3, 257.48, 29.155000000002474
132167, 17248.4800,  1, -187.58, 39.68500000000131
132207, 17252.6450,  3, 244.39, 43.765000000003056
132267, 17258.8950,  2, 24.30,  50
132350, 17281.5550,  1, -168.13, 8.43500000000131
132419, 17288.7400,  3, 288.63, 15.555000000000291
132429, 17289.7850,  3, 282.89, 16.580000000001746
132470, 17294.0550,  3, 299.83, 20.835000000002765
132484, 17295.5150,  3, 284.42, 22.29500000000189
132608, 17308.4300,  3, 267.76, 35.29500000000189
132677, 17315.6150,  3, 150.71, 42.405000000002474
132695, 17317.4900,  3, 268.19, 44.31999999999971
132824, 17343.7900,  3, 313.09, 13.260000000002037
132832, 17344.6250,  3, 333.45, 14.065000000002328
132862, 17347.7500,  3, 284.16, 17.25500000000102
132863, 17347.8550,  3, 305.00, 17.375
132868, 17348.3750,  3, 292.06, 17.81500000000233
132909, 17352.6450,  3, 270.18, 22.104999999999563
132934, 17355.2500,  3, 230.89, 24.68500000000131
132955, 17357.4350,  3, 231.60, 26.889999999999418
133095, 17386.0050,  3, 301.25, 14.469999999997526
133100, 17386.5250,  3, 311.97, 14.93999999999869
133102, 17386.7350,  3, 311.98, 15.119999999998981
133105, 17387.0500,  3, 317.66, 15.5099999999984
133105, 17387.0500,  3, 314.36, 15.5
133147, 17391.4250,  3, 294.03, 19.82499999999709
133172, 17394.0250,  3, 277.94, 22.43000000000029
133325, 17409.9650,  3, 218.91, 38.37999999999738
133442, 17435.1450,  3, 313.90, 12.055000000000291
133453, 17436.2900,  3, 286.25, 13.154999999998836
133455, 17436.5000,  3, 278.61, 13.404999999998836
133521, 17443.3750,  3, 257.92, 20.294999999998254
133551, 17446.5000,  3, 329.28, 23.419999999998254
133579, 17449.4150,  3, 287.25, 26.344999999997526
133749, 17467.1250,  1, -207.75, 44.06499999999869
133761, 17468.3750,  3, 248.10, 45.224999999998545
133887, 17494.3900,  3, 306.73, 12.959999999999127
133890, 17494.7000,  3, 329.40, 13.329999999998108
133891, 17494.8050,  3, 322.81, 13.359999999996944
133926, 17498.4500,  3, 328.12, 17.06499999999869
133934, 17499.2850,  3, 283.80, 17.8949999999968
133945, 17500.4300,  1, -191.30, 19.06499999999869
134009, 17507.0950,  3, 267.51, 25.6449999999968
134198, 17526.7850,  3, 199.27, 45.3849999999984
134323, 17552.7850,  1, -150.40, 12.915000000000873
134329, 17553.4100,  3, 294.14, 13.520000000000437
134344, 17554.9700,  3, 305.67, 15.034999999999854
134345, 17555.0750,  3, 286.53, 15.1150000000016
134372, 17557.8900,  3, 272.86, 17.985000000000582
134410, 17561.8450,  3, 262.94, 21.900000000001455
134454, 17566.4300,  3, 261.93, 26.485000000000582
134512, 17572.4700,  3, 245.28, 32.5
134638, 17598.8050,  3, 314.63, 12.93500000000131
134648, 17599.8450,  3, 293.87, 13.959999999999127
134648, 17599.8450,  3, 273.21, 14.020000000000437
134649, 17599.9500,  3, 306.46, 14.090000000000146
134673, 17602.4500,  3, 298.40, 16.6150000000016
134692, 17604.4300,  3, 312.53, 18.54500000000189
134785, 17614.1150,  3, 253.15, 28.229999999999563
134817, 17617.4500,  3, 275.36, 31.56000000000131
134934, 17642.8050,  3, 322.37, 12.059999999997672
134945, 17643.9500,  3, 318.53, 13.184999999997672
134945, 17643.9500,  3, 321.58, 13.19999999999709
134969, 17646.4500,  3, 282.77, 15.709999999999127
134974, 17646.9700,  3, 298.62, 16.19999999999709
134977, 17647.2850,  3, 277.03, 16.55500000000029
135008, 17650.5150,  3, 301.61, 19.74499999999898
135079, 17657.9100,  3, 273.25, 27.104999999999563
135207, 17684.2200,  3, 302.43, 13.125
135223, 17685.8900,  3, 298.62, 14.81000000000131
135232, 17686.8250,  3, 319.16, 15.81000000000131
135244, 17688.0750,  3, 309.84, 16.979999999999563
135246, 17688.2850,  3, 258.43, 17.284999999999854
135282, 17692.0350,  3, 300.04, 20.950000000000728
135294, 17693.2850,  3, 281.29, 22.275000000001455
135301, 17694.0150,  3, 272.23, 22.915000000000873
135432, 17720.7500,  3, 285.39, 13.49500000000262
135460, 17723.6650,  3, 328.53, 16.44499999999971
135478, 17725.5400,  3, 305.25, 18.299999999999272
135486, 17726.3750,  3, 298.40, 19.06000000000131
135491, 17726.8950,  3, 298.06, 19.584999999999127
135491, 17726.8950,  3, 304.07, 19.584999999999127
135505, 17728.3550,  3, 276.09, 21.100000000002183
135544, 17732.4150,  3, 246.29, 25.165000000000873
135665, 17758.0700,  3, 321.09, 12.459999999999127
135676, 17759.2150,  3, 300.76, 13.545000000001892
135696, 17761.3000,  3, 307.47, 15.630000000001019
135742, 17766.0900,  3, 284.02, 20.479999999999563
135746, 17766.5050,  3, 281.51, 20.885000000002037
135770, 17769.0050,  3, 332.06, 23.36999999999898
135775, 17769.5250,  3, 255.04, 23.900000000001455
135796, 17771.7150,  3, 268.35, 26.11999999999898
135931, 17798.7400,  3, 326.47, 13.944999999999709
135931, 17798.7400,  3, 307.88, 13.93500000000131
135933, 17798.9500,  3, 343.57, 14.1349999999984
135956, 17801.3450,  3, 298.91, 16.549999999999272
135962, 17801.9700,  3, 303.82, 17.150000000001455
135971, 17802.9100,  3, 305.02, 18.084999999999127
136000, 17805.9300,  3, 282.04, 21.05500000000029
136027, 17808.7400,  3, 278.72, 23.924999999999272
136146, 17834.2300,  3, 304.64, 12.194999999999709
136161, 17835.7900,  3, 306.20, 13.794999999998254
136169, 17836.6250,  3, 293.22, 14.674999999999272
136172, 17836.9350,  3, 284.04, 14.954999999998108
136178, 17837.5600,  3, 280.15, 15.609999999996944
136206, 17840.4800,  3, 285.70, 18.465000000000146
136206, 17840.4800,  3, 304.35, 18.484999999996944
136244, 17844.4350,  3, 294.94, 22.419999999998254
136366, 17870.3800,  3, 314.60, 12.534999999999854
136368, 17870.5900,  3, 314.81, 12.789999999997235
136388, 17872.6750,  3, 308.40, 14.799999999999272
136400, 17873.9250,  3, 315.05, 16.049999999999272
136426, 17876.6300,  3, 292.98, 18.82499999999709
136449, 17879.0250,  3, 279.98, 21.18499999999767
136629, 17897.7750,  3, 263.58, 39.93999999999869
136708, 17906.0050,  3, 215.12, 48.12999999999738
136855, 17934.3750,  3, 304.40, 15.204999999998108
136861, 17935.0000,  3, 301.99, 15.764999999999418
136870, 17935.9350,  3, 267.88, 16.68499999999767
136877, 17936.6650,  1, -167.46, 17.5
136911, 17940.2050,  3, 272.64, 20.985000000000582
137006, 17950.1050,  3, 204.12, 30.849999999998545
137089, 17958.7500,  3, 205.84, 39.52000000000044
137189, 17969.1650,  2, -37.09,  50
137320, 17996.0150,  3, 275.00, 13.340000000000146
137322, 17996.2200,  3, 329.94, 13.569999999999709
137322, 17996.2200,  3, 315.86, 13.590000000000146
137335, 17997.5750,  3, 291.03, 14.954999999998108
137336, 17997.6800,  3, 253.81, 15.055000000000291
137345, 17998.6150,  3, 290.17, 15.959999999999127
137356, 17999.7650,  3, 307.17, 17.169999999998254
137364, 18000.5950,  3, 314.15, 17.919999999998254
137482, 18025.9700,  3, 298.94, 12.080000000001746
137505, 18028.3650,  3, 322.97, 14.4900000000016
137513, 18029.2000,  3, 296.30, 15.389999999999418
137547, 18032.7400,  3, 307.86, 18.854999999999563
137568, 18034.9300,  3, 242.54, 21.04500000000189
137804, 18059.5150,  3, 160.48, 45.67000000000189
137845, 18063.7850,  2, -60.64,  50
137845, 18063.7850,  2, -52.88,  50
137975, 18092.0750,  3, 252.54, 13.284999999999854
137985, 18093.1150,  3, 253.78, 14.279999999998836
138016, 18096.3450,  3, 238.62, 17.55999999999767
138072, 18102.1800,  3, 257.46, 23.429999999996653
138076, 18102.5950,  3, 242.90, 23.789999999997235
138090, 18104.0550,  3, 232.99, 25.2699999999968
138111, 18106.2400,  3, 233.56, 27.44999999999709
138120, 18107.1800,  3, 236.42, 28.344999999997526
138236, 18132.1300,  3, 296.44, 11.974999999998545
138242, 18132.7550,  3, 303.74, 12.57499999999709
138247, 18133.2750,  3, 308.35, 13.090000000000146
138256, 18134.2150,  3, 296.93, 14.0
138263, 18134.9450,  3, 336.18, 14.734999999996944
138279, 18136.6100,  3, 287.36, 16.37999999999738
138307, 18139.5250,  3, 286.59, 19.274999999997817
138505, 18160.1500,  3, 231.07, 39.904999999998836
138622, 18185.2300,  3, 312.92, 12.0
138632, 18186.2700,  3, 310.80, 13.104999999999563
138635, 18186.5800,  3, 296.44, 13.424999999999272
138643, 18187.4150,  3, 303.27, 14.2599999999984
138653, 18188.4550,  3, 277.33, 15.305000000000291
138661, 18189.2900,  3, 269.58, 16.095000000001164
138684, 18191.6850,  3, 299.00, 18.479999999999563
138959, 18220.3300,  3, 208.24, 47.099999999998545
139072, 18245.0750,  3, 285.01, 11.569999999999709
139080, 18245.9100,  3, 321.24, 12.465000000000146
139090, 18246.9500,  3, 303.06, 13.479999999999563
139103, 18248.3050,  3, 294.07, 14.830000000001746
139107, 18248.7200,  3, 273.00, 15.299999999999272
139116, 18249.6600,  3, 279.60, 16.215000000000146
139161, 18254.3450,  3, 250.84, 20.93000000000029
139326, 18271.5350,  3, 235.73, 38.099999999998545
139450, 18297.5800,  3, 310.94, 12.764999999999418
139452, 18297.7900,  3, 322.21, 12.919999999998254
139467, 18299.3550,  3, 267.83, 14.520000000000437
139485, 18301.2300,  3, 283.36, 16.3849999999984
139485, 18301.2300,  3, 300.05, 16.375
139486, 18301.3300,  3, 273.87, 16.514999999999418
139494, 18302.1650,  3, 306.80, 17.31000000000131
139508, 18303.6250,  3, 310.22, 18.840000000000146
139620, 18328.5150,  3, 288.87, 11.465000000000146
139624, 18328.9300,  3, 313.07, 11.919999999998254
139629, 18329.4500,  3, 323.72, 12.430000000000291
139645, 18331.1150,  3, 276.69, 14.154999999998836
139689, 18335.7000,  3, 235.70, 18.68000000000029
139711, 18337.9900,  3, 319.56, 20.989999999997963
139894, 18357.0550,  3, 213.17, 40.00500000000102
139989, 18366.9500,  2, -59.95,  50
140096, 18391.3100,  3, 313.70, 10.904999999998836
140104, 18392.1450,  3, 267.71, 11.744999999998981
140122, 18394.0200,  3, 289.01, 13.56000000000131
140127, 18394.5400,  3, 299.26, 14.139999999999418
140135, 18395.3750,  3, 301.20, 14.974999999998545
140140, 18395.8950,  3, 274.21, 15.419999999998254
140201, 18402.2500,  3, 261.88, 21.784999999999854
140265, 18408.9150,  3, 238.85, 28.50500000000102
140375, 18433.3100,  3, 286.26, 11.32499999999709
140379, 18433.7300,  3, 320.75, 11.764999999999418
140386, 18434.4550,  3, 295.91, 12.489999999997963
140388, 18434.6650,  3, 274.58, 12.639999999999418
140420, 18438.0000,  3, 305.22, 15.944999999999709
140423, 18438.3100,  3, 311.59, 16.344999999997526
140628, 18459.6650,  3, 223.84, 37.63999999999942
140662, 18463.2050,  3, 222.54, 41.22999999999956
140781, 18489.7500,  3, 293.95, 12.260000000002037
140787, 18490.3750,  3, 280.72, 12.850000000002183
140789, 18490.5800,  3, 302.37, 13.020000000000437
140790, 18490.6850,  3, 290.97, 13.130000000001019
140797, 18491.4150,  3, 289.59, 13.860000000000582
140802, 18491.9350,  3, 307.61, 14.415000000000873
140806, 18492.3550,  3, 317.57, 14.795000000001892
140810, 18492.7700,  3, 326.50, 15.209999999999127
140933, 18518.5200,  3, 320.49, 12.6150000000016
140937, 18518.9350,  3, 321.35, 13.110000000000582
140940, 18519.2500,  3, 288.81, 13.360000000000582
140953, 18520.6050,  3, 310.74, 14.775000000001455
140962, 18521.5400,  3, 324.71, 15.67500000000291
140971, 18522.4800,  3, 308.32, 16.56000000000131
141145, 18540.6050,  3, 193.56, 34.70000000000073
141292, 18555.9150,  2, -80.04,  50
141405, 18580.9150,  3, 313.44, 11.534999999999854
141409, 18581.3300,  3, 325.53, 11.895000000000437
141410, 18581.4350,  3, 295.39, 11.985000000000582
141413, 18581.7500,  3, 303.72, 12.334999999999127
141420, 18582.4800,  3, 319.95, 13.110000000000582
141420, 18582.4800,  3, 334.86, 13.055000000000291
141426, 18583.1050,  3, 310.93, 13.709999999999127
141470, 18587.6850,  3, 303.78, 18.25500000000102
141583, 18612.4350,  1, -158.33, 11.665000000000873
141586, 18612.7500,  3, 293.92, 11.899999999997817
141599, 18614.1050,  3, 313.38, 13.284999999999854
141602, 18614.4150,  3, 312.93, 13.614999999997963
141605, 18614.7300,  3, 304.97, 13.915000000000873
141618, 18616.0800,  3, 322.73, 15.25
141646, 18619.0000,  3, 304.99, 18.220000000001164
141729, 18627.6450,  3, 256.17, 26.86999999999898
141839, 18653.2300,  3, 338.61, 11.270000000000437
141845, 18653.8550,  3, 276.40, 11.895000000000437
141849, 18654.2700,  3, 330.65, 12.375
141850, 18654.3750,  3, 303.05, 12.494999999998981
141859, 18655.3100,  3, 312.20, 13.404999999998836
141860, 18655.4150,  3, 310.45, 13.534999999999854
141868, 18656.2500,  3, 298.42, 14.284999999999854
141873, 18656.7700,  3, 308.55, 14.869999999998981
141987, 18682.5800,  3, 302.76, 11.69999999999709
141998, 18683.7300,  3, 304.73, 12.834999999999127
142000, 18683.9350,  3, 313.65, 13.104999999999563
142001, 18684.0400,  3, 293.33, 13.180000000000291
142002, 18684.1450,  3, 328.03, 13.274999999997817
142005, 18684.4550,  3, 293.84, 13.549999999999272
142006, 18684.5600,  3, 323.45, 13.69999999999709
142077, 18691.9550,  3, 276.88, 21.11999999999898
142190, 18716.8300,  3, 335.55, 11.610000000000582
142200, 18717.8750,  3, 331.28, 12.619999999998981
142205, 18718.3950,  3, 312.61, 13.219999999997526
142218, 18719.7500,  3, 291.73, 14.549999999999272
142229, 18720.8950,  3, 286.26, 15.684999999997672
142244, 18722.4550,  3, 292.88, 17.2599999999984
142251, 18723.1850,  3, 323.41, 18.00499999999738
142260, 18724.1250,  3, 281.91, 18.895000000000437
142378, 18749.4450,  3, 306.14, 12.149999999997817
142382, 18749.8600,  3, 319.94, 12.539999999997235
142385, 18750.1750,  3, 336.67, 12.860000000000582
142397, 18751.4250,  3, 298.71, 14.104999999999563
142398, 18751.5250,  3, 313.88, 14.264999999999418
142402, 18751.9450,  3, 315.20, 14.654999999998836
142404, 18752.1500,  3, 298.12, 14.854999999999563
142407, 18752.4650,  3, 306.36, 15.194999999999709
142526, 18778.0150,  3, 349.20, 12.260000000002037
142528, 18778.2200,  3, 341.36, 12.450000000000728
142543, 18779.7850,  3, 327.71, 13.955000000001746
142547, 18780.2000,  3, 320.41, 14.405000000002474
142557, 18781.2400,  3, 293.20, 15.485000000000582
142564, 18781.9700,  3, 295.16, 16.2300000000032
142566, 18782.1800,  3, 308.05, 16.390000000003056
142576, 18783.2200,  3, 306.36, 17.395000000000437
142683, 18807.3950,  3, 309.22, 10.955000000001746
142689, 18808.0200,  3, 337.39, 11.604999999999563
142696, 18808.7500,  3, 318.49, 12.31000000000131
142704, 18809.5800,  3, 336.17, 13.159999999999854
142704, 18809.5800,  3, 333.06, 13.150000000001455
142713, 18810.5200,  3, 308.73, 14.069999999999709
142732, 18812.5000,  3, 311.90, 16.04500000000189
142734, 18812.7050,  3, 316.23, 16.299999999999272
142843, 18837.8100,  3, 328.65, 11.19999999999709
142858, 18839.3750,  3, 314.54, 12.794999999998254
142862, 18839.7900,  3, 341.92, 13.215000000000146
142862, 18839.7900,  3, 321.96, 13.154999999998836
142878, 18841.4550,  3, 326.83, 14.81499999999869
142901, 18843.8550,  3, 271.75, 17.18999999999869
142911, 18844.8950,  3, 289.04, 18.32499999999709
142929, 18846.7700,  3, 308.46, 20.18499999999767
143037, 18871.1300,  3, 339.00, 11.125
143040, 18871.4450,  3, 291.27, 11.424999999999272
143053, 18872.8000,  3, 301.32, 12.709999999999127
143056, 18873.1100,  3, 330.57, 13.020000000000437
143060, 18873.5250,  3, 294.81, 13.444999999999709
143062, 18873.7350,  3, 320.84, 13.674999999999272
143071, 18874.6750,  3, 284.29, 14.599999999998545
143071, 18874.6750,  3, 311.23, 14.674999999999272
143204, 18901.7150,  3, 295.80, 13.744999999998981
143212, 18902.5500,  3, 305.18, 14.579999999998108
143215, 18902.8600,  3, 317.52, 14.860000000000582
143225, 18903.9000,  3, 262.53, 15.845000000001164
143226, 18904.0050,  3, 302.11, 15.944999999999709
143236, 18905.0500,  3, 332.52, 16.985000000000582
143258, 18907.3400,  3, 272.24, 19.325000000000728
143278, 18909.4250,  3, 253.17, 21.38000000000102
143396, 18934.9650,  3, 297.18, 12.12999999999738
143406, 18936.0050,  3, 323.28, 13.1349999999984
143412, 18936.6300,  3, 305.15, 13.805000000000291
143412, 18936.6300,  3, 328.65, 13.81499999999869
143436, 18939.1300,  3, 295.22, 16.289999999997235
143448, 18940.3800,  3, 260.88, 17.594999999997526
143457, 18941.3200,  3, 314.74, 18.459999999999127
143473, 18942.9850,  3, 283.35, 20.19499999999971
143588, 18968.0500,  3, 337.21, 11.780000000002474
143591, 18968.3600,  3, 320.63, 12.130000000001019
143593, 18968.5700,  3, 305.86, 12.330000000001746
143594, 18968.6750,  3, 309.64, 12.409999999999854
143597, 18968.9850,  3, 276.88, 12.705000000001746
143649, 18974.4000,  3, 305.69, 18.220000000001164
143657, 18975.2350,  3, 277.90, 19.04500000000189
143670, 18976.5900,  3, 249.73, 20.31500000000233
143788, 19001.9500,  3, 326.53, 12.104999999999563
143791, 19002.2650,  3, 318.04, 12.444999999999709
143794, 19002.5750,  3, 327.48, 12.735000000000582
143794, 19002.5750,  3, 309.66, 12.709999999999127
143835, 19006.8450,  3, 262.67, 17.00500000000102
143837, 19007.0550,  3, 244.02, 17.209999999999127
143841, 19007.4700,  3, 265.25, 17.61999999999898
143856, 19009.0350,  3, 274.03, 19.24499999999898
143949, 19031.9700,  1, -159.60, 9.580000000001746
143965, 19033.6400,  3, 311.72, 11.154999999998836
143972, 19034.3650,  3, 276.48, 11.920000000001892
143977, 19034.8900,  3, 291.47, 12.430000000000291
143987, 19035.9300,  3, 300.24, 13.5
143990, 19036.2400,  3, 261.20, 13.825000000000728
143998, 19037.0750,  3, 320.30, 14.584999999999127
144005, 19037.8050,  3, 278.11, 15.404999999998836
144127, 19063.4300,  1, -176.34, 12.604999999999563
144131, 19063.8450,  3, 317.09, 12.919999999998254
144133, 19064.0550,  3, 304.18, 13.165000000000873
144141, 19064.8900,  3, 300.12, 14.0
144157, 19066.5550,  3, 259.34, 15.630000000001019
144165, 19067.3900,  3, 250.44, 16.485000000000582
144182, 19069.1600,  3, 270.63, 18.290000000000873
144200, 19071.0350,  1, -182.84, 20.209999999999127
144310, 19095.6650,  3, 309.79, 11.305000000000291
144318, 19096.5000,  3, 298.33, 12.110000000000582
144321, 19096.8100,  3, 294.93, 12.405000000002474
144329, 19097.6450,  3, 282.02, 13.225000000002183
144348, 19099.6250,  3, 272.07, 15.229999999999563
144366, 19101.5000,  3, 251.11, 17.085000000002765
144393, 19104.3100,  3, 292.06, 19.915000000000873
144403, 19105.3550,  3, 207.77, 20.950000000000728
144516, 19130.2200,  3, 334.36, 11.6349999999984
144520, 19130.6400,  3, 321.12, 12.044999999998254
144532, 19131.8900,  3, 289.14, 13.244999999998981
144537, 19132.4100,  3, 318.45, 13.770000000000437
144540, 19132.7200,  3, 320.38, 14.075000000000728
144540, 19132.7200,  3, 265.57, 14.159999999999854
144567, 19135.5350,  3, 279.82, 16.924999999999272
144576, 19136.4700,  3, 267.86, 17.860000000000582
144700, 19162.2300,  3, 283.97, 12.765000000003056
144705, 19162.7500,  3, 304.11, 13.305000000000291
144706, 19162.8550,  3, 324.84, 13.3650000000016
144707, 19162.9550,  3, 283.36, 13.510000000002037
144710, 19163.2700,  3, 287.34, 13.80000000000291
144737, 19166.0800,  3, 275.18, 16.63000000000102
144739, 19166.2900,  3, 262.97, 16.790000000000873
144746, 19167.0200,  3, 279.26, 17.5
144865, 19193.4250,  3, 305.14, 12.289999999997235
144872, 19194.1500,  3, 316.14, 12.989999999997963
144873, 19194.2550,  3, 278.48, 13.090000000000146
144876, 19194.5700,  3, 335.61, 13.37999999999738
144876, 19194.5700,  3, 287.99, 13.369999999998981
144881, 19195.0900,  3, 299.86, 13.934999999997672
144883, 19195.3000,  3, 294.04, 14.084999999999127
144897, 19196.7550,  3, 276.44, 15.610000000000582
145004, 19221.0200,  3, 312.96, 10.93999999999869
145006, 19221.2300,  3, 318.98, 11.2400000000016
145015, 19222.1650,  3, 315.00, 12.110000000000582
145017, 19222.3750,  3, 323.18, 12.325000000000728
145022, 19222.8950,  3, 333.73, 12.904999999998836
145024, 19223.1050,  3, 319.47, 13.055000000000291
145044, 19225.1850,  3, 297.41, 15.139999999999418
145055, 19226.3300,  3, 257.20, 16.25500000000102
145161, 19250.3550,  3, 327.74, 10.904999999998836
145178, 19252.1250,  3, 322.66, 12.654999999998836
145186, 19252.9550,  3, 306.68, 13.465000000000146
145186, 19252.9550,  3, 324.21, 13.524999999997817
145190, 19253.3750,  3, 319.08, 13.919999999998254
145196, 19254.0000,  3, 282.03, 14.520000000000437
145204, 19254.8300,  3, 314.01, 15.364999999997963
145223, 19256.8100,  3, 282.23, 17.36999999999898
145333, 19281.3200,  3, 303.01, 11.255000000001019
145339, 19281.9450,  3, 317.60, 11.944999999999709
145356, 19283.7150,  3, 307.07, 13.68999999999869
145358, 19283.9250,  3, 288.23, 13.924999999999272
145364, 19284.5500,  3, 290.06, 14.575000000000728
145370, 19285.1750,  3, 278.17, 15.1150000000016
145380, 19286.2150,  3, 293.51, 16.220000000001164
145393, 19287.5700,  3, 276.64, 17.56499999999869
145507, 19312.5500,  3, 311.51, 11.760000000002037
145523, 19314.2150,  3, 314.57, 13.405000000002474
145525, 19314.4250,  3, 318.94, 13.604999999999563
145534, 19315.3600,  3, 326.59, 14.540000000000873
145535, 19315.4650,  3, 300.71, 14.650000000001455
145540, 19315.9850,  3, 285.97, 15.159999999999854
145563, 19318.3800,  3, 296.66, 17.540000000000873
145565, 19318.5900,  3, 276.26, 17.760000000002037
145686, 19344.2750,  3, 300.33, 12.404999999998836
145697, 19345.4250,  3, 282.84, 13.549999999999272
145699, 19345.6300,  3, 286.22, 13.789999999997235
145705, 19346.2550,  3, 300.08, 14.414999999997235
145710, 19346.7750,  3, 306.99, 14.989999999997963
145714, 19347.1950,  3, 324.33, 15.364999999997963
145725, 19348.3400,  3, 256.54, 16.49499999999898
145737, 19349.5900,  3, 316.71, 17.789999999997235
145843, 19373.6850,  3, 301.25, 10.909999999999854
145850, 19374.4150,  3, 296.77, 11.610000000000582
145853, 19374.7300,  3, 314.45, 11.900000000001455
145863, 19375.7700,  3, 287.24, 13.014999999999418
145866, 19376.0800,  3, 297.06, 13.255000000001019
145871, 19376.6050,  3, 318.53, 13.830000000001746
145881, 19377.6450,  3, 315.67, 14.880000000001019
145910, 19380.6650,  3, 288.26, 17.840000000000146
146029, 19405.9100,  3, 323.68, 12.209999999999127
146031, 19406.1150,  3, 312.17, 12.44999999999709
146043, 19407.3650,  3, 292.54, 13.704999999998108
146066, 19409.7650,  3, 299.81, 16.139999999999418
146071, 19410.2850,  3, 290.51, 16.57999999999811
146087, 19411.9500,  3, 273.95, 18.264999999999418
146099, 19413.2000,  3, 278.58, 19.479999999999563
146106, 19413.9300,  3, 295.44, 20.234999999996944
146224, 19439.1150,  3, 313.58, 12.145000000000437
146224, 19439.1150,  3, 284.61, 12.180000000000291
146230, 19439.7400,  3, 329.91, 12.784999999999854
146232, 19439.9500,  3, 345.08, 12.974999999998545
146233, 19440.0550,  3, 314.67, 13.084999999999127
146245, 19441.3050,  3, 320.51, 14.340000000000146
146250, 19441.8250,  3, 283.55, 14.854999999999563
146276, 19444.5350,  3, 306.21, 17.599999999998545
146394, 19469.8050,  3, 338.91, 12.144999999996799
146401, 19470.5350,  3, 326.29, 12.909999999999854
146403, 19470.7400,  3, 325.58, 13.090000000000146
146411, 19471.5750,  3, 296.85, 13.944999999999709
146414, 19471.8900,  3, 331.30, 14.269999999996799
146418, 19472.3050,  3, 310.81, 14.614999999997963
146432, 19473.7650,  3, 292.32, 16.090000000000146
146436, 19474.1800,  3, 320.43, 16.55999999999767
146550, 19498.9350,  3, 303.48, 11.725000000002183
146551, 19499.0400,  3, 294.32, 11.785000000003492
146554, 19499.3550,  3, 303.49, 12.080000000001746
146555, 19499.4550,  3, 280.14, 12.260000000002037
146555, 19499.4550,  3, 277.86, 12.195000000003347
146580, 19502.0600,  3, 322.28, 14.855000000003201
146599, 19504.0400,  3, 317.39, 16.780000000002474
146628, 19507.0600,  3, 254.51, 19.88000000000102
146736, 19531.5200,  3, 312.79, 11.044999999998254
146745, 19532.4550,  3, 294.47, 12.005000000001019
146753, 19533.2900,  3, 282.97, 12.904999999998836
146754, 19533.3950,  3, 273.82, 12.965000000000146
146759, 19533.9150,  3, 255.46, 13.534999999999854
146761, 19534.1250,  3, 299.56, 13.735000000000582
146774, 19535.4800,  3, 309.11, 15.080000000001746
146790, 19537.1450,  3, 293.39, 16.68500000000131
146901, 19562.7350,  3, 320.67, 11.389999999999418
146905, 19563.1500,  3, 290.68, 11.859999999996944
146917, 19564.4000,  3, 263.37, 13.084999999999127
146922, 19564.9250,  3, 290.20, 13.544999999998254
146925, 19565.2350,  3, 277.92, 13.869999999998981
146937, 19566.4850,  3, 299.83, 15.12999999999738
146940, 19566.8000,  3, 271.44, 15.424999999999272
146977, 19570.6500,  3, 244.66, 19.274999999997817
147094, 19596.0700,  3, 294.42, 12.06499999999869
147094, 19596.0700,  1, -170.99, 12.084999999999127
147105, 19597.2150,  3, 300.51, 13.139999999999418
147105, 19597.2150,  3, 322.19, 13.18999999999869
147109, 19597.6300,  3, 290.59, 13.610000000000582
147109, 19597.6300,  3, 290.44, 13.599999999998545
147110, 19597.7350,  3, 328.81, 13.680000000000291
147111, 19597.8400,  3, 307.04, 13.770000000000437
147214, 19621.9150,  3, 290.81, 10.619999999998981
147219, 19622.4350,  3, 297.14, 11.099999999998545
147222, 19622.7500,  3, 315.90, 11.375
147230, 19623.5800,  3, 283.68, 12.209999999999127
147232, 19623.7900,  3, 305.80, 12.419999999998254
147246, 19625.2500,  3, 307.49, 13.8849999999984
147250, 19625.6650,  3, 315.35, 14.274999999997817
147251, 19625.7700,  3, 311.07, 14.37999999999738
147383, 19652.6250,  3, 258.86, 13.635000000002037
147386, 19652.9350,  3, 266.38, 13.869999999998981
147386, 19652.9350,  3, 300.87, 13.880000000001019
147391, 19653.4550,  3, 273.41, 14.444999999999709
147394, 19653.7700,  3, 266.27, 14.735000000000582
147396, 19653.9800,  3, 328.09, 14.985000000000582
147405, 19654.9150,  3, 282.46, 15.924999999999272
147416, 19656.0600,  3, 272.00, 16.985000000000582
147532, 19681.3600,  3, 303.71, 11.965000000000146
147535, 19681.6750,  3, 317.14, 12.25499999999738
147535, 19681.6750,  3, 306.69, 12.18999999999869
147545, 19682.7150,  3, 300.09, 13.274999999997817
147548, 19683.0250,  3, 294.40, 13.639999999999418
147555, 19683.7550,  3, 298.13, 14.369999999998981
147555, 19683.7550,  3, 304.68, 14.279999999998836
147574, 19685.7350,  3, 241.94, 16.344999999997526
147690, 19711.7300,  3, 316.66, 11.93500000000131
147694, 19712.1450,  3, 329.88, 12.31499999999869
147696, 19712.3550,  3, 288.34, 12.505000000001019
147696, 19712.3550,  3, 318.33, 12.56000000000131
147708, 19713.6050,  3, 308.49, 13.840000000000146
147708, 19713.6050,  3, 292.94, 13.830000000001746
147724, 19715.2700,  3, 308.93, 15.459999999999127
147730, 19715.8950,  3, 268.81, 16.06000000000131
147844, 19741.4850,  3, 316.43, 11.669999999998254
147848, 19741.9000,  3, 327.76, 12.174999999999272
147850, 19742.1100,  3, 297.17, 12.290000000000873
147857, 19742.8400,  3, 291.25, 13.069999999999709
147858, 19742.9450,  3, 306.52, 13.150000000001455
147862, 19743.3600,  3, 320.97, 13.639999999999418
147863, 19743.4650,  3, 331.41, 13.7400000000016
147878, 19745.0250,  3, 305.85, 15.220000000001164
147986, 19770.3200,  3, 301.87, 11.135000000002037
147988, 19770.5250,  3, 326.94, 11.345000000001164
147990, 19770.7350,  3, 277.06, 11.545000000001892
147993, 19771.0500,  3, 338.67, 11.795000000001892
148003, 19772.0900,  3, 290.59, 12.860000000000582
148013, 19773.1300,  3, 270.53, 13.854999999999563
148031, 19775.0050,  3, 325.23, 15.799999999999272
148034, 19775.3200,  3, 291.50, 16.06000000000131
148139, 19799.2900,  3, 341.33, 10.809999999997672
148151, 19800.5400,  3, 325.09, 12.07499999999709
148151, 19800.5400,  3, 326.33, 12.034999999999854
148153, 19800.7500,  3, 314.25, 12.244999999998981
148167, 19802.2050,  3, 287.77, 13.669999999998254
148181, 19803.6650,  3, 278.40, 15.104999999999563
148181, 19803.6650,  3, 269.87, 15.154999999998836
148191, 19804.7050,  3, 288.34, 16.19499999999971
148303, 19829.1300,  3, 337.87, 11.555000000000291
148315, 19830.3800,  3, 275.82, 12.729999999999563
148316, 19830.4850,  3, 329.52, 12.889999999999418
148318, 19830.6950,  3, 340.09, 13.099999999998545
148327, 19831.6300,  3, 321.03, 14.005000000001019
148336, 19832.5700,  3, 326.30, 14.900000000001455
148343, 19833.3000,  3, 290.98, 15.670000000001892
148358, 19834.8600,  3, 298.28, 17.279999999998836
148469, 19859.6250,  3, 346.72, 11.430000000000291
148471, 19859.8300,  3, 322.36, 11.654999999998836
148477, 19860.4550,  3, 323.33, 12.215000000000146
148480, 19860.7700,  3, 269.20, 12.544999999998254
148484, 19861.1850,  3, 292.97, 12.930000000000291
148494, 19862.2300,  3, 336.99, 14.020000000000437
148496, 19862.4350,  3, 294.01, 14.169999999998254
148496, 19862.4350,  3, 332.33, 14.169999999998254
148614, 19888.7300,  3, 308.36, 12.090000000000146
148616, 19888.9350,  3, 277.71, 12.334999999999127
148617, 19889.0400,  3, 317.40, 12.399999999997817
148626, 19889.9800,  3, 297.32, 13.404999999998836
148631, 19890.5000,  3, 281.40, 13.854999999999563
148638, 19891.2300,  3, 298.81, 14.669999999998254
148660, 19893.5200,  3, 278.40, 16.965000000000146
148843, 19912.5800,  3, 259.01, 36.0099999999984
148960, 19937.8750,  3, 292.04, 12.034999999999854
148962, 19938.0800,  3, 290.82, 12.235000000000582
148966, 19938.5000,  3, 301.29, 12.674999999999272
148970, 19938.9150,  3, 303.66, 13.090000000000146
148971, 19939.0200,  3, 322.95, 13.149999999997817
148973, 19939.2300,  3, 287.31, 13.37999999999738
148975, 19939.4350,  3, 307.75, 13.549999999999272
148993, 19941.3100,  3, 276.81, 15.444999999999709
149102, 19965.8300,  3, 297.29, 11.149999999997817
149106, 19966.2500,  3, 289.25, 11.664999999997235
149111, 19966.7700,  3, 303.16, 12.144999999996799
149114, 19967.0800,  3, 298.88, 12.479999999999563
149114, 19967.0800,  3, 295.29, 12.474999999998545
149116, 19967.2900,  3, 284.83, 12.69999999999709
149119, 19967.6050,  3, 260.65, 12.954999999998108
149120, 19967.7050,  3, 310.84, 13.059999999997672
149232, 19993.3750,  3, 302.18, 11.460000000002765
149240, 19994.2050,  3, 289.86, 12.350000000002183
149241, 19994.3100,  3, 308.16, 12.409999999999854
149242, 19994.4150,  3, 308.43, 12.55000000000291
149243, 19994.5200,  3, 314.03, 12.694999999999709
149253, 19995.5600,  3, 305.12, 13.735000000000582
149257, 19995.9800,  3, 287.04, 14.085000000002765
149266, 19996.9150,  3, 312.11, 15.010000000002037
149371, 20021.5700,  3, 308.82, 10.770000000000437
149371, 20021.5700,  3, 290.16, 10.819999999999709
149372, 20021.6750,  3, 288.54, 10.840000000000146
149394, 20023.9650,  3, 300.84, 13.125
149396, 20024.1750,  3, 272.63, 13.340000000000146
149405, 20025.1100,  3, 246.68, 14.270000000000437
149457, 20030.5250,  3, 310.45, 19.784999999999854
149490, 20033.9650,  1, -163.89, 23.229999999999563
149600, 20058.6300,  3, 301.53, 11.165000000000873
149622, 20060.9250,  3, 316.12, 13.510000000002037
149624, 20061.1300,  3, 329.84, 13.650000000001455
149651, 20063.9450,  3, 267.48, 16.54500000000189
149705, 20069.5700,  3, 232.10, 22.085000000002765
149707, 20069.7750,  3, 264.96, 22.335000000002765
149731, 20072.2750,  3, 252.51, 24.8650000000016
149756, 20074.8800,  3, 254.11, 27.475000000002183
149869, 20100.4250,  3, 315.11, 11.640000000003056
149870, 20100.5250,  3, 347.53, 11.700000000000728
149880, 20101.5700,  3, 288.18, 12.755000000001019
149882, 20101.7750,  3, 320.95, 12.945000000003347
149887, 20102.3000,  3, 325.50, 13.475000000002183
149900, 20103.6500,  3, 317.68, 14.795000000001892
149905, 20104.1750,  3, 306.53, 15.350000000002183
149925, 20106.2550,  3, 323.28, 17.4900000000016
150033, 20130.7350,  3, 302.46, 11.1150000000016
150035, 20130.9450,  3, 324.60, 11.294999999998254
150037, 20131.1500,  3, 311.46, 11.465000000000146
150045, 20131.9850,  3, 312.13, 12.319999999999709
150047, 20132.1950,  3, 331.48, 12.590000000000146
150052, 20132.7150,  3, 316.40, 13.049999999999272
150059, 20133.4450,  3, 313.00, 13.81000000000131
150076, 20135.2150,  3, 287.86, 15.599999999998545
150194, 20161.3600,  3, 314.13, 12.155000000002474
150194, 20161.3600,  3, 334.24, 12.174999999999272
150207, 20162.7150,  3, 289.32, 13.534999999999854
150208, 20162.8200,  3, 294.58, 13.630000000001019
150216, 20163.6500,  3, 300.97, 14.459999999999127
150217, 20163.7550,  3, 314.08, 14.545000000001892
150223, 20164.3800,  3, 316.38, 15.155000000002474
150223, 20164.3800,  3, 275.50, 15.145000000000437
150338, 20189.2700,  3, 324.11, 11.854999999999563
150350, 20190.5200,  3, 292.86, 13.034999999999854
150351, 20190.6250,  3, 295.61, 13.209999999999127
150353, 20190.8300,  3, 300.11, 13.430000000000291
150354, 20190.9350,  3, 317.41, 13.5099999999984
150359, 20191.4550,  3, 295.29, 14.0099999999984
150361, 20191.6650,  3, 304.32, 14.180000000000291
150370, 20192.6050,  3, 300.63, 15.154999999998836
150473, 20216.3000,  3, 339.86, 10.590000000000146
150477, 20216.7150,  3, 333.75, 10.985000000000582
150479, 20216.9250,  3, 255.33, 11.205000000001746
150483, 20217.3400,  3, 313.27, 11.6150000000016
150487, 20217.7550,  3, 296.88, 11.979999999999563
150495, 20218.5900,  3, 272.10, 12.819999999999709
150497, 20218.8000,  3, 305.75, 13.119999999998981
150535, 20222.7550,  3, 275.35, 17.06999999999971
150648, 20247.4350,  3, 320.60, 11.645000000000437
150652, 20247.8550,  3, 292.07, 11.985000000000582
150652, 20247.8550,  3, 310.23, 12.034999999999854
150666, 20249.3100,  3, 278.98, 13.43999999999869
150667, 20249.4150,  3, 306.74, 13.569999999999709
150675, 20250.2500,  3, 291.81, 14.459999999999127
150675, 20250.2500,  3, 286.92, 14.450000000000728
150679, 20250.6650,  3, 315.76, 14.81499999999869
150792, 20275.6400,  3, 327.44, 11.639999999999418
150793, 20275.7400,  3, 289.99, 11.680000000000291
150802, 20276.6800,  3, 265.04, 12.639999999999418
150804, 20276.8900,  3, 326.37, 12.819999999999709
150809, 20277.4100,  3, 308.72, 13.3849999999984
150809, 20277.4100,  3, 282.90, 13.354999999999563
150810, 20277.5150,  3, 329.34, 13.485000000000582
150813, 20277.8250,  3, 342.06, 13.834999999999127
150942, 20304.4100,  3, 315.65, 13.279999999998836
150942, 20304.4100,  3, 286.90, 13.290000000000873
150946, 20304.8250,  3, 324.35, 13.654999999998836
150948, 20305.0350,  3, 286.04, 13.934999999997672
150956, 20305.8650,  3, 295.82, 14.75
150986, 20308.9900,  3, 302.50, 17.889999999999418
150991, 20309.5150,  3, 287.81, 18.43499999999767
151059, 20316.5950,  3, 273.33, 25.44499999999971
151166, 20340.8250,  3, 340.77, 11.025000000001455
151167, 20340.9300,  3, 314.74, 11.045000000001892
151170, 20341.2400,  3, 336.88, 11.43500000000131
151181, 20342.3900,  3, 302.58, 12.525000000001455
151182, 20342.4900,  3, 290.48, 12.659999999999854
151185, 20342.8050,  3, 300.38, 12.970000000001164
151185, 20342.8050,  3, 306.49, 12.979999999999563
151216, 20346.0350,  3, 294.09, 16.18000000000029
151326, 20370.7050,  3, 331.53, 11.255000000001019
151333, 20371.4350,  3, 298.44, 12.034999999999854
151335, 20371.6450,  3, 309.47, 12.284999999999854
151338, 20371.9550,  3, 322.92, 12.555000000000291
151341, 20372.2700,  3, 320.12, 12.845000000001164
151347, 20372.8950,  3, 304.89, 13.450000000000728
151360, 20374.2500,  3, 289.06, 14.799999999999272
151373, 20375.6050,  3, 295.27, 16.154999999998836
151490, 20400.6600,  3, 319.39, 12.049999999999272
151491, 20400.7650,  3, 304.71, 12.154999999998836
151491, 20400.7650,  3, 317.35, 12.110000000000582
151492, 20400.8650,  3, 300.30, 12.244999999998981
151494, 20401.0750,  3, 328.89, 12.415000000000873
151499, 20401.5950,  3, 308.61, 12.974999999998545
151501, 20401.8050,  3, 333.02, 13.209999999999127
151506, 20402.3250,  3, 310.67, 13.729999999999563
151617, 20427.8200,  3, 301.56, 11.409999999999854
151618, 20427.9250,  3, 318.53, 11.534999999999854
151631, 20429.2750,  3, 312.16, 12.834999999999127
151632, 20429.3800,  3, 330.09, 12.919999999998254
151641, 20430.3200,  3, 298.51, 13.869999999998981
151654, 20431.6750,  3, 259.33, 15.294999999998254
151664, 20432.7150,  3, 277.86, 16.334999999999127
151759, 20442.6100,  3, 221.69, 26.18499999999767
151847, 20464.9800,  1, -164.40, 9.06000000000131
151873, 20467.6850,  3, 323.58, 11.68500000000131
151882, 20468.6250,  3, 304.18, 12.640000000003056
151889, 20469.3550,  3, 290.03, 13.330000000001746
151889, 20469.3550,  3, 319.56, 13.360000000000582
151899, 20470.3950,  3, 303.17, 14.405000000002474
151900, 20470.5000,  3, 296.26, 14.545000000001892
151976, 20478.4150,  3, 298.70, 22.445000000003347
152092, 20503.6450,  3, 353.09, 11.924999999999272
152093, 20503.7500,  3, 325.16, 12.079999999998108
152096, 20504.0600,  3, 307.97, 12.344999999997526
152102, 20504.6850,  3, 297.28, 12.944999999999709
152109, 20505.4150,  3, 316.87, 13.665000000000873
152115, 20506.0400,  3, 322.17, 14.369999999998981
152115, 20506.0400,  3, 284.58, 14.319999999999709
152117, 20506.2500,  3, 289.42, 14.579999999998108
152226, 20531.5700,  3, 325.31, 11.194999999999709
152229, 20531.8800,  3, 347.35, 11.485000000000582
152230, 20531.9850,  3, 305.24, 11.635000000002037
152233, 20532.3000,  3, 332.68, 11.924999999999272
152238, 20532.8200,  3, 296.70, 12.485000000000582
152240, 20533.0250,  3, 298.71, 12.670000000001892
152241, 20533.1300,  3, 302.25, 12.805000000000291
152253, 20534.3800,  3, 316.43, 14.040000000000873
152360, 20558.4000,  3, 351.79, 10.979999999999563
152365, 20558.9250,  3, 315.00, 11.470000000001164
152368, 20559.2350,  3, 318.15, 11.805000000000291
152370, 20559.4450,  3, 292.46, 12.044999999998254
152373, 20559.7550,  3, 335.03, 12.334999999999127
152386, 20561.1100,  3, 287.17, 13.700000000000728
152388, 20561.3200,  3, 319.39, 13.889999999999418
152427, 20565.3800,  3, 272.19, 18.0099999999984
152534, 20589.3650,  3, 314.59, 11.020000000000437
152543, 20590.3050,  3, 333.96, 11.924999999999272
152553, 20591.3450,  3, 313.47, 12.954999999998108
152557, 20591.7650,  3, 303.90, 13.3849999999984
152559, 20591.9700,  3, 294.19, 13.559999999997672
152563, 20592.3900,  3, 301.65, 13.969999999997526
152564, 20592.4900,  3, 276.62, 14.159999999999854
152599, 20596.1400,  3, 300.24, 17.709999999999127
152701, 20619.6500,  3, 324.36, 10.450000000000728
152707, 20620.2750,  3, 307.27, 11.1150000000016
152710, 20620.5900,  3, 300.65, 11.445000000003347
152716, 20621.2150,  3, 302.79, 12.034999999999854
152721, 20621.7350,  3, 311.71, 12.580000000001746
152721, 20621.7350,  3, 274.35, 12.545000000001892
152731, 20622.7750,  3, 338.80, 13.580000000001746
152755, 20625.2750,  3, 309.22, 16.1050000000032
152867, 20650.7150,  3, 300.19, 11.519999999996799
152873, 20651.3400,  3, 275.82, 12.174999999999272
152874, 20651.4450,  3, 325.36, 12.204999999998108
152878, 20651.8600,  3, 309.93, 12.659999999999854
152885, 20652.5900,  3, 335.02, 13.389999999999418
152889, 20653.0050,  3, 310.23, 13.799999999999272
152909, 20655.0900,  3, 285.91, 15.869999999998981
152973, 20661.7550,  3, 284.13, 22.524999999997817
153084, 20686.3550,  3, 305.12, 11.444999999999709
153089, 20686.8750,  3, 300.63, 11.950000000000728
153091, 20687.0800,  3, 295.63, 12.149999999997817
153092, 20687.1850,  3, 312.61, 12.239999999997963
153096, 20687.6050,  3, 320.49, 12.614999999997963
153098, 20687.8100,  3, 308.35, 12.845000000001164
153107, 20688.7500,  3, 312.42, 13.755000000001019
153112, 20689.2700,  3, 329.55, 14.334999999999127
153224, 20714.0900,  3, 294.99, 11.534999999999854
153229, 20714.6100,  3, 307.54, 12.065000000002328
153232, 20714.9250,  3, 326.90, 12.295000000001892
153234, 20715.1300,  3, 319.97, 12.510000000002037
153235, 20715.2350,  3, 299.14, 12.665000000000873
153243, 20716.0700,  3, 313.12, 13.510000000002037
153273, 20719.1950,  3, 328.20, 16.590000000000146
153290, 20720.9650,  3, 279.55, 18.340000000000146
153405, 20746.0400,  3, 315.97, 11.849999999998545
153410, 20746.5600,  3, 315.49, 12.349999999998545
153413, 20746.8750,  3, 327.57, 12.694999999999709
153418, 20747.3950,  3, 307.63, 13.145000000000437
153421, 20747.7050,  3, 312.47, 13.529999999998836
153422, 20747.8100,  3, 328.97, 13.6349999999984
153424, 20748.0200,  3, 310.65, 13.849999999998545
153441, 20749.7900,  3, 292.60, 15.584999999999127
153546, 20773.8050,  3, 337.98, 10.760000000002037
153547, 20773.9100,  3, 343.16, 10.930000000000291
153559, 20775.1600,  3, 345.28, 12.135000000002037
153560, 20775.2650,  3, 326.97, 12.190000000002328
153568, 20776.0950,  3, 320.69, 13.110000000000582
153576, 20776.9300,  3, 332.07, 13.930000000000291
153581, 20777.4500,  3, 288.30, 14.43500000000131
153607, 20780.1600,  3, 290.19, 17.080000000001746
153714, 20804.3200,  3, 339.50, 11.030000000002474
153716, 20804.5250,  3, 318.05, 11.18500000000131
153717, 20804.6300,  3, 325.01, 11.335000000002765
153725, 20805.4650,  3, 273.74, 12.090000000000146
153730, 20805.9850,  3, 324.60, 12.670000000001892
153730, 20805.9850,  3, 295.89, 12.690000000002328
153746, 20807.6500,  3, 310.73, 14.284999999999854
153764, 20809.5250,  3, 301.43, 16.229999999999563
153879, 20834.5600,  3, 305.02, 11.825000000000728
153883, 20834.9800,  3, 343.80, 12.205000000001746
153884, 20835.0800,  3, 301.85, 12.345000000001164
153885, 20835.1850,  3, 313.54, 12.42500000000291
153888, 20835.5000,  3, 312.27, 12.735000000000582
153897, 20836.4350,  3, 309.72, 13.659999999999854
153901, 20836.8550,  3, 338.40, 14.104999999999563
154032, 20850.5000,  3, 244.03, 27.710000000002765
154142, 20874.8000,  3, 328.83, 11.305000000000291
154148, 20875.4250,  3, 340.06, 11.880000000001019
154149, 20875.5250,  3, 332.68, 12.005000000001019
154152, 20875.8400,  3, 314.41, 12.31499999999869
154160, 20876.6750,  3, 308.00, 13.209999999999127
154166, 20877.3000,  3, 284.92, 13.779999999998836
154185, 20879.2750,  3, 324.09, 15.795000000001892
154189, 20879.6950,  3, 290.78, 16.220000000001164
154312, 20905.3250,  3, 294.16, 12.625
154316, 20905.7400,  3, 325.27, 13.090000000000146
154318, 20905.9500,  3, 303.75, 13.31000000000131
154320, 20906.1600,  3, 286.69, 13.440000000002328
154323, 20906.4700,  3, 303.43, 13.81000000000131
154323, 20906.4700,  3, 281.91, 13.81000000000131
154330, 20907.2000,  3, 289.32, 14.505000000001019
154331, 20907.3050,  3, 289.43, 14.585000000002765
154436, 20931.3950,  3, 310.82, 10.795000000001892
154443, 20932.1250,  3, 339.76, 11.545000000001892
154457, 20933.5800,  3, 299.13, 13.0
154462, 20934.1050,  3, 332.52, 13.444999999999709
154462, 20934.1050,  3, 304.50, 13.49500000000262
154463, 20934.2050,  3, 303.44, 13.545000000001892
154486, 20936.6050,  3, 308.66, 15.970000000001164
154490, 20937.0200,  3, 287.64, 16.360000000000582
154596, 20961.1100,  3, 319.63, 10.880000000001019
154609, 20962.4650,  3, 344.88, 12.2400000000016
154612, 20962.7750,  3, 330.27, 12.534999999999854
154615, 20963.0900,  3, 274.62, 12.885000000002037
154615, 20963.0900,  3, 306.33, 12.885000000002037
154619, 20963.5050,  3, 286.80, 13.225000000002183
154622, 20963.8200,  3, 317.98, 13.619999999998981
154631, 20964.7550,  3, 310.52, 14.479999999999563
154740, 20989.1400,  3, 335.74, 11.174999999999272
154743, 20989.4500,  3, 335.87, 11.520000000000437
154744, 20989.5550,  3, 332.22, 11.575000000000728
154745, 20989.6600,  3, 292.88, 11.690000000002328
154749, 20990.0750,  3, 344.73, 12.110000000000582
154751, 20990.2850,  3, 330.75, 12.305000000000291
154757, 20990.9100,  3, 306.28, 12.985000000000582
154764, 20991.6400,  3, 311.75, 13.645000000000437
154878, 21016.5900,  3, 285.44, 11.700000000000728
154881, 21016.9000,  3, 303.08, 12.069999999999709
154882, 21017.0050,  3, 300.18, 12.119999999998981
154882, 21017.0050,  3, 326.53, 12.139999999999418
154884, 21017.2150,  3, 303.96, 12.330000000001746
154889, 21017.7350,  3, 315.35, 12.880000000001019
154897, 21018.5700,  3, 312.77, 13.744999999998981
154902, 21019.0900,  3, 246.83, 14.235000000000582
155013, 21043.4350,  3, 300.45, 11.420000000001892
155017, 21043.8550,  3, 339.56, 11.845000000001164
155021, 21044.2700,  3, 319.82, 12.284999999999854
155029, 21045.1050,  3, 304.52, 13.084999999999127
155031, 21045.3100,  3, 288.09, 13.264999999999418
155033, 21045.5200,  3, 319.63, 13.534999999999854
155038, 21046.0400,  3, 309.01, 14.0
155041, 21046.3550,  3, 307.63, 14.290000000000873
155149, 21070.6850,  3, 336.41, 11.045000000001892
155161, 21071.9350,  3, 316.49, 12.360000000000582
155162, 21072.0400,  3, 292.78, 12.400000000001455
155163, 21072.1450,  3, 313.67, 12.56000000000131
155171, 21072.9800,  1, -187.37, 13.43500000000131
155172, 21073.0800,  3, 295.54, 13.530000000002474
155174, 21073.2900,  3, 335.89, 13.725000000002183
155182, 21074.1250,  3, 287.16, 14.505000000001019
155302, 21099.5900,  3, 297.05, 12.31499999999869
155303, 21099.6950,  3, 322.42, 12.430000000000291
155305, 21099.9000,  3, 309.30, 12.639999999999418
155309, 21100.3200,  3, 313.79, 13.095000000001164
155310, 21100.4250,  3, 345.33, 13.170000000001892
155310, 21100.4250,  3, 302.91, 13.180000000000291
155311, 21100.5250,  3, 298.35, 13.305000000000291
155315, 21100.9450,  3, 310.44, 13.7400000000016
155423, 21125.0900,  3, 316.90, 11.130000000001019
155423, 21125.0900,  3, 326.36, 11.069999999999709
155429, 21125.7150,  3, 318.30, 11.694999999999709
155432, 21126.0250,  3, 344.94, 12.034999999999854
155438, 21126.6500,  3, 291.18, 12.6150000000016
155438, 21126.6500,  3, 289.35, 12.674999999999272
155459, 21128.8400,  3, 324.39, 14.81000000000131
155496, 21132.6950,  1, -140.77, 18.75
155616, 21158.4100,  3, 316.67, 12.255000000001019
155617, 21158.5150,  3, 289.71, 12.375
155624, 21159.2400,  3, 315.31, 13.080000000001746
155627, 21159.5550,  3, 324.76, 13.389999999999418
155630, 21159.8650,  3, 316.04, 13.650000000001455
155631, 21159.9700,  3, 307.57, 13.780000000002474
155639, 21160.8050,  3, 319.50, 14.635000000002037
155640, 21160.9100,  3, 291.60, 14.784999999999854
155752, 21185.7500,  3, 328.28, 11.505000000001019
155764, 21187.0000,  3, 305.26, 12.710000000002765
155766, 21187.2050,  3, 330.62, 12.92500000000291
155767, 21187.3100,  3, 281.72, 13.085000000002765
155769, 21187.5200,  3, 323.74, 13.284999999999854
155777, 21188.3550,  3, 289.92, 14.1150000000016
155788, 21189.5000,  3, 279.39, 15.280000000002474
155791, 21189.8100,  3, 294.53, 15.55000000000291
155903, 21214.5700,  3, 319.08, 11.465000000000146
155905, 21214.7750,  3, 332.80, 11.735000000000582
155911, 21215.4000,  3, 306.71, 12.31499999999869
155915, 21215.8200,  3, 325.80, 12.719999999997526
155919, 21216.2350,  3, 320.65, 13.12999999999738
155924, 21216.7550,  3, 316.95, 13.669999999998254
155940, 21218.4250,  3, 289.58, 15.404999999998836
155954, 21219.8800,  3, 294.77, 16.770000000000437
156030, 21240.7700,  1, -142.37, 7.81000000000131
156081, 21246.0800,  3, 328.91, 13.104999999999563
156082, 21246.1850,  3, 317.23, 13.200000000000728
156083, 21246.2900,  3, 312.51, 13.295000000001892
156092, 21247.2300,  3, 304.61, 14.190000000002328
156094, 21247.4350,  3, 319.06, 14.450000000000728
156096, 21247.6450,  3, 284.48, 14.639999999999418
156114, 21249.5200,  3, 280.73, 16.465000000000146
156229, 21274.2400,  3, 311.37, 11.834999999999127
156232, 21274.5550,  3, 326.99, 12.094999999997526
156233, 21274.6600,  3, 330.46, 12.289999999997235
156237, 21275.0750,  3, 300.19, 12.649999999997817
156237, 21275.0750,  3, 303.27, 12.619999999998981
156237, 21275.0750,  3, 357.11, 12.639999999999418
156244, 21275.8050,  3, 300.50, 13.37999999999738
156276, 21279.1400,  3, 285.00, 16.724999999998545
156394, 21304.4350,  3, 317.28, 12.080000000001746
156394, 21304.4350,  3, 287.62, 12.090000000000146
156399, 21304.9550,  3, 320.77, 12.619999999998981
156401, 21305.1650,  3, 320.53, 12.830000000001746
156410, 21306.1050,  3, 332.09, 13.81499999999869
156416, 21306.7300,  3, 302.42, 14.459999999999127
156417, 21306.8300,  3, 332.05, 14.56000000000131
156470, 21312.3550,  3, 271.67, 20.044999999998254
156590, 21337.8800,  3, 328.60, 12.31499999999869
156591, 21337.9850,  3, 312.62, 12.43999999999869
156594, 21338.3000,  3, 335.99, 12.770000000000437
156598, 21338.7150,  3, 304.53, 13.149999999997817
156599, 21338.8200,  3, 298.91, 13.25
156612, 21340.1750,  3, 294.18, 14.590000000000146
156642, 21343.3000,  3, 324.19, 17.774999999997817
156646, 21343.7150,  3, 254.28, 18.174999999999272
156755, 21367.9700,  3, 318.45, 11.145000000000437
156765, 21369.0150,  3, 294.42, 12.219999999997526
156778, 21370.3650,  3, 305.43, 13.614999999997963
156778, 21370.3650,  3, 334.83, 13.6349999999984
156785, 21371.0950,  3, 289.06, 14.31499999999869
156790, 21371.6150,  3, 290.19, 14.794999999998254
156792, 21371.8250,  3, 287.19, 15.034999999999854
156793, 21371.9300,  3, 307.06, 15.154999999998836
156902, 21396.3250,  3, 336.18, 11.215000000000146
156906, 21396.7400,  3, 329.89, 11.619999999998981
156909, 21397.0550,  3, 307.30, 11.93999999999869
156910, 21397.1600,  3, 328.72, 12.020000000000437
156912, 21397.3650,  3, 315.84, 12.2599999999984
156918, 21397.9900,  3, 322.27, 12.834999999999127
156933, 21399.5550,  3, 332.84, 14.424999999999272
156935, 21399.7650,  3, 321.43, 14.584999999999127
157039, 21423.5500,  3, 331.99, 10.68999999999869
157044, 21424.0700,  3, 337.62, 11.18500000000131
157050, 21424.6950,  3, 341.68, 11.845000000001164
157051, 21424.8000,  3, 295.30, 11.880000000001019
157054, 21425.1100,  3, 322.05, 12.205000000001746
157056, 21425.3200,  3, 303.37, 12.450000000000728
157061, 21425.8400,  3, 325.32, 13.0
157062, 21425.9450,  3, 303.97, 13.040000000000873
157172, 21450.4350,  3, 319.01, 11.2599999999984
157173, 21450.5400,  3, 300.56, 11.404999999998836
157177, 21450.9550,  3, 297.41, 11.774999999997817
157180, 21451.2700,  3, 321.22, 12.089999999996508
157182, 21451.4800,  3, 300.64, 12.375
157187, 21452.0000,  3, 323.64, 12.839999999996508
157194, 21452.7300,  3, 308.55, 13.609999999996944
157205, 21453.8750,  3, 289.37, 14.734999999996944
157314, 21478.0950,  3, 339.03, 11.159999999999854
157332, 21479.9700,  3, 307.32, 13.1150000000016
157333, 21480.0750,  3, 298.77, 13.194999999999709
157333, 21480.0750,  3, 318.08, 13.17500000000291
157342, 21481.0150,  3, 314.44, 14.150000000001455
157343, 21481.1150,  3, 284.04, 14.225000000002183
157349, 21481.7400,  3, 291.46, 14.830000000001746
157353, 21482.1600,  3, 271.64, 15.25
157459, 21506.2150,  3, 323.10, 10.909999999999854
157461, 21506.4250,  3, 340.76, 11.059999999997672
157461, 21506.4250,  3, 308.71, 11.049999999999272
157479, 21508.3000,  3, 318.83, 12.934999999997672
157487, 21509.1300,  3, 305.61, 13.7599999999984
157487, 21509.1300,  3, 289.77, 13.784999999999854
157505, 21511.0050,  3, 282.94, 15.664999999997235
157517, 21512.2550,  3, 304.43, 16.87999999999738
157625, 21537.5600,  3, 332.06, 11.090000000000146
157628, 21537.8750,  3, 326.01, 11.400000000001455
157635, 21538.6050,  3, 324.97, 12.140000000003056
157637, 21538.8100,  3, 312.84, 12.30000000000291
157647, 21539.8550,  3, 333.01, 13.335000000002765
157657, 21540.8950,  3, 262.94, 14.400000000001455
157671, 21542.3550,  3, 305.13, 15.8650000000016
157673, 21542.5600,  3, 282.52, 16.135000000002037
157781, 21566.7700,  3, 331.66, 11.080000000001746
157787, 21567.3950,  3, 343.70, 11.735000000000582
157787, 21567.3950,  3, 308.66, 11.705000000001746
157788, 21567.5000,  3, 337.94, 11.81499999999869
157791, 21567.8100,  3, 334.90, 12.084999999999127
157792, 21567.9150,  3, 328.13, 12.264999999999418
157798, 21568.5400,  3, 316.44, 12.900000000001455
157806, 21569.3750,  3, 302.21, 13.709999999999127
157915, 21593.7300,  3, 301.83, 11.220000000001164
157923, 21594.5600,  3, 307.24, 12.075000000000728
157924, 21594.6650,  3, 299.21, 12.084999999999127
157931, 21595.3950,  3, 322.70, 12.825000000000728
157932, 21595.5000,  3, 308.51, 13.014999999999418
157934, 21595.7050,  3, 313.61, 13.135000000002037
157939, 21596.2300,  3, 320.38, 13.7400000000016
157939, 21596.2300,  3, 343.02, 13.68500000000131
158048, 21620.7350,  3, 322.91, 11.209999999999127
158057, 21621.6750,  3, 329.44, 12.174999999999272
158060, 21621.9850,  3, 295.50, 12.485000000000582
158063, 21622.3000,  3, 320.67, 12.724999999998545
158065, 21622.5050,  3, 317.87, 12.985000000000582
158068, 21622.8200,  3, 272.09, 13.294999999998254
158070, 21623.0250,  3, 296.62, 13.465000000000146
158089, 21625.0050,  3, 314.36, 15.430000000000291
158198, 21649.4250,  3, 328.39, 11.180000000000291
158199, 21649.5250,  3, 346.91, 11.270000000000437
158200, 21649.6300,  3, 345.85, 11.389999999999418
158201, 21649.7350,  3, 356.37, 11.470000000001164
158203, 21649.9450,  3, 333.65, 11.725000000002183
158215, 21651.1950,  3, 280.81, 12.975000000002183
158217, 21651.4000,  3, 321.59, 13.220000000001164
158219, 21651.6100,  3, 300.59, 13.415000000000873
158303, 21673.5250,  1, -116.16, 8.645000000000437
158319, 21675.1950,  1, -147.15, 10.31499999999869
158333, 21676.6500,  3, 301.37, 11.694999999999709
158336, 21676.9650,  3, 327.18, 12.055000000000291
158340, 21677.3800,  3, 315.59, 12.434999999997672
158345, 21677.9000,  3, 333.78, 12.924999999999272
158347, 21678.1100,  3, 337.48, 13.125
158349, 21678.3200,  3, 305.62, 13.340000000000146
158463, 21703.0250,  3, 331.93, 11.670000000001892
158463, 21703.0250,  3, 324.01, 11.755000000001019
158465, 21703.2350,  3, 311.68, 11.920000000001892
158465, 21703.2350,  3, 321.10, 11.920000000001892
158466, 21703.3400,  3, 286.19, 12.010000000002037
158469, 21703.6500,  3, 344.80, 12.330000000001746
158483, 21705.1100,  3, 328.54, 13.845000000001164
158486, 21705.4250,  3, 304.40, 14.145000000000437
158592, 21729.4800,  3, 335.44, 10.930000000000291
158598, 21730.1050,  3, 331.98, 11.520000000000437
158599, 21730.2050,  3, 321.93, 11.630000000001019
158604, 21730.7300,  3, 324.65, 12.085000000002765
158611, 21731.4550,  3, 317.66, 12.905000000002474
158612, 21731.5600,  3, 313.40, 12.965000000000146
158617, 21732.0800,  3, 308.51, 13.475000000002183
158640, 21734.4800,  3, 325.86, 15.835000000002765
158746, 21758.4000,  3, 293.90, 10.860000000000582
158751, 21758.9250,  3, 341.15, 11.380000000001019
158755, 21759.3400,  3, 314.52, 11.825000000000728
158762, 21760.0700,  3, 313.06, 12.514999999999418
158763, 21760.1750,  3, 345.16, 12.68500000000131
158764, 21760.2750,  3, 282.55, 12.775000000001455
158768, 21760.6950,  3, 313.30, 13.130000000001019
158777, 21761.6300,  3, 305.92, 14.084999999999127
158890, 21786.6150,  3, 318.47, 11.614999999997963
158891, 21786.7200,  3, 316.74, 11.744999999998981
158896, 21787.2400,  3, 290.26, 12.255000000001019
158897, 21787.3450,  3, 276.35, 12.380000000001019
158900, 21787.6600,  3, 313.70, 12.680000000000291
158909, 21788.5950,  3, 328.12, 13.630000000001019
158910, 21788.7000,  3, 325.59, 13.68999999999869
158912, 21788.9100,  3, 313.28, 13.950000000000728
159027, 21813.9250,  3, 340.85, 11.8650000000016
159029, 21814.1300,  3, 317.91, 12.069999999999709
159034, 21814.6500,  3, 335.13, 12.569999999999709
159038, 21815.0700,  3, 290.31, 13.005000000001019
159039, 21815.1750,  3, 315.89, 13.069999999999709
159042, 21815.4850,  3, 329.33, 13.369999999998981
159045, 21815.8000,  3, 303.32, 13.7400000000016
159049, 21816.2150,  3, 291.49, 14.06000000000131
159159, 21841.5750,  3, 339.50, 11.25
159166, 21842.3050,  3, 308.53, 12.034999999999854
159170, 21842.7200,  3, 319.43, 12.479999999999563
159172, 21842.9300,  3, 296.73, 12.604999999999563
159174, 21843.1400,  3, 313.63, 12.87999999999738
159175, 21843.2400,  3, 304.41, 12.969999999997526
159176, 21843.3450,  3, 317.21, 13.119999999998981
159197, 21845.5350,  3, 277.04, 15.274999999997817
159305, 21869.8050,  3, 320.24, 11.139999999999418
159307, 21870.0150,  3, 329.29, 11.284999999999854
159308, 21870.1150,  3, 341.14, 11.3849999999984
159312, 21870.5350,  3, 327.29, 11.81499999999869
159315, 21870.8450,  3, 322.28, 12.084999999999127
159319, 21871.2650,  3, 333.62, 12.590000000000146
159320, 21871.3650,  3, 305.56, 12.630000000001019
159335, 21872.9300,  3, 265.55, 14.244999999998981
159443, 21898.1050,  3, 324.94, 11.049999999999272
159443, 21898.1050,  3, 319.29, 11.059999999997672
159448, 21898.6250,  3, 299.25, 11.62999999999738
159453, 21899.1450,  3, 331.83, 12.109999999996944
159459, 21899.7700,  3, 346.87, 12.75499999999738
159460, 21899.8750,  3, 295.68, 12.819999999999709
159465, 21900.3950,  3, 308.95, 13.424999999999272
159469, 21900.8100,  3, 309.72, 13.75499999999738
159582, 21925.8050,  3, 312.37, 11.600000000002183
159589, 21926.5350,  3, 318.62, 12.354999999999563
159592, 21926.8450,  3, 322.83, 12.625
159595, 21927.1600,  3, 324.39, 12.955000000001746
159596, 21927.2650,  3, 285.33, 13.065000000002328
159613, 21929.0350,  3, 303.32, 14.81000000000131
159619, 21929.6600,  3, 311.22, 15.420000000001892
159642, 21932.0550,  3, 285.34, 17.850000000002183
159753, 21956.8400,  3, 319.62, 11.414999999997235
159754, 21956.9450,  3, 301.17, 11.555000000000291
159769, 21958.5050,  3, 283.12, 13.069999999999709
159770, 21958.6100,  3, 287.79, 13.169999999998254
159776, 21959.2350,  3, 290.02, 13.799999999999272
159777, 21959.3400,  3, 313.31, 13.919999999998254
159786, 21960.2750,  3, 280.12, 14.875
159788, 21960.4850,  3, 304.61, 15.044999999998254
159896, 21984.5250,  3, 333.76, 11.110000000000582
159904, 21985.3600,  3, 318.62, 11.940000000002328
159910, 21985.9850,  3, 284.58, 12.515000000003056
159911, 21986.0900,  3, 360.33, 12.630000000001019
159912, 21986.1950,  3, 334.58, 12.795000000001892
159913, 21986.3000,  3, 322.86, 12.875
159914, 21986.4000,  3, 321.98, 12.915000000000873
159931, 21988.1750,  3, 321.65, 14.730000000003201
160046, 22013.2400,  3, 323.29, 11.829999999998108
160049, 22013.5550,  3, 312.26, 12.144999999996799
160052, 22013.8650,  3, 299.52, 12.459999999999127
160053, 22013.9700,  3, 337.97, 12.569999999999709
160058, 22014.4900,  3, 318.91, 13.059999999997672
160058, 22014.4900,  3, 302.80, 13.109999999996944
160073, 22016.0550,  3, 297.36, 14.684999999997672
160079, 22016.6800,  3, 333.51, 15.215000000000146
160188, 22041.7000,  3, 304.85, 11.209999999999127
160200, 22042.9500,  3, 333.25, 12.469999999997526
160207, 22043.6800,  3, 327.05, 13.174999999999272
160209, 22043.8900,  3, 331.34, 13.364999999997963
160210, 22043.9900,  3, 318.74, 13.505000000001019
160211, 22044.0950,  3, 317.11, 13.56499999999869
160213, 22044.3050,  3, 332.39, 13.75
160217, 22044.7200,  3, 310.81, 14.165000000000873
160328, 22068.9900,  3, 332.09, 11.409999999999854
160335, 22069.7200,  3, 324.61, 12.180000000000291
160337, 22069.9300,  3, 322.38, 12.389999999999418
160340, 22070.2400,  3, 267.54, 12.610000000000582
160355, 22071.8050,  3, 326.45, 14.165000000000873
160363, 22072.6400,  3, 305.09, 15.029999999998836
160363, 22072.6400,  3, 331.55, 15.090000000000146
160370, 22073.3650,  3, 308.92, 15.770000000000437
160476, 22097.3900,  3, 344.70, 10.840000000000146
160478, 22097.5950,  3, 338.23, 11.06499999999869
160483, 22098.1150,  3, 302.75, 11.625
160488, 22098.6400,  3, 314.89, 12.145000000000437
160489, 22098.7400,  3, 234.56, 12.25
160495, 22099.3650,  3, 276.89, 12.8849999999984
160498, 22099.6800,  3, 294.03, 13.200000000000728
160498, 22099.6800,  3, 323.97, 13.180000000000291
160614, 22124.5600,  3, 321.31, 11.899999999997817
160618, 22124.9800,  3, 292.66, 12.304999999996653
160619, 22125.0800,  3, 279.58, 12.484999999996944
160619, 22125.0800,  3, 330.77, 12.494999999998981
160625, 22125.7050,  3, 288.82, 13.07499999999709
160631, 22126.3300,  3, 335.74, 13.679999999996653
160638, 22127.0600,  3, 289.04, 14.414999999997235
160639, 22127.1650,  3, 284.29, 14.539999999997235
160755, 22152.1450,  3, 296.51, 11.910000000003492
160758, 22152.4550,  3, 340.06, 12.190000000002328
160761, 22152.7700,  3, 326.12, 12.515000000003056
160770, 22153.7050,  3, 308.65, 13.445000000003347
160772, 22153.9150,  3, 327.87, 13.7400000000016
160779, 22154.6450,  3, 287.67, 14.380000000001019
160780, 22154.7500,  3, 303.50, 14.5
160790, 22155.7900,  3, 298.87, 15.6150000000016
160901, 22181.1800,  3, 310.54, 11.354999999999563
160905, 22181.5950,  3, 350.67, 11.844999999997526
160907, 22181.8050,  3, 303.50, 12.024999999997817
160911, 22182.2200,  3, 297.95, 12.44999999999709
160911, 22182.2200,  3, 318.18, 12.430000000000291
160913, 22182.4300,  3, 322.50, 12.680000000000291
160917, 22182.8450,  3, 346.02, 13.049999999999272
160922, 22183.3650,  3, 295.39, 13.6349999999984
161026, 22207.2000,  3, 320.28, 10.69999999999709
161032, 22207.8250,  3, 345.99, 11.334999999999127
161036, 22208.2400,  3, 304.11, 11.735000000000582
161038, 22208.4500,  3, 315.40, 11.914999999997235
161043, 22208.9700,  3, 323.10, 12.485000000000582
161047, 22209.3900,  3, 337.76, 12.87999999999738
161049, 22209.5950,  3, 328.57, 13.049999999999272
161069, 22211.6800,  3, 323.72, 15.104999999999563
161178, 22235.9250,  3, 333.82, 11.2400000000016
161186, 22236.7550,  3, 334.99, 11.9900000000016
161188, 22236.9650,  3, 322.01, 12.25
161191, 22237.2750,  3, 324.58, 12.590000000000146
161194, 22237.5900,  3, 292.88, 12.825000000000728
161200, 22238.2150,  3, 316.55, 13.514999999999418
161214, 22239.6750,  3, 300.75, 14.9900000000016
161217, 22239.9850,  3, 322.08, 15.229999999999563
161326, 22265.1500,  3, 308.25, 11.239999999997963
161334, 22265.9850,  3, 347.67, 12.0099999999984
161348, 22267.4450,  3, 282.17, 13.444999999999709
161349, 22267.5500,  3, 272.06, 13.57499999999709
161349, 22267.5500,  3, 314.80, 13.594999999997526
161351, 22267.7550,  3, 321.99, 13.805000000000291
161352, 22267.8600,  3, 284.56, 13.859999999996944
161358, 22268.4850,  3, 255.19, 14.555000000000291
161465, 22292.4250,  3, 320.09, 10.955000000001746
161476, 22293.5700,  3, 350.65, 12.085000000002765
161477, 22293.6750,  3, 322.56, 12.220000000001164
161480, 22293.9850,  3, 281.83, 12.525000000001455
161484, 22294.4000,  3, 307.94, 12.965000000000146
161485, 22294.5050,  3, 320.75, 13.065000000002328
161497, 22295.7550,  3, 310.60, 14.3650000000016
161499, 22295.9650,  3, 298.61, 14.56000000000131
161607, 22321.1300,  3, 343.23, 11.055000000000291
161611, 22321.5500,  3, 322.59, 11.514999999999418
161612, 22321.6500,  3, 354.53, 11.654999999998836
161614, 22321.8600,  3, 293.71, 11.805000000000291
161616, 22322.0700,  3, 317.83, 12.034999999999854
161617, 22322.1750,  3, 347.53, 12.184999999997672
161628, 22323.3200,  3, 313.97, 13.290000000000873
161639, 22324.4650,  3, 308.62, 14.395000000000437
161744, 22348.5900,  3, 292.14, 10.735000000000582
161753, 22349.5250,  3, 322.06, 11.764999999999418
161756, 22349.8400,  3, 310.10, 12.00499999999738
161760, 22350.2550,  3, 301.79, 12.404999999998836
161763, 22350.5700,  3, 344.60, 12.735000000000582
161766, 22350.8800,  3, 327.49, 13.114999999997963
161768, 22351.0900,  3, 322.45, 13.294999999998254
161771, 22351.4000,  3, 319.34, 13.590000000000146
161876, 22375.1600,  3, 327.38, 10.784999999999854
161880, 22375.5750,  3, 348.54, 11.149999999997817
161893, 22376.9300,  3, 346.88, 12.590000000000146
161893, 22376.9300,  3, 295.11, 12.529999999998836
161894, 22377.0350,  3, 321.99, 12.619999999998981
161899, 22377.5550,  3, 332.87, 13.18999999999869
161900, 22377.6600,  3, 299.88, 13.255000000001019
161900, 22377.6600,  3, 315.25, 13.299999999999272
162014, 22403.4900,  3, 351.10, 11.674999999999272
162014, 22403.4900,  3, 330.35, 11.75499999999738
162017, 22403.8050,  3, 295.63, 12.024999999997817
162018, 22403.9100,  3, 316.72, 12.154999999998836
162022, 22404.3250,  3, 284.00, 12.50499999999738
162024, 22404.5350,  3, 326.03, 12.7599999999984
162027, 22404.8450,  3, 321.10, 13.069999999999709
162038, 22405.9900,  3, 307.78, 14.18999999999869
162143, 22429.8950,  3, 346.89, 10.764999999999418
162149, 22430.5200,  3, 300.97, 11.424999999999272
162159, 22431.5600,  3, 296.85, 12.484999999996944
162162, 22431.8750,  3, 353.89, 12.734999999996944
162164, 22432.0800,  3, 326.54, 12.924999999999272
162176, 22433.3300,  3, 312.40, 14.174999999999272
162188, 22434.5800,  3, 328.54, 15.424999999999272
162192, 22435.0000,  3, 306.69, 15.875
162297, 22458.9800,  3, 330.14, 10.819999999999709
162306, 22459.9150,  3, 326.55, 11.715000000000146
162311, 22460.4350,  3, 329.10, 12.274999999997817
162312, 22460.5400,  3, 330.38, 12.354999999999563
162314, 22460.7500,  3, 325.31, 12.575000000000728
162335, 22462.9350,  3, 330.17, 14.720000000001164
162338, 22463.2500,  3, 279.32, 15.049999999999272
162356, 22465.1250,  3, 327.69, 16.88000000000102
162469, 22490.6950,  3, 332.73, 11.584999999999127
162470, 22490.8000,  3, 342.30, 11.764999999999418
162472, 22491.0050,  3, 308.08, 11.965000000000146
162473, 22491.1100,  3, 342.55, 12.034999999999854
162479, 22491.7350,  3, 336.47, 12.654999999998836
162483, 22492.1500,  3, 349.64, 13.119999999998981
162487, 22492.5700,  3, 331.17, 13.44999999999709
162487, 22492.5700,  3, 306.17, 13.469999999997526
162595, 22517.5800,  3, 324.91, 11.044999999998254
162605, 22518.6250,  3, 307.48, 12.174999999999272
162614, 22519.5600,  3, 337.98, 13.020000000000437
162615, 22519.6650,  3, 314.13, 13.18999999999869
162616, 22519.7700,  3, 333.06, 13.299999999999272
162618, 22519.9800,  3, 271.82, 13.534999999999854
162619, 22520.0800,  3, 339.32, 13.614999999997963
162620, 22520.1850,  3, 348.21, 13.744999999998981
162727, 22545.2300,  3, 308.76, 10.985000000000582
162738, 22546.3750,  3, 290.90, 12.170000000001892
162738, 22546.3750,  3, 295.88, 12.1150000000016
162741, 22546.6850,  3, 350.63, 12.479999999999563
162745, 22547.1050,  3, 332.57, 12.87000000000262
162752, 22547.8300,  3, 274.16, 13.604999999999563
162752, 22547.8300,  3, 281.71, 13.6150000000016
162759, 22548.5600,  3, 295.11, 14.284999999999854
162868, 22572.9150,  3, 345.86, 11.145000000000437
162870, 22573.1250,  3, 320.91, 11.390000000003056
162873, 22573.4350,  3, 319.14, 11.660000000003492
162874, 22573.5400,  3, 317.52, 11.850000000002183
162880, 22574.1650,  3, 305.93, 12.440000000002328
162880, 22574.1650,  3, 276.73, 12.420000000001892
162884, 22574.5800,  3, 276.05, 12.860000000000582
162885, 22574.6850,  3, 305.18, 12.915000000000873
162991, 22598.5950,  3, 319.06, 10.830000000001746
162997, 22599.2200,  3, 316.62, 11.520000000000437
163010, 22600.5750,  3, 313.08, 12.8849999999984
163012, 22600.7850,  3, 318.17, 13.084999999999127
163013, 22600.8900,  3, 336.59, 13.1349999999984
163022, 22601.8250,  3, 311.29, 14.110000000000582
163033, 22602.9700,  3, 283.79, 15.255000000001019
163050, 22604.7400,  3, 298.36, 17.025000000001455
163160, 22629.2200,  3, 336.56, 11.31000000000131
163166, 22629.8450,  3, 298.33, 11.885000000002037
163168, 22630.0550,  3, 301.47, 12.080000000001746
163169, 22630.1600,  3, 326.86, 12.18500000000131
163170, 22630.2650,  3, 343.38, 12.315000000002328
163173, 22630.5750,  3, 314.67, 12.635000000002037
163178, 22631.0950,  3, 316.83, 13.174999999999272
163192, 22632.5550,  3, 319.90, 14.585000000002765
163294, 22656.1450,  3, 349.61, 10.470000000001164
163300, 22656.7700,  3, 344.46, 11.090000000000146
163301, 22656.8750,  3, 339.86, 11.169999999998254
163305, 22657.2900,  3, 330.04, 11.625
163309, 22657.7050,  3, 347.15, 12.034999999999854
163311, 22657.9150,  3, 322.41, 12.284999999999854
163319, 22658.7500,  3, 314.13, 13.020000000000437
163323, 22659.1650,  3, 335.43, 13.479999999999563
163443, 22684.5550,  3, 314.36, 12.360000000000582
163448, 22685.0750,  3, 307.87, 12.860000000000582
163450, 22685.2850,  3, 317.98, 13.034999999999854
163451, 22685.3900,  3, 312.13, 13.174999999999272
163454, 22685.7000,  3, 288.35, 13.455000000001746
163455, 22685.8050,  3, 315.79, 13.545000000001892
163457, 22686.0150,  3, 305.18, 13.784999999999854
163471, 22687.4700,  3, 303.16, 15.290000000000873
163585, 22712.4000,  3, 342.79, 11.68999999999869
163588, 22712.7150,  3, 340.68, 12.039999999997235
163590, 22712.9250,  3, 310.22, 12.264999999999418
163590, 22712.9250,  3, 346.61, 12.25499999999738
163596, 22713.5500,  3, 309.40, 12.904999999998836
163597, 22713.6500,  3, 301.04, 13.014999999999418
163609, 22714.9000,  3, 289.97, 14.180000000000291
163621, 22716.1500,  3, 296.76, 15.50499999999738
163729, 22740.2650,  3, 332.95, 11.144999999996799
163731, 22740.4700,  3, 311.02, 11.334999999999127
163739, 22741.3050,  3, 327.50, 12.090000000000146
163743, 22741.7200,  3, 354.61, 12.599999999998545
163751, 22742.5550,  3, 298.22, 13.369999999998981
163753, 22742.7650,  3, 326.07, 13.559999999997672
163756, 22743.0750,  3, 330.95, 13.954999999998108
163774, 22744.9500,  3, 308.22, 15.729999999999563
163892, 22771.2150,  3, 346.67, 12.085000000002765
163897, 22771.7350,  3, 321.61, 12.604999999999563
163899, 22771.9450,  3, 335.23, 12.905000000002474
163900, 22772.0500,  3, 332.72, 12.970000000001164
163901, 22772.1500,  3, 330.33, 13.090000000000146
163902, 22772.2550,  3, 313.42, 13.155000000002474
163903, 22772.3600,  3, 306.81, 13.325000000000728
164010, 22783.5050,  3, 296.30, 24.400000000001455
164114, 22807.4150,  3, 349.15, 10.639999999999418
164115, 22807.5200,  3, 325.08, 10.829999999998108
164115, 22807.5200,  3, 305.18, 10.774999999997817
164122, 22808.2500,  3, 350.23, 11.549999999999272
164137, 22809.8100,  3, 322.58, 13.06499999999869
164140, 22810.1250,  3, 323.71, 13.414999999997235
164151, 22811.2700,  3, 313.44, 14.5099999999984
164156, 22811.7900,  3, 286.34, 15.00499999999738
164268, 22836.3450,  3, 329.00, 11.540000000000873
164280, 22837.5950,  3, 287.75, 12.805000000000291
164281, 22837.7000,  3, 302.27, 12.834999999999127
164286, 22838.2200,  3, 289.61, 13.354999999999563
164287, 22838.3250,  3, 289.98, 13.485000000000582
164288, 22838.4300,  3, 315.37, 13.584999999999127
164293, 22838.9500,  3, 307.07, 14.099999999998545
164293, 22838.9500,  3, 306.72, 14.145000000000437
164403, 22863.2900,  3, 305.81, 11.284999999999854
164407, 22863.7050,  3, 309.84, 11.68500000000131
164410, 22864.0200,  3, 323.44, 12.055000000000291
164411, 22864.1250,  3, 327.08, 12.085000000002765
164414, 22864.4350,  3, 267.44, 12.444999999999709
164430, 22866.1050,  3, 311.87, 14.140000000003056
164437, 22866.8300,  3, 338.98, 14.795000000001892
164453, 22868.5000,  3, 313.57, 16.475000000002183
164556, 22892.1850,  3, 321.15, 10.604999999999563
164567, 22893.3300,  3, 339.27, 11.694999999999709
164571, 22893.7500,  3, 292.77, 12.12999999999738
164571, 22893.7500,  3, 348.25, 12.145000000000437
164574, 22894.0600,  3, 286.58, 12.399999999997817
164575, 22894.1650,  3, 334.63, 12.5099999999984
164579, 22894.5800,  3, 308.32, 13.0
164595, 22896.2500,  3, 327.89, 14.625
164668, 22917.0800,  1, -155.41, 7.5
164704, 22920.8300,  3, 324.99, 11.209999999999127
164707, 22921.1450,  3, 303.52, 11.489999999997963
164713, 22921.7700,  3, 330.67, 12.12999999999738
164722, 22922.7050,  3, 311.11, 13.024999999997817
164725, 22923.0200,  3, 312.37, 13.364999999997963
164726, 22923.1250,  3, 312.92, 13.464999999996508
164739, 22924.4800,  3, 285.45, 14.819999999999709
164856, 22949.5050,  3, 312.40, 12.075000000000728
164857, 22949.6100,  3, 321.47, 12.104999999999563
164862, 22950.1300,  3, 300.76, 12.635000000002037
164862, 22950.1300,  3, 320.22, 12.68500000000131
164864, 22950.3400,  3, 288.97, 12.845000000001164
164869, 22950.8600,  3, 290.94, 13.334999999999127
164870, 22950.9650,  3, 313.97, 13.440000000002328
164968, 22961.1750,  3, 314.34, 23.665000000000873
165070, 22984.7400,  3, 333.53, 10.50499999999738
165072, 22984.9500,  3, 329.37, 10.724999999998545
165076, 22985.3650,  3, 348.72, 11.055000000000291
165091, 22986.9300,  3, 312.78, 12.68999999999869
165096, 22987.4500,  3, 314.93, 13.12999999999738
165096, 22987.4500,  3, 294.91, 13.169999999998254
165098, 22987.6600,  3, 287.02, 13.404999999998836
165112, 22989.1150,  3, 283.07, 14.860000000000582
165215, 23013.8450,  3, 304.71, 10.555000000000291
165221, 23014.4700,  3, 306.57, 11.159999999999854
165229, 23015.3050,  3, 273.76, 11.979999999999563
165230, 23015.4100,  3, 320.46, 12.154999999998836
165235, 23015.9300,  3, 320.80, 12.68999999999869
165240, 23016.4500,  3, 309.46, 13.18999999999869
165243, 23016.7650,  3, 302.24, 13.459999999999127
165295, 23022.1800,  3, 256.94, 18.864999999997963
165406, 23046.8050,  3, 294.70, 11.454999999998108
165408, 23047.0150,  3, 321.08, 11.569999999999709
165414, 23047.6400,  3, 307.89, 12.219999999997526
165419, 23048.1600,  3, 297.89, 12.789999999997235
165435, 23049.8250,  3, 296.29, 14.37999999999738
165466, 23053.0550,  3, 279.34, 17.62999999999738
165478, 23054.3050,  3, 255.96, 18.854999999999563
165479, 23054.4100,  3, 293.65, 18.959999999999127
165544, 23074.2550,  1, -139.06, 6.665000000000873
165548, 23074.6750,  1, -122.90, 7.084999999999127
165590, 23079.0500,  3, 309.29, 11.43999999999869
165605, 23080.6100,  3, 303.08, 12.93500000000131
165608, 23080.9250,  3, 306.13, 13.2599999999984
165622, 23082.3800,  3, 271.60, 14.735000000000582
165640, 23084.2550,  3, 288.70, 16.659999999999854
165641, 23084.3600,  3, 275.56, 16.674999999999272
165753, 23109.0750,  3, 323.06, 11.540000000000873
165757, 23109.4900,  3, 310.89, 11.955000000001746
165758, 23109.5950,  3, 328.30, 12.045000000001892
165760, 23109.8050,  3, 306.67, 12.209999999999127
165764, 23110.2200,  3, 303.23, 12.650000000001455
165767, 23110.5350,  3, 274.80, 12.994999999998981
165775, 23111.3650,  3, 288.94, 13.755000000001019
165778, 23111.6800,  3, 318.34, 14.095000000001164
165894, 23137.4000,  3, 335.92, 11.93500000000131
165894, 23137.4000,  3, 329.81, 11.875
165895, 23137.5050,  3, 327.79, 12.034999999999854
165898, 23137.8200,  3, 303.66, 12.340000000000146
165901, 23138.1300,  3, 317.53, 12.670000000001892
165906, 23138.6500,  3, 299.43, 13.200000000000728
165910, 23139.0700,  3, 274.30, 13.619999999998981
165922, 23140.3200,  3, 289.29, 14.834999999999127
166037, 23166.0550,  3, 325.66, 11.849999999998545
166039, 23166.2650,  3, 306.83, 12.069999999999709
166042, 23166.5750,  3, 304.91, 12.31499999999869
166047, 23167.0950,  3, 321.88, 12.849999999998545
166049, 23167.3050,  3, 320.03, 13.040000000000873
166049, 23167.3050,  3, 291.21, 13.119999999998981
166069, 23169.3900,  3, 287.28, 15.104999999999563
166097, 23172.3050,  3, 287.28, 18.084999999999127
166214, 23197.2350,  3, 334.55, 12.034999999999854
166217, 23197.5500,  3, 320.48, 12.354999999999563
166218, 23197.6500,  3, 301.50, 12.434999999997672
166221, 23197.9650,  3, 329.56, 12.7599999999984
166222, 23198.0700,  3, 265.49, 12.894999999996799
166232, 23199.1100,  3, 264.08, 13.930000000000291
166232, 23199.1100,  3, 303.53, 13.919999999998254
166234, 23199.3200,  3, 293.72, 14.12999999999738
166345, 23223.9000,  3, 313.82, 11.354999999999563
166350, 23224.4250,  3, 304.62, 11.875
166354, 23224.8400,  3, 302.53, 12.305000000000291
166362, 23225.6750,  3, 303.48, 13.18999999999869
166364, 23225.8800,  3, 223.27, 13.420000000001892
166365, 23225.9850,  3, 291.28, 13.450000000000728
166371, 23226.6100,  3, 307.31, 14.104999999999563
166371, 23226.6100,  3, 297.75, 14.150000000001455
166479, 23251.1050,  3, 333.92, 11.080000000001746
166480, 23251.2050,  3, 314.30, 11.194999999999709
166483, 23251.5200,  3, 314.10, 11.505000000001019
166484, 23251.6250,  3, 335.98, 11.6150000000016
166494, 23252.6650,  3, 297.43, 12.639999999999418
166495, 23252.7700,  3, 344.34, 12.715000000000146
166507, 23254.0200,  3, 305.10, 14.014999999999418
166547, 23258.1850,  3, 277.46, 18.209999999999127
166652, 23282.0600,  3, 318.29, 10.775000000001455
166661, 23283.0000,  1, -164.94, 11.770000000000437
166662, 23283.1050,  3, 315.03, 11.775000000001455
166672, 23284.1450,  3, 315.60, 12.81499999999869
166680, 23284.9800,  3, 308.97, 13.650000000001455
166682, 23285.1850,  3, 312.43, 13.904999999998836
166682, 23285.1850,  3, 257.29, 13.885000000002037
166694, 23286.4350,  3, 316.77, 15.180000000000291
166812, 23311.9350,  3, 335.26, 12.084999999999127
166821, 23312.8750,  3, 300.46, 13.049999999999272
166828, 23313.6050,  3, 305.89, 13.81000000000131
166832, 23314.0200,  3, 306.18, 14.264999999999418
166837, 23314.5400,  3, 297.76, 14.735000000000582
166839, 23314.7500,  3, 309.03, 14.955000000001746
166898, 23320.8950,  3, 304.10, 21.104999999999563
167175, 23349.7500,  2, -110.33,  50
167256, 23371.3050,  1, -158.57, 8.229999999999563
167288, 23374.6400,  3, 316.34, 11.469999999997526
167292, 23375.0550,  3, 293.28, 11.930000000000291
167298, 23375.6800,  3, 291.84, 12.56499999999869
167302, 23376.0950,  3, 323.13, 13.014999999999418
167304, 23376.3050,  3, 268.82, 13.169999999998254
167305, 23376.4100,  3, 263.62, 13.279999999998836
167313, 23377.2400,  3, 311.89, 14.090000000000146
167426, 23402.2300,  3, 301.67, 11.640000000003056
167431, 23402.7500,  3, 306.75, 12.100000000002183
167438, 23403.4800,  3, 288.30, 12.854999999999563
167439, 23403.5800,  3, 241.95, 12.944999999999709
167441, 23403.7900,  3, 276.12, 13.155000000002474
167446, 23404.3100,  3, 260.97, 13.645000000000437
167447, 23404.4150,  3, 309.75, 13.830000000001746
167525, 23412.5400,  3, 241.68, 21.970000000001164
167597, 23433.9650,  1, -167.16, 7.395000000000437
167635, 23437.9250,  3, 287.67, 11.295000000001892
167636, 23438.0250,  3, 338.03, 11.360000000000582
167645, 23438.9650,  3, 288.40, 12.31000000000131
167651, 23439.5900,  3, 330.36, 12.915000000000873
167656, 23440.1100,  3, 315.88, 13.514999999999418
167659, 23440.4250,  3, 315.52, 13.770000000000437
167688, 23443.4450,  3, 295.44, 16.775000000001455
167785, 23467.5250,  1, -170.48, 9.99500000000262
167795, 23468.5700,  1, -159.63, 11.040000000000873
167800, 23469.0900,  3, 279.27, 11.49500000000262
167805, 23469.6100,  3, 346.80, 12.030000000002474
167806, 23469.7150,  3, 273.24, 12.110000000000582
167806, 23469.7150,  3, 304.49, 12.104999999999563
167816, 23470.7550,  3, 282.30, 13.145000000000437
167854, 23474.7150,  3, 312.34, 17.165000000000873
167967, 23499.3900,  3, 301.69, 11.659999999999854
167967, 23499.3900,  3, 301.88, 11.619999999998981
167969, 23499.5950,  3, 314.88, 11.854999999999563
167977, 23500.4300,  3, 321.35, 12.704999999998108
167977, 23500.4300,  3, 328.97, 12.614999999997963
167979, 23500.6400,  3, 274.48, 12.834999999999127
167987, 23501.4700,  3, 303.63, 13.669999999998254
168024, 23505.3250,  3, 290.79, 17.57999999999811
168132, 23529.5400,  3, 346.88, 11.125
168143, 23530.6850,  3, 296.68, 12.229999999999563
168145, 23530.8950,  3, 321.75, 12.459999999999127
168148, 23531.2050,  3, 302.55, 12.770000000000437
168151, 23531.5200,  3, 312.54, 13.099999999998545
168156, 23532.0400,  3, 296.80, 13.625
168165, 23532.9800,  3, 273.53, 14.555000000000291
168228, 23539.5400,  3, 283.97, 21.114999999997963
168337, 23563.9150,  3, 305.84, 11.190000000002328
168346, 23564.8550,  3, 326.88, 12.105000000003201
168346, 23564.8550,  3, 347.23, 12.165000000000873
168348, 23565.0600,  3, 342.27, 12.355000000003201
168352, 23565.4800,  3, 344.58, 12.775000000001455
168360, 23566.3100,  3, 322.29, 13.605000000003201
168362, 23566.5200,  3, 280.05, 13.80000000000291
168366, 23566.9350,  3, 310.29, 14.170000000001892
168469, 23590.7050,  3, 323.13, 10.604999999999563
168472, 23591.0200,  3, 310.15, 10.849999999998545
168476, 23591.4350,  3, 348.28, 11.32499999999709
168482, 23592.0600,  3, 308.44, 11.904999999998836
168483, 23592.1650,  3, 344.55, 12.024999999997817
168492, 23593.1050,  3, 324.06, 12.929999999996653
168525, 23596.5400,  3, 309.91, 16.389999999999418
168560, 23600.1850,  3, 323.63, 20.00499999999738
168676, 23625.1100,  3, 307.95, 11.969999999997526
168680, 23625.5250,  3, 322.01, 12.319999999999709
168682, 23625.7350,  3, 330.24, 12.514999999999418
168683, 23625.8400,  3, 342.97, 12.604999999999563
168685, 23626.0500,  3, 301.44, 12.834999999999127
168686, 23626.1500,  3, 302.27, 12.965000000000146
168699, 23627.5050,  3, 307.38, 14.369999999998981
168727, 23630.4250,  3, 290.44, 17.2599999999984
168834, 23654.6150,  3, 337.03, 10.994999999998981
168841, 23655.3450,  3, 305.96, 11.7599999999984
168844, 23655.6600,  3, 330.47, 12.059999999997672
168845, 23655.7650,  3, 341.89, 12.090000000000146
168849, 23656.1800,  3, 290.55, 12.540000000000873
168852, 23656.4900,  3, 316.34, 12.909999999999854
168870, 23658.3650,  3, 316.51, 14.729999999999563
168908, 23662.3250,  3, 297.73, 18.739999999997963
168993, 23683.8900,  1, -150.62, 8.75
169022, 23686.9100,  3, 319.55, 11.744999999998981
169026, 23687.3250,  3, 344.08, 12.1150000000016
169029, 23687.6400,  3, 273.71, 12.430000000000291
169034, 23688.1600,  3, 317.19, 12.970000000001164
169035, 23688.2650,  3, 317.81, 13.040000000000873
169038, 23688.5750,  3, 305.37, 13.369999999998981
169060, 23690.8650,  3, 312.29, 15.705000000001746
169164, 23715.8600,  3, 300.32, 10.705000000001746
169175, 23717.0050,  3, 330.97, 11.855000000003201
169178, 23717.3200,  3, 312.73, 12.180000000000291
169179, 23717.4250,  3, 317.77, 12.280000000002474
169180, 23717.5250,  3, 337.72, 12.31000000000131
169188, 23718.3600,  3, 295.74, 13.205000000001746
169188, 23718.3600,  3, 300.90, 13.210000000002765
169211, 23720.7550,  3, 294.59, 15.570000000003347
169318, 23745.0150,  3, 319.11, 11.00499999999738
169321, 23745.3250,  3, 301.34, 11.264999999999418
169329, 23746.1600,  3, 326.35, 12.104999999999563
169332, 23746.4700,  3, 306.03, 12.419999999998254
169334, 23746.6800,  3, 307.39, 12.604999999999563
169335, 23746.7850,  3, 332.04, 12.7599999999984
169344, 23747.7200,  3, 316.17, 13.715000000000146
169376, 23751.0550,  3, 300.27, 17.0
169480, 23775.6400,  3, 317.89, 10.705000000001746
169481, 23775.7400,  3, 333.04, 10.805000000000291
169484, 23776.0550,  3, 338.15, 11.045000000001892
169491, 23776.7850,  3, 336.06, 11.784999999999854
169492, 23776.8900,  3, 329.87, 11.924999999999272
169495, 23777.2000,  3, 313.32, 12.194999999999709
169498, 23777.5150,  3, 308.91, 12.555000000000291
169588, 23786.8900,  3, 259.70, 21.904999999998836
169659, 23807.0050,  1, -133.70, 7.290000000000873
169700, 23811.2750,  3, 300.72, 11.465000000000146
169701, 23811.3800,  3, 331.57, 11.654999999998836
169703, 23811.5900,  3, 308.26, 11.845000000001164
169706, 23811.9000,  3, 318.24, 12.180000000000291
169709, 23812.2150,  3, 297.93, 12.419999999998254
169717, 23813.0500,  3, 259.89, 13.329999999998108
169718, 23813.1500,  3, 310.28, 13.380000000001019
169834, 23838.1500,  3, 307.14, 11.875
169838, 23838.5700,  3, 306.07, 12.385000000002037
169841, 23838.8800,  3, 274.47, 12.600000000002183
169843, 23839.0900,  3, 315.30, 12.845000000001164
169845, 23839.3000,  3, 323.04, 13.040000000000873
169845, 23839.3000,  3, 311.73, 13.045000000001892
169906, 23845.6500,  3, 306.39, 19.44000000000233
169919, 23847.0050,  3, 321.92, 20.75
170023, 23870.6450,  3, 308.02, 10.715000000000146
170024, 23870.7500,  3, 325.29, 10.765000000003056
170035, 23871.8950,  3, 302.18, 11.900000000001455
170036, 23872.0000,  3, 288.10, 12.065000000002328
170036, 23872.0000,  3, 300.46, 12.045000000001892
170040, 23872.4150,  3, 329.21, 12.470000000001164
170060, 23874.5000,  3, 283.86, 14.515000000003056
170071, 23875.6450,  3, 332.48, 15.700000000000728
170182, 23901.3000,  3, 288.80, 11.424999999999272
170186, 23901.7150,  3, 318.30, 11.854999999999563
170190, 23902.1300,  3, 300.49, 12.264999999999418
170191, 23902.2350,  3, 318.95, 12.334999999999127
170195, 23902.6500,  3, 339.88, 12.755000000001019
170200, 23903.1750,  3, 306.74, 13.2599999999984
170206, 23903.8000,  3, 303.95, 13.909999999999854
170266, 23910.0500,  3, 268.88, 20.159999999999854
170376, 23934.5750,  3, 332.83, 11.265000000003056
170379, 23934.8900,  3, 317.21, 11.605000000003201
170381, 23935.0950,  3, 326.04, 11.855000000003201
170382, 23935.2000,  3, 339.41, 11.895000000000437
170382, 23935.2000,  3, 309.27, 11.875
170391, 23936.1400,  3, 312.24, 12.880000000001019
170393, 23936.3450,  3, 334.89, 13.05000000000291
170413, 23938.4300,  3, 286.98, 15.145000000000437
170522, 23963.6800,  3, 312.73, 11.229999999999563
170524, 23963.8900,  3, 318.06, 11.450000000000728
170529, 23964.4100,  3, 312.11, 11.954999999998108
170530, 23964.5150,  3, 314.48, 12.079999999998108
170531, 23964.6150,  3, 323.67, 12.125
170546, 23966.1800,  3, 321.85, 13.724999999998545
170554, 23967.0150,  3, 302.71, 14.569999999999709
170601, 23971.9100,  3, 282.81, 19.3849999999984
170704, 23996.4650,  3, 332.28, 10.555000000000291
170714, 23997.5050,  3, 332.20, 11.6150000000016
170719, 23998.0250,  3, 335.42, 12.180000000000291
170722, 23998.3400,  3, 286.09, 12.450000000000728
170722, 23998.3400,  3, 321.86, 12.395000000000437
170724, 23998.5500,  3, 329.41, 12.650000000001455
170731, 23999.2750,  3, 267.27, 13.369999999998981
170755, 24001.7750,  3, 308.09, 15.834999999999127
170869, 24026.7350,  3, 327.40, 11.694999999999709
170869, 24026.7350,  3, 303.85, 11.764999999999418
170872, 24027.0500,  3, 337.48, 12.06000000000131
170876, 24027.4650,  3, 316.22, 12.444999999999709
170879, 24027.7750,  3, 302.18, 12.735000000000582
170882, 24028.0900,  3, 308.85, 13.090000000000146
170886, 24028.5050,  3, 323.73, 13.529999999998836
170893, 24029.2350,  3, 301.07, 14.235000000000582
171002, 24053.6150,  3, 324.56, 11.159999999999854
171008, 24054.2400,  3, 299.08, 11.794999999998254
171010, 24054.4500,  3, 305.06, 12.06499999999869
171014, 24054.8650,  3, 293.11, 12.424999999999272
171016, 24055.0750,  3, 324.42, 12.674999999999272
171017, 24055.1800,  3, 306.74, 12.764999999999418
171022, 24055.7000,  3, 288.87, 13.309999999997672
171024, 24055.9100,  3, 324.13, 13.5
171096, 24076.1950,  1, -179.33, 7.395000000000437
171136, 24080.3600,  3, 333.39, 11.459999999999127
171136, 24080.3600,  3, 299.12, 11.534999999999854
171141, 24080.8800,  3, 283.55, 11.985000000000582
171141, 24080.8800,  3, 324.32, 12.034999999999854
171151, 24081.9250,  3, 296.53, 13.040000000000873
171151, 24081.9250,  3, 303.52, 13.090000000000146
171157, 24082.5500,  3, 285.54, 13.650000000001455
171273, 24107.5500,  3, 303.01, 11.909999999999854
171273, 24107.5500,  3, 333.58, 11.889999999999418
171276, 24107.8600,  3, 302.37, 12.260000000002037
171286, 24108.9000,  3, 291.89, 13.235000000000582
171289, 24109.2150,  3, 328.97, 13.555000000000291
171301, 24110.4650,  3, 310.16, 14.790000000000873
171304, 24110.7750,  3, 311.95, 15.110000000000582
171386, 24119.3200,  3, 279.21, 23.735000000000582
171495, 24143.3900,  3, 319.67, 11.209999999999127
171498, 24143.7000,  3, 335.46, 11.514999999999418
171498, 24143.7000,  3, 318.11, 11.459999999999127
171500, 24143.9100,  3, 312.33, 11.75
171508, 24144.7400,  3, 316.34, 12.514999999999418
171512, 24145.1600,  3, 306.59, 12.979999999999563
171512, 24145.1600,  3, 319.02, 12.985000000000582
171523, 24146.3050,  3, 319.19, 14.159999999999854
171630, 24170.4250,  3, 339.24, 11.034999999999854
171632, 24170.6300,  3, 333.95, 11.244999999998981
171638, 24171.2550,  3, 324.84, 11.834999999999127
171640, 24171.4650,  3, 335.46, 12.020000000000437
171643, 24171.7750,  3, 325.83, 12.319999999999709
171651, 24172.6100,  3, 305.45, 13.164999999997235
171664, 24173.9650,  3, 279.98, 14.56499999999869
171898, 24198.3400,  3, 195.39, 38.92499999999927
172006, 24223.5050,  3, 337.01, 11.139999999999418
172007, 24223.6100,  3, 330.61, 11.18999999999869
172009, 24223.8200,  3, 338.43, 11.360000000000582
172009, 24223.8200,  3, 334.16, 11.450000000000728
172013, 24224.2350,  3, 333.63, 11.840000000000146
172016, 24224.5500,  3, 351.35, 12.114999999997963
172021, 24225.0700,  3, 301.74, 12.625
172037, 24226.7350,  3, 317.42, 14.309999999997672
172148, 24251.3300,  3, 329.53, 11.3849999999984
172152, 24251.7500,  3, 326.34, 11.775000000001455
172156, 24252.1650,  3, 328.97, 12.235000000000582
172157, 24252.2700,  3, 315.09, 12.389999999999418
172164, 24253.0000,  3, 335.03, 13.119999999998981
172197, 24256.4350,  3, 327.22, 16.549999999999272
172210, 24257.7900,  3, 295.40, 17.8650000000016
172248, 24261.7500,  3, 290.61, 21.834999999999127
172354, 24285.8000,  3, 318.76, 10.834999999999127
172358, 24286.2150,  3, 286.78, 11.309999999997672
172366, 24287.0500,  3, 306.56, 12.1349999999984
172367, 24287.1500,  3, 343.66, 12.194999999999709
172379, 24288.4000,  3, 338.46, 13.43999999999869
172381, 24288.6100,  3, 306.78, 13.659999999999854
172382, 24288.7150,  3, 320.90, 13.809999999997672
172386, 24289.1300,  3, 238.66, 14.235000000000582
172493, 24313.1800,  3, 353.36, 10.979999999999563
172495, 24313.3900,  3, 321.25, 11.170000000001892
172496, 24313.4900,  3, 328.31, 11.255000000001019
172504, 24314.3250,  3, 315.02, 12.1150000000016
172509, 24314.8450,  3, 313.05, 12.68500000000131
172515, 24315.4700,  3, 336.10, 13.255000000001019
172517, 24315.6800,  3, 307.57, 13.505000000001019
172578, 24322.0350,  3, 231.66, 19.834999999999127
172693, 24346.9450,  3, 345.39, 11.830000000001746
172698, 24347.4650,  3, 303.15, 12.360000000000582
172702, 24347.8800,  3, 319.12, 12.705000000001746
172702, 24347.8800,  3, 296.81, 12.795000000001892
172712, 24348.9250,  3, 307.08, 13.840000000000146
172718, 24349.5500,  3, 348.89, 14.430000000000291
172725, 24350.2750,  3, 300.25, 15.159999999999854
172746, 24352.4650,  3, 263.83, 17.38000000000102
172868, 24378.3950,  3, 317.38, 12.510000000002037
172869, 24378.5000,  3, 300.44, 12.630000000001019
172877, 24379.3300,  3, 338.05, 13.460000000002765
172878, 24379.4350,  3, 309.72, 13.605000000003201
172880, 24379.6450,  3, 310.56, 13.75
172898, 24381.5200,  3, 323.44, 15.715000000000146
172909, 24382.6650,  3, 280.99, 16.79500000000189
173106, 24403.1850,  3, 123.88, 37.335000000002765
173178, 24424.5700,  1, -144.89, 7.395000000000437
173215, 24428.4250,  3, 341.59, 11.215000000000146
173218, 24428.7350,  3, 294.24, 11.494999999998981
173219, 24428.8400,  3, 299.65, 11.650000000001455
173219, 24428.8400,  3, 301.59, 11.575000000000728
173228, 24429.7750,  3, 327.81, 12.545000000001892
173231, 24430.0900,  3, 278.55, 12.889999999999418
173239, 24430.9250,  3, 319.85, 13.715000000000146
173348, 24455.4250,  3, 279.86, 11.200000000000728
173349, 24455.5250,  3, 311.98, 11.325000000000728
173354, 24456.0500,  1, -140.48, 11.875
173355, 24456.1500,  3, 318.30, 11.955000000001746
173355, 24456.1500,  3, 318.94, 11.895000000000437
173358, 24456.4650,  3, 309.23, 12.215000000000146
173365, 24457.1950,  3, 340.42, 12.950000000000728
173366, 24457.3000,  3, 334.81, 13.090000000000146
173468, 24481.6950,  3, 344.45, 10.424999999999272
173470, 24481.9000,  3, 274.91, 10.635000000002037
173473, 24482.2150,  3, 329.23, 10.940000000002328
173475, 24482.4250,  3, 289.49, 11.209999999999127
173478, 24482.7350,  3, 327.31, 11.510000000002037
173480, 24482.9450,  3, 318.77, 11.755000000001019
173482, 24483.1500,  3, 324.94, 11.965000000000146
173550, 24490.2350,  3, 294.82, 18.970000000001164
173664, 24515.1500,  3, 332.56, 11.670000000001892
173672, 24515.9850,  3, 339.93, 12.575000000000728
173672, 24515.9850,  3, 306.41, 12.575000000000728
173677, 24516.5050,  3, 272.09, 13.085000000002765
173680, 24516.8200,  3, 294.07, 13.335000000002765
173683, 24517.1300,  3, 314.31, 13.680000000000291
173685, 24517.3400,  3, 276.05, 13.940000000002328
173771, 24526.3000,  3, 260.93, 22.81500000000233
173877, 24550.9900,  3, 294.94, 10.854999999999563
173879, 24551.2000,  3, 293.53, 11.055000000000291
173885, 24551.8250,  3, 282.86, 11.674999999999272
173885, 24551.8250,  3, 336.36, 11.704999999998108
173894, 24552.7650,  3, 335.91, 12.674999999999272
173903, 24553.7000,  3, 315.52, 13.639999999999418
173904, 24553.8050,  3, 331.02, 13.650000000001455
173904, 24553.8050,  3, 313.05, 13.680000000000291
174013, 24578.2050,  3, 337.36, 11.209999999999127
174019, 24578.8300,  3, 327.28, 11.794999999998254
174020, 24578.9350,  3, 309.34, 11.954999999998108
174022, 24579.1450,  3, 331.29, 12.084999999999127
174029, 24579.8750,  3, 328.01, 12.844999999997526
174041, 24581.1250,  3, 317.47, 14.139999999999418
174041, 24581.1250,  3, 297.98, 14.12999999999738
174045, 24581.5400,  3, 308.85, 14.539999999997235
174153, 24606.3650,  3, 320.45, 11.055000000000291
174162, 24607.3050,  3, 336.11, 12.044999999998254
174165, 24607.6150,  3, 293.60, 12.305000000000291
174165, 24607.6150,  3, 296.89, 12.309999999997672
174173, 24608.4500,  3, 321.69, 13.12999999999738
174176, 24608.7650,  3, 329.71, 13.5099999999984
174181, 24609.2850,  3, 281.85, 13.969999999997526
174220, 24613.3450,  3, 305.50, 18.094999999997526
174329, 24637.7050,  3, 295.62, 11.169999999998254
174331, 24637.9150,  3, 308.84, 11.44999999999709
174335, 24638.3300,  3, 285.16, 11.849999999998545
174341, 24638.9550,  3, 327.55, 12.474999999998545
174343, 24639.1650,  3, 309.00, 12.674999999999272
174344, 24639.2700,  3, 326.30, 12.804999999996653
174347, 24639.5800,  3, 326.69, 13.049999999999272
174347, 24639.5800,  3, 317.70, 13.07499999999709
174458, 24664.0400,  3, 330.49, 11.360000000000582
174464, 24664.6650,  3, 329.82, 12.075000000000728
174465, 24664.7700,  3, 333.73, 12.080000000001746
174466, 24664.8750,  3, 339.60, 12.255000000001019
174467, 24664.9800,  3, 318.01, 12.385000000002037
174471, 24665.3950,  3, 315.73, 12.764999999999418
174476, 24665.9150,  3, 309.64, 13.280000000002474
174493, 24667.6850,  3, 324.13, 15.040000000000873
174596, 24692.1750,  3, 285.89, 10.56000000000131
174599, 24692.4850,  3, 325.32, 10.909999999999854
174607, 24693.3200,  3, 362.79, 11.705000000001746
174610, 24693.6300,  3, 342.33, 12.045000000001892
174614, 24694.0500,  3, 308.12, 12.395000000000437
174618, 24694.4650,  3, 327.89, 12.885000000002037
174624, 24695.0900,  3, 313.81, 13.5
174637, 24696.4450,  3, 336.13, 14.860000000000582
174749, 24722.0900,  3, 317.17, 11.460000000002765
174751, 24722.3000,  3, 329.17, 11.68500000000131
174753, 24722.5050,  3, 307.11, 11.905000000002474
174761, 24723.3400,  3, 326.34, 12.80000000000291
174763, 24723.5500,  3, 301.82, 12.92500000000291
174769, 24724.1750,  3, 320.21, 13.55000000000291
174773, 24724.5900,  3, 348.61, 14.0
174795, 24726.8800,  3, 286.17, 16.330000000001746
174909, 24751.5550,  3, 315.66, 11.665000000000873
174910, 24751.6600,  3, 318.88, 11.775000000001455
174913, 24751.9700,  3, 320.87, 12.159999999999854
174913, 24751.9700,  3, 277.43, 12.1150000000016
174914, 24752.0750,  3, 316.28, 12.284999999999854
174927, 24753.4300,  3, 299.14, 13.610000000000582
174930, 24753.7400,  3, 319.36, 13.920000000001892
174930, 24753.7400,  3, 316.38, 13.950000000000728
175043, 24778.4450,  3, 326.92, 11.579999999998108
175044, 24778.5500,  3, 306.33, 11.769999999996799
175044, 24778.5500,  3, 333.23, 11.7599999999984
175050, 24779.1750,  3, 336.78, 12.340000000000146
175058, 24780.0050,  3, 325.07, 13.154999999998836
175060, 24780.2150,  3, 327.20, 13.3849999999984
175071, 24781.3600,  3, 289.10, 14.555000000000291
175078, 24782.0900,  3, 312.42, 15.209999999999127
175190, 24806.5050,  3, 320.38, 11.545000000001892
175199, 24807.4450,  3, 324.60, 12.395000000000437
175202, 24807.7550,  3, 304.94, 12.720000000001164
175204, 24807.9650,  3, 300.33, 12.930000000000291
175205, 24808.0700,  3, 317.54, 13.104999999999563
175208, 24808.3800,  3, 323.62, 13.400000000001455
175209, 24808.4850,  3, 318.24, 13.529999999998836
175264, 24814.2150,  3, 287.41, 19.2400000000016
175375, 24839.6800,  3, 346.81, 11.43500000000131
175375, 24839.6800,  3, 288.70, 11.430000000000291
175381, 24840.3050,  3, 324.63, 12.075000000000728
175382, 24840.4100,  3, 358.28, 12.105000000003201
175383, 24840.5150,  3, 327.61, 12.225000000002183
175386, 24840.8250,  3, 304.73, 12.520000000000437
175403, 24842.5950,  3, 338.24, 14.270000000000437
175403, 24842.5950,  3, 306.71, 14.319999999999709
175521, 24867.8250,  3, 339.26, 12.1150000000016
175522, 24867.9300,  3, 322.43, 12.255000000001019
175523, 24868.0350,  3, 314.64, 12.345000000001164
175527, 24868.4500,  3, 307.83, 12.795000000001892
175528, 24868.5550,  3, 316.46, 12.815000000002328
175530, 24868.7650,  3, 322.02, 13.1150000000016
175534, 24869.1800,  3, 337.53, 13.4900000000016
175534, 24869.1800,  3, 348.02, 13.475000000002183
175641, 24893.2650,  3, 313.67, 10.9900000000016
175641, 24893.2650,  3, 325.49, 10.950000000000728
175651, 24894.3050,  3, 328.27, 12.065000000002328
175652, 24894.4100,  3, 334.07, 12.165000000000873
175653, 24894.5150,  3, 294.73, 12.265000000003056
175654, 24894.6150,  3, 313.61, 12.315000000002328
175658, 24895.0350,  3, 346.05, 12.705000000001746
175667, 24895.9700,  3, 305.09, 13.720000000001164
175779, 24921.5400,  3, 323.72, 11.540000000000873
175787, 24922.3750,  3, 315.07, 12.319999999999709
175791, 24922.7900,  3, 323.91, 12.725000000002183
175799, 24923.6250,  3, 355.04, 13.56499999999869
175806, 24924.3550,  3, 297.48, 14.369999999998981
175819, 24925.7050,  3, 296.25, 15.694999999999709
175833, 24927.1650,  3, 292.28, 17.159999999999854
175921, 24936.3300,  3, 246.80, 26.31000000000131
176031, 24961.3950,  3, 327.93, 11.255000000001019
176032, 24961.5000,  3, 324.49, 11.355000000003201
176035, 24961.8100,  3, 334.84, 11.680000000000291
176039, 24962.2300,  3, 337.58, 12.135000000002037
176039, 24962.2300,  3, 302.45, 12.095000000001164
176048, 24963.1650,  3, 294.98, 13.095000000001164
176053, 24963.6850,  3, 323.77, 13.540000000000873
176075, 24965.9800,  3, 319.57, 15.835000000002765
176189, 24990.7500,  3, 297.05, 11.694999999999709
176190, 24990.8550,  3, 317.41, 11.834999999999127
176191, 24990.9550,  3, 282.39, 11.904999999998836
176192, 24991.0600,  3, 327.68, 12.06000000000131
176197, 24991.5800,  3, 305.72, 12.56000000000131
176201, 24992.0000,  3, 349.71, 12.975000000002183
176202, 24992.1050,  3, 285.69, 13.040000000000873
176206, 24992.5200,  3, 312.10, 13.525000000001455
176323, 25018.5000,  3, 319.30, 12.029999999998836
176325, 25018.7050,  3, 312.86, 12.18999999999869
176329, 25019.1250,  3, 316.76, 12.669999999998254
176336, 25019.8550,  3, 284.69, 13.409999999999854
176347, 25021.0000,  3, 325.93, 14.555000000000291
176362, 25022.5600,  3, 281.90, 16.139999999999418
176362, 25022.5600,  3, 280.68, 16.11999999999898
176371, 25023.5000,  3, 285.17, 17.00499999999738
176486, 25048.4300,  3, 308.98, 11.819999999999709
176488, 25048.6400,  3, 320.68, 12.0099999999984
176489, 25048.7400,  3, 314.24, 12.090000000000146
176496, 25049.4700,  3, 299.22, 12.904999999998836
176500, 25049.8900,  3, 315.83, 13.294999999998254
176505, 25050.4100,  3, 326.11, 13.775000000001455
176515, 25051.4500,  3, 319.72, 14.819999999999709
176529, 25052.9100,  3, 310.14, 16.294999999998254
176634, 25076.7900,  3, 329.15, 10.780000000002474
176639, 25077.3100,  3, 338.88, 11.284999999999854
176640, 25077.4150,  3, 337.88, 11.354999999999563
176642, 25077.6250,  3, 335.05, 11.590000000000146
176656, 25079.0800,  3, 336.41, 13.1150000000016
176658, 25079.2900,  3, 323.65, 13.264999999999418
176661, 25079.6050,  3, 322.66, 13.595000000001164
176665, 25080.0200,  3, 301.34, 14.049999999999272
176782, 25105.4650,  3, 316.77, 12.075000000000728
176783, 25105.5700,  3, 299.16, 12.174999999999272
176788, 25106.0900,  3, 330.57, 12.614999999997963
176788, 25106.0900,  3, 321.64, 12.6349999999984
176789, 25106.1950,  3, 336.91, 12.715000000000146
176793, 25106.6100,  3, 322.52, 13.12999999999738
176803, 25107.6500,  3, 293.09, 14.204999999998108
176815, 25108.9000,  3, 335.64, 15.465000000000146
176923, 25132.9500,  3, 336.27, 11.06000000000131
176931, 25133.7850,  3, 323.26, 11.93500000000131
176931, 25133.7850,  3, 321.15, 11.93999999999869
176938, 25134.5150,  3, 354.05, 12.6349999999984
176952, 25135.9700,  3, 265.13, 14.079999999998108
176954, 25136.1800,  3, 300.92, 14.299999999999272
176956, 25136.3900,  3, 329.93, 14.5099999999984
177075, 25148.7850,  3, 222.79, 26.8849999999984
177193, 25174.0050,  3, 318.49, 12.099999999998545
177193, 25174.0050,  3, 337.18, 12.080000000001746
177195, 25174.2150,  3, 324.96, 12.31000000000131
177197, 25174.4250,  3, 312.70, 12.590000000000146
177204, 25175.1500,  3, 312.16, 13.279999999998836
177212, 25175.9850,  3, 275.19, 14.1150000000016
177213, 25176.0900,  3, 336.13, 14.18500000000131
177226, 25177.4450,  3, 310.44, 15.619999999998981
177334, 25201.8250,  3, 328.99, 11.084999999999127
177335, 25201.9300,  3, 308.20, 11.244999999998981
177343, 25202.7650,  3, 330.65, 11.979999999999563
177345, 25202.9700,  3, 305.40, 12.239999999997963
177348, 25203.2850,  3, 316.55, 12.529999999998836
177349, 25203.3900,  3, 296.12, 12.68999999999869
177361, 25204.6400,  3, 316.91, 13.954999999998108
177366, 25205.1600,  3, 318.01, 14.3849999999984
177479, 25229.9300,  3, 329.31, 11.604999999999563
177483, 25230.3450,  3, 308.98, 12.06000000000131
177487, 25230.7650,  3, 299.16, 12.479999999999563
177487, 25230.7650,  3, 319.50, 12.450000000000728
177490, 25231.0750,  3, 339.36, 12.770000000000437
177491, 25231.1800,  3, 321.61, 12.850000000002183
177494, 25231.4900,  3, 321.47, 13.139999999999418
177507, 25232.8450,  3, 334.67, 14.4900000000016
177621, 25257.8000,  3, 329.77, 11.715000000000146
177626, 25258.3200,  3, 348.10, 12.25
177626, 25258.3200,  3, 316.52, 12.204999999998108
177634, 25259.1500,  3, 279.90, 13.069999999999709
177635, 25259.2550,  3, 343.13, 13.219999999997526
177642, 25259.9850,  3, 305.73, 13.904999999998836
177657, 25261.5500,  3, 298.50, 15.514999999999418
177681, 25264.0500,  3, 326.00, 17.95499999999811
177788, 25288.3200,  3, 317.32, 10.975000000002183
177792, 25288.7350,  3, 326.60, 11.444999999999709
177796, 25289.1500,  3, 332.62, 11.805000000000291
177797, 25289.2550,  3, 347.92, 11.93500000000131
177807, 25290.3000,  3, 345.99, 12.970000000001164
177810, 25290.6100,  3, 312.97, 13.260000000002037
177814, 25291.0250,  3, 332.46, 13.700000000000728
177820, 25291.6500,  3, 294.50, 14.315000000002328
177923, 25315.4800,  3, 337.52, 10.610000000000582
177939, 25317.1450,  3, 331.25, 12.25
177939, 25317.1450,  3, 314.22, 12.229999999999563
177944, 25317.6650,  3, 320.38, 12.799999999999272
177946, 25317.8750,  3, 326.51, 12.979999999999563
177947, 25317.9800,  3, 325.15, 13.034999999999854
177957, 25319.0200,  3, 330.32, 14.100000000002183
177985, 25321.9350,  3, 331.48, 17.00500000000102
178088, 25345.4100,  3, 336.87, 10.529999999998836
178095, 25346.1400,  3, 333.10, 11.334999999999127
178102, 25346.8650,  3, 330.14, 12.034999999999854
178104, 25347.0750,  3, 312.12, 12.264999999999418
178122, 25348.9500,  3, 329.29, 14.099999999998545
178134, 25350.2000,  3, 299.51, 15.404999999998836
178152, 25352.0750,  3, 325.76, 17.209999999999127
178172, 25354.1600,  3, 270.36, 19.345000000001164
178277, 25378.0950,  3, 328.54, 10.799999999999272
178296, 25380.0750,  3, 341.50, 12.799999999999272
178300, 25380.4900,  3, 305.50, 13.159999999999854
178303, 25380.8050,  3, 343.99, 13.479999999999563
178303, 25380.8050,  3, 300.35, 13.470000000001164
178309, 25381.4300,  3, 291.54, 14.075000000000728
178316, 25382.1600,  3, 294.44, 14.825000000000728
178335, 25384.1400,  3, 288.71, 16.799999999999272
178443, 25408.3100,  3, 340.95, 11.084999999999127
178454, 25409.4550,  3, 335.77, 12.2599999999984
178455, 25409.5600,  3, 296.87, 12.319999999999709
178456, 25409.6650,  3, 325.70, 12.43999999999869
178462, 25410.2900,  3, 352.45, 13.034999999999854
178464, 25410.5000,  3, 312.01, 13.25499999999738
178466, 25410.7050,  3, 326.61, 13.50499999999738
178476, 25411.7500,  3, 280.17, 14.56499999999869
178588, 25436.3650,  3, 328.92, 11.529999999998836
178592, 25436.7850,  3, 305.51, 11.930000000000291
178593, 25436.8900,  3, 319.92, 12.025000000001455
178605, 25438.1400,  3, 314.42, 13.305000000000291
178606, 25438.2400,  3, 332.26, 13.364999999997963
178608, 25438.4500,  3, 339.83, 13.595000000001164
178613, 25438.9700,  3, 311.34, 14.06499999999869
178629, 25440.6400,  3, 307.91, 15.784999999999854
178740, 25465.2700,  3, 341.26, 11.37000000000262
178745, 25465.7900,  3, 305.24, 11.920000000001892
178747, 25466.0000,  3, 329.19, 12.100000000002183
178747, 25466.0000,  3, 291.72, 12.100000000002183
178751, 25466.4150,  3, 302.16, 12.520000000000437
178755, 25466.8300,  3, 294.30, 13.0
178760, 25467.3550,  3, 333.53, 13.49500000000262
178767, 25468.0800,  3, 318.06, 14.18500000000131
178885, 25493.2350,  3, 334.49, 12.080000000001746
178890, 25493.7550,  3, 327.49, 12.659999999999854
178890, 25493.7550,  3, 318.37, 12.659999999999854
178892, 25493.9650,  3, 318.84, 12.889999999999418
178893, 25494.0700,  3, 321.03, 12.920000000001892
178897, 25494.4850,  3, 331.11, 13.395000000000437
178898, 25494.5900,  3, 323.89, 13.525000000001455
178918, 25496.6750,  3, 294.61, 15.569999999999709
179003, 25518.5800,  1, -132.26, 8.75
179029, 25521.2900,  3, 340.03, 11.414999999997235
179036, 25522.0200,  3, 293.96, 12.144999999996799
179036, 25522.0200,  3, 304.47, 12.174999999999272
179042, 25522.6450,  3, 302.45, 12.789999999997235
179044, 25522.8550,  3, 290.31, 12.969999999997526
179051, 25523.5800,  3, 313.23, 13.664999999997235
179074, 25525.9800,  3, 293.76, 16.139999999999418
179179, 25549.9000,  3, 341.16, 10.75
179182, 25550.2150,  3, 333.69, 11.095000000001164
179190, 25551.0500,  3, 336.40, 11.880000000001019
179196, 25551.6750,  3, 309.23, 12.599999999998545
179200, 25552.0900,  3, 288.20, 13.005000000001019
179204, 25552.5050,  3, 298.86, 13.334999999999127
179213, 25553.4450,  3, 310.00, 14.279999999998836
179213, 25553.4450,  3, 306.01, 14.299999999999272
179324, 25578.0000,  3, 328.92, 11.3650000000016
179326, 25578.2050,  3, 313.45, 11.6150000000016
179330, 25578.6250,  3, 313.22, 12.075000000000728
179339, 25579.5600,  3, 348.27, 12.970000000001164
179341, 25579.7700,  3, 311.78, 13.220000000001164
179344, 25580.0800,  3, 351.96, 13.4900000000016
179351, 25580.8100,  3, 290.75, 14.255000000001019
179358, 25581.5400,  3, 285.87, 14.905000000002474
179440, 25603.0050,  1, -126.84, 8.43500000000131
179490, 25608.2150,  3, 267.72, 13.599999999998545
179493, 25608.5250,  3, 307.68, 13.869999999998981
179496, 25608.8400,  3, 286.48, 14.229999999999563
179498, 25609.0500,  3, 309.30, 14.459999999999127
179505, 25609.7750,  3, 334.67, 15.194999999999709
179519, 25611.2350,  3, 274.72, 16.61999999999898
179536, 25613.0050,  3, 267.87, 18.334999999999127
179643, 25637.8650,  3, 320.28, 11.020000000000437
179643, 25637.8650,  3, 337.49, 11.0099999999984
179651, 25638.7000,  3, 325.83, 11.849999999998545
179653, 25638.9100,  3, 306.55, 12.0099999999984
179655, 25639.1150,  3, 320.10, 12.235000000000582
179667, 25640.3650,  3, 330.37, 13.489999999997963
179693, 25643.0750,  3, 280.23, 16.165000000000873
179719, 25645.7850,  3, 298.07, 18.95499999999811
179824, 25669.5700,  3, 310.01, 10.805000000000291
179829, 25670.0900,  3, 289.74, 11.325000000000728
179836, 25670.8200,  3, 356.15, 12.06499999999869
179837, 25670.9250,  3, 328.37, 12.139999999999418
179843, 25671.5500,  3, 305.42, 12.729999999999563
179847, 25671.9650,  3, 308.82, 13.224999999998545
179860, 25673.3200,  3, 293.13, 14.485000000000582
179861, 25673.4250,  3, 304.61, 14.614999999997963
179968, 25697.5050,  3, 335.47, 10.985000000000582
179970, 25697.7150,  3, 354.03, 11.215000000000146
179976, 25698.3400,  3, 331.42, 11.799999999999272
179978, 25698.5500,  3, 293.81, 12.0
179983, 25699.0700,  3, 321.60, 12.529999999998836
179995, 25700.3200,  3, 301.27, 13.845000000001164
179998, 25700.6300,  3, 317.75, 14.1349999999984
179998, 25700.6300,  3, 265.79, 14.125
180113, 25725.8250,  3, 343.90, 11.849999999998545
180114, 25725.9300,  3, 341.67, 11.969999999997526
180117, 25726.2400,  3, 327.61, 12.255000000001019
180118, 25726.3450,  3, 314.78, 12.329999999998108
180122, 25726.7650,  3, 329.10, 12.809999999997672
180131, 25727.7000,  3, 335.56, 13.674999999999272
180209, 25735.8250,  3, 298.40, 21.825000000000728
180479, 25763.9500,  2, -91.81,  50
180588, 25788.4350,  3, 345.50, 11.06000000000131
180590, 25788.6450,  3, 336.86, 11.30000000000291
180605, 25790.2050,  3, 310.66, 12.825000000000728
180606, 25790.3100,  3, 331.79, 12.920000000001892
180618, 25791.5600,  3, 314.15, 14.200000000000728
180622, 25791.9800,  3, 309.51, 14.6150000000016
180627, 25792.5000,  3, 299.98, 15.160000000003492
180630, 25792.8100,  3, 295.08, 15.49500000000262
180739, 25818.0250,  3, 347.76, 11.18999999999869
180742, 25818.3400,  3, 351.47, 11.555000000000291
180747, 25818.8600,  3, 333.66, 12.024999999997817
180748, 25818.9650,  3, 333.17, 12.154999999998836
180757, 25819.9000,  3, 314.94, 13.039999999997235
180762, 25820.4250,  3, 323.53, 13.609999999996944
180770, 25821.2550,  3, 291.14, 14.424999999999272
180787, 25823.0250,  3, 302.26, 16.169999999998254
180898, 25847.4300,  3, 335.13, 11.42500000000291
180902, 25847.8450,  3, 336.24, 11.840000000000146
180903, 25847.9500,  3, 324.49, 11.890000000003056
180904, 25848.0550,  3, 327.60, 12.0
180914, 25849.0950,  3, 310.61, 13.080000000001746
180914, 25849.0950,  3, 340.09, 13.080000000001746
180922, 25849.9300,  3, 293.18, 13.885000000002037
180930, 25850.7650,  3, 317.53, 14.755000000001019
181043, 25875.5350,  3, 332.55, 11.650000000001455
181045, 25875.7400,  3, 353.39, 11.780000000002474
181048, 25876.0550,  3, 333.38, 12.104999999999563
181050, 25876.2650,  3, 310.08, 12.375
181052, 25876.4700,  3, 303.77, 12.5
181059, 25877.2000,  3, 317.76, 13.284999999999854
181065, 25877.8250,  3, 339.40, 13.860000000000582
181067, 25878.0350,  3, 294.50, 14.100000000002183
181170, 25902.0000,  3, 336.26, 10.56000000000131
181175, 25902.5200,  3, 296.74, 11.139999999999418
181180, 25903.0400,  3, 282.12, 11.610000000000582
181182, 25903.2500,  3, 332.36, 11.8650000000016
181187, 25903.7700,  3, 312.12, 12.325000000000728
181189, 25903.9800,  3, 323.88, 12.584999999999127
181193, 25904.3950,  3, 287.65, 12.915000000000873
181194, 25904.5000,  3, 337.51, 13.095000000001164
181311, 25930.3750,  3, 319.94, 12.079999999998108
181313, 25930.5800,  3, 329.35, 12.25
181320, 25931.3100,  3, 322.95, 12.919999999998254
181323, 25931.6250,  3, 344.07, 13.290000000000873
181335, 25932.8750,  3, 312.94, 14.575000000000728
181362, 25935.6850,  3, 307.58, 17.37999999999738
181364, 25935.8950,  3, 314.96, 17.575000000000728
181522, 25952.3550,  3, 179.59, 33.95999999999913
181627, 25977.1800,  3, 335.45, 10.805000000000291
181636, 25978.1150,  3, 321.50, 11.720000000001164
181641, 25978.6400,  3, 301.65, 12.280000000002474
181653, 25979.8900,  3, 325.17, 13.525000000001455
181659, 25980.5150,  3, 322.98, 14.110000000000582
181684, 25983.1150,  3, 306.08, 16.69499999999971
181735, 25988.4300,  3, 262.27, 22.05000000000291
181788, 25993.9500,  3, 261.97, 27.5
181896, 26019.1150,  3, 287.40, 11.1349999999984
181899, 26019.4300,  3, 351.71, 11.43999999999869
181901, 26019.6400,  3, 300.27, 11.57499999999709
181901, 26019.6400,  3, 346.06, 11.569999999999709
181904, 26019.9500,  3, 342.68, 11.919999999998254
181905, 26020.0550,  3, 323.87, 12.049999999999272
181912, 26020.7850,  3, 260.29, 12.7599999999984
181929, 26022.5550,  3, 300.70, 14.5099999999984
182042, 26047.1800,  3, 313.80, 11.639999999999418
182045, 26047.4900,  3, 326.78, 11.889999999999418
182051, 26048.1150,  3, 322.49, 12.569999999999709
182052, 26048.2200,  3, 330.22, 12.670000000001892
182054, 26048.4300,  3, 314.75, 12.81000000000131
182063, 26049.3650,  3, 338.00, 13.795000000001892
182068, 26049.8900,  3, 302.97, 14.3650000000016
182076, 26050.7200,  3, 313.75, 15.135000000002037
182184, 26075.6500,  3, 350.20, 11.080000000001746
182194, 26076.6950,  3, 344.42, 12.155000000002474
182196, 26076.9000,  3, 327.27, 12.305000000000291
182196, 26076.9000,  3, 316.49, 12.345000000001164
182197, 26077.0050,  3, 335.62, 12.405000000002474
182211, 26078.4650,  3, 279.76, 13.8650000000016
182228, 26080.2350,  3, 307.36, 15.625
182239, 26081.3800,  3, 291.03, 16.770000000000437
182348, 26105.6500,  3, 330.27, 11.174999999999272
182350, 26105.8600,  3, 320.07, 11.444999999999709
182352, 26106.0700,  3, 344.35, 11.649999999997817
182357, 26106.5900,  3, 350.08, 12.099999999998545
182361, 26107.0050,  3, 332.91, 12.529999999998836
182362, 26107.1100,  3, 336.29, 12.680000000000291
182378, 26108.7750,  3, 294.10, 14.284999999999854
182418, 26112.9450,  3, 298.11, 18.43999999999869
182526, 26137.0800,  3, 337.45, 11.040000000000873
182529, 26137.3950,  3, 318.06, 11.360000000000582
182530, 26137.5000,  3, 341.58, 11.55000000000291
182531, 26137.6050,  3, 322.78, 11.62000000000262
182545, 26139.0600,  3, 346.92, 13.06000000000131
182549, 26139.4800,  3, 303.08, 13.530000000002474
182566, 26141.2500,  3, 289.90, 15.280000000002474
182577, 26142.3950,  3, 282.87, 16.415000000000873
182689, 26166.9300,  3, 350.33, 11.485000000000582
182689, 26166.9300,  3, 325.77, 11.505000000001019
182695, 26167.5550,  3, 344.21, 12.170000000001892
182697, 26167.7650,  3, 338.43, 12.350000000002183
182704, 26168.4900,  3, 261.61, 13.049999999999272
182706, 26168.7000,  3, 326.23, 13.2400000000016
182707, 26168.8050,  3, 306.94, 13.345000000001164
182718, 26169.9500,  3, 290.39, 14.534999999999854
182827, 26194.2200,  3, 342.37, 11.140000000003056
182831, 26194.6400,  3, 343.22, 11.659999999999854
182832, 26194.7400,  3, 338.55, 11.75
182833, 26194.8450,  3, 336.35, 11.790000000000873
182840, 26195.5750,  3, 348.54, 12.515000000003056
182853, 26196.9300,  3, 336.77, 13.875
182861, 26197.7650,  3, 318.53, 14.720000000001164
182967, 26208.8050,  3, 282.06, 25.81000000000131
183076, 26233.1300,  3, 331.12, 11.190000000002328
183076, 26233.1300,  3, 349.77, 11.2400000000016
183080, 26233.5500,  3, 321.41, 11.580000000001746
183082, 26233.7550,  3, 355.16, 11.840000000000146
183092, 26234.8000,  3, 320.89, 12.87000000000262
183093, 26234.9000,  3, 296.85, 12.93500000000131
183094, 26235.0050,  3, 323.71, 13.030000000002474
183108, 26236.4650,  3, 314.48, 14.575000000000728
183214, 26260.7300,  3, 370.58, 10.900000000001455
183222, 26261.5600,  3, 347.60, 11.715000000000146
183226, 26261.9800,  3, 336.50, 12.17500000000291
183229, 26262.2900,  3, 313.85, 12.485000000000582
183230, 26262.3950,  3, 327.67, 12.565000000002328
183235, 26262.9150,  3, 336.23, 13.020000000000437
183236, 26263.0200,  3, 327.82, 13.170000000001892
183236, 26263.0200,  3, 328.94, 13.125
183342, 26287.1150,  3, 339.82, 10.8849999999984
183353, 26288.2650,  3, 359.13, 12.06000000000131
183354, 26288.3650,  3, 323.35, 12.090000000000146
183355, 26288.4700,  3, 318.97, 12.209999999999127
183355, 26288.4700,  3, 318.49, 12.2599999999984
183363, 26289.3050,  3, 329.07, 13.119999999998981
183370, 26290.0350,  3, 301.69, 13.834999999999127
183597, 26313.6800,  3, 273.49, 37.465000000000146
183705, 26337.7200,  3, 345.87, 11.044999999998254
183710, 26338.2400,  3, 313.81, 11.579999999998108
183712, 26338.4500,  3, 326.47, 11.81499999999869
183713, 26338.5550,  3, 330.26, 11.915000000000873
183719, 26339.1800,  3, 314.23, 12.559999999997672
183720, 26339.2850,  3, 322.82, 12.630000000001019
183738, 26341.1600,  3, 289.66, 14.5099999999984
183742, 26341.5750,  3, 322.95, 14.93999999999869
183817, 26362.2200,  1, -122.93, 7.705000000001746
183852, 26365.8650,  3, 351.09, 11.334999999999127
183853, 26365.9700,  3, 321.70, 11.369999999998981
183855, 26366.1800,  3, 352.61, 11.595000000001164
183856, 26366.2850,  3, 347.77, 11.7400000000016
183860, 26366.7000,  3, 280.19, 12.159999999999854
183861, 26366.8050,  3, 297.06, 12.264999999999418
183869, 26367.6400,  3, 336.20, 13.040000000000873
183985, 26392.9700,  3, 318.85, 11.909999999999854
183986, 26393.0750,  3, 335.44, 12.0099999999984
183988, 26393.2850,  3, 332.48, 12.269999999996799
183991, 26393.5950,  3, 330.27, 12.599999999998545
183992, 26393.7000,  3, 256.38, 12.68999999999869
183997, 26394.2200,  3, 302.84, 13.215000000000146
184006, 26395.1600,  3, 339.58, 14.104999999999563
184021, 26396.7200,  3, 315.43, 15.709999999999127
184127, 26420.9100,  3, 322.28, 10.875
184128, 26421.0150,  3, 312.14, 10.994999999998981
184131, 26421.3250,  3, 317.33, 11.274999999997817
184139, 26422.1600,  3, 331.77, 12.164999999997235
184139, 26422.1600,  3, 325.49, 12.094999999997526
184142, 26422.4700,  3, 296.90, 12.419999999998254
184149, 26423.2000,  3, 300.04, 13.139999999999418
184156, 26423.9300,  3, 348.27, 13.889999999999418
184264, 26447.8650,  3, 337.53, 11.125
184274, 26448.9100,  3, 311.32, 12.159999999999854
184277, 26449.2200,  3, 330.65, 12.4900000000016
184279, 26449.4300,  3, 327.43, 12.670000000001892
184286, 26450.1600,  3, 344.75, 13.340000000000146
184293, 26450.8900,  3, 283.04, 14.085000000002765
184298, 26451.4100,  3, 303.46, 14.655000000002474
184315, 26453.1800,  3, 296.72, 16.390000000003056
184421, 26477.1250,  3, 321.40, 10.905000000002474
184436, 26478.6850,  3, 312.12, 12.395000000000437
184437, 26478.7900,  3, 293.65, 12.534999999999854
184438, 26478.8950,  3, 336.48, 12.650000000001455
184443, 26479.4150,  3, 317.78, 13.200000000000728
184445, 26479.6250,  3, 353.72, 13.360000000000582
184468, 26482.0200,  3, 294.38, 15.780000000002474
184483, 26483.5800,  3, 301.23, 17.345000000001164
184587, 26507.4150,  3, 329.91, 10.659999999999854
184588, 26507.5200,  3, 343.63, 10.829999999998108
184592, 26507.9350,  3, 330.79, 11.194999999999709
184594, 26508.1450,  3, 337.59, 11.414999999997235
184608, 26509.6050,  3, 322.89, 12.840000000000146
184612, 26510.0200,  3, 302.36, 13.270000000000437
184629, 26511.7900,  3, 324.31, 15.024999999997817
184634, 26512.3100,  3, 331.59, 15.590000000000146
184739, 26536.3950,  3, 327.36, 10.790000000000873
184740, 26536.5000,  3, 328.95, 10.8650000000016
184744, 26536.9150,  3, 331.34, 11.284999999999854
184759, 26538.4800,  3, 324.08, 12.835000000002765
184762, 26538.7900,  3, 345.71, 13.190000000002328
184779, 26540.5600,  3, 335.33, 14.975000000002183
184786, 26541.2900,  3, 303.14, 15.68500000000131
184802, 26542.9550,  3, 319.47, 17.330000000001746
184918, 26567.9700,  3, 331.34, 11.919999999998254
184920, 26568.1800,  3, 300.08, 12.174999999999272
184922, 26568.3900,  3, 326.29, 12.344999999997526
184922, 26568.3900,  3, 345.87, 12.3849999999984
184926, 26568.8050,  3, 297.61, 12.804999999996653
184938, 26570.0550,  3, 316.33, 14.059999999997672
184938, 26570.0550,  3, 281.85, 13.979999999999563
184939, 26570.1600,  3, 315.57, 14.139999999999418
185053, 26594.9350,  3, 319.31, 11.670000000001892
185055, 26595.1450,  3, 329.15, 11.880000000001019
185055, 26595.1450,  3, 340.14, 11.875
185059, 26595.5600,  3, 338.15, 12.3650000000016
185062, 26595.8750,  3, 329.37, 12.635000000002037
185064, 26596.0800,  3, 329.94, 12.845000000001164
185081, 26597.8550,  3, 268.94, 14.62000000000262
185091, 26598.8950,  3, 298.32, 15.635000000002037
185199, 26622.9100,  3, 335.86, 11.06000000000131
185209, 26623.9500,  3, 306.02, 12.104999999999563
185211, 26624.1600,  3, 329.10, 12.345000000001164
185218, 26624.8900,  3, 331.53, 13.100000000002183
185219, 26624.9900,  3, 310.13, 13.150000000001455
185223, 26625.4100,  3, 338.22, 13.639999999999418
185224, 26625.5150,  3, 318.09, 13.690000000002328
185225, 26625.6150,  3, 331.46, 13.799999999999272
185333, 26650.1150,  3, 323.57, 11.100000000002183
185340, 26650.8450,  3, 317.51, 11.8650000000016
185340, 26650.8450,  3, 318.44, 11.845000000001164
185344, 26651.2650,  3, 316.91, 12.225000000002183
185344, 26651.2650,  3, 322.38, 12.190000000002328
185350, 26651.8900,  3, 331.07, 12.835000000002765
185355, 26652.4100,  3, 293.17, 13.335000000002765
185539, 26671.5750,  3, 272.50, 32.50500000000102
185643, 26695.4150,  3, 335.28, 10.635000000002037
185650, 26696.1450,  3, 332.86, 11.420000000001892
185661, 26697.2900,  3, 337.41, 12.525000000001455
185664, 26697.6050,  3, 344.36, 12.885000000002037
185667, 26697.9150,  3, 295.96, 13.194999999999709
185671, 26698.3300,  3, 299.65, 13.62000000000262
185683, 26699.5800,  3, 280.22, 14.80000000000291
185723, 26703.7500,  3, 291.87, 19.030000000002474
185829, 26727.5000,  3, 317.75, 10.919999999998254
185831, 26727.7050,  3, 350.65, 11.1349999999984
185835, 26728.1250,  3, 338.25, 11.524999999997817
185842, 26728.8550,  3, 346.63, 12.244999999998981
185845, 26729.1650,  3, 324.91, 12.579999999998108
185848, 26729.4800,  3, 297.21, 12.87999999999738
185849, 26729.5800,  3, 343.13, 12.959999999999127
185854, 26730.1050,  3, 308.44, 13.489999999997963
185962, 26754.3450,  3, 322.44, 11.040000000000873
185963, 26754.4500,  3, 312.35, 11.159999999999854
185967, 26754.8650,  3, 330.67, 11.575000000000728
185968, 26754.9700,  3, 357.88, 11.694999999999709
185970, 26755.1800,  3, 339.69, 11.915000000000873
185975, 26755.7000,  3, 320.23, 12.454999999998108
185988, 26757.0550,  3, 303.01, 13.755000000001019
185998, 26758.0950,  3, 292.13, 14.875
186102, 26781.6850,  3, 338.25, 10.639999999999418
186109, 26782.4150,  3, 339.81, 11.444999999999709
186115, 26783.0400,  3, 325.94, 11.99500000000262
186115, 26783.0400,  3, 331.48, 12.014999999999418
186116, 26783.1450,  3, 350.44, 12.084999999999127
186117, 26783.2500,  3, 329.32, 12.24500000000262
186120, 26783.5600,  3, 313.37, 12.56000000000131
186133, 26784.9150,  3, 326.63, 13.950000000000728
186242, 26810.2150,  3, 335.43, 11.235000000000582
186256, 26811.6750,  3, 325.29, 12.610000000000582
186258, 26811.8800,  3, 354.98, 12.880000000001019
186260, 26812.0900,  3, 309.89, 13.099999999998545
186266, 26812.7150,  3, 316.80, 13.68999999999869
186270, 26813.1300,  3, 290.78, 14.075000000000728
186289, 26815.1100,  3, 326.42, 16.090000000000146
186292, 26815.4250,  3, 286.11, 16.409999999999854
186400, 26839.7200,  3, 321.62, 11.044999999998254
186400, 26839.7200,  3, 320.85, 11.079999999998108
186401, 26839.8250,  3, 327.54, 11.169999999998254
186401, 26839.8250,  3, 343.18, 11.229999999999563
186403, 26840.0350,  3, 342.70, 11.380000000001019
186408, 26840.5550,  3, 326.64, 11.880000000001019
186420, 26841.8050,  3, 278.10, 13.145000000000437
186431, 26842.9500,  3, 297.45, 14.270000000000437
186539, 26868.1050,  3, 310.89, 11.069999999999709
186540, 26868.2050,  3, 335.80, 11.229999999999563
186542, 26868.4150,  3, 335.19, 11.420000000001892
186546, 26868.8300,  3, 308.40, 11.860000000000582
186552, 26869.4550,  3, 337.07, 12.420000000001892
186553, 26869.5600,  3, 338.15, 12.565000000002328
186572, 26871.5400,  3, 327.26, 14.5
186575, 26871.8550,  3, 296.09, 14.830000000001746
186681, 26895.9700,  3, 328.39, 10.869999999998981
186686, 26896.4900,  3, 334.00, 11.444999999999709
186687, 26896.5950,  3, 335.73, 11.465000000000146
186688, 26896.7000,  3, 328.49, 11.654999999998836
186693, 26897.2200,  3, 314.22, 12.095000000001164
186696, 26897.5350,  3, 327.70, 12.400000000001455
186697, 26897.6400,  3, 341.55, 12.545000000001892
186746, 26902.7400,  3, 304.30, 17.69499999999971
186850, 26926.5050,  3, 339.89, 10.704999999998108
186854, 26926.9250,  3, 335.20, 11.094999999997526
186858, 26927.3400,  3, 328.39, 11.489999999997963
186859, 26927.4450,  3, 338.99, 11.639999999999418
186864, 26927.9650,  3, 345.66, 12.159999999999854
186874, 26929.0050,  3, 315.37, 13.159999999999854
186876, 26929.2150,  3, 323.29, 13.375
186879, 26929.5250,  3, 308.48, 13.715000000000146
186996, 26954.5700,  3, 339.34, 12.055000000000291
186996, 26954.5700,  3, 306.68, 12.079999999998108
186996, 26954.5700,  3, 315.82, 12.069999999999709
187007, 26955.7150,  3, 307.86, 13.145000000000437
187012, 26956.2350,  3, 346.45, 13.694999999999709
187015, 26956.5500,  3, 333.43, 14.0
187069, 26962.1750,  3, 313.82, 19.674999999999272
187150, 26970.6100,  3, 263.63, 28.11999999999898
187255, 26994.5900,  3, 329.78, 10.809999999997672
187271, 26996.2550,  3, 336.79, 12.424999999999272
187273, 26996.4650,  3, 332.23, 12.619999999998981
187273, 26996.4650,  3, 325.86, 12.62999999999738
187277, 26996.8800,  3, 315.45, 13.079999999998108
187277, 26996.8800,  3, 316.93, 13.079999999998108
187288, 26998.0250,  3, 330.01, 14.180000000000291
187293, 26998.5500,  3, 272.28, 14.744999999998981
187396, 27022.1850,  3, 308.89, 10.609999999996944
187396, 27022.1850,  3, 326.83, 10.524999999997817
187400, 27022.6050,  3, 316.96, 10.94999999999709
187403, 27022.9150,  3, 309.45, 11.294999999998254
187407, 27023.3300,  3, 319.78, 11.704999999998108
187410, 27023.6450,  3, 326.60, 12.044999999998254
187424, 27025.1050,  3, 311.76, 13.5
187429, 27025.6250,  3, 322.43, 14.0099999999984
187549, 27051.1750,  3, 337.32, 12.32499999999709
187552, 27051.4850,  3, 323.35, 12.625
187557, 27052.0050,  3, 335.24, 13.164999999997235
187558, 27052.1100,  3, 331.55, 13.309999999997672
187574, 27053.7750,  3, 297.37, 14.965000000000146
187587, 27055.1300,  3, 298.50, 16.31499999999869
187601, 27056.5900,  3, 285.25, 17.779999999998836
187603, 27056.8000,  3, 277.83, 17.969999999997526
