    41, 34.0600,  1, -173.11, 4.490000000000002
   145, 45.2000,  1, -244.67, 15.630000000000003
   369, 69.3100,  1, -333.36, 39.74
   407, 73.4700,  1, -226.28, 43.9
   463, 79.5900,  2, -38.64,  50
   463, 79.5900,  2, -90.83,  50
   463, 79.5900,  2, -95.38,  50
   463, 79.5900,  2, -214.19,  50
   572, 106.0100,  1, -207.14, 11.700000000000003
   709, 121.0000,  1, -298.39, 26.689999999999998
   790, 129.8600,  1, -347.60, 35.55000000000001
   820, 133.1500,  1, -345.56, 38.84
   868, 138.4000,  1, -385.84, 44.09
   872, 138.8300,  1, -245.25, 44.52000000000001
   923, 144.4100,  2, -280.17,  50
   923, 144.4100,  2, -158.29,  50
  1010, 168.5800,  1, -190.73, 9.29000000000002
  1137, 182.4700,  1, -302.77, 23.180000000000007
  1147, 183.5700,  1, -295.46, 24.28
  1152, 184.1100,  1, -170.05, 24.82000000000002
  1244, 194.1800,  1, -266.80, 34.890000000000015
  1372, 208.1800,  1, -383.87, 48.890000000000015
  1383, 209.3800,  2, -195.79,  50
  1383, 209.3800,  2, -105.98,  50
  1507, 237.4700,  1, -144.50, 13.340000000000003
  1529, 239.8800,  1, -255.45, 15.75
  1680, 256.3800,  1, -293.88, 32.25
  1837, 272.7200,  1, -333.96, 48.59000000000003
  1851, 274.1800,  2, -153.38,  50
  1851, 274.1800,  2, -154.85,  50
  1851, 274.1800,  2, -109.52,  50
  1851, 274.1800,  2, -231.49,  50
  1977, 301.9100,  1, -165.81, 12.920000000000016
  2018, 306.1800,  1, -243.36, 17.189999999999998
  2115, 316.2900,  1, -288.87, 27.30000000000001
  2333, 339.0000,  2, -139.62,  50
  2333, 339.0000,  2, -152.90,  50
  2333, 339.0000,  2, -111.78,  50
  2333, 339.0000,  2, -158.88,  50
  2333, 339.0000,  2, -58.59,  50
  2491, 370.0200,  1, -276.72, 16.25
  2593, 380.6500,  1, -350.02, 26.879999999999995
  2608, 382.2100,  1, -283.49, 28.439999999999998
  2815, 403.7700,  2, -190.31,  50
  2815, 403.7700,  2, -225.36,  50
  2815, 403.7700,  2, -226.30,  50
  2815, 403.7700,  2, -92.44,  50
  2815, 403.7700,  2, -197.90,  50
  2979, 435.5400,  1, -213.23, 16.870000000000005
  3030, 440.8500,  1, -135.62, 22.180000000000007
  3258, 464.6000,  1, -212.64, 45.93000000000001
  3298, 468.7700,  2, -210.07,  50
  3298, 468.7700,  2, -160.39,  50
  3298, 468.7700,  2, -209.25,  50
  3298, 468.7700,  2, -109.62,  50
  3298, 468.7700,  2, -117.30,  50
  3380, 491.8500,  1, -243.60, 8.340000000000032
  3429, 496.9600,  1, -145.95, 13.449999999999989
  3467, 500.9100,  1, -253.32, 17.400000000000034
  3557, 510.2900,  1, -292.63, 26.78000000000003
  3783, 533.5800,  2, -151.90,  50
  3783, 533.5800,  2, -225.68,  50
  3783, 533.5800,  2, -196.75,  50
  3783, 533.5800,  2, -188.52,  50
  4165, 587.3500,  1, -329.03, 39.110000000000014
  4224, 593.4300,  1, -372.12, 45.18999999999994
  4251, 596.2000,  1, -316.45, 47.960000000000036
  4271, 598.2600,  2, -92.40,  50
  4271, 598.2600,  2, -135.26,  50
  4271, 598.2600,  2, -172.81,  50
  4271, 598.2600,  2, -201.88,  50
  4271, 598.2600,  2, -140.38,  50
  4469, 632.9000,  1, -147.01, 20.18999999999994
  4506, 636.7000,  1, -168.21, 23.99000000000001
  4607, 647.1000,  1, -322.18, 34.389999999999986
  4685, 655.1300,  1, -248.25, 42.41999999999996
  4693, 655.9500,  1, -390.89, 43.24000000000001
  4759, 662.7500,  2, -116.87,  50
  4759, 662.7500,  2, -129.73,  50
  4759, 662.7500,  2, -215.69,  50
  4898, 691.7300,  1, -254.38, 14.100000000000023
  4911, 693.0700,  1, -214.28, 15.440000000000055
  4914, 693.3800,  1, -197.86, 15.75
  5002, 702.4400,  1, -228.30, 24.81000000000006
  5080, 710.4600,  1, -316.96, 32.83000000000004
  5247, 727.6600,  2, -80.31,  50
  5247, 727.6600,  2, -122.17,  50
  5247, 727.6600,  2, -159.02,  50
  5432, 761.0600,  1, -281.64, 18.84999999999991
  5702, 788.8500,  1, -344.57, 46.639999999999986
  5735, 792.2500,  2, -136.70,  50
  5735, 792.2500,  2, -155.24,  50
  5735, 792.2500,  2, -154.43,  50
  5735, 792.2500,  2, -159.94,  50
  5735, 792.2500,  2, -188.54,  50
  5735, 792.2500,  2, -190.61,  50
  5980, 831.9000,  1, -229.02, 25.019999999999982
  5982, 832.1000,  1, -314.06, 25.220000000000027
  5987, 832.6100,  1, -305.80, 25.730000000000018
  6223, 856.9100,  2, -95.93,  50
  6223, 856.9100,  2, -151.77,  50
  6223, 856.9100,  2, -210.42,  50
  6223, 856.9100,  2, -176.57,  50
  6223, 856.9100,  2, -137.05,  50
  6523, 902.4500,  1, -287.85, 30.660000000000082
  6560, 906.2600,  1, -323.97, 34.47000000000003
  6711, 921.8100,  2, -150.06,  50
  6711, 921.8100,  2, -175.19,  50
  6711, 921.8100,  2, -52.73,  50
  6711, 921.8100,  2, -129.25,  50
  6711, 921.8100,  2, -204.09,  50
  6711, 921.8100,  2, -119.49,  50
  6824, 947.9500,  1, -204.29, 11.410000000000082
  6893, 955.0600,  1, -220.12, 18.519999999999982
  6990, 965.0500,  1, -295.00, 28.50999999999999
  6998, 965.8600,  1, -303.12, 29.32000000000005
  7034, 969.5700,  1, -305.22, 33.030000000000086
  7137, 980.1800,  1, -260.63, 43.639999999999986
  7199, 986.5600,  2, -83.76,  50
  7199, 986.5600,  2, -161.72,  50
  7472, 1029.6000,  1, -282.30, 28.1099999999999
  7480, 1030.4500,  1, -307.89, 28.960000000000036
  7542, 1037.1000,  1, -325.41, 35.6099999999999
  7574, 1040.5200,  1, -207.10, 39.02999999999997
  7677, 1051.5600,  2, -155.71,  50
  7677, 1051.5600,  2, -100.75,  50
  7677, 1051.5600,  2, -263.54,  50
  7677, 1051.5600,  2, -153.04,  50
  7770, 1076.1000,  1, -196.22, 9.75
  7775, 1076.6300,  1, -177.37, 10.2800000000002
  7836, 1083.1600,  1, -163.40, 16.810000000000173
  8146, 1116.3800,  2, -172.21,  50
  8146, 1116.3800,  2, -237.53,  50
  8146, 1116.3800,  2, -48.83,  50
  8146, 1116.3800,  2, -131.44,  50
  8146, 1116.3800,  2, -109.78,  50
  8257, 1142.7400,  1, -219.57, 11.680000000000064
  8287, 1145.9500,  1, -280.77, 14.8900000000001
  8332, 1150.7700,  1, -141.45, 19.710000000000036
  8425, 1160.7400,  1, -304.38, 29.680000000000064
  8560, 1175.2000,  1, -244.99, 44.1400000000001
  8615, 1181.1000,  2, -263.97,  50
  8615, 1181.1000,  2, -124.25,  50
  8615, 1181.1000,  2, -225.77,  50
  8769, 1212.3100,  1, -257.47, 16.25999999999999
  8820, 1217.7700,  1, -234.63, 21.720000000000027
  8950, 1231.7000,  1, -225.33, 35.65000000000009
  9022, 1239.4100,  1, -165.75, 43.36000000000013
  9084, 1246.0600,  2, -152.32,  50
  9084, 1246.0600,  2, -82.90,  50
  9084, 1246.0600,  2, -128.56,  50
  9084, 1246.0600,  2, -177.58,  50
  9281, 1281.5600,  1, -304.64, 20.87999999999988
  9378, 1291.9500,  1, -301.65, 31.269999999999982
  9396, 1293.8800,  1, -311.26, 33.200000000000045
  9474, 1302.2400,  1, -281.57, 41.559999999999945
  9533, 1308.5600,  1, -272.54, 47.87999999999988
  9542, 1309.5200,  1, -384.33, 48.83999999999992
  9553, 1310.7000,  2, -157.44,  50
  9553, 1310.7000,  2, -170.58,  50
  9716, 1342.9900,  1, -251.62, 17.230000000000018
  9747, 1346.3100,  1, -296.67, 20.549999999999955
  9980, 1371.2700,  1, -350.99, 45.50999999999999
  9986, 1371.9100,  1, -388.45, 46.15000000000009
 10022, 1375.7700,  2, -211.90,  50
 10022, 1375.7700,  2, -6.61,  50
 10022, 1375.7700,  2, -151.62,  50
 10022, 1375.7700,  2, -97.56,  50
 10272, 1417.0200,  1, -269.18, 26.549999999999955
 10491, 1440.4900,  2, -154.16,  50
 10491, 1440.4900,  2, -151.42,  50
 10491, 1440.4900,  2, -143.09,  50
 10491, 1440.4900,  2, -160.74,  50
 10491, 1440.4900,  2, -70.07,  50
 10491, 1440.4900,  2, -164.40,  50
 10491, 1440.4900,  2, -132.46,  50
 10733, 1480.9100,  1, -312.38, 25.700000000000045
 10855, 1493.9900,  1, -212.14, 38.77999999999997
 10960, 1505.2400,  2, -151.55,  50
 10960, 1505.2400,  2, -129.22,  50
 10960, 1505.2400,  2, -222.84,  50
 10960, 1505.2400,  2, -220.86,  50
 10960, 1505.2400,  2, -6.03,  50
 10960, 1505.2400,  2, -104.88,  50
 11140, 1538.9100,  1, -281.32, 19.060000000000173
 11365, 1563.0200,  1, -315.71, 43.17000000000007
 11382, 1564.8500,  1, -392.97, 45.0
 11429, 1569.8800,  2, -161.67,  50
 11429, 1569.8800,  2, -179.06,  50
 11429, 1569.8800,  2, -61.37,  50
 11429, 1569.8800,  2, -143.13,  50
 11429, 1569.8800,  2, -196.65,  50
 11577, 1600.5600,  1, -254.83, 15.629999999999882
 11623, 1605.4900,  1, -159.51, 20.559999999999945
 11624, 1605.6000,  1, -215.88, 20.669999999999845
 11638, 1607.1000,  1, -169.99, 22.169999999999845
 11721, 1615.9900,  1, -252.39, 31.059999999999945
 11726, 1616.5200,  1, -166.70, 31.589999999999918
 11789, 1623.2700,  1, -210.50, 38.33999999999992
 11898, 1634.9500,  2, -175.12,  50
 12069, 1667.9100,  1, -216.95, 18.070000000000164
 12137, 1675.2000,  1, -295.68, 25.360000000000127
 12214, 1683.4500,  1, -338.75, 33.61000000000013
 12253, 1687.6300,  1, -263.60, 37.79000000000019
 12367, 1699.8500,  2, -83.22,  50
 12367, 1699.8500,  2, -17.49,  50
 12367, 1699.8500,  2, -124.73,  50
 12367, 1699.8500,  2, -107.34,  50
 12451, 1723.2000,  1, -229.26, 8.769999999999982
 12524, 1731.0200,  1, -239.17, 16.589999999999918
 12545, 1733.2700,  1, -274.66, 18.839999999999918
 12576, 1736.6000,  1, -221.64, 22.169999999999845
 12836, 1764.4500,  2, -95.44,  50
 12836, 1764.4500,  2, -201.31,  50
 12836, 1764.4500,  2, -193.67,  50
 12836, 1764.4500,  2, -157.90,  50
 13115, 1808.7700,  1, -265.11, 29.670000000000073
 13213, 1819.2700,  1, -336.30, 40.17000000000007
 13305, 1829.1300,  2, -147.19,  50
 13305, 1829.1300,  2, -176.34,  50
 13305, 1829.1300,  2, -172.17,  50
 13305, 1829.1300,  2, -234.47,  50
 13305, 1829.1300,  2, -87.42,  50
 13305, 1829.1300,  2, -195.96,  50
 13611, 1876.5200,  1, -300.06, 32.569999999999936
 13774, 1893.9900,  2, -179.90,  50
 13774, 1893.9900,  2, -73.56,  50
 13774, 1893.9900,  2, -166.72,  50
 13774, 1893.9900,  2, -61.55,  50
 13774, 1893.9900,  2, -143.65,  50
 13774, 1893.9900,  2, -92.67,  50
 13774, 1893.9900,  2, -153.16,  50
 13972, 1929.6300,  1, -254.45, 21.0
 14070, 1940.1300,  1, -295.85, 31.5
 14243, 1958.6600,  2, -174.79,  50
 14243, 1958.6600,  2, -222.37,  50
 14243, 1958.6600,  2, -213.29,  50
 14243, 1958.6600,  2, -123.39,  50
 14243, 1958.6600,  2, -96.84,  50
 14243, 1958.6600,  2, -207.10,  50
 14377, 1987.2700,  1, -255.94, 14.129999999999882
 14712, 2023.1600,  2, -35.72,  50
 14712, 2023.1600,  2, -22.05,  50
 14712, 2023.1600,  2, -150.98,  50
 14712, 2023.1600,  2, -168.85,  50
 14712, 2023.1600,  2, -117.99,  50
 14712, 2023.1600,  2, -121.36,  50
 14712, 2023.1600,  2, -171.58,  50
 14830, 2050.2300,  1, -240.47, 12.3900000000001
 14831, 2050.3400,  1, -174.21, 12.500000000000227
 14846, 2051.9500,  1, -276.54, 14.1099999999999
 14954, 2063.5100,  1, -247.63, 25.6700000000003
 15119, 2081.2000,  1, -371.03, 43.3599999999999
 15181, 2087.8400,  2, -208.22,  50
 15181, 2087.8400,  2, -185.11,  50
 15181, 2087.8400,  2, -36.53,  50
 15351, 2120.6100,  1, -272.23, 18.01000000000022
 15352, 2120.7200,  1, -257.95, 18.11999999999989
 15453, 2131.5300,  1, -267.95, 28.93000000000029
 15650, 2152.6400,  2, -138.08,  50
 15650, 2152.6400,  2, -142.72,  50
 15650, 2152.6400,  2, -110.79,  50
 15650, 2152.6400,  2, -83.88,  50
 15650, 2152.6400,  2, -124.67,  50
 15970, 2201.2800,  1, -284.12, 34.070000000000164
 16119, 2217.2500,  2, -163.27,  50
 16119, 2217.2500,  2, -135.09,  50
 16119, 2217.2500,  2, -151.46,  50
 16119, 2217.2500,  2, -61.80,  50
 16119, 2217.2500,  2, -55.58,  50
 16119, 2217.2500,  2, -66.75,  50
 16119, 2217.2500,  2, -37.78,  50
 16497, 2272.0300,  1, -231.67, 40.2800000000002
 16588, 2281.7800,  2, -191.58,  50
 16588, 2281.7800,  2, -123.38,  50
 16588, 2281.7800,  2, -174.57,  50
 16588, 2281.7800,  2, -60.81,  50
 16588, 2281.7800,  2, -60.63,  50
 16588, 2281.7800,  2, -212.72,  50
 16588, 2281.7800,  2, -88.21,  50
 16974, 2337.5900,  1, -261.01, 41.14000000000033
 17057, 2346.4800,  2, -169.06,  50
 17057, 2346.4800,  2, -151.96,  50
 17057, 2346.4800,  2, -64.45,  50
 17057, 2346.4800,  2, -161.04,  50
 17057, 2346.4800,  2, -160.26,  50
 17057, 2346.4800,  2, -163.60,  50
 17057, 2346.4800,  2, -198.66,  50
 17183, 2374.6400,  1, -225.38, 13.289999999999964
 17526, 2411.3900,  2, -216.89,  50
 17526, 2411.3900,  2, -119.70,  50
 17526, 2411.3900,  2, -98.17,  50
 17526, 2411.3900,  2, -124.57,  50
 17526, 2411.3900,  2, -221.95,  50
 17526, 2411.3900,  2, -81.39,  50
 17526, 2411.3900,  2, -204.77,  50
 17784, 2453.4500,  1, -298.59, 27.429999999999836
 17919, 2467.9100,  1, -296.48, 41.88999999999987
 17995, 2476.0500,  2, -145.50,  50
 17995, 2476.0500,  2, -169.72,  50
 17995, 2476.0500,  2, -166.01,  50
 17995, 2476.0500,  2, -206.55,  50
 17995, 2476.0500,  2, -195.16,  50
 17995, 2476.0500,  2, -178.90,  50
 18069, 2498.4100,  1, -201.58, 7.7199999999998
 18438, 2537.9500,  1, -301.62, 47.25999999999976
 18464, 2540.7300,  2, -163.73,  50
 18464, 2540.7300,  2, -195.94,  50
 18464, 2540.7300,  2, -179.44,  50
 18464, 2540.7300,  2, -207.24,  50
 18464, 2540.7300,  2, -64.39,  50
 18464, 2540.7300,  2, -119.71,  50
 18625, 2572.6400,  1, -202.41, 17.039999999999964
 18875, 2599.4300,  1, -248.36, 43.82999999999993
 18933, 2605.6400,  2, -29.16,  50
 18933, 2605.6400,  2, -201.23,  50
 18933, 2605.6400,  2, -182.61,  50
 18933, 2605.6400,  2, -165.71,  50
 18933, 2605.6400,  2, -196.84,  50
 18933, 2605.6400,  2, -183.80,  50
 19098, 2637.7200,  1, -244.40, 17.4699999999998
 19402, 2670.2800,  2, -117.94,  50
 19402, 2670.2800,  2, -76.92,  50
 19402, 2670.2800,  2, -155.88,  50
 19402, 2670.2800,  2, -202.07,  50
 19402, 2670.2800,  2, -128.28,  50
 19402, 2670.2800,  2, -121.20,  50
 19402, 2670.2800,  2, -111.15,  50
 19871, 2735.2000,  2, -97.06,  50
 19871, 2735.2000,  2, -77.77,  50
 19871, 2735.2000,  2, -185.00,  50
 19871, 2735.2000,  2, -137.22,  50
 19871, 2735.2000,  2, -139.56,  50
 19871, 2735.2000,  2, -144.89,  50
 19871, 2735.2000,  2, -88.19,  50
 19871, 2735.2000,  2, -199.99,  50
 20068, 2770.7300,  1, -186.26, 20.90000000000009
 20340, 2799.8700,  2, -114.92,  50
 20340, 2799.8700,  2, -137.32,  50
 20340, 2799.8700,  2, -164.38,  50
 20340, 2799.8700,  2, -67.95,  50
 20340, 2799.8700,  2, -132.47,  50
 20340, 2799.8700,  2, -80.97,  50
 20340, 2799.8700,  2, -19.37,  50
 20809, 2864.7300,  2, -211.12,  50
 20809, 2864.7300,  2, -108.40,  50
 20809, 2864.7300,  2, -172.49,  50
 20809, 2864.7300,  2, -170.10,  50
 20809, 2864.7300,  2, -135.12,  50
 20809, 2864.7300,  2, -149.30,  50
 20809, 2864.7300,  2, -154.27,  50
 20809, 2864.7300,  2, -126.50,  50
 21278, 2929.5100,  2, -209.79,  50
 21278, 2929.5100,  2, -211.94,  50
 21278, 2929.5100,  2, -125.23,  50
 21278, 2929.5100,  2, -164.93,  50
 21278, 2929.5100,  2, -120.33,  50
 21278, 2929.5100,  2, -94.81,  50
 21278, 2929.5100,  2, -167.66,  50
 21278, 2929.5100,  2, -80.14,  50
 21747, 2994.3200,  2, -193.22,  50
 21747, 2994.3200,  2, -206.48,  50
 21747, 2994.3200,  2, -214.01,  50
 21747, 2994.3200,  2, -199.95,  50
 21747, 2994.3200,  2, -182.89,  50
 21747, 2994.3200,  2, -146.61,  50
 21747, 2994.3200,  2, -96.09,  50
 21747, 2994.3200,  2, -104.49,  50
 22216, 3059.1200,  2, -169.66,  50
 22216, 3059.1200,  2, -228.22,  50
 22216, 3059.1200,  2, -158.35,  50
 22216, 3059.1200,  2, -113.49,  50
 22216, 3059.1200,  2, -185.80,  50
 22216, 3059.1200,  2, -201.61,  50
 22216, 3059.1200,  2, -152.68,  50
 22216, 3059.1200,  2, -174.01,  50
 22685, 3124.0100,  2, -110.61,  50
 22685, 3124.0100,  2, -49.57,  50
 22685, 3124.0100,  2, -93.89,  50
 22685, 3124.0100,  2, -66.71,  50
 22685, 3124.0100,  2, -135.27,  50
 22685, 3124.0100,  2, -156.61,  50
 22685, 3124.0100,  2, -180.63,  50
 22685, 3124.0100,  2, -103.00,  50
 23154, 3188.6400,  2, -143.47,  50
 23154, 3188.6400,  2, -101.04,  50
 23154, 3188.6400,  2, -203.06,  50
 23154, 3188.6400,  2, -134.77,  50
 23154, 3188.6400,  2, -177.07,  50
 23154, 3188.6400,  2, -136.28,  50
 23154, 3188.6400,  2, -122.24,  50
 23154, 3188.6400,  2, -227.44,  50
 23623, 3253.2200,  2, -105.40,  50
 23623, 3253.2200,  2, -162.45,  50
 23623, 3253.2200,  2, -232.58,  50
 23623, 3253.2200,  2, -174.68,  50
 23623, 3253.2200,  2, -49.14,  50
 23623, 3253.2200,  2, -80.29,  50
 23623, 3253.2200,  2, -79.87,  50
 23623, 3253.2200,  2, -194.35,  50
 24092, 3317.8400,  2, -175.80,  50
 24092, 3317.8400,  2, -203.16,  50
 24092, 3317.8400,  2, -134.15,  50
 24092, 3317.8400,  2, -247.02,  50
 24092, 3317.8400,  2, -113.07,  50
 24092, 3317.8400,  2, -159.19,  50
 24092, 3317.8400,  2, -116.33,  50
 24092, 3317.8400,  2, -162.53,  50
 24561, 3382.5000,  2, -132.61,  50
 24561, 3382.5000,  2, -176.53,  50
 24561, 3382.5000,  2, -98.05,  50
 24561, 3382.5000,  2, -229.43,  50
 24561, 3382.5000,  2, -36.90,  50
 24561, 3382.5000,  2, -146.18,  50
 24561, 3382.5000,  2, 10.11,  50
 24561, 3382.5000,  2, -189.42,  50
 24598, 3401.0700,  1, -162.80, 3.7600000000002183
 25030, 3447.3600,  2, -196.79,  50
 25030, 3447.3600,  2, -202.54,  50
 25030, 3447.3600,  2, -142.03,  50
 25030, 3447.3600,  2, -171.47,  50
 25030, 3447.3600,  2, -218.96,  50
 25030, 3447.3600,  2, -163.89,  50
 25030, 3447.3600,  2, -164.58,  50
 25262, 3486.6800,  1, -130.35, 24.649999999999636
 25499, 3512.0700,  2, -41.08,  50
 25499, 3512.0700,  2, -165.45,  50
 25499, 3512.0700,  2, -20.40,  50
 25499, 3512.0700,  2, -111.41,  50
 25499, 3512.0700,  2, -107.85,  50
 25499, 3512.0700,  2, -191.73,  50
 25499, 3512.0700,  2, -207.28,  50
 25757, 3554.2800,  1, -253.63, 27.420000000000073
 25968, 3576.8900,  2, -153.44,  50
 25968, 3576.8900,  2, -128.96,  50
 25968, 3576.8900,  2, -221.29,  50
 25968, 3576.8900,  2, -108.59,  50
 25968, 3576.8900,  2, -150.88,  50
 25968, 3576.8900,  2, -190.98,  50
 25968, 3576.8900,  2, -74.68,  50
 26266, 3623.3400,  1, -282.07, 31.710000000000036
 26437, 3641.6600,  2, -90.32,  50
 26437, 3641.6600,  2, -136.22,  50
 26437, 3641.6600,  2, -211.81,  50
 26437, 3641.6600,  2, -142.50,  50
 26437, 3641.6600,  2, -113.96,  50
 26437, 3641.6600,  2, -243.38,  50
 26437, 3641.6600,  2, -230.13,  50
 26906, 3706.2000,  2, -196.27,  50
 26906, 3706.2000,  2, -148.65,  50
 26906, 3706.2000,  2, -198.20,  50
 26906, 3706.2000,  2, -164.65,  50
 26906, 3706.2000,  2, -124.31,  50
 26906, 3706.2000,  2, -113.14,  50
 26906, 3706.2000,  2, -213.51,  50
 26906, 3706.2000,  2, -185.64,  50
 27375, 3770.7800,  2, -191.31,  50
 27375, 3770.7800,  2, -195.54,  50
 27375, 3770.7800,  2, -102.41,  50
 27375, 3770.7800,  2, -190.57,  50
 27375, 3770.7800,  2, -145.05,  50
 27375, 3770.7800,  2, -171.01,  50
 27375, 3770.7800,  2, -119.37,  50
 27375, 3770.7800,  2, -124.91,  50
 27844, 3835.4700,  2, -203.70,  50
 27844, 3835.4700,  2, -87.10,  50
 27844, 3835.4700,  2, -109.40,  50
 27844, 3835.4700,  2, -210.90,  50
 27844, 3835.4700,  2, -28.13,  50
 27844, 3835.4700,  2, -50.71,  50
 27844, 3835.4700,  2, -136.98,  50
 27844, 3835.4700,  2, -172.12,  50
 28313, 3900.0000,  2, -154.64,  50
 28313, 3900.0000,  2, -160.30,  50
 28313, 3900.0000,  2, -193.89,  50
 28313, 3900.0000,  2, -141.71,  50
 28313, 3900.0000,  2, -145.83,  50
 28313, 3900.0000,  2, -201.71,  50
 28313, 3900.0000,  2, -138.07,  50
 28313, 3900.0000,  2, -110.07,  50
 28782, 3964.6400,  2, -229.14,  50
 28782, 3964.6400,  2, -177.79,  50
 28782, 3964.6400,  2, -176.08,  50
 28782, 3964.6400,  2, -124.69,  50
 28782, 3964.6400,  2, -136.18,  50
 28782, 3964.6400,  2, -147.56,  50
 28782, 3964.6400,  2, -52.78,  50
 28782, 3964.6400,  2, -120.79,  50
 29251, 4029.1100,  2, -114.50,  50
 29251, 4029.1100,  2, -164.46,  50
 29251, 4029.1100,  2, -155.89,  50
 29251, 4029.1100,  2, -200.34,  50
 29251, 4029.1100,  2, -191.33,  50
 29251, 4029.1100,  2, -175.97,  50
 29251, 4029.1100,  2, -189.82,  50
 29251, 4029.1100,  2, -117.21,  50
 29720, 4093.8600,  2, -190.87,  50
 29720, 4093.8600,  2, -53.18,  50
 29720, 4093.8600,  2, -186.18,  50
 29720, 4093.8600,  2, -184.41,  50
 29720, 4093.8600,  2, -181.89,  50
 29720, 4093.8600,  2, -159.11,  50
 29720, 4093.8600,  2, -139.67,  50
 29720, 4093.8600,  2, -131.91,  50
 30198, 4158.5000,  2, -166.80,  50
 30198, 4158.5000,  2, -99.27,  50
 30198, 4158.5000,  2, -191.70,  50
 30198, 4158.5000,  2, -200.88,  50
 30198, 4158.5000,  2, -168.38,  50
 30198, 4158.5000,  2, -118.47,  50
 30198, 4158.5000,  2, -146.99,  50
 30198, 4158.5000,  2, -204.25,  50
 30675, 4223.2600,  2, -157.30,  50
 30675, 4223.2600,  2, -101.61,  50
 30675, 4223.2600,  2, -99.24,  50
 30675, 4223.2600,  2, -201.49,  50
 30675, 4223.2600,  2, -197.47,  50
 30675, 4223.2600,  2, -158.13,  50
 30675, 4223.2600,  2, -223.03,  50
 30675, 4223.2600,  2, -87.09,  50
 31152, 4287.7200,  2, -72.49,  50
 31152, 4287.7200,  2, -122.64,  50
 31152, 4287.7200,  2, -153.31,  50
 31152, 4287.7200,  2, -188.11,  50
 31152, 4287.7200,  2, -166.33,  50
 31152, 4287.7200,  2, -119.78,  50
 31152, 4287.7200,  2, -74.48,  50
 31152, 4287.7200,  2, -180.15,  50
 31629, 4352.4700,  2, -207.98,  50
 31629, 4352.4700,  2, -167.17,  50
 31629, 4352.4700,  2, -161.75,  50
 31629, 4352.4700,  2, -45.32,  50
 31629, 4352.4700,  2, -174.99,  50
 31629, 4352.4700,  2, -203.31,  50
 31629, 4352.4700,  2, -133.69,  50
 31629, 4352.4700,  2, -65.71,  50
 32106, 4417.3000,  2, -168.51,  50
 32106, 4417.3000,  2, -125.83,  50
 32106, 4417.3000,  2, -204.11,  50
 32106, 4417.3000,  2, -180.78,  50
 32106, 4417.3000,  2, -43.23,  50
 32106, 4417.3000,  2, -131.84,  50
 32106, 4417.3000,  2, -180.71,  50
 32106, 4417.3000,  2, -166.47,  50
 32584, 4482.1300,  2, -178.34,  50
 32584, 4482.1300,  2, -183.41,  50
 32584, 4482.1300,  2, -69.88,  50
 32584, 4482.1300,  2, -124.74,  50
 32584, 4482.1300,  2, -182.51,  50
 32584, 4482.1300,  2, -161.02,  50
 32584, 4482.1300,  2, -196.27,  50
 32584, 4482.1300,  2, -210.79,  50
 33061, 4546.9200,  2, -185.00,  50
 33061, 4546.9200,  2, -160.59,  50
 33061, 4546.9200,  2, -144.34,  50
 33061, 4546.9200,  2, -133.40,  50
 33061, 4546.9200,  2, -146.69,  50
 33061, 4546.9200,  2, -172.61,  50
 33061, 4546.9200,  2, -119.63,  50
 33061, 4546.9200,  2, -129.44,  50
 33538, 4611.7000,  2, -175.80,  50
 33538, 4611.7000,  2, -147.60,  50
 33538, 4611.7000,  2, -159.49,  50
 33538, 4611.7000,  2, -44.02,  50
 33538, 4611.7000,  2, -197.94,  50
 33538, 4611.7000,  2, -57.06,  50
 33538, 4611.7000,  2, -167.64,  50
 33538, 4611.7000,  2, -204.97,  50
 34016, 4676.5400,  2, -37.62,  50
 34016, 4676.5400,  2, -150.19,  50
 34016, 4676.5400,  2, -181.25,  50
 34016, 4676.5400,  2, -168.46,  50
 34016, 4676.5400,  2, -109.12,  50
 34016, 4676.5400,  2, -173.29,  50
 34016, 4676.5400,  2, -145.35,  50
 34016, 4676.5400,  2, -168.45,  50
 34493, 4741.3900,  2, -142.20,  50
 34493, 4741.3900,  2, -139.95,  50
 34493, 4741.3900,  2, -127.57,  50
 34493, 4741.3900,  2, -178.75,  50
 34493, 4741.3900,  2, -104.56,  50
 34493, 4741.3900,  2, -183.81,  50
 34493, 4741.3900,  2, -177.83,  50
 34493, 4741.3900,  2, -116.10,  50
 34971, 4806.1300,  2, -105.52,  50
 34971, 4806.1300,  2, -144.27,  50
 34971, 4806.1300,  2, -136.46,  50
 34971, 4806.1300,  2, -163.75,  50
 34971, 4806.1300,  2, -155.24,  50
 34971, 4806.1300,  2, -236.34,  50
 34971, 4806.1300,  2, -189.90,  50
 34971, 4806.1300,  2, -130.68,  50
 35448, 4870.8500,  2, -138.71,  50
 35448, 4870.8500,  2, -140.29,  50
 35448, 4870.8500,  2, -167.43,  50
 35448, 4870.8500,  2, -52.29,  50
 35448, 4870.8500,  2, -178.96,  50
 35448, 4870.8500,  2, -155.13,  50
 35448, 4870.8500,  2, -175.62,  50
 35448, 4870.8500,  2, -155.01,  50
 35925, 4935.3500,  2, -100.03,  50
 35925, 4935.3500,  2, -171.38,  50
 35925, 4935.3500,  2, -188.80,  50
 35925, 4935.3500,  2, -166.15,  50
 35925, 4935.3500,  2, -231.00,  50
 35925, 4935.3500,  2, -89.48,  50
 35925, 4935.3500,  2, -208.21,  50
 35925, 4935.3500,  2, -133.50,  50
 36402, 5000.1300,  2, -159.71,  50
 36402, 5000.1300,  2, -130.01,  50
 36402, 5000.1300,  2, -22.26,  50
 36402, 5000.1300,  2, -191.58,  50
 36402, 5000.1300,  2, -110.46,  50
 36402, 5000.1300,  2, -150.63,  50
 36402, 5000.1300,  2, -170.04,  50
 36402, 5000.1300,  2, -192.30,  50
 36880, 5065.0000,  2, -78.99,  50
 36880, 5065.0000,  2, -62.80,  50
 36880, 5065.0000,  2, -194.43,  50
 36880, 5065.0000,  2, -213.29,  50
 36880, 5065.0000,  2, -159.60,  50
 36880, 5065.0000,  2, -80.83,  50
 36880, 5065.0000,  2, -165.65,  50
 36880, 5065.0000,  2, -73.93,  50
 37358, 5129.7900,  2, -126.55,  50
 37358, 5129.7900,  2, -155.82,  50
 37358, 5129.7900,  2, -165.54,  50
 37358, 5129.7900,  2, -130.45,  50
 37358, 5129.7900,  2, -157.44,  50
 37358, 5129.7900,  2, -141.12,  50
 37358, 5129.7900,  2, -138.06,  50
 37358, 5129.7900,  2, -96.93,  50
 37835, 5194.3500,  2, -145.83,  50
 37835, 5194.3500,  2, -198.80,  50
 37835, 5194.3500,  2, -114.31,  50
 37835, 5194.3500,  2, -163.45,  50
 37835, 5194.3500,  2, -87.33,  50
 37835, 5194.3500,  2, -145.89,  50
 37835, 5194.3500,  2, -113.03,  50
 37835, 5194.3500,  2, -199.76,  50
 38312, 5259.1200,  2, -70.59,  50
 38312, 5259.1200,  2, -115.30,  50
 38312, 5259.1200,  2, -118.72,  50
 38312, 5259.1200,  2, -127.93,  50
 38312, 5259.1200,  2, -144.34,  50
 38312, 5259.1200,  2, -151.64,  50
 38312, 5259.1200,  2, -205.62,  50
 38312, 5259.1200,  2, -146.52,  50
 38790, 5323.9200,  2, -116.23,  50
 38790, 5323.9200,  2, -148.17,  50
 38790, 5323.9200,  2, -99.37,  50
 38790, 5323.9200,  2, -87.82,  50
 38790, 5323.9200,  2, -167.55,  50
 38790, 5323.9200,  2, -180.12,  50
 38790, 5323.9200,  2, -143.99,  50
 38790, 5323.9200,  2, -151.48,  50
 39267, 5388.6300,  2, -173.40,  50
 39267, 5388.6300,  2, -183.25,  50
 39267, 5388.6300,  2, -174.68,  50
 39267, 5388.6300,  2, -125.89,  50
 39267, 5388.6300,  2, -153.54,  50
 39267, 5388.6300,  2, -112.95,  50
 39267, 5388.6300,  2, -146.09,  50
 39267, 5388.6300,  2, -156.35,  50
 39744, 5453.1800,  2, -138.92,  50
 39744, 5453.1800,  2, -163.72,  50
 39744, 5453.1800,  2, -80.13,  50
 39744, 5453.1800,  2, -146.81,  50
 39744, 5453.1800,  2, -154.57,  50
 39744, 5453.1800,  2, -154.57,  50
 39744, 5453.1800,  2, -121.56,  50
 39744, 5453.1800,  2, -110.52,  50
 40221, 5517.8000,  2, -193.73,  50
 40221, 5517.8000,  2, -207.20,  50
 40221, 5517.8000,  2, -166.89,  50
 40221, 5517.8000,  2, -178.50,  50
 40221, 5517.8000,  2, -124.35,  50
 40221, 5517.8000,  2, -176.13,  50
 40221, 5517.8000,  2, -168.75,  50
 40221, 5517.8000,  2, -125.43,  50
 40698, 5582.4600,  2, -195.37,  50
 40698, 5582.4600,  2, -171.70,  50
 40698, 5582.4600,  2, -138.07,  50
 40698, 5582.4600,  2, -136.43,  50
 40698, 5582.4600,  2, -138.58,  50
 40698, 5582.4600,  2, -213.61,  50
 40698, 5582.4600,  2, -124.83,  50
 40698, 5582.4600,  2, -111.28,  50
 41175, 5646.9700,  2, -101.22,  50
 41175, 5646.9700,  2, -166.18,  50
 41175, 5646.9700,  2, -134.78,  50
 41175, 5646.9700,  2, -185.10,  50
 41175, 5646.9700,  2, -129.15,  50
 41175, 5646.9700,  2, -163.55,  50
 41175, 5646.9700,  2, -131.70,  50
 41175, 5646.9700,  2, -182.52,  50
 41652, 5711.5900,  2, -126.86,  50
 41652, 5711.5900,  2, -108.00,  50
 41652, 5711.5900,  2, -163.00,  50
 41652, 5711.5900,  2, -52.88,  50
 41652, 5711.5900,  2, -176.75,  50
 41652, 5711.5900,  2, -181.77,  50
 41652, 5711.5900,  2, -128.33,  50
 41652, 5711.5900,  2, -109.64,  50
 42129, 5776.2600,  2, -98.72,  50
 42129, 5776.2600,  2, -174.50,  50
 42129, 5776.2600,  2, -93.33,  50
 42129, 5776.2600,  2, -87.05,  50
 42129, 5776.2600,  2, -136.91,  50
 42129, 5776.2600,  2, -100.70,  50
 42129, 5776.2600,  2, -228.68,  50
 42129, 5776.2600,  2, -77.50,  50
 42607, 5840.8300,  2, -137.94,  50
 42607, 5840.8300,  2, -148.54,  50
 42607, 5840.8300,  2, -140.88,  50
 42607, 5840.8300,  2, -74.73,  50
 42607, 5840.8300,  2, -154.28,  50
 42607, 5840.8300,  2, -144.37,  50
 42607, 5840.8300,  2, -205.73,  50
 42607, 5840.8300,  2, -154.06,  50
 42820, 5877.6700,  1, -174.74, 22.210000000000036
 43084, 5905.4600,  2, -161.62,  50
 43084, 5905.4600,  2, -161.70,  50
 43084, 5905.4600,  2, -147.45,  50
 43084, 5905.4600,  2, -99.66,  50
 43084, 5905.4600,  2, -90.28,  50
 43084, 5905.4600,  2, -137.85,  50
 43084, 5905.4600,  2, -40.02,  50
 43221, 5934.1600,  1, -143.97, 14.210000000000036
 43561, 5969.9500,  2, -99.63,  50
 43561, 5969.9500,  2, -107.94,  50
 43561, 5969.9500,  2, -149.18,  50
 43561, 5969.9500,  2, -153.46,  50
 43561, 5969.9500,  2, -188.38,  50
 43561, 5969.9500,  2, -181.14,  50
 43561, 5969.9500,  2, -126.04,  50
 44038, 6034.7100,  2, -78.79,  50
 44038, 6034.7100,  2, -128.25,  50
 44038, 6034.7100,  2, -125.17,  50
 44038, 6034.7100,  2, -140.80,  50
 44038, 6034.7100,  2, -166.45,  50
 44038, 6034.7100,  2, -80.42,  50
 44038, 6034.7100,  2, -50.70,  50
 44038, 6034.7100,  2, -101.65,  50
 44141, 6060.1000,  1, -194.27, 10.6200000000008
 44516, 6099.5800,  2, -136.23,  50
 44516, 6099.5800,  2, -204.52,  50
 44516, 6099.5800,  2, -129.29,  50
 44516, 6099.5800,  2, -143.25,  50
 44516, 6099.5800,  2, -147.12,  50
 44516, 6099.5800,  2, -164.06,  50
 44516, 6099.5800,  2, -186.74,  50
 44994, 6164.4200,  2, -216.57,  50
 44994, 6164.4200,  2, -208.94,  50
 44994, 6164.4200,  2, -142.05,  50
 44994, 6164.4200,  2, -73.64,  50
 44994, 6164.4200,  2, -123.29,  50
 44994, 6164.4200,  2, -174.52,  50
 44994, 6164.4200,  2, -108.91,  50
 44994, 6164.4200,  2, -204.50,  50
 45383, 6219.7700,  1, -147.24, 40.73000000000047
 45471, 6229.0400,  2, -74.06,  50
 45471, 6229.0400,  2, -154.49,  50
 45471, 6229.0400,  2, -12.50,  50
 45471, 6229.0400,  2, -159.00,  50
 45471, 6229.0400,  2, -164.17,  50
 45471, 6229.0400,  2, -225.11,  50
 45471, 6229.0400,  2, -124.19,  50
 45648, 6262.2400,  1, -151.35, 18.420000000000073
 45949, 6293.9200,  2, -110.73,  50
 45949, 6293.9200,  2, -116.59,  50
 45949, 6293.9200,  2, -21.82,  50
 45949, 6293.9200,  2, -183.43,  50
 45949, 6293.9200,  2, -150.61,  50
 45949, 6293.9200,  2, -93.11,  50
 45949, 6293.9200,  2, -176.96,  50
 46426, 6358.7500,  2, -150.87,  50
 46426, 6358.7500,  2, 2.71,  50
 46426, 6358.7500,  2, -94.61,  50
 46426, 6358.7500,  2, -5.76,  50
 46426, 6358.7500,  2, -148.80,  50
 46426, 6358.7500,  2, -137.16,  50
 46426, 6358.7500,  2, -105.29,  50
 46426, 6358.7500,  2, -101.46,  50
 46598, 6391.3000,  1, -152.91, 17.890000000000327
 46903, 6423.4100,  2, -3.85,  50
 46903, 6423.4100,  2, -91.23,  50
 46903, 6423.4100,  2, -163.62,  50
 46903, 6423.4100,  2, -109.69,  50
 46903, 6423.4100,  2, -68.01,  50
 46903, 6423.4100,  2, -109.43,  50
 46903, 6423.4100,  2, -175.36,  50
 47380, 6488.0000,  2, -69.09,  50
 47380, 6488.0000,  2, -138.87,  50
 47380, 6488.0000,  2, -142.94,  50
 47380, 6488.0000,  2, -76.64,  50
 47380, 6488.0000,  2, -149.32,  50
 47380, 6488.0000,  2, 2.54,  50
 47380, 6488.0000,  2, -35.86,  50
 47380, 6488.0000,  2, -79.21,  50
 47731, 6539.3800,  1, -195.95, 36.73000000000047
 47858, 6552.7500,  2, -184.56,  50
 47858, 6552.7500,  2, -89.11,  50
 47858, 6552.7500,  2, -150.77,  50
 47858, 6552.7500,  2, -107.06,  50
 47858, 6552.7500,  2, -191.44,  50
 47858, 6552.7500,  2, -81.27,  50
 47858, 6552.7500,  2, -63.08,  50
 48335, 6617.6300,  2, -120.34,  50
 48335, 6617.6300,  2, -152.01,  50
 48335, 6617.6300,  2, -119.36,  50
 48335, 6617.6300,  2, -131.66,  50
 48335, 6617.6300,  2, -14.13,  50
 48335, 6617.6300,  2, -60.77,  50
 48335, 6617.6300,  2, -194.24,  50
 48335, 6617.6300,  2, -26.08,  50
 48812, 6682.2200,  2, -168.50,  50
 48812, 6682.2200,  2, -127.85,  50
 48812, 6682.2200,  2, -118.21,  50
 48812, 6682.2200,  2, -65.26,  50
 48812, 6682.2200,  2, -39.99,  50
 48812, 6682.2200,  2, -122.55,  50
 48812, 6682.2200,  2, -113.11,  50
 48812, 6682.2200,  2, -77.88,  50
 49289, 6746.8400,  2, -126.16,  50
 49289, 6746.8400,  2, -133.16,  50
 49289, 6746.8400,  2, -82.54,  50
 49289, 6746.8400,  2, -57.75,  50
 49289, 6746.8400,  2, -63.53,  50
 49289, 6746.8400,  2, -47.45,  50
 49289, 6746.8400,  2, -35.01,  50
 49289, 6746.8400,  2, -150.51,  50
 49590, 6792.9100,  1, -185.61, 31.470000000000255
 49767, 6811.5400,  2, -124.05,  50
 49767, 6811.5400,  2, -143.30,  50
 49767, 6811.5400,  2, -61.23,  50
 49767, 6811.5400,  2, -124.90,  50
 49767, 6811.5400,  2, -103.17,  50
 49767, 6811.5400,  2, -107.20,  50
 49767, 6811.5400,  2, -71.70,  50
 50245, 6876.4200,  2, -56.77,  50
 50245, 6876.4200,  2, -65.47,  50
 50245, 6876.4200,  2, -50.24,  50
 50245, 6876.4200,  2, -136.42,  50
 50245, 6876.4200,  2, -139.29,  50
 50245, 6876.4200,  2, -158.50,  50
 50245, 6876.4200,  2, -137.70,  50
 50245, 6876.4200,  2, -113.10,  50
 50722, 6940.9100,  2, -46.50,  50
 50722, 6940.9100,  2, -118.13,  50
 50722, 6940.9100,  2, -79.08,  50
 50722, 6940.9100,  2, -162.74,  50
 50722, 6940.9100,  2, -97.12,  50
 50722, 6940.9100,  2, -102.71,  50
 50722, 6940.9100,  2, -49.42,  50
 50722, 6940.9100,  2, -42.28,  50
 51176, 7003.2600,  1, -157.31, 47.57999999999993
 51199, 7005.6800,  2, -110.88,  50
 51199, 7005.6800,  2, -103.60,  50
 51199, 7005.6800,  2, -161.66,  50
 51199, 7005.6800,  2, 34.35,  50
 51199, 7005.6800,  2, -111.18,  50
 51199, 7005.6800,  2, -59.86,  50
 51199, 7005.6800,  2, -27.13,  50
 51676, 7070.5400,  2, -81.52,  50
 51676, 7070.5400,  2, -39.05,  50
 51676, 7070.5400,  2, -137.01,  50
 51676, 7070.5400,  2, -34.96,  50
 51676, 7070.5400,  2, -36.56,  50
 51676, 7070.5400,  2, -57.33,  50
 51676, 7070.5400,  2, -181.36,  50
 51676, 7070.5400,  2, -118.52,  50
 52153, 7135.3800,  2, -112.29,  50
 52153, 7135.3800,  2, -79.08,  50
 52153, 7135.3800,  2, -75.42,  50
 52153, 7135.3800,  2, -64.58,  50
 52153, 7135.3800,  2, -112.69,  50
 52153, 7135.3800,  2, -51.49,  50
 52153, 7135.3800,  2, -80.63,  50
 52153, 7135.3800,  2, -107.38,  50
 52630, 7200.0000,  2, -45.94,  50
 52630, 7200.0000,  2, -76.95,  50
 52630, 7200.0000,  2, -16.17,  50
 52630, 7200.0000,  2, -99.07,  50
 52630, 7200.0000,  2, -78.95,  50
 52630, 7200.0000,  2, -84.42,  50
 52630, 7200.0000,  2, -38.34,  50
 52630, 7200.0000,  2, -23.63,  50
 53107, 7264.5500,  2, -159.57,  50
 53107, 7264.5500,  2, -121.23,  50
 53107, 7264.5500,  2, -112.68,  50
 53107, 7264.5500,  2, -75.78,  50
 53107, 7264.5500,  2, -87.84,  50
 53107, 7264.5500,  2, 11.36,  50
 53107, 7264.5500,  2, -96.34,  50
 53107, 7264.5500,  2, 31.24,  50
 53584, 7329.2600,  2, -102.73,  50
 53584, 7329.2600,  2, 65.88,  50
 53584, 7329.2600,  2, -54.94,  50
 53584, 7329.2600,  2, -93.37,  50
 53584, 7329.2600,  2, -126.31,  50
 53584, 7329.2600,  2, -91.09,  50
 53584, 7329.2600,  2, 7.09,  50
 53584, 7329.2600,  2, -84.93,  50
 54061, 7393.7600,  2, -42.30,  50
 54061, 7393.7600,  2, -151.74,  50
 54061, 7393.7600,  2, -18.74,  50
 54061, 7393.7600,  2, -107.79,  50
 54061, 7393.7600,  2, -49.03,  50
 54061, 7393.7600,  2, -101.44,  50
 54061, 7393.7600,  2, -34.12,  50
 54061, 7393.7600,  2, 3.32,  50
 54538, 7458.5400,  2, -29.07,  50
 54538, 7458.5400,  2, -85.19,  50
 54538, 7458.5400,  2, 20.85,  50
 54538, 7458.5400,  2, -109.72,  50
 54538, 7458.5400,  2, -1.94,  50
 54538, 7458.5400,  2, -59.25,  50
 54538, 7458.5400,  2, -39.40,  50
 54538, 7458.5400,  2, -68.70,  50
 55015, 7523.3900,  2, 6.84,  50
 55015, 7523.3900,  2, -84.72,  50
 55015, 7523.3900,  2, -46.00,  50
 55015, 7523.3900,  2, -120.35,  50
 55015, 7523.3900,  2, -80.11,  50
 55015, 7523.3900,  2, -34.98,  50
 55015, 7523.3900,  2, -102.77,  50
 55015, 7523.3900,  2, 121.21,  50
 55461, 7584.7200,  1, -231.38, 46.73000000000047
 55492, 7587.9900,  2, 35.18,  50
 55492, 7587.9900,  2, -55.69,  50
 55492, 7587.9900,  2, -84.04,  50
 55492, 7587.9900,  2, -53.35,  50
 55492, 7587.9900,  2, -73.54,  50
 55492, 7587.9900,  2, 15.41,  50
 55492, 7587.9900,  2, -35.23,  50
 55650, 7619.0900,  1, -150.06, 16.420000000000073
 55969, 7652.6700,  2, -97.85,  50
 55969, 7652.6700,  2, 39.56,  50
 55969, 7652.6700,  2, 11.50,  50
 55969, 7652.6700,  2, -42.58,  50
 55969, 7652.6700,  2, 24.09,  50
 55969, 7652.6700,  2, -20.71,  50
 55969, 7652.6700,  2, 23.28,  50
 56446, 7717.4100,  2, 7.44,  50
 56446, 7717.4100,  2, 3.70,  50
 56446, 7717.4100,  2, 147.87,  50
 56446, 7717.4100,  2, -44.73,  50
 56446, 7717.4100,  2, 12.45,  50
 56446, 7717.4100,  2, -79.27,  50
 56446, 7717.4100,  2, -2.23,  50
 56446, 7717.4100,  2, 21.64,  50
 56923, 7781.9900,  2, 13.87,  50
 56923, 7781.9900,  2, 8.71,  50
 56923, 7781.9900,  2, -105.36,  50
 56923, 7781.9900,  2, -13.16,  50
 56923, 7781.9900,  2, -25.25,  50
 56923, 7781.9900,  2, 12.73,  50
 56923, 7781.9900,  2, -8.93,  50
 56923, 7781.9900,  2, -55.49,  50
 57401, 7846.7100,  2, 39.70,  50
 57401, 7846.7100,  2, -76.14,  50
 57401, 7846.7100,  2, 22.16,  50
 57401, 7846.7100,  2, -72.68,  50
 57401, 7846.7100,  2, -23.46,  50
 57401, 7846.7100,  2, -8.00,  50
 57401, 7846.7100,  2, 28.15,  50
 57401, 7846.7100,  2, -16.60,  50
 57879, 7911.6700,  2, 174.97,  50
 57879, 7911.6700,  2, -47.46,  50
 57879, 7911.6700,  2, 45.10,  50
 57879, 7911.6700,  2, 31.00,  50
 57879, 7911.6700,  2, -16.22,  50
 57879, 7911.6700,  2, -15.09,  50
 57879, 7911.6700,  2, -24.60,  50
 57879, 7911.6700,  2, -86.77,  50
 58357, 7976.2900,  2, 8.56,  50
 58357, 7976.2900,  2, -76.80,  50
 58357, 7976.2900,  2, 215.07,  50
 58357, 7976.2900,  2, -72.24,  50
 58357, 7976.2900,  2, -50.42,  50
 58357, 7976.2900,  2, 37.69,  50
 58357, 7976.2900,  2, 10.92,  50
 58357, 7976.2900,  2, -61.07,  50
 58822, 8039.8900,  1, -78.65, 48.73000000000047
 58834, 8041.1600,  2, 5.18,  50
 58834, 8041.1600,  2, -90.72,  50
 58834, 8041.1600,  2, 89.05,  50
 58834, 8041.1600,  2, 24.80,  50
 58834, 8041.1600,  2, -12.68,  50
 58834, 8041.1600,  2, -67.40,  50
 58834, 8041.1600,  2, -34.94,  50
 59311, 8105.9900,  2, 14.22,  50
 59311, 8105.9900,  2, -28.01,  50
 59311, 8105.9900,  2, -15.72,  50
 59311, 8105.9900,  2, -31.11,  50
 59311, 8105.9900,  2, 5.07,  50
 59311, 8105.9900,  2, -16.02,  50
 59311, 8105.9900,  2, 80.57,  50
 59311, 8105.9900,  2, -19.47,  50
 59732, 8164.7100,  1, -147.79, 44.100000000000364
 59732, 8164.7100,  1, -91.68, 44.100000000000364
 59789, 8170.7100,  2, 71.61,  50
 59789, 8170.7100,  2, 57.30,  50
 59789, 8170.7100,  2, -19.50,  50
 59789, 8170.7100,  2, 26.64,  50
 59789, 8170.7100,  2, 81.05,  50
 59789, 8170.7100,  2, 17.88,  50
 60264, 8234.0000,  1, -149.29, 48.56999999999971
 60264, 8234.0000,  1, -78.92, 48.56999999999971
 60278, 8235.4300,  2, 99.83,  50
 60278, 8235.4300,  2, 34.42,  50
 60278, 8235.4300,  2, 4.60,  50
 60278, 8235.4300,  2, 94.39,  50
 60278, 8235.4300,  2, 73.60,  50
 60278, 8235.4300,  2, 4.64,  50
 60769, 8300.1700,  2, -4.55,  50
 60769, 8300.1700,  2, -14.37,  50
 60769, 8300.1700,  2, 56.62,  50
 60769, 8300.1700,  2, -67.85,  50
 60769, 8300.1700,  2, -57.57,  50
 60769, 8300.1700,  2, 37.17,  50
 60769, 8300.1700,  2, -28.48,  50
 60769, 8300.1700,  2, 86.04,  50
 61260, 8364.8200,  2, 63.80,  50
 61260, 8364.8200,  2, 102.32,  50
 61260, 8364.8200,  2, 106.09,  50
 61260, 8364.8200,  2, 57.32,  50
 61260, 8364.8200,  2, 92.84,  50
 61260, 8364.8200,  2, 89.39,  50
 61260, 8364.8200,  2, 41.94,  50
 61260, 8364.8200,  2, 89.63,  50
 61522, 8406.0000,  1, -125.57, 26.590000000000146
 61701, 8424.3100,  1, -12.78, 44.899999999999636
 61701, 8424.3100,  1, -26.94, 44.899999999999636
 61751, 8429.4200,  2, 160.32,  50
 61751, 8429.4200,  2, -59.10,  50
 61751, 8429.4200,  2, -29.25,  50
 61751, 8429.4200,  2, 66.43,  50
 61751, 8429.4200,  2, 109.87,  50
 61882, 8457.4000,  1, -129.60, 13.199999999998909
 62242, 8494.2200,  2, 11.21,  50
 62242, 8494.2200,  2, 18.22,  50
 62242, 8494.2200,  2, 66.41,  50
 62242, 8494.2200,  2, -19.19,  50
 62242, 8494.2200,  2, 139.04,  50
 62242, 8494.2200,  2, -4.26,  50
 62242, 8494.2200,  2, 141.99,  50
 62733, 8558.8600,  2, 126.34,  50
 62733, 8558.8600,  2, 60.56,  50
 62733, 8558.8600,  2, 32.72,  50
 62733, 8558.8600,  2, 45.15,  50
 62733, 8558.8600,  2, 61.15,  50
 62733, 8558.8600,  2, 92.65,  50
 62733, 8558.8600,  2, 73.35,  50
 62733, 8558.8600,  2, 45.76,  50
 63224, 8623.4700,  2, 71.58,  50
 63224, 8623.4700,  2, 256.50,  50
 63224, 8623.4700,  2, 18.85,  50
 63224, 8623.4700,  2, 41.02,  50
 63224, 8623.4700,  2, 114.95,  50
 63224, 8623.4700,  2, 90.09,  50
 63224, 8623.4700,  2, 119.57,  50
 63224, 8623.4700,  2, 27.69,  50
 63300, 8645.4900,  1, -74.96, 7.569999999999709
 63649, 8681.1800,  1, -89.51, 43.26000000000022
 63649, 8681.1800,  1, -107.70, 43.26000000000022
 63715, 8687.9300,  2, 89.75,  50
 63715, 8687.9300,  2, 107.87,  50
 63715, 8687.9300,  2, 100.87,  50
 63715, 8687.9300,  2, 34.78,  50
 63715, 8687.9300,  2, 122.60,  50
 63994, 8731.1200,  1, -155.06, 28.320000000001528
 64008, 8732.5600,  1, -99.85, 29.76000000000022
 64206, 8752.8100,  2, 55.77,  50
 64206, 8752.8100,  2, 77.23,  50
 64206, 8752.8100,  2, 35.99,  50
 64206, 8752.8100,  2, 29.66,  50
 64206, 8752.8100,  2, 182.66,  50
 64206, 8752.8100,  2, 40.31,  50
 64455, 8792.6100,  1, -154.85, 25.26000000000022
 64697, 8817.3600,  2, 28.12,  50
 64697, 8817.3600,  2, 84.40,  50
 64697, 8817.3600,  2, 74.96,  50
 64697, 8817.3600,  2, 219.60,  50
 64697, 8817.3600,  2, 153.79,  50
 64697, 8817.3600,  2, 125.20,  50
 64697, 8817.3600,  2, 152.82,  50
 65174, 8880.2800,  1, -93.54, 48.57999999999993
 65175, 8880.3900,  1, 4.96, 48.68999999999869
 65175, 8880.3900,  1, -6.91, 48.68999999999869
 65188, 8881.7200,  2, 60.24,  50
 65188, 8881.7200,  2, 100.14,  50
 65188, 8881.7200,  2, 181.68,  50
 65188, 8881.7200,  2, 203.76,  50
 65188, 8881.7200,  2, 67.92,  50
 65253, 8902.9900,  1, -129.34, 6.440000000000509
 65623, 8940.8300,  1, -66.64, 44.280000000000655
 65679, 8946.5600,  2, 113.73,  50
 65679, 8946.5600,  2, 64.15,  50
 65679, 8946.5600,  2, 171.16,  50
 65679, 8946.5600,  2, 192.35,  50
 65679, 8946.5600,  2, 117.01,  50
 65679, 8946.5600,  2, 59.69,  50
 66170, 9011.2200,  2, 215.50,  50
 66170, 9011.2200,  2, 48.36,  50
 66170, 9011.2200,  2, 253.16,  50
 66170, 9011.2200,  2, 195.36,  50
 66170, 9011.2200,  2, 57.81,  50
 66170, 9011.2200,  2, 103.59,  50
 66170, 9011.2200,  2, 84.67,  50
 66170, 9011.2200,  2, 131.18,  50
 66600, 9069.5200,  1, -131.55, 43.77000000000044
 66600, 9069.5200,  1, 56.02, 43.77000000000044
 66661, 9075.7600,  2, 98.37,  50
 66661, 9075.7600,  2, 134.45,  50
 66661, 9075.7600,  2, 77.47,  50
 66661, 9075.7600,  2, 52.28,  50
 66661, 9075.7600,  2, 103.08,  50
 66661, 9075.7600,  2, 86.10,  50
 66817, 9106.2000,  1, -105.76, 15.75
 67082, 9133.3100,  1, 42.59, 42.85999999999876
 67152, 9140.4700,  2, 240.61,  50
 67152, 9140.4700,  2, 47.43,  50
 67152, 9140.4700,  2, 175.87,  50
 67152, 9140.4700,  2, 90.42,  50
 67152, 9140.4700,  2, 23.73,  50
 67152, 9140.4700,  2, 132.21,  50
 67468, 9187.1800,  1, -21.64, 32.11000000000058
 67468, 9187.1800,  1, -104.35, 32.11000000000058
 67527, 9193.2200,  1, -70.13, 38.149999999999636
 67617, 9202.4200,  1, -97.27, 47.350000000000364
 67640, 9204.7700,  1, -143.36, 49.70000000000073
 67643, 9205.0800,  2, 55.05,  50
 67643, 9205.0800,  2, 156.02,  50
 67643, 9205.0800,  2, 219.72,  50
 68134, 9269.7000,  2, 44.01,  50
 68134, 9269.7000,  2, 84.71,  50
 68134, 9269.7000,  2, 81.37,  50
 68134, 9269.7000,  2, 201.67,  50
 68134, 9269.7000,  2, 19.90,  50
 68134, 9269.7000,  2, 44.04,  50
 68134, 9269.7000,  2, 206.23,  50
 68134, 9269.7000,  2, 201.76,  50
 68349, 9305.9500,  1, -80.33, 21.780000000000655
 68349, 9305.9500,  1, -86.84, 21.780000000000655
 68625, 9334.1800,  2, 89.52,  50
 68625, 9334.1800,  2, 312.59,  50
 68625, 9334.1800,  2, 252.37,  50
 68625, 9334.1800,  2, 89.00,  50
 68625, 9334.1800,  2, 71.91,  50
 68625, 9334.1800,  2, 45.10,  50
 68952, 9382.0200,  1, -17.40, 33.23999999999978
 69116, 9398.7900,  2, 152.22,  50
 69116, 9398.7900,  2, 152.09,  50
 69116, 9398.7900,  2, 303.59,  50
 69116, 9398.7900,  2, 59.38,  50
 69116, 9398.7900,  2, 271.77,  50
 69116, 9398.7900,  2, 211.81,  50
 69116, 9398.7900,  2, 92.58,  50
 69278, 9429.8100,  1, -33.85, 16.36999999999898
 69278, 9429.8100,  1, -50.54, 16.36999999999898
 69514, 9453.9400,  1, -70.10, 40.5
 69519, 9454.4500,  1, 8.77, 41.01000000000022
 69564, 9459.0600,  1, -4.31, 45.61999999999898
 69607, 9463.4500,  2, 121.76,  50
 69607, 9463.4500,  2, 178.82,  50
 69607, 9463.4500,  2, 199.97,  50
 69944, 9512.2900,  1, -15.68, 34.26000000000022
 70098, 9528.1200,  2, 159.88,  50
 70098, 9528.1200,  2, 259.76,  50
 70098, 9528.1200,  2, 8.39,  50
 70098, 9528.1200,  2, 220.35,  50
 70098, 9528.1200,  2, 112.06,  50
 70098, 9528.1200,  2, 92.74,  50
 70098, 9528.1200,  2, 144.67,  50
 70231, 9556.3500,  1, -82.19, 13.399999999999636
 70353, 9568.8300,  1, -101.75, 25.8799999999992
 70382, 9571.7900,  1, -62.40, 28.840000000000146
 70382, 9571.7900,  1, -37.47, 28.840000000000146
 70407, 9574.3500,  1, -75.34, 31.399999999999636
 70589, 9592.9700,  2, 94.97,  50
 70589, 9592.9700,  2, 94.67,  50
 70589, 9592.9700,  2, 63.93,  50
 70933, 9642.5400,  1, -86.35, 34.970000000001164
 70933, 9642.5400,  1, -55.24, 34.970000000001164
 71080, 9657.5800,  2, 8.91,  50
 71080, 9657.5800,  2, 128.28,  50
 71080, 9657.5800,  2, 15.62,  50
 71080, 9657.5800,  2, 20.62,  50
 71080, 9657.5800,  2, 134.68,  50
 71080, 9657.5800,  2, 148.86,  50
 71415, 9705.9800,  1, 33.75, 34.05999999999949
 71415, 9705.9800,  1, -38.92, 34.05999999999949
 71465, 9711.0900,  1, -17.62, 39.17000000000007
 71571, 9721.9300,  2, 95.72,  50
 71571, 9721.9300,  2, 210.47,  50
 71571, 9721.9300,  2, 82.25,  50
 71571, 9721.9300,  2, 53.36,  50
 71571, 9721.9300,  2, 237.55,  50
 71955, 9775.7700,  1, -11.74, 39.06999999999971
 71985, 9778.8400,  1, -24.93, 42.13999999999942
 72062, 9786.7200,  2, 138.39,  50
 72062, 9786.7200,  2, 121.06,  50
 72062, 9786.7200,  2, 96.06,  50
 72062, 9786.7200,  2, 276.58,  50
 72062, 9786.7200,  2, 156.06,  50
 72062, 9786.7200,  2, 104.88,  50
 72198, 9815.2000,  1, -13.50, 13.700000000000728
 72198, 9815.2000,  1, -133.25, 13.700000000000728
 72443, 9840.2600,  1, -46.68, 38.76000000000022
 72447, 9840.6700,  1, -20.82, 39.17000000000007
 72553, 9851.5100,  2, -8.44,  50
 72553, 9851.5100,  2, 210.10,  50
 72553, 9851.5100,  2, 70.69,  50
 72553, 9851.5100,  2, 180.03,  50
 72735, 9884.7400,  1, -118.00, 18.409999999999854
 72755, 9886.7800,  1, -75.67, 20.450000000000728
 72782, 9889.5400,  1, -172.50, 23.210000000000946
 72782, 9889.5400,  1, -153.92, 23.210000000000946
 72936, 9905.2900,  1, -54.34, 38.960000000000946
 73044, 9916.3400,  2, 77.36,  50
 73044, 9916.3400,  2, 137.74,  50
 73044, 9916.3400,  2, 349.33,  50
 73150, 9941.9500,  1, -60.04, 10.630000000001019
 73535, 9981.3300,  2, 111.14,  50
 73535, 9981.3300,  2, 167.96,  50
 73535, 9981.3300,  2, 265.32,  50
 73535, 9981.3300,  2, 146.36,  50
 73535, 9981.3300,  2, 164.67,  50
 73535, 9981.3300,  2, 156.16,  50
 73535, 9981.3300,  2, 144.31,  50
 73812, 10024.2700,  1, -63.33, 28.1200000000008
 73812, 10024.2700,  1, -59.14, 28.1200000000008
 74004, 10043.9100,  1, -60.55, 47.76000000000022
 74026, 10046.1600,  2, 153.87,  50
 74026, 10046.1600,  2, 127.16,  50
 74026, 10046.1600,  2, 137.11,  50
 74026, 10046.1600,  2, 163.46,  50
 74026, 10046.1600,  2, 103.44,  50
 74198, 10078.3900,  1, -129.53, 17.389999999999418
 74399, 10098.9400,  1, -70.64, 37.94000000000051
 74499, 10109.1700,  1, -49.61, 48.17000000000007
 74500, 10109.2700,  1, -31.55, 48.27000000000044
 74517, 10111.0100,  2, 40.95,  50
 74517, 10111.0100,  2, 177.03,  50
 74517, 10111.0100,  2, 134.27,  50
 74517, 10111.0100,  2, 86.58,  50
 74799, 10154.3500,  1, -36.87, 28.63000000000102
 74934, 10168.1600,  1, 51.46, 42.44000000000051
 74935, 10168.2600,  1, 16.97, 42.54000000000087
 74935, 10168.2600,  1, -20.32, 42.54000000000087
 74987, 10173.5800,  1, -54.33, 47.86000000000058
 75008, 10175.7300,  1, -83.37, 50.01000000000022
 75008, 10175.7300,  2, 131.82,  50
 75008, 10175.7300,  2, 289.02,  50
 75383, 10228.6700,  1, 14.13, 38.149999999999636
 75467, 10237.2600,  1, -67.29, 46.73999999999978
 75499, 10240.5300,  2, 229.38,  50
 75499, 10240.5300,  2, 91.57,  50
 75499, 10240.5300,  2, 101.17,  50
 75499, 10240.5300,  2, 151.23,  50
 75499, 10240.5300,  2, 121.54,  50
 75499, 10240.5300,  2, 97.65,  50
 75794, 10285.4000,  1, -95.29, 29.969999999999345
 75959, 10302.2700,  1, -38.24, 46.840000000000146
 75970, 10303.4000,  1, 57.86, 47.969999999999345
 75989, 10305.3400,  1, -40.96, 49.909999999999854
 75990, 10305.4400,  2, 126.84,  50
 75990, 10305.4400,  2, 183.93,  50
 75990, 10305.4400,  2, 109.68,  50
 75990, 10305.4400,  2, 115.01,  50
 76198, 10341.1000,  1, -43.63, 21.06999999999971
 76198, 10341.1000,  1, -91.07, 21.06999999999971
 76481, 10370.0400,  2, 53.17,  50
 76481, 10370.0400,  2, 106.14,  50
 76481, 10370.0400,  2, 191.43,  50
 76481, 10370.0400,  2, 90.77,  50
 76481, 10370.0400,  2, 71.92,  50
 76481, 10370.0400,  2, 150.33,  50
 76859, 10423.0800,  1, 8.44, 38.45000000000073
 76918, 10429.1100,  1, -33.86, 44.48000000000138
 76972, 10434.6400,  2, 23.09,  50
 76972, 10434.6400,  2, 110.99,  50
 76972, 10434.6400,  2, 85.69,  50
 76972, 10434.6400,  2, 129.40,  50
 76972, 10434.6400,  2, 70.38,  50
 76972, 10434.6400,  2, 93.81,  50
 77063, 10458.3100,  1, -151.66, 9.109999999998763
 77358, 10488.4800,  1, -75.99, 39.279999999998836
 77404, 10493.1800,  1, -12.23, 43.97999999999956
 77431, 10495.9400,  1, -76.87, 46.73999999999978
 77463, 10499.2200,  2, 35.99,  50
 77463, 10499.2200,  2, 145.15,  50
 77463, 10499.2200,  2, 147.62,  50
 77463, 10499.2200,  2, 68.06,  50
 77800, 10548.0400,  1, -0.62, 34.26000000000022
 77800, 10548.0400,  1, -110.38, 34.26000000000022
 77954, 10563.7900,  2, 54.38,  50
 77954, 10563.7900,  2, 69.24,  50
 77954, 10563.7900,  2, 132.61,  50
 77954, 10563.7900,  2, 96.04,  50
 77954, 10563.7900,  2, 36.04,  50
 77954, 10563.7900,  2, 125.79,  50
 78142, 10597.5600,  1, -115.43, 19.029999999998836
 78219, 10605.4300,  1, -44.16, 26.899999999999636
 78219, 10605.4300,  1, -119.07, 26.899999999999636
 78276, 10611.2600,  1, 33.99, 32.72999999999956
 78445, 10628.5400,  2, 154.26,  50
 78445, 10628.5400,  2, 331.86,  50
 78445, 10628.5400,  2, 119.95,  50
 78445, 10628.5400,  2, 207.50,  50
 78562, 10655.1400,  1, -114.70, 11.760000000000218
 78732, 10672.5200,  1, -57.49, 29.140000000001237
 78766, 10676.0000,  1, 26.63, 32.6200000000008
 78831, 10682.6500,  1, 35.55, 39.27000000000044
 78936, 10693.3900,  2, 276.20,  50
 78936, 10693.3900,  2, 144.15,  50
 78936, 10693.3900,  2, 297.05,  50
 78936, 10693.3900,  2, -0.53,  50
 79246, 10739.1500,  1, -63.68, 31.5
 79252, 10739.7600,  1, 205.54, 32.11000000000058
 79252, 10739.7600,  1, -131.10, 32.11000000000058
 79427, 10757.6600,  2, -23.60,  50
 79427, 10757.6600,  2, 181.99,  50
 79427, 10757.6600,  2, 71.14,  50
 79427, 10757.6600,  2, 240.44,  50
 79427, 10757.6600,  2, 54.92,  50
 79472, 10776.6600,  1, -137.88, 4.399999999999636
 79734, 10803.4500,  1, -73.20, 31.19000000000051
 79806, 10810.8200,  1, 12.99, 38.55999999999949
 79853, 10815.6200,  1, -5.12, 43.36000000000058
 79861, 10816.4400,  1, -98.10, 44.18000000000029
 79866, 10816.9500,  1, 47.65, 44.69000000000051
 79918, 10822.2700,  2, 326.13,  50
 79918, 10822.2700,  2, 208.21,  50
 80058, 10850.9200,  1, -92.45, 14.110000000000582
 80134, 10858.6900,  1, -43.90, 21.88000000000102
 80407, 10886.6100,  3, 423.29, 49.780000000000655
 80409, 10886.8200,  2, 92.33,  50
 80409, 10886.8200,  2, 251.76,  50
 80409, 10886.8200,  2, 292.57,  50
 80409, 10886.8200,  2, 248.92,  50
 80409, 10886.8200,  2, 46.70,  50
 80483, 10908.7800,  1, -152.57, 7.360000000000582
 80626, 10923.4100,  1, -32.45, 21.98999999999978
 80626, 10923.4100,  1, -98.26, 21.98999999999978
 80856, 10946.9300,  1, 2.70, 45.51000000000022
 80900, 10951.4300,  2, 195.99,  50
 80900, 10951.4300,  2, 298.51,  50
 80900, 10951.4300,  2, 409.51,  50
 80900, 10951.4300,  2, 263.77,  50
 81256, 11002.3100,  1, -0.69, 36.20999999999913
 81274, 11004.1500,  1, -32.63, 38.04999999999927
 81274, 11004.1500,  1, -43.90, 38.04999999999927
 81391, 11016.1100,  2, 169.78,  50
 81391, 11016.1100,  2, 283.57,  50
 81391, 11016.1100,  2, 232.15,  50
 81391, 11016.1100,  2, 209.48,  50
 81391, 11016.1100,  2, 262.99,  50
 81499, 11041.7900,  1, -93.97, 10.840000000000146
 81643, 11056.5200,  1, 19.53, 25.56999999999971
 81882, 11080.9700,  2, 247.59,  50
 81882, 11080.9700,  2, 265.04,  50
 81882, 11080.9700,  2, 358.61,  50
 81882, 11080.9700,  2, 118.87,  50
 81882, 11080.9700,  2, 128.07,  50
 81882, 11080.9700,  2, 251.65,  50
 81990, 11106.4200,  1, -38.32, 10.840000000000146
 81990, 11106.4200,  1, -109.22, 10.840000000000146
 82132, 11120.9400,  1, 10.85, 25.360000000000582
 82132, 11120.9400,  1, 49.86, 25.360000000000582
 82341, 11142.3200,  1, 97.12, 46.73999999999978
 82373, 11145.5900,  2, 310.82,  50
 82373, 11145.5900,  2, 315.12,  50
 82373, 11145.5900,  2, 215.87,  50
 82623, 11185.4100,  1, -30.24, 25.36999999999898
 82623, 11185.4100,  1, -42.54, 25.36999999999898
 82740, 11197.3700,  1, 104.69, 37.32999999999993
 82796, 11203.1000,  1, 97.28, 43.05999999999949
 82796, 11203.1000,  1, 44.49, 43.05999999999949
 82818, 11205.3500,  1, 9.30, 45.30999999999949
 82864, 11210.0600,  2, 280.88,  50
 82864, 11210.0600,  2, 245.66,  50
 82980, 11236.2800,  1, -172.86, 11.659999999999854
 83080, 11246.5100,  1, -61.17, 21.889999999999418
 83080, 11246.5100,  1, -46.03, 21.889999999999418
 83200, 11258.7800,  1, -24.88, 34.159999999999854
 83355, 11274.6400,  2, 102.56,  50
 83355, 11274.6400,  2, 218.54,  50
 83355, 11274.6400,  2, 318.46,  50
 83355, 11274.6400,  2, 181.16,  50
 83521, 11306.1200,  1, -9.81, 16.770000000000437
 83616, 11315.8400,  1, 3.85, 26.48999999999978
 83663, 11320.6500,  1, 58.00, 31.299999999999272
 83716, 11326.0700,  1, 31.81, 36.719999999999345
 83846, 11339.3600,  2, 273.46,  50
 83846, 11339.3600,  2, 287.22,  50
 83846, 11339.3600,  2, 272.80,  50
 83846, 11339.3600,  2, 197.79,  50
 84039, 11373.5600,  1, -48.59, 19.539999999999054
 84058, 11375.5000,  1, -39.21, 21.479999999999563
 84058, 11375.5000,  1, -37.85, 21.479999999999563
 84059, 11375.6000,  1, -53.00, 21.579999999999927
 84153, 11385.2200,  1, -55.07, 31.19999999999891
 84316, 11401.8900,  3, 350.57, 47.779999999998836
 84337, 11404.0300,  2, 158.45,  50
 84337, 11404.0300,  2, 294.12,  50
 84432, 11428.1800,  1, -65.71, 9.510000000000218
 84432, 11428.1800,  1, -38.29, 9.510000000000218
 84494, 11434.5200,  1, 37.83, 15.850000000000364
 84494, 11434.5200,  1, 39.19, 15.850000000000364
 84575, 11442.8100,  1, -24.19, 24.139999999999418
 84755, 11461.2200,  3, 387.62, 42.469999999999345
 84828, 11468.6800,  2, 285.18,  50
 84828, 11468.6800,  2, 253.36,  50
 85013, 11502.0000,  1, -3.38, 18.719999999999345
 85013, 11502.0000,  1, 103.32, 18.719999999999345
 85125, 11513.4500,  1, -43.28, 30.170000000000073
 85157, 11516.7300,  1, 136.38, 33.44999999999891
 85232, 11524.4000,  3, 329.06, 41.01999999999862
 85284, 11529.7200,  3, 440.07, 46.42000000000007
 85319, 11533.2900,  2, 166.44,  50
 85319, 11533.2900,  2, 306.66,  50
 85454, 11561.7800,  1, -160.98, 13.600000000000364
 85542, 11570.7800,  1, -20.10, 22.600000000000364
 85617, 11578.4500,  1, -60.06, 30.270000000000437
 85755, 11592.5700,  1, 8.74, 44.38999999999942
 85755, 11592.5700,  1, 4.87, 44.38999999999942
 85810, 11598.1900,  2, 255.77,  50
 85810, 11598.1900,  2, 103.11,  50
 85810, 11598.1900,  2, 225.10,  50
 85914, 11623.1700,  1, -137.54, 10.430000000000291
 85937, 11625.5200,  1, -94.01, 12.780000000000655
 86039, 11635.9500,  1, -104.36, 23.210000000000946
 86108, 11643.0100,  1, 4.24, 30.270000000000437
 86296, 11662.2400,  3, 410.22, 49.47999999999956
 86301, 11662.7500,  2, 299.64,  50
 86301, 11662.7500,  2, 244.68,  50
 86301, 11662.7500,  2, 238.74,  50
 86426, 11690.1800,  1, -79.86, 12.579999999999927
 86426, 11690.1800,  1, -133.11, 12.579999999999927
 86668, 11714.9300,  1, -32.42, 37.32999999999993
 86792, 11727.6100,  2, 176.06,  50
 86792, 11727.6100,  2, 252.81,  50
 86792, 11727.6100,  2, 250.06,  50
 86792, 11727.6100,  2, 261.61,  50
 86792, 11727.6100,  2, 254.83,  50
 86926, 11755.7200,  1, -148.68, 13.5
 86996, 11762.8700,  1, -37.29, 20.650000000001455
 87207, 11784.4500,  3, 319.31, 42.14000000000124
 87222, 11785.9900,  3, 406.56, 43.720000000001164
 87253, 11789.1600,  3, 373.86, 46.850000000000364
 87283, 11792.2300,  2, 331.90,  50
 87283, 11792.2300,  2, 288.18,  50
 87283, 11792.2300,  2, 347.80,  50
 87414, 11820.0000,  1, -115.42, 13.19000000000051
 87449, 11823.5800,  1, -91.47, 16.770000000000437
 87704, 11849.6600,  1, 159.34, 42.850000000000364
 87704, 11849.6600,  1, 64.35, 42.850000000000364
 87774, 11856.8200,  2, 333.51,  50
 87774, 11856.8200,  2, 306.64,  50
 87774, 11856.8200,  2, 146.78,  50
 87774, 11856.8200,  2, 258.48,  50
 87938, 11887.9700,  1, -101.81, 16.56999999999971
 87938, 11887.9700,  1, -18.39, 16.56999999999971
 87984, 11892.6700,  1, 41.45, 21.270000000000437
 87984, 11892.6700,  1, -46.22, 21.270000000000437
 88201, 11914.8600,  3, 491.73, 43.43000000000029
 88265, 11921.4100,  2, 398.89,  50
 88265, 11921.4100,  2, 266.58,  50
 88265, 11921.4100,  2, 270.45,  50
 88507, 11960.5300,  1, -9.59, 24.540000000000873
 88538, 11963.7000,  1, -43.67, 27.710000000000946
 88538, 11963.7000,  1, -54.93, 27.710000000000946
 88574, 11967.3900,  1, -3.15, 31.399999999999636
 88741, 11984.4700,  3, 409.38, 48.38000000000102
 88756, 11986.0000,  2, 282.55,  50
 88756, 11986.0000,  2, 320.57,  50
 88756, 11986.0000,  2, 354.42,  50
 89002, 12025.8100,  1, -41.90, 24.959999999999127
 89002, 12025.8100,  1, -59.15, 24.959999999999127
 89008, 12026.4200,  1, -51.69, 25.56999999999971
 89037, 12029.3900,  1, -10.19, 28.539999999999054
 89157, 12041.6600,  1, -56.74, 40.80999999999949
 89193, 12045.3400,  1, 109.38, 44.48999999999978
 89247, 12050.8600,  2, 223.26,  50
 89247, 12050.8600,  2, 337.16,  50
 89402, 12081.1100,  1, -28.98, 15.640000000001237
 89402, 12081.1100,  1, -63.21, 15.640000000001237
 89472, 12088.2700,  1, -96.07, 22.80000000000109
 89529, 12094.1000,  1, -39.16, 28.63000000000102
 89738, 12115.4800,  2, 263.56,  50
 89738, 12115.4800,  2, 120.96,  50
 89738, 12115.4800,  2, 315.41,  50
 89738, 12115.4800,  2, 293.12,  50
 89976, 12154.1400,  1, -39.18, 24.139999999999418
 90032, 12159.8600,  3, 404.79, 29.780000000000655
 90081, 12164.8700,  3, 405.81, 34.86000000000058
 90196, 12176.6400,  3, 336.33, 46.600000000000364
 90229, 12180.0100,  2, 291.20,  50
 90229, 12180.0100,  2, 348.23,  50
 90229, 12180.0100,  2, 434.71,  50
 90229, 12180.0100,  2, 294.48,  50
 90486, 12220.6900,  1, 32.49, 26.079999999999927
 90486, 12220.6900,  1, 0.20, 26.079999999999927
 90587, 12231.0200,  1, 84.66, 36.409999999999854
 90587, 12231.0200,  1, 20.09, 36.409999999999854
 90713, 12243.9100,  3, 430.91, 49.25
 90720, 12244.6200,  2, 272.14,  50
 90720, 12244.6200,  2, 125.38,  50
 90720, 12244.6200,  2, 225.52,  50
 90920, 12279.5400,  1, -43.12, 20.2400000000016
 91043, 12292.1200,  1, -63.93, 32.82000000000153
 91141, 12302.1500,  3, 420.91, 42.81000000000131
 91211, 12309.3100,  2, 184.73,  50
 91211, 12309.3100,  2, 204.60,  50
 91211, 12309.3100,  2, 280.22,  50
 91211, 12309.3100,  2, 260.84,  50
 91211, 12309.3100,  2, 310.99,  50
 91446, 12347.8700,  1, -60.63, 23.829999999999927
 91619, 12365.5700,  1, 233.28, 41.529999999998836
 91630, 12366.6900,  1, 24.95, 42.649999999999636
 91702, 12374.0600,  2, 224.24,  50
 91702, 12374.0600,  2, 176.30,  50
 91702, 12374.0600,  2, 166.69,  50
 91702, 12374.0600,  2, 255.56,  50
 91702, 12374.0600,  2, 323.08,  50
 91847, 12403.2300,  1, -76.35, 14.6299999999992
 91847, 12403.2300,  1, -47.17, 14.6299999999992
 91964, 12415.1900,  1, -10.85, 26.590000000000146
 92005, 12419.3900,  1, -95.87, 30.789999999999054
 92114, 12430.5300,  1, 34.12, 41.93000000000029
 92133, 12432.4800,  1, 84.24, 43.8799999999992
 92193, 12438.6100,  2, 189.22,  50
 92193, 12438.6100,  2, 244.94,  50
 92424, 12476.6400,  1, -61.68, 23.420000000000073
 92619, 12496.5800,  1, -85.92, 43.36000000000058
 92623, 12496.9900,  1, 91.32, 43.77000000000044
 92631, 12497.8100,  1, 93.16, 44.590000000000146
 92684, 12503.2300,  2, 178.12,  50
 92684, 12503.2300,  2, 313.32,  50
 92684, 12503.2300,  2, 183.84,  50
 92684, 12503.2300,  2, 167.52,  50
 92960, 12545.8300,  1, -25.65, 28.020000000000437
 92960, 12545.8300,  1, -99.34, 28.020000000000437
 93175, 12567.8200,  2, 130.67,  50
 93175, 12567.8200,  2, 244.48,  50
 93175, 12567.8200,  2, 193.85,  50
 93175, 12567.8200,  2, 225.02,  50
 93175, 12567.8200,  2, 251.29,  50
 93175, 12567.8200,  2, 173.52,  50
 93353, 12600.4000,  1, -71.82, 18.0
 93452, 12610.5200,  1, -44.83, 28.1200000000008
 93452, 12610.5200,  1, 8.59, 28.1200000000008
 93507, 12616.1500,  1, 29.30, 33.75
 93507, 12616.1500,  1, -29.82, 33.75
 93526, 12618.0900,  1, -3.80, 35.69000000000051
 93527, 12618.1900,  1, 43.87, 35.79000000000087
 93666, 12632.4100,  2, 274.61,  50
 93843, 12664.9000,  1, -52.62, 17.899999999999636
 93843, 12664.9000,  1, -60.42, 17.899999999999636
 93878, 12668.4800,  1, 8.52, 21.479999999999563
 94046, 12685.6600,  1, -33.20, 38.659999999999854
 94065, 12687.6000,  3, 474.91, 40.52000000000044
 94076, 12688.7300,  3, 397.31, 41.68000000000029
 94076, 12688.7300,  1, -86.25, 41.72999999999956
 94157, 12697.0100,  2, 190.22,  50
 94380, 12734.3100,  1, -31.31, 22.600000000000364
 94417, 12738.0900,  1, 46.21, 26.38000000000102
 94480, 12744.5300,  1, 154.43, 32.82000000000153
 94576, 12754.3500,  3, 446.29, 42.6200000000008
 94584, 12755.1700,  3, 411.38, 43.3700000000008
 94591, 12755.8900,  3, 443.50, 44.150000000001455
 94630, 12759.8700,  3, 365.16, 48.150000000001455
 94648, 12761.7200,  2, 121.13,  50
 94756, 12787.3400,  1, -61.69, 10.840000000000146
 94818, 12793.6800,  1, -8.11, 17.18000000000029
 94877, 12799.7200,  1, -13.25, 23.219999999999345
 94920, 12804.1100,  1, -29.98, 27.610000000000582
 94927, 12804.8300,  1, 133.70, 28.329999999999927
 95035, 12815.8700,  1, -30.68, 39.3700000000008
 95139, 12826.5100,  2, 318.28,  50
 95139, 12826.5100,  2, 349.39,  50
 95300, 12857.4700,  1, -33.27, 16.269999999998618
 95311, 12858.5900,  1, 20.62, 17.389999999999418
 95322, 12859.7200,  1, 21.28, 18.519999999998618
 95338, 12861.3500,  1, 25.68, 20.149999999999636
 95354, 12862.9900,  1, 45.46, 21.789999999999054
 95371, 12864.7300,  1, -53.36, 23.529999999998836
 95453, 12873.1100,  3, 462.76, 31.80999999999949
 95595, 12887.6400,  3, 372.71, 46.42999999999847
 95912, 12934.5200,  1, -91.68, 32.31999999999971
 96058, 12949.4500,  3, 390.34, 47.17000000000007
 96071, 12950.7800,  3, 362.03, 48.51999999999862
 96085, 12952.2200,  2, 241.26,  50
 96085, 12952.2200,  2, 260.38,  50
 96085, 12952.2200,  2, 307.89,  50
 96085, 12952.2200,  2, 277.55,  50
 96085, 12952.2200,  2, 365.49,  50
 96290, 12987.4400,  1, -68.23, 20.76000000000022
 96576, 13016.6900,  2, 150.04,  50
 96576, 13016.6900,  2, 193.74,  50
 96576, 13016.6900,  2, 150.59,  50
 96576, 13016.6900,  2, 161.51,  50
 96576, 13016.6900,  2, 206.46,  50
 96576, 13016.6900,  2, 212.75,  50
 96576, 13016.6900,  2, 285.10,  50
 96876, 13062.0800,  1, 48.33, 30.479999999999563
 96876, 13062.0800,  1, 30.64, 30.479999999999563
 96917, 13066.2700,  1, 37.31, 34.67000000000007
 97040, 13078.8500,  3, 375.41, 47.19999999999891
 97048, 13079.6700,  3, 339.47, 48.05999999999949
 97067, 13081.6100,  2, 57.38,  50
 97067, 13081.6100,  2, 259.92,  50
 97067, 13081.6100,  3, 310.19, 49.98999999999978
 97479, 13138.1400,  3, 348.50, 41.88999999999942
 97493, 13139.5700,  3, 368.90, 43.26999999999862
 97508, 13141.1000,  3, 330.27, 44.81999999999971
 97518, 13142.1200,  3, 359.18, 45.840000000000146
 97542, 13144.5800,  3, 288.54, 48.35999999999876
 97548, 13145.1900,  3, 374.53, 48.969999999999345
 97558, 13146.2200,  2, 412.47,  50
 97558, 13146.2200,  2, 337.53,  50
 97730, 13178.2200,  1, -54.41, 17.389999999999418
 97781, 13183.4300,  1, -48.59, 22.600000000000364
 97954, 13201.1200,  1, -31.32, 40.29000000000087
 98049, 13210.8400,  2, 229.99,  50
 98049, 13210.8400,  2, -13.57,  50
 98049, 13210.8400,  2, 291.95,  50
 98049, 13210.8400,  2, 210.76,  50
 98049, 13210.8400,  2, 376.49,  50
 98161, 13236.7900,  1, -44.98, 11.25
 98259, 13246.8200,  1, 32.52, 21.279999999998836
 98432, 13264.5100,  3, 380.29, 38.8799999999992
 98487, 13270.1400,  3, 389.33, 44.55999999999949
 98493, 13270.7500,  3, 331.81, 45.169999999998254
 98509, 13272.3900,  1, -198.28, 46.849999999998545
 98540, 13275.5600,  2, 369.42,  50
 98540, 13275.5600,  2, 91.95,  50
 98693, 13305.7400,  1, 38.55, 15.44000000000051
 98787, 13315.3500,  1, 45.40, 25.05000000000109
 98852, 13322.0000,  3, 493.09, 31.610000000000582
 98856, 13322.4100,  3, 410.89, 32.02000000000044
 98859, 13322.7200,  3, 503.29, 32.340000000000146
 98873, 13324.1500,  3, 436.52, 33.79000000000087
 98877, 13324.5600,  3, 443.15, 34.220000000001164
 98886, 13325.4800,  3, 457.50, 35.100000000000364
 98991, 13350.2500,  1, -31.37, 10.639999999999418
 98991, 13350.2500,  1, -16.69, 10.639999999999418
 99018, 13353.0100,  1, 21.27, 13.399999999999636
 99018, 13353.0100,  1, 30.11, 13.399999999999636
 99037, 13354.9500,  1, 76.72, 15.340000000000146
 99037, 13354.9500,  1, 72.98, 15.340000000000146
 99175, 13369.0700,  3, 477.69, 29.359999999998763
 99215, 13373.1600,  1, 63.75, 33.54999999999927
 99430, 13409.5900,  1, 75.07, 21.889999999999418
 99508, 13417.5700,  3, 443.28, 29.840000000000146
 99583, 13425.2400,  3, 477.95, 37.48999999999978
 99630, 13430.0400,  3, 389.44, 42.26999999999862
 99631, 13430.1500,  3, 559.21, 42.3799999999992
 99656, 13432.7000,  3, 513.20, 44.92999999999847
 99664, 13433.5200,  3, 454.07, 45.76999999999862
 99705, 13437.7200,  2, 86.05,  50
 99911, 13473.3100,  1, 27.74, 20.86999999999898
 99965, 13478.8300,  3, 448.62, 26.299999999999272
 99983, 13480.6700,  3, 468.71, 28.219999999999345
100060, 13488.5400,  3, 623.14, 36.029999999998836
100069, 13489.4700,  3, 477.27, 36.93000000000029
100069, 13489.4700,  3, 478.14, 36.969999999999345
100079, 13490.4900,  3, 444.18, 37.97999999999956
100174, 13500.2000,  3, 450.43, 47.68000000000029
100332, 13531.0200,  1, 97.91, 16.05000000000109
100354, 13533.2700,  1, -1.28, 18.30000000000109
100381, 13536.0300,  1, 91.30, 21.06000000000131
100457, 13543.8100,  3, 558.97, 28.829999999999927
100520, 13550.2500,  3, 488.44, 35.23000000000138
100522, 13550.4500,  3, 586.29, 35.45000000000073
100528, 13551.0700,  3, 512.20, 36.04000000000087
100576, 13555.9800,  3, 472.35, 40.909999999999854
100709, 13583.9500,  1, -0.60, 13.4900000000016
100709, 13583.9500,  1, 22.71, 13.4900000000016
100753, 13588.4500,  1, 68.63, 17.9900000000016
100886, 13602.0600,  3, 451.29, 31.520000000000437
100899, 13603.3900,  3, 492.48, 32.82000000000153
100923, 13605.8400,  3, 486.84, 35.350000000000364
100925, 13606.0400,  3, 493.41, 35.52000000000044
100981, 13611.7700,  3, 490.62, 41.23000000000138
101158, 13644.2500,  1, -8.43, 18.0
101158, 13644.2500,  1, 162.64, 18.0
101261, 13654.7800,  3, 536.55, 28.450000000000728
101306, 13659.3900,  3, 442.09, 33.1299999999992
101318, 13660.6100,  3, 589.43, 34.350000000000364
101330, 13661.8400,  3, 453.52, 35.55999999999949
101390, 13667.9800,  3, 569.25, 41.70000000000073
101471, 13676.2600,  2, 183.72,  50
101598, 13703.5200,  1, 62.08, 12.780000000000655
101598, 13703.5200,  1, 73.67, 12.780000000000655
101625, 13706.2800,  1, 51.45, 15.540000000000873
101625, 13706.2800,  1, 57.31, 15.540000000000873
101712, 13715.1800,  3, 523.00, 24.43000000000029
101842, 13728.4800,  3, 581.76, 37.63000000000102
101878, 13732.1600,  3, 484.85, 41.32999999999993
101962, 13740.7500,  2, 128.32,  50
102073, 13766.8400,  1, 5.45, 11.149999999999636
102073, 13766.8400,  1, 36.55, 11.149999999999636
102118, 13771.4400,  1, 23.41, 15.75
102118, 13771.4400,  1, 78.11, 15.75
102194, 13779.2200,  3, 494.80, 23.459999999999127
102226, 13782.4900,  3, 509.21, 26.75
102235, 13783.4100,  3, 485.35, 27.68000000000029
102453, 13805.7000,  2, 69.85,  50
102645, 13840.0300,  1, 204.69, 19.43000000000029
102765, 13852.3100,  3, 434.62, 31.649999999999636
102800, 13855.8900,  3, 482.57, 35.25
102848, 13860.7900,  3, 605.00, 40.100000000000364
102854, 13861.4100,  3, 575.96, 40.77000000000044
102910, 13867.1400,  3, 488.79, 46.44000000000051
102923, 13868.4700,  3, 607.69, 47.82999999999993
102944, 13870.6100,  2, 48.13,  50
103076, 13898.5900,  1, 108.85, 13.299999999999272
103198, 13911.0700,  3, 456.76, 25.729999999999563
103235, 13914.8500,  3, 472.31, 29.48999999999978
103237, 13915.0600,  3, 473.77, 29.709999999999127
103242, 13915.5700,  3, 497.56, 30.18999999999869
103255, 13916.9000,  3, 571.43, 31.579999999999927
103329, 13924.4700,  3, 445.29, 39.13999999999942
103337, 13925.2800,  3, 606.17, 39.97999999999956
103526, 13958.9800,  1, 135.53, 19.229999999999563
103526, 13958.9800,  1, 97.18, 19.229999999999563
103598, 13966.3400,  3, 482.23, 26.56999999999971
103602, 13966.7500,  3, 444.81, 26.909999999999854
103619, 13968.4900,  3, 499.43, 28.659999999999854
103635, 13970.1200,  3, 537.47, 30.30999999999949
103641, 13970.7400,  3, 455.33, 30.950000000000728
103665, 13973.1900,  3, 525.17, 33.43000000000029
103885, 14010.1400,  3, 472.68, 22.3700000000008
103894, 14011.0600,  3, 523.59, 23.270000000000437
103914, 14013.1000,  3, 516.39, 25.30999999999949
103948, 14016.5800,  3, 540.32, 28.75
103979, 14019.7500,  3, 464.58, 31.920000000000073
103982, 14020.0600,  3, 613.86, 32.210000000000946
104009, 14022.8200,  3, 415.72, 35.06999999999971
104037, 14025.6800,  3, 435.74, 37.88999999999942
104170, 14053.4000,  1, 73.78, 13.5
104170, 14053.4000,  1, 134.42, 13.5
104193, 14055.7500,  1, 75.61, 15.850000000000364
104193, 14055.7500,  1, 49.22, 15.850000000000364
104263, 14062.9100,  3, 471.07, 22.909999999999854
104309, 14067.6100,  3, 506.99, 27.6200000000008
104340, 14070.7800,  3, 522.38, 30.850000000000364
104349, 14071.7000,  3, 482.70, 31.73999999999978
104469, 14098.0900,  1, 59.50, 12.170000000000073
104469, 14098.0900,  1, 96.18, 12.170000000000073
104598, 14111.2800,  3, 424.02, 25.329999999999927
104604, 14111.9000,  3, 507.62, 25.959999999999127
104617, 14113.2300,  3, 487.82, 27.23999999999978
104642, 14115.7800,  3, 506.57, 29.76000000000022
104702, 14121.9200,  3, 450.96, 35.92000000000007
104722, 14123.9700,  3, 671.24, 37.95000000000073
104790, 14145.2000,  1, -35.38, 6.850000000000364
104790, 14145.2000,  1, -58.96, 6.850000000000364
104827, 14148.9900,  1, 64.02, 10.639999999999418
104827, 14148.9900,  1, 11.97, 10.639999999999418
104831, 14149.4000,  1, 11.92, 11.049999999999272
104851, 14151.4400,  1, 79.47, 13.090000000000146
104851, 14151.4400,  1, -12.75, 13.090000000000146
105001, 14166.7800,  3, 489.59, 28.340000000000146
105092, 14190.6000,  1, -33.74, 9.200000000000728
105092, 14190.6000,  1, 23.04, 9.200000000000728
105281, 14209.9300,  3, 513.04, 28.470000000001164
105291, 14210.9500,  3, 492.65, 29.470000000001164
105315, 14213.4100,  3, 507.54, 31.920000000000073
105364, 14218.4200,  3, 514.49, 36.960000000000946
105366, 14218.6200,  3, 497.08, 37.14000000000124
105491, 14231.4100,  2, 351.62,  50
105605, 14257.4500,  1, 12.11, 11.450000000000728
105605, 14257.4500,  1, 24.41, 11.450000000000728
105647, 14261.7500,  1, 64.88, 15.75
105651, 14262.1600,  1, 45.28, 16.159999999999854
105689, 14266.0400,  1, 108.66, 20.040000000000873
105714, 14268.6000,  3, 451.17, 22.5
105750, 14272.2800,  3, 465.75, 26.26000000000022
105761, 14273.4100,  3, 430.33, 27.30999999999949
105829, 14295.0600,  1, -32.58, 6.859999999998763
105829, 14295.0600,  1, -59.34, 6.859999999998763
105863, 14298.5300,  1, 51.14, 10.329999999999927
105878, 14300.0700,  1, 11.09, 11.869999999998981
105879, 14300.1700,  1, 19.35, 11.969999999999345
105915, 14303.8500,  1, 49.95, 15.649999999999636
106011, 14313.6700,  3, 449.06, 25.389999999999418
106066, 14319.2900,  3, 445.02, 31.049999999999272
106152, 14342.5700,  1, -24.65, 8.699999999998909
106152, 14342.5700,  1, -38.20, 8.699999999998909
106180, 14345.4300,  1, 48.40, 11.55999999999949
106180, 14345.4300,  1, 17.31, 11.55999999999949
106323, 14360.0600,  3, 461.65, 26.170000000000073
106348, 14362.6100,  3, 548.23, 28.679999999998472
106438, 14371.8200,  3, 398.38, 37.899999999999636
106536, 14381.8400,  1, 112.15, 47.969999999999345
106705, 14413.5400,  1, 11.28, 17.070000000001528
106705, 14413.5400,  1, 51.86, 17.070000000001528
106723, 14415.3900,  1, 45.18, 18.920000000000073
106791, 14422.3400,  3, 548.00, 25.790000000000873
106797, 14422.9500,  3, 511.77, 26.420000000000073
106888, 14432.2600,  3, 447.70, 35.75
107027, 14446.4800,  2, 195.64,  50
107027, 14446.4800,  2, 365.98,  50
107226, 14481.1000,  1, 82.47, 20.140000000001237
107257, 14484.2700,  1, 123.89, 23.31000000000131
107257, 14484.2700,  1, 139.19, 23.31000000000131
107266, 14485.1900,  3, 480.30, 24.210000000000946
107272, 14485.8100,  3, 461.02, 24.75
107299, 14488.5700,  3, 533.70, 27.520000000000437
107300, 14488.6700,  3, 490.44, 27.68000000000029
107402, 14499.1000,  3, 565.23, 38.090000000000146
107479, 14521.3600,  1, -77.87, 7.770000000000437
107479, 14521.3600,  1, -18.88, 7.770000000000437
107655, 14539.3600,  3, 504.22, 25.68000000000029
107666, 14540.4900,  3, 459.06, 26.81999999999971
107690, 14542.9400,  3, 499.95, 29.31999999999971
107690, 14542.9400,  3, 528.02, 29.30999999999949
107705, 14544.4800,  3, 527.10, 30.829999999999927
107765, 14550.6100,  3, 453.78, 37.01000000000022
107855, 14574.4500,  1, -41.20, 9.100000000000364
107855, 14574.4500,  1, 0.73, 9.100000000000364
107927, 14581.8200,  1, -47.24, 16.469999999999345
107927, 14581.8200,  1, 153.60, 16.469999999999345
108045, 14593.8900,  3, 526.13, 28.520000000000437
108045, 14593.8900,  3, 446.24, 28.520000000000437
108075, 14596.9500,  3, 486.14, 31.539999999999054
108205, 14610.2500,  3, 453.95, 44.8799999999992
108347, 14639.3900,  1, 79.87, 14.420000000000073
108347, 14639.3900,  1, 20.12, 14.420000000000073
108453, 14650.2300,  3, 471.96, 25.200000000000728
108459, 14650.8400,  3, 430.70, 25.790000000000873
108474, 14652.3700,  3, 477.28, 27.320000000001528
108482, 14653.1900,  3, 476.79, 28.18000000000029
108498, 14654.8300,  3, 525.58, 29.81000000000131
108586, 14663.8300,  3, 483.68, 38.79000000000087
108717, 14691.8300,  1, 53.95, 13.299999999999272
108717, 14691.8300,  1, -16.63, 13.299999999999272
108858, 14706.2500,  3, 490.35, 27.61999999999898
108896, 14710.1400,  3, 488.41, 31.539999999999054
108911, 14711.6700,  3, 475.03, 33.05999999999949
108919, 14712.4900,  3, 497.59, 33.909999999999854
108935, 14714.1200,  3, 494.42, 35.55999999999949
109023, 14723.1200,  3, 635.79, 44.529999999998836
109258, 14761.5800,  3, 441.18, 23.850000000000364
109258, 14761.5800,  3, 483.56, 23.840000000000146
109327, 14768.6400,  3, 471.53, 30.94000000000051
109344, 14770.3700,  3, 597.73, 32.659999999999854
109351, 14771.0900,  3, 488.67, 33.340000000000146
109371, 14773.1400,  3, 546.48, 35.44000000000051
109381, 14774.1600,  3, 591.24, 36.42000000000007
109469, 14783.1600,  3, 620.80, 45.5
109756, 14826.8700,  1, 46.68, 29.25
109786, 14829.9400,  3, 509.99, 32.279999999998836
109797, 14831.0700,  3, 562.09, 33.3799999999992
109804, 14831.7800,  3, 525.31, 34.07999999999993
109852, 14836.6900,  3, 516.25, 38.97999999999956
109868, 14838.3300,  3, 636.67, 40.6299999999992
109869, 14838.4300,  3, 544.09, 40.7599999999984
109872, 14838.7400,  3, 479.09, 41.029999999998836
110174, 14884.0400,  3, 503.43, 30.75
110194, 14886.0900,  3, 549.10, 32.80999999999949
110224, 14889.1600,  3, 552.62, 35.8799999999992
110283, 14895.1900,  3, 541.49, 41.86000000000058
110296, 14896.5200,  3, 613.53, 43.17000000000007
110321, 14899.0800,  3, 521.58, 45.719999999999345
110362, 14903.2700,  2, 107.65,  50
110362, 14903.2700,  2, 213.68,  50
110694, 14951.4500,  3, 498.34, 33.70000000000073
110713, 14953.4000,  3, 572.30, 35.650000000001455
110726, 14954.7300,  3, 448.40, 36.91000000000167
110738, 14955.9500,  3, 594.70, 38.19000000000051
110764, 14958.6100,  3, 633.31, 40.840000000000146
110766, 14958.8200,  1, -60.19, 41.11000000000058
110813, 14963.6200,  3, 575.50, 45.81000000000131
110853, 14967.7200,  2, 515.26,  50
110959, 14993.1700,  1, -26.90, 10.639999999999418
110959, 14993.1700,  1, -47.14, 10.639999999999418
111209, 15018.7400,  3, 467.98, 36.18999999999869
111235, 15021.4000,  3, 526.69, 38.76000000000022
111247, 15022.6200,  3, 580.01, 39.98999999999978
111266, 15024.5700,  1, 89.73, 42.039999999999054
111266, 15024.5700,  1, -30.45, 42.039999999999054
111344, 15032.5400,  2, 38.15,  50
111577, 15071.0800,  3, 480.42, 23.549999999999272
111577, 15071.0800,  3, 474.91, 23.599999999998545
111601, 15073.5300,  1, 52.43, 26.079999999999927
111648, 15078.3400,  3, 512.40, 30.840000000000146
111675, 15081.1000,  3, 469.49, 33.63999999999942
111777, 15091.5300,  1, 48.32, 44.07999999999993
111835, 15097.4700,  2, 190.57,  50
111835, 15097.4700,  2, 398.60,  50
111978, 15126.5000,  1, 37.89, 14.420000000000073
111978, 15126.5000,  1, 20.52, 14.420000000000073
112131, 15142.1500,  3, 505.85, 30.030000000000655
112144, 15143.4800,  3, 546.22, 31.3799999999992
112146, 15143.6800,  3, 511.51, 31.520000000000437
112179, 15147.0600,  3, 573.93, 34.8700000000008
112197, 15148.9000,  3, 514.20, 36.719999999999345
112326, 15162.0900,  2, 398.88,  50
112588, 15203.4700,  3, 451.72, 26.540000000000873
112618, 15206.5300,  3, 495.36, 29.6200000000008
112641, 15208.8900,  3, 582.47, 31.980000000001382
112651, 15209.9100,  3, 518.30, 32.93000000000029
112666, 15211.4400,  3, 486.82, 34.530000000000655
112685, 15213.3900,  1, 101.29, 36.51000000000022
112758, 15220.8500,  1, -52.47, 43.970000000001164
112817, 15226.8900,  2, 152.66,  50
112961, 15255.9000,  1, 56.97, 14.529999999998836
112961, 15255.9000,  1, 42.06, 14.529999999998836
113082, 15268.2700,  1, 35.98, 26.899999999999636
113082, 15268.2700,  1, 27.25, 26.899999999999636
113122, 15272.3600,  3, 460.12, 30.920000000000073
113125, 15272.6700,  3, 491.23, 31.279999999998836
113131, 15273.2800,  3, 568.12, 31.899999999999636
113159, 15276.1500,  3, 553.43, 34.67000000000007
113384, 15313.5300,  1, -164.15, 22.900000000001455
113384, 15313.5300,  1, 254.68, 22.900000000001455
113407, 15315.8900,  3, 460.97, 25.2400000000016
113517, 15327.1400,  3, 575.73, 36.400000000001455
113525, 15327.9500,  1, -42.04, 37.32000000000153
113543, 15329.7900,  3, 494.05, 39.06000000000131
113573, 15332.8600,  3, 510.09, 42.18000000000029
113649, 15340.6400,  2, 397.76,  50
113911, 15381.8400,  3, 464.39, 26.549999999999272
113931, 15383.8900,  3, 507.81, 28.55999999999949
113973, 15388.1800,  3, 498.32, 32.92000000000007
113985, 15389.4100,  3, 568.98, 34.13999999999942
113990, 15389.9200,  3, 548.49, 34.6200000000008
114040, 15395.0300,  1, 158.57, 39.780000000000655
114044, 15395.4400,  3, 483.62, 40.100000000000364
114140, 15405.2600,  2, 112.46,  50
114366, 15442.7200,  3, 479.50, 22.81000000000131
114411, 15447.3200,  3, 475.20, 27.450000000000728
114422, 15448.4400,  3, 507.95, 28.540000000000873
114457, 15452.0200,  3, 489.43, 32.14000000000124
114499, 15456.3200,  1, 33.09, 36.51000000000022
114515, 15457.9500,  1, -24.16, 38.14000000000124
114598, 15466.4400,  3, 543.09, 46.56000000000131
114631, 15469.8200,  2, 115.77,  50
114875, 15509.1000,  3, 468.89, 24.729999999999563
114912, 15512.8900,  3, 503.09, 28.48999999999978
114933, 15515.0300,  3, 491.90, 30.649999999999636
114966, 15518.4100,  3, 558.39, 34.04999999999927
115088, 15530.8900,  3, 535.06, 46.47999999999956
115122, 15534.3600,  2, 473.56,  50
115122, 15534.3600,  2, 574.46,  50
115122, 15534.3600,  2, 400.73,  50
115275, 15564.4300,  1, 89.45, 15.44000000000051
115275, 15564.4300,  1, 55.56, 15.44000000000051
115340, 15571.0800,  1, 111.42, 22.090000000000146
115340, 15571.0800,  1, 101.03, 22.090000000000146
115430, 15580.2800,  3, 471.34, 31.210000000000946
115456, 15582.9400,  3, 540.23, 33.94000000000051
115613, 15599.0000,  2, 243.03,  50
115613, 15599.0000,  2, -21.72,  50
115847, 15637.4000,  1, -11.79, 23.729999999999563
115861, 15638.8300,  3, 484.50, 25.110000000000582
115876, 15640.3600,  1, 5.32, 26.69000000000051
115878, 15640.5700,  1, 152.51, 26.899999999999636
115929, 15645.7800,  1, -51.78, 32.11000000000058
115942, 15647.1100,  3, 524.21, 33.43000000000029
115976, 15650.5900,  3, 591.65, 36.82999999999993
116053, 15658.4700,  3, 609.45, 44.73999999999978
116327, 15701.0400,  3, 536.04, 27.829999999999927
116345, 15702.8900,  3, 444.13, 29.659999999999854
116370, 15705.4400,  3, 493.68, 32.289999999999054
116395, 15708.0000,  3, 505.03, 34.82999999999993
116398, 15708.3100,  3, 487.15, 35.13999999999942
116398, 15708.3100,  3, 454.52, 35.17000000000007
116405, 15709.0200,  1, -81.30, 35.899999999999636
116420, 15710.5600,  3, 477.72, 37.399999999999636
116640, 15747.4400,  1, 66.24, 22.399999999999636
116676, 15751.1200,  1, -71.81, 26.079999999999927
116692, 15752.7600,  3, 447.31, 27.659999999999854
116718, 15755.4200,  3, 550.82, 30.329999999999927
116750, 15758.6900,  3, 618.95, 33.55999999999949
116758, 15759.5100,  3, 502.75, 34.45999999999913
116865, 15770.4500,  3, 476.11, 45.349999999998545
116910, 15775.0600,  2, 63.31,  50
117157, 15814.5400,  3, 461.06, 25.0
117171, 15815.9800,  3, 539.41, 26.460000000000946
117182, 15817.1000,  3, 529.72, 27.55000000000109
117237, 15822.7300,  3, 455.30, 33.20000000000073
117244, 15823.4400,  3, 429.84, 33.899999999999636
117272, 15826.3100,  1, 99.56, 36.81999999999971
117289, 15828.0400,  3, 712.31, 38.460000000000946
117320, 15831.2200,  3, 643.05, 41.67000000000007
117501, 15864.2000,  1, 2.65, 18.400000000001455
117539, 15868.0900,  1, 29.14, 22.290000000000873
117539, 15868.0900,  1, 63.87, 22.290000000000873
117578, 15872.0800,  3, 497.92, 26.18000000000029
117657, 15880.1600,  3, 659.93, 34.31000000000131
117686, 15883.1200,  3, 611.57, 37.25
117690, 15883.5300,  3, 560.73, 37.67000000000007
117733, 15887.9300,  3, 736.57, 42.030000000000655
117971, 15926.5300,  3, 533.22, 24.18000000000029
117987, 15928.1700,  3, 499.32, 25.820000000001528
118007, 15930.2200,  1, -1.98, 27.920000000000073
118019, 15931.4400,  3, 481.73, 29.110000000000582
118029, 15932.4700,  3, 565.26, 30.079999999999927
118068, 15936.4500,  3, 516.40, 34.090000000000146
118069, 15936.5600,  1, 53.20, 34.26000000000022
118157, 15945.5600,  3, 551.76, 43.18000000000029
118407, 15985.3700,  3, 504.98, 25.409999999999854
118424, 15987.1100,  1, 5.44, 27.200000000000728
118425, 15987.2200,  3, 526.04, 27.219999999999345
118480, 15992.8400,  3, 404.60, 32.840000000000146
118516, 15996.5200,  3, 488.21, 36.54000000000087
118517, 15996.6200,  3, 494.03, 36.61000000000058
118539, 15998.8700,  1, 66.53, 38.960000000000946
118578, 16002.8600,  3, 518.75, 42.93000000000029
118833, 16043.5200,  3, 511.80, 25.959999999999127
118854, 16045.6700,  3, 476.68, 28.06999999999971
118868, 16047.1000,  1, 21.85, 29.55999999999949
118894, 16049.7600,  3, 425.45, 32.159999999999854
118904, 16050.7800,  1, 5.45, 33.23999999999978
118905, 16050.8900,  1, 98.23, 33.349999999998545
118929, 16053.3400,  3, 461.07, 35.69999999999891
118986, 16059.1700,  3, 439.07, 41.539999999999054
119230, 16098.4300,  3, 472.44, 24.840000000000146
119237, 16099.1500,  3, 517.62, 25.520000000000437
119250, 16100.4800,  3, 565.15, 26.889999999999418
119257, 16101.1900,  3, 526.09, 27.56999999999971
119277, 16103.2400,  3, 482.13, 29.610000000000582
119315, 16107.1200,  3, 536.06, 33.469999999999345
119340, 16109.6800,  3, 583.28, 36.05999999999949
119476, 16123.5900,  2, 3.53,  50
119673, 16157.7600,  1, 30.95, 19.94000000000051
119707, 16161.2400,  1, 3.76, 23.420000000000073
119745, 16165.1200,  3, 549.74, 27.270000000000437
119794, 16170.1400,  3, 470.64, 32.30999999999949
119819, 16172.6900,  3, 466.17, 34.81999999999971
119836, 16174.4300,  3, 465.89, 36.52000000000044
119916, 16182.6100,  3, 391.23, 44.76000000000022
119942, 16185.2700,  3, 408.12, 47.38000000000102
120162, 16222.1900,  3, 470.86, 22.340000000000146
120207, 16226.7900,  3, 526.59, 26.980000000001382
120227, 16228.8400,  3, 550.74, 28.9900000000016
120231, 16229.2500,  3, 569.65, 29.420000000000073
120259, 16232.1100,  3, 490.59, 32.220000000001164
120285, 16234.7700,  3, 483.65, 34.960000000000946
120330, 16239.3700,  1, 72.69, 39.57000000000153
120432, 16249.8100,  2, 107.98,  50
120579, 16279.2200,  1, 60.95, 14.829999999999927
120579, 16279.2200,  1, 47.64, 14.829999999999927
120753, 16297.0100,  3, 525.62, 32.56000000000131
120762, 16297.9300,  1, 20.35, 33.54000000000087
120762, 16297.9300,  1, 24.60, 33.54000000000087
120783, 16300.0800,  3, 603.95, 35.68000000000029
120851, 16307.0300,  1, 46.71, 42.64000000000124
120894, 16311.4300,  3, 567.78, 46.960000000000946
121098, 16346.8100,  1, 8.46, 20.76000000000022
121121, 16349.1600,  3, 515.18, 23.070000000001528
121124, 16349.4700,  3, 488.67, 23.390000000001237
121173, 16354.4800,  1, 80.89, 28.43000000000029
121200, 16357.2400,  1, 5.95, 31.19000000000051
121205, 16357.7500,  3, 573.12, 31.610000000000582
121233, 16360.6100,  3, 441.27, 34.48000000000138
121242, 16361.5300,  3, 543.62, 35.470000000001164
121432, 16395.8800,  1, 208.76, 19.8700000000008
121432, 16395.8800,  1, 117.82, 19.8700000000008
121468, 16399.7400,  1, 178.15, 23.730000000001382
121468, 16399.7400,  3, 534.04, 23.659999999998035
121468, 16399.7400,  1, 163.05, 23.730000000001382
121469, 16399.8500,  3, 491.46, 23.80999999999949
121525, 16405.8500,  3, 503.34, 29.789999999999054
121568, 16410.4500,  3, 533.91, 34.3700000000008
121789, 16448.7700,  3, 497.30, 23.529999999998836
121802, 16450.1700,  3, 525.68, 24.889999999999418
121806, 16450.6000,  1, -3.50, 25.399999999997817
121816, 16451.6700,  3, 535.03, 26.43999999999869
121893, 16459.9200,  3, 626.74, 34.64999999999782
121975, 16468.7000,  3, 514.85, 43.45000000000073
121999, 16471.2700,  3, 486.99, 46.0
122019, 16473.4200,  3, 699.78, 48.169999999998254
122131, 16499.9400,  1, 95.40, 11.899999999997817
122131, 16499.9400,  1, 73.89, 11.899999999997817
122200, 16507.3300,  1, 54.34, 19.290000000000873
122251, 16512.7900,  3, 484.03, 24.709999999999127
122262, 16513.9700,  3, 501.95, 25.82999999999811
122293, 16517.2900,  1, -16.15, 29.25
122306, 16518.6900,  1, -69.02, 30.649999999997817
122366, 16525.1100,  3, 686.67, 37.02000000000044
122580, 16562.4000,  3, 540.61, 22.729999999999563
122587, 16563.1500,  3, 502.17, 23.56000000000131
122598, 16564.3300,  3, 551.87, 24.650000000001455
122607, 16565.2900,  3, 529.62, 25.650000000001455
122626, 16567.3300,  3, 518.08, 27.68000000000029
122642, 16569.0400,  3, 527.84, 29.43999999999869
122664, 16571.4000,  3, 607.66, 31.729999999999563
122665, 16571.5100,  3, 536.43, 31.830000000001746
122746, 16594.5800,  1, -51.30, 8.580000000001746
122746, 16594.5800,  1, -0.37, 8.580000000001746
122807, 16601.1100,  1, 80.33, 15.110000000000582
122807, 16601.1100,  1, -53.74, 15.110000000000582
122875, 16608.4000,  3, 533.71, 22.31999999999971
122993, 16621.0400,  3, 567.23, 34.9900000000016
123034, 16625.4400,  3, 413.62, 39.36000000000058
123133, 16636.0400,  2, 144.62,  50
123234, 16661.3100,  1, -64.46, 10.610000000000582
123234, 16661.3100,  1, -57.49, 10.610000000000582
123333, 16671.9200,  1, 209.05, 21.219999999997526
123379, 16676.8500,  3, 513.85, 26.13000000000102
123394, 16678.4500,  3, 593.45, 27.659999999999854
123398, 16678.8800,  3, 506.93, 28.090000000000146
123411, 16680.2700,  3, 512.24, 29.469999999997526
123458, 16685.3100,  3, 637.60, 34.56999999999971
123535, 16707.9400,  1, -18.20, 8.149999999997817
123535, 16707.9400,  1, -17.80, 8.149999999997817
123567, 16711.3600,  1, 26.32, 11.569999999999709
123567, 16711.3600,  1, 63.63, 11.569999999999709
123661, 16721.4400,  3, 505.82, 21.55999999999767
123706, 16726.2600,  3, 571.14, 26.409999999999854
123771, 16733.2200,  3, 647.18, 33.32999999999811
123923, 16749.5100,  1, 192.74, 49.719999999997526
124139, 16787.4400,  3, 503.02, 22.92000000000189
124160, 16789.6900,  3, 456.67, 25.17000000000189
124181, 16791.9400,  3, 474.79, 27.409999999999854
124192, 16793.1100,  3, 498.87, 28.56000000000131
124202, 16794.1900,  3, 566.37, 29.67000000000189
124206, 16794.6100,  3, 437.75, 30.06000000000131
124209, 16794.9400,  3, 512.70, 30.409999999999854
124260, 16800.4000,  3, 461.62, 35.81000000000131
124411, 16831.0800,  1, 126.45, 16.080000000001746
124411, 16831.0800,  1, 53.86, 16.080000000001746
124506, 16841.2600,  3, 497.83, 26.229999999999563
124515, 16842.2200,  3, 494.59, 27.18000000000029
124516, 16842.3300,  3, 518.41, 27.229999999999563
124541, 16845.0100,  3, 470.55, 29.970000000001164
124543, 16845.2200,  3, 474.05, 30.209999999999127
124568, 16847.9000,  3, 589.76, 32.79999999999927
124656, 16871.7000,  1, -3.31, 9.31000000000131
124656, 16871.7000,  1, -3.08, 9.31000000000131
124736, 16880.2700,  1, 50.59, 17.88000000000102
124736, 16880.2700,  1, 71.00, 17.88000000000102
124797, 16886.8100,  3, 480.37, 24.31999999999971
124816, 16888.8500,  3, 545.83, 26.389999999999418
124911, 16899.0200,  3, 443.16, 36.60000000000218
125036, 16912.4200,  2, 77.70,  50
125159, 16939.9400,  1, 76.27, 12.959999999999127
125253, 16950.0100,  3, 447.01, 22.979999999999563
125264, 16951.1900,  3, 505.20, 24.110000000000582
125273, 16952.1500,  3, 524.92, 25.11999999999898
125297, 16954.7200,  3, 495.32, 27.67000000000189
125309, 16956.0100,  1, -48.25, 29.029999999998836
125312, 16956.3300,  3, 486.71, 29.299999999999272
125322, 16957.4000,  3, 550.92, 30.36999999999898
125409, 16981.2200,  1, -28.20, 9.220000000001164
125409, 16981.2200,  1, -63.29, 9.220000000001164
125427, 16983.1500,  1, -35.42, 11.150000000001455
125427, 16983.1500,  1, -96.93, 11.150000000001455
125559, 16997.2900,  3, 489.41, 25.25
125585, 17000.0800,  3, 515.84, 28.06999999999971
125635, 17005.4400,  3, 473.24, 33.38000000000102
125638, 17005.7600,  3, 501.55, 33.650000000001455
125770, 17034.2700,  1, -15.07, 14.029999999998836
125825, 17040.1700,  3, 468.98, 19.81999999999971
125863, 17044.2400,  3, 433.38, 23.919999999998254
125868, 17044.7700,  3, 516.82, 24.44999999999709
125898, 17047.9900,  3, 527.94, 27.739999999997963
125927, 17051.1000,  3, 518.53, 30.82999999999811
125937, 17052.1700,  3, 521.96, 31.82999999999811
125950, 17053.5600,  3, 529.86, 33.289999999997235
126170, 17091.4900,  3, 454.41, 23.399999999997817
126175, 17092.0200,  3, 507.04, 23.93000000000029
126211, 17095.8800,  3, 458.88, 27.840000000000146
126213, 17096.1000,  1, 385.56, 28.07999999999811
126213, 17096.1000,  1, 125.95, 28.07999999999811
126218, 17096.6300,  3, 529.35, 28.529999999998836
126224, 17097.2700,  3, 556.37, 29.18000000000029
126231, 17098.0200,  3, 513.77, 29.93000000000029
126404, 17131.0400,  1, 24.77, 18.43000000000029
126453, 17136.2900,  3, 532.63, 23.590000000000146
126483, 17139.5100,  3, 467.10, 26.840000000000146
126502, 17141.5400,  3, 497.58, 28.86999999999898
126508, 17142.1900,  3, 509.03, 29.520000000000437
126510, 17142.4000,  3, 539.95, 29.779999999998836
126570, 17148.8300,  3, 435.67, 36.13000000000102
126593, 17151.2900,  3, 613.52, 38.599999999998545
126777, 17185.3600,  1, 67.27, 19.610000000000582
126851, 17193.2900,  3, 481.99, 27.5099999999984
126874, 17195.7600,  3, 547.55, 29.9900000000016
126885, 17196.9400,  3, 520.03, 31.11999999999898
126901, 17198.6500,  3, 638.90, 32.81000000000131
126912, 17199.8300,  3, 518.36, 33.9900000000016
126918, 17200.4700,  3, 521.63, 34.669999999998254
126925, 17201.2200,  3, 438.51, 35.409999999999854
127030, 17227.0600,  1, 44.75, 11.150000000001455
127030, 17227.0600,  1, 51.08, 11.150000000001455
127154, 17240.3500,  3, 541.35, 24.340000000000146
127181, 17243.2400,  3, 499.50, 27.270000000000437
127234, 17248.9200,  3, 378.99, 32.93999999999869
127284, 17254.2700,  3, 504.58, 38.340000000000146
127393, 17265.9500,  2, -11.32,  50
127393, 17265.9500,  2, 24.20,  50
127631, 17306.1000,  1, 113.31, 25.289999999997235
127631, 17306.1000,  3, 454.89, 25.2599999999984
127655, 17308.6700,  3, 452.01, 27.81999999999971
127657, 17308.8800,  3, 424.74, 28.0099999999984
127659, 17309.1000,  3, 515.91, 28.2599999999984
127665, 17309.7400,  3, 436.42, 28.859999999996944
127698, 17313.2700,  3, 647.68, 32.359999999996944
127754, 17319.2700,  3, 464.86, 38.39999999999782
127907, 17350.1500,  1, 17.65, 16.280000000002474
127907, 17350.1500,  1, 62.46, 16.280000000002474
127995, 17359.5800,  3, 520.33, 25.63000000000102
128020, 17362.2600,  3, 492.79, 28.330000000001746
128022, 17362.4700,  3, 429.93, 28.56000000000131
128048, 17365.2600,  3, 561.02, 31.299999999999272
128073, 17367.9400,  3, 487.94, 34.06000000000131
128095, 17370.2900,  3, 529.61, 36.31999999999971
128203, 17396.3500,  1, 6.49, 11.459999999999127
128203, 17396.3500,  1, 27.99, 11.459999999999127
128222, 17398.3800,  1, 9.33, 13.4900000000016
128222, 17398.3800,  1, -1.89, 13.4900000000016
128321, 17408.9900,  3, 562.04, 24.06000000000131
128332, 17410.1700,  3, 529.79, 25.209999999999127
128339, 17410.9200,  3, 534.46, 25.9900000000016
128349, 17411.9900,  3, 528.07, 27.049999999999272
128577, 17451.0100,  1, 213.28, 24.31999999999971
128577, 17451.0100,  1, 86.08, 24.31999999999971
128580, 17451.3300,  3, 523.71, 24.590000000000146
128592, 17452.6100,  3, 496.28, 25.900000000001455
128623, 17455.9400,  3, 480.55, 29.19000000000233
128663, 17460.2200,  3, 578.63, 33.470000000001164
128696, 17463.7600,  3, 555.61, 37.030000000002474
128817, 17476.7200,  2, 234.41,  50
128962, 17506.7900,  1, 30.54, 15.319999999999709
128996, 17510.4400,  1, 133.88, 18.969999999997526
128996, 17510.4400,  1, 194.03, 18.969999999997526
129013, 17512.2600,  3, 499.56, 20.719999999997526
129054, 17516.6500,  3, 528.45, 25.169999999998254
129081, 17519.5400,  3, 524.88, 28.020000000000437
129086, 17520.0800,  3, 509.38, 28.520000000000437
129157, 17527.6900,  1, 17.15, 36.219999999997526
129224, 17549.4500,  1, -5.96, 6.959999999999127
129224, 17549.4500,  1, -7.03, 6.959999999999127
129245, 17551.7000,  1, 30.33, 9.209999999999127
129245, 17551.7000,  1, -29.96, 9.209999999999127
129394, 17567.6700,  3, 511.11, 25.090000000000146
129460, 17574.7400,  3, 608.32, 32.20999999999913
129462, 17574.9500,  3, 561.42, 32.409999999999854
129463, 17575.0600,  3, 536.39, 32.529999999998836
129675, 17612.4000,  1, 139.54, 22.600000000002183
129690, 17614.0100,  3, 570.16, 24.17000000000189
129716, 17616.7900,  3, 428.57, 26.979999999999563
129716, 17616.7900,  1, 149.01, 26.9900000000016
129716, 17616.7900,  1, 375.78, 26.9900000000016
129718, 17617.0100,  3, 546.81, 27.100000000002183
129740, 17619.3600,  3, 519.61, 29.510000000002037
129787, 17624.4000,  3, 575.41, 34.590000000000146
129967, 17658.3500,  1, 135.15, 19.18999999999869
129967, 17658.3500,  1, 146.51, 19.18999999999869
130013, 17663.2700,  1, 123.28, 24.110000000000582
130013, 17663.2700,  1, 104.67, 24.110000000000582
130020, 17664.0200,  3, 532.92, 24.770000000000437
130054, 17667.6700,  3, 571.35, 28.4900000000016
130067, 17669.0600,  3, 501.98, 29.889999999999418
130075, 17669.9200,  3, 557.51, 30.68999999999869
130235, 17701.5400,  1, 82.38, 17.040000000000873
130295, 17707.9700,  3, 535.69, 23.38000000000102
130320, 17710.6500,  3, 582.46, 26.040000000000873
130364, 17715.3600,  3, 499.82, 30.790000000000873
130371, 17716.1100,  3, 608.41, 31.520000000000437
130374, 17716.4400,  3, 505.05, 31.909999999999854
130394, 17718.5800,  3, 641.46, 34.02000000000044
130441, 17723.6100,  3, 709.48, 39.06999999999971
130549, 17749.6700,  1, -3.52, 11.459999999999127
130549, 17749.6700,  1, -38.34, 11.459999999999127
130581, 17753.1000,  1, 5.11, 14.889999999999418
130606, 17755.7700,  1, 93.54, 17.56000000000131
130637, 17759.1000,  3, 520.75, 20.850000000002183
130716, 17767.5600,  3, 527.36, 29.31000000000131
130902, 17787.4900,  3, 619.27, 49.18000000000029
130909, 17788.2400,  2, 549.29,  50
131012, 17813.6300,  1, -8.05, 10.819999999999709
131012, 17813.6300,  1, 11.24, 10.819999999999709
131116, 17824.7700,  3, 521.45, 21.94999999999709
131124, 17825.6300,  3, 517.90, 22.7599999999984
131139, 17827.2400,  3, 522.76, 24.399999999997817
131145, 17827.8800,  3, 556.03, 25.039999999997235
131157, 17829.1700,  3, 606.13, 26.31999999999971
131175, 17831.1000,  3, 544.77, 28.209999999999127
131245, 17852.9700,  1, -21.45, 7.400000000001455
131245, 17852.9700,  1, 12.55, 7.400000000001455
131368, 17866.1500,  1, -35.27, 20.580000000001746
131376, 17867.0100,  3, 511.43, 21.400000000001455
131409, 17870.5400,  3, 533.13, 24.959999999999127
131416, 17871.2900,  3, 478.32, 25.67000000000189
131458, 17875.7900,  3, 536.70, 30.17000000000189
131514, 17881.7900,  3, 542.17, 36.11999999999898
131647, 17910.5800,  1, 107.80, 14.150000000001455
131647, 17910.5800,  1, 83.75, 14.150000000001455
131689, 17915.0800,  1, 90.51, 18.650000000001455
131757, 17922.3600,  3, 483.35, 25.849999999998545
131784, 17925.2600,  1, -11.35, 28.82999999999811
131799, 17926.8600,  3, 477.34, 30.36999999999898
131826, 17929.7600,  3, 601.04, 33.25
131982, 17946.4700,  2, 620.06,  50
132228, 17987.4700,  1, 96.98, 26.139999999999418
132235, 17988.2200,  1, -44.57, 26.889999999999418
132267, 17991.6500,  3, 457.79, 30.2599999999984
132273, 17992.2900,  3, 461.82, 30.929999999996653
132293, 17994.4400,  3, 521.13, 33.05999999999767
132325, 17997.8600,  3, 450.42, 36.5
132390, 18004.8300,  3, 355.53, 43.44999999999709
132430, 18009.1100,  3, 456.37, 47.69999999999709
132582, 18039.8100,  1, 109.59, 16.18000000000029
132582, 18039.8100,  1, 137.78, 16.18000000000029
132682, 18050.5200,  3, 507.96, 26.87999999999738
132691, 18051.4900,  3, 522.22, 27.799999999999272
132704, 18052.8800,  3, 468.47, 29.149999999997817
132715, 18054.0600,  3, 533.55, 30.340000000000146
132755, 18058.3500,  3, 508.97, 34.659999999999854
132757, 18058.5600,  3, 514.62, 34.87999999999738
132961, 18094.7700,  3, 526.93, 21.700000000000728
132967, 18095.4200,  3, 529.89, 22.31000000000131
132975, 18096.2700,  3, 489.89, 23.229999999999563
132989, 18097.7700,  3, 562.98, 24.720000000001164
133014, 18100.4500,  3, 444.26, 27.32999999999811
133028, 18101.9500,  3, 507.16, 28.88000000000102
133057, 18105.0600,  3, 458.45, 31.989999999997963
133074, 18106.8800,  3, 507.44, 33.79999999999927
133283, 18143.3800,  3, 549.25, 22.25
133286, 18143.7000,  1, 25.96, 22.600000000002183
133326, 18147.9900,  3, 594.97, 26.840000000000146
133359, 18151.5200,  3, 456.49, 30.390000000003056
133363, 18151.9500,  3, 551.68, 30.770000000000437
133375, 18153.2400,  3, 481.64, 32.12000000000262
133381, 18153.8800,  3, 464.60, 32.720000000001164
133389, 18154.7400,  3, 413.39, 33.530000000002474
133592, 18190.8500,  1, 42.17, 21.639999999999418
133597, 18191.3800,  1, 122.33, 22.17000000000189
133597, 18191.3800,  1, 319.63, 22.17000000000189
133626, 18194.4900,  3, 497.05, 25.270000000000437
133661, 18198.2400,  3, 507.15, 28.93000000000029
133671, 18199.3100,  3, 426.68, 30.030000000002474
133672, 18199.4200,  3, 410.92, 30.12000000000262
133721, 18204.6700,  3, 477.81, 35.45000000000073
133863, 18234.3600,  1, -4.57, 15.110000000000582
133869, 18235.0100,  1, 99.24, 15.7599999999984
133869, 18235.0100,  1, 54.88, 15.7599999999984
133936, 18242.1900,  1, -42.70, 22.93999999999869
133951, 18243.7900,  3, 571.32, 24.470000000001164
133968, 18245.6100,  3, 553.69, 26.299999999999272
133975, 18246.3600,  3, 511.87, 27.0099999999984
133994, 18248.4000,  3, 621.76, 29.06999999999971
134113, 18275.6900,  1, -25.05, 12.649999999997817
134190, 18283.9400,  1, 146.74, 20.899999999997817
134232, 18288.4400,  3, 557.71, 25.360000000000582
134262, 18291.6500,  3, 521.90, 28.5099999999984
134262, 18291.6500,  3, 504.40, 28.5
134268, 18292.2900,  3, 599.85, 29.229999999999563
134268, 18292.2900,  3, 557.11, 29.18999999999869
134299, 18295.6100,  3, 469.51, 32.47999999999956
134444, 18325.7600,  1, 129.55, 15.429999999996653
134444, 18325.7600,  1, 33.00, 15.429999999996653
134494, 18331.1100,  1, 82.96, 20.779999999998836
134562, 18338.4000,  3, 478.43, 28.05999999999767
134583, 18340.6500,  3, 559.40, 30.2599999999984
134588, 18341.1900,  3, 591.12, 30.799999999999272
134606, 18343.1100,  3, 621.63, 32.67999999999665
134608, 18343.3300,  3, 518.19, 32.98999999999796
134697, 18367.3100,  1, 38.05, 9.430000000000291
134697, 18367.3100,  1, -36.64, 9.430000000000291
134761, 18374.1700,  1, 90.52, 16.289999999997235
134761, 18374.1700,  1, 155.69, 16.289999999997235
134847, 18383.3800,  3, 493.83, 25.479999999999563
134848, 18383.4900,  1, 56.75, 25.610000000000582
134849, 18383.6000,  3, 503.60, 25.639999999999418
134850, 18383.7000,  3, 474.87, 25.80999999999767
134989, 18412.9700,  1, 102.10, 14.790000000000873
134989, 18412.9700,  1, 62.57, 14.790000000000873
135062, 18420.7900,  3, 476.26, 22.56000000000131
135072, 18421.8600,  3, 490.68, 23.61999999999898
135080, 18422.7200,  3, 509.00, 24.520000000000437
135118, 18426.7900,  3, 511.23, 28.56000000000131
135120, 18427.0100,  3, 447.64, 28.81000000000131
135205, 18436.1100,  3, 511.26, 37.919999999998254
135357, 18466.7000,  1, -47.18, 16.18000000000029
135369, 18467.9900,  1, 179.53, 17.470000000001164
135369, 18467.9900,  1, 148.38, 17.470000000001164
135406, 18471.9500,  3, 488.96, 21.349999999998545
135436, 18475.1700,  3, 434.31, 24.549999999999272
135457, 18477.4200,  3, 509.13, 26.81000000000131
135466, 18478.3800,  3, 518.77, 27.75
135545, 18486.8500,  3, 557.65, 36.23999999999796
135736, 18521.7900,  3, 454.59, 20.31999999999971
135745, 18522.7600,  3, 479.35, 21.239999999997963
135801, 18528.7600,  3, 479.42, 27.290000000000873
135801, 18528.7600,  3, 430.73, 27.299999999999272
135812, 18529.9400,  3, 599.98, 28.450000000000728
135819, 18530.6900,  3, 611.79, 29.229999999999563
135846, 18533.5800,  3, 650.28, 32.04999999999927
135866, 18535.7200,  3, 584.11, 34.27000000000044
136011, 18565.6100,  1, 93.82, 15.430000000000291
136084, 18573.4400,  3, 469.26, 23.159999999999854
136110, 18576.2200,  3, 526.80, 25.989999999997963
136116, 18576.8600,  3, 499.76, 26.590000000000146
136121, 18577.4000,  3, 560.83, 27.18000000000029
136136, 18579.0100,  3, 604.55, 28.799999999999272
136219, 18587.9000,  3, 603.28, 37.63999999999942
136220, 18588.0100,  3, 551.26, 37.73999999999796
136289, 18609.9000,  1, 7.25, 7.280000000002474
136289, 18609.9000,  1, 0.79, 7.280000000002474
136455, 18627.6900,  3, 591.83, 24.9900000000016
136456, 18627.7900,  3, 556.14, 25.100000000002183
136461, 18628.3300,  3, 443.04, 25.63000000000102
136471, 18629.4000,  3, 564.35, 26.67000000000189
136509, 18633.4700,  3, 583.49, 30.790000000000873
136512, 18633.7900,  3, 524.99, 31.080000000001746
136645, 18662.6700,  1, 46.51, 14.139999999999418
136733, 18672.1000,  1, 5.41, 23.56999999999971
136736, 18672.4200,  3, 511.57, 23.81999999999971
136753, 18674.2400,  3, 516.95, 25.67000000000189
136775, 18676.6000,  3, 506.98, 28.030000000002474
136861, 18685.8100,  3, 552.74, 37.20000000000073
136980, 18698.5600,  2, 270.51,  50
136980, 18698.5600,  2, 217.22,  50
137092, 18725.0600,  1, 58.43, 11.790000000000873
137092, 18725.0600,  1, 83.93, 11.790000000000873
137180, 18734.4900,  3, 458.50, 21.200000000000728
137196, 18736.2000,  3, 439.20, 22.889999999999418
137223, 18739.1000,  3, 577.66, 25.75
137226, 18739.4200,  3, 512.79, 26.049999999999272
137272, 18744.3500,  3, 562.90, 31.0099999999984
137449, 18763.3100,  2, 300.40,  50
137663, 18800.8600,  3, 514.19, 22.639999999999418
137666, 18801.1900,  3, 479.33, 23.0
137666, 18801.1900,  3, 459.53, 22.94999999999709
137688, 18803.5400,  3, 548.08, 25.31999999999971
137688, 18803.5400,  3, 569.88, 25.349999999998545
137734, 18808.4700,  3, 617.44, 30.299999999999272
137754, 18810.6100,  3, 509.42, 32.419999999998254
137776, 18812.9700,  3, 555.08, 34.79999999999927
137869, 18837.1700,  1, -5.66, 9.859999999996944
137869, 18837.1700,  1, 9.78, 9.859999999996944
137983, 18849.3800,  3, 498.76, 21.989999999997963
138014, 18852.7000,  3, 507.94, 25.349999999998545
138022, 18853.5600,  3, 585.71, 26.18999999999869
138244, 18877.3500,  2, 529.63,  50
138244, 18877.3500,  2, 203.11,  50
138244, 18877.3500,  2, 76.16,  50
138351, 18903.3300,  1, 61.44, 11.25
138351, 18903.3300,  1, 54.36, 11.25
138355, 18903.7600,  1, 80.70, 11.679999999996653
138355, 18903.7600,  1, 36.99, 11.679999999996653
138459, 18914.9000,  1, 84.27, 22.81999999999971
138503, 18919.6100,  3, 560.05, 27.43999999999869
138713, 18942.1100,  2, 127.70,  50
138713, 18942.1100,  2, 166.03,  50
138826, 18968.6900,  1, 21.47, 11.889999999999418
138868, 18973.1900,  1, 21.53, 16.389999999999418
138924, 18979.1900,  3, 535.97, 22.350000000002183
138940, 18980.9000,  3, 456.29, 24.090000000000146
138957, 18982.7200,  3, 526.05, 25.850000000002183
138970, 18984.1100,  3, 607.23, 27.25
138980, 18985.1900,  3, 483.45, 28.38000000000102
139055, 18993.2200,  3, 521.65, 36.38999999999942
139177, 19020.9000,  1, -1.81, 12.970000000001164
139346, 19039.0100,  3, 556.79, 31.020000000000437
139348, 19039.2200,  3, 527.46, 31.239999999997963
139366, 19041.1500,  3, 468.40, 33.169999999998254
139373, 19041.9000,  3, 647.01, 33.88000000000102
139385, 19043.1900,  3, 524.96, 35.18999999999869
139491, 19054.5400,  1, -113.53, 46.61000000000058
139523, 19057.9700,  2, 273.45,  50
139717, 19092.8300,  3, 471.91, 20.540000000000873
139755, 19096.9000,  3, 577.79, 24.540000000000873
139758, 19097.2200,  1, 143.81, 24.970000000001164
139758, 19097.2200,  1, 101.07, 24.970000000001164
139797, 19101.4000,  3, 552.35, 29.080000000001746
139813, 19103.1100,  3, 631.47, 30.770000000000437
139872, 19109.4400,  3, 430.67, 37.169999999998254
139950, 19117.7900,  3, 488.18, 45.45999999999913
140121, 19150.6900,  1, 48.93, 18.219999999997526
140151, 19153.9000,  1, 48.06, 21.43000000000029
140166, 19155.5100,  3, 465.77, 22.94999999999709
140202, 19159.3600,  3, 511.65, 26.849999999998545
140220, 19161.2900,  3, 466.02, 28.789999999997235
140222, 19161.5100,  3, 491.17, 29.0099999999984
140243, 19163.7600,  3, 549.32, 31.279999999998836
140418, 19182.5100,  2, 79.23,  50
140549, 19211.1100,  1, 50.29, 13.81000000000131
140575, 19213.9000,  1, 91.73, 16.600000000002183
140636, 19220.4400,  3, 448.93, 23.080000000001746
140652, 19222.1500,  3, 477.97, 24.830000000001746
140684, 19225.5800,  3, 522.23, 28.18000000000029
140715, 19228.9000,  3, 543.77, 31.510000000002037
140762, 19233.9400,  1, 20.35, 36.63999999999942
140773, 19235.1100,  3, 532.13, 37.7400000000016
140907, 19263.8100,  1, 50.88, 14.25
140907, 19263.8100,  1, 6.09, 14.25
140981, 19271.7400,  3, 511.06, 22.159999999999854
141011, 19274.9500,  3, 481.26, 25.349999999998545
141027, 19276.6700,  3, 485.37, 27.0
141038, 19277.8500,  3, 493.37, 28.229999999999563
141064, 19280.6300,  3, 514.57, 30.969999999997526
141065, 19280.7400,  3, 541.35, 31.149999999997817
141196, 19309.1500,  1, 35.98, 13.920000000001892
141196, 19309.1500,  1, 80.99, 13.920000000001892
141205, 19310.1100,  1, 26.68, 14.880000000001019
141316, 19322.0100,  3, 550.92, 26.770000000000437
141348, 19325.4400,  3, 537.70, 30.18000000000029
141373, 19328.1100,  1, -53.75, 32.88000000000102
141385, 19329.4000,  3, 579.86, 34.159999999999854
141424, 19333.5800,  3, 691.40, 38.340000000000146
141584, 19364.9700,  1, 36.01, 17.040000000000873
141597, 19366.3600,  1, 25.44, 18.43000000000029
141614, 19368.1900,  1, 205.07, 20.2599999999984
141614, 19368.1900,  1, 161.83, 20.2599999999984
141617, 19368.5100,  1, 112.10, 20.57999999999811
141662, 19373.3300,  3, 495.37, 25.31999999999971
141663, 19373.4400,  3, 461.54, 25.450000000000728
141688, 19376.1100,  3, 537.85, 28.099999999998545
141840, 19406.6900,  1, 10.86, 16.18000000000029
141840, 19406.6900,  1, 90.59, 16.18000000000029
141929, 19416.2200,  3, 481.10, 25.62000000000262
141939, 19417.2900,  3, 551.73, 26.68000000000029
141969, 19420.5100,  3, 464.03, 29.93000000000029
142011, 19425.0100,  3, 502.74, 34.42000000000189
142060, 19430.2600,  3, 539.62, 39.710000000002765
142118, 19436.4700,  3, 536.06, 45.909999999999854
142298, 19469.8100,  1, 96.32, 19.17000000000189
142338, 19474.1000,  3, 445.67, 23.409999999999854
142354, 19475.8100,  3, 484.58, 25.150000000001455
142358, 19476.2400,  3, 527.09, 25.510000000002037
142383, 19478.9200,  3, 502.85, 28.17000000000189
142384, 19479.0200,  3, 459.30, 28.360000000000582
142391, 19479.7700,  3, 576.86, 29.11999999999898
142586, 19500.6700,  2, 126.21,  50
142695, 19526.5800,  1, -3.68, 11.460000000002765
142719, 19529.1500,  1, 74.17, 14.030000000002474
142719, 19529.1500,  1, 112.75, 14.030000000002474
142800, 19537.8300,  3, 421.17, 22.659999999999854
142862, 19544.4700,  3, 433.13, 29.260000000002037
142915, 19550.1500,  3, 451.40, 34.92000000000189
143042, 19563.7600,  1, -85.62, 48.63999999999942
143046, 19564.1900,  3, 683.70, 49.0
143186, 19593.4000,  1, -2.82, 14.890000000003056
143186, 19593.4000,  1, 126.34, 14.890000000003056
143188, 19593.6100,  1, 4.02, 15.100000000002183
143188, 19593.6100,  1, 103.32, 15.100000000002183
143216, 19596.6100,  3, 444.92, 18.070000000003347
143268, 19602.1900,  3, 499.59, 23.650000000001455
143356, 19611.6100,  3, 554.56, 33.05000000000291
143468, 19623.6100,  1, -64.64, 45.10000000000218
143703, 19663.1300,  3, 531.76, 24.93000000000029
143716, 19664.5200,  3, 479.98, 26.330000000001746
143745, 19667.6300,  3, 418.84, 29.37000000000262
143772, 19670.5200,  3, 494.00, 32.340000000000146
143773, 19670.6300,  3, 522.48, 32.36000000000058
143836, 19677.3800,  3, 483.55, 39.12000000000262
143860, 19679.9500,  1, -21.47, 41.780000000002474
143937, 19688.2000,  2, 73.04,  50
143986, 19707.7000,  1, -157.74, 5.040000000000873
144080, 19717.7700,  1, 118.51, 15.110000000000582
144189, 19729.4500,  3, 621.48, 26.68999999999869
144197, 19730.3100,  3, 460.89, 27.540000000000873
144222, 19732.9900,  3, 450.67, 30.299999999999272
144227, 19733.5200,  3, 523.37, 30.830000000001746
144242, 19735.1300,  3, 591.26, 32.36000000000058
144285, 19739.7400,  3, 563.07, 36.9900000000016
144352, 19761.2400,  1, -46.48, 7.080000000001746
144352, 19761.2400,  1, -10.27, 7.080000000001746
144416, 19768.1000,  1, 54.30, 13.93999999999869
144416, 19768.1000,  1, 69.74, 13.93999999999869
144460, 19772.8100,  1, 91.50, 18.650000000001455
144558, 19783.3100,  3, 527.32, 29.080000000001746
144563, 19783.8500,  3, 519.90, 29.580000000001746
144649, 19793.0600,  3, 573.91, 38.79000000000087
144775, 19821.1700,  1, 73.75, 13.389999999999418
144775, 19821.1700,  1, 123.92, 13.389999999999418
144836, 19827.7000,  1, 118.11, 19.92000000000189
144882, 19832.6300,  3, 439.53, 24.780000000002474
144883, 19832.7400,  3, 436.88, 24.88000000000102
144892, 19833.7000,  3, 524.64, 25.900000000001455
144939, 19838.7400,  3, 473.53, 30.88000000000102
144957, 19840.6700,  3, 600.59, 32.81000000000131
145096, 19869.5400,  1, 76.28, 14.780000000002474
145096, 19869.5400,  1, 69.81, 14.780000000002474
145193, 19879.9400,  3, 511.09, 25.100000000002183
145215, 19882.2900,  3, 485.57, 27.4900000000016
145217, 19882.5100,  3, 463.75, 27.67000000000189
145221, 19882.9400,  3, 538.82, 28.110000000000582
145223, 19883.1500,  3, 548.18, 28.340000000000146
145224, 19883.2600,  3, 562.81, 28.460000000002765
145358, 19912.1100,  1, 51.36, 14.25
145358, 19912.1100,  1, 110.55, 14.25
145418, 19918.5400,  1, 67.26, 20.68000000000029
145486, 19925.8300,  3, 452.70, 27.889999999999418
145510, 19928.4000,  3, 500.90, 30.529999999998836
145513, 19928.7200,  1, 211.13, 30.860000000000582
145513, 19928.7200,  1, 149.10, 30.860000000000582
145569, 19934.7200,  3, 586.08, 36.79000000000087
145665, 19959.3600,  1, -36.21, 10.170000000001892
145665, 19959.3600,  1, 38.43, 10.170000000001892
145751, 19968.5800,  1, 135.96, 19.390000000003056
145751, 19968.5800,  1, 78.47, 19.390000000003056
145803, 19974.1500,  3, 507.81, 24.87000000000262
145810, 19974.9000,  3, 471.32, 25.68000000000029
145832, 19977.2600,  3, 564.62, 27.970000000001164
145903, 19984.8600,  3, 452.40, 35.61000000000058
146041, 20014.0200,  1, 57.71, 14.680000000000291
146041, 20014.0200,  1, 32.35, 14.680000000000291
146099, 20020.2400,  3, 423.67, 20.860000000000582
146114, 20021.8500,  3, 463.95, 22.479999999999563
146157, 20026.4500,  3, 561.37, 27.029999999998836
146164, 20027.2000,  3, 413.79, 27.790000000000873
146218, 20032.9900,  3, 448.83, 33.590000000000146
146266, 20038.1300,  3, 485.55, 38.7400000000016
146422, 20069.1700,  1, 80.13, 16.609999999996944
146462, 20073.4500,  3, 458.00, 20.789999999997235
146511, 20078.7000,  3, 538.77, 26.109999999996944
146525, 20080.2000,  3, 518.61, 27.55999999999767
146540, 20081.8100,  3, 510.35, 29.239999999997963
146570, 20085.0200,  3, 490.57, 32.36999999999898
146593, 20087.4900,  3, 511.92, 34.87999999999738
146601, 20088.3500,  3, 400.54, 35.779999999998836
146712, 20114.6000,  1, -3.32, 11.789999999997235
146712, 20114.6000,  1, 34.91, 11.789999999997235
146715, 20114.9200,  1, 4.78, 12.109999999996944
146715, 20114.9200,  1, -55.60, 12.109999999996944
146805, 20124.5600,  3, 449.48, 21.659999999999854
146815, 20125.6300,  3, 425.80, 22.739999999997963
146832, 20127.4500,  3, 456.75, 24.590000000000146
146863, 20130.7700,  3, 478.24, 27.87999999999738
147022, 20162.1900,  1, 22.66, 16.93999999999869
147074, 20167.7600,  3, 481.29, 22.450000000000728
147096, 20170.1100,  3, 526.80, 24.81000000000131
147117, 20172.3600,  3, 482.04, 27.06000000000131
147118, 20172.4700,  3, 489.84, 27.110000000000582
147128, 20173.5400,  3, 506.87, 28.270000000000437
147173, 20178.3600,  3, 529.83, 33.04999999999927
147331, 20195.2900,  2, 96.97,  50
147445, 20222.1100,  1, 97.10, 12.0
147445, 20222.1100,  1, 85.12, 12.0
147485, 20226.4000,  1, 45.25, 16.290000000000873
147485, 20226.4000,  1, 90.70, 16.290000000000873
147565, 20234.9700,  3, 520.97, 24.7599999999984
147591, 20237.7600,  3, 504.84, 27.56999999999971
147653, 20244.4000,  3, 421.90, 34.20999999999913
147682, 20247.5100,  3, 623.94, 37.29999999999927
147761, 20270.2400,  1, -14.75, 8.360000000000582
147761, 20270.2400,  1, 19.01, 8.360000000000582
147820, 20276.5600,  1, 102.02, 14.680000000000291
147882, 20283.2000,  1, 128.76, 21.31999999999971
147919, 20287.1700,  3, 472.43, 25.18000000000029
147978, 20293.4900,  3, 525.18, 31.549999999999272
147981, 20293.8100,  3, 541.33, 31.909999999999854
148150, 20311.9200,  2, 118.57,  50
148219, 20333.9700,  1, -37.94, 7.180000000000291
148219, 20333.9700,  1, -18.89, 7.180000000000291
148221, 20334.1900,  1, -72.64, 7.399999999997817
148221, 20334.1900,  1, -12.11, 7.399999999997817
148359, 20348.9700,  3, 486.97, 22.090000000000146
148377, 20350.9000,  3, 546.36, 24.029999999998836
148428, 20356.3600,  3, 459.76, 29.540000000000873
148430, 20356.5800,  3, 496.30, 29.770000000000437
148607, 20390.2000,  1, 144.71, 18.860000000000582
148607, 20390.2000,  1, 102.13, 18.860000000000582
148630, 20392.6700,  3, 486.64, 21.279999999998836
148643, 20394.0600,  3, 501.97, 22.63000000000102
148673, 20397.2700,  3, 529.96, 25.88000000000102
148730, 20403.3800,  3, 583.28, 31.9900000000016
148797, 20410.5600,  3, 695.09, 39.11999999999898
148898, 20421.3800,  2, 261.30,  50
149046, 20451.5600,  1, 23.53, 15.640000000003056
149046, 20451.5600,  1, -14.24, 15.640000000003056
149065, 20453.6000,  1, 38.37, 17.68000000000029
149065, 20453.6000,  1, 13.49, 17.68000000000029
149115, 20458.9500,  3, 433.81, 23.0
149141, 20461.7400,  3, 485.94, 25.790000000000873
149150, 20462.7000,  3, 455.53, 26.760000000002037
149204, 20468.4900,  3, 613.33, 32.52000000000044
149403, 20504.3100,  3, 462.61, 21.140000000003056
149439, 20508.1700,  3, 502.06, 25.010000000002037
149444, 20508.7000,  3, 485.01, 25.510000000002037
149446, 20508.9200,  3, 438.27, 25.81000000000131
149464, 20510.8500,  3, 537.53, 27.7400000000016
149466, 20511.0600,  3, 533.39, 27.890000000003056
149473, 20511.8100,  3, 490.02, 28.67000000000189
149530, 20517.9200,  3, 637.59, 34.7300000000032
149658, 20546.0100,  1, 39.46, 13.609999999996944
149658, 20546.0100,  1, 69.28, 13.609999999996944
149743, 20555.1100,  3, 457.77, 22.69999999999709
149752, 20556.0800,  3, 572.43, 23.609999999996944
149818, 20563.1500,  3, 580.58, 30.729999999999563
149827, 20564.1100,  3, 468.45, 31.669999999998254
149906, 20572.5800,  1, 12.42, 40.18000000000029
149998, 20582.4400,  2, 555.99,  50
150198, 20618.1900,  3, 503.45, 21.13000000000102
150221, 20620.6500,  3, 468.79, 23.61999999999898
150228, 20621.4000,  3, 523.76, 24.31999999999971
150238, 20622.4700,  3, 488.25, 25.459999999999127
150241, 20622.7900,  3, 508.56, 25.720000000001164
150290, 20628.0400,  3, 436.36, 30.970000000001164
150330, 20632.3300,  3, 517.13, 35.25
150467, 20647.0100,  2, 191.02,  50
150649, 20680.8100,  1, 66.32, 19.280000000002474
150649, 20680.8100,  1, 142.31, 19.280000000002474
150685, 20684.6700,  3, 495.08, 23.05000000000291
150758, 20692.4900,  3, 570.30, 30.87000000000262
150785, 20695.3800,  3, 548.89, 33.7400000000016
150823, 20699.4500,  3, 586.91, 37.88000000000102
150853, 20702.6700,  3, 534.30, 41.12000000000262
150936, 20711.5600,  2, 110.68,  50
151053, 20738.6900,  1, 16.45, 12.329999999998108
151053, 20738.6900,  1, -24.19, 12.329999999998108
151141, 20748.1100,  3, 469.69, 21.709999999999127
151149, 20748.9700,  3, 434.99, 22.540000000000873
151175, 20751.7600,  3, 479.27, 25.290000000000873
151240, 20758.7200,  1, 125.57, 32.36000000000058
151242, 20758.9400,  3, 434.48, 32.470000000001164
151269, 20761.8300,  3, 523.59, 35.45999999999913
151431, 20793.8800,  1, 190.66, 17.25
151431, 20793.8800,  1, 79.65, 17.25
151489, 20800.1000,  3, 533.58, 23.419999999998254
151522, 20803.6300,  3, 613.88, 26.909999999999854
151536, 20805.1300,  3, 508.91, 28.479999999999563
151555, 20807.1700,  3, 467.81, 30.43999999999869
151555, 20807.1700,  3, 533.58, 30.5099999999984
151569, 20808.6700,  3, 586.49, 31.959999999999127
151695, 20836.7200,  1, 121.45, 13.389999999999418
151695, 20836.7200,  1, 71.39, 13.389999999999418
151837, 20851.9400,  3, 473.11, 28.5099999999984
151856, 20853.9700,  3, 524.01, 30.609999999996944
151858, 20854.1900,  3, 395.01, 30.75
151865, 20854.9400,  3, 582.16, 31.57999999999811
151868, 20855.2600,  3, 520.07, 31.859999999996944
151911, 20859.8600,  3, 492.10, 36.5
152060, 20890.3500,  1, 107.71, 15.859999999996944
152150, 20899.9900,  3, 511.22, 25.419999999998254
152153, 20900.3100,  3, 497.32, 25.789999999997235
152163, 20901.3800,  3, 496.69, 26.859999999996944
152166, 20901.7000,  3, 462.99, 27.149999999997817
152177, 20902.8800,  3, 563.16, 28.279999999998836
152204, 20905.7700,  3, 472.58, 31.209999999999127
152229, 20908.4500,  3, 630.23, 33.859999999996944
152460, 20947.8100,  3, 460.35, 24.63000000000102
152471, 20948.9900,  3, 539.64, 25.7400000000016
152480, 20949.9500,  3, 484.53, 26.770000000000437
152494, 20951.4500,  3, 488.31, 28.209999999999127
152506, 20952.7400,  3, 496.19, 29.56000000000131
152509, 20953.0600,  3, 522.83, 29.81999999999971
152537, 20956.0600,  3, 431.94, 32.830000000001746
152575, 20960.1300,  3, 553.58, 36.93999999999869
152681, 20985.8100,  1, 41.40, 11.25
152825, 21001.2400,  3, 449.97, 26.57999999999811
152828, 21001.5600,  3, 485.00, 26.899999999997817
152849, 21003.8100,  3, 556.09, 29.18000000000029
152856, 21004.5600,  3, 582.63, 29.94999999999709
152858, 21004.7700,  3, 554.51, 30.18000000000029
152861, 21005.1000,  3, 563.88, 30.520000000000437
152885, 21007.6700,  3, 630.17, 33.039999999997235
153001, 21034.6900,  1, 49.94, 12.319999999999709
153015, 21036.1900,  1, 52.83, 13.819999999999709
153037, 21038.5400,  1, 156.99, 16.17000000000189
153037, 21038.5400,  1, 86.61, 16.17000000000189
153139, 21049.4700,  3, 537.81, 26.9900000000016
153166, 21052.3600,  3, 494.96, 29.900000000001455
153188, 21054.7200,  3, 421.89, 32.25
153353, 21072.4000,  2, 266.14,  50
153433, 21095.2200,  1, -17.40, 8.350000000002183
153433, 21095.2200,  1, -60.81, 8.350000000002183
153569, 21109.7900,  3, 521.45, 22.889999999999418
153576, 21110.5400,  3, 511.09, 23.580000000001746
153581, 21111.0800,  3, 519.43, 24.159999999999854
153662, 21119.7600,  3, 486.67, 32.840000000000146
153754, 21129.6100,  1, 32.56, 42.7400000000016
153822, 21136.9000,  2, 448.04,  50
154027, 21173.2700,  3, 503.12, 21.68000000000029
154030, 21173.6000,  3, 499.85, 22.030000000002474
154057, 21176.4900,  3, 547.56, 24.92000000000189
154072, 21178.1000,  3, 528.22, 26.540000000000873
154084, 21179.3800,  3, 539.90, 27.75
154090, 21180.0200,  3, 438.16, 28.479999999999563
154138, 21185.1700,  3, 528.30, 33.54000000000087
154291, 21201.5600,  2, 37.85,  50
154491, 21237.5600,  3, 443.36, 21.13000000000102
154534, 21242.1700,  3, 597.47, 25.720000000001164
154546, 21243.4500,  3, 530.69, 27.06999999999971
154560, 21244.9500,  3, 482.61, 28.520000000000437
154561, 21245.0600,  3, 552.74, 28.62000000000262
154564, 21245.3800,  3, 615.87, 28.93000000000029
154597, 21248.9200,  3, 469.61, 32.5
154760, 21266.3800,  2, 38.78,  50
154953, 21301.4000,  3, 478.07, 20.36999999999898
154988, 21305.1500,  3, 565.61, 24.18999999999869
154993, 21305.6900,  3, 550.93, 24.75
155003, 21306.7600,  3, 540.18, 25.81999999999971
155034, 21310.0800,  3, 528.68, 29.11999999999898
155066, 21313.5100,  3, 498.36, 32.54999999999927
155071, 21314.0400,  3, 604.39, 33.04999999999927
155229, 21330.9700,  2, 53.83,  50
155363, 21359.5200,  1, 80.67, 14.130000000001019
155363, 21359.5200,  1, 67.53, 14.130000000001019
155445, 21368.3100,  3, 508.98, 22.830000000001746
155480, 21372.0600,  3, 460.71, 26.610000000000582
155487, 21372.8100,  3, 527.92, 27.38000000000102
155508, 21375.0600,  3, 605.30, 29.61999999999898
155512, 21375.4900,  3, 566.94, 29.9900000000016
155698, 21395.4200,  2, 119.82,  50
155922, 21433.7900,  3, 479.18, 23.760000000002037
155963, 21438.1900,  3, 610.09, 28.17000000000189
155971, 21439.0400,  3, 571.95, 28.950000000000728
155975, 21439.4700,  3, 483.56, 29.37000000000262
155977, 21439.6900,  3, 539.73, 29.659999999999854
155984, 21440.4400,  3, 498.60, 30.330000000001746
155995, 21441.6100,  3, 517.44, 31.56000000000131
156078, 21450.5100,  3, 541.18, 40.470000000001164
156280, 21486.5400,  3, 496.72, 21.520000000000437
156313, 21490.0800,  3, 474.60, 24.970000000001164
156358, 21494.9000,  3, 543.37, 29.799999999999272
156360, 21495.1100,  3, 533.03, 30.020000000000437
156364, 21495.5400,  3, 527.78, 30.529999999998836
156451, 21504.8600,  3, 558.07, 39.77000000000044
156546, 21515.0400,  2, 38.96,  50
156546, 21515.0400,  2, 468.99,  50
156659, 21541.4900,  1, 46.28, 11.890000000003056
156659, 21541.4900,  1, 109.26, 11.890000000003056
156770, 21553.3800,  1, 71.72, 23.780000000002474
156798, 21556.3800,  3, 470.03, 26.67000000000189
156826, 21559.3800,  3, 553.68, 29.770000000000437
156863, 21563.3500,  3, 481.90, 33.70000000000073
156866, 21563.6700,  3, 540.83, 34.0
156936, 21571.1700,  3, 668.05, 41.470000000001164
157151, 21608.6500,  3, 469.78, 22.919999999998254
157169, 21610.5800,  3, 565.38, 24.770000000000437
157174, 21611.1100,  3, 473.88, 25.340000000000146
157175, 21611.2200,  3, 573.04, 25.479999999999563
157182, 21611.9700,  3, 504.11, 26.18000000000029
157211, 21615.0800,  3, 512.93, 29.289999999997235
157289, 21623.4400,  3, 642.03, 37.68999999999869
157295, 21624.0800,  3, 475.64, 38.32999999999811
157438, 21653.4000,  1, 83.82, 15.220000000001164
157438, 21653.4000,  1, 54.21, 15.220000000001164
157520, 21662.1900,  1, 51.76, 24.0099999999984
157540, 21664.3300,  3, 555.40, 26.139999999999418
157544, 21664.7600,  3, 551.87, 26.5
157548, 21665.1900,  3, 476.42, 26.93999999999869
157588, 21669.4700,  3, 501.67, 31.2599999999984
157758, 21687.6900,  1, -9.66, 49.5099999999984
157852, 21712.0800,  1, 4.39, 9.860000000000582
157852, 21712.0800,  1, 65.67, 9.860000000000582
158056, 21733.9400,  3, 463.66, 31.69999999999709
158061, 21734.4700,  3, 573.43, 32.13999999999942
158100, 21738.6500,  3, 606.61, 36.340000000000146
158128, 21741.6500,  3, 599.23, 39.38999999999942
158162, 21745.2900,  3, 575.69, 43.02000000000044
158227, 21752.2600,  1, 11.22, 50.039999999997235
158321, 21776.7900,  1, -36.73, 9.860000000000582
158321, 21776.7900,  1, -17.66, 9.860000000000582
158370, 21782.0400,  1, 18.04, 15.110000000000582
158370, 21782.0400,  1, 33.06, 15.110000000000582
158383, 21783.4400,  1, 88.49, 16.5099999999984
158458, 21791.4700,  3, 496.32, 24.43999999999869
158476, 21793.4000,  3, 532.71, 26.389999999999418
158502, 21796.1900,  3, 629.63, 29.169999999998254
158641, 21825.4000,  1, 71.66, 14.780000000002474
158641, 21825.4000,  1, 105.87, 14.780000000002474
158693, 21830.9700,  1, 36.98, 20.350000000002183
158693, 21830.9700,  1, 155.19, 20.350000000002183
158702, 21831.9400,  3, 472.97, 21.220000000001164
158768, 21839.0100,  3, 502.04, 28.350000000002183
158771, 21839.3300,  3, 447.40, 28.69000000000233
158798, 21842.2200,  3, 521.24, 31.590000000000146
158935, 21871.3800,  1, -47.34, 14.569999999999709
159041, 21882.7400,  3, 546.13, 25.899999999997817
159046, 21883.2700,  3, 462.21, 26.43999999999869
159058, 21884.5600,  3, 560.20, 27.659999999999854
159075, 21886.3800,  3, 507.39, 29.489999999997963
159089, 21887.8800,  3, 511.38, 30.959999999999127
159090, 21887.9900,  3, 598.95, 31.149999999997817
159135, 21892.8100,  3, 538.82, 35.95999999999913
159339, 21929.1700,  3, 465.64, 21.650000000001455
159360, 21931.4200,  3, 465.06, 23.909999999999854
159398, 21935.4900,  3, 539.01, 28.040000000000873
159407, 21936.4500,  3, 564.18, 28.979999999999563
159423, 21938.1700,  3, 506.45, 30.650000000001455
159427, 21938.6000,  3, 527.96, 31.159999999999854
159494, 21945.7700,  1, 101.64, 38.36000000000058
159511, 21947.6000,  3, 558.07, 40.080000000001746
159631, 21974.8500,  1, 73.39, 12.75
159631, 21974.8500,  1, 17.41, 12.75
159680, 21980.1000,  1, 36.20, 18.0
159680, 21980.1000,  1, 38.30, 18.0
159740, 21986.5200,  3, 492.10, 24.38000000000102
159770, 21989.7400,  3, 563.06, 27.580000000001746
159771, 21989.8500,  3, 508.71, 27.659999999999854
159783, 21991.1300,  3, 436.56, 29.020000000000437
159909, 22018.9400,  1, 3.92, 13.389999999999418
159909, 22018.9400,  1, -37.77, 13.389999999999418
159918, 22019.9000,  1, 46.94, 14.350000000002183
159918, 22019.9000,  1, 114.54, 14.350000000002183
160008, 22029.5400,  3, 516.51, 23.900000000001455
160059, 22035.0100,  3, 464.50, 29.400000000001455
160061, 22035.2200,  3, 545.82, 29.659999999999854
160063, 22035.4400,  3, 543.82, 29.86999999999898
160252, 22070.2600,  1, -9.89, 20.139999999999418
160269, 22072.0800,  3, 489.04, 21.860000000000582
160309, 22076.3600,  3, 539.50, 26.17000000000189
160322, 22077.7600,  3, 531.19, 27.62000000000262
160340, 22079.6900,  3, 489.21, 29.549999999999272
160354, 22081.1900,  3, 659.59, 31.010000000002037
160378, 22083.7600,  3, 522.80, 33.60000000000218
160531, 22100.1500,  2, 396.14,  50
160652, 22127.6500,  1, 123.85, 12.75
160652, 22127.6500,  1, 62.00, 12.75
160777, 22141.0400,  3, 482.47, 26.12999999999738
160789, 22142.3300,  3, 446.84, 27.31999999999971
160798, 22143.2900,  3, 487.59, 28.289999999997235
160812, 22144.7900,  3, 575.87, 29.82999999999811
161000, 22164.9400,  2, 124.38,  50
161000, 22164.9400,  2, 53.89,  50
161186, 22199.4200,  1, 40.35, 19.709999999999127
161218, 22202.8500,  3, 474.76, 23.049999999999272
161231, 22204.2400,  3, 490.02, 24.479999999999563
161249, 22206.1700,  3, 554.45, 26.389999999999418
161263, 22207.6700,  3, 476.94, 27.909999999999854
161267, 22208.1000,  3, 489.65, 28.280000000002474
161273, 22208.7400,  3, 428.58, 29.010000000002037
161359, 22217.9500,  1, 95.26, 38.2400000000016
161490, 22246.4500,  1, 71.98, 13.819999999999709
161490, 22246.4500,  1, 94.60, 13.819999999999709
161571, 22255.1300,  3, 472.71, 22.419999999998254
161603, 22258.5600,  3, 473.71, 25.87999999999738
161605, 22258.7700,  3, 452.05, 26.07999999999811
161627, 22261.1300,  3, 441.09, 28.409999999999854
161637, 22262.2000,  3, 486.85, 29.529999999998836
161641, 22262.6300,  3, 497.91, 29.899999999997817
161794, 22293.5100,  1, 51.98, 16.289999999997235
161858, 22300.3600,  1, 159.79, 23.139999999999418
161890, 22303.7900,  3, 470.73, 26.549999999999272
161893, 22304.1100,  3, 450.61, 26.849999999998545
161907, 22305.6100,  3, 478.15, 28.299999999999272
161908, 22305.7200,  1, -63.66, 28.5
161959, 22311.1900,  3, 549.76, 33.95999999999913
162043, 22320.1900,  1, 63.99, 42.969999999997526
162126, 22343.5200,  1, 21.73, 8.680000000000291
162126, 22343.5200,  1, -13.45, 8.680000000000291
162213, 22352.8500,  1, -38.58, 18.0099999999984
162279, 22359.9200,  3, 523.29, 25.020000000000437
162309, 22363.1300,  3, 491.49, 28.200000000000728
162340, 22366.4500,  3, 554.71, 31.56000000000131
162448, 22378.0200,  3, 556.79, 43.13000000000102
162512, 22384.8800,  2, 129.87,  50
162643, 22413.3800,  1, 30.40, 13.819999999999709
162656, 22414.7700,  1, 94.93, 15.209999999999127
162656, 22414.7700,  1, 82.66, 15.209999999999127
162719, 22421.5200,  3, 452.55, 21.889999999999418
162738, 22423.5600,  3, 491.07, 23.889999999999418
162744, 22424.2000,  3, 428.37, 24.57999999999811
162781, 22428.1700,  3, 540.37, 28.549999999999272
162794, 22429.5600,  3, 527.25, 29.93999999999869
162925, 22457.9400,  1, 35.81, 13.93999999999869
162925, 22457.9400,  1, 58.51, 13.93999999999869
163015, 22467.5800,  3, 487.24, 23.470000000001164
163041, 22470.3600,  3, 502.91, 26.330000000001746
163046, 22470.9000,  3, 501.61, 26.830000000001746
163051, 22471.4400,  3, 546.15, 27.340000000000146
163083, 22474.8600,  3, 523.59, 30.779999999998836
163121, 22478.9400,  3, 586.53, 34.849999999998545
163224, 22504.3300,  1, 1.29, 10.930000000000291
163224, 22504.3300,  1, 38.61, 10.930000000000291
163237, 22505.7200,  1, 26.98, 12.319999999999709
163237, 22505.7200,  1, 86.02, 12.319999999999709
163267, 22508.9400,  1, -0.34, 15.539999999997235
163332, 22515.9000,  3, 509.98, 22.459999999999127
163337, 22516.4400,  3, 517.65, 22.94999999999709
163589, 22543.4400,  2, 107.07,  50
163704, 22570.0600,  1, 98.25, 12.100000000002183
163704, 22570.0600,  1, 60.49, 12.100000000002183
163789, 22579.1700,  3, 486.20, 21.150000000001455
163827, 22583.2400,  3, 469.32, 25.260000000002037
163836, 22584.2000,  3, 452.90, 26.19000000000233
163857, 22586.4500,  3, 558.91, 28.450000000000728
163889, 22589.8800,  3, 583.70, 31.909999999999854
163943, 22595.6700,  3, 530.63, 37.650000000001455
164039, 22620.4400,  1, -56.77, 10.18999999999869
164039, 22620.4400,  1, 3.35, 10.18999999999869
164088, 22625.6900,  1, 69.96, 15.43999999999869
164088, 22625.6900,  1, 66.02, 15.43999999999869
164193, 22636.9400,  3, 496.56, 26.61999999999898
164245, 22642.5100,  3, 567.79, 32.18000000000029
164246, 22642.6100,  3, 534.32, 32.349999999998545
164411, 22660.2900,  2, 101.87,  50
164523, 22686.8800,  1, 43.51, 11.780000000002474
164523, 22686.8800,  1, 63.15, 11.780000000002474
164587, 22693.7400,  1, 61.95, 18.640000000003056
164617, 22696.9500,  3, 452.62, 21.770000000000437
164628, 22698.1300,  3, 529.43, 22.950000000000728
164663, 22701.8800,  3, 528.34, 26.7400000000016
164678, 22703.4900,  3, 530.43, 28.350000000002183
164730, 22709.0600,  3, 538.54, 33.92000000000189
164875, 22739.0400,  1, 66.57, 15.430000000000291
164875, 22739.0400,  1, 99.58, 15.430000000000291
164924, 22744.2900,  1, 73.16, 20.68000000000029
164978, 22750.0800,  3, 489.51, 26.409999999999854
164989, 22751.2600,  3, 547.39, 27.549999999999272
164991, 22751.4700,  3, 478.49, 27.7599999999984
165028, 22755.4400,  3, 575.30, 31.80999999999767
165034, 22756.0800,  3, 539.66, 32.36000000000058
165146, 22782.2600,  1, 90.73, 11.889999999999418
165146, 22782.2600,  1, -37.58, 11.889999999999418
165160, 22783.7600,  1, 47.17, 13.389999999999418
165160, 22783.7600,  1, 63.17, 13.389999999999418
165190, 22786.9700,  1, 41.66, 16.600000000002183
165238, 22792.1100,  1, 145.07, 21.7400000000016
165238, 22792.1100,  1, 187.66, 21.7400000000016
165347, 22803.7900,  3, 563.28, 33.38999999999942
165497, 22834.4700,  1, 81.29, 15.970000000001164
165610, 22846.5800,  3, 492.99, 28.020000000000437
165645, 22850.3300,  3, 376.72, 31.790000000000873
165649, 22850.7600,  3, 480.80, 32.2400000000016
165649, 22850.7600,  3, 580.83, 32.20000000000073
165654, 22851.2900,  3, 443.99, 32.779999999998836
165663, 22852.2600,  3, 542.09, 33.70999999999913
165716, 22857.9400,  3, 565.39, 39.340000000000146
165781, 22879.1900,  1, -4.62, 6.869999999998981
165781, 22879.1900,  1, -28.20, 6.869999999998981
165838, 22885.2900,  1, 94.37, 12.970000000001164
165838, 22885.2900,  1, 53.69, 12.970000000001164
165940, 22896.2200,  3, 501.52, 23.849999999998545
165949, 22897.1900,  3, 503.69, 24.81999999999971
165967, 22899.1100,  3, 555.84, 26.700000000000728
166054, 22908.4400,  3, 516.27, 36.04000000000087
166191, 22937.7000,  1, 56.34, 14.56000000000131
166191, 22937.7000,  1, 140.15, 14.56000000000131
166202, 22938.8800,  1, 116.74, 15.7400000000016
166202, 22938.8800,  1, 181.33, 15.7400000000016
166295, 22948.8500,  3, 474.31, 25.700000000000728
166375, 22957.4200,  3, 543.61, 34.26000000000204
166376, 22957.5200,  3, 552.21, 34.330000000001746
166522, 22973.1700,  2, 94.81,  50
166731, 23009.6300,  1, 87.59, 22.18000000000029
166744, 23011.0200,  3, 492.53, 23.5099999999984
166759, 23012.6300,  3, 488.74, 25.13000000000102
166772, 23014.0200,  3, 529.59, 26.479999999999563
166784, 23015.3100,  3, 489.07, 27.799999999999272
166789, 23015.8500,  3, 574.66, 28.30999999999767
166843, 23021.6300,  3, 491.03, 34.099999999998545
166991, 23037.4900,  2, 93.52,  50
167053, 23058.6100,  1, -15.16, 6.420000000001892
167053, 23058.6100,  1, -45.61, 6.420000000001892
167143, 23068.2600,  1, 104.32, 16.06999999999971
167143, 23068.2600,  1, 142.85, 16.06999999999971
167158, 23069.8600,  1, 112.75, 17.67000000000189
167221, 23076.6100,  3, 470.29, 24.340000000000146
167274, 23082.2900,  3, 582.88, 30.06000000000131
167324, 23087.6500,  3, 558.93, 35.37000000000262
167401, 23110.5200,  1, -23.77, 8.139999999999418
167401, 23110.5200,  1, -60.68, 8.139999999999418
167431, 23113.7400,  1, 42.13, 11.360000000000582
167431, 23113.7400,  1, 95.46, 11.360000000000582
167522, 23123.4900,  3, 498.55, 21.0
167559, 23127.4500,  3, 509.71, 25.020000000000437
167593, 23131.1000,  3, 505.42, 28.610000000000582
167594, 23131.2000,  3, 481.75, 28.770000000000437
167663, 23153.1100,  1, -57.47, 7.279999999998836
167663, 23153.1100,  1, -51.45, 7.279999999998836
167749, 23162.3300,  1, 146.34, 16.5
167749, 23162.3300,  1, 180.42, 16.5
167799, 23167.6900,  3, 448.51, 21.7699999999968
167817, 23169.6100,  3, 540.19, 23.69999999999709
167924, 23181.0800,  3, 538.20, 35.169999999998254
167948, 23183.6500,  3, 584.56, 37.79999999999927
168110, 23215.6300,  1, 88.00, 17.25
168173, 23222.3800,  3, 526.61, 23.909999999999854
168212, 23226.5600,  3, 600.17, 28.11999999999898
168242, 23229.7700,  3, 562.63, 31.299999999999272
168274, 23233.2000,  3, 566.06, 34.789999999997235
168308, 23236.8500,  3, 621.57, 38.43999999999869
168343, 23240.6000,  3, 570.85, 42.12999999999738
168384, 23244.9900,  3, 632.47, 46.54999999999927
168451, 23266.7000,  1, -41.60, 7.06000000000131
168451, 23266.7000,  1, -51.64, 7.06000000000131
168515, 23273.5600,  1, 96.75, 13.920000000001892
168635, 23286.4200,  3, 555.55, 26.720000000001164
168664, 23289.5200,  3, 502.31, 29.790000000000873
168666, 23289.7400,  3, 496.73, 30.040000000000873
168677, 23290.9200,  3, 554.78, 31.260000000002037
168693, 23292.6300,  3, 485.83, 32.94000000000233
168761, 23314.6300,  1, -57.75, 7.170000000001892
168761, 23314.6300,  1, -37.78, 7.170000000001892
168832, 23322.2400,  1, 41.91, 14.780000000002474
168832, 23322.2400,  1, 32.19, 14.780000000002474
168906, 23330.1700,  1, 73.49, 22.709999999999127
168935, 23333.2700,  3, 464.80, 25.790000000000873
168963, 23336.2700,  3, 537.80, 28.709999999999127
169067, 23347.4200,  3, 628.12, 39.88000000000102
169190, 23375.0600,  1, 22.93, 13.069999999999709
169287, 23385.4500,  3, 470.25, 23.359999999996944
169300, 23386.8500,  3, 524.94, 24.82999999999811
169320, 23388.9900,  3, 530.52, 26.909999999999854
169329, 23389.9500,  3, 445.75, 27.929999999996653
169337, 23390.8100,  3, 543.59, 28.719999999997526
169367, 23394.0200,  3, 495.71, 31.959999999999127
169518, 23410.2000,  3, 446.38, 48.18999999999869
169669, 23440.9200,  1, 66.25, 16.06999999999971
169669, 23440.9200,  1, 59.66, 16.06999999999971
169783, 23453.1300,  3, 483.21, 28.220000000001164
169786, 23453.4500,  3, 541.72, 28.580000000001746
169786, 23453.4500,  3, 472.29, 28.56999999999971
169812, 23456.2400,  3, 604.61, 31.31000000000131
169830, 23458.1700,  3, 608.56, 33.25
169835, 23458.7000,  3, 635.16, 33.81999999999971
169933, 23483.4400,  1, -10.24, 10.389999999999418
169933, 23483.4400,  1, -49.14, 10.389999999999418
170011, 23491.7900,  3, 477.60, 18.659999999999854
170057, 23496.7200,  3, 412.80, 23.639999999999418
170103, 23501.6500,  3, 509.97, 28.549999999999272
170157, 23507.4400,  3, 572.88, 34.38000000000102
170183, 23510.2200,  3, 525.55, 37.11000000000058
170303, 23523.0800,  2, 359.15,  50
170453, 23553.4500,  1, 111.32, 15.860000000000582
170453, 23553.4500,  1, 96.05, 15.860000000000582
170522, 23560.8500,  3, 537.06, 23.200000000000728
170540, 23562.7700,  3, 474.37, 25.13000000000102
170544, 23563.2000,  3, 535.31, 25.599999999998545
170552, 23564.0600,  3, 566.16, 26.459999999999127
170582, 23567.2700,  3, 505.48, 29.659999999999854
170772, 23587.6300,  2, 196.24,  50
170970, 23623.1900,  3, 497.79, 20.909999999999854
170989, 23625.2200,  1, 131.58, 23.030000000002474
170989, 23625.2200,  1, 152.03, 23.030000000002474
171025, 23629.0800,  3, 504.25, 26.81000000000131
171034, 23630.0400,  3, 509.07, 27.770000000000437
171036, 23630.2600,  3, 438.81, 28.06000000000131
171050, 23631.7600,  3, 525.63, 29.5
171068, 23633.6900,  3, 559.09, 31.460000000002765
171285, 23670.9200,  3, 494.89, 23.080000000001746
171330, 23675.7400,  3, 545.64, 27.88000000000102
171349, 23677.7700,  3, 522.64, 29.909999999999854
171349, 23677.7700,  3, 456.39, 29.909999999999854
171366, 23679.6000,  3, 455.25, 31.729999999999563
171375, 23680.5600,  3, 614.42, 32.720000000001164
171386, 23681.7400,  3, 467.58, 33.909999999999854
171431, 23686.5600,  3, 505.45, 38.77000000000044
171606, 23719.5200,  1, 137.89, 18.63000000000102
171606, 23719.5200,  1, 46.37, 18.63000000000102
171651, 23724.3500,  3, 437.78, 23.450000000000728
171691, 23728.6300,  3, 475.80, 27.68000000000029
171712, 23730.8800,  3, 522.81, 29.959999999999127
171730, 23732.8100,  3, 658.95, 31.86999999999898
171781, 23738.2700,  3, 592.64, 37.35000000000218
171785, 23738.7000,  3, 611.68, 37.77000000000044
171987, 23774.6700,  3, 483.02, 21.479999999999563
172000, 23776.0600,  3, 503.44, 22.860000000000582
172052, 23781.6300,  3, 547.76, 28.400000000001455
172076, 23784.2000,  3, 545.22, 31.020000000000437
172082, 23784.8500,  3, 544.84, 31.69000000000233
172127, 23789.6700,  3, 531.69, 36.470000000001164
172127, 23789.6700,  3, 573.72, 36.5
172144, 23791.4900,  3, 602.80, 38.25
172406, 23833.8600,  3, 477.76, 27.93999999999869
172433, 23836.7600,  3, 531.35, 30.779999999998836
172441, 23837.6100,  1, 43.63, 31.709999999999127
172443, 23837.8300,  3, 541.81, 31.86999999999898
172447, 23838.2600,  3, 529.99, 32.29999999999927
172474, 23841.1500,  3, 537.45, 35.13999999999942
172491, 23842.9700,  3, 464.70, 36.97999999999956
172612, 23855.9400,  2, 193.76,  50
172857, 23896.7600,  3, 520.34, 26.0099999999984
172891, 23900.4000,  3, 505.31, 29.649999999997817
172894, 23900.7200,  3, 480.92, 29.979999999999563
172902, 23901.5800,  3, 493.44, 30.840000000000146
172910, 23902.4400,  3, 547.50, 31.659999999999854
172923, 23903.8300,  3, 461.22, 33.06999999999971
172942, 23905.8600,  3, 621.73, 35.06999999999971
173001, 23912.1900,  3, 461.43, 41.409999999999854
173088, 23935.6900,  1, -36.98, 9.219999999997526
173088, 23935.6900,  1, 1.65, 9.219999999997526
173266, 23954.7600,  3, 494.21, 28.229999999999563
173270, 23955.1900,  3, 532.16, 28.610000000000582
173281, 23956.3600,  3, 549.02, 29.86999999999898
173338, 23962.4700,  3, 461.02, 35.93999999999869
173373, 23966.2200,  3, 552.43, 39.68000000000029
173469, 23976.5100,  2, 154.64,  50
173619, 24007.0200,  1, 111.65, 15.860000000000582
173690, 24014.6300,  1, 137.84, 23.470000000001164
173717, 24017.5200,  3, 483.75, 26.31999999999971
173752, 24021.2700,  3, 509.82, 30.049999999999272
173764, 24022.5600,  3, 603.24, 31.299999999999272
173795, 24025.8800,  3, 528.06, 34.70999999999913
173841, 24030.8100,  3, 521.42, 39.61999999999898
173938, 24041.2000,  2, 453.56,  50
174014, 24063.6300,  1, -49.28, 7.920000000001892
174014, 24063.6300,  1, -31.03, 7.920000000001892
174140, 24077.1300,  1, 37.95, 21.42000000000189
174140, 24077.1300,  1, 95.45, 21.42000000000189
174183, 24081.7400,  3, 498.10, 25.9900000000016
174253, 24089.2400,  3, 523.36, 33.45000000000073
174407, 24105.7400,  2, 57.14,  50
174407, 24105.7400,  2, 558.21,  50
174593, 24140.2200,  3, 486.04, 19.68000000000029
174627, 24143.8600,  3, 544.01, 23.25
174647, 24146.0100,  3, 466.89, 25.460000000002765
174727, 24154.5800,  3, 472.74, 33.9900000000016
174805, 24162.9400,  3, 475.63, 42.340000000000146
174876, 24170.5400,  2, 100.66,  50
174876, 24170.5400,  2, 410.26,  50
174876, 24170.5400,  2, 523.02,  50
175029, 24201.4500,  1, 89.99, 16.17000000000189
175029, 24201.4500,  1, 25.71, 16.17000000000189
175116, 24210.7700,  3, 466.36, 25.400000000001455
175137, 24213.0200,  3, 588.31, 27.639999999999418
175145, 24213.8800,  3, 545.78, 28.56000000000131
175187, 24218.3800,  3, 539.28, 32.9900000000016
175293, 24229.7400,  3, 597.81, 44.400000000001455
175345, 24235.3100,  2, 75.53,  50
175435, 24259.5100,  1, 28.61, 9.43999999999869
175435, 24259.5100,  1, -30.71, 9.43999999999869
175595, 24276.6500,  3, 492.51, 26.5
175614, 24278.6900,  3, 480.81, 28.590000000000146
175614, 24278.6900,  3, 589.82, 28.56999999999971
175644, 24281.9000,  3, 564.84, 31.770000000000437
175663, 24283.9400,  3, 478.94, 33.849999999998545
175765, 24294.8600,  3, 407.36, 44.72999999999956
175991, 24333.6000,  3, 512.40, 24.0
176040, 24338.8500,  3, 616.88, 29.32999999999811
176091, 24344.3100,  3, 601.64, 34.80999999999767
176110, 24346.3500,  3, 551.40, 36.779999999998836
176143, 24349.8800,  3, 659.10, 40.359999999996944
176188, 24354.7000,  3, 632.21, 45.12999999999738
176221, 24358.2400,  3, 465.15, 48.669999999998254
176233, 24359.5200,  2, 374.78,  50
176353, 24386.8500,  1, 90.34, 12.639999999999418
176390, 24390.8100,  1, 80.58, 16.600000000002183
176455, 24397.7700,  3, 491.78, 23.549999999999272
176469, 24399.2700,  3, 536.99, 24.979999999999563
176489, 24401.4200,  3, 488.87, 27.139999999999418
176580, 24411.1700,  3, 655.65, 36.909999999999854
176622, 24415.6700,  3, 547.48, 41.45000000000073
176689, 24422.8500,  3, 529.00, 48.56000000000131
176831, 24452.4900,  1, 154.87, 15.100000000002183
176831, 24452.4900,  1, 153.96, 15.100000000002183
176911, 24461.0600,  3, 470.85, 23.56999999999971
176914, 24461.3800,  3, 482.42, 23.889999999999418
176974, 24467.8100,  3, 472.41, 30.360000000000582
176984, 24468.8800,  3, 486.67, 31.389999999999418
177008, 24471.4500,  3, 442.06, 34.029999999998836
177012, 24471.8800,  3, 548.08, 34.38999999999942
177161, 24501.8500,  1, 42.44, 15.859999999996944
177246, 24510.9500,  3, 532.50, 24.899999999997817
177260, 24512.4500,  3, 521.16, 26.37999999999738
177284, 24515.0200,  3, 525.42, 29.0099999999984
177320, 24518.8800,  3, 544.76, 32.79999999999927
177344, 24521.4500,  3, 425.18, 35.36999999999898
177352, 24522.3100,  3, 570.98, 36.279999999998836
177372, 24524.4500,  3, 578.05, 38.36999999999898
177497, 24552.4200,  1, 101.44, 13.279999999998836
177497, 24552.4200,  1, 95.90, 13.279999999998836
177637, 24567.4200,  3, 464.82, 28.25
177648, 24568.6000,  3, 515.79, 29.38000000000102
177649, 24568.7000,  3, 555.01, 29.459999999999127
177667, 24570.6300,  3, 513.91, 31.38000000000102
177676, 24571.6000,  3, 539.07, 32.43000000000029
177694, 24573.5200,  3, 578.91, 34.340000000000146
177827, 24602.1300,  1, 53.62, 14.139999999999418
177834, 24602.8800,  1, 76.53, 14.889999999999418
177903, 24610.2700,  3, 474.69, 22.2599999999984
177911, 24611.1300,  3, 503.15, 23.06999999999971
177949, 24615.2000,  3, 509.52, 27.149999999997817
177966, 24617.0200,  3, 618.21, 28.969999999997526
177983, 24618.8500,  3, 626.72, 30.849999999998545
178098, 24631.1700,  3, 532.46, 43.14999999999782
178225, 24659.1000,  1, 35.69, 13.5
178225, 24659.1000,  1, 40.43, 13.5
178276, 24664.5600,  3, 495.94, 18.950000000000728
178344, 24671.8500,  3, 554.15, 26.200000000000728
178364, 24673.9900,  3, 552.16, 28.340000000000146
178368, 24674.4200,  3, 519.80, 28.81000000000131
178372, 24674.8500,  3, 507.37, 29.17000000000189
178465, 24684.8100,  3, 586.43, 39.12000000000262
178652, 24719.3600,  3, 463.80, 19.900000000001455
178674, 24721.7200,  3, 533.24, 22.200000000000728
178698, 24724.2900,  3, 543.50, 24.770000000000437
178713, 24725.9000,  3, 459.42, 26.459999999999127
178745, 24729.3300,  3, 471.20, 29.81000000000131
178800, 24735.2200,  3, 522.31, 35.7599999999984
178810, 24736.2900,  3, 459.97, 36.840000000000146
178885, 24744.3300,  3, 602.26, 44.840000000000146
179116, 24783.4200,  3, 544.69, 24.610000000000582
179123, 24784.1700,  3, 503.89, 25.37000000000262
179133, 24785.2400,  3, 533.91, 26.42000000000189
179143, 24786.3100,  3, 515.29, 27.4900000000016
179144, 24786.4200,  3, 510.75, 27.56000000000131
179197, 24792.1000,  3, 517.48, 33.26000000000204
179243, 24797.0200,  3, 493.88, 38.220000000001164
179353, 24808.8100,  2, 389.37,  50
179585, 24847.9900,  3, 513.14, 24.639999999999418
179586, 24848.1000,  3, 525.38, 24.7400000000016
179601, 24849.7000,  3, 490.06, 26.340000000000146
179611, 24850.7700,  3, 544.46, 27.32999999999811
179630, 24852.8100,  3, 589.78, 29.409999999999854
179662, 24856.2400,  3, 524.80, 32.86999999999898
179671, 24857.2000,  3, 506.75, 33.7599999999984
179780, 24868.8800,  3, 458.91, 45.52000000000044
179990, 24905.4200,  3, 470.87, 22.330000000001746
179998, 24906.2700,  3, 522.46, 23.150000000001455
180010, 24907.5600,  3, 488.01, 24.43000000000029
180011, 24907.6700,  1, 69.84, 24.639999999999418
180022, 24908.8500,  3, 465.72, 25.75
180061, 24913.0200,  3, 508.82, 29.900000000001455
180092, 24916.3500,  3, 542.28, 33.25
180093, 24916.4500,  3, 548.21, 33.340000000000146
180232, 24945.9000,  1, 76.21, 14.790000000000873
180232, 24945.9000,  1, 42.92, 14.790000000000873
180244, 24947.1900,  1, 120.71, 16.07999999999811
180277, 24950.7200,  3, 425.19, 19.55999999999767
180299, 24953.0800,  3, 468.60, 21.86999999999898
180354, 24958.9700,  3, 540.52, 27.7599999999984
180360, 24959.6100,  3, 617.17, 28.470000000001164
180386, 24962.4000,  3, 573.05, 31.229999999999563
180539, 24993.3600,  1, 152.50, 16.279999999998836
180539, 24993.3600,  1, 32.75, 16.279999999998836
180587, 24998.5100,  3, 499.03, 21.389999999999418
180603, 25000.2200,  3, 494.34, 23.089999999996508
180607, 25000.6500,  3, 533.20, 23.539999999997235
180629, 25003.0100,  3, 564.33, 25.87999999999738
180659, 25006.2200,  3, 558.55, 29.089999999996508
180714, 25012.1100,  3, 661.46, 35.0
180839, 25039.8800,  1, 13.92, 13.290000000000873
180843, 25040.3100,  1, 83.47, 13.720000000001164
180843, 25040.3100,  1, 69.02, 13.720000000001164
180853, 25041.3800,  1, 62.30, 14.790000000000873
180873, 25043.5200,  1, 70.55, 16.93000000000029
180873, 25043.5200,  1, -11.72, 16.93000000000029
180942, 25050.9200,  3, 533.22, 24.270000000000437
180999, 25057.0200,  3, 467.22, 30.349999999998545
181130, 25085.6100,  1, 86.64, 13.930000000000291
181130, 25085.6100,  1, 108.57, 13.930000000000291
181172, 25090.1100,  1, 165.63, 18.43000000000029
181172, 25090.1100,  1, 171.70, 18.43000000000029
181189, 25091.9400,  3, 454.58, 20.18000000000029
181277, 25101.3600,  3, 484.45, 29.61999999999898
181293, 25103.0800,  3, 523.53, 31.340000000000146
181338, 25107.9000,  3, 487.39, 36.150000000001455
181464, 25135.7700,  1, 54.90, 13.389999999999418
181547, 25144.6700,  3, 529.98, 22.18999999999869
181557, 25145.7400,  3, 552.43, 23.31999999999971
181576, 25147.7700,  3, 470.92, 25.299999999999272
181617, 25152.1700,  3, 516.74, 29.779999999998836
181630, 25153.5600,  3, 555.89, 31.099999999998545
181648, 25155.4900,  3, 458.14, 33.04999999999927
181656, 25156.3500,  3, 564.27, 33.93999999999869
181760, 25181.7400,  1, 28.57, 11.030000000002474
181790, 25184.9500,  1, 63.07, 14.2400000000016
181861, 25192.5600,  3, 508.65, 21.81999999999971
181873, 25193.8500,  3, 474.38, 23.090000000000146
181881, 25194.7000,  3, 473.81, 23.950000000000728
181897, 25196.4200,  3, 479.20, 25.650000000001455
181924, 25199.3100,  3, 546.78, 28.580000000001746
181950, 25202.1000,  3, 540.03, 31.350000000002183
182089, 25231.2600,  1, 118.54, 14.779999999998836
182183, 25241.3300,  3, 506.38, 24.799999999999272
182187, 25241.7600,  3, 541.04, 25.270000000000437
182190, 25242.0800,  3, 529.91, 25.4900000000016
182196, 25242.7200,  3, 541.26, 26.229999999999563
182199, 25243.0400,  3, 509.50, 26.479999999999563
182249, 25248.4000,  3, 488.85, 31.900000000001455
182309, 25254.8300,  3, 547.47, 38.31999999999971
182386, 25277.6100,  1, -2.58, 8.139999999999418
182386, 25277.6100,  1, -24.03, 8.139999999999418
182433, 25282.6500,  1, 4.47, 13.180000000000291
182433, 25282.6500,  1, 57.83, 13.180000000000291
182535, 25293.5800,  3, 502.54, 24.039999999997235
182550, 25295.1900,  3, 541.66, 25.709999999999127
182562, 25296.4700,  3, 475.92, 26.93000000000029
182587, 25299.1500,  3, 598.71, 29.62999999999738
182701, 25325.7200,  1, 24.51, 12.110000000000582
182805, 25336.8600,  1, 285.43, 23.25
182805, 25336.8600,  1, 110.57, 23.25
182808, 25337.1900,  3, 518.45, 23.479999999999563
182822, 25338.6900,  3, 544.11, 25.0
182826, 25339.1100,  3, 580.13, 25.479999999999563
182857, 25342.4400,  3, 552.58, 28.729999999999563
182888, 25345.7600,  3, 646.15, 32.05999999999767
183021, 25374.3500,  1, 57.14, 14.139999999999418
183021, 25374.3500,  1, 43.45, 14.139999999999418
183061, 25378.6300,  1, -26.67, 18.42000000000189
183092, 25381.9500,  3, 516.22, 21.659999999999854
183116, 25384.5200,  3, 542.76, 24.299999999999272
183131, 25386.1300,  3, 471.05, 25.909999999999854
183137, 25386.7700,  3, 470.35, 26.470000000001164
183141, 25387.2000,  3, 559.82, 26.92000000000189
183308, 25419.7200,  1, 82.37, 17.790000000000873
183308, 25419.7200,  1, 180.90, 17.790000000000873
183353, 25424.5400,  3, 563.78, 22.599999999998545
183367, 25426.0400,  3, 453.44, 24.029999999998836
183383, 25427.7600,  3, 502.31, 25.739999999997963
183401, 25429.6900,  3, 540.23, 27.68999999999869
183422, 25431.9400,  3, 486.16, 30.0
183424, 25432.1500,  3, 644.29, 30.13000000000102
183565, 25461.6000,  1, 55.66, 15.0
183565, 25461.6000,  1, 120.91, 15.0
183630, 25468.5600,  3, 456.49, 21.950000000000728
183678, 25473.7000,  3, 490.66, 27.06999999999971
183693, 25475.3100,  3, 505.10, 28.610000000000582
183712, 25477.3500,  3, 536.76, 30.720000000001164
183772, 25483.7700,  3, 593.96, 37.11000000000058
183793, 25486.0200,  3, 646.30, 39.330000000001746
184022, 25525.0800,  3, 517.59, 24.409999999999854
184031, 25526.0400,  3, 532.03, 25.36999999999898
184037, 25526.6900,  3, 550.62, 25.959999999999127
184058, 25528.9400,  3, 568.08, 28.209999999999127
184060, 25529.1500,  3, 563.85, 28.399999999997817
184063, 25529.4700,  3, 536.29, 28.709999999999127
184063, 25529.4700,  3, 560.66, 28.7699999999968
184093, 25532.6900,  3, 538.62, 32.0099999999984
184240, 25562.4400,  1, 128.74, 15.639999999999418
184240, 25562.4400,  1, 46.45, 15.639999999999418
184300, 25568.8600,  3, 493.49, 21.970000000001164
184334, 25572.5100,  3, 529.80, 25.63000000000102
184336, 25572.7200,  3, 536.18, 25.850000000002183
184343, 25573.4700,  3, 569.80, 26.61999999999898
184371, 25576.4700,  3, 529.06, 29.639999999999418
184388, 25578.2900,  3, 560.52, 31.450000000000728
184506, 25604.9700,  1, 107.79, 12.530000000002474
184597, 25614.7200,  3, 492.75, 22.229999999999563
184620, 25617.1900,  3, 526.82, 24.640000000003056
184622, 25617.4000,  3, 546.09, 24.909999999999854
184638, 25619.1100,  3, 511.25, 26.63000000000102
184639, 25619.2200,  3, 522.34, 26.720000000001164
184673, 25622.8600,  3, 532.02, 30.350000000002183
184731, 25629.0800,  3, 524.73, 36.530000000002474
184858, 25656.8500,  1, 52.08, 13.5099999999984
184895, 25660.8100,  1, 33.48, 17.470000000001164
184952, 25666.9200,  3, 499.54, 23.56999999999971
184971, 25668.9500,  3, 452.03, 25.599999999998545
184985, 25670.4500,  3, 492.01, 27.06999999999971
185009, 25673.0200,  3, 462.60, 29.61999999999898
185031, 25675.3800,  3, 485.37, 32.02000000000044
185038, 25676.1300,  3, 609.94, 32.72999999999956
185177, 25705.3600,  1, 57.94, 14.790000000000873
185177, 25705.3600,  1, 84.65, 14.790000000000873
185281, 25716.5100,  3, 506.91, 25.86999999999898
185288, 25717.2600,  3, 543.44, 26.68000000000029
185299, 25718.4400,  3, 536.16, 27.799999999999272
185350, 25723.9000,  3, 530.78, 33.2400000000016
185364, 25725.4000,  3, 635.98, 34.81000000000131
185429, 25732.3600,  3, 643.75, 41.70000000000073
185533, 25757.8600,  1, -25.61, 11.029999999998836
185541, 25758.7200,  1, 60.75, 11.889999999999418
185659, 25771.3600,  3, 474.34, 24.429999999996653
185675, 25773.0800,  3, 561.64, 26.239999999997963
185683, 25773.9400,  3, 454.69, 27.099999999998545
185699, 25775.6500,  3, 551.99, 28.739999999997963
185700, 25775.7600,  3, 485.00, 28.839999999996508
185736, 25779.6100,  3, 509.66, 32.68999999999869
185878, 25809.3500,  1, 32.75, 15.109999999996944
185898, 25811.4900,  1, 117.05, 17.25
185939, 25815.8800,  3, 438.58, 21.56999999999971
185943, 25816.3100,  3, 456.32, 21.989999999997963
185955, 25817.6000,  3, 513.95, 23.32999999999811
185976, 25819.8500,  3, 486.51, 25.599999999998545
185988, 25821.1300,  3, 568.30, 26.849999999998545
186001, 25822.5200,  3, 573.10, 28.2699999999968
186122, 25849.8300,  1, 111.97, 12.850000000002183
186122, 25849.8300,  1, 66.63, 12.850000000002183
186189, 25857.0100,  3, 484.15, 20.010000000002037
186217, 25860.0100,  3, 546.54, 22.93000000000029
186224, 25860.7600,  3, 524.33, 23.68000000000029
186239, 25862.3600,  3, 562.98, 25.279999999998836
186264, 25865.0400,  3, 591.28, 28.049999999999272
186372, 25876.6100,  3, 601.21, 39.54000000000087
186522, 25907.2400,  1, 84.74, 15.970000000001164
186522, 25907.2400,  1, 50.53, 15.970000000001164
186527, 25907.7700,  1, 104.69, 16.5
186597, 25915.2700,  3, 546.63, 23.919999999998254
186625, 25918.2700,  3, 467.45, 26.959999999999127
186664, 25922.4500,  3, 557.19, 31.099999999998545
186667, 25922.7700,  3, 580.13, 31.43000000000029
186670, 25923.1000,  3, 478.17, 31.790000000000873
186788, 25950.0100,  1, 90.61, 12.539999999997235
186788, 25950.0100,  1, 60.48, 12.539999999997235
186885, 25960.4000,  3, 519.17, 22.919999999998254
186910, 25963.0800,  3, 493.15, 25.5099999999984
186925, 25964.6900,  3, 516.81, 27.11999999999898
186959, 25968.3300,  3, 485.87, 30.75
186971, 25969.6100,  3, 481.02, 32.06999999999971
186981, 25970.6900,  3, 468.39, 33.11999999999898
187180, 26006.4900,  3, 489.67, 21.18000000000029
187201, 26008.7400,  3, 498.48, 23.419999999998254
187235, 26012.3800,  3, 438.39, 27.020000000000437
187248, 26013.7700,  3, 533.57, 28.489999999997963
187254, 26014.4200,  3, 515.92, 29.06999999999971
187260, 26015.0600,  3, 476.63, 29.68999999999869
187261, 26015.1700,  3, 555.73, 29.860000000000582
187431, 26033.3800,  3, 488.04, 48.06000000000131
187578, 26063.4400,  1, 75.42, 15.639999999999418
187664, 26072.6500,  3, 535.64, 24.830000000001746
187677, 26074.0400,  3, 478.96, 26.220000000001164
187679, 26074.2600,  3, 453.98, 26.389999999999418
187710, 26077.5800,  3, 619.25, 29.760000000002037
187727, 26079.4000,  3, 501.67, 31.540000000000873
187727, 26079.4000,  3, 536.15, 31.580000000001746
187751, 26081.9700,  3, 526.89, 34.06999999999971
187945, 26117.1300,  3, 441.54, 20.56999999999971
187952, 26117.8800,  3, 479.27, 21.32999999999811
187999, 26122.9200,  1, 82.66, 26.469999999997526
188004, 26123.4500,  3, 460.80, 26.969999999997526
188014, 26124.5200,  3, 416.39, 28.0099999999984
188026, 26125.8100,  3, 465.79, 29.2599999999984
188027, 26125.9200,  3, 609.29, 29.43000000000029
188122, 26136.1000,  3, 425.91, 39.56999999999971
188256, 26164.5400,  1, 1.02, 14.2400000000016
188359, 26175.5800,  3, 510.39, 25.270000000000437
188361, 26175.7900,  3, 467.17, 25.459999999999127
188367, 26176.4400,  3, 437.71, 26.030000000002474
188403, 26180.2900,  3, 463.24, 29.909999999999854
188405, 26180.5100,  3, 452.32, 30.100000000002183
188535, 26194.4400,  3, 614.99, 44.030000000002474
188590, 26200.3300,  2, 294.99,  50
188796, 26236.8100,  1, 113.97, 21.860000000000582
188814, 26238.7400,  3, 546.07, 23.709999999999127
188826, 26240.0200,  3, 434.68, 25.020000000000437
188844, 26241.9500,  3, 491.03, 26.950000000000728
188849, 26242.4900,  3, 421.97, 27.520000000000437
188854, 26243.0200,  3, 500.62, 28.029999999998836
188878, 26245.6000,  3, 483.58, 30.57999999999811
188914, 26249.4500,  3, 515.02, 34.43999999999869
189139, 26288.1300,  3, 500.80, 23.94000000000233
189150, 26289.3100,  3, 509.87, 25.150000000001455
189151, 26289.4200,  3, 445.25, 25.19000000000233
189163, 26290.7000,  3, 469.81, 26.470000000001164
189164, 26290.8100,  3, 493.39, 26.600000000002183
189164, 26290.8100,  3, 432.43, 26.56999999999971
189202, 26294.8800,  3, 397.13, 30.709999999999127
189206, 26295.3100,  3, 468.25, 31.110000000000582
189301, 26319.7900,  1, -41.01, 10.06000000000131
189301, 26319.7900,  1, -46.95, 10.06000000000131
189359, 26326.0100,  1, 59.55, 16.279999999998836
189443, 26335.0100,  3, 501.10, 25.270000000000437
189451, 26335.8600,  3, 410.28, 26.100000000002183
189502, 26341.3300,  3, 651.68, 31.549999999999272
189522, 26343.4700,  3, 497.69, 33.63999999999942
189525, 26343.7900,  3, 501.64, 34.0
189726, 26379.8500,  3, 436.83, 21.410000000003492
189743, 26381.6700,  3, 403.66, 23.210000000002765
189770, 26384.5600,  3, 452.28, 26.13000000000102
189781, 26385.7400,  3, 399.09, 27.2300000000032
189783, 26385.9500,  3, 453.73, 27.460000000002765
189784, 26386.0600,  3, 514.33, 27.570000000003347
189794, 26387.1300,  3, 450.55, 28.600000000002183
189808, 26388.6300,  3, 531.79, 30.110000000000582
189953, 26418.6700,  1, 114.50, 15.429999999996653
189953, 26418.6700,  1, 56.47, 15.429999999996653
190036, 26427.5600,  3, 467.68, 24.289999999997235
190037, 26427.6700,  3, 454.61, 24.32999999999811
190038, 26427.7700,  3, 467.05, 24.479999999999563
190042, 26428.2000,  3, 471.57, 24.929999999996653
190065, 26430.6700,  3, 448.76, 27.31999999999971
190065, 26430.6700,  3, 425.04, 27.349999999998545
190181, 26457.5600,  1, 75.37, 12.319999999999709
190181, 26457.5600,  1, 43.74, 12.319999999999709
190193, 26458.8500,  1, 19.32, 13.609999999996944
190296, 26469.8800,  3, 522.62, 24.599999999998545
190308, 26471.1700,  3, 510.18, 25.840000000000146
190310, 26471.3800,  1, 104.96, 26.139999999999418
190367, 26477.4900,  3, 525.30, 32.18999999999869
190421, 26483.2700,  3, 536.52, 37.93999999999869
190541, 26510.5400,  1, 93.43, 12.7400000000016
190541, 26510.5400,  1, 47.60, 12.7400000000016
190631, 26520.1900,  3, 460.62, 22.36999999999898
190660, 26523.2900,  3, 538.61, 25.42000000000189
190660, 26523.2900,  3, 450.33, 25.400000000001455
190664, 26523.7200,  3, 523.35, 25.850000000002183
190674, 26524.7900,  3, 477.21, 26.950000000000728
190698, 26527.3600,  3, 502.11, 29.5
190893, 26562.6300,  3, 474.00, 20.720000000001164
190900, 26563.3800,  3, 469.63, 21.450000000000728
190912, 26564.6700,  3, 502.09, 22.790000000000873
190917, 26565.2000,  3, 523.65, 23.340000000000146
190934, 26567.0200,  3, 532.29, 25.159999999999854
190953, 26569.0600,  3, 496.22, 27.150000000001455
191029, 26577.2000,  3, 598.72, 35.31000000000131
191037, 26578.0600,  3, 610.50, 36.17000000000189
191175, 26607.3600,  1, 79.15, 14.670000000001892
191190, 26608.9700,  1, 103.71, 16.280000000002474
191194, 26609.4000,  1, 20.01, 16.710000000002765
191214, 26611.5400,  3, 443.04, 18.840000000000146
191308, 26621.6100,  3, 486.42, 28.909999999999854
191308, 26621.6100,  3, 510.46, 28.88000000000102
191356, 26626.7600,  3, 556.89, 33.970000000001164
191505, 26642.7200,  2, 481.74,  50
191633, 26670.8800,  1, 26.82, 13.5
191633, 26670.8800,  1, 103.38, 13.5
191720, 26680.2000,  3, 505.75, 22.75
191733, 26681.6000,  3, 471.27, 24.200000000000728
191737, 26682.0200,  3, 504.65, 24.539999999997235
191774, 26685.9900,  3, 575.22, 28.5
191786, 26687.2700,  3, 492.45, 29.840000000000146
191789, 26687.6000,  3, 479.81, 30.110000000000582
191856, 26709.4500,  1, -42.60, 7.06000000000131
191872, 26711.1700,  1, 2.33, 8.779999999998836
191872, 26711.1700,  1, 9.19, 8.779999999998836
191898, 26713.9500,  1, 40.41, 11.56000000000131
191939, 26718.3500,  1, 37.23, 15.959999999999127
192058, 26731.1000,  3, 537.04, 28.639999999999418
192068, 26732.1700,  3, 615.16, 29.709999999999127
192102, 26735.8100,  3, 654.28, 33.35000000000218
192194, 26759.9700,  1, 47.23, 9.75
192194, 26759.9700,  1, -43.86, 9.75
192294, 26770.6900,  3, 442.70, 20.43000000000029
192317, 26773.1500,  3, 507.10, 22.860000000000582
192319, 26773.3600,  3, 472.66, 23.099999999998545
192372, 26779.0400,  3, 522.34, 28.729999999999563
192394, 26781.4000,  3, 546.36, 31.099999999998545
192397, 26781.7200,  3, 599.68, 31.399999999997817
192505, 26807.5800,  1, 45.20, 11.460000000002765
192605, 26818.2900,  3, 489.30, 22.110000000000582
192613, 26819.1500,  3, 494.88, 22.979999999999563
192628, 26820.7600,  3, 558.28, 24.600000000002183
192634, 26821.4000,  1, -23.38, 25.280000000002474
192656, 26823.7600,  3, 468.88, 27.580000000001746
192660, 26824.1900,  3, 537.66, 27.970000000001164
192661, 26824.2900,  3, 570.79, 28.150000000001455
192864, 26860.0800,  3, 504.30, 21.610000000000582
192914, 26865.4400,  3, 576.39, 26.93000000000029
192931, 26867.2600,  3, 540.11, 28.770000000000437
192934, 26867.5800,  1, 80.35, 29.150000000001455
192942, 26868.4400,  3, 520.09, 29.989999999997963
192968, 26871.2200,  3, 509.52, 32.77000000000044
192988, 26873.3600,  3, 493.22, 34.88999999999942
192995, 26874.1100,  3, 532.16, 35.63000000000102
193124, 26902.2200,  1, 31.49, 13.720000000001164
193129, 26902.7600,  1, 93.95, 14.2599999999984
193129, 26902.7600,  1, 69.29, 14.2599999999984
193190, 26909.2900,  1, 40.88, 20.790000000000873
193233, 26913.9000,  3, 461.46, 25.349999999998545
193234, 26914.0100,  3, 575.74, 25.4900000000016
193284, 26919.3600,  3, 601.08, 30.770000000000437
193463, 26938.5400,  2, 504.75,  50
193546, 26961.9500,  1, -7.34, 8.670000000001892
193546, 26961.9500,  1, 13.47, 8.670000000001892
193597, 26967.4200,  1, 7.19, 14.139999999999418
193597, 26967.4200,  1, 66.40, 14.139999999999418
193669, 26975.1300,  3, 506.01, 21.81000000000131
193697, 26978.1300,  3, 434.44, 24.840000000000146
193713, 26979.8500,  3, 565.25, 26.530000000002474
193853, 26994.8500,  3, 447.55, 41.5
193944, 27019.1900,  1, -32.89, 9.649999999997817
193944, 27019.1900,  1, 20.91, 9.649999999997817
194064, 27032.0400,  3, 470.19, 22.459999999999127
194091, 27034.9400,  3, 528.45, 25.32999999999811
194130, 27039.1100,  3, 605.74, 29.469999999997526
194155, 27041.7900,  3, 542.13, 32.18000000000029
194183, 27044.7900,  3, 664.42, 35.169999999998254
194218, 27048.5400,  3, 691.43, 38.95000000000073
194303, 27072.0100,  1, 3.47, 9.0
194303, 27072.0100,  1, 41.56, 9.0
194312, 27072.9700,  1, 44.93, 9.960000000002765
194436, 27086.2600,  1, -7.83, 23.25
194459, 27088.7200,  3, 491.26, 25.640000000003056
194462, 27089.0400,  3, 537.80, 25.9800000000032
194495, 27092.5800,  3, 565.55, 29.530000000002474
194541, 27097.5100,  3, 610.04, 34.45000000000073
194634, 27121.7900,  1, 47.98, 9.850000000002183
194634, 27121.7900,  1, 65.23, 9.850000000002183
194640, 27122.4400,  1, 20.58, 10.5
194668, 27125.4400,  1, 60.40, 13.5
194726, 27131.6500,  3, 429.23, 19.700000000000728
194731, 27132.1900,  3, 482.80, 20.17000000000189
194787, 27138.1900,  3, 496.76, 26.210000000002765
194832, 27143.0100,  3, 456.34, 30.970000000001164
194975, 27172.9000,  1, -5.67, 15.210000000002765
195034, 27179.2200,  1, 17.68, 21.530000000002474
195042, 27180.0800,  3, 428.24, 22.360000000000582
195045, 27180.4000,  3, 510.23, 22.69000000000233
195099, 27186.1900,  3, 531.32, 28.400000000001455
195104, 27186.7200,  3, 574.30, 28.950000000000728
195128, 27189.2900,  1, 87.16, 31.600000000002183
195168, 27193.5800,  3, 659.91, 35.830000000001746
195243, 27215.7900,  1, -30.46, 7.930000000000291
195243, 27215.7900,  1, -18.53, 7.930000000000291
195297, 27221.5800,  1, 47.10, 13.720000000001164
195297, 27221.5800,  1, 77.66, 13.720000000001164
195378, 27230.2600,  3, 505.14, 22.299999999999272
195442, 27237.1100,  3, 505.74, 29.239999999997963
195459, 27238.9400,  3, 521.81, 31.020000000000437
195466, 27239.6900,  3, 558.70, 31.7599999999984
195573, 27265.2700,  1, 46.47, 11.360000000000582
195573, 27265.2700,  1, 56.75, 11.360000000000582
195624, 27270.7400,  1, 110.12, 16.830000000001746
195624, 27270.7400,  1, 56.97, 16.830000000001746
195692, 27278.0200,  3, 487.56, 24.06000000000131
195725, 27281.5600,  3, 402.93, 27.590000000000146
195731, 27282.2000,  3, 495.73, 28.209999999999127
195735, 27282.6300,  3, 519.73, 28.68999999999869
195854, 27309.9500,  1, 109.23, 12.639999999999418
195854, 27309.9500,  1, -0.98, 12.639999999999418
195877, 27312.4200,  1, 56.51, 15.109999999996944
195877, 27312.4200,  1, 159.68, 15.109999999996944
195931, 27318.2000,  1, 79.20, 20.889999999999418
195975, 27322.9200,  3, 488.06, 25.57999999999811
195978, 27323.2400,  3, 528.37, 25.919999999998254
196069, 27332.9900,  3, 652.01, 35.590000000000146
196137, 27354.6900,  1, -8.57, 7.180000000000291
196137, 27354.6900,  1, -40.91, 7.180000000000291
196268, 27368.7200,  3, 547.21, 21.19000000000233
196331, 27375.4700,  3, 537.76, 27.93000000000029
196343, 27376.7600,  3, 478.12, 29.150000000001455
196388, 27381.5800,  3, 592.59, 34.030000000002474
196401, 27382.9700,  3, 490.67, 35.36000000000058
196429, 27385.9700,  3, 844.04, 38.42000000000189
196628, 27421.6100,  3, 499.62, 21.12999999999738
196659, 27424.9400,  3, 505.52, 24.44999999999709
196670, 27426.1100,  3, 497.25, 25.639999999999418
196686, 27427.8300,  3, 506.25, 27.419999999998254
196693, 27428.5800,  3, 505.63, 28.149999999997817
196717, 27431.1500,  3, 600.77, 30.669999999998254
196748, 27434.4700,  3, 556.08, 34.039999999997235
196751, 27434.7900,  3, 555.95, 34.349999999998545
196862, 27461.0600,  1, 76.22, 11.790000000000873
196862, 27461.0600,  1, -18.07, 11.790000000000873
196974, 27473.0600,  3, 507.72, 23.770000000000437
196974, 27473.0600,  3, 487.68, 23.7599999999984
196985, 27474.2400,  3, 497.49, 24.959999999999127
196987, 27474.4500,  3, 485.98, 25.13000000000102
196992, 27474.9900,  3, 509.96, 25.63000000000102
196994, 27475.2000,  3, 565.68, 25.919999999998254
197102, 27501.3800,  1, 17.66, 11.460000000002765
197102, 27501.3800,  1, -9.53, 11.460000000002765
197122, 27503.5200,  1, 37.61, 13.600000000002183
197216, 27513.6000,  3, 526.31, 23.67000000000189
197226, 27514.6700,  3, 551.28, 24.69000000000233
197260, 27518.3100,  3, 553.12, 28.290000000000873
197273, 27519.7000,  3, 456.23, 29.69000000000233
197300, 27522.6000,  3, 561.30, 32.60000000000218
197471, 27555.4900,  1, 0.57, 18.210000000002765
197471, 27555.4900,  1, 165.39, 18.210000000002765
197515, 27560.2000,  3, 529.94, 22.850000000002183
197521, 27560.8500,  3, 488.87, 23.530000000002474
197541, 27562.9900,  3, 506.66, 25.69000000000233
197557, 27564.7000,  3, 502.68, 27.360000000000582
197575, 27566.6300,  3, 547.02, 29.280000000002474
197597, 27568.9900,  3, 493.84, 31.67000000000189
197675, 27591.8800,  1, -7.11, 8.25
197675, 27591.8800,  1, -43.99, 8.25
197696, 27594.1300,  1, 29.43, 10.5
197717, 27596.3800,  1, 33.23, 12.75
197717, 27596.3800,  1, 94.83, 12.75
197806, 27605.9200,  3, 532.93, 22.239999999997963
197850, 27610.6300,  3, 453.43, 26.950000000000728
197869, 27612.6700,  3, 595.57, 28.989999999997963
197934, 27634.2200,  1, -48.53, 6.850000000002183
197934, 27634.2200,  1, -47.86, 6.850000000002183
197947, 27635.6100,  1, -13.90, 8.2400000000016
197947, 27635.6100,  1, -19.94, 8.2400000000016
198031, 27644.6100,  1, 214.89, 17.2400000000016
198031, 27644.6100,  1, 191.49, 17.2400000000016
198108, 27652.8600,  3, 475.67, 25.400000000001455
198125, 27654.6900,  3, 442.90, 27.299999999999272
198217, 27678.7400,  1, -34.30, 9.75
198217, 27678.7400,  1, -15.51, 9.75
198345, 27692.4500,  3, 477.11, 23.429999999996653
198364, 27694.4900,  3, 462.02, 25.399999999997817
198370, 27695.1300,  1, 45.45, 26.139999999999418
198374, 27695.5600,  3, 531.82, 26.529999999998836
198396, 27697.9200,  3, 468.12, 28.86999999999898
198404, 27698.7700,  3, 513.38, 29.739999999997963
198628, 27737.0800,  3, 501.04, 23.88000000000102
198639, 27738.2600,  3, 560.51, 25.0099999999984
198641, 27738.4700,  3, 513.24, 25.18999999999869
198648, 27739.2200,  3, 577.92, 25.950000000000728
198676, 27742.2200,  3, 433.17, 28.93999999999869
198683, 27742.9700,  3, 514.87, 29.720000000001164
198696, 27744.3600,  3, 636.64, 31.150000000001455
198702, 27745.0100,  3, 547.12, 31.790000000000873
198776, 27767.4400,  1, -13.60, 7.819999999999709
198776, 27767.4400,  1, -32.74, 7.819999999999709
198852, 27775.5800,  1, 53.17, 15.960000000002765
198900, 27780.7200,  3, 455.02, 21.090000000000146
198968, 27788.0100,  3, 484.27, 28.290000000000873
198982, 27789.5100,  3, 501.60, 29.840000000000146
199001, 27791.5400,  3, 583.16, 31.88000000000102
199170, 27809.6500,  2, 272.46,  50
199307, 27838.6000,  1, 52.83, 14.469999999997526
199310, 27838.9200,  1, 138.39, 14.789999999997235
199310, 27838.9200,  1, 71.91, 14.789999999997235
199396, 27848.1300,  3, 487.81, 23.899999999997817
199401, 27848.6700,  1, 109.11, 24.539999999997235
199413, 27849.9500,  3, 492.64, 25.799999999999272
199432, 27851.9900,  3, 468.56, 27.840000000000146
199547, 27864.3100,  3, 627.77, 40.11999999999898
199649, 27889.5400,  1, -12.15, 10.81000000000131
199649, 27889.5400,  1, -52.26, 10.81000000000131
199763, 27901.7600,  3, 504.50, 23.010000000002037
199782, 27903.7900,  3, 552.49, 24.9900000000016
199787, 27904.3300,  3, 488.90, 25.56999999999971
199825, 27908.4000,  3, 549.62, 29.600000000002183
199829, 27908.8300,  3, 532.41, 30.0
199956, 27922.4400,  3, 492.54, 43.61000000000058
200118, 27954.2200,  1, 10.38, 17.25
200168, 27959.5800,  3, 497.39, 22.57999999999811
200190, 27961.9400,  3, 481.04, 24.909999999999854
200190, 27961.9400,  3, 504.85, 24.889999999999418
200233, 27966.5400,  1, 15.17, 29.56999999999971
200240, 27967.2900,  3, 620.05, 30.289999999997235
200258, 27969.2200,  3, 611.41, 32.169999999998254
200291, 27972.7600,  3, 581.04, 35.719999999997526
200383, 27997.0100,  1, 35.97, 9.75
200383, 27997.0100,  1, 12.81, 9.75
200502, 28009.7600,  3, 533.68, 22.470000000001164
200518, 28011.4700,  1, 71.79, 24.210000000002765
200551, 28015.0100,  3, 456.33, 27.650000000001455
200573, 28017.3600,  3, 563.32, 30.010000000002037
200642, 28024.7600,  3, 637.03, 37.43000000000029
200750, 28036.3300,  3, 428.99, 48.960000000002765
200835, 28059.7600,  1, -54.64, 9.0099999999984
200835, 28059.7600,  1, -19.88, 9.0099999999984
200943, 28071.3300,  3, 499.30, 20.520000000000437
200953, 28072.4000,  3, 445.49, 21.56999999999971
200972, 28074.4400,  3, 507.83, 23.590000000000146
200982, 28075.5100,  3, 531.41, 24.7400000000016
201002, 28077.6500,  3, 538.93, 26.799999999999272
201004, 28077.8600,  3, 566.16, 27.090000000000146
201125, 28105.3600,  1, -2.51, 12.850000000002183
201125, 28105.3600,  1, 87.59, 12.850000000002183
201190, 28112.3300,  3, 467.52, 19.770000000000437
201220, 28115.5400,  3, 459.93, 22.950000000000728
201234, 28117.0400,  3, 495.40, 24.43000000000029
201262, 28120.0400,  3, 503.77, 27.520000000000437
201279, 28121.8600,  3, 493.09, 29.31000000000131
201381, 28132.7900,  3, 505.98, 40.220000000001164
201574, 28167.9900,  1, 76.19, 20.580000000001746
201606, 28171.4200,  3, 557.58, 23.9900000000016
201612, 28172.0600,  3, 462.09, 24.56000000000131
201622, 28173.1300,  3, 428.24, 25.63000000000102
201633, 28174.3100,  3, 543.62, 26.849999999998545
201636, 28174.6300,  3, 489.88, 27.13000000000102
201692, 28180.6300,  3, 497.82, 33.17000000000189
201732, 28184.9200,  3, 710.71, 37.409999999999854
201867, 28213.5200,  1, 57.06, 14.360000000000582
201867, 28213.5200,  1, 116.64, 14.360000000000582
201959, 28223.3800,  3, 580.86, 24.110000000000582
201974, 28224.9900,  3, 450.28, 25.7599999999984
201976, 28225.2000,  3, 528.53, 25.979999999999563
202016, 28229.4900,  3, 616.19, 30.31999999999971
202136, 28242.3500,  3, 523.41, 43.090000000000146
202200, 28249.2000,  2, 568.94,  50
202272, 28271.2200,  1, -56.60, 7.5
202272, 28271.2200,  1, -35.44, 7.5
202362, 28280.8600,  1, 73.28, 17.139999999999418
202432, 28288.3600,  3, 532.45, 24.61999999999898
202448, 28290.0800,  3, 566.02, 26.270000000000437
202454, 28290.7200,  3, 486.53, 26.919999999998254
202476, 28293.0800,  3, 520.24, 29.30999999999767
202479, 28293.4000,  3, 652.65, 29.639999999999418
202607, 28321.6900,  1, 132.80, 13.609999999996944
202607, 28321.6900,  1, 19.35, 13.609999999996944
202619, 28322.9700,  1, 154.67, 14.889999999999418
202619, 28322.9700,  1, 131.08, 14.889999999999418
202683, 28329.8300,  3, 446.96, 21.639999999999418
202710, 28332.7200,  3, 495.80, 24.61999999999898
202713, 28333.0400,  3, 510.58, 24.93999999999869
202788, 28341.0800,  3, 522.43, 32.94999999999709
202972, 28374.7400,  3, 488.21, 19.590000000000146
203001, 28377.8500,  1, 86.02, 22.719999999997526
203021, 28379.9900,  3, 507.70, 24.770000000000437
203084, 28386.7400,  3, 584.50, 31.590000000000146
203095, 28387.9200,  3, 559.71, 32.72999999999956
203108, 28389.3100,  3, 633.63, 34.159999999999854
203137, 28392.4200,  3, 421.15, 37.23999999999796
203256, 28405.1700,  2, 32.80,  50
203482, 28443.4400,  3, 552.14, 23.950000000000728
203486, 28443.8600,  3, 446.41, 24.409999999999854
203495, 28444.8300,  3, 529.86, 25.350000000002183
203512, 28446.6500,  3, 495.27, 27.110000000000582
203522, 28447.7200,  3, 599.28, 28.229999999999563
203526, 28448.1500,  3, 454.91, 28.600000000002183
203551, 28450.8300,  3, 533.86, 31.330000000001746
203594, 28455.4400,  3, 458.60, 35.93000000000029
203760, 28487.6700,  1, 142.85, 17.679999999996653
203799, 28491.8500,  3, 457.37, 21.789999999997235
203813, 28493.3500,  3, 543.82, 23.279999999998836
203843, 28496.5600,  3, 464.63, 26.5
203852, 28497.5200,  3, 452.47, 27.44999999999709
203862, 28498.6000,  3, 526.62, 28.549999999999272
203878, 28500.3100,  3, 564.57, 30.279999999998836
203884, 28500.9500,  3, 502.34, 30.86999999999898
204075, 28535.8100,  3, 491.68, 20.30999999999767
204091, 28537.5200,  3, 542.16, 22.0
204095, 28537.9500,  3, 496.83, 22.479999999999563
204100, 28538.4900,  3, 515.09, 23.029999999998836
204112, 28539.7700,  3, 467.05, 24.30999999999767
204120, 28540.6300,  3, 460.19, 25.149999999997817
204125, 28541.1700,  3, 490.08, 25.649999999997817
204126, 28541.2700,  3, 507.19, 25.739999999997963
204264, 28570.1700,  1, 153.13, 14.679999999996653
204264, 28570.1700,  1, 98.27, 14.679999999996653
204345, 28578.8500,  3, 480.08, 23.289999999997235
204368, 28581.3100,  1, 124.03, 25.81999999999971
204396, 28584.3100,  3, 562.19, 28.719999999997526
204407, 28585.4900,  3, 556.84, 29.989999999997963
204572, 28603.1700,  3, 443.07, 47.64999999999782
204594, 28605.5200,  2, 662.83,  50
204799, 28642.0400,  3, 525.14, 21.729999999999563
204803, 28642.4700,  3, 497.15, 22.090000000000146
204832, 28645.5800,  3, 581.02, 25.270000000000437
204836, 28646.0100,  3, 533.71, 25.68999999999869
204838, 28646.2200,  3, 500.18, 25.919999999998254
204849, 28647.4000,  3, 512.59, 27.07999999999811
204895, 28652.3300,  3, 504.31, 32.0
204905, 28653.4000,  3, 691.24, 33.0099999999984
205074, 28685.9700,  1, 202.77, 18.0
205074, 28685.9700,  1, 97.05, 18.0
205126, 28691.5400,  3, 567.57, 23.55999999999767
205138, 28692.8300,  3, 510.65, 24.82999999999811
205146, 28693.6900,  3, 437.72, 25.68999999999869
205157, 28694.8600,  3, 476.90, 26.87999999999738
205184, 28697.7600,  3, 545.72, 29.719999999997526
205305, 28710.7200,  3, 620.14, 42.64999999999782
205420, 28737.2900,  1, 106.12, 12.209999999999127
205420, 28737.2900,  1, 57.85, 12.209999999999127
205467, 28742.3300,  1, 34.21, 17.25
205524, 28748.4400,  3, 514.90, 23.2699999999968
205528, 28748.8600,  3, 560.80, 23.7699999999968
205563, 28752.6100,  3, 577.42, 27.5
205571, 28753.4700,  3, 507.55, 28.339999999996508
205584, 28754.8600,  1, 135.12, 29.779999999998836
205738, 28785.8300,  1, 89.17, 16.280000000002474
205787, 28791.0800,  3, 497.73, 21.450000000000728
205818, 28794.4000,  3, 484.93, 24.840000000000146
205839, 28796.6500,  3, 500.93, 27.030000000002474
205840, 28796.7600,  3, 527.02, 27.11999999999898
205844, 28797.1900,  3, 518.23, 27.56000000000131
205853, 28798.1500,  3, 501.26, 28.580000000001746
205859, 28798.7900,  3, 515.07, 29.200000000000728
205959, 28824.0200,  1, 15.55, 10.610000000000582
206042, 28832.9200,  1, 161.13, 19.5099999999984
206053, 28834.1000,  3, 543.34, 20.590000000000146
206071, 28836.0200,  3, 504.36, 22.540000000000873
206072, 28836.1300,  3, 575.54, 22.61999999999898
206076, 28836.5600,  3, 505.17, 23.06999999999971
206176, 28847.2700,  3, 539.40, 33.830000000001746
206229, 28852.9500,  3, 524.42, 39.45000000000073
206433, 28889.1700,  3, 451.17, 21.650000000001455
206471, 28893.2400,  1, 14.22, 25.830000000001746
206482, 28894.4200,  3, 536.84, 26.9900000000016
206504, 28896.7700,  3, 523.76, 29.279999999998836
206519, 28898.3800,  3, 639.73, 30.909999999999854
206567, 28903.5200,  3, 668.72, 36.090000000000146
206596, 28906.6300,  3, 631.97, 39.13999999999942
206697, 28917.4500,  2, 301.43,  50
206846, 28947.6900,  1, 72.83, 15.75
206881, 28951.4400,  3, 450.46, 19.479999999999563
206884, 28951.7600,  1, 274.03, 19.81999999999971
206884, 28951.7600,  1, 166.52, 19.81999999999971
206937, 28957.4400,  3, 560.99, 25.4900000000016
206955, 28959.3600,  3, 559.77, 27.38000000000102
207025, 28966.8600,  3, 506.32, 34.87000000000262
207030, 28967.4000,  3, 673.74, 35.400000000001455
207146, 28994.4500,  1, 24.24, 12.31000000000131
207262, 29006.8800,  3, 561.73, 24.709999999999127
207272, 29007.9500,  3, 510.40, 25.760000000002037
207273, 29008.0600,  3, 525.47, 25.88000000000102
207288, 29009.6700,  3, 515.07, 27.520000000000437
207316, 29012.6700,  3, 552.40, 30.520000000000437
207375, 29018.9900,  3, 588.82, 36.79999999999927
207392, 29020.8100,  3, 629.69, 38.61000000000058
207544, 29051.6500,  1, 51.36, 16.17000000000189
207589, 29056.4700,  1, 165.16, 20.9900000000016
207617, 29059.4700,  3, 529.91, 23.93999999999869
207627, 29060.5400,  3, 493.32, 24.979999999999563
207650, 29063.0100,  3, 525.75, 27.520000000000437
207657, 29063.7600,  3, 460.64, 28.2400000000016
207660, 29064.0800,  3, 469.08, 28.590000000000146
207666, 29064.7200,  3, 530.38, 29.18999999999869
207775, 29090.7000,  1, 61.82, 11.569999999999709
207775, 29090.7000,  1, 70.07, 11.569999999999709
207901, 29104.2000,  3, 607.98, 25.039999999997235
207908, 29104.9500,  3, 590.09, 25.739999999997963
207925, 29106.7700,  3, 481.54, 27.57999999999811
207944, 29108.8100,  3, 535.28, 29.669999999998254
207957, 29110.2000,  3, 445.79, 31.049999999999272
208021, 29117.0600,  3, 648.22, 37.81999999999971
208107, 29140.8300,  1, -65.88, 9.100000000002183
208148, 29145.2200,  1, 95.29, 13.4900000000016
208148, 29145.2200,  1, 108.00, 13.4900000000016
208163, 29146.8300,  1, 42.05, 15.100000000002183
208200, 29150.7900,  3, 422.97, 19.040000000000873
208246, 29155.7200,  3, 485.59, 23.88000000000102
208307, 29162.2600,  3, 599.51, 30.470000000001164
208381, 29170.1900,  3, 523.11, 38.35000000000218
208599, 29207.8500,  3, 503.18, 23.220000000001164
208611, 29209.1300,  3, 511.11, 24.460000000002765
208614, 29209.4500,  3, 524.58, 24.81999999999971
208622, 29210.3100,  3, 562.36, 25.650000000001455
208629, 29211.0600,  3, 537.88, 26.44000000000233
208658, 29214.1700,  3, 594.05, 29.4900000000016
208672, 29215.6700,  3, 485.11, 31.06000000000131
208693, 29217.9200,  3, 629.58, 33.220000000001164
208912, 29255.4900,  3, 495.41, 23.25
208922, 29256.5600,  3, 578.33, 24.360000000000582
208938, 29258.2700,  3, 514.05, 26.100000000002183
208944, 29258.9200,  3, 500.66, 26.68000000000029
208950, 29259.5600,  1, 38.13, 27.42000000000189
208978, 29262.5600,  3, 662.51, 30.400000000001455
208980, 29262.7700,  3, 676.97, 30.56000000000131
209056, 29270.9200,  3, 596.02, 38.7400000000016
209209, 29301.5100,  1, 90.43, 16.289999999997235
209209, 29301.5100,  1, 85.56, 16.289999999997235
209226, 29303.3300,  1, 163.40, 18.110000000000582
209289, 29310.0800,  3, 441.88, 24.789999999997235
209312, 29312.5400,  3, 527.97, 27.279999999998836
209314, 29312.7600,  3, 619.61, 27.529999999998836
209331, 29314.5800,  3, 618.88, 29.340000000000146
209334, 29314.9000,  3, 531.56, 29.599999999998545
209496, 29346.6000,  1, 154.91, 17.2599999999984
209504, 29347.4500,  1, 107.67, 18.110000000000582
209504, 29347.4500,  1, 37.99, 18.110000000000582
209554, 29352.8100,  3, 500.37, 23.409999999999854
209638, 29361.8100,  3, 643.15, 32.38999999999942
209640, 29362.0200,  3, 530.00, 32.63000000000102
209646, 29362.6700,  3, 587.77, 33.279999999998836
209705, 29368.9900,  3, 494.09, 39.63999999999942
209825, 29396.4000,  1, 125.18, 12.75
209825, 29396.4000,  1, 89.06, 12.75
209834, 29397.3600,  1, 41.50, 13.709999999999127
209834, 29397.3600,  1, 57.77, 13.709999999999127
209914, 29405.9400,  3, 442.41, 22.229999999999563
209914, 29405.9400,  1, 74.82, 22.289999999997235
209934, 29408.0800,  3, 500.68, 24.359999999996944
209940, 29408.7200,  3, 601.24, 25.05999999999767
210135, 29443.9500,  3, 486.76, 20.87999999999738
210172, 29447.9200,  3, 509.91, 24.7599999999984
210185, 29449.3100,  1, 126.81, 26.25
210185, 29449.3100,  3, 539.68, 26.149999999997817
210188, 29449.6300,  3, 562.49, 26.5099999999984
210192, 29450.0600,  3, 543.05, 26.959999999999127
210207, 29451.6700,  3, 509.12, 28.590000000000146
210215, 29452.5200,  3, 530.09, 29.44999999999709
210358, 29482.1700,  1, 80.64, 15.219999999997526
210358, 29482.1700,  1, 154.74, 15.219999999997526
210443, 29491.2700,  3, 509.71, 24.219999999997526
210446, 29491.6000,  3, 518.16, 24.55999999999767
210451, 29492.1300,  3, 488.89, 25.06999999999971
210465, 29493.6300,  3, 535.73, 26.63000000000102
210465, 29493.6300,  3, 555.72, 26.649999999997817
210494, 29496.7400,  3, 577.02, 29.729999999999563
210640, 29526.7200,  1, 146.78, 15.530000000002474
210640, 29526.7200,  1, 47.56, 15.530000000002474
210642, 29526.9400,  1, 166.99, 15.75
210642, 29526.9400,  1, 44.66, 15.75
210692, 29532.2900,  3, 427.51, 21.030000000002474
210738, 29537.2200,  3, 528.23, 25.92000000000189
210769, 29540.5400,  3, 521.50, 29.31999999999971
210775, 29541.1900,  1, 74.89, 30.0
210888, 29567.6900,  1, 78.04, 11.899999999997817
210888, 29567.6900,  1, 62.09, 11.899999999997817
210904, 29569.4000,  1, 17.45, 13.610000000000582
210904, 29569.4000,  1, 180.53, 13.610000000000582
210990, 29578.6100,  3, 548.01, 22.790000000000873
211041, 29584.0800,  3, 567.64, 28.229999999999563
211048, 29584.8300,  3, 612.12, 28.979999999999563
211109, 29591.3600,  3, 508.25, 35.48999999999796
211306, 29626.9200,  3, 495.05, 20.93999999999869
211324, 29628.8500,  3, 480.03, 22.849999999998545
211327, 29629.1700,  3, 574.58, 23.17000000000189
211332, 29629.7000,  3, 484.72, 23.7599999999984
211336, 29630.1300,  3, 552.86, 24.18999999999869
211371, 29633.8800,  3, 506.99, 27.959999999999127
211373, 29634.1000,  3, 633.32, 28.099999999998545
211408, 29637.8500,  3, 575.76, 31.88000000000102
211541, 29666.5100,  1, 54.00, 14.139999999999418
211541, 29666.5100,  1, 105.63, 14.139999999999418
211600, 29672.8300,  3, 481.40, 20.400000000001455
211628, 29675.8300,  3, 520.37, 23.400000000001455
211632, 29676.2600,  3, 438.12, 23.860000000000582
211640, 29677.1100,  3, 477.34, 24.700000000000728
211656, 29678.8300,  3, 600.07, 26.400000000001455
211683, 29681.7200,  3, 491.24, 29.330000000001746
211818, 29710.4500,  1, 82.73, 14.360000000000582
211818, 29710.4500,  1, 66.43, 14.360000000000582
211874, 29716.4500,  3, 497.71, 20.32999999999811
211880, 29717.1000,  3, 460.55, 20.93000000000029
211916, 29720.9500,  3, 493.46, 24.799999999999272
211937, 29723.2000,  3, 581.02, 27.06000000000131
211985, 29728.3500,  3, 547.20, 32.22999999999956
212030, 29733.1700,  3, 664.62, 37.04999999999927
212134, 29758.5600,  1, -20.72, 11.030000000002474
212134, 29758.5600,  1, -19.26, 11.030000000002474
212182, 29763.7000,  1, 92.19, 16.17000000000189
212182, 29763.7000,  1, 127.42, 16.17000000000189
212250, 29770.9900,  3, 546.78, 23.42000000000189
212266, 29772.7000,  3, 584.65, 25.080000000001746
212289, 29775.1700,  3, 564.73, 27.530000000002474
212319, 29778.3800,  3, 528.00, 30.75
212529, 29815.1500,  3, 500.76, 22.350000000002183
212538, 29816.1100,  3, 510.76, 23.260000000002037
212540, 29816.3300,  3, 523.89, 23.540000000000873
212542, 29816.5400,  3, 486.68, 23.7400000000016
212545, 29816.8600,  3, 484.53, 24.05000000000291
212566, 29819.1100,  3, 535.81, 26.340000000000146
212585, 29821.1500,  3, 522.75, 28.30000000000291
212685, 29831.8600,  3, 524.75, 39.090000000000146
212912, 29870.6000,  3, 494.23, 24.18000000000029
212914, 29870.8100,  3, 575.30, 24.340000000000146
212925, 29871.9900,  3, 501.51, 25.580000000001746
212935, 29873.0600,  3, 545.90, 26.590000000000146
212949, 29874.5600,  3, 562.35, 28.110000000000582
212964, 29876.1700,  3, 548.95, 29.68000000000029
212981, 29877.9900,  3, 474.70, 31.4900000000016
213040, 29884.3100,  3, 443.23, 37.909999999999854
213157, 29911.1300,  1, -16.97, 12.420000000001892
213189, 29914.5600,  1, 92.32, 15.850000000002183
213189, 29914.5600,  1, 172.43, 15.850000000002183
213199, 29915.6300,  1, 14.85, 16.92000000000189
213253, 29921.4200,  1, 298.48, 22.709999999999127
213253, 29921.4200,  1, 188.98, 22.709999999999127
213285, 29924.8500,  3, 530.70, 26.06000000000131
213466, 29944.2400,  1, 17.51, 45.530000000002474
213583, 29971.2200,  1, 76.03, 12.319999999999709
213583, 29971.2200,  1, 82.54, 12.319999999999709
213714, 29985.2600,  3, 515.43, 26.25
213724, 29986.3300,  3, 524.98, 27.389999999999418
213730, 29986.9700,  3, 595.49, 27.969999999997526
213752, 29989.3300,  3, 572.04, 30.349999999998545
213775, 29991.7900,  3, 639.19, 32.87999999999738
213782, 29992.5400,  3, 516.89, 33.61999999999898
213913, 30020.9200,  1, 37.51, 13.929999999996653
213914, 30021.0200,  1, 53.93, 14.029999999998836
213914, 30021.0200,  1, 130.93, 14.029999999998836
213926, 30022.3100,  1, 175.92, 15.319999999999709
213926, 30022.3100,  1, 149.16, 15.319999999999709
214060, 30036.6700,  3, 515.02, 29.61999999999898
214077, 30038.4900,  3, 479.18, 31.389999999999418
214143, 30045.5600,  3, 434.95, 38.55999999999767
214303, 30076.9700,  1, 33.37, 17.030000000002474
214322, 30079.0100,  3, 434.38, 19.020000000000437
214356, 30082.6500,  3, 490.49, 22.610000000000582
214379, 30085.1100,  3, 489.58, 25.090000000000146
214393, 30086.6100,  3, 531.96, 26.63000000000102
214404, 30087.7900,  3, 506.87, 27.760000000002037
214406, 30088.0100,  3, 590.39, 28.06000000000131
214458, 30093.5800,  3, 515.10, 33.62000000000262
214577, 30120.6000,  1, 14.75, 12.649999999997817
214577, 30120.6000,  1, 70.98, 12.649999999997817
214611, 30124.2400,  1, 15.75, 16.290000000000873
214658, 30129.2700,  3, 468.88, 21.219999999997526
214701, 30133.8800,  3, 569.88, 25.889999999999418
214716, 30135.4900,  3, 615.66, 27.43999999999869
214729, 30136.8800,  3, 621.26, 28.919999999998254
214759, 30140.1000,  3, 515.41, 32.11000000000058
214865, 30165.7200,  1, 39.55, 11.2400000000016
214891, 30168.5100,  1, 24.35, 14.029999999998836
214891, 30168.5100,  1, 108.91, 14.029999999998836
214909, 30170.4400,  1, 56.47, 15.959999999999127
214984, 30178.4700,  3, 571.85, 23.979999999999563
215004, 30180.6100,  3, 596.74, 26.06999999999971
215023, 30182.6500,  3, 501.78, 28.090000000000146
215049, 30185.4400,  3, 511.38, 30.88000000000102
215227, 30219.0800,  3, 481.49, 18.899999999997817
215263, 30222.9400,  3, 497.33, 22.81999999999971
215275, 30224.2200,  3, 535.88, 24.020000000000437
215278, 30224.5400,  3, 534.93, 24.36999999999898
215288, 30225.6100,  3, 559.53, 25.459999999999127
215293, 30226.1500,  3, 548.23, 25.950000000000728
215302, 30227.1100,  3, 604.62, 26.989999999997963
215338, 30230.9700,  3, 549.59, 30.7599999999984
215431, 30255.2000,  1, -33.41, 9.860000000000582
215506, 30263.2400,  1, 83.40, 17.900000000001455
215550, 30267.9500,  3, 488.68, 22.56999999999971
215568, 30269.8800,  3, 479.29, 24.43999999999869
215596, 30272.8800,  3, 553.62, 27.5
215608, 30274.1700,  3, 496.08, 28.729999999999563
215627, 30276.2000,  3, 529.38, 30.81999999999971
215630, 30276.5200,  3, 601.17, 31.13000000000102
215723, 30300.7900,  1, 54.78, 9.860000000000582
215723, 30300.7900,  1, 26.76, 9.860000000000582
215746, 30303.2600,  1, 41.09, 12.329999999998108
215809, 30310.0100,  1, 64.01, 19.07999999999811
215872, 30316.7600,  3, 504.27, 25.799999999999272
215873, 30316.8600,  3, 485.12, 25.889999999999418
215883, 30317.9400,  3, 493.70, 26.989999999997963
215892, 30318.9000,  3, 526.25, 27.889999999999418
216015, 30346.2700,  1, -36.13, 13.06000000000131
216120, 30357.5200,  3, 474.61, 24.229999999999563
216132, 30358.8100,  3, 556.19, 25.580000000001746
216135, 30359.1300,  3, 515.58, 25.81000000000131
216146, 30360.3100,  3, 502.97, 27.040000000000873
216156, 30361.3800,  3, 604.90, 28.150000000001455
216178, 30363.7400,  3, 519.16, 30.479999999999563
216184, 30364.3800,  3, 466.38, 31.139999999999418
216389, 30400.6100,  3, 425.79, 21.75
216414, 30403.2900,  3, 543.51, 24.5
216421, 30404.0400,  3, 523.05, 25.210000000002765
216432, 30405.2200,  3, 502.85, 26.409999999999854
216441, 30406.1900,  3, 453.16, 27.409999999999854
216450, 30407.1500,  3, 540.08, 28.38000000000102
216458, 30408.0100,  3, 499.89, 29.18000000000029
216502, 30412.7200,  3, 615.52, 33.95000000000073
216628, 30440.4700,  1, 139.86, 13.389999999999418
216628, 30440.4700,  1, 13.90, 13.389999999999418
216713, 30449.5800,  3, 455.33, 22.469999999997526
216727, 30451.0800,  3, 493.24, 23.899999999997817
216781, 30456.8600,  3, 481.73, 29.679999999996653
216784, 30457.1900,  3, 556.35, 30.05999999999767
216786, 30457.4000,  3, 509.40, 30.299999999999272
216811, 30460.0800,  3, 588.17, 32.95999999999913
217026, 30497.1900,  3, 447.90, 22.889999999999418
217027, 30497.2900,  3, 490.84, 22.93999999999869
217039, 30498.5800,  3, 528.48, 24.290000000000873
217054, 30500.1900,  3, 479.98, 25.919999999998254
217061, 30500.9400,  3, 442.14, 26.61999999999898
217068, 30501.6900,  3, 532.99, 27.36999999999898
217088, 30503.8300,  3, 533.87, 29.520000000000437
217096, 30504.6900,  3, 539.21, 30.409999999999854
217254, 30535.6100,  1, 48.02, 16.81000000000131
217254, 30535.6100,  1, 141.76, 16.81000000000131
217319, 30542.5800,  3, 599.09, 23.760000000002037
217333, 30544.0800,  3, 454.28, 25.25
217342, 30545.0400,  3, 513.15, 26.209999999999127
217345, 30545.3600,  3, 560.41, 26.4900000000016
217361, 30547.0800,  3, 550.47, 28.270000000000437
217376, 30548.6900,  3, 649.86, 29.81000000000131
217513, 30577.5100,  1, 141.59, 14.579999999998108
217601, 30586.9400,  3, 499.63, 23.970000000001164
217602, 30587.0400,  3, 474.41, 24.049999999999272
217604, 30587.2600,  3, 474.11, 24.290000000000873
217611, 30588.0100,  3, 542.44, 25.06000000000131
217645, 30591.6500,  3, 554.86, 28.68000000000029
217679, 30595.2900,  3, 489.15, 32.32999999999811
217704, 30597.9700,  3, 550.33, 34.93999999999869
217869, 30629.9500,  1, 104.86, 17.56000000000131
217869, 30629.9500,  1, 156.78, 17.56000000000131
217943, 30637.8800,  3, 512.09, 25.38000000000102
217954, 30639.0600,  3, 571.37, 26.56000000000131
217956, 30639.2700,  3, 520.15, 26.790000000000873
217985, 30642.3800,  3, 604.97, 29.94000000000233
217986, 30642.4900,  3, 461.54, 30.0
217988, 30642.7000,  3, 482.89, 30.220000000001164
218070, 30665.7900,  1, 7.29, 8.670000000001892
218070, 30665.7900,  1, 45.16, 8.670000000001892
218188, 30678.4400,  1, 118.17, 21.31999999999971
218218, 30681.6500,  3, 452.78, 24.42000000000189
218218, 30681.6500,  3, 502.14, 24.4900000000016
218232, 30683.1500,  3, 574.55, 25.9900000000016
218252, 30685.2900,  3, 483.22, 28.090000000000146
218263, 30686.4700,  3, 669.91, 29.280000000002474
218350, 30709.9000,  1, -33.87, 9.210000000002765
218350, 30709.9000,  1, 1.32, 9.210000000002765
218409, 30716.2200,  1, 110.78, 15.530000000002474
218418, 30717.1900,  1, 154.90, 16.5
218494, 30725.3300,  3, 510.08, 24.56999999999971
218501, 30726.0800,  3, 542.94, 25.290000000000873
218504, 30726.4000,  3, 558.30, 25.610000000000582
218515, 30727.5800,  3, 512.37, 26.88000000000102
218737, 30765.7200,  3, 506.39, 23.669999999998254
218738, 30765.8300,  3, 553.48, 23.770000000000437
218783, 30770.6500,  3, 524.07, 28.599999999998545
218814, 30773.9700,  3, 629.33, 31.86999999999898
218815, 30774.0800,  3, 467.52, 32.0
218815, 30774.0800,  3, 485.08, 31.979999999999563
218818, 30774.4000,  3, 626.62, 32.32999999999811
218832, 30775.9000,  3, 610.41, 33.7599999999984
219007, 30808.9700,  1, 217.75, 18.639999999999418
219007, 30808.9700,  1, 116.52, 18.639999999999418
219040, 30812.5100,  3, 545.74, 22.159999999999854
219046, 30813.1500,  1, 111.00, 22.81999999999971
219046, 30813.1500,  1, 290.68, 22.81999999999971
219049, 30813.4700,  3, 471.32, 23.11999999999898
219115, 30820.5400,  3, 463.71, 30.149999999997817
219122, 30821.2900,  3, 535.58, 30.929999999996653
219225, 30846.6300,  1, -3.24, 10.920000000001892
219225, 30846.6300,  1, 47.12, 10.920000000001892
219303, 30854.9900,  1, 177.97, 19.280000000002474
219303, 30854.9900,  1, 227.26, 19.280000000002474
219321, 30856.9200,  3, 459.25, 21.159999999999854
219347, 30859.7000,  3, 505.29, 23.93000000000029
219382, 30863.4500,  3, 521.79, 27.67000000000189
219421, 30867.6300,  3, 532.01, 31.860000000000582
219546, 30895.5400,  1, 19.65, 13.290000000000873
219546, 30895.5400,  1, 135.97, 13.290000000000873
219550, 30895.9700,  1, 74.60, 13.720000000001164
219550, 30895.9700,  1, 151.05, 13.720000000001164
219573, 30898.4400,  1, 22.21, 16.18999999999869
219636, 30905.1900,  3, 514.41, 22.88000000000102
219642, 30905.8300,  3, 497.45, 23.479999999999563
219666, 30908.4000,  3, 515.12, 26.099999999998545
219761, 30933.1000,  1, 28.29, 10.069999999999709
219869, 30944.6700,  3, 440.16, 21.56999999999971
219909, 30948.9500,  3, 451.95, 25.860000000000582
219944, 30952.7000,  3, 551.14, 29.650000000001455
219948, 30953.1300,  3, 598.37, 30.010000000002037
220008, 30959.5600,  3, 644.86, 36.460000000002765
220012, 30959.9900,  3, 631.67, 36.909999999999854
220058, 30964.9200,  3, 490.19, 41.86000000000058
220197, 30994.1000,  1, 102.56, 14.789999999997235
220197, 30994.1000,  1, 95.36, 14.789999999997235
220239, 30998.6000,  1, 101.48, 19.289999999997235
220239, 30998.6000,  1, 56.56, 19.289999999997235
220282, 31003.2000,  3, 539.49, 23.859999999996944
220320, 31007.2700,  3, 547.95, 27.87999999999738
220322, 31007.4900,  3, 648.77, 28.139999999999418
220345, 31009.9500,  3, 576.72, 30.599999999998545
220496, 31040.5400,  1, -32.38, 16.06000000000131
220535, 31044.7200,  3, 488.14, 20.150000000001455
220547, 31046.0100,  3, 499.79, 21.43999999999869
220571, 31048.5800,  3, 470.38, 24.029999999998836
220579, 31049.4400,  3, 500.46, 24.86999999999898
220590, 31050.6100,  3, 612.39, 26.090000000000146
220591, 31050.7200,  3, 441.28, 26.209999999999127
220620, 31053.8300,  3, 522.09, 29.340000000000146
220782, 31085.6000,  1, 147.09, 17.2599999999984
220782, 31085.6000,  1, 174.95, 17.2599999999984
220826, 31090.3100,  3, 541.11, 21.950000000000728
220843, 31092.1300,  3, 555.33, 23.75
220864, 31094.3800,  3, 554.31, 25.970000000001164
220869, 31094.9200,  3, 532.13, 26.540000000000873
220894, 31097.6000,  3, 572.92, 29.209999999999127
220943, 31102.8500,  3, 569.44, 34.400000000001455
221159, 31140.4700,  3, 455.51, 22.979999999999563
221173, 31141.9700,  3, 552.14, 24.450000000000728
221197, 31144.5400,  3, 576.86, 27.029999999998836
221200, 31144.8600,  1, 56.93, 27.43000000000029
221212, 31146.1500,  3, 473.29, 28.709999999999127
221222, 31147.2200,  3, 573.89, 29.779999999998836
221223, 31147.3300,  3, 629.17, 29.82999999999811
221227, 31147.7600,  3, 533.77, 30.25
221425, 31182.9400,  3, 522.62, 21.06999999999971
221430, 31183.4700,  3, 493.65, 21.599999999998545
221430, 31183.4700,  3, 477.28, 21.549999999999272
221455, 31186.1500,  3, 533.20, 24.299999999999272
221466, 31187.3300,  3, 492.01, 25.450000000000728
221472, 31187.9700,  3, 568.07, 26.13000000000102
221478, 31188.6100,  3, 565.38, 26.68999999999869
221497, 31190.6500,  3, 620.35, 28.720000000001164
221669, 31223.4900,  1, 83.57, 18.320000000003347
221669, 31223.4900,  1, 77.39, 18.320000000003347
221726, 31229.6000,  3, 477.93, 24.37000000000262
221741, 31231.2000,  3, 541.12, 26.0
221752, 31232.3800,  3, 592.27, 27.110000000000582
221760, 31233.2400,  3, 599.08, 28.05000000000291
221764, 31233.6700,  3, 581.55, 28.450000000000728
221775, 31234.8500,  3, 502.98, 29.62000000000262
221929, 31265.9900,  1, 65.43, 16.400000000001455
221984, 31271.8800,  3, 446.55, 22.279999999998836
222007, 31274.3500,  3, 521.92, 24.75
222009, 31274.5600,  3, 552.55, 24.93000000000029
222019, 31275.6300,  3, 557.34, 25.970000000001164
222024, 31276.1700,  3, 487.74, 26.5099999999984
222031, 31276.9200,  3, 541.55, 27.270000000000437
222052, 31279.1700,  3, 534.45, 29.5099999999984
222166, 31305.6500,  1, 74.99, 12.100000000002183
222188, 31308.0100,  1, 98.21, 14.459999999999127
222188, 31308.0100,  1, 82.75, 14.459999999999127
222281, 31317.9700,  3, 552.12, 24.389999999999418
222290, 31318.9400,  3, 529.56, 25.330000000001746
222313, 31321.4000,  3, 484.13, 27.840000000000146
222315, 31321.6100,  3, 599.33, 28.010000000002037
222335, 31323.7600,  3, 545.63, 30.17000000000189
222400, 31344.9700,  1, -61.42, 6.850000000002183
222400, 31344.9700,  1, -12.87, 6.850000000002183
222526, 31358.4700,  3, 487.00, 20.31999999999971
222553, 31361.3600,  3, 484.82, 23.229999999999563
222574, 31363.6100,  3, 512.86, 25.44000000000233
222588, 31365.1100,  3, 561.09, 26.94000000000233
222599, 31366.2900,  3, 516.78, 28.159999999999854
222605, 31366.9400,  3, 548.09, 28.760000000002037
222734, 31395.0400,  1, 143.78, 13.709999999999127
222755, 31397.2900,  1, 51.35, 15.959999999999127
222755, 31397.2900,  1, 231.85, 15.959999999999127
222853, 31407.7900,  3, 481.07, 26.429999999996653
222858, 31408.3300,  3, 521.32, 26.94999999999709
222872, 31409.8300,  3, 537.97, 28.44999999999709
222877, 31410.3600,  3, 583.94, 28.969999999997526
223030, 31426.7600,  3, 487.34, 45.36999999999898
223159, 31454.9700,  1, 114.58, 13.710000000002765
223159, 31454.9700,  1, 26.38, 13.710000000002765
223232, 31462.7900,  3, 500.76, 21.4800000000032
223240, 31463.6500,  3, 530.28, 22.360000000000582
223255, 31465.2600,  3, 535.77, 23.950000000000728
223288, 31468.7900,  3, 506.84, 27.460000000002765
223296, 31469.6500,  3, 583.13, 28.350000000002183
223307, 31470.8300,  3, 506.69, 29.470000000001164
223386, 31493.7000,  1, -39.83, 8.360000000000582
223386, 31493.7000,  1, -55.36, 8.360000000000582
223491, 31504.9500,  1, 173.13, 19.610000000000582
223491, 31504.9500,  1, 163.76, 19.610000000000582
223517, 31507.7400,  3, 483.63, 22.31000000000131
223518, 31507.8500,  3, 480.61, 22.459999999999127
223518, 31507.8500,  3, 500.85, 22.450000000000728
223567, 31513.1000,  3, 556.77, 27.68000000000029
223778, 31549.9900,  3, 460.49, 22.469999999997526
223786, 31550.8500,  3, 499.42, 23.289999999997235
223793, 31551.6000,  3, 550.52, 24.0
223813, 31553.7400,  3, 570.02, 26.219999999997526
223836, 31556.2000,  3, 568.59, 28.62999999999738
223843, 31556.9500,  3, 597.39, 29.37999999999738
223853, 31558.0200,  3, 569.29, 30.5099999999984
223863, 31559.1000,  3, 574.65, 31.590000000000146
224054, 31593.8300,  1, 122.88, 20.350000000002183
224073, 31595.8600,  3, 541.00, 22.350000000002183
224082, 31596.8300,  3, 570.19, 23.279999999998836
224098, 31598.5400,  3, 533.74, 25.049999999999272
224117, 31600.5800,  3, 533.11, 26.9900000000016
224134, 31602.4000,  3, 636.58, 28.889999999999418
224136, 31602.6100,  3, 559.47, 29.11999999999898
224157, 31604.8600,  3, 610.29, 31.350000000002183
224300, 31634.7200,  1, 99.50, 15.210000000002765
224310, 31635.7900,  1, 207.46, 16.280000000002474
224310, 31635.7900,  1, 97.05, 16.280000000002474
224388, 31644.1500,  3, 537.40, 24.56000000000131
224399, 31645.3300,  3, 609.69, 25.760000000002037
224417, 31647.2600,  3, 571.66, 27.67000000000189
224426, 31648.2200,  3, 519.04, 28.67000000000189
224432, 31648.8600,  3, 649.59, 29.270000000000437
224567, 31677.7900,  1, 109.20, 14.360000000000582
224609, 31682.2900,  3, 446.14, 18.790000000000873
224641, 31685.7200,  3, 512.66, 22.279999999998836
224651, 31686.7900,  3, 514.32, 23.279999999998836
224661, 31687.8600,  3, 596.68, 24.36999999999898
224662, 31687.9700,  3, 464.63, 24.43000000000029
224663, 31688.0800,  3, 483.35, 24.639999999999418
224699, 31691.9400,  3, 587.20, 28.459999999999127
224820, 31719.1700,  1, 31.43, 12.859999999996944
224820, 31719.1700,  1, -29.69, 12.859999999996944
224854, 31722.8100,  1, 142.88, 16.5
224892, 31726.8800,  3, 477.35, 20.479999999999563
224902, 31727.9500,  3, 530.99, 21.62999999999738
224932, 31731.1700,  3, 516.92, 24.80999999999767
224951, 31733.2000,  3, 600.06, 26.81999999999971
224962, 31734.3800,  3, 590.82, 28.020000000000437
225079, 31761.1500,  1, -1.14, 12.430000000000291
225079, 31761.1500,  1, 95.53, 12.430000000000291
225196, 31773.6900,  3, 527.13, 24.899999999997817
225199, 31774.0100,  3, 565.42, 25.25
225226, 31776.9000,  3, 509.58, 28.099999999998545
225231, 31777.4400,  3, 536.43, 28.659999999999854
225238, 31778.1900,  3, 575.71, 29.389999999999418
225291, 31783.8600,  3, 613.66, 35.11000000000058
225415, 31811.7200,  1, 107.94, 13.180000000000291
225415, 31811.7200,  1, 79.45, 13.180000000000291
225447, 31815.1500,  1, 47.94, 16.610000000000582
225457, 31816.2200,  1, 148.52, 17.68000000000029
225519, 31822.8600,  3, 537.10, 24.279999999998836
225577, 31829.0800,  3, 566.01, 30.43999999999869
225586, 31830.0400,  3, 602.62, 31.43999999999869
225759, 31848.5800,  2, 139.32,  50
225835, 31870.8300,  1, 16.46, 7.930000000000291
225835, 31870.8300,  1, -13.62, 7.930000000000291
225842, 31871.5800,  1, 14.21, 8.680000000000291
225842, 31871.5800,  1, -36.59, 8.680000000000291
225947, 31882.8300,  3, 478.00, 19.87999999999738
226003, 31888.8300,  3, 540.37, 25.81999999999971
226033, 31892.0400,  3, 605.68, 29.099999999998545
226064, 31895.3600,  3, 604.83, 32.419999999998254
226235, 31928.0200,  1, 34.87, 18.209999999999127
226245, 31929.1000,  1, 126.54, 19.289999999997235
226260, 31930.7000,  3, 491.39, 20.87999999999738
226277, 31932.5200,  3, 514.61, 22.659999999999854
226283, 31933.1700,  3, 528.35, 23.32999999999811
226311, 31936.1700,  3, 516.16, 26.31999999999971
226334, 31938.6300,  3, 518.50, 28.779999999998836
226342, 31939.4900,  3, 605.75, 29.61999999999898
226542, 31975.3100,  3, 458.04, 21.279999999998836
226557, 31976.9200,  3, 513.22, 22.87999999999738
226588, 31980.2400,  3, 586.52, 26.229999999999563
226589, 31980.3500,  3, 571.95, 26.32999999999811
226593, 31980.7700,  3, 530.11, 26.69999999999709
226605, 31982.0600,  3, 579.00, 27.979999999999563
226606, 31982.1700,  3, 438.10, 28.169999999998254
226608, 31982.3800,  3, 546.00, 28.279999999998836
226825, 32019.9000,  3, 573.81, 23.100000000002183
226851, 32022.6900,  3, 517.70, 25.92000000000189
226864, 32024.0800,  3, 521.13, 27.280000000002474
226869, 32024.6100,  3, 484.46, 27.840000000000146
226878, 32025.5800,  3, 572.12, 28.75
226889, 32026.7600,  3, 608.44, 29.9800000000032
226919, 32029.9700,  3, 586.41, 33.140000000003056
226946, 32032.8600,  3, 623.86, 36.05000000000291
227029, 32056.2900,  1, -3.64, 8.780000000002474
227079, 32061.6500,  1, 132.34, 14.140000000003056
227079, 32061.6500,  1, 104.02, 14.140000000003056
227172, 32071.6100,  3, 466.57, 24.06000000000131
227184, 32072.9000,  3, 475.37, 25.31000000000131
227229, 32077.7200,  3, 510.59, 30.110000000000582
227252, 32080.1900,  3, 532.96, 32.590000000000146
227281, 32083.2900,  3, 652.17, 35.77000000000044
227425, 32112.6500,  1, 39.27, 15.319999999999709
227440, 32114.2600,  1, 74.08, 16.929999999996653
227440, 32114.2600,  1, 184.21, 16.929999999996653
227456, 32115.9700,  1, 169.95, 18.639999999999418
227538, 32124.7600,  3, 601.76, 27.339999999996508
227556, 32126.6900,  3, 577.93, 29.2699999999968
227560, 32127.1100,  3, 579.01, 29.739999999997963
227613, 32132.7900,  3, 614.21, 35.43999999999869
227754, 32162.5100,  1, 64.64, 15.0099999999984
227754, 32162.5100,  1, 49.94, 15.0099999999984
227784, 32165.7200,  3, 435.66, 18.159999999999854
227784, 32165.7200,  3, 452.33, 18.200000000000728
227829, 32170.5400,  3, 480.44, 23.0
227843, 32172.0400,  3, 515.86, 24.5099999999984
227858, 32173.6500,  3, 510.40, 26.110000000000582
227936, 32182.0100,  3, 629.32, 34.470000000001164
228144, 32218.7900,  1, 118.89, 22.18000000000029
228146, 32219.0100,  3, 551.08, 22.30999999999767
228152, 32219.6500,  3, 456.71, 22.950000000000728
228154, 32219.8600,  3, 474.76, 23.169999999998254
228160, 32220.5100,  3, 534.55, 23.799999999999272
228161, 32220.6100,  3, 454.77, 23.909999999999854
228186, 32223.2900,  3, 540.91, 26.590000000000146
228187, 32223.4000,  3, 501.80, 26.700000000000728
228385, 32259.0200,  3, 489.39, 21.070000000003347
228399, 32260.5200,  3, 491.04, 22.510000000002037
228399, 32260.5200,  3, 522.55, 22.55000000000291
228415, 32262.2400,  3, 509.45, 24.2400000000016
228427, 32263.5200,  3, 520.56, 25.580000000001746
228465, 32267.6000,  3, 500.81, 29.62000000000262
228475, 32268.6700,  3, 523.31, 30.660000000003492
228545, 32276.1700,  3, 611.99, 38.210000000002765
228769, 32314.4400,  3, 574.53, 23.840000000000146
228771, 32314.6500,  3, 581.44, 24.06999999999971
228793, 32317.0100,  3, 475.76, 26.36999999999898
228807, 32318.5100,  3, 579.94, 27.899999999997817
228817, 32319.5800,  3, 501.38, 29.0099999999984
228818, 32319.6900,  3, 542.25, 29.07999999999811
228834, 32321.4000,  3, 577.41, 30.81999999999971
228902, 32328.6900,  3, 665.72, 38.05999999999767
229039, 32357.2900,  1, 85.70, 14.569999999999709
229099, 32363.7200,  3, 475.95, 20.94999999999709
229104, 32364.2600,  3, 531.99, 21.469999999997526
229111, 32365.0100,  3, 496.32, 22.2599999999984
229120, 32365.9700,  3, 510.35, 23.219999999997526
229131, 32367.1500,  3, 490.98, 24.360000000000582
229161, 32370.3600,  3, 518.52, 27.539999999997235
229170, 32371.3300,  3, 510.44, 28.549999999999272
229252, 32394.3600,  1, -49.34, 8.670000000001892
229252, 32394.3600,  1, -11.36, 8.670000000001892
229257, 32394.9000,  1, -18.54, 9.210000000002765
229257, 32394.9000,  1, -34.74, 9.210000000002765
229378, 32407.8600,  3, 493.44, 22.06999999999971
229421, 32412.4700,  3, 533.40, 26.760000000002037
229448, 32415.3600,  3, 634.97, 29.62000000000262
229549, 32426.1900,  3, 447.42, 40.47999999999956
229685, 32455.0600,  1, 74.36, 14.460000000002765
229685, 32455.0600,  1, 90.44, 14.460000000002765
229765, 32463.6300,  3, 523.58, 22.970000000001164
229775, 32464.7000,  3, 505.90, 24.010000000002037
229781, 32465.3500,  3, 555.96, 24.650000000001455
229799, 32467.2700,  3, 590.42, 26.640000000003056
229802, 32467.6000,  3, 457.78, 26.9900000000016
229887, 32476.7000,  3, 520.89, 36.01000000000204
229962, 32499.0400,  1, -59.49, 7.920000000001892
230000, 32503.1100,  1, 20.72, 11.9900000000016
230080, 32511.6900,  3, 457.31, 20.540000000000873
230088, 32512.5400,  3, 510.32, 21.38000000000102
230089, 32512.6500,  3, 475.90, 21.5
230123, 32516.2900,  3, 526.43, 25.090000000000146
230180, 32522.4000,  3, 531.70, 31.18000000000029
230192, 32523.6900,  3, 412.74, 32.470000000001164
230273, 32546.4500,  1, -45.52, 8.569999999999709
230273, 32546.4500,  1, 22.49, 8.569999999999709
230325, 32552.0200,  1, 103.53, 14.139999999999418
230331, 32552.6700,  1, 164.64, 14.789999999997235
230415, 32561.6700,  3, 503.08, 23.700000000000728
230428, 32563.0600,  3, 499.42, 25.110000000000582
230439, 32564.2400,  3, 595.46, 26.299999999999272
230511, 32571.9500,  3, 503.06, 34.0099999999984
230623, 32598.2700,  1, 10.25, 11.889999999999418
230623, 32598.2700,  1, 52.94, 11.889999999999418
230647, 32600.8500,  1, 84.73, 14.469999999997526
230737, 32610.4900,  3, 566.88, 24.0
230740, 32610.8100,  3, 538.26, 24.389999999999418
230745, 32611.3500,  3, 479.28, 24.899999999997817
230747, 32611.5600,  3, 513.14, 25.110000000000582
230754, 32612.3100,  3, 539.44, 25.889999999999418
230894, 32641.5800,  1, 98.37, 14.890000000003056
230894, 32641.5800,  1, 42.81, 14.890000000003056
230938, 32646.2900,  3, 465.81, 19.520000000000437
230959, 32648.5400,  3, 465.84, 21.840000000000146
230976, 32650.3600,  3, 562.00, 23.659999999999854
231007, 32653.6900,  3, 618.55, 26.900000000001455
231066, 32660.0100,  3, 556.59, 33.280000000002474
231084, 32661.9400,  3, 587.30, 35.150000000001455
231298, 32699.1700,  3, 450.15, 22.7300000000032
231305, 32699.9200,  3, 510.80, 23.510000000002037
231314, 32700.8800,  3, 571.53, 24.520000000000437
231325, 32702.0600,  3, 544.34, 25.69000000000233
231346, 32704.3100,  3, 490.44, 27.87000000000262
231346, 32704.3100,  3, 558.37, 27.950000000000728
231370, 32706.8800,  3, 598.06, 30.450000000000728
231481, 32718.7700,  3, 634.37, 42.409999999999854
231565, 32741.9200,  1, -10.95, 8.899999999997817
231565, 32741.9200,  1, 4.25, 8.899999999997817
231633, 32749.2000,  1, 142.12, 16.18000000000029
231633, 32749.2000,  1, 54.11, 16.18000000000029
231695, 32755.8500,  3, 463.43, 22.770000000000437
231722, 32758.7400,  3, 499.86, 25.669999999998254
231725, 32759.0600,  3, 446.82, 25.989999999997963
231732, 32759.8100,  3, 585.34, 26.7599999999984
231849, 32786.9800,  1, 108.44, 12.430000000000291
231849, 32786.9800,  1, 52.69, 12.430000000000291
231904, 32792.8700,  1, 143.24, 18.31999999999971
231947, 32797.4800,  3, 478.82, 22.909999999996217
231964, 32799.3000,  3, 528.21, 24.659999999996217
231968, 32799.7300,  3, 532.73, 25.14999999999418
231970, 32799.9400,  3, 526.98, 25.349999999998545
231974, 32800.3700,  3, 542.91, 25.789999999993597
232108, 32829.0200,  1, 84.68, 14.259999999994761
232108, 32829.0200,  1, 108.18, 14.259999999994761
232128, 32831.1600,  1, 136.34, 16.400000000001455
232128, 32831.1600,  1, 142.65, 16.400000000001455
232173, 32835.9800,  1, 156.39, 21.220000000001164
232187, 32837.4800,  3, 458.74, 22.610000000000582
232194, 32838.2300,  3, 490.59, 23.400000000001455
232239, 32843.0500,  3, 574.46, 28.220000000001164
232378, 32872.4400,  1, 32.63, 14.790000000000873
232378, 32872.4400,  1, 107.55, 14.790000000000873
232383, 32872.9800,  1, 134.29, 15.330000000001746
232383, 32872.9800,  1, 84.17, 15.330000000001746
232453, 32880.4800,  3, 468.57, 22.81999999999971
232457, 32880.9100,  3, 479.14, 23.220000000001164
232489, 32884.3400,  3, 537.42, 26.580000000001746
232494, 32884.8700,  3, 558.79, 27.159999999996217
232625, 32912.9800,  1, 141.98, 13.940000000002328
232625, 32912.9800,  1, 25.51, 13.940000000002328
232690, 32919.9400,  3, 511.29, 20.87000000000262
232720, 32923.1600,  3, 455.73, 24.089999999996508
232728, 32924.0200,  3, 553.58, 24.93000000000029
232734, 32924.6600,  3, 517.67, 25.589999999996508
232742, 32925.5200,  3, 627.69, 26.44999999999709
232784, 32930.0200,  3, 569.44, 30.87999999999738
232941, 32961.3400,  1, 158.25, 16.739999999997963
232941, 32961.3400,  1, 108.90, 16.739999999997963
232983, 32965.8400,  3, 470.39, 21.169999999998254
232996, 32967.2300,  3, 511.32, 22.580000000001746
233008, 32968.5200,  3, 552.62, 23.87000000000262
233011, 32968.8400,  3, 570.63, 24.220000000001164
233012, 32968.9400,  3, 518.45, 24.279999999998836
233068, 32974.9400,  3, 464.70, 30.279999999998836
233154, 32998.4800,  1, 40.09, 9.12000000000262
233154, 32998.4800,  1, -25.14, 9.12000000000262
233165, 32999.6600,  1, 14.97, 10.30000000000291
233165, 32999.6600,  1, 25.83, 10.30000000000291
233252, 33008.9800,  3, 417.51, 19.56999999999971
233257, 33009.5200,  1, 200.75, 20.159999999996217
233257, 33009.5200,  1, 210.17, 20.159999999996217
233345, 33018.9400,  3, 555.21, 29.55999999999767
233556, 33055.8400,  3, 510.25, 22.470000000001164
233574, 33057.7700,  3, 521.50, 24.37000000000262
233580, 33058.4100,  3, 519.49, 24.970000000001164
233582, 33058.6200,  3, 550.36, 25.200000000004366
233582, 33058.6200,  3, 532.30, 25.19000000000233
233599, 33060.4400,  3, 510.14, 27.060000000004948
233787, 33080.5900,  3, 504.47, 47.19000000000233
233794, 33081.3400,  3, 510.77, 47.91000000000349
233903, 33107.2700,  1, 56.34, 11.569999999999709
233903, 33107.2700,  1, 60.94, 11.569999999999709
233912, 33108.2300,  1, 77.85, 12.530000000006112
233998, 33117.4400,  1, 116.61, 21.74000000000524
234033, 33121.1900,  3, 497.68, 25.44000000000233
234035, 33121.4100,  3, 508.58, 25.639999999999418
234053, 33123.3400,  3, 501.94, 27.55000000000291
234090, 33127.3000,  3, 607.39, 31.56999999999971
234208, 33153.9400,  1, 52.14, 12.540000000000873
234208, 33153.9400,  1, 52.28, 12.540000000000873
234231, 33156.4100,  1, 121.33, 15.010000000002037
234301, 33163.9100,  3, 553.37, 22.459999999999127
234333, 33167.3400,  3, 558.60, 25.87999999999738
234350, 33169.1600,  3, 516.72, 27.650000000001455
234353, 33169.4800,  3, 485.53, 28.029999999998836
234378, 33172.1600,  3, 624.87, 30.669999999998254
234518, 33201.4400,  1, 90.70, 14.900000000001455
234518, 33201.4400,  1, 70.89, 14.900000000001455
234603, 33210.5500,  3, 533.31, 23.979999999995925
234611, 33211.4100,  3, 541.15, 24.830000000001746
234615, 33211.8400,  3, 538.06, 25.2699999999968
234660, 33216.6600,  3, 570.35, 30.0199999999968
234671, 33217.8400,  3, 554.76, 31.229999999995925
234691, 33219.9800,  3, 550.44, 33.38999999999942
234846, 33250.9400,  1, 45.56, 16.510000000002037
234889, 33255.5500,  3, 462.87, 21.040000000000873
234909, 33257.6900,  3, 486.25, 23.220000000001164
234920, 33258.8700,  3, 554.05, 24.409999999996217
234927, 33259.6200,  3, 506.85, 25.159999999996217
234936, 33260.5900,  3, 622.16, 26.099999999998545
234953, 33262.4100,  3, 484.36, 27.919999999998254
234968, 33264.0200,  3, 565.33, 29.5199999999968
235185, 33301.8400,  3, 547.58, 23.099999999998545
235185, 33301.8400,  3, 546.70, 23.07999999999447
235207, 33304.1900,  3, 612.11, 25.44999999999709
235209, 33304.4100,  3, 520.60, 25.669999999998254
235249, 33308.6900,  3, 516.82, 29.89999999999418
235256, 33309.4400,  3, 552.87, 30.709999999999127
235262, 33310.0900,  3, 532.74, 31.369999999995343
235436, 33328.7300,  2, 91.42,  50
235655, 33366.7300,  3, 494.44, 23.19000000000233
235697, 33371.2300,  3, 627.19, 27.669999999998254
235709, 33372.5200,  3, 500.52, 28.989999999997963
235711, 33372.7300,  3, 628.13, 29.19999999999709
235718, 33373.4800,  3, 591.81, 29.93000000000029
235719, 33373.5900,  3, 490.37, 30.110000000000582
235735, 33375.3000,  3, 585.69, 31.729999999995925
235755, 33377.4400,  3, 536.56, 33.900000000001455
235967, 33414.6200,  3, 483.10, 22.599999999998545
235979, 33415.9100,  3, 477.06, 23.81999999999971
235982, 33416.2300,  3, 477.73, 24.160000000003492
235997, 33417.8400,  3, 533.17, 25.739999999997963
235997, 33417.8400,  3, 525.04, 25.830000000001746
236014, 33419.6600,  3, 573.35, 27.599999999998545
236016, 33419.8700,  3, 537.69, 27.81999999999971
236048, 33423.3000,  3, 440.65, 31.25
236158, 33449.4800,  1, 115.53, 11.680000000000291
236272, 33461.6900,  3, 517.56, 23.80999999999767
236284, 33462.9800,  3, 589.24, 25.139999999999418
236287, 33463.3000,  3, 496.44, 25.409999999996217
236294, 33464.0500,  3, 552.78, 26.189999999995052
236322, 33467.0500,  3, 531.46, 29.209999999999127
236414, 33476.9100,  3, 559.94, 39.00999999999476
236458, 33481.6200,  3, 525.65, 43.73999999999796
236569, 33508.0900,  1, 16.46, 11.809999999997672
236569, 33508.0900,  1, -35.08, 11.809999999997672
236620, 33513.5500,  1, 67.92, 17.270000000004075
236701, 33522.2300,  3, 533.79, 25.849999999998545
236708, 33522.9800,  3, 548.62, 26.68000000000029
236730, 33525.3400,  3, 578.84, 29.029999999998836
236778, 33530.4800,  3, 594.14, 34.12000000000262
236778, 33530.4800,  3, 513.71, 34.18000000000029
236857, 33553.0900,  1, -19.60, 8.369999999995343
236857, 33553.0900,  1, 9.84, 8.369999999995343
236969, 33565.0900,  3, 479.07, 20.30999999999767
237031, 33571.7300,  3, 519.58, 26.94999999999709
237046, 33573.3400,  3, 535.71, 28.549999999995634
237064, 33575.2700,  3, 544.04, 30.44999999999709
237104, 33579.5500,  3, 513.83, 34.76000000000204
237246, 33594.7700,  2, 459.84,  50
237421, 33627.5900,  1, 175.88, 18.549999999995634
237443, 33629.9400,  3, 474.54, 20.889999999999418
237476, 33633.4800,  3, 512.62, 24.349999999998545
237490, 33634.9800,  3, 514.32, 25.919999999998254
237498, 33635.8400,  3, 488.23, 26.760000000002037
237517, 33637.8700,  3, 543.70, 28.799999999995634
237558, 33642.2700,  3, 632.51, 33.13999999999942
237715, 33659.0900,  2, 437.41,  50
237925, 33695.9400,  3, 472.58, 22.209999999999127
237938, 33697.3400,  3, 540.12, 23.610000000000582
237963, 33700.0200,  3, 518.49, 26.37000000000262
237966, 33700.3400,  3, 494.53, 26.590000000003783
237985, 33702.3700,  3, 525.92, 28.720000000001164
237998, 33703.7700,  3, 549.62, 30.029999999998836
238032, 33707.4100,  3, 553.00, 33.720000000001164
238058, 33710.1900,  3, 620.76, 36.48999999999796
238135, 33732.6200,  1, -10.48, 8.150000000001455
238135, 33732.6200,  1, -7.49, 8.150000000001455
238258, 33745.8000,  3, 436.07, 21.2699999999968
238270, 33747.0900,  3, 469.57, 22.529999999998836
238304, 33750.7300,  3, 483.56, 26.220000000001164
238315, 33751.9100,  3, 509.01, 27.43000000000029
238526, 33774.5200,  2, 78.01,  50
238526, 33774.5200,  2, 410.21,  50
238635, 33800.5900,  1, 53.02, 11.469999999993888
238635, 33800.5900,  1, 109.91, 11.469999999993888
238749, 33812.8000,  3, 504.91, 23.62999999999738
238764, 33814.4100,  3, 446.33, 25.2699999999968
238779, 33816.0200,  3, 520.40, 26.87999999999738
238796, 33817.8400,  3, 596.75, 28.62999999999738
238820, 33820.4100,  3, 536.99, 31.189999999995052
238901, 33829.0900,  3, 505.56, 39.93999999999505
239155, 33870.4100,  3, 516.72, 27.040000000000873
239191, 33874.2700,  3, 530.06, 30.94000000000233
239208, 33876.0900,  3, 493.30, 32.70999999999913
239212, 33876.5200,  3, 558.16, 33.13999999999942
239228, 33878.2300,  3, 621.08, 34.88000000000466
239229, 33878.3400,  3, 571.12, 35.01000000000204
239344, 33890.6600,  3, 639.52, 47.30000000000291
239369, 33893.3400,  2, 443.68,  50
239581, 33930.5500,  3, 499.46, 22.459999999999127
239583, 33930.7700,  3, 447.29, 22.650000000001455
239597, 33932.2700,  3, 478.00, 24.130000000004657
239613, 33933.9800,  3, 524.16, 25.860000000000582
239637, 33936.5500,  3, 538.85, 28.459999999999127
239644, 33937.3000,  3, 460.51, 29.19000000000233
239644, 33937.3000,  3, 548.69, 29.139999999999418
239838, 33958.0900,  2, 96.60,  50
239971, 33986.7700,  1, 107.83, 14.059999999997672
240054, 33995.6600,  3, 498.53, 22.94000000000233
240060, 33996.3000,  3, 471.40, 23.5
240075, 33997.9100,  3, 483.96, 25.19000000000233
240083, 33998.7700,  3, 564.76, 25.989999999997963
240095, 34000.0500,  3, 540.02, 27.279999999998836
240101, 34000.6900,  3, 589.96, 27.889999999999418
240122, 34002.9400,  3, 469.16, 30.12999999999738
240244, 34030.2300,  1, 67.14, 12.990000000005239
240244, 34030.2300,  1, 137.14, 12.990000000005239
240249, 34030.7700,  1, 129.11, 13.529999999998836
240249, 34030.7700,  1, 76.35, 13.529999999998836
240345, 34041.0500,  3, 507.25, 23.790000000000873
240389, 34045.7700,  3, 584.38, 28.450000000004366
240395, 34046.4100,  3, 543.44, 29.130000000004657
240410, 34048.0200,  3, 580.00, 30.7300000000032
240660, 34089.3000,  3, 454.39, 26.62000000000262
240660, 34089.3000,  1, 64.88, 26.69000000000233
240668, 34090.1600,  3, 530.07, 27.5
240732, 34097.0200,  3, 538.37, 34.330000000001746
240737, 34097.5500,  3, 612.67, 34.900000000001455
240748, 34098.7300,  3, 548.03, 36.04000000000087
240757, 34099.6900,  3, 674.44, 37.06999999999971
240773, 34101.4100,  3, 552.02, 38.75
240965, 34136.4100,  3, 455.56, 20.369999999995343
241056, 34146.1600,  3, 571.23, 30.209999999999127
241060, 34146.5900,  3, 491.63, 30.589999999996508
241063, 34146.9100,  3, 519.29, 30.909999999996217
241069, 34147.5500,  3, 576.36, 31.549999999995634
241074, 34148.0900,  3, 638.84, 32.11999999999534
241075, 34148.1900,  3, 603.74, 32.23999999999796
241121, 34153.1200,  3, 663.32, 37.12999999999738
241312, 34187.8000,  3, 443.95, 20.30999999999767
241355, 34192.4100,  3, 570.12, 24.919999999998254
241372, 34194.2300,  3, 604.13, 26.69999999999709
241391, 34196.2700,  3, 543.30, 28.729999999995925
241395, 34196.6900,  3, 464.78, 29.19999999999709
241396, 34196.8000,  3, 602.88, 29.349999999998545
241398, 34197.0200,  3, 578.87, 29.5
241457, 34203.3400,  3, 618.40, 35.86999999999534
241687, 34242.3000,  3, 516.71, 24.5199999999968
241700, 34243.6900,  3, 492.41, 25.900000000001455
241713, 34245.0900,  3, 517.74, 27.279999999998836
241728, 34246.6900,  3, 517.95, 28.860000000000582
241740, 34247.9800,  3, 590.17, 30.209999999999127
241784, 34252.6900,  3, 725.59, 34.849999999998545
241793, 34253.6600,  3, 536.75, 35.830000000001746
241830, 34257.6200,  3, 700.83, 39.86000000000058
241907, 34280.2700,  1, -18.78, 8.139999999999418
241907, 34280.2700,  1, 6.44, 8.139999999999418
242046, 34295.1600,  3, 533.40, 22.970000000001164
242061, 34296.7700,  3, 559.68, 24.630000000004657
242084, 34299.2300,  1, 160.33, 27.10000000000582
242127, 34303.8400,  1, 213.93, 31.709999999999127
242127, 34303.8400,  1, 241.97, 31.709999999999127
242242, 34316.1600,  3, 485.30, 43.93000000000029
242423, 34349.8400,  1, 41.12, 19.30999999999767
242423, 34349.8400,  1, 56.49, 19.30999999999767
242478, 34355.7300,  3, 491.04, 25.090000000003783
242493, 34357.3400,  3, 507.28, 26.790000000000873
242505, 34358.6200,  3, 472.76, 28.010000000002037
242510, 34359.1600,  3, 548.95, 28.580000000001746
242524, 34360.6600,  3, 576.59, 30.099999999998545
242650, 34374.1600,  3, 644.19, 43.529999999998836
242843, 34409.2700,  3, 469.84, 20.529999999998836
242888, 34414.0900,  3, 538.47, 25.389999999999418
242910, 34416.4400,  3, 552.02, 27.69000000000233
242912, 34416.6600,  3, 552.90, 27.970000000001164
242923, 34417.8400,  3, 525.72, 29.099999999998545
242938, 34419.4400,  3, 508.01, 30.69999999999709
242946, 34420.3000,  3, 482.92, 31.529999999998836
242984, 34424.3700,  3, 547.95, 35.62999999999738
243123, 34453.5200,  1, 90.37, 14.809999999997672
243123, 34453.5200,  1, 130.31, 14.809999999997672
243146, 34455.9800,  1, 99.13, 17.270000000004075
243146, 34455.9800,  1, 163.74, 17.270000000004075
243257, 34467.8700,  3, 571.92, 29.139999999999418
243264, 34468.6200,  3, 501.59, 29.81999999999971
243299, 34472.3700,  3, 638.18, 33.650000000001455
243300, 34472.4800,  3, 600.19, 33.700000000004366
243392, 34496.3000,  1, -5.64, 9.740000000005239
243392, 34496.3000,  1, 33.07, 9.740000000005239
243488, 34506.5900,  1, 75.32, 20.029999999998836
243531, 34511.1900,  3, 516.51, 24.580000000001746
243549, 34513.1200,  3, 567.02, 26.459999999999127
243561, 34514.4100,  3, 540.23, 27.840000000003783
243581, 34516.5500,  3, 682.93, 29.950000000004366
243630, 34521.8000,  3, 560.82, 35.16000000000349
243728, 34546.6900,  1, 39.51, 10.400000000001455
243728, 34546.6900,  1, 75.49, 10.400000000001455
243754, 34549.4800,  1, 83.22, 13.190000000002328
243754, 34549.4800,  1, 57.97, 13.190000000002328
243854, 34560.1900,  3, 485.35, 23.830000000001746
243899, 34565.0200,  3, 500.77, 28.68000000000029
243934, 34568.7700,  3, 540.89, 32.44000000000233
244098, 34586.3400,  2, 46.57,  50
244283, 34620.6900,  3, 482.78, 19.55999999999767
244302, 34622.7300,  3, 412.14, 21.549999999995634
244328, 34625.5200,  3, 477.74, 24.369999999995343
244354, 34628.3000,  3, 552.54, 27.18000000000029
244360, 34628.9400,  3, 558.04, 27.80999999999767
244367, 34629.6900,  3, 602.70, 28.5199999999968
244377, 34630.7700,  3, 562.98, 29.599999999998545
244565, 34650.9100,  1, 40.54, 49.830000000001746
244780, 34688.3000,  3, 482.64, 22.75
244808, 34691.3000,  3, 529.55, 25.799999999995634
244821, 34692.6900,  3, 602.81, 27.189999999995052
244825, 34693.1200,  3, 532.72, 27.589999999996508
244842, 34694.9400,  3, 558.35, 29.359999999993306
244845, 34695.2700,  3, 658.04, 29.69999999999709
244867, 34697.6200,  3, 651.29, 32.08999999999651
244894, 34700.5200,  3, 503.76, 35.00999999999476
244999, 34726.0200,  1, 61.30, 11.159999999996217
244999, 34726.0200,  1, 66.91, 11.159999999996217
245103, 34737.1600,  1, 140.09, 22.30000000000291
245103, 34737.1600,  1, 101.63, 22.30000000000291
245132, 34740.2700,  3, 462.56, 25.30999999999767
245152, 34742.4100,  3, 467.59, 27.459999999999127
245177, 34745.0900,  3, 555.61, 30.220000000001164
245309, 34759.2300,  3, 566.60, 44.349999999998545
245423, 34785.9400,  1, 62.16, 12.10000000000582
245423, 34785.9400,  1, 63.58, 12.10000000000582
245436, 34787.3400,  1, 57.14, 13.5
245436, 34787.3400,  1, 76.15, 13.5
245451, 34788.9400,  1, 144.77, 15.10000000000582
245451, 34788.9400,  1, 101.66, 15.10000000000582
245523, 34796.6600,  3, 499.17, 22.74000000000524
245565, 34801.1600,  3, 445.07, 27.220000000001164
245636, 34823.0900,  1, -20.81, 7.5
245636, 34823.0900,  1, -31.36, 7.5
245689, 34828.7700,  1, 56.72, 13.180000000000291
245689, 34828.7700,  1, 96.54, 13.180000000000291
245805, 34841.1900,  3, 596.52, 25.580000000001746
245810, 34841.7300,  3, 521.81, 26.10000000000582
245811, 34841.8400,  3, 495.48, 26.200000000004366
245833, 34844.1900,  3, 576.75, 28.590000000003783
245974, 34873.8000,  1, 138.67, 15.0
245974, 34873.8000,  1, -4.70, 15.0
246088, 34886.0200,  3, 555.47, 27.119999999995343
246091, 34886.3400,  3, 584.58, 27.5
246099, 34887.1900,  3, 518.36, 28.37999999999738
246107, 34888.0500,  3, 603.20, 29.229999999995925
246111, 34888.4800,  3, 559.94, 29.64999999999418
246122, 34889.6600,  3, 693.99, 30.80999999999767
246196, 34912.2700,  1, -47.04, 7.8399999999965075
246196, 34912.2700,  1, 2.70, 7.8399999999965075
246336, 34927.2700,  3, 542.01, 22.80999999999767
246374, 34931.3400,  3, 548.80, 26.81999999999971
246395, 34933.5900,  3, 571.25, 29.110000000000582
246414, 34935.6200,  3, 627.69, 31.12999999999738
246416, 34935.8400,  3, 616.78, 31.37999999999738
246419, 34936.1600,  3, 502.10, 31.709999999999127
246524, 34961.6900,  1, 45.28, 11.139999999999418
246524, 34961.6900,  1, 68.44, 11.139999999999418
246613, 34971.2300,  1, 184.76, 20.68000000000029
246629, 34972.9400,  3, 546.11, 22.30999999999767
246668, 34977.1200,  3, 602.44, 26.5199999999968
246680, 34978.4100,  3, 509.89, 27.80999999999767
246749, 34985.8000,  3, 562.87, 35.23999999999796
246764, 34987.4100,  3, 736.04, 36.83999999999651
246912, 35017.8400,  1, 97.57, 15.759999999994761
246912, 35017.8400,  1, 160.25, 15.759999999994761
246973, 35024.3700,  3, 450.49, 22.25999999999476
246973, 35024.3700,  3, 469.03, 22.25999999999476
247029, 35030.3700,  3, 524.02, 28.189999999995052
247046, 35032.1900,  3, 559.14, 30.089999999996508
247057, 35033.3700,  3, 602.13, 31.220000000001164
247232, 35052.1200,  2, 92.96,  50
247386, 35083.1200,  1, 66.85, 16.280000000006112
247386, 35083.1200,  1, 62.51, 16.280000000006112
247458, 35090.8400,  3, 535.79, 23.950000000004366
247483, 35093.5200,  3, 588.70, 26.62000000000262
247490, 35094.2700,  3, 627.88, 27.320000000006985
247516, 35097.0500,  3, 641.51, 30.110000000000582
247525, 35098.0200,  3, 549.79, 31.12000000000262
247525, 35098.0200,  3, 630.71, 31.160000000003492
247659, 35126.8700,  1, 130.69, 14.240000000005239
247659, 35126.8700,  1, 66.81, 14.240000000005239
247749, 35136.5200,  3, 507.93, 23.830000000001746
247793, 35141.2300,  3, 523.56, 28.560000000004948
247803, 35142.3000,  3, 615.45, 29.590000000003783
247816, 35143.6900,  3, 546.96, 31.040000000000873
247821, 35144.2300,  3, 628.97, 31.5
247870, 35149.4800,  3, 557.84, 36.81000000000495
248088, 35186.9100,  3, 512.08, 23.159999999996217
248093, 35187.4400,  3, 491.28, 23.689999999995052
248098, 35187.9800,  3, 535.96, 24.220000000001164
248111, 35189.3700,  3, 528.65, 25.619999999995343
248133, 35191.7300,  3, 540.95, 28.029999999998836
248137, 35192.1600,  3, 438.48, 28.479999999995925
248156, 35194.1900,  3, 445.14, 30.529999999998836
248181, 35196.8700,  3, 454.70, 33.12999999999738
248303, 35223.9400,  1, 64.62, 12.980000000003201
248303, 35223.9400,  1, 60.86, 12.980000000003201
248325, 35226.3000,  1, 82.19, 15.340000000003783
248378, 35231.9800,  3, 468.72, 20.989999999997963
248412, 35235.6200,  3, 511.32, 24.62000000000262
248440, 35238.6200,  3, 551.51, 27.639999999999418
248443, 35238.9400,  3, 607.53, 27.900000000001455
248476, 35242.4800,  3, 565.21, 31.489999999997963
248559, 35265.5500,  1, -17.95, 8.790000000000873
248559, 35265.5500,  1, -40.62, 8.790000000000873
248613, 35271.3400,  1, 111.22, 14.57999999999447
248616, 35271.6600,  1, 94.92, 14.900000000001455
248663, 35276.6900,  3, 520.35, 19.87999999999738
248675, 35277.9800,  3, 404.27, 21.18000000000029
248676, 35278.0900,  3, 461.80, 21.290000000000873
248759, 35286.9800,  3, 500.23, 30.110000000000582
248988, 35325.6600,  3, 506.28, 24.389999999999418
248999, 35326.8400,  3, 505.81, 25.57999999999447
249000, 35326.9400,  3, 512.02, 25.689999999995052
249007, 35327.6900,  3, 529.83, 26.389999999999418
249010, 35328.0200,  3, 542.58, 26.739999999997963
249025, 35329.6200,  3, 556.20, 28.30999999999767
249027, 35329.8400,  3, 534.88, 28.529999999998836
249076, 35335.0900,  3, 672.86, 33.80999999999767
249192, 35361.6200,  1, 97.97, 12.319999999999709
249197, 35362.1600,  1, 45.44, 12.860000000000582
249197, 35362.1600,  1, 110.63, 12.860000000000582
249264, 35369.3400,  3, 468.54, 20.0
249287, 35371.8000,  3, 459.99, 22.43000000000029
249312, 35374.4800,  3, 479.52, 25.14999999999418
249315, 35374.8000,  3, 464.87, 25.479999999995925
249334, 35376.8400,  3, 681.12, 27.529999999998836
249475, 35406.3700,  1, -21.52, 15.020000000004075
249475, 35406.3700,  1, 155.33, 15.020000000004075
249486, 35407.5500,  1, 132.82, 16.200000000004366
249560, 35415.4800,  3, 528.93, 24.090000000003783
249568, 35416.3400,  3, 533.44, 24.889999999999418
249587, 35418.3700,  3, 514.46, 26.93000000000029
249603, 35420.0900,  3, 611.84, 28.720000000001164
249623, 35422.2300,  3, 577.58, 30.840000000003783
249758, 35451.2300,  1, 25.98, 14.380000000004657
249758, 35451.2300,  1, 88.21, 14.380000000004657
249817, 35457.5500,  3, 489.74, 20.599999999998545
249817, 35457.5500,  1, 153.89, 20.700000000004366
249845, 35460.5500,  3, 520.58, 23.62000000000262
249860, 35462.1600,  3, 447.51, 25.220000000001164
249907, 35467.1900,  3, 528.42, 30.260000000002037
249938, 35470.5200,  3, 655.32, 33.56000000000495
250081, 35500.1200,  1, 98.41, 15.220000000001164
250081, 35500.1200,  1, 96.21, 15.220000000001164
250133, 35505.6900,  3, 453.06, 20.7699999999968
250153, 35507.8400,  3, 516.63, 22.860000000000582
250175, 35510.1900,  3, 556.27, 25.2699999999968
250177, 35510.4100,  3, 476.33, 25.419999999998254
250179, 35510.6200,  3, 487.31, 25.659999999996217
250197, 35512.5500,  3, 529.46, 27.580000000001746
250392, 35547.6200,  3, 503.40, 20.7699999999968
250393, 35547.7300,  3, 476.50, 20.840000000003783
250407, 35549.2300,  3, 533.61, 22.400000000001455
250408, 35549.3400,  3, 512.82, 22.459999999999127
250426, 35551.2700,  3, 518.25, 24.340000000003783
250464, 35555.3400,  3, 473.26, 28.44000000000233
250466, 35555.5500,  3, 508.39, 28.650000000001455
250558, 35565.4100,  3, 518.78, 38.48999999999796
250774, 35602.9800,  3, 436.96, 23.020000000004075
250793, 35605.0200,  3, 515.88, 24.99000000000524
250800, 35605.7700,  3, 539.71, 25.830000000001746
250801, 35605.8700,  3, 511.23, 25.880000000004657
250806, 35606.4100,  3, 547.42, 26.43000000000029
250821, 35608.0200,  3, 607.53, 28.06999999999971
250830, 35608.9800,  3, 546.08, 28.99000000000524
250844, 35610.4800,  3, 627.07, 30.540000000000873
250963, 35637.3700,  1, 69.48, 12.660000000003492
250963, 35637.3700,  1, 31.34, 12.660000000003492
251070, 35648.8400,  3, 455.17, 24.029999999998836
251077, 35649.5900,  3, 519.99, 24.81999999999971
251119, 35654.0900,  3, 543.73, 29.279999999998836
251127, 35654.9400,  3, 492.81, 30.139999999999418
251136, 35655.9100,  3, 667.92, 31.160000000003492
251312, 35674.7700,  2, 47.63,  50
251533, 35712.5900,  3, 559.39, 23.419999999998254
251555, 35714.9400,  3, 561.22, 25.830000000001746
251555, 35714.9400,  3, 473.56, 25.80000000000291
251556, 35715.0500,  3, 381.57, 25.889999999999418
251574, 35716.9800,  3, 548.92, 27.770000000004075
251591, 35718.8000,  3, 600.91, 29.650000000001455
251599, 35719.6600,  3, 564.14, 30.489999999997963
251781, 35739.1600,  2, 71.55,  50
251978, 35774.6900,  3, 476.34, 20.799999999995634
251984, 35775.3400,  3, 470.71, 21.5199999999968
252007, 35777.8000,  3, 552.60, 23.939999999995052
252036, 35780.9100,  3, 525.18, 27.029999999998836
252047, 35782.0900,  3, 476.86, 28.25
252049, 35782.3000,  3, 565.68, 28.459999999999127
252057, 35783.1600,  3, 545.13, 29.289999999993597
252250, 35803.8400,  2, 431.93,  50
252376, 35831.6600,  1, 65.61, 13.30000000000291
252376, 35831.6600,  1, 83.87, 13.30000000000291
252384, 35832.5200,  1, 78.11, 14.159999999996217
252465, 35841.1900,  3, 429.59, 22.80000000000291
252492, 35844.0900,  3, 487.30, 25.69999999999709
252500, 35844.9400,  3, 558.39, 26.510000000002037
252509, 35845.9100,  3, 537.24, 27.470000000001164
252512, 35846.2300,  3, 505.05, 27.7699999999968
252634, 35873.8400,  1, 91.10, 12.969999999993888
252634, 35873.8400,  1, 42.66, 12.969999999993888
252671, 35877.8000,  1, 2.38, 16.93000000000029
252671, 35877.8000,  1, 208.43, 16.93000000000029
252718, 35882.8400,  3, 505.97, 21.889999999999418
252724, 35883.4800,  3, 492.71, 22.56999999999971
252728, 35883.9100,  3, 512.64, 23.029999999998836
252748, 35886.0500,  1, 234.52, 25.18000000000029
252988, 35926.1600,  3, 525.03, 25.459999999999127
253012, 35928.7300,  3, 619.59, 28.05999999999767
253030, 35930.6600,  3, 522.67, 29.900000000001455
253058, 35933.6600,  3, 558.96, 32.95999999999913
253064, 35934.3000,  3, 515.28, 33.549999999995634
253084, 35936.4400,  3, 551.49, 35.69999999999709
253086, 35936.6600,  3, 617.08, 35.900000000001455
253093, 35937.4100,  3, 650.35, 36.669999999998254
253262, 35969.9100,  1, 34.74, 18.0
253262, 35969.9100,  1, 192.07, 18.0
253311, 35975.1600,  3, 483.69, 23.179999999993015
253351, 35979.4400,  3, 538.35, 27.489999999997963
253362, 35980.6200,  3, 613.40, 28.62999999999738
253363, 35980.7300,  3, 435.86, 28.7699999999968
253390, 35983.6200,  3, 533.78, 31.69999999999709
253392, 35983.8400,  3, 615.37, 31.869999999995343
253614, 36022.1200,  3, 508.78, 23.659999999996217
253618, 36022.5500,  3, 449.36, 24.089999999996508
253638, 36024.6900,  3, 436.14, 26.220000000001164
253641, 36025.0200,  3, 536.93, 26.56999999999971
253659, 36026.9400,  3, 445.92, 28.44000000000233
253671, 36028.2300,  3, 649.44, 29.69999999999709
253676, 36028.7700,  3, 557.92, 30.31999999999971
253713, 36032.7300,  3, 501.39, 34.19000000000233
253847, 36061.3700,  1, 63.12, 14.270000000004075
253847, 36061.3700,  1, -17.50, 14.270000000004075
253935, 36070.8000,  3, 532.66, 23.610000000000582
253954, 36072.8400,  3, 524.91, 25.630000000004657
253962, 36073.6900,  3, 496.01, 26.510000000002037
253969, 36074.4400,  3, 550.08, 27.239999999997963
253995, 36077.2300,  3, 487.58, 30.060000000004948
254007, 36078.5200,  3, 515.49, 31.31999999999971
254100, 36102.8700,  1, 32.65, 9.860000000000582
254100, 36102.8700,  1, -7.89, 9.860000000000582
254184, 36111.8700,  1, 73.22, 18.860000000000582
254222, 36115.9400,  3, 482.51, 22.839999999996508
254237, 36117.5500,  3, 521.56, 24.43000000000029
254253, 36119.2700,  3, 584.69, 26.25
254274, 36121.5200,  3, 486.99, 28.470000000001164
254475, 36143.0500,  2, 19.46,  50
254595, 36170.1900,  1, 72.36, 12.630000000004657
254595, 36170.1900,  1, 63.97, 12.630000000004657
254607, 36171.4800,  1, 84.21, 13.92000000000553
254685, 36179.8400,  3, 509.57, 22.25
254699, 36181.3400,  3, 497.29, 23.720000000001164
254709, 36182.4100,  3, 569.99, 24.74000000000524
254734, 36185.0900,  3, 664.34, 27.510000000002037
254736, 36185.3000,  3, 452.56, 27.7300000000032
254936, 36221.0900,  3, 426.48, 21.30000000000291
254943, 36221.8400,  3, 489.29, 22.010000000002037
254964, 36224.0900,  3, 485.76, 24.220000000001164
254970, 36224.7300,  3, 505.98, 24.87000000000262
255007, 36228.6900,  3, 542.46, 28.81999999999971
255009, 36228.9100,  3, 520.45, 29.030000000006112
255009, 36228.9100,  3, 595.89, 29.05000000000291
255044, 36232.6600,  3, 661.33, 32.80000000000291
255205, 36264.3000,  1, 115.86, 17.160000000003492
255205, 36264.3000,  1, 79.54, 17.160000000003492
255260, 36270.1900,  3, 473.63, 23.029999999998836
255300, 36274.4800,  3, 476.32, 27.25
255316, 36276.1900,  3, 553.97, 29.010000000002037
255317, 36276.3000,  3, 547.13, 29.139999999999418
255322, 36276.8400,  3, 469.66, 29.660000000003492
255409, 36286.1600,  3, 641.68, 38.94000000000233
255503, 36310.5500,  1, 3.53, 9.970000000001164
255578, 36318.5900,  1, 50.91, 18.00999999999476
255648, 36326.0900,  3, 552.48, 25.459999999999127
255649, 36326.1900,  3, 567.42, 25.599999999998545
255679, 36329.4100,  3, 583.62, 28.790000000000873
255706, 36332.3000,  3, 514.83, 31.68000000000029
255725, 36334.3400,  3, 566.85, 33.669999999998254
255753, 36337.3400,  3, 663.65, 36.669999999998254
255955, 36373.2300,  3, 496.00, 21.5
255963, 36374.0900,  3, 529.17, 22.37000000000262
255971, 36374.9400,  3, 526.05, 23.18000000000029
256036, 36381.9100,  3, 533.42, 30.19000000000233
256054, 36383.8400,  3, 585.44, 32.05000000000291
256056, 36384.0500,  3, 522.27, 32.270000000004075
256061, 36384.5900,  3, 555.48, 32.86000000000058
256107, 36389.5200,  3, 565.18, 37.75
256243, 36418.3700,  1, 51.17, 14.459999999999127
256243, 36418.3700,  1, 126.31, 14.459999999999127
256259, 36420.0900,  1, 145.47, 16.179999999993015
256311, 36425.6600,  3, 484.75, 21.729999999995925
256329, 36427.5900,  3, 475.07, 23.669999999998254
256341, 36428.8700,  3, 562.47, 24.869999999995343
256343, 36429.0900,  3, 470.41, 25.139999999999418
256405, 36435.7300,  3, 542.04, 31.80999999999767
256517, 36462.0200,  1, 76.44, 11.919999999998254
256517, 36462.0200,  1, 58.00, 11.919999999998254
256600, 36470.9100,  1, 129.13, 20.810000000004948
256604, 36471.3400,  3, 482.12, 21.160000000003492
256607, 36471.6600,  3, 494.15, 21.520000000004075
256629, 36474.0200,  3, 604.73, 23.840000000003783
256670, 36478.4100,  3, 527.08, 28.279999999998836
256693, 36480.8700,  3, 523.33, 30.75
256825, 36509.0900,  1, 60.53, 14.039999999993597
256906, 36517.7700,  3, 513.54, 22.689999999995052
256925, 36519.8000,  3, 496.93, 24.68000000000029
256929, 36520.2300,  3, 455.58, 25.089999999996508
256935, 36520.8700,  3, 543.69, 25.80999999999767
256957, 36523.2300,  3, 559.40, 28.06999999999971
256962, 36523.7700,  3, 487.37, 28.610000000000582
256965, 36524.0900,  3, 592.66, 28.94999999999709
257153, 36558.2700,  3, 501.65, 19.94000000000233
257169, 36559.9800,  3, 443.56, 21.669999999998254
257214, 36564.8000,  3, 501.89, 26.5199999999968
257224, 36565.8700,  3, 514.89, 27.55999999999767
257226, 36566.0900,  3, 525.97, 27.860000000000582
257237, 36567.2700,  3, 648.31, 29.010000000002037
257240, 36567.5900,  3, 529.28, 29.299999999995634
257259, 36569.6200,  3, 597.50, 31.37999999999738
257335, 36592.2700,  1, 36.16, 8.059999999997672
257408, 36600.0900,  1, 74.12, 15.87999999999738
257408, 36600.0900,  1, 67.73, 15.87999999999738
257471, 36606.8400,  3, 523.24, 22.55000000000291
257490, 36608.8700,  3, 519.50, 24.56999999999971
257509, 36610.9100,  3, 488.99, 26.69000000000233
257514, 36611.4400,  3, 580.76, 27.209999999999127
257649, 36625.9100,  3, 595.54, 41.599999999998545
257865, 36663.3400,  3, 454.17, 22.94999999999709
257888, 36665.8000,  3, 510.24, 25.43000000000029
257895, 36666.5500,  3, 458.13, 26.239999999997963
257899, 36666.9800,  3, 480.34, 26.62000000000262
257900, 36667.0900,  3, 573.15, 26.720000000001164
257904, 36667.5200,  3, 507.74, 27.12999999999738
257905, 36667.6200,  3, 585.98, 27.2699999999968
257942, 36671.5900,  3, 569.00, 31.220000000001164
258042, 36696.4100,  1, 68.08, 10.60000000000582
258042, 36696.4100,  1, -8.71, 10.60000000000582
258043, 36696.5200,  1, 33.36, 10.709999999999127
258043, 36696.5200,  1, 59.69, 10.709999999999127
258055, 36697.8000,  1, 33.31, 11.990000000005239
258084, 36700.9100,  1, 110.34, 15.10000000000582
258141, 36707.0200,  3, 482.49, 21.130000000004657
258155, 36708.5200,  3, 499.94, 22.610000000000582
258272, 36735.4400,  1, 83.40, 12.42000000000553
258272, 36735.4400,  1, 100.32, 12.42000000000553
258298, 36738.2300,  1, 60.36, 15.210000000006403
258356, 36744.4400,  3, 446.28, 21.410000000003492
258357, 36744.5500,  3, 462.74, 21.470000000001164
258365, 36745.4100,  3, 471.82, 22.31999999999971
258402, 36749.3700,  3, 490.82, 26.31999999999971
258437, 36753.1200,  3, 592.78, 30.040000000000873
258521, 36776.5200,  1, -29.13, 8.909999999996217
258526, 36777.0500,  1, 49.06, 9.440000000002328
258549, 36779.5200,  1, 17.05, 11.909999999996217
258549, 36779.5200,  1, 27.97, 11.909999999996217
258649, 36790.2300,  3, 495.86, 22.55999999999767
258672, 36792.6900,  3, 507.58, 24.989999999997963
258682, 36793.7700,  3, 477.03, 26.05999999999767
258736, 36799.5500,  3, 630.71, 31.839999999996508
258850, 36826.1600,  1, 75.81, 12.130000000004657
258850, 36826.1600,  1, 69.29, 12.130000000004657
258860, 36827.2300,  1, 116.18, 13.200000000004366
258890, 36830.4400,  1, 116.02, 16.410000000003492
258890, 36830.4400,  1, 90.51, 16.410000000003492
258931, 36834.8400,  3, 490.25, 20.709999999999127
258939, 36835.6900,  3, 455.67, 21.56999999999971
258963, 36838.2700,  3, 533.05, 24.220000000001164
259072, 36864.4800,  1, 67.99, 11.590000000003783
259112, 36868.7700,  1, 150.38, 15.87999999999738
259112, 36868.7700,  1, 173.31, 15.87999999999738
259167, 36874.6600,  3, 508.82, 21.760000000002037
259193, 36877.4400,  3, 513.82, 24.529999999998836
259195, 36877.6600,  3, 472.72, 24.68000000000029
259235, 36881.9400,  3, 657.45, 28.9800000000032
259295, 36888.3700,  3, 612.26, 35.419999999998254
259501, 36924.7300,  3, 528.23, 21.93000000000029
259522, 36926.9800,  3, 523.60, 24.150000000001455
259529, 36927.7300,  3, 520.23, 24.9800000000032
259541, 36929.0200,  3, 549.00, 26.270000000004075
259544, 36929.3400,  3, 553.62, 26.510000000002037
259557, 36930.7300,  3, 544.18, 27.9800000000032
259560, 36931.0500,  3, 583.86, 28.279999999998836
259606, 36935.9800,  3, 500.67, 33.18000000000029
259713, 36961.6900,  1, 44.27, 11.360000000000582
259713, 36961.6900,  1, -8.39, 11.360000000000582
259800, 36971.0200,  3, 514.33, 20.68000000000029
259828, 36974.0200,  3, 457.39, 23.610000000000582
259831, 36974.3400,  3, 534.46, 23.989999999997963
259836, 36974.8700,  3, 537.92, 24.479999999995925
259838, 36975.0900,  3, 501.03, 24.709999999999127
259853, 36976.6900,  3, 554.69, 26.330000000001746
259972, 37003.6900,  1, 61.57, 12.630000000004657
259993, 37005.9400,  1, 27.35, 14.880000000004657
260073, 37014.5200,  3, 538.38, 23.389999999999418
260101, 37017.5200,  3, 515.90, 26.42000000000553
260105, 37017.9400,  3, 473.40, 26.840000000003783
260127, 37020.3000,  3, 501.11, 29.160000000003492
260137, 37021.3700,  3, 539.75, 30.30000000000291
260216, 37029.8400,  3, 662.70, 38.770000000004075
260292, 37052.4800,  1, -13.70, 8.030000000006112
260292, 37052.4800,  1, -4.98, 8.030000000006112
260396, 37063.6200,  1, 83.26, 19.17000000000553
260446, 37068.9800,  3, 577.85, 24.460000000006403
260455, 37069.9400,  3, 597.55, 25.42000000000553
260470, 37071.5500,  3, 509.13, 27.020000000004075
260559, 37081.0900,  3, 616.64, 36.53000000000611
260574, 37082.6900,  3, 556.51, 38.2300000000032
260702, 37110.5500,  1, 101.89, 13.60000000000582
260702, 37110.5500,  1, 69.51, 13.60000000000582
260779, 37118.8000,  3, 519.85, 21.780000000006112
260799, 37120.9400,  3, 431.16, 23.9800000000032
260804, 37121.4800,  3, 594.21, 24.470000000001164
260810, 37122.1200,  3, 518.47, 25.080000000001746
260841, 37125.4400,  3, 492.64, 28.44000000000233
260864, 37127.9100,  3, 581.77, 30.860000000000582
261074, 37164.8400,  3, 506.56, 22.400000000001455
261076, 37165.0500,  3, 483.72, 22.55000000000291
261079, 37165.3700,  3, 512.57, 22.919999999998254
261098, 37167.4100,  3, 472.70, 24.889999999999418
261105, 37168.1600,  3, 560.68, 25.660000000003492
261113, 37169.0200,  3, 508.58, 26.55000000000291
261132, 37171.0500,  3, 440.97, 28.529999999998836
261141, 37172.0200,  3, 602.95, 29.510000000002037
261262, 37199.4800,  1, 80.76, 12.85000000000582
261349, 37208.8000,  3, 527.84, 22.150000000001455
261357, 37209.6600,  1, 183.22, 23.030000000006112
261362, 37210.1900,  3, 504.02, 23.530000000006112
261365, 37210.5200,  3, 517.46, 23.880000000004657
261371, 37211.1600,  3, 512.02, 24.42000000000553
261376, 37211.6900,  3, 516.68, 25.010000000002037
261376, 37211.6900,  3, 497.21, 25.020000000004075
261528, 37241.9800,  1, 73.83, 16.19000000000233
261528, 37241.9800,  1, 61.47, 16.19000000000233
261594, 37249.0500,  3, 434.49, 23.159999999996217
261605, 37250.2300,  3, 579.08, 24.37999999999738
261610, 37250.7700,  3, 463.25, 24.909999999996217
261628, 37252.6900,  3, 587.84, 26.849999999998545
261640, 37253.9800,  3, 574.71, 28.159999999996217
261643, 37254.3000,  3, 620.98, 28.44999999999709
261722, 37277.2700,  1, -39.08, 8.369999999995343
261845, 37290.4400,  3, 482.88, 21.5199999999968
261846, 37290.5500,  3, 451.76, 21.55999999999767
261850, 37290.9800,  3, 494.84, 22.049999999995634
261870, 37293.1200,  3, 505.05, 24.159999999996217
261878, 37293.9800,  3, 545.35, 25.05999999999767
261890, 37295.2700,  3, 529.22, 26.299999999995634
261922, 37298.6900,  3, 609.61, 29.689999999995052
262086, 37330.3400,  1, 108.34, 17.459999999999127
262105, 37332.3700,  3, 516.93, 19.43000000000029
262113, 37333.2300,  3, 448.37, 20.280000000006112
262124, 37334.4100,  3, 524.81, 21.520000000004075
262129, 37334.9400,  3, 471.98, 22.0
262159, 37338.1600,  3, 464.96, 25.260000000002037
262177, 37340.0900,  3, 535.32, 27.19000000000233
262183, 37340.7300,  3, 485.16, 27.790000000000873
262321, 37369.7300,  1, 48.34, 14.67000000000553
262321, 37369.7300,  1, 66.08, 14.67000000000553
262384, 37376.4800,  3, 498.24, 21.410000000003492
262412, 37379.4800,  3, 529.13, 24.400000000001455
262464, 37385.0500,  3, 650.66, 29.93000000000029
262478, 37386.5500,  3, 588.71, 31.44000000000233
262490, 37387.8400,  3, 559.55, 32.75
262533, 37392.4400,  3, 532.18, 37.35000000000582
262679, 37422.6200,  1, 13.99, 15.55000000000291
262684, 37423.1600,  1, 68.55, 16.090000000003783
262714, 37426.3700,  1, 49.93, 19.30000000000291
262741, 37429.2700,  3, 502.75, 22.160000000003492
262755, 37430.7700,  3, 478.85, 23.610000000000582
262765, 37431.8400,  3, 535.37, 24.720000000001164
262768, 37432.1600,  3, 511.17, 25.040000000000873
262785, 37433.9800,  3, 578.08, 26.80000000000291
262882, 37458.5900,  1, 37.92, 10.299999999995634
262882, 37458.5900,  1, 68.72, 10.299999999995634
262949, 37465.7700,  1, 105.01, 17.479999999995925
262953, 37466.1900,  1, 124.35, 17.900000000001455
263015, 37472.8400,  3, 472.14, 24.5
263027, 37474.1200,  3, 460.58, 25.81999999999971
263070, 37478.7300,  3, 474.13, 30.400000000001455
263137, 37485.9100,  3, 447.85, 37.580000000001746
263263, 37513.8000,  1, 76.31, 13.410000000003492
263263, 37513.8000,  1, 25.48, 13.410000000003492
263324, 37520.3400,  1, 66.94, 19.94999999999709
263384, 37526.7700,  3, 582.39, 26.349999999998545
263391, 37527.5200,  3, 565.89, 27.110000000000582
263403, 37528.8000,  3, 484.01, 28.349999999998545
263414, 37529.9800,  3, 547.79, 29.55999999999767
263432, 37531.9100,  3, 561.46, 31.419999999998254
263624, 37566.7300,  3, 444.28, 20.37999999999738
263680, 37572.7300,  3, 474.45, 26.44999999999709
263683, 37573.0500,  3, 558.89, 26.689999999995052
263688, 37573.5900,  3, 457.67, 27.299999999995634
263691, 37573.9100,  3, 510.29, 27.55999999999767
263721, 37577.1200,  3, 541.33, 30.839999999996508
263726, 37577.6600,  3, 494.86, 31.369999999995343
263762, 37581.5200,  3, 547.82, 35.220000000001164
263917, 37612.3700,  1, 134.22, 16.5
263995, 37620.7300,  3, 487.91, 24.799999999995634
264008, 37622.1200,  1, 85.28, 26.25
264015, 37622.8700,  3, 485.75, 26.969999999993888
264015, 37622.8700,  3, 539.85, 26.939999999995052
264015, 37622.8700,  3, 530.95, 26.969999999993888
264052, 37626.8400,  3, 479.00, 30.909999999996217
264085, 37630.3700,  3, 524.20, 34.48999999999796
264232, 37660.3400,  1, 57.03, 15.639999999999418
264298, 37667.4100,  3, 501.02, 22.660000000003492
264312, 37668.9100,  3, 512.77, 24.17000000000553
264319, 37669.6600,  3, 559.34, 24.860000000000582
264330, 37670.8400,  3, 530.46, 26.05000000000291
264351, 37673.0900,  3, 485.80, 28.31999999999971
264408, 37679.1900,  3, 652.45, 34.450000000004366
264538, 37693.1200,  3, 417.05, 48.38000000000466
264743, 37729.3000,  3, 450.22, 21.770000000004075
264750, 37730.0500,  3, 432.12, 22.520000000004075
264752, 37730.2700,  3, 472.25, 22.75
264768, 37731.9800,  3, 500.96, 24.44000000000233
264778, 37733.0500,  3, 552.76, 25.56999999999971
264789, 37734.2300,  3, 492.86, 26.770000000004075
264805, 37735.9400,  3, 498.74, 28.450000000004366
264829, 37738.5200,  3, 538.19, 31.020000000004075
264939, 37764.5500,  1, 57.90, 11.690000000002328
264939, 37764.5500,  1, -18.40, 11.690000000002328
265020, 37773.2300,  3, 464.94, 20.260000000002037
265067, 37778.2700,  3, 489.09, 25.37000000000262
265078, 37779.4400,  3, 511.78, 26.540000000000873
265080, 37779.6600,  3, 509.16, 26.739999999997963
265093, 37781.0500,  3, 519.48, 28.150000000001455
265097, 37781.4800,  3, 529.60, 28.56999999999971
265195, 37806.0500,  1, 59.58, 10.400000000001455
265197, 37806.2700,  1, 56.11, 10.619999999995343
265197, 37806.2700,  1, 33.28, 10.619999999995343
265294, 37816.6600,  3, 458.74, 20.959999999999127
265340, 37821.5900,  3, 480.92, 25.93000000000029
265412, 37829.3000,  3, 650.28, 33.61000000000058
265420, 37830.1600,  3, 598.14, 34.40999999999622
265421, 37830.2700,  3, 523.79, 34.599999999998545
265547, 37858.1600,  1, 36.83, 13.410000000003492
265547, 37858.1600,  1, 25.08, 13.410000000003492
265579, 37861.5900,  1, 59.69, 16.839999999996508
265589, 37862.6600,  1, 99.05, 17.910000000003492
265635, 37867.5900,  3, 482.43, 22.7300000000032
265694, 37873.9100,  3, 541.73, 29.05000000000291
265695, 37874.0200,  3, 505.34, 29.18000000000029
265889, 37894.8000,  2, 354.08,  50
266018, 37923.0500,  1, 94.42, 13.62000000000262
266018, 37923.0500,  1, 65.15, 13.62000000000262
266079, 37929.5900,  3, 458.85, 20.139999999999418
266091, 37930.8700,  3, 495.19, 21.400000000001455
266120, 37933.9800,  3, 500.99, 24.540000000000873
266134, 37935.4800,  3, 600.77, 25.989999999997963
266157, 37937.9400,  3, 607.20, 28.419999999998254
266207, 37943.3000,  3, 499.27, 33.779999999998836
266333, 37971.1600,  1, 89.29, 13.400000000001455
266362, 37974.2700,  1, -27.01, 16.50999999999476
266362, 37974.2700,  1, 65.31, 16.50999999999476
266429, 37981.4400,  3, 490.51, 23.62999999999738
266447, 37983.3700,  3, 525.66, 25.50999999999476
266524, 37991.6200,  3, 526.75, 33.779999999998836
266543, 37993.6600,  3, 641.26, 35.88999999999942
266574, 37996.9800,  3, 703.62, 39.20999999999913
266711, 38025.9800,  1, 27.01, 14.590000000003783
266797, 38035.1900,  3, 431.43, 23.779999999998836
266840, 38039.8000,  3, 553.08, 28.400000000001455
266844, 38040.2300,  3, 544.55, 28.739999999997963
266847, 38040.5500,  3, 562.77, 29.110000000000582
266858, 38041.7300,  3, 590.10, 30.25
266863, 38042.2700,  3, 530.60, 30.81999999999971
266885, 38044.6200,  3, 578.59, 33.150000000001455
267086, 38080.6600,  3, 474.15, 21.349999999998545
267088, 38080.8700,  3, 498.25, 21.62999999999738
267100, 38082.1600,  3, 530.45, 22.860000000000582
267116, 38083.8700,  3, 540.85, 24.599999999998545
267124, 38084.7300,  3, 630.31, 25.44999999999709
267131, 38085.4800,  3, 496.81, 26.229999999995925
267161, 38088.6900,  3, 487.27, 29.409999999996217
267199, 38092.7700,  3, 498.37, 33.48999999999796
267314, 38119.3400,  1, 61.23, 12.219999999993888
267314, 38119.3400,  1, 80.41, 12.219999999993888
267402, 38128.7700,  3, 476.85, 21.540000000000873
267416, 38130.2700,  3, 474.70, 23.07999999999447
267455, 38134.4400,  3, 516.68, 27.229999999995925
267459, 38134.8700,  3, 571.22, 27.659999999996217
267462, 38135.1900,  3, 573.33, 28.029999999998836
267518, 38141.1900,  3, 626.23, 33.98999999999796
267629, 38167.5500,  1, 75.84, 11.810000000004948
267629, 38167.5500,  1, 59.82, 11.810000000004948
267654, 38170.2300,  1, 26.25, 14.490000000005239
267749, 38180.4100,  3, 531.59, 24.639999999999418
267768, 38182.4400,  3, 584.38, 26.660000000003492
267811, 38187.0500,  3, 515.01, 31.200000000004366
267811, 38187.0500,  3, 524.80, 31.2300000000032
267834, 38189.5200,  3, 525.71, 33.74000000000524
267972, 38218.5200,  1, 141.15, 14.680000000000291
268039, 38225.6900,  3, 510.34, 21.830000000001746
268063, 38228.2700,  3, 544.88, 24.410000000003492
268068, 38228.8000,  3, 488.71, 24.860000000000582
268084, 38230.5200,  3, 482.86, 26.650000000001455
268088, 38230.9400,  3, 556.65, 27.080000000001746
268104, 38232.6600,  3, 509.29, 28.770000000004075
268127, 38235.1200,  3, 502.61, 31.25
268242, 38261.7300,  1, 39.14, 12.230000000003201
268242, 38261.7300,  1, 104.20, 12.230000000003201
268342, 38272.4400,  3, 448.46, 22.889999999999418
268351, 38273.4100,  3, 508.15, 23.87000000000262
268371, 38275.5500,  3, 589.98, 25.970000000001164
268397, 38278.3400,  3, 629.30, 28.75
268414, 38280.1600,  3, 530.40, 30.639999999999418
268438, 38282.7300,  3, 529.17, 33.16000000000349
268543, 38308.3000,  1, 26.12, 11.150000000001455
268543, 38308.3000,  1, 84.82, 11.150000000001455
268619, 38316.4400,  1, 125.39, 19.290000000000873
268619, 38316.4400,  1, 181.20, 19.290000000000873
268644, 38319.1200,  3, 452.16, 21.900000000001455
268664, 38321.2700,  3, 506.85, 24.0199999999968
268688, 38323.8400,  3, 589.73, 26.62999999999738
268745, 38329.9400,  3, 567.48, 32.720000000001164
268966, 38367.8700,  3, 532.04, 23.549999999995634
268983, 38369.6900,  3, 507.06, 25.360000000000582
268985, 38369.9100,  3, 512.11, 25.549999999995634
268986, 38370.0200,  3, 541.35, 25.639999999999418
269013, 38372.9100,  3, 569.36, 28.50999999999476
269017, 38373.3400,  3, 662.33, 28.979999999995925
269017, 38373.3400,  3, 597.30, 29.0199999999968
269044, 38376.2300,  3, 554.73, 31.889999999999418
269168, 38404.0500,  1, 90.89, 13.180000000000291
269168, 38404.0500,  1, 14.50, 13.180000000000291
269213, 38408.8700,  1, 139.21, 18.0
269271, 38415.0900,  3, 553.98, 24.189999999995052
269278, 38415.8400,  3, 543.28, 24.94999999999709
269284, 38416.4800,  3, 547.89, 25.57999999999447
269302, 38418.4100,  3, 542.76, 27.479999999995925
269310, 38419.2700,  3, 552.73, 28.32999999999447
269513, 38455.5200,  3, 433.32, 21.56999999999971
269514, 38455.6200,  3, 493.57, 21.69000000000233
269555, 38460.0200,  3, 525.27, 26.150000000001455
269567, 38461.3000,  3, 599.93, 27.400000000001455
269597, 38464.5200,  3, 534.31, 30.589999999996508
269627, 38467.7300,  3, 630.77, 33.80999999999767
269678, 38473.1900,  3, 525.23, 39.30000000000291
269728, 38478.5500,  3, 622.61, 44.650000000001455
269949, 38516.4800,  3, 581.12, 23.549999999995634
269962, 38517.8700,  3, 457.38, 24.87999999999738
269965, 38518.1900,  3, 610.72, 25.189999999995052
269976, 38519.3700,  3, 518.77, 26.429999999993015
269984, 38520.2300,  3, 547.24, 27.25
270007, 38522.6900,  3, 532.88, 29.739999999997963
270009, 38522.9100,  3, 505.25, 29.929999999993015
270021, 38524.1900,  3, 578.41, 31.25
270158, 38553.0500,  1, 71.00, 14.590000000003783
270158, 38553.0500,  1, 19.34, 14.590000000003783
270234, 38561.1900,  3, 454.81, 22.700000000004366
270258, 38563.7700,  3, 544.09, 25.25
270279, 38566.0200,  3, 509.08, 27.489999999997963
270291, 38567.3000,  3, 540.91, 28.770000000004075
270302, 38568.4800,  3, 601.51, 29.910000000003492
270360, 38574.6900,  3, 467.57, 36.150000000001455
270563, 38610.7700,  3, 477.18, 21.580000000001746
270573, 38611.8400,  3, 492.59, 22.69000000000233
270579, 38612.4800,  1, 194.04, 23.37000000000262
270583, 38612.9100,  3, 536.73, 23.7699999999968
270585, 38613.1200,  3, 467.00, 24.0
270637, 38618.6900,  3, 514.36, 29.510000000002037
270641, 38619.1200,  3, 554.63, 29.909999999996217
270677, 38622.9800,  3, 576.68, 33.79000000000087
270824, 38652.9400,  1, 116.53, 15.650000000001455
270869, 38657.7700,  3, 461.55, 20.37999999999738
270906, 38661.7300,  3, 528.51, 24.37000000000262
270918, 38663.0200,  3, 549.66, 25.68000000000029
270923, 38663.5500,  3, 471.38, 26.19000000000233
270940, 38665.3700,  3, 488.78, 28.010000000002037
270957, 38667.1900,  3, 463.85, 29.849999999998545
270989, 38670.6200,  3, 564.29, 33.2699999999968
271205, 38708.3000,  3, 532.23, 23.040000000000873
271223, 38710.2300,  3, 507.16, 24.94000000000233
271230, 38710.9800,  3, 486.00, 25.660000000003492
271230, 38710.9800,  3, 489.58, 25.62000000000262
271236, 38711.6200,  3, 509.96, 26.31999999999971
271248, 38712.9100,  3, 518.66, 27.56999999999971
271251, 38713.2300,  3, 571.64, 27.87999999999738
271274, 38715.6900,  3, 599.67, 30.360000000000582
271379, 38741.1600,  1, 61.15, 11.140000000006694
271379, 38741.1600,  1, 10.37, 11.140000000006694
271468, 38750.6900,  1, 120.40, 20.67000000000553
271468, 38750.6900,  1, 215.26, 20.67000000000553
271472, 38751.1200,  3, 492.61, 21.010000000002037
271514, 38755.6200,  3, 477.88, 25.540000000000873
271548, 38759.2700,  3, 478.03, 29.17000000000553
271574, 38762.0500,  3, 577.03, 31.960000000006403
271704, 38790.5200,  1, 59.67, 13.839999999996508
271728, 38793.0900,  1, 134.09, 16.409999999996217
271728, 38793.0900,  1, 22.12, 16.409999999996217
271764, 38796.9400,  1, 142.80, 20.260000000002037
271764, 38796.9400,  1, 55.14, 20.260000000002037
271790, 38799.7300,  3, 527.97, 23.040000000000873
271798, 38800.5900,  3, 522.48, 23.860000000000582
271890, 38810.4400,  3, 598.38, 33.669999999998254
272082, 38845.4100,  3, 477.60, 20.459999999999127
272111, 38848.5200,  3, 519.51, 23.549999999995634
272123, 38849.8000,  3, 472.31, 24.839999999996508
272159, 38853.6600,  3, 584.13, 28.610000000000582
272168, 38854.6200,  3, 561.23, 29.639999999999418
272174, 38855.2700,  3, 611.25, 30.239999999997963
272216, 38859.7700,  3, 627.17, 34.75999999999476
272221, 38860.3000,  3, 546.03, 35.30999999999767
272375, 38891.1900,  1, 114.68, 16.410000000003492
272375, 38891.1900,  1, 14.52, 16.410000000003492
272432, 38897.3000,  3, 492.59, 22.4800000000032
272456, 38899.8700,  3, 535.35, 25.029999999998836
272461, 38900.4100,  3, 499.03, 25.62000000000262
272487, 38903.1900,  3, 492.06, 28.31999999999971
272500, 38904.5900,  3, 507.46, 29.739999999997963
272583, 38913.4800,  3, 638.48, 38.599999999998545
272680, 38937.9100,  1, 30.08, 10.30000000000291
272700, 38940.0500,  1, 103.29, 12.440000000002328
272700, 38940.0500,  1, 61.40, 12.440000000002328
272800, 38950.7700,  3, 487.86, 23.06999999999971
272844, 38955.4800,  3, 472.57, 27.80000000000291
272847, 38955.8000,  3, 582.05, 28.099999999998545
272858, 38956.9800,  3, 580.99, 29.339999999996508
272934, 38965.1200,  3, 447.59, 37.40999999999622
273007, 38987.1900,  1, -33.89, 7.720000000001164
273007, 38987.1900,  1, -30.69, 7.720000000001164
273020, 38988.5900,  1, -98.53, 9.119999999995343
273020, 38988.5900,  1, 27.66, 9.119999999995343
273125, 38999.8400,  3, 458.01, 20.279999999998836
273149, 39002.4100,  3, 523.76, 22.87999999999738
273180, 39005.7300,  3, 502.23, 26.19999999999709
273206, 39008.5200,  3, 607.10, 28.989999999997963
273409, 39044.5200,  3, 490.13, 21.62999999999738
273428, 39046.5500,  3, 436.75, 23.62000000000262
273437, 39047.5200,  3, 451.11, 24.639999999999418
273438, 39047.6200,  3, 498.81, 24.75
273462, 39050.1900,  3, 564.68, 27.31999999999971
273462, 39050.1900,  3, 537.74, 27.30999999999767
273471, 39051.1600,  3, 573.75, 28.2699999999968
273493, 39053.5200,  3, 511.77, 30.610000000000582
273623, 39081.6900,  1, 105.57, 13.810000000004948
273623, 39081.6900,  1, 99.64, 13.810000000004948
273699, 39089.8400,  3, 489.19, 21.900000000001455
273715, 39091.5500,  3, 545.98, 23.610000000000582
273727, 39092.8400,  3, 485.76, 24.93000000000029
273730, 39093.1600,  3, 543.92, 25.260000000002037
273762, 39096.5900,  3, 588.84, 28.68000000000029
273773, 39097.7700,  3, 520.17, 29.860000000000582
273877, 39123.1600,  1, 23.80, 11.060000000004948
273877, 39123.1600,  1, 82.53, 11.060000000004948
273899, 39125.5200,  1, 49.05, 13.419999999998254
273986, 39134.8400,  3, 472.92, 22.700000000004366
273995, 39135.8000,  3, 562.74, 23.68000000000029
274000, 39136.3400,  3, 523.09, 24.209999999999127
274005, 39136.8700,  3, 479.42, 24.739999999997963
274112, 39148.3400,  3, 664.96, 36.220000000001164
274270, 39179.5200,  1, 12.78, 16.81999999999971
274306, 39183.3700,  3, 474.20, 20.580000000001746
274343, 39187.3400,  3, 446.23, 24.560000000004948
274348, 39187.8700,  3, 541.05, 25.150000000001455
274359, 39189.0500,  3, 465.33, 26.30000000000291
274363, 39189.4800,  3, 454.39, 26.770000000004075
274405, 39193.9800,  3, 561.49, 31.19000000000233
274437, 39197.4100,  3, 610.27, 34.69000000000233
274505, 39219.1900,  1, -71.69, 7.190000000002328
274505, 39219.1900,  1, -53.06, 7.190000000002328
274620, 39231.5200,  1, 140.88, 19.5199999999968
274623, 39231.8400,  1, 137.71, 19.839999999996508
274667, 39236.5500,  3, 505.26, 24.489999999997963
274692, 39239.2300,  3, 590.29, 27.169999999998254
274711, 39241.2700,  3, 563.63, 29.239999999997963
274905, 39262.0500,  2, 352.70,  50
275108, 39298.2300,  3, 496.99, 21.470000000001164
275126, 39300.1600,  3, 518.98, 23.400000000001455
275130, 39300.5900,  3, 484.96, 23.780000000006112
275138, 39301.4400,  3, 531.86, 24.639999999999418
275147, 39302.4100,  3, 493.03, 25.68000000000029
275161, 39303.9100,  3, 576.45, 27.17000000000553
275174, 39305.3000,  3, 509.42, 28.5
275201, 39308.1900,  3, 556.17, 31.389999999999418
275274, 39330.1600,  1, -45.35, 7.720000000001164
275274, 39330.1600,  1, -28.37, 7.720000000001164
275312, 39334.2300,  1, 74.74, 11.790000000000873
275312, 39334.2300,  1, 62.92, 11.790000000000873
275337, 39336.9100,  1, 112.64, 14.470000000001164
275426, 39346.4400,  3, 498.60, 23.919999999998254
275430, 39346.8700,  3, 536.19, 24.349999999998545
275446, 39348.5900,  3, 518.16, 26.049999999995634
275589, 39378.1600,  1, 37.08, 15.210000000006403
275589, 39378.1600,  1, 174.66, 15.210000000006403
275639, 39383.5200,  3, 453.01, 20.470000000001164
275661, 39385.8700,  3, 454.68, 22.860000000000582
275680, 39387.9100,  3, 479.42, 24.910000000003492
275686, 39388.5500,  3, 464.35, 25.56999999999971
275694, 39389.4100,  3, 491.80, 26.42000000000553
275744, 39394.7700,  3, 519.03, 31.720000000001164
275875, 39422.9800,  1, 111.95, 13.930000000000291
275875, 39422.9800,  1, 102.25, 13.930000000000291
275964, 39432.5200,  3, 476.21, 23.409999999996217
275977, 39433.9100,  3, 497.65, 24.80999999999767
275978, 39434.0200,  3, 490.40, 24.889999999999418
275981, 39434.3400,  3, 530.59, 25.239999999997963
275985, 39434.7700,  3, 489.70, 25.639999999999418
275987, 39434.9800,  3, 501.78, 25.860000000000582
276141, 39465.7300,  1, 24.75, 16.410000000003492
276141, 39465.7300,  1, 166.40, 16.410000000003492
276212, 39473.3400,  3, 485.71, 23.94999999999709
276228, 39475.0500,  3, 480.76, 25.709999999999127
276256, 39478.0500,  3, 511.88, 28.709999999999127
276275, 39480.0900,  3, 580.25, 30.720000000001164
276275, 39480.0900,  3, 633.63, 30.68000000000029
276316, 39484.4800,  3, 707.58, 35.09000000000378
276516, 39519.9800,  3, 423.22, 21.279999999998836
276522, 39520.6200,  3, 478.49, 21.89999999999418
276542, 39522.7700,  3, 523.75, 24.00999999999476
276548, 39523.4100,  3, 540.15, 24.659999999996217
276567, 39525.4400,  3, 461.70, 26.709999999999127
276572, 39525.9800,  3, 564.18, 27.289999999993597
276598, 39528.7700,  3, 529.31, 30.06999999999971
276619, 39531.0200,  3, 533.79, 32.25999999999476
276768, 39561.3700,  1, 107.63, 15.860000000000582
276768, 39561.3700,  1, 94.97, 15.860000000000582
276776, 39562.2300,  1, 161.77, 16.720000000001164
276776, 39562.2300,  1, 198.88, 16.720000000001164
276854, 39570.5900,  3, 472.79, 25.0
276866, 39571.8700,  3, 532.18, 26.299999999995634
276881, 39573.4800,  3, 554.59, 27.909999999996217
276886, 39574.0200,  3, 525.55, 28.479999999995925
277104, 39611.7300,  3, 548.35, 23.159999999996217
277107, 39612.0500,  3, 547.94, 23.549999999995634
277117, 39613.1200,  3, 488.38, 24.599999999998545
277137, 39615.2700,  3, 589.32, 26.75999999999476
277143, 39615.9100,  3, 497.60, 27.31999999999971
277147, 39616.3400,  3, 509.68, 27.799999999995634
277155, 39617.1900,  3, 558.64, 28.619999999995343
277217, 39623.8400,  3, 641.87, 35.32999999999447
277318, 39649.1600,  1, 54.01, 10.720000000001164
277318, 39649.1600,  1, 52.94, 10.720000000001164
277342, 39651.7300,  1, 27.81, 13.290000000000873
277342, 39651.7300,  1, 93.57, 13.290000000000873
277350, 39652.5900,  1, 49.35, 14.14999999999418
277417, 39659.7700,  3, 510.01, 21.220000000001164
277448, 39663.0900,  3, 486.39, 24.549999999995634
277480, 39666.5200,  3, 618.21, 28.040000000000873
277563, 39689.8000,  1, 37.73, 8.80000000000291
277563, 39689.8000,  1, -10.03, 8.80000000000291
277565, 39690.0200,  1, 15.01, 9.019999999996799
277565, 39690.0200,  1, -54.77, 9.019999999996799
277703, 39704.8000,  3, 477.77, 23.75
277715, 39706.0900,  3, 525.50, 24.9800000000032
277724, 39707.0500,  3, 518.71, 25.989999999997963
277725, 39707.1600,  3, 548.86, 26.06999999999971
277899, 39740.0900,  1, 141.78, 18.549999999995634
277955, 39746.0900,  3, 523.10, 24.479999999995925
277999, 39750.8000,  3, 587.78, 29.239999999997963
278002, 39751.1200,  3, 535.36, 29.55999999999767
278012, 39752.1900,  3, 606.71, 30.599999999998545
278034, 39754.5500,  3, 515.09, 32.970000000001164
278053, 39756.5900,  3, 670.33, 34.94999999999709
278074, 39758.8400,  3, 529.62, 37.279999999998836
278180, 39784.5500,  1, 4.61, 11.270000000004075
278180, 39784.5500,  1, 43.34, 11.270000000004075
278195, 39786.1600,  1, 22.07, 12.880000000004657
278195, 39786.1600,  1, 88.66, 12.880000000004657
278289, 39796.2300,  3, 498.33, 22.910000000003492
278315, 39799.0200,  3, 486.03, 25.630000000004657
278353, 39803.0900,  3, 553.57, 29.779999999998836
278369, 39804.8000,  3, 614.04, 31.450000000004366
278477, 39830.9800,  1, 73.52, 11.490000000005239
278477, 39830.9800,  1, 62.37, 11.490000000005239
278482, 39831.5200,  1, 130.15, 12.029999999998836
278482, 39831.5200,  1, 70.78, 12.029999999998836
278568, 39840.7300,  3, 485.32, 21.200000000004366
278603, 39844.4800,  3, 527.31, 24.92000000000553
278623, 39846.6200,  3, 479.86, 27.040000000000873
278624, 39846.7300,  3, 548.66, 27.160000000003492
278760, 39875.5500,  1, 99.51, 14.470000000001164
278760, 39875.5500,  1, 59.36, 14.470000000001164
278834, 39883.4800,  3, 461.74, 22.339999999996508
278857, 39885.9400,  3, 536.31, 24.839999999996508
278872, 39887.5500,  3, 469.24, 26.409999999996217
278876, 39887.9800,  3, 581.56, 26.860000000000582
278878, 39888.1900,  3, 585.83, 27.06999999999971
278916, 39892.2700,  3, 667.64, 31.12999999999738
279095, 39925.9800,  1, 61.30, 19.090000000003783
279103, 39926.8400,  3, 497.41, 19.919999999998254
279156, 39932.5200,  3, 491.95, 25.599999999998545
279169, 39933.9100,  3, 558.32, 26.919999999998254
279178, 39934.8700,  3, 478.97, 27.910000000003492
279185, 39935.6200,  3, 577.46, 28.669999999998254
279209, 39938.1900,  3, 586.90, 31.260000000002037
279213, 39938.6200,  3, 512.58, 31.709999999999127
279361, 39968.8700,  1, 135.08, 15.740000000005239
279361, 39968.8700,  1, 119.67, 15.740000000005239
279416, 39974.7700,  3, 499.70, 21.55000000000291
279431, 39976.3700,  3, 464.76, 23.2300000000032
279466, 39980.1200,  3, 520.55, 26.959999999999127
279468, 39980.3400,  3, 557.32, 27.200000000004366
279491, 39982.8000,  3, 479.80, 29.56999999999971
279503, 39984.0900,  3, 644.04, 30.92000000000553
279607, 40009.2300,  1, 29.02, 11.05000000000291
279607, 40009.2300,  1, 68.12, 11.05000000000291
279611, 40009.6600,  1, 63.70, 11.480000000003201
279712, 40020.4800,  3, 477.92, 22.279999999998836
279723, 40021.6600,  3, 563.72, 23.44999999999709
279727, 40022.0900,  3, 499.97, 23.889999999999418
279745, 40024.0200,  3, 510.58, 25.80999999999767
279745, 40024.0200,  3, 513.41, 25.80000000000291
279892, 40054.4100,  1, 104.96, 15.650000000001455
279892, 40054.4100,  1, 157.99, 15.650000000001455
279947, 40060.3000,  3, 451.38, 21.43000000000029
279955, 40061.1600,  3, 518.42, 22.37999999999738
279966, 40062.3400,  3, 543.28, 23.540000000000873
279973, 40063.0900,  3, 518.38, 24.31999999999971
279995, 40065.4400,  3, 457.09, 26.599999999998545
280197, 40087.0900,  1, 205.84, 48.32999999999447
280314, 40114.1600,  1, 104.57, 12.330000000001746
280314, 40114.1600,  1, 31.23, 12.330000000001746
280340, 40116.9400,  1, 184.60, 15.110000000000582
280340, 40116.9400,  1, 24.73, 15.110000000000582
280427, 40126.2700,  3, 478.39, 24.400000000001455
280448, 40128.5200,  3, 525.35, 26.610000000000582
280476, 40131.5200,  3, 519.45, 29.610000000000582
280488, 40132.8000,  3, 540.56, 30.869999999995343
280612, 40160.5900,  1, 21.43, 13.189999999995052
280612, 40160.5900,  1, 2.81, 13.189999999995052
280628, 40162.3000,  1, 101.55, 14.900000000001455
280628, 40162.3000,  1, 141.11, 14.900000000001455
280698, 40169.8000,  3, 552.30, 22.299999999995634
280742, 40174.5200,  3, 509.69, 27.05999999999767
280760, 40176.4400,  3, 572.02, 29.010000000002037
280770, 40177.5200,  3, 602.52, 30.110000000000582
280984, 40214.7700,  3, 510.92, 22.81999999999971
280992, 40215.6200,  3, 498.01, 23.639999999999418
281018, 40218.4100,  3, 557.32, 26.43000000000029
281023, 40218.9400,  3, 508.61, 26.939999999995052
281031, 40219.8000,  3, 512.07, 27.75
281096, 40226.7700,  3, 546.04, 34.81999999999971
281238, 40241.9800,  2, 343.47,  50
281238, 40241.9800,  2, 453.30,  50
281462, 40279.9800,  3, 487.40, 23.710000000006403
281469, 40280.7300,  3, 535.43, 24.5
281471, 40280.9400,  3, 542.57, 24.67000000000553
281471, 40280.9400,  3, 499.29, 24.660000000003492
281479, 40281.8000,  3, 494.08, 25.5
281500, 40284.0500,  3, 568.92, 27.830000000001746
281505, 40284.5900,  3, 478.30, 28.380000000004657
281515, 40285.6600,  3, 548.44, 29.37000000000262
281628, 40312.1900,  1, 61.82, 12.0
281628, 40312.1900,  1, 70.55, 12.0
281722, 40322.2700,  1, 201.41, 22.07999999999447
281722, 40322.2700,  1, 146.16, 22.07999999999447
281762, 40326.5500,  3, 551.75, 26.30999999999767
281770, 40327.4100,  3, 584.02, 27.18000000000029
281779, 40328.3700,  3, 496.29, 28.119999999995343
281794, 40329.9800,  3, 589.51, 29.779999999998836
281936, 40359.5900,  1, 155.67, 15.12999999999738
282000, 40366.4400,  3, 526.71, 21.950000000004366
282004, 40366.8700,  3, 531.47, 22.31999999999971
282009, 40367.4100,  3, 402.04, 22.900000000001455
282034, 40370.0900,  3, 481.78, 25.599999999998545
282038, 40370.5200,  3, 492.57, 26.05000000000291
282046, 40371.3700,  3, 616.06, 26.900000000001455
282065, 40373.4100,  3, 465.64, 28.900000000001455
282194, 40401.5900,  1, 89.16, 13.719999999993888
282194, 40401.5900,  1, 44.06, 13.719999999993888
282282, 40411.0200,  3, 472.90, 23.040000000000873
282288, 40411.6600,  3, 494.88, 23.69999999999709
282307, 40413.6900,  3, 489.17, 25.80999999999767
282310, 40414.0200,  3, 576.81, 26.049999999995634
282320, 40415.0900,  3, 540.11, 27.169999999998254
282408, 40424.5200,  3, 636.09, 36.599999999998545
282498, 40448.5500,  1, -30.41, 9.560000000004948
282498, 40448.5500,  1, 16.29, 9.560000000004948
282507, 40449.5200,  1, 5.88, 10.529999999998836
282507, 40449.5200,  1, 82.86, 10.529999999998836
282508, 40449.6200,  1, 55.51, 10.630000000004657
282582, 40457.5500,  1, 150.43, 18.560000000004948
282643, 40464.0900,  3, 486.92, 25.020000000004075
282689, 40469.0200,  3, 630.73, 29.92000000000553
282896, 40505.7700,  3, 472.33, 22.05999999999767
282897, 40505.8700,  3, 547.78, 22.159999999996217
282915, 40507.8000,  3, 547.24, 24.05999999999767
282920, 40508.3400,  3, 578.59, 24.56999999999971
282955, 40512.0900,  3, 515.59, 28.37999999999738
282970, 40513.6900,  3, 588.71, 29.959999999999127
282971, 40513.8000,  3, 543.09, 30.029999999998836
282978, 40514.5500,  3, 464.19, 30.81999999999971
283195, 40551.9400,  3, 577.01, 23.139999999999418
283205, 40553.0200,  3, 530.93, 24.160000000003492
283220, 40554.6200,  3, 495.08, 25.75
283225, 40555.1600,  3, 658.24, 26.31999999999971
283233, 40556.0200,  3, 519.68, 27.169999999998254
283251, 40557.9400,  3, 470.08, 29.080000000001746
283254, 40558.2700,  3, 604.18, 29.389999999999418
283265, 40559.4400,  3, 543.08, 30.580000000001746
283397, 40588.0900,  1, 109.11, 14.059999999997672
283397, 40588.0900,  1, 113.15, 14.059999999997672
283488, 40597.8400,  3, 491.87, 23.779999999998836
283494, 40598.4800,  3, 499.38, 24.37000000000262
283514, 40600.6200,  3, 477.60, 26.5
283523, 40601.5900,  3, 550.29, 27.489999999997963
283573, 40606.9400,  3, 531.79, 32.87000000000262
283610, 40610.9100,  3, 490.34, 36.849999999998545
283722, 40637.2300,  1, 31.01, 11.900000000001455
283722, 40637.2300,  1, 10.80, 11.900000000001455
283785, 40643.9800,  3, 434.61, 18.619999999995343
283819, 40647.6200,  3, 502.94, 22.229999999995925
283824, 40648.1600,  3, 507.59, 22.75999999999476
283828, 40648.5900,  3, 498.59, 23.239999999997963
283856, 40651.5900,  3, 441.25, 26.229999999995925
283879, 40654.0500,  3, 543.23, 28.659999999996217
283989, 40680.3000,  1, 37.79, 11.67000000000553
283989, 40680.3000,  1, 93.86, 11.67000000000553
284089, 40691.0200,  1, 151.14, 22.389999999999418
284104, 40692.6200,  3, 543.83, 23.959999999999127
284118, 40694.1200,  3, 509.20, 25.44000000000233
284147, 40697.2300,  3, 563.52, 28.530000000006112
284174, 40700.1200,  3, 524.23, 31.470000000001164
284189, 40701.7300,  3, 483.26, 33.03000000000611
284389, 40737.4800,  3, 458.08, 21.330000000001746
284399, 40738.5500,  3, 532.68, 22.340000000003783
284425, 40741.3400,  3, 503.46, 25.110000000000582
284436, 40742.5200,  3, 531.74, 26.290000000000873
284446, 40743.5900,  3, 519.51, 27.349999999998545
284482, 40747.4400,  3, 614.36, 31.290000000000873
284484, 40747.6600,  3, 519.53, 31.419999999998254
284490, 40748.3000,  3, 564.93, 32.09000000000378
284616, 40776.0500,  1, 51.13, 13.389999999999418
284616, 40776.0500,  1, 97.44, 13.389999999999418
284635, 40778.0900,  1, 143.64, 15.429999999993015
284635, 40778.0900,  1, 27.44, 15.429999999993015
284694, 40784.4100,  3, 471.56, 21.64999999999418
284711, 40786.2300,  3, 542.24, 23.539999999993597
284758, 40791.2700,  3, 501.49, 28.539999999993597
284771, 40792.6600,  3, 601.70, 29.979999999995925
284870, 40817.6600,  1, 49.96, 10.510000000002037
284870, 40817.6600,  1, 29.78, 10.510000000002037
284915, 40822.4800,  1, 133.14, 15.330000000001746
284915, 40822.4800,  1, 48.58, 15.330000000001746
284990, 40830.5200,  3, 502.63, 23.2699999999968
285004, 40832.0200,  3, 489.91, 24.81999999999971
285013, 40832.9800,  3, 476.96, 25.790000000000873
285071, 40839.1900,  3, 633.12, 31.939999999995052
285197, 40867.0900,  1, 103.60, 13.389999999999418
285197, 40867.0900,  1, 70.96, 13.389999999999418
285277, 40875.6600,  3, 462.14, 21.87000000000262
285295, 40877.5900,  3, 510.58, 23.860000000000582
285297, 40877.8000,  3, 461.53, 24.0
285311, 40879.3000,  3, 490.07, 25.520000000004075
285318, 40880.0500,  3, 491.62, 26.280000000006112
285335, 40881.8700,  3, 517.76, 28.080000000001746
285533, 40917.0500,  3, 469.96, 21.06999999999971
285544, 40918.2300,  3, 423.50, 22.189999999995052
285554, 40919.3000,  3, 480.00, 23.339999999996508
285563, 40920.2700,  3, 511.79, 24.30999999999767
285587, 40922.8400,  3, 492.16, 26.81999999999971
285600, 40924.2300,  3, 601.10, 28.220000000001164
285609, 40925.1900,  3, 446.03, 29.14999999999418
285656, 40930.2300,  3, 592.16, 34.25
285878, 40968.5200,  3, 415.78, 23.650000000001455
285880, 40968.7300,  3, 434.54, 23.830000000001746
285898, 40970.6600,  3, 449.98, 25.80000000000291
285904, 40971.3000,  3, 536.18, 26.37999999999738
285912, 40972.1600,  3, 567.39, 27.290000000000873
285916, 40972.5900,  3, 590.60, 27.68000000000029
285918, 40972.8000,  3, 457.84, 27.94999999999709
285923, 40973.3400,  3, 516.97, 28.4800000000032
286112, 41007.8400,  3, 449.86, 20.110000000000582
286145, 41011.3700,  3, 502.13, 23.630000000004657
286175, 41014.5900,  3, 574.62, 26.900000000001455
286177, 41014.8000,  3, 537.22, 27.12000000000262
286179, 41015.0200,  3, 551.84, 27.270000000004075
286184, 41015.5500,  3, 531.85, 27.849999999998545
286210, 41018.3400,  3, 530.27, 30.610000000000582
286235, 41021.0200,  3, 508.36, 33.330000000001746
286312, 41043.7300,  1, -32.47, 8.140000000006694
286312, 41043.7300,  1, -50.56, 8.140000000006694
286427, 41056.0500,  1, 124.38, 20.460000000006403
286427, 41056.0500,  3, 443.73, 20.400000000001455
286438, 41057.2300,  3, 438.49, 21.60000000000582
286470, 41060.6600,  1, 256.64, 25.070000000006985
286470, 41060.6600,  1, 174.88, 25.070000000006985
286471, 41060.7700,  3, 528.47, 25.17000000000553
286619, 41090.8700,  1, 71.75, 15.760000000002037
286681, 41097.5200,  3, 459.89, 22.400000000001455
286686, 41098.0500,  3, 447.05, 22.919999999998254
286701, 41099.6600,  3, 453.77, 24.44999999999709
286705, 41100.0900,  3, 457.43, 24.900000000001455
286721, 41101.8000,  3, 493.37, 26.669999999998254
286727, 41102.4400,  3, 509.30, 27.31999999999971
286732, 41102.9800,  3, 508.87, 27.7699999999968
286882, 41133.3000,  1, 34.49, 15.980000000003201
286882, 41133.3000,  1, 19.60, 15.980000000003201
286936, 41139.0900,  3, 474.45, 21.669999999998254
286946, 41140.1600,  3, 427.80, 22.80999999999767
286957, 41141.3400,  3, 505.02, 23.94000000000233
286966, 41142.3000,  3, 473.20, 24.889999999999418
287000, 41145.9400,  3, 577.27, 28.599999999998545
287000, 41145.9400,  3, 556.38, 28.55000000000291
287122, 41173.3000,  1, 103.67, 12.970000000001164
287122, 41173.3000,  1, 61.93, 12.970000000001164
287191, 41180.6900,  3, 449.25, 20.30999999999767
287200, 41181.6600,  3, 472.79, 21.239999999997963
287219, 41183.6900,  3, 420.88, 23.2699999999968
287224, 41184.2300,  3, 459.09, 23.799999999995634
287248, 41186.8000,  3, 496.47, 26.419999999998254
287300, 41192.3700,  3, 585.90, 31.979999999995925
287387, 41215.9800,  1, 35.19, 9.210000000006403
287430, 41220.5900,  1, 71.51, 13.819999999999709
287471, 41224.9800,  3, 447.46, 18.19000000000233
287511, 41229.2700,  3, 459.63, 22.42000000000553
287521, 41230.3400,  3, 450.65, 23.540000000000873
287521, 41230.3400,  3, 452.55, 23.530000000006112
287528, 41231.0900,  3, 503.29, 24.220000000001164
287590, 41237.7300,  3, 567.32, 30.910000000003492
287700, 41263.7700,  1, -11.44, 11.69999999999709
287700, 41263.7700,  1, 42.27, 11.69999999999709
287747, 41268.8000,  1, 87.16, 16.7300000000032
287747, 41268.8000,  1, 70.33, 16.7300000000032
287821, 41276.7300,  3, 476.08, 24.590000000003783
287844, 41279.1900,  3, 584.70, 27.099999999998545
287895, 41284.6600,  3, 523.17, 32.55000000000291
287908, 41286.0500,  3, 547.09, 33.919999999998254
288001, 41310.6600,  1, -14.39, 9.87000000000262
288001, 41310.6600,  1, -18.74, 9.87000000000262
288050, 41315.9100,  1, 132.80, 15.12000000000262
288105, 41321.8000,  3, 482.78, 20.979999999995925
288117, 41323.0900,  3, 403.09, 22.239999999997963
288124, 41323.8400,  3, 507.12, 23.029999999998836
288144, 41325.9800,  3, 523.12, 25.099999999998545
288153, 41326.9400,  3, 533.02, 26.12000000000262
288252, 41351.8000,  1, 4.19, 10.490000000005239
288252, 41351.8000,  1, 25.71, 10.490000000005239
288337, 41360.9100,  3, 427.97, 19.580000000001746
288357, 41363.0500,  3, 425.29, 21.720000000001164
288390, 41366.5900,  3, 450.45, 25.25
288398, 41367.4400,  3, 450.16, 26.090000000003783
288401, 41367.7700,  3, 497.32, 26.360000000000582
288411, 41368.8400,  3, 493.18, 27.470000000001164
288573, 41400.5500,  1, 86.54, 17.25
288620, 41405.5900,  3, 457.50, 22.229999999995925
288628, 41406.4400,  3, 491.61, 23.119999999995343
288631, 41406.7700,  3, 462.73, 23.439999999995052
288639, 41407.6200,  3, 499.37, 24.2699999999968
288649, 41408.6900,  3, 457.50, 25.339999999996508
288664, 41410.3000,  3, 479.92, 26.939999999995052
288755, 41420.0500,  3, 498.93, 36.71999999999389
288807, 41440.0200,  1, -82.41, 5.4799999999959255
288878, 41447.6200,  1, 52.48, 13.080000000001746
288885, 41448.3700,  1, 103.20, 13.830000000001746
288885, 41448.3700,  1, 56.44, 13.830000000001746
288971, 41457.5900,  3, 494.81, 22.970000000001164
288992, 41459.8400,  3, 508.85, 25.19999999999709
289017, 41462.5200,  3, 510.71, 27.970000000001164
289023, 41463.1600,  3, 539.00, 28.5199999999968
289111, 41486.8400,  1, -7.00, 9.319999999999709
289111, 41486.8400,  1, 18.43, 9.319999999999709
289144, 41490.3700,  1, 91.37, 12.85000000000582
289144, 41490.3700,  1, 68.98, 12.85000000000582
289227, 41499.2700,  3, 474.09, 21.640000000006694
289254, 41502.1600,  3, 481.89, 24.540000000000873
289336, 41510.9400,  3, 571.49, 33.390000000006694
289358, 41513.3000,  3, 559.99, 35.700000000004366
289471, 41539.7700,  1, 37.95, 12.019999999996799
289542, 41547.3700,  1, 82.52, 19.62000000000262
289576, 41551.0200,  3, 517.38, 23.209999999999127
289588, 41552.3000,  3, 453.18, 24.5
289604, 41554.0200,  3, 494.40, 26.220000000001164
289609, 41554.5500,  3, 474.56, 26.7300000000032
289632, 41557.0200,  3, 546.11, 29.25
289674, 41561.5200,  3, 598.98, 33.76000000000204
289713, 41579.9400,  1, -78.25, 4.0900000000037835
289869, 41596.6600,  3, 501.29, 20.80000000000291
289885, 41598.3700,  3, 472.41, 22.5
289923, 41602.4400,  3, 594.16, 26.540000000000873
289951, 41605.4400,  3, 548.05, 29.520000000004075
289972, 41607.6900,  3, 629.01, 31.760000000002037
289987, 41609.3000,  3, 517.91, 33.38000000000466
289998, 41610.4800,  3, 595.23, 34.529999999998836
290131, 41638.9100,  1, 47.72, 14.160000000003492
290183, 41644.4800,  3, 442.72, 19.69999999999709
290202, 41646.5200,  3, 478.05, 21.68000000000029
290212, 41647.5900,  3, 494.56, 22.790000000000873
290213, 41647.6900,  3, 523.06, 22.87000000000262
290245, 41651.1200,  3, 526.97, 26.30000000000291
290263, 41653.0500,  3, 445.68, 28.220000000001164
290305, 41657.5500,  3, 505.87, 32.7300000000032
290434, 41685.5900,  1, 62.62, 13.729999999995925
290465, 41688.9100,  1, 105.32, 17.05000000000291
290465, 41688.9100,  1, 44.52, 17.05000000000291
290501, 41692.7700,  3, 460.76, 20.849999999998545
290528, 41695.6600,  3, 501.95, 23.709999999999127
290604, 41703.8000,  3, 525.97, 31.839999999996508
290613, 41704.7700,  3, 499.39, 32.88999999999942
290630, 41706.5900,  3, 564.37, 34.68000000000029
290708, 41729.1900,  1, -16.45, 8.260000000002037
290708, 41729.1900,  1, -28.33, 8.260000000002037
290796, 41738.6200,  1, 61.79, 17.69000000000233
290847, 41744.0900,  3, 489.93, 23.06999999999971
290848, 41744.1900,  3, 481.81, 23.209999999999127
290855, 41744.9400,  3, 535.04, 24.0
290862, 41745.6900,  3, 523.66, 24.68000000000029
290878, 41747.4100,  3, 563.36, 26.44000000000233
291014, 41776.4400,  1, 107.14, 14.480000000003201
291014, 41776.4400,  1, 79.16, 14.480000000003201
291097, 41785.3400,  3, 452.30, 23.31999999999971
291098, 41785.4400,  3, 472.79, 23.37999999999738
291108, 41786.5200,  3, 515.09, 24.5
291134, 41789.3000,  3, 491.37, 27.270000000004075
291150, 41791.0200,  3, 497.40, 28.970000000001164
291242, 41800.8700,  3, 698.53, 38.87000000000262
291329, 41824.7300,  1, -61.33, 9.240000000005239
291329, 41824.7300,  1, -9.82, 9.240000000005239
291346, 41826.5500,  1, 51.42, 11.060000000004948
291441, 41836.7300,  3, 448.12, 21.160000000003492
291458, 41838.5500,  3, 492.29, 23.05000000000291
291480, 41840.9100,  3, 553.39, 25.37000000000262
291524, 41845.6200,  3, 468.20, 30.080000000001746
291545, 41847.8700,  3, 500.52, 32.279999999998836
291672, 41875.5200,  1, 97.77, 13.519999999996799
291672, 41875.5200,  1, -46.44, 13.519999999996799
291675, 41875.8400,  1, 132.61, 13.839999999996508
291751, 41883.9800,  3, 485.19, 21.910000000003492
291777, 41886.7700,  3, 520.16, 24.739999999997963
291785, 41887.6200,  3, 549.47, 25.56999999999971
291797, 41888.9100,  3, 518.21, 26.860000000000582
291802, 41889.4400,  3, 542.10, 27.339999999996508
291924, 41916.9100,  1, 85.67, 12.980000000003201
291924, 41916.9100,  1, 34.18, 12.980000000003201
291998, 41924.8400,  3, 486.66, 20.849999999998545
292001, 41925.1600,  3, 480.24, 21.220000000001164
292001, 41925.1600,  3, 438.75, 21.12999999999738
292018, 41926.9800,  3, 458.39, 23.040000000000873
292045, 41929.8700,  3, 480.09, 25.900000000001455
292070, 41932.5500,  3, 534.65, 28.599999999998545
292220, 41962.9800,  1, 119.33, 15.960000000006403
292251, 41966.3000,  1, 174.88, 19.280000000006112
292251, 41966.3000,  1, 167.83, 19.280000000006112
292258, 41967.0500,  3, 481.90, 19.93000000000029
292266, 41967.9100,  3, 525.15, 20.87000000000262
292324, 41974.1200,  3, 476.76, 27.090000000003783
292343, 41976.1600,  3, 540.44, 29.05000000000291
292345, 41976.3700,  3, 569.55, 29.280000000006112
292430, 41999.7700,  1, 2.14, 9.019999999996799
292430, 41999.7700,  1, -12.45, 9.019999999996799
292562, 42013.9100,  3, 476.70, 23.139999999999418
292574, 42015.1900,  3, 542.73, 24.410000000003492
292578, 42015.6200,  3, 475.85, 24.849999999998545
292594, 42017.3400,  3, 513.18, 26.5
292596, 42017.5500,  3, 435.39, 26.7300000000032
292608, 42018.8400,  3, 565.54, 28.040000000000873
292761, 42049.5900,  1, 91.06, 16.289999999993597
292761, 42049.5900,  1, 111.07, 16.289999999993597
292797, 42053.4400,  3, 476.42, 20.089999999996508
292802, 42053.9800,  3, 493.18, 20.62999999999738
292854, 42059.5500,  3, 592.80, 26.139999999999418
292865, 42060.7300,  3, 561.49, 27.360000000000582
292870, 42061.2700,  3, 504.98, 27.959999999999127
292876, 42061.9100,  3, 542.79, 28.55999999999767
292968, 42086.0500,  1, 31.21, 9.760000000002037
292968, 42086.0500,  1, 11.26, 9.760000000002037
293088, 42098.9100,  3, 530.70, 22.56999999999971
293093, 42099.4400,  3, 519.01, 23.110000000000582
293099, 42100.0900,  3, 501.59, 23.790000000000873
293100, 42100.1900,  3, 477.97, 23.889999999999418
293107, 42100.9400,  3, 523.62, 24.56999999999971
293117, 42102.0200,  3, 495.95, 25.669999999998254
293304, 42136.4400,  3, 465.22, 19.87000000000262
293322, 42138.3700,  3, 521.59, 21.849999999998545
293330, 42139.2300,  3, 489.27, 22.650000000001455
293332, 42139.4400,  3, 512.95, 22.92000000000553
293349, 42141.2700,  3, 489.14, 24.709999999999127
293354, 42141.8000,  3, 521.64, 25.260000000002037
293381, 42144.6900,  3, 537.15, 28.19000000000233
293389, 42145.5500,  3, 555.50, 29.0
293496, 42171.0900,  1, 63.55, 11.359999999993306
293520, 42173.6600,  1, 46.11, 13.930000000000291
293520, 42173.6600,  1, 73.07, 13.930000000000291
293551, 42176.9800,  1, 211.82, 17.25
293628, 42185.2300,  3, 508.76, 25.39999999999418
293634, 42185.8700,  3, 522.10, 26.05999999999767
293643, 42186.8400,  3, 577.26, 27.089999999996508
293684, 42191.2300,  3, 551.77, 31.469999999993888
293762, 42213.9400,  1, -16.43, 8.25
293762, 42213.9400,  1, -14.41, 8.25
293793, 42217.2700,  1, 105.39, 11.57999999999447
293793, 42217.2700,  1, 34.85, 11.57999999999447
293878, 42226.3700,  3, 449.82, 20.62999999999738
293891, 42227.7700,  3, 533.66, 22.029999999998836
293909, 42229.6900,  3, 534.86, 23.909999999996217
293924, 42231.3000,  3, 549.83, 25.5199999999968
294049, 42258.8400,  1, 129.31, 13.289999999993597
294049, 42258.8400,  1, -4.14, 13.289999999993597
294060, 42260.0200,  1, 148.91, 14.469999999993888
294060, 42260.0200,  1, 16.53, 14.469999999993888
294122, 42266.6600,  3, 495.11, 21.05999999999767
294142, 42268.8000,  3, 479.95, 23.219999999993888
294157, 42270.4100,  3, 506.10, 24.7699999999968
294169, 42271.6900,  3, 542.79, 26.119999999995343
294284, 42298.3700,  1, 91.13, 12.220000000001164
294344, 42304.8000,  1, 56.75, 18.650000000001455
294344, 42304.8000,  1, 233.68, 18.650000000001455
294387, 42309.4100,  3, 550.91, 23.239999999997963
294404, 42311.2300,  3, 558.70, 24.979999999995925
294419, 42312.8400,  3, 537.50, 26.650000000001455
294448, 42315.9400,  3, 589.34, 29.709999999999127
294475, 42318.8400,  3, 583.40, 32.599999999998545
294675, 42354.7300,  3, 516.47, 21.25999999999476
294699, 42357.3000,  3, 501.55, 23.80999999999767
294738, 42361.4800,  3, 605.84, 28.05999999999767
294739, 42361.5900,  3, 525.05, 28.099999999998545
294741, 42361.8000,  3, 523.54, 28.279999999998836
294743, 42362.0200,  3, 528.33, 28.55999999999767
294756, 42363.4100,  3, 533.87, 29.969999999993888
294764, 42364.2700,  3, 606.72, 30.75999999999476
294867, 42389.7300,  1, 92.81, 10.950000000004366
294867, 42389.7300,  1, 56.04, 10.950000000004366
294883, 42391.4400,  1, 97.16, 12.660000000003492
294883, 42391.4400,  1, 94.41, 12.660000000003492
294887, 42391.8700,  1, 74.48, 13.090000000003783
294988, 42402.6900,  3, 512.70, 23.860000000000582
295055, 42409.8700,  3, 562.15, 31.080000000001746
295058, 42410.1900,  3, 470.79, 31.37000000000262
295169, 42436.6900,  1, 140.58, 11.790000000000873
295169, 42436.6900,  1, 53.02, 11.790000000000873
295265, 42446.9800,  3, 443.91, 22.0199999999968
295269, 42447.4100,  3, 528.51, 22.470000000001164
295283, 42448.9100,  3, 527.81, 23.909999999996217
295310, 42451.8000,  3, 473.00, 26.81999999999971
295337, 42454.6900,  3, 504.42, 29.729999999995925
295342, 42455.2300,  3, 621.50, 30.2699999999968
295412, 42477.3000,  1, 6.12, 7.400000000001455
295412, 42477.3000,  1, -63.62, 7.400000000001455
295421, 42478.2700,  1, 30.24, 8.369999999995343
295421, 42478.2700,  1, 22.76, 8.369999999995343
295561, 42493.2700,  3, 564.35, 23.360000000000582
295592, 42496.5900,  3, 466.85, 26.619999999995343
295601, 42497.5500,  3, 569.81, 27.540000000000873
295631, 42500.7700,  3, 502.63, 30.860000000000582
295742, 42526.9400,  1, 48.15, 11.80000000000291
295742, 42526.9400,  1, 122.98, 11.80000000000291
295751, 42527.9100,  1, 66.89, 12.770000000004075
295751, 42527.9100,  1, 119.33, 12.770000000004075
295768, 42529.7300,  1, 96.08, 14.590000000003783
295829, 42536.2700,  3, 487.58, 21.12000000000262
295865, 42540.1200,  3, 547.54, 24.910000000003492
296029, 42557.6900,  3, 499.48, 42.529999999998836
296144, 42584.3400,  1, 49.79, 12.219999999993888
296144, 42584.3400,  1, 76.25, 12.219999999993888
296243, 42594.9400,  3, 501.92, 22.790000000000873
296266, 42597.4100,  3, 504.65, 25.18000000000029
296267, 42597.5200,  3, 451.91, 25.299999999995634
296286, 42599.5500,  3, 481.62, 27.419999999998254
296297, 42600.7300,  3, 570.52, 28.529999999998836
296303, 42601.3700,  3, 478.30, 29.18000000000029
296500, 42636.7700,  3, 520.86, 20.93000000000029
296514, 42638.2700,  3, 430.57, 22.4800000000032
296547, 42641.8000,  3, 516.58, 26.010000000002037
296555, 42642.6600,  3, 601.75, 26.810000000004948
296559, 42643.0900,  3, 571.95, 27.25
296565, 42643.7300,  3, 490.85, 27.94000000000233
296566, 42643.8400,  3, 603.88, 28.060000000004948
296601, 42647.5900,  3, 465.45, 31.790000000000873
296734, 42676.0900,  1, 80.60, 14.139999999999418
296734, 42676.0900,  1, 112.76, 14.139999999999418
296740, 42676.7300,  1, 86.29, 14.780000000006112
296740, 42676.7300,  1, 135.65, 14.780000000006112
296743, 42677.0500,  1, 93.01, 15.10000000000582
296743, 42677.0500,  1, 156.74, 15.10000000000582
296802, 42683.3700,  3, 525.31, 21.35000000000582
296840, 42687.4400,  3, 521.12, 25.4800000000032
296981, 42717.0200,  1, 107.47, 15.009999999994761
296981, 42717.0200,  1, 71.96, 15.009999999994761
297032, 42722.4800,  3, 494.29, 20.44999999999709
297050, 42724.4100,  3, 476.12, 22.290000000000873
297059, 42725.3700,  3, 484.77, 23.2699999999968
297078, 42727.4100,  3, 474.38, 25.349999999998545
297088, 42728.4800,  3, 542.72, 26.459999999999127
297098, 42729.5500,  1, 58.56, 27.540000000000873
297259, 42761.1600,  1, 172.96, 17.05000000000291
297259, 42761.1600,  1, 209.73, 17.05000000000291
297281, 42763.5200,  3, 475.53, 19.400000000001455
297306, 42766.1900,  3, 527.43, 22.0
297361, 42772.0900,  3, 606.92, 27.959999999999127
297366, 42772.6200,  3, 552.13, 28.459999999999127
297428, 42779.2700,  3, 626.43, 35.13999999999942
297452, 42781.8400,  3, 464.65, 37.68000000000029
297518, 42803.3400,  1, -8.74, 6.959999999999127
297518, 42803.3400,  1, -24.82, 6.959999999999127
297647, 42817.1600,  3, 491.87, 20.770000000004075
297654, 42817.9100,  3, 452.53, 21.5
297670, 42819.6200,  3, 497.55, 23.200000000004366
297681, 42820.8000,  3, 501.34, 24.380000000004657
297684, 42821.1200,  3, 516.83, 24.7300000000032
297691, 42821.8700,  3, 435.05, 25.400000000001455
297806, 42848.6900,  1, 78.66, 12.230000000003201
297806, 42848.6900,  1, 42.48, 12.230000000003201
297887, 42857.3700,  3, 494.80, 20.840000000003783
297916, 42860.4800,  3, 571.43, 24.0
297917, 42860.5900,  3, 486.25, 24.020000000004075
297952, 42864.3400,  3, 442.10, 27.779999999998836
297973, 42866.5900,  3, 592.98, 30.05999999999767
298019, 42871.5200,  3, 572.12, 35.01000000000204
298151, 42899.9100,  1, 154.45, 14.060000000004948
298151, 42899.9100,  1, 98.97, 14.060000000004948
298229, 42908.2700,  3, 509.59, 22.340000000003783
298231, 42908.4800,  1, 250.79, 22.630000000004657
298235, 42908.9100,  3, 475.16, 22.989999999997963
298238, 42909.2300,  3, 479.62, 23.270000000004075
298248, 42910.3000,  3, 516.61, 24.400000000001455
298283, 42914.0500,  3, 497.26, 28.090000000003783
298408, 42941.9400,  1, 143.71, 13.30000000000291
298408, 42941.9400,  1, 104.49, 13.30000000000291
298498, 42951.5900,  3, 542.84, 22.919999999998254
298522, 42954.1600,  3, 605.96, 25.43000000000029
298556, 42957.8000,  3, 495.69, 29.06999999999971
298564, 42958.6600,  3, 547.23, 29.989999999997963
298568, 42959.0900,  3, 624.24, 30.410000000003492
298577, 42960.0500,  3, 519.66, 31.389999999999418
298701, 42987.8700,  1, 83.52, 13.17000000000553
298799, 42998.3700,  3, 490.91, 23.62000000000262
298810, 42999.5500,  3, 522.55, 24.760000000002037
298811, 42999.6600,  3, 549.37, 24.900000000001455
298818, 43000.4100,  3, 506.94, 25.62000000000262
298825, 43001.1600,  1, 315.05, 26.460000000006403
298825, 43001.1600,  1, 146.71, 26.460000000006403
298832, 43001.9100,  3, 538.61, 27.200000000004366
299038, 43038.2700,  3, 545.43, 21.880000000004657
299049, 43039.4400,  3, 526.12, 23.139999999999418
299062, 43040.8400,  3, 554.44, 24.450000000004366
299064, 43041.0500,  3, 506.28, 24.720000000001164
299084, 43043.1900,  3, 541.81, 26.849999999998545
299106, 43045.5500,  3, 675.92, 29.239999999997963
299118, 43046.8400,  3, 615.44, 30.540000000000873
299134, 43048.5500,  3, 641.58, 32.220000000001164
299249, 43075.0900,  1, 14.22, 12.219999999993888
299249, 43075.0900,  1, 90.41, 12.219999999993888
299354, 43086.3400,  3, 502.31, 23.439999999995052
299358, 43086.7700,  3, 502.16, 23.849999999998545
299378, 43088.9100,  3, 552.36, 25.93000000000029
299385, 43089.6600,  3, 622.66, 26.739999999997963
299401, 43091.3700,  3, 479.32, 28.44999999999709
299602, 43112.9100,  2, 45.58,  50
299820, 43150.6200,  3, 551.73, 23.119999999995343
299829, 43151.5900,  3, 526.89, 24.06999999999971
299835, 43152.2300,  3, 542.57, 24.650000000001455
299843, 43153.0900,  3, 534.25, 25.549999999995634
299850, 43153.8400,  3, 534.84, 26.30999999999767
299853, 43154.1600,  3, 539.85, 26.599999999998545
299893, 43158.4400,  3, 525.35, 30.94000000000233
299904, 43159.6200,  3, 540.53, 32.06999999999971
300047, 43189.4100,  1, 84.26, 15.210000000006403
300047, 43189.4100,  1, 108.19, 15.210000000006403
300099, 43194.9800,  3, 491.33, 20.700000000004366
300119, 43197.1200,  3, 449.45, 22.880000000004657
300122, 43197.4400,  3, 571.67, 23.160000000003492
300161, 43201.6200,  3, 553.30, 27.330000000001746
300218, 43207.7300,  3, 579.42, 33.520000000004075
300372, 43224.2300,  2, 185.43,  50
300478, 43249.9100,  1, 24.33, 11.17000000000553
300478, 43249.9100,  1, 106.61, 11.17000000000553
300582, 43261.0500,  1, 142.58, 22.310000000004948
300582, 43261.0500,  1, 122.12, 22.310000000004948
300589, 43261.8000,  3, 539.58, 23.040000000000873
300614, 43264.4800,  3, 563.38, 25.720000000001164
300616, 43264.6900,  3, 511.14, 25.860000000000582
300648, 43268.1200,  3, 621.98, 29.349999999998545
300755, 43293.7700,  1, 60.22, 11.369999999995343
300755, 43293.7700,  1, 66.61, 11.369999999995343
300803, 43298.9100,  1, 16.16, 16.510000000002037
300803, 43298.9100,  1, 146.61, 16.510000000002037
300830, 43301.8000,  1, 25.82, 19.400000000001455
300855, 43304.4800,  3, 537.69, 22.0199999999968
300932, 43312.7300,  3, 503.66, 30.229999999995925
300935, 43313.0500,  3, 614.06, 30.549999999995634
301048, 43339.5900,  1, 31.52, 12.0
301048, 43339.5900,  1, 82.87, 12.0
301151, 43350.6200,  3, 571.14, 22.94000000000233
301160, 43351.5900,  3, 549.24, 23.9800000000032
301165, 43352.1200,  3, 472.13, 24.5
301167, 43352.3400,  3, 548.66, 24.700000000004366
301187, 43354.4800,  3, 507.37, 26.80000000000291
301403, 43377.6200,  2, 21.40,  50
301644, 43417.8000,  3, 556.71, 25.560000000004948
301655, 43418.9800,  3, 490.75, 26.700000000004366
301663, 43419.8400,  3, 561.67, 27.590000000003783
301670, 43420.5900,  3, 514.79, 28.360000000000582
301673, 43420.9100,  3, 551.37, 28.669999999998254
301676, 43421.2300,  3, 532.62, 28.959999999999127
301781, 43432.4800,  3, 574.82, 40.29000000000087
301794, 43433.8700,  3, 518.53, 41.68000000000029
301983, 43468.4800,  3, 487.00, 20.12999999999738
302009, 43471.2700,  3, 590.74, 22.889999999999418
302018, 43472.2300,  3, 514.49, 23.80999999999767
302044, 43475.0200,  3, 523.00, 26.669999999998254
302068, 43477.5900,  3, 557.34, 29.2300000000032
302086, 43479.5200,  3, 489.41, 31.150000000001455
302096, 43480.5900,  3, 503.59, 32.169999999998254
302104, 43481.4400,  3, 509.75, 33.09000000000378
302305, 43517.3700,  3, 487.05, 21.410000000003492
302320, 43518.9800,  3, 483.94, 22.959999999999127
302328, 43519.8400,  3, 574.09, 23.87000000000262
302330, 43520.0500,  3, 530.95, 24.040000000000873
302330, 43520.0500,  3, 526.82, 24.040000000000873
302350, 43522.1900,  3, 555.79, 26.25
302367, 43524.0200,  3, 482.40, 28.090000000003783
302372, 43524.5500,  3, 558.24, 28.62000000000262
302472, 43549.5200,  1, 49.35, 10.609999999993306
302472, 43549.5200,  1, 29.80, 10.609999999993306
302562, 43559.1600,  1, 118.50, 20.25
302573, 43560.3400,  3, 494.96, 21.409999999996217
302605, 43563.7700,  3, 550.67, 24.7699999999968
302609, 43564.1900,  3, 538.89, 25.179999999993015
302615, 43564.8400,  3, 481.07, 25.889999999999418
302615, 43564.8400,  3, 472.52, 25.839999999996508
302731, 43591.6200,  1, 74.48, 12.319999999999709
302810, 43600.0900,  3, 472.38, 20.75999999999476
302843, 43603.6200,  3, 488.60, 24.279999999998836
302868, 43606.3000,  3, 540.51, 26.89999999999418
302887, 43608.3400,  3, 574.05, 28.979999999995925
302889, 43608.5500,  3, 641.03, 29.189999999995052
302911, 43610.9100,  3, 660.84, 31.5
303083, 43629.3400,  2, 107.24,  50
303230, 43659.4100,  1, 153.33, 15.530000000006112
303230, 43659.4100,  1, 90.78, 15.530000000006112
303270, 43663.6900,  3, 474.22, 19.709999999999127
303279, 43664.6600,  3, 511.18, 20.709999999999127
303294, 43666.2700,  3, 522.39, 22.380000000004657
303326, 43669.6900,  3, 534.03, 25.80000000000291
303353, 43672.5900,  3, 555.77, 28.700000000004366
303365, 43673.8700,  3, 556.62, 29.9800000000032
303563, 43709.1600,  3, 477.26, 21.010000000002037
303577, 43710.6600,  3, 524.41, 22.560000000004948
303578, 43710.7700,  3, 515.06, 22.69000000000233
303612, 43714.4100,  3, 568.59, 26.30000000000291
303615, 43714.7300,  3, 542.19, 26.610000000000582
303654, 43718.9100,  3, 642.19, 30.74000000000524
303678, 43721.4800,  3, 679.80, 33.31999999999971
303692, 43722.9800,  3, 569.30, 34.81999999999971
303842, 43753.3000,  1, 76.80, 15.970000000001164
303842, 43753.3000,  1, 70.40, 15.970000000001164
303889, 43758.3400,  3, 516.68, 20.970000000001164
303918, 43761.4400,  3, 517.74, 24.089999999996508
303957, 43765.6200,  3, 600.06, 28.25999999999476
303964, 43766.3700,  3, 515.67, 28.94999999999709
303993, 43769.4800,  3, 583.20, 32.099999999998545
304030, 43773.4400,  3, 561.53, 36.049999999995634
304134, 43798.9400,  1, 40.26, 11.05000000000291
304242, 43810.5200,  3, 502.09, 22.55999999999767
304244, 43810.7300,  3, 508.04, 22.7300000000032
304273, 43813.8400,  3, 475.77, 25.93000000000029
304290, 43815.6600,  3, 578.85, 27.69999999999709
304301, 43816.8400,  3, 455.01, 28.87999999999738
304316, 43818.4400,  3, 559.51, 30.520000000004075
304379, 43825.1900,  3, 625.45, 37.270000000004075
304522, 43854.8400,  1, -0.25, 15.219999999993888
304564, 43859.3400,  3, 488.97, 19.639999999999418
304588, 43861.9100,  3, 539.65, 22.189999999995052
304590, 43862.1200,  1, 127.84, 22.5
304598, 43862.9800,  3, 527.68, 23.299999999995634
304622, 43865.5500,  3, 505.34, 25.82999999999447
304627, 43866.0900,  3, 489.27, 26.439999999995052
304847, 43889.6600,  2, 136.08,  50
305044, 43925.0200,  3, 491.50, 20.87000000000262
305051, 43925.7700,  3, 524.80, 21.580000000001746
305062, 43926.9400,  3, 565.83, 22.760000000002037
305067, 43927.4800,  3, 569.62, 23.270000000004075
305073, 43928.1200,  3, 549.12, 23.9800000000032
305078, 43928.6600,  3, 594.61, 24.49000000000524
305097, 43930.6900,  3, 493.72, 26.530000000006112
305150, 43936.3700,  3, 561.30, 32.13999999999942
305342, 43971.1600,  3, 521.65, 20.470000000001164
305367, 43973.8400,  3, 550.98, 23.139999999999418
305390, 43976.3000,  3, 508.88, 25.580000000001746
305402, 43977.5900,  3, 545.10, 26.900000000001455
305442, 43981.8700,  3, 541.83, 31.099999999998545
305466, 43984.4400,  3, 617.38, 33.720000000001164
305468, 43984.6600,  3, 514.02, 33.93000000000029
305618, 44000.7300,  2, 217.82,  50
305738, 44027.9800,  1, 65.21, 12.650000000001455
305738, 44027.9800,  1, 44.58, 12.650000000001455
305745, 44028.7300,  1, 78.75, 13.400000000001455
305745, 44028.7300,  1, 56.76, 13.400000000001455
305766, 44030.9800,  1, 122.71, 15.650000000001455
305869, 44042.0200,  3, 511.63, 26.650000000001455
305882, 44043.4100,  3, 611.85, 27.989999999997963
305890, 44044.2700,  3, 506.09, 28.87999999999738
306069, 44077.8000,  1, 76.09, 19.080000000001746
306081, 44079.0900,  3, 504.92, 20.349999999998545
306090, 44080.0500,  3, 519.62, 21.31999999999971
306127, 44084.0200,  3, 496.75, 25.19999999999709
306136, 44084.9800,  3, 509.00, 26.239999999997963
306149, 44086.3700,  3, 512.56, 27.549999999995634
306151, 44086.5900,  3, 536.76, 27.760000000002037
306185, 44090.2300,  3, 560.04, 31.479999999995925
306322, 44119.3000,  1, 21.03, 14.590000000003783
306322, 44119.3000,  1, 79.41, 14.590000000003783
306369, 44124.3400,  3, 497.13, 19.610000000000582
306427, 44130.5500,  3, 482.48, 25.830000000001746
306435, 44131.4100,  3, 543.96, 26.68000000000029
306437, 44131.6200,  3, 499.72, 26.81999999999971
306446, 44132.5900,  3, 633.05, 27.840000000003783
306449, 44132.9100,  3, 507.90, 28.110000000000582
306649, 44168.6900,  3, 456.14, 21.31999999999971
306662, 44170.0900,  3, 523.78, 22.660000000003492
306671, 44171.0500,  3, 558.13, 23.650000000001455
306671, 44171.0500,  3, 507.00, 23.660000000003492
306672, 44171.1600,  3, 504.24, 23.739999999997963
306677, 44171.6900,  3, 501.54, 24.30000000000291
306681, 44172.1200,  3, 541.56, 24.69000000000233
306707, 44174.9100,  3, 486.70, 27.459999999999127
306833, 44202.6600,  1, 80.24, 13.410000000003492
306833, 44202.6600,  1, 124.44, 13.410000000003492
306847, 44204.1600,  1, 127.52, 14.910000000003492
306847, 44204.1600,  1, 73.33, 14.910000000003492
306950, 44215.1900,  3, 494.42, 25.93000000000029
306959, 44216.1600,  3, 550.02, 26.87000000000262
306978, 44218.1900,  3, 461.73, 28.900000000001455
307009, 44221.5200,  3, 580.56, 32.220000000001164
307112, 44246.9100,  1, 18.79, 10.940000000002328
307112, 44246.9100,  1, 32.18, 10.940000000002328
307155, 44251.5200,  1, 107.14, 15.549999999995634
307226, 44259.1200,  3, 446.73, 23.06999999999971
307243, 44260.9400,  3, 490.27, 24.900000000001455
307245, 44261.1600,  3, 501.54, 25.18000000000029
307269, 44263.7300,  3, 562.53, 27.68000000000029
307272, 44264.0500,  3, 525.59, 27.979999999995925
307394, 44291.5900,  1, 33.85, 12.959999999999127
307394, 44291.5900,  1, 60.33, 12.959999999999127
307406, 44292.8700,  1, 40.71, 14.240000000005239
307418, 44294.1600,  1, 81.86, 15.530000000006112
307523, 44305.4100,  3, 515.01, 26.69000000000233
307536, 44306.8000,  3, 527.59, 28.06999999999971
307542, 44307.4400,  3, 465.10, 28.790000000000873
307549, 44308.1900,  3, 556.51, 29.520000000004075
307762, 44345.2700,  3, 477.43, 22.67000000000553
307771, 44346.2300,  3, 477.60, 23.580000000001746
307780, 44347.1900,  3, 465.00, 24.56999999999971
307780, 44347.1900,  3, 407.74, 24.62000000000262
307790, 44348.2700,  3, 441.90, 25.630000000004657
307807, 44350.0900,  3, 516.58, 27.4800000000032
307815, 44350.9400,  3, 480.56, 28.340000000003783
307895, 44359.5200,  3, 500.60, 36.92000000000553
308015, 44386.6600,  1, 91.89, 12.760000000002037
308015, 44386.6600,  1, 15.96, 12.760000000002037
308023, 44387.5200,  1, 14.11, 13.619999999995343
308023, 44387.5200,  1, 100.07, 13.619999999995343
308117, 44397.5900,  3, 443.72, 23.589999999996508
308121, 44398.0200,  3, 491.71, 24.049999999995634
308148, 44400.9100,  3, 543.93, 26.970000000001164
308226, 44409.2700,  3, 495.79, 35.2699999999968
308298, 44431.3400,  1, -63.30, 7.609999999993306
308298, 44431.3400,  1, -48.86, 7.609999999993306
308408, 44443.1200,  3, 469.32, 19.299999999995634
308465, 44449.2300,  3, 459.61, 25.459999999999127
308475, 44450.3000,  3, 499.54, 26.5
308479, 44450.7300,  3, 533.68, 26.94999999999709
308509, 44453.9400,  3, 543.95, 30.14999999999418
308510, 44454.0500,  3, 542.03, 30.25
308543, 44471.9100,  1, -121.91, 3.430000000000291
308707, 44489.4800,  3, 460.19, 20.939999999995052
308733, 44492.2700,  3, 515.97, 23.75999999999476
308736, 44492.5900,  3, 442.61, 24.00999999999476
308738, 44492.8000,  3, 507.48, 24.25
308742, 44493.2300,  3, 457.10, 24.719999999993888
308758, 44494.9400,  3, 505.66, 26.44999999999709
308768, 44496.0200,  3, 475.29, 27.469999999993888
308858, 44520.0900,  1, -61.23, 9.529999999998836
308858, 44520.0900,  1, 28.25, 9.529999999998836
308970, 44532.0900,  3, 473.43, 21.4800000000032
308976, 44532.7300,  3, 496.29, 22.090000000003783
309005, 44535.8400,  3, 606.25, 25.270000000004075
309009, 44536.2700,  3, 493.98, 25.67000000000553
309026, 44538.0900,  3, 515.35, 27.450000000004366
309062, 44541.9400,  3, 504.30, 31.279999999998836
309140, 44564.5200,  1, -47.02, 8.269999999996799
309140, 44564.5200,  1, -57.25, 8.269999999996799
309287, 44580.2700,  3, 445.14, 23.970000000001164
309290, 44580.5900,  3, 512.78, 24.260000000002037
309294, 44581.0200,  3, 494.74, 24.760000000002037
309322, 44584.0200,  3, 469.39, 27.7300000000032
309349, 44586.9100,  3, 527.08, 30.55999999999767
309386, 44590.8700,  3, 523.06, 34.5199999999968
309464, 44613.1900,  1, -54.02, 8.240000000005239
309544, 44621.7700,  1, 69.64, 16.81999999999971
309544, 44621.7700,  1, 111.80, 16.81999999999971
309597, 44627.4400,  3, 506.66, 22.400000000001455
309618, 44629.6900,  3, 406.91, 24.710000000006403
309638, 44631.8400,  3, 460.83, 26.85000000000582
309644, 44632.4800,  3, 430.02, 27.4800000000032
309668, 44635.0500,  3, 497.07, 30.040000000000873
309846, 44668.6200,  1, -9.26, 18.9800000000032
309846, 44668.6200,  1, 229.47, 18.9800000000032
309858, 44669.9100,  3, 454.87, 20.209999999999127
309900, 44674.4100,  3, 511.19, 24.7300000000032
309911, 44675.5900,  3, 569.74, 25.94000000000233
309915, 44676.0200,  3, 475.32, 26.30999999999767
309920, 44676.5500,  3, 561.38, 26.87999999999738
309924, 44676.9800,  3, 512.65, 27.239999999997963
310076, 44707.3700,  1, 51.87, 16.18000000000029
310144, 44714.6600,  3, 430.24, 23.459999999999127
310145, 44714.7700,  3, 562.16, 23.549999999995634
310159, 44716.2700,  3, 526.31, 25.00999999999476
310171, 44717.5500,  3, 511.12, 26.2699999999968
310193, 44719.9100,  3, 511.33, 28.709999999999127
310214, 44722.1600,  3, 588.74, 30.939999999995052
310219, 44722.6900,  3, 484.05, 31.43000000000029
310308, 44746.2300,  1, 23.42, 9.450000000004366
310308, 44746.2300,  1, -39.67, 9.450000000004366
310330, 44748.5900,  1, 66.48, 11.809999999997672
310330, 44748.5900,  1, 12.67, 11.809999999997672
310336, 44749.2300,  1, 46.21, 12.450000000004366
310349, 44750.6200,  1, 81.14, 13.840000000003783
310412, 44757.3700,  3, 446.58, 20.520000000004075
310501, 44766.9100,  3, 597.48, 30.020000000004075
310701, 44802.5200,  3, 487.13, 21.290000000000873
310720, 44804.5500,  3, 530.11, 23.30999999999767
310732, 44805.8400,  3, 476.25, 24.57999999999447
310734, 44806.0500,  3, 525.14, 24.779999999998836
310738, 44806.4800,  3, 494.15, 25.2699999999968
310741, 44806.8000,  3, 484.40, 25.57999999999447
310759, 44808.7300,  3, 527.11, 27.43000000000029
310877, 44821.3700,  3, 563.61, 40.13999999999942
311046, 44853.6900,  1, 126.63, 17.99000000000524
311100, 44859.4800,  3, 499.34, 23.69000000000233
311119, 44861.5200,  3, 556.45, 25.790000000000873
311129, 44862.5900,  3, 536.80, 26.790000000000873
311130, 44862.6900,  3, 566.49, 26.960000000006403
311152, 44865.0500,  3, 513.33, 29.25
311165, 44866.4400,  3, 450.61, 30.639999999999418
311345, 44885.7300,  2, 410.35,  50
311528, 44919.8000,  1, 17.78, 19.389999999999418
311557, 44922.9100,  3, 463.78, 22.389999999999418
311558, 44923.0200,  3, 484.16, 22.549999999995634
311584, 44925.8000,  3, 478.98, 25.289999999993597
311589, 44926.3400,  3, 519.66, 25.87999999999738
311591, 44926.5500,  3, 495.84, 26.099999999998545
311603, 44927.8400,  3, 577.26, 27.39999999999418
311613, 44928.9100,  3, 503.64, 28.489999999997963
311721, 44954.7700,  1, -62.48, 11.479999999995925
311721, 44954.7700,  1, 100.27, 11.479999999995925
311813, 44964.6200,  3, 488.48, 21.279999999998836
311831, 44966.5500,  3, 561.49, 23.229999999995925
311855, 44969.1200,  3, 647.15, 25.75
311856, 44969.2300,  3, 538.78, 25.849999999998545
311861, 44969.7700,  3, 539.07, 26.409999999996217
311909, 44974.9100,  3, 567.42, 31.599999999998545
312014, 45000.4800,  1, 47.35, 11.140000000006694
312014, 45000.4800,  1, 72.04, 11.140000000006694
312108, 45010.5500,  3, 490.35, 21.12000000000262
312111, 45010.8700,  3, 498.63, 21.520000000004075
312113, 45011.0900,  3, 494.91, 21.69000000000233
312126, 45012.4800,  3, 495.42, 23.030000000006112
312133, 45013.2300,  3, 551.15, 23.860000000000582
312253, 45026.0900,  3, 651.96, 36.74000000000524
312371, 45052.6900,  1, 104.16, 12.529999999998836
312371, 45052.6900,  1, 89.07, 12.529999999998836
312465, 45062.7700,  3, 511.03, 22.5
312475, 45063.8400,  3, 519.83, 23.57999999999447
312482, 45064.5900,  3, 458.12, 24.389999999999418
312485, 45064.9100,  3, 587.83, 24.669999999998254
312527, 45069.4100,  3, 554.58, 29.179999999993015
312540, 45070.8000,  3, 588.30, 30.62999999999738
312745, 45107.2700,  3, 505.42, 21.849999999998545
312749, 45107.6900,  3, 545.85, 22.189999999995052
312755, 45108.3400,  3, 518.63, 22.830000000001746
312780, 45111.0200,  3, 558.92, 25.5199999999968
312789, 45111.9800,  3, 497.55, 26.510000000002037
312791, 45112.1900,  3, 512.43, 26.75
312843, 45117.7700,  3, 614.58, 32.30999999999767
312852, 45118.7300,  3, 556.05, 33.2699999999968
312955, 45144.0200,  1, 56.68, 10.94999999999709
312955, 45144.0200,  1, 34.74, 10.94999999999709
312980, 45146.6900,  1, 115.37, 13.62000000000262
313045, 45153.6600,  3, 499.76, 20.529999999998836
313070, 45156.3400,  3, 521.15, 23.209999999999127
313092, 45158.6900,  3, 536.22, 25.540000000000873
313099, 45159.4400,  3, 606.84, 26.340000000003783
313112, 45160.8400,  3, 502.66, 27.760000000002037
313310, 45196.5500,  3, 482.99, 21.05000000000291
313338, 45199.5500,  1, 145.46, 24.130000000004657
313338, 45199.5500,  1, 159.20, 24.130000000004657
313339, 45199.6600,  3, 525.23, 24.220000000001164
313342, 45199.9800,  3, 485.35, 24.4800000000032
313356, 45201.4800,  3, 612.57, 26.029999999998836
313368, 45202.7700,  3, 527.47, 27.25
313466, 45213.2700,  3, 537.69, 37.81000000000495
313618, 45243.9100,  1, 32.87, 16.18000000000029
313618, 45243.9100,  1, 206.80, 16.18000000000029
313663, 45248.7300,  3, 513.22, 20.939999999995052
313675, 45250.0200,  3, 528.35, 22.209999999999127
313705, 45253.2300,  3, 554.93, 25.459999999999127
313731, 45256.0200,  3, 467.24, 28.18000000000029
313731, 45256.0200,  3, 563.64, 28.2699999999968
313767, 45259.8900,  1, 36.17, 32.15999999999622
313843, 45282.4100,  1, -13.93, 7.940000000002328
313843, 45282.4100,  1, 16.97, 7.940000000002328
313946, 45293.4400,  3, 496.34, 18.87999999999738
313979, 45296.9800,  3, 567.93, 22.419999999998254
313980, 45297.0900,  3, 536.40, 22.610000000000582
313988, 45297.9400,  3, 495.52, 23.43000000000029
314007, 45299.9800,  3, 569.37, 25.400000000001455
314031, 45302.5500,  3, 530.67, 28.05999999999767
314182, 45332.8400,  1, 113.91, 16.099999999998545
314182, 45332.8400,  1, 47.80, 16.099999999998545
314227, 45337.6600,  3, 501.90, 20.81999999999971
314234, 45338.4100,  3, 461.84, 21.590000000003783
314236, 45338.6200,  3, 531.67, 21.790000000000873
314241, 45339.1600,  3, 562.74, 22.37000000000262
314315, 45347.0900,  3, 545.71, 30.24000000000524
314330, 45348.6900,  3, 678.01, 31.93000000000029
314437, 45374.1200,  1, 90.96, 11.380000000004657
314437, 45374.1200,  1, 121.44, 11.380000000004657
314542, 45385.3700,  3, 555.25, 22.580000000001746
314554, 45386.6600,  3, 469.40, 23.87000000000262
314575, 45388.9100,  3, 504.26, 26.060000000004948
314580, 45389.4400,  3, 549.63, 26.67000000000553
314594, 45390.9400,  3, 465.99, 28.150000000001455
314609, 45392.5500,  3, 650.11, 29.75
314714, 45417.9800,  1, 61.95, 11.140000000006694
314714, 45417.9800,  1, 54.30, 11.140000000006694
314724, 45419.0500,  1, 95.69, 12.210000000006403
314724, 45419.0500,  1, 10.01, 12.210000000006403
314808, 45428.0500,  3, 515.58, 21.160000000003492
314860, 45433.6200,  3, 537.83, 26.710000000006403
314883, 45436.0900,  3, 606.94, 29.150000000001455
314947, 45442.9400,  3, 670.63, 36.020000000004075
315088, 45472.3400,  1, 39.41, 15.019999999996799
315088, 45472.3400,  1, 143.77, 15.019999999996799
315162, 45480.2700,  3, 464.83, 22.87999999999738
315187, 45482.9400,  3, 504.76, 25.540000000000873
315195, 45483.8000,  3, 508.38, 26.44999999999709
315196, 45483.9100,  3, 597.48, 26.55999999999767
315200, 45484.3400,  3, 549.21, 26.93000000000029
315399, 45505.6600,  3, 514.54, 48.330000000001746
315638, 45545.6600,  3, 557.51, 25.400000000001455
315657, 45547.6900,  3, 525.16, 27.44999999999709
315667, 45548.7700,  3, 632.51, 28.529999999998836
315672, 45549.3000,  3, 659.02, 29.110000000000582
315673, 45549.4100,  3, 662.91, 29.209999999999127
315676, 45549.7300,  3, 550.40, 29.540000000000873
315694, 45551.6600,  3, 514.22, 31.400000000001455
315729, 45555.4100,  3, 561.80, 35.220000000001164
315935, 45591.8400,  3, 511.83, 21.909999999996217
315951, 45593.5500,  3, 541.53, 23.56999999999971
315966, 45595.1600,  3, 547.20, 25.229999999995925
315975, 45596.1200,  3, 469.66, 26.18000000000029
315999, 45598.6900,  3, 494.53, 28.729999999995925
316010, 45599.8700,  3, 602.87, 29.939999999995052
316012, 45600.0900,  3, 554.09, 30.159999999996217
316197, 45619.9100,  2, 364.84,  50
316274, 45642.6200,  1, -24.44, 8.05000000000291
316274, 45642.6200,  1, -15.05, 8.05000000000291
316346, 45650.3400,  1, 107.24, 15.769999999996799
316348, 45650.5500,  1, 111.13, 15.980000000003201
316375, 45653.4400,  3, 456.76, 18.80999999999767
316419, 45658.1600,  3, 555.58, 23.55000000000291
316452, 45661.6900,  3, 479.07, 27.099999999998545
316473, 45663.9400,  3, 586.44, 29.340000000003783
316583, 45689.9800,  1, 67.93, 11.67000000000553
316583, 45689.9800,  1, 57.85, 11.67000000000553
316620, 45693.9400,  1, 146.30, 15.630000000004657
316631, 45695.1200,  1, 54.51, 16.810000000004948
316692, 45701.6600,  3, 507.05, 23.31999999999971
316699, 45702.4100,  3, 479.84, 24.080000000001746
316718, 45704.4400,  3, 540.49, 26.029999999998836
316732, 45705.9400,  3, 590.89, 27.55000000000291
316863, 45734.1900,  1, 42.87, 13.930000000000291
316863, 45734.1900,  1, 85.18, 13.930000000000291
316909, 45739.1200,  3, 433.27, 18.799999999995634
316948, 45743.3000,  3, 573.75, 22.93000000000029
316953, 45743.8400,  3, 515.24, 23.529999999998836
316961, 45744.6900,  3, 530.70, 24.409999999996217
316989, 45747.6900,  3, 490.20, 27.400000000001455
317082, 45757.6600,  3, 552.09, 37.38999999999942
317207, 45785.5900,  1, 126.12, 13.309999999997672
317207, 45785.5900,  1, 12.96, 13.309999999997672
317290, 45794.4800,  3, 537.21, 22.19000000000233
317310, 45796.6200,  3, 579.64, 24.290000000000873
317328, 45798.5500,  3, 549.61, 26.169999999998254
317352, 45801.1200,  3, 549.86, 28.770000000004075
317550, 45822.3400,  2, 439.50,  50
317550, 45822.3400,  2, 249.58,  50
317662, 45848.7700,  1, 68.67, 11.799999999995634
317662, 45848.7700,  1, 51.48, 11.799999999995634
317722, 45855.1900,  1, 132.85, 18.220000000001164
317724, 45855.4100,  3, 449.62, 18.43000000000029
317809, 45864.5200,  3, 558.34, 27.44999999999709
317866, 45870.6200,  3, 650.38, 33.63999999999942
317991, 45884.0200,  3, 559.88, 46.94000000000233
318005, 45885.5200,  3, 467.01, 48.48999999999796
318134, 45913.5200,  1, 121.55, 13.719999999993888
318134, 45913.5200,  1, 108.87, 13.719999999993888
318215, 45922.1900,  3, 476.59, 22.32999999999447
318229, 45923.6900,  3, 553.99, 23.82999999999447
318232, 45924.0200,  3, 557.82, 24.159999999996217
318246, 45925.5200,  3, 475.35, 25.639999999999418
318254, 45926.3700,  3, 532.18, 26.55999999999767
318289, 45930.1200,  3, 613.23, 30.30999999999767
318405, 45956.7300,  1, 84.87, 12.319999999999709
318405, 45956.7300,  1, 125.15, 12.319999999999709
318472, 45963.9100,  3, 460.12, 19.409999999996217
318516, 45968.6200,  3, 565.36, 24.119999999995343
318520, 45969.0500,  3, 533.09, 24.55999999999767
318521, 45969.1600,  3, 608.32, 24.639999999999418
318552, 45972.4800,  3, 584.03, 28.0
318757, 45994.4400,  2, 217.38,  50
318845, 46018.1900,  1, -7.27, 9.209999999999127
318845, 46018.1900,  1, 21.87, 9.209999999999127
318911, 46025.2700,  1, 113.84, 16.289999999993597
318911, 46025.2700,  1, 93.16, 16.289999999993597
318965, 46031.0500,  3, 469.26, 21.959999999999127
318991, 46033.8400,  3, 535.41, 24.849999999998545
319035, 46038.5500,  3, 530.52, 29.549999999995634
319052, 46040.3700,  3, 651.08, 31.359999999993306
319257, 46076.5200,  3, 496.33, 21.760000000002037
319270, 46077.9100,  3, 557.76, 23.229999999995925
319275, 46078.4400,  3, 477.09, 23.709999999999127
319284, 46079.4100,  3, 579.26, 24.669999999998254
319305, 46081.6600,  3, 478.14, 26.970000000001164
319308, 46081.9800,  3, 524.40, 27.260000000002037
319317, 46082.9400,  3, 532.39, 28.2699999999968
319372, 46088.8400,  3, 542.52, 34.11999999999534
319490, 46115.8400,  1, 27.98, 12.559999999997672
319490, 46115.8400,  1, 66.77, 12.559999999997672
319571, 46124.5200,  3, 516.97, 21.169999999998254
319583, 46125.8000,  3, 519.43, 22.410000000003492
319608, 46128.4800,  3, 564.97, 25.18000000000029
319638, 46131.6900,  3, 521.32, 28.37000000000262
319672, 46135.3400,  3, 593.46, 31.959999999999127
319690, 46137.2700,  3, 605.99, 33.93000000000029
319780, 46161.2700,  1, -10.30, 9.539999999993597
319780, 46161.2700,  1, 0.38, 9.539999999993597
319799, 46163.3000,  1, 60.36, 11.569999999999709
319799, 46163.3000,  1, 63.98, 11.569999999999709
319831, 46166.7300,  1, 99.65, 15.0
319884, 46172.4100,  3, 463.04, 20.589999999996508
319895, 46173.5900,  3, 539.62, 21.839999999996508
319931, 46177.4400,  3, 504.93, 25.689999999995052
320127, 46213.0500,  3, 504.20, 20.919999999998254
320128, 46213.1600,  3, 492.43, 21.06999999999971
320151, 46215.6200,  3, 494.85, 23.44999999999709
320178, 46218.5200,  3, 587.30, 26.360000000000582
320180, 46218.7300,  3, 518.57, 26.599999999998545
320198, 46220.6600,  3, 520.19, 28.5199999999968
320205, 46221.4100,  3, 560.21, 29.279999999998836
320262, 46227.5200,  3, 529.24, 35.34000000000378
320450, 46261.8400,  3, 441.01, 19.99000000000524
320495, 46266.6600,  3, 541.77, 24.75
320497, 46266.8700,  3, 605.42, 24.9800000000032
320512, 46268.4800,  3, 579.31, 26.580000000001746
320522, 46269.5500,  3, 600.20, 27.69000000000233
320530, 46270.4100,  3, 571.50, 28.49000000000524
320605, 46278.4400,  3, 646.96, 36.55000000000291
320610, 46278.9800,  3, 633.53, 37.12000000000262
320712, 46304.0900,  1, 4.47, 10.819999999999709
320718, 46304.7300,  1, 58.47, 11.460000000006403
320757, 46308.9100,  1, 26.55, 15.640000000006694
320785, 46311.9100,  1, 200.55, 18.640000000006694
320813, 46314.9100,  3, 475.54, 21.60000000000582
320829, 46316.6200,  3, 513.58, 23.270000000004075
320873, 46321.3400,  3, 539.99, 28.010000000002037
321078, 46343.3000,  2, 398.19,  50
321255, 46376.7300,  3, 478.27, 18.7300000000032
321303, 46381.8700,  3, 476.15, 23.840000000003783
321312, 46382.8400,  3, 516.89, 24.87000000000262
321316, 46383.2700,  3, 571.78, 25.290000000000873
321344, 46386.2700,  3, 524.73, 28.209999999999127
321363, 46388.3000,  3, 472.07, 30.279999999998836
321370, 46389.0500,  3, 591.43, 31.040000000000873
321419, 46394.3000,  3, 577.42, 36.31999999999971
321581, 46425.6200,  1, 150.96, 17.24000000000524
321639, 46431.8400,  3, 459.26, 23.37000000000262
321643, 46432.2700,  3, 541.90, 23.830000000001746
321665, 46434.6200,  3, 525.69, 26.220000000001164
321671, 46435.2700,  3, 518.81, 26.840000000003783
321673, 46435.4800,  3, 521.99, 27.05000000000291
321695, 46437.8400,  3, 536.76, 29.360000000000582
321887, 46458.4100,  2, 313.32,  50
321961, 46480.5500,  1, -3.39, 7.730000000003201
321961, 46480.5500,  1, -43.56, 7.730000000003201
322099, 46495.3400,  3, 513.09, 22.410000000003492
322120, 46497.5900,  3, 526.12, 24.69999999999709
322147, 46500.4800,  3, 583.50, 27.639999999999418
322163, 46502.1900,  3, 498.41, 29.30000000000291
322187, 46504.7700,  3, 532.38, 31.840000000003783
322217, 46507.9800,  3, 604.36, 35.05000000000291
322333, 46534.6200,  1, 59.91, 12.310000000004948
322333, 46534.6200,  1, 87.68, 12.310000000004948
322427, 46544.6900,  3, 499.94, 22.30000000000291
322453, 46547.4800,  3, 490.29, 25.090000000003783
322465, 46548.7700,  3, 542.55, 26.43000000000029
322486, 46551.0200,  3, 497.05, 28.67000000000553
322504, 46552.9400,  3, 505.94, 30.540000000000873
322536, 46556.3700,  3, 613.47, 34.029999999998836
322728, 46591.1200,  3, 508.69, 20.37999999999738
322740, 46592.4100,  3, 472.17, 21.719999999993888
322774, 46596.0500,  3, 540.19, 25.349999999998545
322775, 46596.1600,  3, 513.72, 25.429999999993015
322782, 46596.9100,  3, 554.52, 26.159999999996217
322790, 46597.7700,  1, 141.24, 27.109999999993306
322804, 46599.2700,  3, 475.50, 28.50999999999476
322807, 46599.5900,  3, 465.35, 28.82999999999447
323020, 46636.5900,  3, 447.22, 22.619999999995343
323030, 46637.6600,  3, 528.53, 23.719999999993888
323030, 46637.6600,  3, 566.26, 23.729999999995925
323032, 46637.8700,  3, 473.96, 23.909999999996217
323039, 46638.6200,  3, 532.57, 24.669999999998254
323054, 46640.2300,  3, 498.07, 26.299999999995634
323150, 46650.5200,  3, 649.70, 36.549999999995634
323165, 46652.1200,  3, 660.75, 38.21999999999389
323298, 46680.5900,  1, 67.85, 14.139999999999418
323328, 46683.8000,  1, 19.69, 17.35000000000582
323328, 46683.8000,  1, 79.01, 17.35000000000582
323329, 46683.9100,  1, 77.16, 17.460000000006403
323329, 46683.9100,  1, 123.16, 17.460000000006403
323413, 46692.9100,  3, 548.78, 26.43000000000029
323462, 46698.1600,  3, 588.14, 31.630000000004657
323538, 46706.3000,  3, 564.24, 39.830000000001746
323678, 46735.6600,  1, 148.19, 14.92000000000553
323678, 46735.6600,  1, 64.57, 14.92000000000553
323682, 46736.0900,  1, 110.18, 15.349999999998545
323682, 46736.0900,  1, 64.65, 15.349999999998545
323732, 46741.4400,  3, 445.28, 20.610000000000582
323751, 46743.4800,  3, 463.61, 22.660000000003492
323818, 46750.6600,  3, 507.93, 29.849999999998545
323940, 46763.7300,  3, 535.73, 42.92000000000553
324095, 46794.5500,  1, 82.82, 16.5
324153, 46800.7700,  3, 509.84, 22.62999999999738
324176, 46803.2300,  3, 516.20, 25.110000000000582
324196, 46805.3700,  3, 486.31, 27.289999999993597
324198, 46805.5900,  3, 584.70, 27.479999999995925
324203, 46806.1200,  3, 489.36, 28.029999999998836
324280, 46814.3700,  3, 535.02, 36.25
324408, 46828.0900,  2, 414.52,  50
324583, 46861.0900,  1, 65.51, 18.55999999999767
324583, 46861.0900,  1, 159.73, 18.55999999999767
324615, 46864.5200,  3, 485.27, 21.970000000001164
324632, 46866.3400,  3, 509.67, 23.770000000004075
324635, 46866.6600,  3, 503.29, 24.05999999999767
324648, 46868.0500,  3, 525.75, 25.44000000000233
324705, 46874.1600,  3, 581.39, 31.55999999999767
324714, 46875.1200,  3, 544.52, 32.48999999999796
324898, 46909.1200,  3, 452.60, 19.549999999995634
324922, 46911.6900,  3, 458.99, 22.110000000000582
324980, 46917.9100,  3, 552.69, 28.339999999996508
324990, 46918.9800,  3, 479.15, 29.369999999995343
324995, 46919.5200,  3, 510.79, 29.970000000001164
324998, 46919.8400,  3, 506.11, 30.2699999999968
325038, 46924.1200,  3, 460.14, 34.549999999995634
325167, 46937.9400,  3, 520.64, 48.419999999998254
325310, 46967.5200,  1, 86.05, 15.219999999993888
325310, 46967.5200,  1, 34.26, 15.219999999993888
325328, 46969.4400,  1, 111.05, 17.139999999999418
325371, 46974.0500,  3, 485.52, 21.659999999996217
325376, 46974.5900,  3, 485.65, 22.239999999997963
325435, 46980.9100,  3, 600.35, 28.56999999999971
325443, 46981.7700,  3, 530.71, 29.439999999995052
325494, 46987.2300,  3, 616.49, 34.86999999999534
325616, 47014.6600,  1, 85.70, 12.970000000001164
325616, 47014.6600,  1, 69.77, 12.970000000001164
325687, 47022.2700,  1, 128.38, 20.57999999999447
325715, 47025.2700,  3, 544.99, 23.479999999995925
325736, 47027.5200,  3, 486.55, 25.75
325763, 47030.4100,  3, 458.49, 28.669999999998254
325769, 47031.0500,  3, 510.53, 29.290000000000873
325803, 47034.6900,  3, 527.93, 32.95999999999913
326007, 47070.5500,  3, 502.01, 21.650000000001455
326015, 47071.4100,  3, 486.10, 22.55000000000291
326044, 47074.5200,  3, 450.58, 25.630000000004657
326075, 47077.8400,  3, 587.43, 28.950000000004366
326085, 47078.9100,  3, 529.03, 30.010000000002037
326094, 47079.8700,  3, 627.41, 31.0
326111, 47081.6900,  3, 504.62, 32.84000000000378
326153, 47086.1900,  3, 638.60, 37.36000000000058
326238, 47109.6600,  1, -50.93, 9.020000000004075
326238, 47109.6600,  1, 27.05, 9.020000000004075
326377, 47124.5500,  3, 511.63, 23.840000000003783
326399, 47126.9100,  3, 484.00, 26.19000000000233
326423, 47129.4800,  3, 524.70, 28.760000000002037
326437, 47130.9800,  3, 559.03, 30.260000000002037
326441, 47131.4100,  3, 610.20, 30.760000000002037
326460, 47133.4400,  3, 649.28, 32.720000000001164
326605, 47163.4100,  1, 55.45, 15.430000000000291
326605, 47163.4100,  1, 168.02, 15.430000000000291
326695, 47173.0500,  3, 511.54, 24.989999999997963
326705, 47174.1200,  3, 504.34, 26.109999999993306
326722, 47175.9400,  3, 484.76, 27.919999999998254
326740, 47177.8700,  3, 436.59, 29.81999999999971
326740, 47177.8700,  3, 609.81, 29.839999999996508
326782, 47182.3700,  3, 522.28, 34.37999999999738
326872, 47206.2700,  1, -9.02, 9.539999999993597
326872, 47206.2700,  1, -38.07, 9.539999999993597
327007, 47220.7300,  3, 576.94, 23.969999999993888
327021, 47222.2300,  3, 512.32, 25.409999999996217
327070, 47227.4800,  3, 582.01, 30.68000000000029
327089, 47229.5200,  3, 539.68, 32.69999999999709
327099, 47230.5900,  3, 455.82, 33.799999999995634
327110, 47231.7700,  3, 667.22, 35.00999999999476
327249, 47260.8700,  1, 55.50, 14.780000000006112
327249, 47260.8700,  1, 70.24, 14.780000000006112
327272, 47263.3400,  1, 214.59, 17.25
327306, 47266.9800,  3, 464.63, 20.840000000003783
327319, 47268.3700,  3, 535.77, 22.24000000000524
327319, 47268.3700,  3, 519.35, 22.260000000002037
327339, 47270.5200,  3, 471.14, 24.37000000000262
327444, 47281.7700,  3, 547.75, 35.640000000006694
327576, 47310.0900,  1, -15.59, 14.029999999998836
327576, 47310.0900,  1, 134.64, 14.029999999998836
327676, 47320.8000,  3, 480.87, 24.700000000004366
327691, 47322.4100,  3, 548.74, 26.270000000004075
327701, 47323.4800,  3, 603.74, 27.360000000000582
327713, 47324.7700,  3, 484.85, 28.650000000001455
327719, 47325.4100,  3, 549.43, 29.330000000001746
327726, 47326.1600,  3, 572.90, 30.010000000002037
327835, 47352.0500,  1, 96.98, 11.580000000001746
327835, 47352.0500,  1, 89.54, 11.580000000001746
327923, 47361.4800,  3, 497.21, 20.93000000000029
327935, 47362.7700,  3, 462.35, 22.260000000002037
327957, 47365.1200,  3, 603.04, 24.580000000001746
327972, 47366.7300,  3, 481.13, 26.169999999998254
327978, 47367.3700,  3, 577.31, 26.869999999995343
328105, 47380.9800,  3, 618.56, 40.400000000001455
328310, 47417.1600,  3, 530.79, 21.7699999999968
328318, 47418.0200,  3, 553.70, 22.69999999999709
328335, 47419.8400,  3, 537.78, 24.510000000002037
328340, 47420.3700,  3, 451.98, 25.0199999999968
328358, 47422.3000,  3, 514.21, 26.919999999998254
328371, 47423.6900,  3, 541.52, 28.37999999999738
328404, 47427.2300,  3, 534.50, 31.900000000001455
328573, 47445.3400,  2, 437.66,  50
328761, 47479.8400,  3, 480.94, 19.89999999999418
328789, 47482.8400,  3, 518.38, 22.81999999999971
328793, 47483.2700,  3, 439.47, 23.349999999998545
328800, 47484.0200,  3, 516.46, 24.06999999999971
328810, 47485.0900,  3, 510.03, 25.07999999999447
328834, 47487.6600,  3, 518.41, 27.69999999999709
328887, 47493.3400,  3, 625.92, 33.33999999999651
328953, 47500.4100,  3, 515.18, 40.38999999999942
329147, 47535.6600,  3, 484.34, 20.660000000003492
329193, 47540.5900,  3, 567.37, 25.540000000000873
329203, 47541.6600,  3, 529.24, 26.69000000000233
329213, 47542.7300,  3, 474.23, 27.669999999998254
329246, 47546.2700,  3, 612.71, 31.25
329252, 47546.9100,  3, 466.30, 31.93000000000029
329302, 47552.2700,  3, 573.91, 37.25
329421, 47565.0200,  2, 348.24,  50
329631, 47601.7300,  3, 472.37, 22.239999999997963
329642, 47602.9100,  3, 510.69, 23.389999999999418
329645, 47603.2300,  3, 498.98, 23.729999999995925
329646, 47603.3400,  3, 480.55, 23.849999999998545
329659, 47604.7300,  3, 415.15, 25.209999999999127
329715, 47610.7300,  3, 547.40, 31.220000000001164
329744, 47613.8400,  3, 584.04, 34.31999999999971
329890, 47629.4800,  2, 8.48,  50
330012, 47656.7300,  1, 51.50, 12.85000000000582
330012, 47656.7300,  1, 89.76, 12.85000000000582
330085, 47664.5500,  3, 468.67, 20.590000000003783
330096, 47665.7300,  3, 506.77, 21.80000000000291
330122, 47668.5200,  3, 514.38, 24.530000000006112
330127, 47669.0500,  3, 468.59, 25.060000000004948
330164, 47673.0200,  3, 571.47, 29.10000000000582
330181, 47674.8400,  3, 559.06, 30.92000000000553
330314, 47703.5200,  1, 144.58, 14.159999999996217
330314, 47703.5200,  1, 91.33, 14.159999999996217
330372, 47709.7300,  3, 507.61, 20.31999999999971
330383, 47710.9100,  3, 497.87, 21.44999999999709
330384, 47711.0200,  3, 508.15, 21.599999999998545
330392, 47711.8700,  3, 497.99, 22.44000000000233
330403, 47713.0500,  3, 473.39, 23.68000000000029
330474, 47720.6600,  3, 604.68, 31.2699999999968
330658, 47754.9100,  3, 475.61, 19.590000000003783
330662, 47755.3400,  3, 467.10, 20.0
330692, 47758.5500,  3, 488.14, 23.25
330710, 47760.4800,  3, 527.89, 25.18000000000029
330728, 47762.4100,  3, 579.72, 27.05999999999767
330753, 47765.0900,  3, 586.90, 29.709999999999127
330755, 47765.3000,  3, 587.03, 29.919999999998254
330763, 47766.1600,  3, 581.57, 30.770000000004075
330938, 47799.1600,  3, 430.40, 18.580000000001746
330967, 47802.2700,  3, 497.78, 21.7300000000032
330971, 47802.6900,  3, 489.48, 22.150000000001455
331006, 47806.4400,  3, 546.44, 25.93000000000029
331017, 47807.6200,  3, 544.92, 27.06999999999971
331024, 47808.3700,  3, 567.68, 27.790000000000873
331051, 47811.2700,  3, 547.33, 30.770000000004075
331088, 47815.2300,  3, 574.86, 34.700000000004366
331244, 47846.4100,  1, 142.91, 16.60000000000582
331244, 47846.4100,  1, 186.01, 16.60000000000582
331310, 47853.4800,  3, 490.36, 23.610000000000582
331315, 47854.0200,  3, 512.29, 24.200000000004366
331327, 47855.3000,  3, 501.34, 25.44000000000233
331337, 47856.3700,  3, 524.81, 26.470000000001164
331346, 47857.3400,  3, 553.14, 27.5
331365, 47859.3700,  3, 575.29, 29.459999999999127
331541, 47892.4100,  1, 182.70, 18.770000000004075
331541, 47892.4100,  1, 187.25, 18.770000000004075
331562, 47894.6600,  3, 494.00, 20.989999999997963
331577, 47896.2700,  3, 454.15, 22.62000000000262
331588, 47897.4400,  3, 503.15, 23.75
331608, 47899.5900,  3, 503.86, 25.93000000000029
331614, 47900.2300,  3, 515.02, 26.489999999997963
331693, 47908.6900,  3, 495.71, 34.98999999999796
331818, 47936.1900,  1, 78.80, 13.279999999998836
331818, 47936.1900,  1, 70.71, 13.279999999998836
331824, 47936.8400,  1, 27.13, 13.929999999993015
331824, 47936.8400,  1, 62.57, 13.929999999993015
331918, 47946.9100,  3, 536.26, 23.94999999999709
331928, 47947.9800,  3, 532.05, 24.979999999995925
331941, 47949.3700,  3, 561.75, 26.369999999995343
331957, 47951.0900,  3, 572.82, 28.139999999999418
332149, 47985.7300,  3, 505.87, 20.37000000000262
332153, 47986.1600,  3, 448.21, 20.880000000004657
332163, 47987.2300,  3, 534.73, 21.85000000000582
332168, 47987.7700,  1, 261.08, 22.5
332168, 47987.7700,  1, 198.98, 22.5
332169, 47987.8700,  3, 520.40, 22.580000000001746
332186, 47989.6900,  3, 543.35, 24.330000000001746
332214, 47992.6900,  3, 593.73, 27.340000000003783
332338, 48019.9800,  1, 90.51, 13.190000000002328
332338, 48019.9800,  1, 92.48, 13.190000000002328
332400, 48026.6200,  3, 471.07, 19.779999999998836
332456, 48032.6200,  3, 509.50, 25.799999999995634
332495, 48036.8000,  3, 506.84, 30.0
332500, 48037.3400,  3, 453.49, 30.479999999995925
332501, 48037.4400,  3, 477.00, 30.599999999998545
332502, 48037.5500,  3, 509.01, 30.669999999998254
332588, 48061.0500,  1, -49.00, 9.10000000000582
332588, 48061.0500,  1, -57.25, 9.10000000000582
332656, 48068.3400,  1, 124.95, 16.389999999999418
332682, 48071.1200,  3, 481.56, 19.130000000004657
332708, 48073.9100,  3, 541.71, 21.910000000003492
332730, 48076.2700,  3, 530.76, 24.2300000000032
332746, 48077.9800,  3, 428.73, 25.970000000001164
332970, 48101.9800,  2, 376.66,  50
333204, 48141.0200,  3, 503.87, 24.799999999995634
333212, 48141.8700,  3, 533.49, 25.64999999999418
333216, 48142.3000,  3, 502.61, 26.12999999999738
333230, 48143.8000,  3, 567.22, 27.549999999995634
333247, 48145.6200,  3, 574.54, 29.44999999999709
333258, 48146.8000,  3, 559.99, 30.55999999999767
333283, 48149.4800,  3, 611.90, 33.21999999999389
333311, 48152.4800,  3, 485.05, 36.279999999998836
333410, 48177.0200,  1, 36.59, 10.5
333410, 48177.0200,  1, 23.83, 10.5
333430, 48179.1600,  1, 48.91, 12.640000000006694
333430, 48179.1600,  1, 111.38, 12.640000000006694
333516, 48188.3700,  3, 464.01, 21.760000000002037
333542, 48191.1600,  3, 560.75, 24.56999999999971
333564, 48193.5200,  3, 576.24, 26.99000000000524
333568, 48193.9400,  3, 505.82, 27.400000000001455
333641, 48215.9800,  1, -21.52, 7.730000000003201
333641, 48215.9800,  1, 3.06, 7.730000000003201
333775, 48230.3400,  3, 452.20, 22.040000000000873
333776, 48230.4400,  3, 473.01, 22.110000000000582
333792, 48232.1600,  3, 491.00, 23.81999999999971
333800, 48233.0200,  3, 525.76, 24.69999999999709
333812, 48234.3000,  3, 481.90, 26.029999999998836
333816, 48234.7300,  3, 527.75, 26.459999999999127
333924, 48260.3700,  1, 56.61, 11.459999999999127
333924, 48260.3700,  1, 93.54, 11.459999999999127
333999, 48268.4100,  3, 438.41, 19.409999999996217
334036, 48272.3700,  3, 460.33, 23.429999999993015
334038, 48272.5900,  3, 531.87, 23.669999999998254
334056, 48274.5200,  3, 562.54, 25.55999999999767
334077, 48276.7700,  3, 530.75, 27.80999999999767
334082, 48277.3000,  3, 522.78, 28.279999999998836
334226, 48307.0200,  1, 133.31, 15.32999999999447
334226, 48307.0200,  1, 47.62, 15.32999999999447
334311, 48316.1200,  3, 514.74, 24.37999999999738
334315, 48316.5500,  3, 535.99, 24.779999999998836
334315, 48316.5500,  3, 556.25, 24.779999999998836
334331, 48318.2700,  3, 557.78, 26.529999999998836
334337, 48318.9100,  3, 419.32, 27.209999999999127
334395, 48325.1200,  3, 609.25, 33.40999999999622
334500, 48350.5900,  1, 61.63, 11.159999999996217
334500, 48350.5900,  1, 20.88, 11.159999999996217
334635, 48365.0500,  3, 561.28, 25.589999999996508
334645, 48366.1200,  3, 571.85, 26.62000000000262
334649, 48366.5500,  3, 456.82, 27.029999999998836
334656, 48367.3000,  3, 491.66, 27.839999999996508
334668, 48368.5900,  3, 493.24, 29.12999999999738
334671, 48368.9100,  3, 491.13, 29.43000000000029
334794, 48396.1900,  1, 55.44, 13.090000000003783
334794, 48396.1900,  1, 62.12, 13.090000000003783
334885, 48405.9400,  3, 511.54, 22.80000000000291
334889, 48406.3700,  3, 505.18, 23.200000000004366
334894, 48406.9100,  3, 529.15, 23.790000000000873
334911, 48408.7300,  3, 536.78, 25.540000000000873
334918, 48409.4800,  3, 543.67, 26.270000000004075
334937, 48411.5200,  3, 539.33, 28.389999999999418
335019, 48434.5900,  1, -7.40, 8.679999999993015
335019, 48434.5900,  1, -24.75, 8.679999999993015
335131, 48446.5900,  3, 496.28, 20.56999999999971
335146, 48448.1900,  3, 469.19, 22.219999999993888
335162, 48449.9100,  3, 485.28, 23.919999999998254
335184, 48452.2700,  3, 493.23, 26.30999999999767
335186, 48452.4800,  3, 579.04, 26.469999999993888
335198, 48453.7700,  3, 574.80, 27.7699999999968
335314, 48480.4100,  1, -8.11, 12.320000000006985
335400, 48489.6200,  3, 486.91, 21.470000000001164
335419, 48491.6600,  3, 510.02, 23.460000000006403
335449, 48494.8700,  3, 504.65, 26.710000000006403
335477, 48497.8700,  3, 523.25, 29.7300000000032
335479, 48498.0900,  3, 432.00, 29.94000000000233
335489, 48499.1600,  3, 464.90, 31.060000000004948
335512, 48501.6200,  3, 599.35, 33.520000000004075
335556, 48520.6600,  1, -151.85, 4.630000000004657
335635, 48529.1200,  1, 34.75, 13.090000000003783
335690, 48535.0200,  1, 123.12, 18.989999999997963
335696, 48535.6600,  3, 491.52, 19.580000000001746
335729, 48539.1900,  3, 497.33, 23.139999999999418
335740, 48540.3700,  3, 503.27, 24.30999999999767
335786, 48545.3000,  3, 452.02, 29.160000000003492
335821, 48549.0500,  3, 522.24, 32.95999999999913
335924, 48574.4100,  1, 64.55, 10.930000000000291
335924, 48574.4100,  1, 40.97, 10.930000000000291
335947, 48576.8700,  1, 90.41, 13.389999999999418
335947, 48576.8700,  1, 53.84, 13.389999999999418
336016, 48584.2700,  3, 428.76, 20.729999999995925
336083, 48591.4400,  3, 513.05, 27.87999999999738
336090, 48592.1900,  3, 602.89, 28.669999999998254
336098, 48593.0500,  3, 475.08, 29.5199999999968
336166, 48614.7300,  1, -81.59, 7.190000000002328
336166, 48614.7300,  1, -4.09, 7.190000000002328
336190, 48617.3000,  1, 17.29, 9.760000000002037
336233, 48621.9100,  1, 71.47, 14.37000000000262
336233, 48621.9100,  1, 36.38, 14.37000000000262
336301, 48629.1900,  1, 190.31, 21.650000000001455
336343, 48633.6900,  3, 490.97, 26.110000000000582
336367, 48636.2700,  3, 507.24, 28.69000000000233
336508, 48665.6900,  1, 80.25, 14.990000000005239
336508, 48665.6900,  1, 73.66, 14.990000000005239
336582, 48673.6200,  3, 477.61, 22.889999999999418
336594, 48674.9100,  3, 482.36, 24.17000000000553
336600, 48675.5500,  3, 482.13, 24.790000000000873
336617, 48677.3700,  3, 555.43, 26.590000000003783
336620, 48677.6900,  3, 563.15, 26.9800000000032
336621, 48677.8000,  3, 553.86, 27.040000000000873
336760, 48707.1600,  1, 100.72, 14.780000000006112
336760, 48707.1600,  1, 55.90, 14.780000000006112
336767, 48707.9100,  1, 88.11, 15.530000000006112
336767, 48707.9100,  1, 87.34, 15.530000000006112
336856, 48717.4400,  3, 540.31, 24.9800000000032
336906, 48722.8000,  3, 655.90, 30.31999999999971
336925, 48724.8400,  3, 579.57, 32.38999999999942
336926, 48724.9400,  3, 681.32, 32.51000000000204
337038, 48751.2700,  1, 44.74, 11.919999999998254
337038, 48751.2700,  1, 19.16, 11.919999999998254
337049, 48752.4400,  1, 77.01, 13.090000000003783
337049, 48752.4400,  1, 63.20, 13.090000000003783
337146, 48762.8400,  3, 479.80, 23.43000000000029
337160, 48764.3400,  3, 503.33, 24.919999999998254
337186, 48767.1200,  3, 573.61, 27.68000000000029
337218, 48770.5500,  3, 553.95, 31.12000000000262
337331, 48796.8700,  1, 48.01, 12.0
337371, 48801.1600,  1, 169.98, 16.290000000000873
337371, 48801.1600,  1, 69.01, 16.290000000000873
337429, 48807.3700,  3, 537.00, 22.419999999998254
337437, 48808.2300,  3, 495.07, 23.349999999998545
337455, 48810.1600,  3, 439.22, 25.25
337502, 48815.1900,  3, 440.07, 30.239999999997963
337602, 48825.9100,  3, 575.85, 40.979999999995925
337701, 48850.8700,  1, 73.73, 10.520000000004075
337701, 48850.8700,  1, 29.53, 10.520000000004075
337716, 48852.4800,  1, 80.80, 12.130000000004657
337716, 48852.4800,  1, 38.03, 12.130000000004657
337859, 48867.8000,  3, 456.32, 27.389999999999418
337876, 48869.6200,  3, 560.12, 29.200000000004366
337879, 48869.9400,  3, 607.79, 29.510000000002037
337902, 48872.4100,  3, 507.20, 32.029999999998836
338019, 48899.5500,  1, 23.42, 12.450000000004366
338042, 48902.0200,  1, 54.47, 14.919999999998254
338093, 48907.4800,  3, 407.22, 20.330000000001746
338108, 48909.0900,  3, 499.57, 21.919999999998254
338130, 48911.4400,  3, 443.28, 24.260000000002037
338132, 48911.6600,  3, 505.42, 24.459999999999127
338142, 48912.7300,  3, 511.74, 25.540000000000873
338210, 48920.0200,  3, 486.40, 32.88999999999942
338318, 48946.0900,  1, 61.36, 11.489999999997963
338318, 48946.0900,  1, 63.02, 11.489999999997963
338356, 48950.1600,  1, 123.74, 15.560000000004948
338417, 48956.6900,  3, 462.21, 22.010000000002037
338438, 48958.9400,  3, 539.36, 24.310000000004948
338450, 48960.2300,  3, 497.16, 25.560000000004948
338489, 48964.4100,  3, 544.76, 29.709999999999127
338497, 48965.2700,  3, 566.89, 30.62000000000262
338636, 48994.6600,  1, 129.08, 14.810000000004948
338681, 48999.4800,  3, 447.84, 19.62000000000262
338692, 49000.6600,  3, 493.13, 20.75
338699, 49001.4100,  3, 496.75, 21.489999999997963
338711, 49002.6900,  3, 485.20, 22.779999999998836
338728, 49004.5200,  3, 466.00, 24.630000000004657
338729, 49004.6200,  3, 517.47, 24.760000000002037
338751, 49006.9800,  3, 545.02, 27.060000000004948
338809, 49027.4100,  1, -25.58, 6.120000000002619
338856, 49032.4400,  1, 30.44, 11.150000000001455
338905, 49037.6900,  1, 56.68, 16.400000000001455
338983, 49046.0500,  3, 531.04, 24.659999999996217
338990, 49046.8000,  3, 477.13, 25.459999999999127
338992, 49047.0200,  3, 484.63, 25.62999999999738
338999, 49047.7700,  3, 567.32, 26.44000000000233
339013, 49049.2700,  3, 571.19, 27.970000000001164
339129, 49076.1200,  1, 12.02, 12.330000000001746
339129, 49076.1200,  1, 88.79, 12.330000000001746
339139, 49077.1900,  1, 115.04, 13.400000000001455
339139, 49077.1900,  1, 86.24, 13.400000000001455
339223, 49086.1900,  3, 442.83, 22.31999999999971
339224, 49086.3000,  3, 480.99, 22.419999999998254
339237, 49087.6900,  3, 498.97, 23.87999999999738
339278, 49092.0900,  3, 617.47, 28.2699999999968
339396, 49118.8000,  1, 82.70, 12.530000000006112
339396, 49118.8000,  1, 90.19, 12.530000000006112
339473, 49127.0500,  1, 158.88, 20.780000000006112
339473, 49127.0500,  1, 235.91, 20.780000000006112
339519, 49131.9800,  3, 570.24, 25.60000000000582
339532, 49133.3700,  3, 500.48, 27.010000000002037
339540, 49134.2300,  3, 511.88, 27.900000000001455
339600, 49140.6600,  3, 618.69, 34.34000000000378
339736, 49169.6900,  1, 22.58, 14.470000000001164
339736, 49169.6900,  1, 126.83, 14.470000000001164
339796, 49176.1200,  3, 493.69, 20.869999999995343
339805, 49177.0900,  3, 440.48, 21.779999999998836
339805, 49177.0900,  3, 534.05, 21.839999999996508
339829, 49179.6600,  3, 589.37, 24.389999999999418
339848, 49181.6900,  3, 489.18, 26.389999999999418
339849, 49181.8000,  3, 569.26, 26.5
339968, 49208.6900,  1, 48.50, 12.630000000004657
339968, 49208.6900,  1, 116.89, 12.630000000004657
340067, 49219.3000,  3, 508.32, 23.209999999999127
340073, 49219.9400,  3, 436.89, 23.87000000000262
340073, 49219.9400,  3, 475.31, 23.810000000004948
340092, 49221.9800,  3, 468.24, 25.889999999999418
340107, 49223.5900,  3, 508.98, 27.4800000000032
340113, 49224.2300,  3, 570.03, 28.150000000001455
340225, 49250.7300,  1, 31.29, 11.890000000006694
340225, 49250.7300,  1, 72.57, 11.890000000006694
340329, 49261.8700,  3, 455.23, 22.93000000000029
340340, 49263.0500,  3, 562.34, 24.110000000000582
340341, 49263.1600,  3, 477.21, 24.24000000000524
340368, 49266.0500,  3, 537.62, 27.150000000001455
340406, 49270.1200,  3, 503.84, 31.19000000000233
340428, 49272.4800,  3, 563.18, 33.56000000000495
340556, 49300.2700,  1, 17.86, 13.619999999995343
340581, 49302.9400,  1, 1.50, 16.290000000000873
340581, 49302.9400,  1, 141.51, 16.290000000000873
340667, 49312.1600,  3, 449.11, 25.400000000001455
340688, 49314.4100,  3, 492.48, 27.709999999999127
340694, 49315.0500,  3, 548.47, 28.360000000000582
340695, 49315.1600,  3, 526.58, 28.489999999997963
340705, 49316.2300,  3, 470.46, 29.510000000002037
340899, 49351.5500,  1, 220.39, 20.69000000000233
340899, 49351.5500,  1, 232.45, 20.69000000000233
340906, 49352.3000,  3, 455.84, 21.400000000001455
340916, 49353.3700,  3, 501.22, 22.5
340944, 49356.3700,  3, 485.12, 25.44999999999709
340946, 49356.5900,  3, 510.17, 25.659999999996217
340948, 49356.8000,  3, 522.78, 25.839999999996508
340972, 49359.3700,  3, 483.43, 28.470000000001164
341187, 49396.6200,  3, 554.86, 22.87000000000262
341191, 49397.0500,  3, 438.63, 23.349999999998545
341192, 49397.1600,  3, 518.27, 23.410000000003492
341204, 49398.4400,  3, 510.43, 24.760000000002037
341212, 49399.3000,  3, 490.06, 25.56999999999971
341235, 49401.7700,  3, 459.88, 28.029999999998836
341268, 49405.3000,  3, 581.88, 31.580000000001746
341272, 49405.7300,  3, 547.70, 32.01000000000204
341358, 49429.1600,  1, -3.54, 9.130000000004657
341358, 49429.1600,  1, -3.55, 9.130000000004657
341505, 49444.9100,  3, 540.76, 24.81999999999971
341522, 49446.7300,  3, 532.11, 26.639999999999418
341531, 49447.6900,  3, 584.13, 27.650000000001455
341546, 49449.3000,  3, 522.19, 29.200000000004366
341557, 49450.4800,  3, 519.41, 30.43000000000029
341622, 49457.4400,  3, 638.89, 37.38000000000466
341745, 49484.9400,  1, 65.75, 13.060000000004948
341745, 49484.9400,  1, 94.28, 13.060000000004948
341832, 49494.2700,  3, 547.31, 22.31999999999971
341850, 49496.1900,  3, 501.34, 24.270000000004075
341853, 49496.5200,  3, 465.22, 24.630000000004657
341869, 49498.2300,  3, 518.65, 26.310000000004948
341909, 49502.5200,  3, 498.91, 30.60000000000582
341923, 49504.0200,  3, 556.86, 32.05000000000291
342037, 49530.6900,  1, 95.99, 12.12000000000262
342037, 49530.6900,  1, 62.82, 12.12000000000262
342110, 49538.5200,  1, 128.08, 19.94999999999709
342110, 49538.5200,  1, 186.19, 19.94999999999709
342150, 49542.8000,  3, 510.71, 24.169999999998254
342182, 49546.2300,  3, 563.19, 27.610000000000582
342212, 49549.4400,  3, 482.62, 30.849999999998545
342213, 49549.5500,  3, 578.21, 30.959999999999127
342279, 49570.7300,  1, -36.53, 6.970000000001164
342279, 49570.7300,  1, -54.69, 6.970000000001164
342409, 49584.6600,  3, 451.19, 20.889999999999418
342427, 49586.5900,  3, 517.54, 22.75
342429, 49586.8000,  3, 497.53, 22.94999999999709
342448, 49588.8400,  3, 495.83, 25.0199999999968
342459, 49590.0200,  3, 542.16, 26.25
342476, 49591.8400,  3, 600.57, 27.979999999995925
342582, 49617.6600,  1, 98.02, 11.25
342582, 49617.6600,  1, -11.75, 11.25
342602, 49619.8000,  1, -14.80, 13.389999999999418
342602, 49619.8000,  1, 134.02, 13.389999999999418
342610, 49620.6600,  1, 119.82, 14.25
342610, 49620.6600,  1, 42.83, 14.25
342720, 49632.4400,  3, 517.50, 26.00999999999476
342805, 49641.5500,  3, 511.49, 35.0399999999936
342906, 49666.7300,  1, 58.87, 10.730000000003201
342906, 49666.7300,  1, 70.83, 10.730000000003201
342918, 49668.0200,  1, 81.06, 12.019999999996799
343027, 49679.6900,  3, 467.65, 23.62999999999738
343064, 49683.6600,  3, 532.11, 27.56999999999971
343065, 49683.7700,  3, 504.18, 27.720000000001164
343068, 49684.0900,  3, 485.94, 28.040000000000873
343087, 49686.1200,  3, 484.99, 30.099999999998545
343150, 49707.1600,  1, -31.55, 6.650000000001455
343150, 49707.1600,  1, -46.06, 6.650000000001455
343302, 49723.4400,  3, 484.09, 22.869999999995343
343317, 49725.0500,  3, 493.47, 24.479999999995925
343333, 49726.7700,  3, 459.77, 26.19999999999709
343336, 49727.0900,  3, 470.33, 26.479999999995925
343340, 49727.5200,  3, 580.34, 26.970000000001164
343380, 49731.8000,  3, 631.04, 31.189999999995052
343517, 49760.9400,  1, 37.20, 14.590000000003783
343517, 49760.9400,  1, 88.78, 14.590000000003783
343575, 49767.1600,  3, 525.97, 20.760000000002037
343607, 49770.5900,  3, 500.38, 24.139999999999418
343626, 49772.6200,  3, 520.08, 26.18000000000029
343633, 49773.3700,  3, 584.20, 26.989999999997963
343640, 49774.1200,  3, 521.58, 27.720000000001164
343716, 49782.2700,  3, 611.31, 35.91000000000349
343815, 49807.1600,  1, 47.65, 10.5
343815, 49807.1600,  1, 78.52, 10.5
343942, 49820.7700,  3, 474.58, 24.049999999995634
343951, 49821.7300,  3, 487.98, 25.049999999995634
343965, 49823.2300,  3, 456.48, 26.489999999997963
343972, 49823.9800,  3, 529.31, 27.25
344014, 49828.4800,  3, 490.65, 31.709999999999127
344063, 49833.7300,  3, 611.74, 36.979999999995925
344141, 49856.1900,  1, 24.81, 8.25
344141, 49856.1900,  1, -2.82, 8.25
344161, 49858.3400,  1, -10.27, 10.39999999999418
344161, 49858.3400,  1, 55.85, 10.39999999999418
344210, 49863.5900,  1, 63.11, 15.64999999999418
344309, 49874.1900,  3, 573.46, 26.220000000001164
344328, 49876.2300,  3, 612.78, 28.18000000000029
344395, 49883.4100,  3, 585.05, 35.44999999999709
344510, 49910.3000,  1, 84.82, 12.210000000006403
344510, 49910.3000,  1, 120.97, 12.210000000006403
344516, 49910.9400,  1, 109.81, 12.85000000000582
344552, 49914.8000,  1, 123.35, 16.710000000006403
344552, 49914.8000,  1, 94.83, 16.710000000006403
344623, 49922.4100,  3, 516.90, 24.210000000006403
344652, 49925.5200,  3, 436.69, 27.330000000001746
344706, 49931.3000,  3, 469.05, 33.16000000000349
344845, 49960.4800,  1, -16.13, 14.780000000006112
344847, 49960.6900,  1, 84.92, 14.990000000005239
344847, 49960.6900,  1, 84.46, 14.990000000005239
344966, 49973.4400,  3, 486.73, 27.710000000006403
344982, 49975.1600,  3, 533.31, 29.380000000004657
344985, 49975.4800,  3, 547.72, 29.75
344999, 49976.9800,  3, 592.17, 31.19000000000233
345012, 49978.3700,  3, 492.97, 32.60000000000582
345089, 50000.8400,  1, -14.94, 8.139999999999418
345089, 50000.8400,  1, -31.44, 8.139999999999418
345164, 50008.8700,  1, 134.97, 16.17000000000553
345164, 50008.8700,  1, 172.27, 16.17000000000553
345164, 50008.8700,  1, 84.39, 16.17000000000553
345164, 50008.8700,  1, 150.19, 16.17000000000553
345247, 50017.7700,  3, 518.73, 25.010000000002037
345261, 50019.2700,  3, 540.18, 26.4800000000032
345378, 50046.3400,  1, 66.25, 12.44999999999709
345378, 50046.3400,  1, 22.66, 12.44999999999709
345424, 50051.2700,  1, 92.83, 17.37999999999738
345424, 50051.2700,  1, 179.06, 17.37999999999738
345484, 50057.6900,  3, 506.62, 23.770000000004075
345497, 50059.0900,  3, 501.86, 25.169999999998254
345541, 50063.8000,  3, 512.84, 29.80000000000291
345543, 50064.0200,  3, 513.20, 30.090000000003783
345763, 50102.0200,  3, 492.94, 23.37999999999738
345764, 50102.1200,  3, 517.93, 23.489999999997963
345772, 50102.9800,  3, 471.86, 24.349999999998545
345800, 50105.9800,  3, 514.62, 27.419999999998254
345803, 50106.3000,  3, 431.24, 27.75
345813, 50107.3700,  3, 593.80, 28.760000000002037
345830, 50109.1900,  3, 505.38, 30.56999999999971
345835, 50109.7300,  3, 488.84, 31.12000000000262
345978, 50139.2700,  1, 50.22, 15.239999999997963
346052, 50147.1900,  3, 463.96, 23.12000000000262
346065, 50148.5900,  3, 506.26, 24.529999999998836
346066, 50148.6900,  3, 494.92, 24.62000000000262
346073, 50149.4400,  3, 457.92, 25.349999999998545
346101, 50152.4400,  3, 483.92, 28.360000000000582
346105, 50152.8700,  3, 587.83, 28.790000000000873
346151, 50157.8000,  3, 480.31, 33.7300000000032
346332, 50191.6200,  3, 480.21, 19.260000000002037
346380, 50196.7700,  3, 416.74, 24.330000000001746
346383, 50197.0900,  3, 480.99, 24.74000000000524
346385, 50197.3000,  3, 461.36, 24.890000000006694
346392, 50198.0500,  3, 554.63, 25.640000000006694
346394, 50198.2700,  3, 519.34, 25.92000000000553
346403, 50199.2300,  3, 529.49, 26.820000000006985
346419, 50200.9400,  3, 599.58, 28.530000000006112
346532, 50227.1900,  1, 74.57, 11.990000000005239
346621, 50236.7300,  3, 496.37, 21.460000000006403
346625, 50237.1600,  3, 450.79, 21.889999999999418
346633, 50238.0200,  3, 462.24, 22.75
346656, 50240.4800,  3, 511.77, 25.2300000000032
346665, 50241.4400,  3, 456.05, 26.19000000000233
346673, 50242.3000,  3, 595.15, 27.090000000003783
346732, 50248.6200,  3, 521.49, 33.330000000001746
346882, 50279.0900,  1, 141.33, 15.989999999997963
346921, 50283.2700,  3, 489.55, 20.06999999999971
346937, 50284.9800,  3, 521.29, 21.81999999999971
346955, 50286.9100,  3, 530.48, 23.720000000001164
346958, 50287.2300,  3, 500.33, 24.029999999998836
346967, 50288.1900,  3, 506.94, 25.029999999998836
346970, 50288.5200,  3, 463.27, 25.380000000004657
347039, 50295.9100,  3, 506.52, 32.700000000004366
347237, 50331.3400,  3, 486.76, 21.089999999996508
347254, 50333.1600,  3, 449.75, 22.919999999998254
347260, 50333.8000,  3, 502.51, 23.479999999995925
347270, 50334.8700,  3, 513.29, 24.539999999993597
347278, 50335.7300,  3, 508.08, 25.389999999999418
347298, 50337.8700,  3, 552.69, 27.599999999998545
347308, 50338.9400,  3, 529.37, 28.619999999995343
347333, 50341.6200,  3, 563.63, 31.369999999995343
347403, 50363.5900,  1, -28.86, 7.389999999999418
347403, 50363.5900,  1, -60.59, 7.389999999999418
347510, 50375.0500,  1, 67.48, 18.85000000000582
347574, 50381.9100,  3, 586.14, 25.660000000003492
347574, 50381.9100,  3, 491.83, 25.67000000000553
347593, 50383.9400,  3, 597.08, 27.710000000006403
347602, 50384.9100,  3, 503.65, 28.60000000000582
347612, 50385.9800,  3, 481.07, 29.69000000000233
347764, 50416.4400,  1, 133.70, 16.17000000000553
347764, 50416.4400,  1, 108.72, 16.17000000000553
347815, 50421.9100,  3, 494.78, 21.55000000000291
347827, 50423.1900,  3, 470.41, 22.910000000003492
347831, 50423.6200,  3, 480.26, 23.25
347836, 50424.1600,  3, 477.50, 23.860000000000582
347869, 50427.6900,  3, 557.48, 27.360000000000582
347936, 50434.8700,  3, 446.36, 34.56000000000495
348058, 50462.2700,  1, 107.52, 12.979999999995925
348091, 50465.8000,  1, 64.85, 16.510000000002037
348123, 50469.2300,  3, 487.68, 19.900000000001455
348131, 50470.0900,  3, 472.01, 20.720000000001164
348150, 50472.1200,  3, 419.82, 22.760000000002037
348157, 50472.8700,  3, 526.81, 23.510000000002037
348160, 50473.1900,  3, 510.41, 23.87000000000262
348262, 50484.1200,  3, 552.68, 34.76000000000204
348365, 50509.3700,  1, 70.86, 10.92000000000553
348461, 50519.6600,  3, 484.04, 21.18000000000029
348475, 50521.1600,  3, 515.32, 22.639999999999418
348485, 50522.2300,  3, 526.58, 23.7300000000032
348510, 50524.9100,  3, 602.58, 26.450000000004366
348521, 50526.0900,  3, 583.41, 27.540000000000873
348525, 50526.5200,  3, 554.32, 27.970000000001164
348540, 50528.1200,  3, 534.46, 29.610000000000582
348620, 50550.8400,  1, -37.16, 8.459999999999127
348620, 50550.8400,  1, -9.61, 8.459999999999127
348758, 50565.6200,  3, 467.69, 23.17000000000553
348761, 50565.9400,  3, 553.60, 23.55000000000291
348763, 50566.1600,  3, 448.82, 23.68000000000029
348780, 50567.9800,  3, 496.17, 25.5
348785, 50568.5200,  3, 547.97, 26.040000000000873
348817, 50571.9400,  3, 538.65, 29.540000000000873
348914, 50596.4800,  1, 48.22, 10.280000000006112
348914, 50596.4800,  1, 39.11, 10.280000000006112
348991, 50604.7300,  3, 460.44, 18.44000000000233
349060, 50612.1200,  3, 467.23, 25.860000000000582
349073, 50613.5200,  3, 455.43, 27.260000000002037
349079, 50614.1600,  3, 523.61, 27.94000000000233
349080, 50614.2700,  3, 554.57, 28.030000000006112
349105, 50616.9400,  3, 534.24, 30.710000000006403
349218, 50643.3000,  1, 20.41, 12.0
349218, 50643.3000,  1, 63.18, 12.0
349238, 50645.4400,  1, 26.91, 14.139999999999418
349238, 50645.4400,  1, 104.56, 14.139999999999418
349297, 50651.7700,  3, 482.23, 20.419999999998254
349310, 50653.1600,  3, 558.45, 21.80999999999767
349336, 50655.9400,  3, 526.94, 24.57999999999447
349342, 50656.5900,  3, 534.01, 25.209999999999127
349469, 50684.2700,  1, 90.01, 13.5
349469, 50684.2700,  1, 64.19, 13.5
349548, 50692.7300,  3, 517.80, 21.94000000000233
349554, 50693.3700,  3, 561.63, 22.55000000000291
349583, 50696.4800,  3, 524.46, 25.60000000000582
349588, 50697.0200,  3, 559.14, 26.200000000004366
349639, 50702.4800,  3, 614.14, 31.69000000000233
349731, 50712.3400,  3, 632.79, 41.520000000004075
349916, 50746.2300,  1, 110.79, 19.710000000006403
349921, 50746.7700,  3, 503.69, 20.150000000001455
349930, 50747.7300,  3, 431.49, 21.150000000001455
349955, 50750.4100,  3, 519.17, 23.87000000000262
349961, 50751.0500,  3, 526.72, 24.44000000000233
349973, 50752.3400,  3, 507.69, 25.770000000004075
349977, 50752.7700,  3, 513.31, 26.210000000006403
349988, 50753.9400,  3, 558.30, 27.340000000003783
350065, 50776.3700,  1, -25.43, 8.139999999999418
350065, 50776.3700,  1, -7.82, 8.139999999999418
350127, 50783.0200,  1, 63.51, 14.789999999993597
350200, 50790.8400,  3, 411.04, 22.57999999999447
350207, 50791.5900,  3, 497.44, 23.30999999999767
350209, 50791.8000,  3, 524.00, 23.5199999999968
350271, 50798.4400,  3, 503.40, 30.18000000000029
350287, 50800.1600,  3, 474.52, 31.849999999998545
350454, 50832.2300,  1, 27.06, 17.780000000006112
350454, 50832.2300,  1, 105.68, 17.780000000006112
350487, 50835.7700,  1, 63.77, 21.31999999999971
350487, 50835.7700,  1, 180.03, 21.31999999999971
350505, 50837.6900,  3, 518.50, 23.210000000006403
350519, 50839.1900,  3, 510.88, 24.67000000000553
350547, 50842.1900,  3, 467.96, 27.710000000006403
350553, 50842.8400,  3, 528.03, 28.280000000006112
350685, 50871.4800,  1, 64.98, 14.05000000000291
350685, 50871.4800,  1, 101.35, 14.05000000000291
350716, 50874.8000,  1, 104.13, 17.37000000000262
350779, 50881.5500,  3, 563.86, 24.05999999999767
350785, 50882.1900,  3, 511.94, 24.709999999999127
350792, 50882.9400,  3, 534.06, 25.43000000000029
350801, 50883.9100,  3, 465.27, 26.44000000000233
350811, 50884.9800,  3, 449.52, 27.540000000000873
350998, 50919.1200,  3, 521.99, 19.869999999995343
351007, 50920.0900,  3, 523.45, 20.869999999995343
351046, 50924.2700,  3, 489.35, 24.970000000001164
351050, 50924.6900,  3, 481.42, 25.419999999998254
351061, 50925.8700,  3, 564.00, 26.659999999996217
351067, 50926.5200,  3, 435.67, 27.279999999998836
351073, 50927.1600,  3, 494.84, 27.869999999995343
351135, 50933.8000,  3, 513.45, 34.54000000000087
351285, 50964.0500,  1, 179.30, 15.960000000006403
351285, 50964.0500,  1, -22.03, 15.960000000006403
351320, 50967.8000,  3, 510.54, 19.640000000006694
351320, 50967.8000,  3, 457.26, 19.62000000000262
351332, 50969.0900,  3, 485.95, 20.94000000000233
351337, 50969.6200,  3, 526.24, 21.520000000004075
351389, 50975.1900,  3, 465.03, 27.0
351397, 50976.0500,  3, 529.29, 27.910000000003492
351504, 51001.8000,  1, 65.19, 11.360000000000582
351504, 51001.8000,  1, 60.96, 11.360000000000582
351506, 51002.0200,  1, 43.42, 11.57999999999447
351506, 51002.0200,  1, 66.62, 11.57999999999447
351596, 51011.6600,  3, 527.00, 21.19999999999709
351597, 51011.7700,  3, 448.78, 21.290000000000873
351602, 51012.3000,  3, 516.05, 21.839999999996508
351637, 51016.0500,  3, 570.68, 25.55999999999767
351709, 51038.1200,  1, -49.06, 7.610000000000582
351709, 51038.1200,  1, -30.88, 7.610000000000582
351761, 51043.6900,  1, 2.40, 13.180000000000291
351761, 51043.6900,  1, 115.29, 13.180000000000291
351844, 51052.5900,  3, 475.55, 22.06999999999971
351870, 51055.3700,  3, 543.71, 24.81999999999971
351876, 51056.0200,  3, 507.10, 25.439999999995052
351905, 51059.1200,  3, 579.45, 28.57999999999447
352040, 51087.8000,  1, 21.82, 14.35000000000582
352040, 51087.8000,  1, 135.85, 14.35000000000582
352089, 51093.0500,  3, 474.74, 19.540000000000873
352121, 51096.4800,  3, 538.27, 22.94000000000233
352144, 51098.9400,  3, 448.09, 25.400000000001455
352168, 51101.5200,  3, 557.76, 28.060000000004948
352170, 51101.7300,  3, 539.53, 28.270000000004075
352174, 51102.1600,  3, 489.59, 28.639999999999418
352352, 51135.4400,  3, 489.75, 18.889999999999418
352417, 51142.4100,  3, 608.33, 25.849999999998545
352418, 51142.5200,  3, 550.50, 25.959999999999127
352418, 51142.5200,  3, 541.66, 25.970000000001164
352433, 51144.1200,  3, 499.81, 27.55999999999767
352456, 51146.5900,  3, 510.99, 30.080000000001746
352476, 51148.7300,  3, 460.14, 32.19000000000233
352491, 51150.3400,  3, 549.44, 33.80999999999767
352648, 51181.2700,  1, 90.78, 16.729999999995925
352707, 51187.5900,  3, 527.63, 23.029999999998836
352742, 51191.3400,  3, 526.86, 26.7699999999968
352744, 51191.5500,  3, 544.90, 26.919999999998254
352748, 51191.9800,  3, 540.03, 27.37999999999738
352761, 51193.3700,  3, 633.63, 28.760000000002037
352795, 51197.0200,  3, 553.99, 32.470000000001164
352869, 51204.9400,  3, 613.11, 40.37999999999738
353074, 51241.0900,  3, 475.38, 21.849999999998545
353074, 51241.0900,  3, 570.08, 21.849999999998545
353079, 51241.6200,  3, 534.47, 22.30999999999767
353089, 51242.6900,  3, 540.68, 23.400000000001455
353108, 51244.7300,  3, 513.68, 25.419999999998254
353124, 51246.4400,  3, 466.27, 27.19000000000233
353138, 51247.9400,  3, 589.75, 28.659999999996217
353337, 51269.2700,  2, 518.35,  50
353461, 51296.6900,  1, 39.03, 13.069999999999709
353461, 51296.6900,  1, 73.29, 13.069999999999709
353574, 51308.8000,  3, 494.73, 25.169999999998254
353576, 51309.0200,  3, 552.27, 25.389999999999418
353588, 51310.3000,  3, 463.27, 26.64999999999418
353596, 51311.1600,  3, 539.14, 27.5199999999968
353598, 51311.3700,  3, 491.67, 27.709999999999127
353611, 51312.7700,  3, 538.31, 29.07999999999447
353673, 51333.5900,  1, -35.58, 6.559999999997672
353673, 51333.5900,  1, -27.76, 6.559999999997672
353814, 51348.6900,  3, 490.98, 21.639999999999418
353821, 51349.4400,  3, 499.92, 22.340000000003783
353829, 51350.3000,  3, 508.70, 23.2300000000032
353838, 51351.2700,  3, 553.18, 24.150000000001455
353844, 51351.9100,  3, 456.26, 24.87000000000262
353963, 51364.6600,  3, 611.66, 37.56999999999971
354089, 51392.5500,  1, 73.67, 13.410000000003492
354089, 51392.5500,  1, 53.81, 13.410000000003492
354174, 51401.6600,  3, 549.32, 22.4800000000032
354196, 51404.0200,  3, 564.22, 24.81999999999971
354209, 51405.4100,  3, 529.44, 26.260000000002037
354228, 51407.4400,  3, 519.12, 28.270000000004075
354241, 51408.8400,  3, 536.96, 29.660000000003492
354260, 51410.8700,  3, 578.97, 31.68000000000029
354472, 51447.8700,  3, 490.80, 22.599999999998545
354482, 51448.9400,  3, 570.96, 23.610000000000582
354485, 51449.2700,  3, 500.23, 23.9800000000032
354487, 51449.4800,  3, 616.22, 24.12000000000262
354510, 51451.9400,  3, 543.47, 26.639999999999418
354547, 51455.9100,  3, 563.62, 30.610000000000582
354550, 51456.2300,  3, 563.52, 30.87999999999738
354604, 51462.0200,  3, 668.39, 36.720000000001164
354803, 51497.7700,  3, 456.62, 21.209999999999127
354833, 51500.9800,  3, 476.89, 24.400000000001455
354834, 51501.0900,  3, 494.43, 24.529999999998836
354848, 51502.5900,  3, 602.28, 26.010000000002037
354853, 51503.1200,  3, 547.39, 26.55999999999767
354866, 51504.5200,  3, 546.30, 27.889999999999418
354892, 51507.3000,  3, 528.48, 30.7300000000032
354929, 51511.2700,  3, 435.77, 34.63000000000466
355001, 51533.3000,  1, -8.30, 7.610000000000582
355001, 51533.3000,  1, 15.68, 7.610000000000582
355111, 51545.0900,  1, 274.62, 19.39999999999418
355111, 51545.0900,  1, 222.95, 19.39999999999418
355136, 51547.7700,  3, 484.13, 22.0199999999968
355163, 51550.6600,  3, 521.79, 24.94999999999709
355175, 51551.9400,  3, 577.63, 26.220000000001164
355176, 51552.0500,  3, 543.19, 26.30999999999767
355365, 51586.7700,  3, 479.98, 20.040000000000873
355387, 51589.1200,  3, 472.90, 22.470000000001164
355390, 51589.4400,  3, 481.54, 22.760000000002037
355408, 51591.3700,  3, 598.39, 24.709999999999127
355428, 51593.5200,  3, 626.06, 26.85000000000582
355430, 51593.7300,  3, 477.56, 27.040000000000873
355458, 51596.7300,  3, 638.76, 30.090000000003783
355479, 51598.9800,  3, 518.87, 32.28000000000611
355612, 51627.4400,  1, 84.59, 14.130000000004657
355612, 51627.4400,  1, 81.78, 14.130000000004657
355673, 51633.9800,  3, 466.49, 20.650000000001455
355673, 51633.9800,  3, 502.34, 20.630000000004657
355688, 51635.5900,  3, 523.92, 22.19000000000233
355713, 51638.2700,  3, 564.70, 24.950000000004366
355719, 51638.9100,  3, 515.02, 25.590000000003783
355744, 51641.5900,  3, 572.75, 28.18000000000029
355884, 51670.7300,  1, 70.12, 14.890000000006694
355884, 51670.7300,  1, 124.38, 14.890000000006694
355961, 51678.9800,  3, 508.57, 23.12000000000262
355964, 51679.3000,  3, 511.64, 23.360000000000582
355965, 51679.4100,  3, 490.69, 23.560000000004948
355999, 51683.0500,  3, 600.48, 27.150000000001455
356005, 51683.6900,  3, 584.00, 27.820000000006985
356006, 51683.8000,  3, 647.31, 27.92000000000553
356141, 51712.7300,  1, 126.24, 14.37000000000262
356141, 51712.7300,  1, 102.81, 14.37000000000262
356186, 51717.5500,  3, 458.62, 19.139999999999418
356219, 51721.0900,  3, 498.21, 22.62000000000262
356236, 51722.9100,  3, 552.39, 24.44999999999709
356245, 51723.8700,  3, 592.07, 25.43000000000029
356246, 51723.9800,  3, 547.01, 25.540000000000873
356335, 51733.5200,  3, 647.52, 35.099999999998545
356518, 51767.3700,  3, 478.37, 19.510000000002037
356538, 51769.5200,  3, 497.93, 21.599999999998545
356583, 51774.3400,  3, 549.73, 26.459999999999127
356586, 51774.6600,  3, 551.15, 26.709999999999127
356608, 51777.0200,  3, 564.17, 29.090000000003783
356612, 51777.4400,  3, 550.61, 29.560000000004948
356617, 51777.9800,  3, 578.49, 30.020000000004075
356657, 51782.2700,  3, 560.54, 34.330000000001746
356770, 51808.6900,  1, 54.05, 12.0
356770, 51808.6900,  1, 67.51, 12.0
356784, 51810.1900,  1, 22.79, 13.5
356788, 51810.6200,  1, 75.73, 13.930000000000291
356788, 51810.6200,  1, 79.28, 13.930000000000291
356865, 51818.8700,  3, 516.12, 22.139999999999418
356881, 51820.5900,  3, 605.24, 23.799999999995634
356889, 51821.4400,  3, 531.86, 24.68000000000029
356994, 51847.0500,  1, 71.82, 11.160000000003492
356994, 51847.0500,  1, 84.48, 11.160000000003492
357006, 51848.3400,  1, 72.30, 12.44999999999709
357006, 51848.3400,  1, 71.64, 12.44999999999709
357087, 51857.0200,  3, 466.06, 21.080000000001746
357149, 51863.6600,  3, 510.36, 27.669999999998254
357161, 51864.9400,  3, 564.30, 28.970000000001164
357186, 51867.6200,  3, 612.80, 31.660000000003492
357360, 51900.8000,  3, 490.19, 18.540000000000873
357410, 51906.1600,  3, 592.89, 23.87000000000262
357423, 51907.5500,  3, 474.36, 25.220000000001164
357426, 51907.8700,  3, 607.68, 25.589999999996508
357434, 51908.7300,  3, 525.25, 26.410000000003492
357438, 51909.1600,  3, 494.32, 26.889999999999418
357495, 51915.2700,  3, 449.96, 32.94999999999709
357509, 51916.7700,  3, 610.50, 34.51000000000204
357587, 51939.3000,  1, -2.50, 8.260000000002037
357587, 51939.3000,  1, 2.49, 8.260000000002037
357736, 51955.2700,  3, 470.53, 24.18000000000029
357752, 51956.9800,  3, 521.87, 25.93000000000029
357761, 51957.9400,  3, 575.08, 26.830000000001746
357764, 51958.2700,  3, 618.06, 27.159999999996217
357778, 51959.7700,  3, 546.54, 28.720000000001164
357794, 51961.4800,  3, 595.68, 30.339999999996508
357976, 51994.9400,  1, 262.61, 19.380000000004657
357976, 51994.9400,  1, 116.66, 19.380000000004657
357992, 51996.6600,  3, 528.79, 21.040000000000873
358007, 51998.2700,  3, 473.00, 22.660000000003492
358013, 51998.9100,  3, 514.37, 23.24000000000524
358014, 51999.0200,  3, 469.75, 23.37000000000262
358069, 52004.9100,  3, 549.18, 29.290000000000873
358114, 52009.7300,  3, 553.75, 34.080000000001746
358197, 52032.9100,  1, 28.45, 8.80000000000291
358197, 52032.9100,  1, 16.63, 8.80000000000291
358325, 52046.6200,  3, 510.94, 22.470000000001164
358327, 52046.8400,  3, 534.28, 22.650000000001455
358332, 52047.3700,  3, 479.26, 23.19000000000233
358349, 52049.1900,  3, 530.91, 25.05000000000291
358350, 52049.3000,  3, 509.99, 25.150000000001455
358354, 52049.7300,  3, 588.40, 25.529999999998836
358417, 52070.5900,  1, -33.78, 6.6599999999962165
358417, 52070.5900,  1, -3.73, 6.6599999999962165
358547, 52084.5200,  3, 478.83, 20.580000000001746
358554, 52085.2700,  1, 198.34, 21.339999999996508
358554, 52085.2700,  1, 265.46, 21.339999999996508
358566, 52086.5500,  1, 282.96, 22.62000000000262
358566, 52086.5500,  1, 176.99, 22.62000000000262
358574, 52087.4100,  3, 507.97, 23.400000000001455
358708, 52116.3400,  1, 65.84, 14.25
358708, 52116.3400,  1, 22.12, 14.25
358710, 52116.5500,  1, 49.32, 14.460000000006403
358710, 52116.5500,  1, 110.40, 14.460000000006403
358769, 52122.8700,  3, 471.98, 20.68000000000029
358799, 52126.0900,  3, 543.67, 23.890000000006694
358826, 52128.9800,  3, 596.75, 26.830000000001746
358832, 52129.6200,  3, 568.43, 27.4800000000032
358956, 52157.3400,  1, 114.24, 13.189999999995052
358956, 52157.3400,  1, 62.50, 13.189999999995052
358961, 52157.8700,  1, 57.22, 13.720000000001164
359045, 52166.8700,  3, 531.77, 22.69999999999709
359047, 52167.0900,  3, 526.00, 22.93000000000029
359080, 52170.6200,  3, 514.81, 26.409999999996217
359089, 52171.5900,  3, 595.29, 27.389999999999418
359091, 52171.8000,  3, 501.56, 27.639999999999418
359167, 52194.1200,  1, -20.85, 8.030000000006112
359167, 52194.1200,  1, -26.67, 8.030000000006112
359172, 52194.6600,  1, 12.77, 8.570000000006985
359172, 52194.6600,  1, -18.14, 8.570000000006985
359303, 52208.6900,  3, 532.65, 22.570000000006985
359307, 52209.1200,  3, 495.16, 23.020000000004075
359334, 52212.0200,  3, 546.77, 25.860000000000582
359398, 52218.8700,  3, 603.27, 32.76000000000204
359498, 52243.6600,  1, -0.74, 10.610000000000582
359498, 52243.6600,  1, 5.12, 10.610000000000582
359617, 52256.4100,  3, 503.35, 23.31999999999971
359636, 52258.4400,  3, 535.26, 25.369999999995343
359652, 52260.1600,  3, 522.96, 27.049999999995634
359653, 52260.2700,  3, 547.36, 27.169999999998254
359656, 52260.5900,  3, 547.37, 27.489999999997963
359666, 52261.6600,  3, 546.32, 28.57999999999447
359729, 52282.8700,  1, -34.04, 6.6600000000034925
359729, 52282.8700,  1, -51.19, 6.6600000000034925
359784, 52288.7700,  1, 84.42, 12.559999999997672
359784, 52288.7700,  1, 45.69, 12.559999999997672
359872, 52298.1900,  3, 489.82, 21.919999999998254
359891, 52300.2300,  3, 530.79, 23.93000000000029
359893, 52300.4400,  3, 576.85, 24.160000000003492
359934, 52304.8400,  3, 526.73, 28.540000000000873
360105, 52337.5500,  1, 114.45, 18.210000000006403
360152, 52342.5900,  3, 493.21, 23.2300000000032
360154, 52342.8000,  3, 529.55, 23.390000000006694
360155, 52342.9100,  3, 493.38, 23.530000000006112
360174, 52344.9400,  3, 506.96, 25.5
360187, 52346.3400,  3, 534.68, 26.910000000003492
360187, 52346.3400,  3, 539.83, 26.960000000006403
360197, 52347.4100,  3, 521.90, 27.9800000000032
360341, 52377.1600,  1, 78.05, 15.330000000001746
360389, 52382.3000,  3, 439.25, 20.37999999999738
360409, 52384.4400,  3, 490.17, 22.540000000000873
360412, 52384.7700,  3, 525.30, 22.869999999995343
360413, 52384.8700,  3, 418.62, 23.0199999999968
360423, 52385.9400,  3, 536.77, 24.05999999999767
360438, 52387.5500,  3, 547.11, 25.650000000001455
360479, 52391.9400,  3, 514.30, 30.089999999996508
360590, 52417.9100,  1, 121.75, 11.810000000004948
360590, 52417.9100,  1, 87.75, 11.810000000004948
360641, 52423.3700,  1, 172.44, 17.270000000004075
360641, 52423.3700,  1, 108.69, 17.270000000004075
360687, 52428.3000,  3, 471.34, 22.19000000000233
360709, 52430.6600,  3, 502.70, 24.450000000004366
360728, 52432.6900,  3, 465.26, 26.560000000004948
360743, 52434.3000,  3, 530.25, 28.160000000003492
360945, 52470.2300,  3, 480.53, 21.470000000001164
360972, 52473.1200,  3, 531.86, 24.360000000000582
360977, 52473.6600,  3, 570.88, 24.94000000000233
360987, 52474.7300,  3, 549.70, 25.960000000006403
360996, 52475.6900,  3, 487.19, 26.950000000004366
361023, 52478.5900,  3, 591.49, 29.860000000000582
361028, 52479.1200,  3, 551.25, 30.35000000000582
361045, 52480.9400,  3, 561.71, 32.220000000001164
361152, 52506.5900,  1, 55.70, 11.37999999999738
361152, 52506.5900,  1, 38.19, 11.37999999999738
361231, 52515.0500,  3, 504.63, 19.739999999997963
361238, 52515.8000,  3, 488.32, 20.529999999998836
361250, 52517.0900,  3, 513.01, 21.849999999998545
361257, 52517.8400,  3, 493.05, 22.55000000000291
361280, 52520.3000,  3, 551.36, 25.020000000004075
361321, 52524.6900,  3, 491.07, 29.389999999999418
361524, 52560.4100,  3, 496.95, 21.62999999999738
361550, 52563.1900,  3, 425.32, 24.43000000000029
361553, 52563.5200,  3, 476.42, 24.69000000000233
361560, 52564.2700,  3, 501.22, 25.419999999998254
361561, 52564.3700,  3, 578.79, 25.589999999996508
361579, 52566.3000,  3, 518.04, 27.5
361595, 52568.0200,  3, 601.21, 29.160000000003492
361601, 52568.6600,  3, 599.41, 29.80000000000291
361723, 52596.0500,  1, 107.24, 12.970000000001164
361729, 52596.6900,  1, 84.72, 13.610000000000582
361729, 52596.6900,  1, 47.72, 13.610000000000582
361791, 52603.3400,  3, 496.86, 20.169999999998254
361822, 52606.6600,  3, 546.80, 23.489999999997963
361861, 52610.8400,  3, 484.42, 27.68000000000029
361864, 52611.1600,  3, 552.27, 28.029999999998836
361866, 52611.3700,  3, 500.23, 28.25999999999476
362062, 52646.5500,  3, 479.27, 20.789999999993597
362103, 52650.9400,  3, 447.63, 25.25999999999476
362104, 52651.0500,  3, 546.46, 25.32999999999447
362116, 52652.3400,  3, 450.70, 26.619999999995343
362119, 52652.6600,  3, 493.90, 26.939999999995052
362123, 52653.0900,  3, 608.43, 27.419999999998254
362151, 52656.0900,  3, 486.85, 30.419999999998254
362159, 52656.9400,  3, 466.11, 31.179999999993015
362263, 52682.2700,  1, 88.30, 11.059999999997672
362263, 52682.2700,  1, 45.17, 11.059999999997672
362317, 52688.0500,  1, 28.91, 16.840000000003783
362323, 52688.6900,  1, 111.14, 17.4800000000032
362375, 52694.2700,  3, 444.80, 22.9800000000032
362378, 52694.5900,  1, 143.68, 23.37999999999738
362406, 52697.5900,  3, 505.21, 26.30000000000291
362434, 52700.5900,  3, 506.98, 29.340000000003783
362534, 52725.4800,  1, 6.92, 10.630000000004657
362560, 52728.2700,  1, 111.13, 13.419999999998254
362560, 52728.2700,  1, 59.91, 13.419999999998254
362638, 52736.6200,  3, 463.22, 21.68000000000029
362650, 52737.9100,  1, 146.22, 23.060000000004948
362692, 52742.4100,  3, 592.74, 27.510000000002037
362735, 52747.0200,  3, 382.29, 32.11000000000058
362779, 52751.7300,  3, 468.50, 36.830000000001746
362931, 52782.1900,  1, 97.65, 16.17000000000553
362937, 52782.8400,  1, 46.09, 16.81999999999971
362950, 52784.2300,  1, 123.81, 18.210000000006403
362950, 52784.2300,  1, 78.83, 18.210000000006403
362981, 52787.5500,  3, 434.92, 21.43000000000029
363015, 52791.1900,  3, 447.99, 25.110000000000582
363072, 52797.3000,  3, 406.20, 31.270000000004075
363094, 52799.6600,  3, 502.61, 33.580000000001746
363326, 52838.9800,  3, 386.12, 24.709999999999127
363331, 52839.5200,  3, 450.69, 25.260000000002037
363338, 52840.2700,  3, 436.90, 26.040000000000873
363347, 52841.2300,  3, 452.87, 26.94000000000233
363347, 52841.2300,  3, 484.63, 26.94000000000233
363367, 52843.3700,  3, 450.05, 29.139999999999418
363376, 52844.3400,  3, 513.64, 30.029999999998836
363397, 52846.5900,  3, 571.03, 32.279999999998836
363516, 52873.5200,  1, 33.00, 12.669999999998254
363516, 52873.5200,  1, 37.50, 12.669999999998254
363517, 52873.6200,  1, 30.42, 12.770000000004075
363517, 52873.6200,  1, 58.02, 12.770000000004075
363601, 52882.6200,  3, 485.23, 21.75
363614, 52884.0200,  3, 481.22, 23.06999999999971
363622, 52884.8700,  3, 510.76, 24.010000000002037
363673, 52890.3400,  3, 464.79, 29.44000000000233
363815, 52919.7300,  1, 109.92, 15.12000000000262
363874, 52926.0500,  3, 472.86, 21.400000000001455
363880, 52926.6900,  3, 519.05, 22.05999999999767
363886, 52927.3400,  3, 499.72, 22.669999999998254
363893, 52928.0900,  3, 472.90, 23.43000000000029
363897, 52928.5200,  3, 477.09, 23.860000000000582
363906, 52929.4800,  3, 465.55, 24.779999999998836
363906, 52929.4800,  3, 580.61, 24.80000000000291
364047, 52958.6200,  1, 82.54, 15.0
364092, 52963.4400,  1, 202.38, 19.81999999999971
364102, 52964.5200,  3, 485.03, 20.790000000000873
364122, 52966.6600,  3, 515.07, 22.94999999999709
364140, 52968.5900,  3, 513.88, 24.93000000000029
364145, 52969.1200,  3, 522.43, 25.479999999995925
364156, 52970.3000,  3, 597.57, 26.589999999996508
364169, 52971.6900,  3, 513.44, 27.989999999997963
364351, 53005.1200,  3, 491.01, 19.31999999999971
364389, 53009.1900,  3, 554.50, 23.400000000001455
364398, 53010.1600,  3, 502.69, 24.37000000000262
364401, 53010.4800,  3, 569.95, 24.760000000002037
364420, 53012.5200,  3, 549.74, 26.779999999998836
364421, 53012.6200,  3, 423.47, 26.900000000001455
364439, 53014.5500,  3, 480.99, 28.790000000000873
364492, 53020.2300,  3, 599.52, 34.45999999999913
364689, 53055.6200,  3, 506.07, 20.970000000001164
364708, 53057.6600,  3, 521.24, 22.93000000000029
364717, 53058.6200,  3, 518.11, 23.94000000000233
364732, 53060.2300,  3, 509.56, 25.5
364736, 53060.6600,  3, 527.54, 25.93000000000029
364770, 53064.3000,  3, 441.02, 29.630000000004657
364776, 53064.9400,  3, 586.10, 30.220000000001164
364781, 53065.4800,  3, 487.49, 30.74000000000524
364962, 53098.8700,  3, 502.37, 19.260000000002037
364987, 53101.5500,  3, 514.37, 21.94999999999709
365019, 53104.9800,  3, 510.33, 25.330000000001746
365039, 53107.1200,  3, 479.98, 27.44999999999709
365040, 53107.2300,  3, 522.38, 27.56999999999971
365042, 53107.4400,  3, 585.02, 27.830000000001746
365051, 53108.4100,  3, 582.27, 28.7699999999968
365055, 53108.8400,  3, 510.50, 29.160000000003492
365271, 53146.2700,  3, 482.61, 22.989999999997963
365274, 53146.5900,  3, 492.91, 23.37000000000262
365285, 53147.7700,  3, 493.31, 24.55000000000291
365288, 53148.0900,  3, 550.18, 24.81999999999971
365291, 53148.4100,  3, 517.62, 25.139999999999418
365293, 53148.6200,  3, 595.82, 25.37000000000262
365304, 53149.8000,  3, 486.86, 26.489999999997963
365315, 53150.9800,  3, 543.88, 27.669999999998254
365350, 53168.7700,  1, -115.39, 3.639999999999418
365495, 53184.3000,  1, 85.34, 19.17000000000553
365528, 53187.8400,  3, 481.53, 22.67000000000553
365550, 53190.1900,  3, 549.63, 25.0
365550, 53190.1900,  3, 557.31, 25.020000000004075
365564, 53191.6900,  3, 472.09, 26.49000000000524
365567, 53192.0200,  3, 507.04, 26.810000000004948
365573, 53192.6600,  3, 506.57, 27.4800000000032
365696, 53220.1200,  1, 64.96, 13.060000000004948
365727, 53223.4400,  1, -22.45, 16.380000000004657
365727, 53223.4400,  1, 115.63, 16.380000000004657
365757, 53226.6600,  1, 220.17, 19.60000000000582
365757, 53226.6600,  1, 145.74, 19.60000000000582
365760, 53226.9800,  3, 448.82, 19.85000000000582
365806, 53231.9100,  3, 528.88, 24.74000000000524
365843, 53235.8700,  3, 460.91, 28.75
365941, 53260.8000,  1, 62.80, 10.389999999999418
365941, 53260.8000,  1, 69.21, 10.389999999999418
365981, 53265.0900,  1, 25.94, 14.679999999993015
366054, 53272.9100,  3, 553.18, 22.429999999993015
366079, 53275.5900,  3, 542.87, 25.159999999996217
366081, 53275.8000,  3, 484.83, 25.279999999998836
366084, 53276.1200,  3, 532.01, 25.69999999999709
366090, 53276.7700,  3, 489.98, 26.30999999999767
366204, 53303.1900,  1, 86.40, 12.10000000000582
366204, 53303.1900,  1, 73.39, 12.10000000000582
366205, 53303.3000,  1, 85.07, 12.210000000006403
366205, 53303.3000,  1, 105.15, 12.210000000006403
366313, 53314.8700,  3, 550.01, 23.700000000004366
366317, 53315.3000,  3, 462.02, 24.10000000000582
366338, 53317.5500,  3, 586.61, 26.43000000000029
366338, 53317.5500,  3, 509.75, 26.380000000004657
366448, 53343.5500,  1, 27.28, 11.680000000000291
366448, 53343.5500,  1, 73.20, 11.680000000000291
366532, 53352.5500,  3, 500.22, 20.57999999999447
366555, 53355.0200,  1, 119.03, 23.14999999999418
366574, 53357.0500,  3, 396.83, 25.110000000000582
366577, 53357.3700,  3, 569.91, 25.469999999993888
366591, 53358.8700,  3, 553.11, 26.939999999995052
366596, 53359.4100,  3, 576.45, 27.529999999998836
366716, 53386.8000,  1, 79.32, 12.75
366716, 53386.8000,  1, 35.12, 12.75
366782, 53393.8700,  1, 32.85, 19.81999999999971
366799, 53395.6900,  3, 496.99, 21.56999999999971
366811, 53396.9800,  3, 484.90, 22.860000000000582
366811, 53396.9800,  3, 533.01, 22.860000000000582
366841, 53400.1900,  3, 567.20, 26.12999999999738
366883, 53404.6900,  3, 634.03, 30.610000000000582
367007, 53431.9100,  1, 5.09, 13.180000000000291
367007, 53431.9100,  1, 108.70, 13.180000000000291
367025, 53433.8400,  1, 45.85, 15.109999999993306
367025, 53433.8400,  1, 45.94, 15.109999999993306
367097, 53441.5500,  3, 546.03, 22.75999999999476
367101, 53441.9800,  3, 558.88, 23.229999999995925
367105, 53442.4100,  3, 512.70, 23.56999999999971
367134, 53445.5200,  3, 578.47, 26.69999999999709
367211, 53468.1600,  1, -40.56, 8.17000000000553
367211, 53468.1600,  1, -23.76, 8.17000000000553
367347, 53482.7300,  3, 531.18, 22.660000000003492
367367, 53484.8700,  3, 547.92, 24.840000000003783
367371, 53485.3000,  3, 559.27, 25.290000000000873
367407, 53489.1600,  3, 504.19, 29.110000000000582
367420, 53490.5500,  3, 514.55, 30.470000000001164
367498, 53498.9100,  3, 640.18, 38.900000000001455
367701, 53534.9100,  3, 509.19, 21.549999999995634
367704, 53535.2300,  3, 482.87, 21.919999999998254
367717, 53536.6200,  3, 540.11, 23.339999999996508
367725, 53537.4800,  3, 592.14, 24.169999999998254
367737, 53538.7700,  3, 474.93, 25.5
367752, 53540.3700,  3, 502.31, 27.089999999996508
367759, 53541.1200,  3, 558.39, 27.849999999998545
367791, 53544.5500,  3, 593.46, 31.19999999999709
367883, 53568.5500,  1, 15.55, 9.740000000005239
367883, 53568.5500,  1, -36.62, 9.740000000005239
367991, 53580.1200,  1, 192.86, 21.310000000004948
368041, 53585.4800,  3, 495.99, 26.650000000001455
368047, 53586.1200,  3, 555.60, 27.260000000002037
368064, 53587.9400,  3, 564.04, 29.040000000000873
368080, 53589.6600,  3, 528.19, 30.810000000004948
368259, 53608.8400,  2, 83.84,  50
368338, 53631.5200,  1, 13.59, 8.25
368338, 53631.5200,  1, 6.09, 8.25
368356, 53633.4400,  1, -34.29, 10.17000000000553
368479, 53646.6200,  3, 553.04, 23.25
368496, 53648.4400,  3, 451.94, 25.12000000000262
368516, 53650.5900,  3, 547.62, 27.280000000006112
368517, 53650.6900,  3, 499.33, 27.31999999999971
368529, 53651.9800,  3, 630.87, 28.60000000000582
368659, 53680.0500,  1, 52.81, 13.819999999999709
368698, 53684.2300,  1, 158.61, 18.0
368698, 53684.2300,  1, 28.11, 18.0
368752, 53690.0200,  3, 545.25, 23.779999999998836
368769, 53691.8400,  3, 555.52, 25.56999999999971
368777, 53692.6900,  3, 508.81, 26.409999999996217
368782, 53693.2300,  3, 480.30, 26.93000000000029
368887, 53704.4800,  3, 514.64, 38.15999999999622
369043, 53735.2300,  1, 97.27, 16.62000000000262
369043, 53735.2300,  1, 190.67, 16.62000000000262
369089, 53740.1600,  3, 512.01, 21.44999999999709
369114, 53742.8400,  3, 522.27, 24.209999999999127
369123, 53743.8000,  3, 482.10, 25.150000000001455
369129, 53744.4400,  3, 525.40, 25.7699999999968
369137, 53745.3000,  3, 551.69, 26.62000000000262
369142, 53745.8400,  3, 543.78, 27.139999999999418
369295, 53776.6900,  1, 166.10, 16.279999999998836
369295, 53776.6900,  1, 84.08, 16.279999999998836
369315, 53778.8400,  3, 478.68, 18.349999999998545
369344, 53781.9400,  3, 483.00, 21.489999999997963
369388, 53786.6600,  3, 516.44, 26.219999999993888
369395, 53787.4100,  3, 597.53, 26.94999999999709
369413, 53789.3400,  3, 506.09, 28.81999999999971
369417, 53789.7700,  3, 464.24, 29.349999999998545
369501, 53812.9400,  1, 14.96, 8.910000000003492
369501, 53812.9400,  1, -7.23, 8.910000000003492
369593, 53822.8000,  3, 453.90, 18.669999999998254
369635, 53827.3000,  3, 530.57, 23.200000000004366
369642, 53828.0500,  3, 606.11, 23.950000000004366
369644, 53828.2700,  3, 545.15, 24.19000000000233
369648, 53828.6900,  3, 527.74, 24.650000000001455
369658, 53829.7700,  3, 569.28, 25.69000000000233
369750, 53853.9400,  1, 40.47, 9.740000000005239
369872, 53867.0200,  3, 511.26, 22.80000000000291
369877, 53867.5500,  3, 471.63, 23.25
369879, 53867.7700,  3, 494.70, 23.560000000004948
369880, 53867.8700,  3, 541.05, 23.580000000001746
369880, 53867.8700,  3, 467.77, 23.580000000001746
369936, 53873.8700,  3, 535.49, 29.650000000001455
369959, 53876.3400,  3, 556.19, 32.080000000001746
370041, 53899.3000,  1, -16.18, 8.700000000004366
370041, 53899.3000,  1, -51.81, 8.700000000004366
370083, 53903.8000,  1, 99.53, 13.200000000004366
370083, 53903.8000,  1, 69.81, 13.200000000004366
370102, 53905.8400,  1, 97.42, 15.239999999997963
370102, 53905.8400,  1, 145.11, 15.239999999997963
370184, 53914.6200,  3, 542.48, 23.93000000000029
370205, 53916.8700,  3, 499.32, 26.25
370404, 53952.6200,  3, 509.74, 21.169999999998254
370407, 53952.9400,  3, 458.62, 21.529999999998836
370420, 53954.3400,  3, 487.20, 22.909999999996217
370423, 53954.6600,  3, 513.16, 23.19999999999709
370430, 53955.4100,  3, 432.30, 23.979999999995925
370449, 53957.4400,  3, 608.75, 26.010000000002037
370457, 53958.3000,  3, 552.05, 26.80999999999767
370467, 53959.3700,  3, 518.46, 27.869999999995343
370652, 53993.2300,  1, 281.96, 19.720000000001164
370690, 53997.3000,  3, 496.46, 23.75
370692, 53997.5200,  3, 487.40, 23.939999999995052
370706, 53999.0200,  3, 479.31, 25.43000000000029
370715, 53999.9800,  3, 506.03, 26.419999999998254
370720, 54000.5200,  3, 540.73, 26.979999999995925
370752, 54003.9400,  3, 534.94, 30.369999999995343
370901, 54019.9100,  3, 426.71, 46.32999999999447
371036, 54048.6200,  1, 51.96, 14.37000000000262
371061, 54051.3000,  1, 177.59, 17.05000000000291
371061, 54051.3000,  1, 114.77, 17.05000000000291
371091, 54054.5200,  3, 474.35, 20.239999999997963
371105, 54056.0200,  3, 435.68, 21.660000000003492
371121, 54057.7300,  3, 415.71, 23.459999999999127
371187, 54064.8000,  3, 501.51, 30.529999999998836
371291, 54075.9400,  3, 660.53, 41.63999999999942
371516, 54114.2300,  3, 564.90, 24.0
371530, 54115.7300,  3, 394.88, 25.43000000000029
371538, 54116.5900,  3, 435.73, 26.279999999998836
371554, 54118.3000,  3, 517.73, 27.970000000001164
371568, 54119.8000,  3, 576.82, 29.479999999995925
371613, 54124.6200,  3, 494.15, 34.38999999999942
371677, 54131.4800,  3, 521.46, 41.220000000001164
371759, 54140.2700,  2, 88.51,  50
371996, 54179.8400,  3, 449.24, 25.18000000000029
372013, 54181.6600,  3, 467.30, 26.909999999996217
372017, 54182.0900,  3, 473.95, 27.409999999996217
372021, 54182.5200,  3, 521.92, 27.790000000000873
372041, 54184.6600,  3, 555.87, 29.939999999995052
372042, 54184.7700,  3, 515.08, 30.05999999999767
372059, 54186.5900,  3, 492.49, 31.889999999999418
372096, 54190.5500,  3, 658.50, 35.86000000000058
372240, 54220.1600,  1, 43.67, 15.330000000001746
372240, 54220.1600,  1, 110.57, 15.330000000001746
372243, 54220.4800,  1, 162.35, 15.650000000001455
372243, 54220.4800,  1, 121.47, 15.650000000001455
372349, 54231.8400,  3, 470.71, 26.970000000001164
372363, 54233.3400,  3, 519.81, 28.44999999999709
372366, 54233.6600,  3, 524.30, 28.779999999998836
372376, 54234.7300,  3, 529.00, 29.839999999996508
372596, 54272.5200,  3, 505.14, 23.410000000003492
372600, 54272.9400,  1, 215.76, 23.910000000003492
372600, 54272.9400,  1, 229.71, 23.910000000003492
372608, 54273.8000,  3, 499.96, 24.68000000000029
372626, 54275.7300,  3, 465.86, 26.639999999999418
372653, 54278.6200,  3, 523.16, 29.529999999998836
372702, 54283.8700,  3, 599.49, 34.80999999999767
372748, 54288.8000,  3, 681.79, 39.7300000000032
372830, 54311.7300,  1, -7.58, 8.67000000000553
372830, 54311.7300,  1, -1.34, 8.67000000000553
372943, 54323.8400,  3, 470.80, 20.760000000002037
372972, 54326.9400,  3, 559.01, 23.80000000000291
372998, 54329.7300,  3, 453.19, 26.60000000000582
373006, 54330.5900,  3, 566.77, 27.44000000000233
373033, 54333.4800,  3, 599.62, 30.360000000000582
373199, 54351.2700,  3, 725.44, 48.19000000000233
373273, 54373.6200,  1, -1.51, 7.830000000001746
373273, 54373.6200,  1, -0.48, 7.830000000001746
373313, 54377.9100,  1, 36.84, 12.12000000000262
373313, 54377.9100,  1, 107.40, 12.12000000000262
373331, 54379.8400,  1, 86.09, 14.049999999995634
373331, 54379.8400,  1, 72.72, 14.049999999995634
373406, 54387.8700,  3, 509.12, 22.0199999999968
373465, 54394.1900,  3, 621.07, 28.299999999995634
373588, 54421.6200,  1, 65.55, 13.060000000004948
373588, 54421.6200,  1, 72.37, 13.060000000004948
373598, 54422.6900,  1, 85.62, 14.130000000004657
373598, 54422.6900,  1, 174.84, 14.130000000004657
373715, 54435.2300,  3, 525.27, 26.610000000000582
373738, 54437.6900,  3, 488.95, 29.12000000000262
373760, 54440.0500,  3, 723.66, 31.389999999999418
373773, 54441.4400,  3, 600.26, 32.84000000000378
373965, 54476.3000,  1, 44.96, 20.470000000001164
373980, 54477.9100,  3, 496.92, 22.0
373987, 54478.6600,  3, 504.05, 22.779999999998836
374009, 54481.0200,  3, 555.71, 25.159999999996217
374023, 54482.5200,  3, 542.68, 26.580000000001746
374051, 54485.5200,  3, 523.29, 29.639999999999418
374064, 54486.9100,  3, 572.03, 31.040000000000873
374169, 54498.1600,  3, 595.84, 42.229999999995925
374383, 54535.2700,  3, 477.36, 22.81999999999971
374399, 54536.9800,  3, 520.20, 24.44999999999709
374407, 54537.8400,  3, 475.25, 25.37999999999738
374418, 54539.0200,  3, 633.24, 26.5
374421, 54539.3400,  3, 539.53, 26.81999999999971
374433, 54540.6200,  3, 460.39, 28.119999999995343
374505, 54548.3400,  3, 637.42, 35.86999999999534
374510, 54548.8700,  3, 551.69, 36.39999999999418
374642, 54577.3000,  1, 113.07, 14.040000000000873
374642, 54577.3000,  1, 100.89, 14.040000000000873
374651, 54578.2700,  1, 125.10, 15.009999999994761
374651, 54578.2700,  1, 100.67, 15.009999999994761
374759, 54589.8400,  3, 631.29, 26.55999999999767
374766, 54590.5900,  3, 509.12, 27.220000000001164
374810, 54595.3000,  3, 586.70, 31.93000000000029
374857, 54600.3400,  3, 568.68, 37.06999999999971
374939, 54623.3000,  1, 30.24, 8.67000000000553
374939, 54623.3000,  1, -16.25, 8.67000000000553
375003, 54630.1600,  1, 85.53, 15.530000000006112
375003, 54630.1600,  1, 1.57, 15.530000000006112
375043, 54634.4400,  3, 459.85, 19.760000000002037
375077, 54638.0900,  3, 520.67, 23.360000000000582
375087, 54639.1600,  3, 546.02, 24.510000000002037
375118, 54642.4800,  3, 592.47, 27.840000000003783
