    51, 36.1700,  1, -163.62, 5.560000000000002
   131, 44.7400,  1, -134.76, 14.130000000000003
   230, 55.3400,  1, -135.46, 24.730000000000004
   245, 56.9500,  1, -250.99, 26.340000000000003
   302, 63.0600,  1, -292.34, 32.45
   464, 80.7600,  1, -314.02, 50.150000000000006
   830, 120.7900,  1, -353.66, 90.18
   920, 130.6300,  2, -270.97, 100
  1101, 165.0500,  1, -221.00, 19.57000000000002
  1255, 181.9000,  1, -297.58, 36.420000000000016
  1566, 215.9100,  1, -409.27, 70.43
  1702, 230.7900,  1, -285.70, 85.31
  1815, 243.1500,  1, -336.92, 97.67000000000002
  1837, 245.5500,  2, -87.66, 100
  1837, 245.5500,  2, -214.88, 100
  1837, 245.5500,  2, -279.01, 100
  1914, 269.1200,  1, -166.34, 7.819999999999993
  1953, 273.1800,  1, -216.50, 11.879999999999995
  1981, 276.1000,  1, -144.61, 14.800000000000011
  2181, 296.9300,  1, -306.82, 35.629999999999995
  2227, 301.7200,  1, -328.36, 40.420000000000016
  2289, 308.1800,  1, -244.08, 46.879999999999995
  2398, 319.5400,  1, -329.01, 58.24000000000001
  2624, 343.0800,  1, -282.17, 81.77999999999997
  2725, 368.2700,  1, -187.68, 10.419999999999959
  2785, 374.5200,  1, -181.63, 16.66999999999996
  2856, 381.9100,  1, -267.70, 24.060000000000002
  2908, 387.3300,  1, -287.27, 29.47999999999996
  3399, 438.6000,  1, -331.83, 80.75
  3487, 447.7700,  1, -502.63, 89.91999999999996
  3584, 457.8700,  2, -318.22, 100
  3584, 457.8700,  2, -260.80, 100
  3733, 489.6800,  1, -89.99, 15.319999999999993
  3778, 494.3700,  1, -191.05, 20.00999999999999
  3801, 496.7700,  1, -135.06, 22.409999999999968
  4027, 520.2000,  1, -328.63, 45.84000000000003
  4258, 543.9800,  1, -265.61, 69.62
  4385, 557.0600,  1, -476.53, 82.69999999999993
  4538, 572.8100,  1, -396.39, 98.44999999999993
  4554, 574.4500,  2, -256.66, 100
  4767, 611.6000,  1, -260.50, 21.720000000000027
  4842, 619.3200,  1, -267.29, 29.440000000000055
  4966, 632.0800,  1, -310.66, 42.200000000000045
  5061, 641.8600,  1, -314.26, 51.98000000000002
  5110, 646.9100,  1, -288.69, 57.02999999999997
  5151, 651.1300,  1, -327.77, 61.25
  5528, 689.9400,  2, -348.08, 100
  5528, 689.9400,  2, -291.44, 100
  5607, 712.8100,  1, -177.66, 7.92999999999995
  5676, 719.9100,  1, -201.48, 15.029999999999973
  5682, 720.5300,  1, -83.60, 15.649999999999977
  5701, 722.4800,  1, -131.44, 17.600000000000023
  5795, 732.1600,  1, -179.08, 27.279999999999973
  5904, 743.3800,  1, -283.53, 38.5
  6155, 769.2100,  1, -374.19, 64.33000000000004
  6502, 804.9400,  2, -212.21, 100
  6576, 827.1900,  1, -171.76, 7.410000000000082
  6899, 860.4400,  1, -285.68, 40.66000000000008
  6959, 866.6100,  1, -287.20, 46.83000000000004
  6987, 869.5000,  1, -187.25, 49.72000000000003
  7239, 895.4400,  1, -432.93, 75.66000000000008
  7248, 896.3600,  1, -416.75, 76.58000000000004
  7476, 919.8300,  2, -337.53, 100
  7476, 919.8300,  2, -228.35, 100
  7829, 970.7100,  1, -177.84, 36.120000000000005
  8142, 1002.9400,  1, -293.37, 68.35000000000002
  8172, 1006.0300,  1, -385.77, 71.43999999999994
  8192, 1008.0800,  1, -222.07, 73.49000000000001
  8251, 1014.1600,  1, -429.01, 79.56999999999994
  8446, 1034.6300,  2, -164.70, 100
  8446, 1034.6300,  2, -290.26, 100
  8446, 1034.6300,  2, -264.65, 100
  8561, 1061.3800,  1, -195.87, 12.090000000000146
  8632, 1068.9900,  1, -221.45, 19.700000000000045
  8732, 1079.7000,  1, -232.33, 30.410000000000082
  8805, 1087.5200,  1, -229.34, 38.23000000000002
  8956, 1103.7000,  1, -238.06, 54.41000000000008
  9105, 1119.6600,  1, -361.91, 70.37000000000012
  9144, 1123.8500,  1, -412.13, 74.55999999999995
  9259, 1136.1600,  1, -449.21, 86.87000000000012
  9418, 1168.5200,  1, -137.10, 16.90000000000009
  9419, 1168.6300,  1, -168.79, 17.01000000000022
  9634, 1191.6600,  1, -294.96, 40.04000000000019
  9669, 1195.4100,  1, -244.96, 43.79000000000019
  9846, 1214.3800,  1, -404.07, 62.76000000000022
  9979, 1228.6300,  1, -426.67, 77.01000000000022
 10194, 1251.6600,  2, -302.89, 100
 10194, 1251.6600,  2, -260.35, 100
 10435, 1292.2700,  1, -136.33, 25.589999999999918
 10499, 1299.1300,  1, -242.81, 32.450000000000045
 10557, 1305.3500,  1, -226.23, 38.669999999999845
 10614, 1311.4500,  1, -315.51, 44.76999999999998
 10615, 1311.5600,  1, -184.93, 44.87999999999988
 10773, 1328.4900,  1, -245.01, 61.809999999999945
 11045, 1357.6300,  1, -500.98, 90.95000000000005
 11130, 1366.7400,  2, -237.11, 100
 11255, 1394.8800,  1, -116.53, 13.180000000000064
 11474, 1418.3500,  1, -260.81, 36.649999999999864
 11508, 1421.9900,  1, -312.81, 40.289999999999964
 11521, 1423.3800,  1, -314.06, 41.680000000000064
 11749, 1447.8100,  1, -346.10, 66.1099999999999
 11790, 1452.2000,  1, -393.00, 70.5
 11894, 1463.3500,  1, -453.15, 81.64999999999986
 12066, 1481.7700,  2, -209.75, 100
 12127, 1502.9900,  1, -134.03, 6.329999999999927
 12198, 1510.6000,  1, -210.65, 13.939999999999827
 12298, 1521.3100,  1, -264.26, 24.649999999999864
 12381, 1530.2000,  1, -236.81, 33.539999999999964
 12435, 1535.9900,  1, -247.00, 39.32999999999993
 12494, 1542.3100,  1, -208.57, 45.649999999999864
 12733, 1567.9100,  1, -229.58, 71.25
 13002, 1596.7400,  2, -193.22, 100
 13162, 1628.7400,  1, -137.07, 16.90000000000009
 13294, 1642.8800,  1, -163.78, 31.04000000000019
 13328, 1646.5200,  1, -266.87, 34.680000000000064
 13372, 1651.2400,  1, -304.95, 39.40000000000009
 13393, 1653.4900,  1, -267.68, 41.65000000000009
 13720, 1688.5200,  1, -429.32, 76.68000000000006
 13937, 1711.7700,  1, -340.75, 99.93000000000006
 13938, 1711.8800,  2, -169.72, 100
 14215, 1757.1300,  1, -147.97, 29.450000000000045
 14242, 1760.0200,  1, -164.50, 32.33999999999992
 14272, 1763.2400,  1, -291.28, 35.559999999999945
 14272, 1763.2400,  1, -281.46, 35.559999999999945
 14391, 1775.9900,  1, -285.28, 48.309999999999945
 14628, 1801.3800,  1, -330.94, 73.70000000000005
 14760, 1815.5200,  1, -450.61, 87.83999999999992
 14874, 1827.7400,  2, -355.67, 100
 15069, 1864.1300,  1, -163.64, 20.660000000000082
 15072, 1864.4500,  1, -224.07, 20.980000000000018
 15082, 1865.5200,  1, -180.18, 22.049999999999955
 15151, 1872.9100,  1, -285.04, 29.440000000000055
 15189, 1876.9900,  1, -248.90, 33.51999999999998
 15241, 1882.5600,  1, -251.56, 39.08999999999992
 15275, 1886.2000,  1, -283.76, 42.73000000000002
 15333, 1892.4100,  1, -316.31, 48.940000000000055
 15538, 1929.2700,  1, -195.48, 21.839999999999918
 15557, 1931.3100,  1, -270.05, 23.87999999999988
 15607, 1936.6600,  1, -208.08, 29.230000000000018
 15677, 1944.1600,  1, -227.70, 36.73000000000002
 15815, 1958.9500,  1, -350.17, 51.51999999999998
 15912, 1969.3500,  1, -306.90, 61.919999999999845
 16107, 1990.2400,  1, -431.05, 82.80999999999995
 16268, 2007.4900,  2, -370.70, 100
 16383, 2034.4900,  1, -209.29, 12.089999999999918
 16415, 2037.9100,  1, -138.60, 15.509999999999991
 16467, 2043.4900,  1, -262.36, 21.089999999999918
 16561, 2053.5500,  1, -281.69, 31.15000000000009
 16583, 2055.9100,  1, -270.42, 33.50999999999976
 16612, 2059.0100,  1, -288.90, 36.61000000000013
 17191, 2121.0500,  1, -391.05, 98.65000000000009
 17204, 2122.4500,  2, -250.35, 100
 17346, 2152.2600,  1, -214.97, 15.0
 17484, 2167.0500,  1, -223.90, 29.789999999999964
 17504, 2169.2000,  1, -198.33, 31.9399999999996
 17536, 2172.6200,  1, -292.38, 35.35999999999967
 17640, 2183.7600,  1, -177.51, 46.5
 17724, 2192.7600,  1, -289.71, 55.5
 17864, 2207.7600,  1, -373.29, 70.5
 17940, 2215.9100,  1, -423.20, 78.64999999999964
 17993, 2236.1800,  1, -168.07, 5.579999999999927
 18146, 2252.5700,  1, -232.14, 21.970000000000255
 18196, 2257.9300,  1, -237.85, 27.329999999999927
 18241, 2262.7500,  1, -242.75, 32.15000000000009
 18359, 2275.3900,  1, -338.92, 44.789999999999964
 18799, 2322.5300,  1, -466.68, 91.93000000000029
 18875, 2330.6800,  2, -360.30, 100
 18875, 2330.6800,  2, -297.21, 100
 18914, 2349.6800,  1, -122.00, 3.9699999999998
 19142, 2374.1100,  1, -301.13, 28.40000000000009
 19256, 2386.3200,  1, -308.34, 40.61000000000013
 19257, 2386.4300,  1, -276.78, 40.7199999999998
 19348, 2396.1800,  1, -335.30, 50.4699999999998
 19659, 2429.5000,  1, -393.74, 83.78999999999996
 19679, 2431.6400,  1, -302.02, 85.92999999999984
 19811, 2445.7800,  2, -247.19, 100
 20084, 2489.6400,  1, -278.22, 29.039999999999964
 20106, 2492.0000,  1, -273.81, 31.40000000000009
 20244, 2506.7800,  1, -287.03, 46.18000000000029
 20390, 2522.4300,  1, -327.49, 61.82999999999993
 20476, 2531.6400,  1, -272.98, 71.03999999999996
 20576, 2542.3600,  1, -370.03, 81.76000000000022
 20747, 2560.6800,  2, -313.39, 100
 20747, 2560.6800,  2, -150.38, 100
 20918, 2593.9700,  1, -244.84, 18.11999999999989
 21426, 2648.3900,  1, -322.64, 72.53999999999996
 21454, 2651.3900,  1, -382.45, 75.53999999999996
 21512, 2657.6100,  1, -423.45, 81.76000000000022
 21683, 2675.9300,  2, -336.64, 100
 21683, 2675.9300,  2, -322.14, 100
 21683, 2675.9300,  2, -288.49, 100
 21683, 2675.9300,  2, -173.27, 100
 22037, 2729.4500,  1, -290.65, 37.710000000000036
 22075, 2733.5100,  1, -301.81, 41.77000000000044
 22330, 2760.8400,  1, -345.19, 69.10000000000036
 22396, 2767.9100,  1, -309.53, 76.17000000000007
 22592, 2788.9100,  1, -453.66, 97.17000000000007
 22619, 2791.8000,  2, -278.32, 100
 22619, 2791.8000,  2, -337.57, 100
 22619, 2791.8000,  2, -305.62, 100
 22931, 2839.8700,  1, -280.77, 33.210000000000036
 23298, 2879.2000,  1, -314.23, 72.53999999999996
 23394, 2889.4800,  1, -428.41, 82.82000000000016
 23555, 2906.7300,  2, -294.80, 100
 23555, 2906.7300,  2, -295.04, 100
 23555, 2906.7300,  2, -239.57, 100
 23555, 2906.7300,  2, -366.79, 100
 23555, 2906.7300,  2, -380.28, 100
 23889, 2957.2300,  1, -155.70, 35.57999999999993
 24195, 2990.0100,  1, -330.39, 68.36000000000013
 24403, 3012.3000,  1, -340.23, 90.65000000000009
 24491, 3021.7300,  2, -320.72, 100
 24491, 3021.7300,  2, -283.11, 100
 24491, 3021.7300,  2, -284.55, 100
 24491, 3021.7300,  2, -332.57, 100
 24491, 3021.7300,  2, -290.52, 100
 24730, 3061.8700,  1, -149.45, 25.38000000000011
 25138, 3105.5900,  1, -412.42, 69.10000000000036
 25427, 3136.5500,  2, -294.48, 100
 25427, 3136.5500,  2, -360.06, 100
 25427, 3136.5500,  2, -348.06, 100
 25427, 3136.5500,  2, -293.42, 100
 25427, 3136.5500,  2, -188.09, 100
 25427, 3136.5500,  2, -307.46, 100
 25619, 3171.5100,  1, -142.67, 20.350000000000364
 25770, 3187.7000,  1, -187.00, 36.539999999999964
 25892, 3200.7600,  1, -274.04, 49.600000000000364
 26163, 3229.8000,  1, -324.96, 78.64000000000033
 26363, 3251.2300,  2, -279.90, 100
 26363, 3251.2300,  2, -422.12, 100
 26363, 3251.2300,  2, -382.54, 100
 26363, 3251.2300,  2, -319.03, 100
 26845, 3317.3400,  1, -322.24, 51.440000000000055
 27291, 3365.1200,  1, -517.52, 99.2199999999998
 27299, 3365.9800,  2, -253.42, 100
 27299, 3365.9800,  2, -348.09, 100
 27299, 3365.9800,  2, -259.14, 100
 27299, 3365.9800,  2, -342.85, 100
 27299, 3365.9800,  2, -329.99, 100
 27299, 3365.9800,  2, -286.56, 100
 28235, 3480.7800,  2, -379.03, 100
 28235, 3480.7800,  2, -351.04, 100
 28235, 3480.7800,  2, -319.44, 100
 28235, 3480.7800,  2, -284.89, 100
 28235, 3480.7800,  2, -358.76, 100
 28235, 3480.7800,  2, -283.17, 100
 28235, 3480.7800,  2, -243.59, 100
 28235, 3480.7800,  2, -294.58, 100
 28512, 3525.0900,  1, -232.37, 29.470000000000255
 28627, 3537.4100,  1, -283.21, 41.789999999999964
 29171, 3595.7000,  2, -245.74, 100
 29171, 3595.7000,  2, -409.70, 100
 29171, 3595.7000,  2, -126.15, 100
 29171, 3595.7000,  2, -406.45, 100
 29171, 3595.7000,  2, -305.38, 100
 29171, 3595.7000,  2, -158.23, 100
 29438, 3639.0700,  1, -243.13, 28.40000000000009
 29544, 3650.4300,  1, -172.04, 39.75999999999976
 30107, 3710.7500,  2, -325.65, 100
 30107, 3710.7500,  2, -265.97, 100
 30107, 3710.7500,  2, -329.41, 100
 30107, 3710.7500,  2, -306.02, 100
 30107, 3710.7500,  2, -357.86, 100
 30107, 3710.7500,  2, -351.43, 100
 30500, 3767.5500,  1, -190.69, 41.89000000000033
 30623, 3780.7300,  1, -415.20, 55.070000000000164
 30693, 3788.2300,  1, -295.67, 62.570000000000164
 30824, 3802.2600,  1, -374.20, 76.60000000000036
 31014, 3822.6200,  1, -314.61, 96.96000000000004
 31014, 3822.6200,  1, -370.26, 96.96000000000004
 31043, 3825.7300,  2, -368.87, 100
 31043, 3825.7300,  2, -447.15, 100
 31377, 3876.1600,  1, -233.22, 35.56999999999971
 31979, 3940.6600,  2, -304.74, 100
 31979, 3940.6600,  2, -343.61, 100
 31979, 3940.6600,  2, -277.13, 100
 31979, 3940.6600,  2, -244.87, 100
 31979, 3940.6600,  2, -261.31, 100
 31979, 3940.6600,  2, -350.05, 100
 31979, 3940.6600,  2, -381.57, 100
 32292, 3988.5000,  1, -262.39, 33.32999999999993
 32303, 3989.6800,  1, -301.49, 34.50999999999976
 32591, 4020.5300,  1, -243.23, 65.36000000000013
 32801, 4043.0300,  1, -424.45, 87.86000000000013
 32915, 4055.2500,  2, -350.80, 100
 32915, 4055.2500,  2, -290.98, 100
 32915, 4055.2500,  2, -266.36, 100
 32915, 4055.2500,  2, -268.91, 100
 33260, 4106.4700,  1, -245.11, 36.570000000000164
 33274, 4107.9500,  1, -152.91, 38.04999999999973
 33455, 4127.0000,  1, -386.50, 57.09999999999991
 33514, 4133.2100,  1, -370.53, 63.309999999999945
 33778, 4161.0000,  1, -471.44, 91.09999999999991
 33863, 4169.9500,  2, -313.84, 100
 33863, 4169.9500,  2, -204.50, 100
 33863, 4169.9500,  2, -313.04, 100
 34083, 4207.8000,  1, -170.82, 22.949999999999818
 34096, 4209.1700,  1, -241.12, 24.31999999999971
 34104, 4210.0100,  1, -160.25, 25.159999999999854
 34212, 4221.3800,  1, -182.39, 36.529999999999745
 34573, 4259.3800,  1, -357.06, 74.52999999999975
 34815, 4284.8500,  2, -351.01, 100
 34815, 4284.8500,  2, -245.93, 100
 34815, 4284.8500,  2, -345.74, 100
 35009, 4319.5900,  1, -178.92, 20.210000000000036
 35054, 4324.3300,  1, -240.34, 24.949999999999818
 35451, 4366.1200,  1, -369.77, 66.73999999999978
 35593, 4381.0600,  1, -278.21, 81.68000000000029
 35767, 4399.3800,  2, -321.47, 100
 35767, 4399.3800,  2, -257.34, 100
 35767, 4399.3800,  2, -290.83, 100
 35767, 4399.3800,  2, -367.61, 100
 36156, 4454.8400,  1, -331.46, 40.73000000000047
 36249, 4464.6300,  1, -259.09, 50.52000000000044
 36497, 4490.7400,  1, -403.22, 76.63000000000011
 36584, 4499.8900,  1, -423.34, 85.78000000000065
 36585, 4500.0000,  1, -419.20, 85.89000000000033
 36720, 4514.2100,  2, -347.04, 100
 36720, 4514.2100,  2, -354.96, 100
 36720, 4514.2100,  2, -309.15, 100
 37352, 4595.3800,  1, -393.43, 66.31999999999971
 37450, 4605.7000,  1, -430.76, 76.63999999999942
 37672, 4629.0600,  2, -317.80, 100
 37672, 4629.0600,  2, -322.19, 100
 37672, 4629.0600,  2, -306.58, 100
 37672, 4629.0600,  2, -292.94, 100
 37672, 4629.0600,  2, -327.03, 100
 37672, 4629.0600,  2, -276.67, 100
 38586, 4739.6700,  1, -489.00, 96.0
 38624, 4743.6700,  2, -320.31, 100
 38624, 4743.6700,  2, -330.85, 100
 38624, 4743.6700,  2, -323.29, 100
 38624, 4743.6700,  2, -366.72, 100
 38624, 4743.6700,  2, -364.60, 100
 38624, 4743.6700,  2, -354.79, 100
 38624, 4743.6700,  2, -277.78, 100
 39576, 4858.2000,  2, -213.67, 100
 39576, 4858.2000,  2, -286.44, 100
 39576, 4858.2000,  2, -351.43, 100
 39576, 4858.2000,  2, -291.29, 100
 39576, 4858.2000,  2, -297.32, 100
 39576, 4858.2000,  2, -313.91, 100
 39576, 4858.2000,  2, -354.79, 100
 39576, 4858.2000,  2, -248.78, 100
 39887, 4905.4200,  1, -281.33, 32.52000000000044
 40529, 4973.0000,  2, -328.53, 100
 40529, 4973.0000,  2, -339.40, 100
 40529, 4973.0000,  2, -335.28, 100
 40529, 4973.0000,  2, -195.43, 100
 40529, 4973.0000,  2, -281.50, 100
 40529, 4973.0000,  2, -316.21, 100
 40529, 4973.0000,  2, -329.74, 100
 41481, 5087.6600,  2, -342.14, 100
 41481, 5087.6600,  2, -246.89, 100
 41481, 5087.6600,  2, -270.30, 100
 41481, 5087.6600,  2, -251.23, 100
 41481, 5087.6600,  2, -363.43, 100
 41481, 5087.6600,  2, -267.75, 100
 41481, 5087.6600,  2, -390.36, 100
 41481, 5087.6600,  2, -328.44, 100
 42123, 5169.6400,  1, -355.15, 67.36999999999989
 42433, 5202.2700,  2, -340.23, 100
 42433, 5202.2700,  2, -272.05, 100
 42433, 5202.2700,  2, -234.29, 100
 42433, 5202.2700,  2, -303.84, 100
 42433, 5202.2700,  2, -268.80, 100
 42433, 5202.2700,  2, -323.84, 100
 42433, 5202.2700,  2, -415.52, 100
 43386, 5318.0000,  2, -360.58, 100
 43386, 5318.0000,  2, -414.81, 100
 43386, 5318.0000,  2, -260.78, 100
 43386, 5318.0000,  2, -370.22, 100
 43386, 5318.0000,  2, -368.44, 100
 43386, 5318.0000,  2, -396.61, 100
 43386, 5318.0000,  2, -389.90, 100
 43386, 5318.0000,  2, -268.18, 100
 44338, 5432.6300,  2, -255.49, 100
 44338, 5432.6300,  2, -312.42, 100
 44338, 5432.6300,  2, -328.56, 100
 44338, 5432.6300,  2, -313.55, 100
 44338, 5432.6300,  2, -334.35, 100
 44338, 5432.6300,  2, -404.81, 100
 44338, 5432.6300,  2, -379.45, 100
 44338, 5432.6300,  2, -223.75, 100
 44873, 5503.5400,  1, -383.06, 56.100000000000364
 45291, 5547.5400,  2, -299.97, 100
 45291, 5547.5400,  2, -296.85, 100
 45291, 5547.5400,  2, -308.99, 100
 45291, 5547.5400,  2, -294.93, 100
 45291, 5547.5400,  2, -339.62, 100
 45291, 5547.5400,  2, -181.57, 100
 45291, 5547.5400,  2, -400.52, 100
 46147, 5652.3700,  1, -515.57, 89.89999999999964
 46216, 5659.6300,  1, -417.17, 97.15999999999985
 46243, 5662.4700,  2, -224.58, 100
 46243, 5662.4700,  2, -392.09, 100
 46243, 5662.4700,  2, -229.33, 100
 46243, 5662.4700,  2, -370.37, 100
 46243, 5662.4700,  2, -377.88, 100
 46243, 5662.4700,  2, -225.88, 100
 46924, 5748.5400,  1, -400.77, 71.47000000000025
 47196, 5777.1700,  2, -313.61, 100
 47196, 5777.1700,  2, -224.80, 100
 47196, 5777.1700,  2, -336.05, 100
 47196, 5777.1700,  2, -249.05, 100
 47196, 5777.1700,  2, -416.81, 100
 47196, 5777.1700,  2, -155.92, 100
 47196, 5777.1700,  2, -189.30, 100
 47682, 5842.8900,  1, -300.43, 50.94000000000051
 47848, 5860.3700,  1, -367.38, 68.42000000000007
 48148, 5891.9500,  2, -216.05, 100
 48148, 5891.9500,  2, -278.14, 100
 48148, 5891.9500,  2, -344.87, 100
 48148, 5891.9500,  2, -257.33, 100
 48148, 5891.9500,  2, -359.80, 100
 48148, 5891.9500,  2, -324.24, 100
 48498, 5943.4500,  1, -272.85, 36.63000000000011
 49101, 6006.9200,  2, -207.81, 100
 49101, 6006.9200,  2, -340.55, 100
 49101, 6006.9200,  2, -227.09, 100
 49101, 6006.9200,  2, -321.40, 100
 49101, 6006.9200,  2, -225.83, 100
 49101, 6006.9200,  2, -241.31, 100
 49101, 6006.9200,  2, -259.34, 100
 50053, 6121.6000,  2, -219.25, 100
 50053, 6121.6000,  2, -352.88, 100
 50053, 6121.6000,  2, -347.11, 100
 50053, 6121.6000,  2, -350.28, 100
 50053, 6121.6000,  2, -346.43, 100
 50053, 6121.6000,  2, -261.51, 100
 50053, 6121.6000,  2, -357.11, 100
 50053, 6121.6000,  2, -176.70, 100
 50298, 6162.0000,  1, -220.79, 25.579999999999927
 50939, 6229.4700,  1, -348.71, 93.05000000000018
 51005, 6236.4200,  2, -297.95, 100
 51005, 6236.4200,  2, -331.52, 100
 51005, 6236.4200,  2, -201.62, 100
 51005, 6236.4200,  2, -233.40, 100
 51005, 6236.4200,  2, -265.04, 100
 51005, 6236.4200,  2, -318.70, 100
 51958, 6351.2500,  2, -367.27, 100
 51958, 6351.2500,  2, -249.91, 100
 51958, 6351.2500,  2, -267.71, 100
 51958, 6351.2500,  2, -232.36, 100
 51958, 6351.2500,  2, -404.83, 100
 51958, 6351.2500,  2, -330.07, 100
 51958, 6351.2500,  2, -370.09, 100
 51958, 6351.2500,  2, -127.33, 100
 52911, 6466.0000,  2, -303.86, 100
 52911, 6466.0000,  2, -318.59, 100
 52911, 6466.0000,  2, -252.00, 100
 52911, 6466.0000,  2, -269.50, 100
 52911, 6466.0000,  2, -187.14, 100
 52911, 6466.0000,  2, -244.42, 100
 52911, 6466.0000,  2, -360.42, 100
 52911, 6466.0000,  2, -244.70, 100
 53614, 6554.5100,  1, -373.25, 73.78000000000065
 53738, 6567.5600,  1, -293.75, 86.83000000000084
 53864, 6580.8300,  2, -306.57, 100
 53864, 6580.8300,  2, -277.89, 100
 53864, 6580.8300,  2, -194.24, 100
 53864, 6580.8300,  2, -134.56, 100
 53864, 6580.8300,  2, -318.71, 100
 53864, 6580.8300,  2, -396.47, 100
 54237, 6634.4600,  1, -292.25, 39.05000000000018
 54263, 6637.2000,  1, -260.70, 41.789999999999964
 54816, 6695.4100,  2, -298.13, 100
 54816, 6695.4100,  2, -291.97, 100
 54816, 6695.4100,  2, -297.53, 100
 54816, 6695.4100,  2, -203.73, 100
 54816, 6695.4100,  2, -354.31, 100
 54816, 6695.4100,  2, -355.70, 100
 55008, 6729.9700,  1, -206.03, 20.0
 55163, 6746.2900,  1, -117.30, 36.31999999999971
 55344, 6765.3400,  1, -117.16, 55.36999999999989
 55359, 6766.9200,  1, -227.27, 56.94999999999982
 55664, 6799.0200,  1, -155.26, 89.05000000000018
 55768, 6809.9700,  2, -129.09, 100
 55768, 6809.9700,  2, -371.22, 100
 55768, 6809.9700,  2, -209.47, 100
 55996, 6848.6600,  1, -147.67, 23.789999999999964
 56196, 6869.7100,  1, -340.16, 44.840000000000146
 56219, 6872.1300,  1, -242.88, 47.26000000000022
 56233, 6873.6000,  1, -166.50, 48.73000000000047
 56720, 6924.8700,  2, -347.82, 100
 56720, 6924.8700,  2, -99.01, 100
 56720, 6924.8700,  2, -194.59, 100
 56720, 6924.8700,  2, -285.46, 100
 56936, 6962.3800,  1, -66.02, 22.520000000000437
 57673, 7039.9600,  2, -234.26, 100
 57673, 7039.9600,  2, -231.59, 100
 57673, 7039.9600,  2, -155.58, 100
 57673, 7039.9600,  2, -304.22, 100
 57673, 7039.9600,  2, -255.33, 100
 57673, 7039.9600,  2, -209.32, 100
 57673, 7039.9600,  2, -233.45, 100
 58201, 7110.1800,  1, -233.00, 55.36999999999989
 58374, 7128.3900,  1, -454.30, 73.57999999999993
 58383, 7129.3400,  1, -298.70, 74.52999999999975
 58625, 7154.8100,  2, -298.86, 100
 58625, 7154.8100,  2, -237.94, 100
 58625, 7154.8100,  2, -274.10, 100
 58625, 7154.8100,  2, -68.03, 100
 58625, 7154.8100,  2, -76.47, 100
 59326, 7243.2400,  1, -110.61, 73.57999999999993
 59509, 7262.5000,  1, -339.46, 92.84000000000015
 59577, 7269.6600,  2, -258.99, 100
 59577, 7269.6600,  2, -181.40, 100
 59577, 7269.6600,  2, -151.27, 100
 59577, 7269.6600,  2, -285.63, 100
 59577, 7269.6600,  2, -171.67, 100
 59577, 7269.6600,  2, -164.61, 100
 60207, 7350.3500,  1, -148.64, 66.10000000000036
 60384, 7368.9900,  1, -335.25, 84.73999999999978
 60529, 7384.2500,  2, -102.79, 100
 60529, 7384.2500,  2, -196.02, 100
 60529, 7384.2500,  2, -121.60, 100
 60529, 7384.2500,  2, -152.69, 100
 60529, 7384.2500,  2, -300.86, 100
 60529, 7384.2500,  2, -145.18, 100
 61280, 7477.7000,  1, -170.45, 78.84000000000015
 61280, 7477.7000,  1, -246.63, 78.84000000000015
 61482, 7498.9600,  2, -165.79, 100
 61482, 7498.9600,  2, -71.88, 100
 61482, 7498.9600,  2, -128.90, 100
 61482, 7498.9600,  2, -192.36, 100
 61482, 7498.9600,  2, -108.99, 100
 61482, 7498.9600,  2, -121.86, 100
 62434, 7614.6400,  2, -154.99, 100
 62434, 7614.6400,  2, -114.44, 100
 62434, 7614.6400,  2, -222.45, 100
 62434, 7614.6400,  2, -248.59, 100
 62434, 7614.6400,  2, -225.65, 100
 62434, 7614.6400,  2, -226.45, 100
 62434, 7614.6400,  2, -211.18, 100
 62434, 7614.6400,  2, 12.26, 100
 63124, 7701.8800,  1, -66.58, 72.42000000000007
 63386, 7729.4600,  2, -162.52, 100
 63386, 7729.4600,  2, -1.49, 100
 63386, 7729.4600,  2, -5.36, 100
 63386, 7729.4600,  2, -82.45, 100
 63386, 7729.4600,  2, -152.92, 100
 63386, 7729.4600,  2, -81.12, 100
 63386, 7729.4600,  2, 119.95, 100
 63648, 7771.3400,  1, -116.75, 27.360000000000582
 63677, 7774.3900,  1, -92.95, 30.410000000000764
 63852, 7792.8100,  1, -141.69, 48.83000000000084
 64036, 7812.1800,  1, -180.09, 68.20000000000073
 64339, 7844.0800,  2, -0.42, 100
 64339, 7844.0800,  2, 5.58, 100
 64339, 7844.0800,  2, 21.26, 100
 64339, 7844.0800,  2, -75.27, 100
 64870, 7914.7500,  1, -194.08, 55.68000000000029
 64873, 7915.0600,  1, -137.10, 55.99000000000069
 64957, 7923.9100,  1, -189.18, 64.84000000000015
 64957, 7923.9100,  1, -204.27, 64.84000000000015
 65292, 7959.1700,  2, -119.30, 100
 65292, 7959.1700,  2, -97.55, 100
 65292, 7959.1700,  2, 122.57, 100
 65292, 7959.1700,  2, -280.35, 100
 65594, 8005.2700,  1, -216.04, 31.57000000000062
 65715, 8018.0100,  1, -191.78, 44.3100000000004
 65782, 8025.0600,  1, -32.40, 51.36000000000058
 65782, 8025.0600,  1, -91.11, 51.36000000000058
 66183, 8067.2700,  1, -358.16, 93.57000000000062
 66244, 8073.7000,  2, -38.32, 100
 66244, 8073.7000,  2, -130.81, 100
 66244, 8073.7000,  2, -113.32, 100
 66477, 8112.9200,  1, -99.24, 24.31999999999971
 66565, 8122.1800,  1, -132.09, 33.57999999999993
 66828, 8149.8700,  1, -227.62, 61.26999999999953
 67196, 8188.6000,  2, -63.09, 100
 67196, 8188.6000,  2, -6.38, 100
 67196, 8188.6000,  2, -122.26, 100
 67196, 8188.6000,  2, -20.11, 100
 67196, 8188.6000,  2, 15.47, 100
 67713, 8255.8600,  1, -195.66, 52.67000000000007
 67995, 8284.7000,  1, -84.20, 81.51000000000022
 68176, 8303.2200,  2, -14.77, 100
 68176, 8303.2200,  2, -115.55, 100
 68176, 8303.2200,  2, -77.38, 100
 68176, 8303.2200,  2, -46.65, 100
 68176, 8303.2200,  2, 133.00, 100
 68176, 8303.2200,  2, -231.68, 100
 68483, 8349.0600,  1, -183.02, 31.19999999999891
 68751, 8376.4700,  1, -97.59, 58.60999999999876
 68787, 8380.1500,  1, -78.32, 62.289999999999054
 69156, 8417.8900,  2, -73.24, 100
 69156, 8417.8900,  2, -43.44, 100
 69156, 8417.8900,  2, -121.93, 100
 69156, 8417.8900,  2, 115.89, 100
 69156, 8417.8900,  2, -128.31, 100
 69466, 8464.3300,  1, -59.77, 31.5
 69466, 8464.3300,  1, -91.34, 31.5
 69918, 8510.5600,  1, -108.53, 77.72999999999956
 69918, 8510.5600,  1, -31.66, 77.72999999999956
 69944, 8513.2200,  1, -158.54, 80.38999999999942
 70136, 8532.8500,  2, -111.21, 100
 70136, 8532.8500,  2, 103.48, 100
 70136, 8532.8500,  2, 50.59, 100
 70470, 8581.5600,  1, 3.49, 33.95999999999913
 70570, 8591.7800,  1, -33.00, 44.18000000000029
 70659, 8600.8900,  1, -91.72, 53.289999999999054
 70669, 8601.9100,  1, -55.40, 54.30999999999949
 70669, 8601.9100,  1, 69.52, 54.30999999999949
 70998, 8635.5600,  3, 234.59, 87.8799999999992
 71116, 8647.6200,  2, 288.43, 100
 71116, 8647.6200,  2, -45.84, 100
 71314, 8682.2400,  1, -123.11, 20.049999999999272
 71506, 8701.8700,  1, -120.56, 39.68000000000029
 71619, 8713.4300,  1, -133.42, 51.23999999999978
 71632, 8714.7600,  1, -30.98, 52.56999999999971
 71817, 8733.6800,  1, -63.40, 71.48999999999978
 71936, 8745.8500,  1, -144.39, 83.65999999999985
 71936, 8745.8500,  1, 10.49, 83.65999999999985
 72096, 8762.2200,  2, 101.59, 100
 72399, 8807.7300,  1, -96.82, 30.789999999999054
 72405, 8808.3400,  1, -116.05, 31.399999999999636
 72689, 8837.3900,  1, -95.40, 60.44999999999891
 72751, 8843.7300,  1, -79.61, 66.78999999999905
 72773, 8845.9800,  1, -86.01, 69.03999999999905
 72939, 8862.9500,  1, -115.81, 86.01000000000022
 73076, 8876.9700,  2, -79.76, 100
 73076, 8876.9700,  2, 114.03, 100
 73440, 8929.6200,  1, -96.45, 37.02000000000044
 73580, 8943.9400,  1, -96.47, 51.340000000000146
 73587, 8944.6600,  1, -31.96, 52.05999999999949
 73774, 8963.7800,  1, -45.55, 71.18000000000029
 73806, 8967.0600,  1, -13.90, 74.45999999999913
 73806, 8967.0600,  1, -28.10, 74.45999999999913
 73943, 8981.0700,  1, -71.80, 88.46999999999935
 74056, 8992.6200,  2, 97.64, 100
 74276, 9030.3700,  1, -131.91, 22.290000000000873
 74574, 9060.8500,  1, -104.90, 52.77000000000044
 74749, 9078.7500,  1, -55.41, 70.67000000000007
 75036, 9108.1000,  2, 205.78, 100
 75036, 9108.1000,  2, 167.75, 100
 75036, 9108.1000,  2, 48.80, 100
 75036, 9108.1000,  2, 115.77, 100
 75036, 9108.1000,  2, 106.15, 100
 75454, 9165.3400,  1, -92.43, 42.54000000000087
 75500, 9170.0400,  1, -90.86, 47.2400000000016
 75641, 9184.4700,  1, 11.87, 61.67000000000007
 75800, 9200.7300,  1, -47.68, 77.93000000000029
 76016, 9222.8200,  2, 171.21, 100
 76016, 9222.8200,  2, 280.53, 100
 76016, 9222.8200,  2, 97.72, 100
 76016, 9222.8200,  2, 110.97, 100
 76091, 9244.8700,  1, -94.41, 7.460000000000946
 76562, 9293.0400,  1, -88.65, 55.63000000000102
 76582, 9295.0900,  1, -119.57, 57.68000000000029
 76699, 9307.0600,  1, -0.88, 69.64999999999964
 76699, 9307.0600,  1, 28.30, 69.64999999999964
 76974, 9335.1800,  3, 325.35, 97.76000000000022
 76996, 9337.4300,  2, 134.94, 100
 76996, 9337.4300,  2, 118.72, 100
 77349, 9387.8900,  1, -76.79, 35.899999999999636
 77349, 9387.8900,  1, -70.66, 35.899999999999636
 77650, 9418.6700,  1, -79.67, 66.68000000000029
 77675, 9421.2300,  3, 267.02, 69.13999999999942
 77713, 9425.1100,  1, -15.28, 73.1200000000008
 77938, 9448.1200,  3, 223.30, 96.11000000000058
 77976, 9452.0100,  2, 147.76, 100
 77976, 9452.0100,  2, 22.06, 100
 78274, 9497.1500,  1, -8.79, 30.279999999998836
 78352, 9505.1200,  1, -47.55, 38.25
 78522, 9522.5100,  1, 7.79, 55.63999999999942
 78522, 9522.5100,  1, 86.28, 55.63999999999942
 78595, 9529.9800,  1, -150.70, 63.10999999999876
 78951, 9566.3900,  3, 247.96, 99.42000000000007
 78956, 9566.9000,  2, 169.08, 100
 78956, 9566.9000,  2, 209.76, 100
 79075, 9593.7600,  1, -82.51, 11.960000000000946
 79310, 9617.7900,  1, -124.00, 35.9900000000016
 79310, 9617.7900,  1, 95.58, 35.9900000000016
 79623, 9649.8100,  1, -12.31, 68.01000000000022
 79719, 9659.6200,  3, 318.88, 77.79000000000087
 79770, 9664.8400,  3, 228.44, 82.94000000000051
 79822, 9670.1600,  3, 224.64, 88.32999999999993
 79936, 9681.8200,  2, 149.73, 100
 80345, 9738.2600,  1, 32.40, 41.6200000000008
 80373, 9741.1200,  1, -132.62, 44.48000000000138
 80373, 9741.1200,  1, -86.18, 44.48000000000138
 80500, 9754.1100,  1, 103.44, 57.470000000001164
 80500, 9754.1100,  1, -39.32, 57.470000000001164
 80725, 9777.1200,  3, 236.91, 80.39000000000124
 80858, 9790.7300,  3, 233.06, 94.05000000000109
 80916, 9796.6600,  2, 98.74, 100
 81294, 9849.6200,  1, -80.93, 38.45000000000073
 81322, 9852.4900,  1, 7.04, 41.31999999999971
 81322, 9852.4900,  1, 34.21, 41.31999999999971
 81441, 9864.6600,  1, 38.42, 53.48999999999978
 81590, 9879.9000,  3, 317.41, 68.70000000000073
 81671, 9888.1800,  3, 287.45, 76.98999999999978
 81758, 9897.0800,  3, 281.88, 85.85000000000036
 81896, 9911.1900,  2, 254.35, 100
 82516, 9989.1000,  1, -60.86, 63.20000000000073
 82521, 9989.6100,  3, 249.50, 63.649999999999636
 82547, 9992.2700,  1, -87.42, 66.3700000000008
 82662, 10004.0300,  3, 237.55, 78.04000000000087
 82682, 10006.0800,  3, 349.19, 80.17000000000007
 82710, 10008.9400,  3, 238.19, 82.97999999999956
 82740, 10012.0100,  1, 33.19, 86.11000000000058
 82876, 10025.9200,  2, 326.34, 100
 83088, 10063.0800,  1, -8.55, 21.479999999999563
 83088, 10063.0800,  1, -18.98, 21.479999999999563
 83338, 10088.6500,  1, 102.21, 47.04999999999927
 83360, 10090.9000,  1, 14.73, 49.29999999999927
 83596, 10115.0300,  3, 288.29, 73.35000000000036
 83601, 10115.5400,  3, 304.82, 73.85000000000036
 83856, 10141.6200,  2, 397.59, 100
 83856, 10141.6200,  2, 266.17, 100
 84096, 10180.6400,  1, 20.34, 24.340000000000146
 84208, 10192.0900,  1, 104.68, 35.79000000000087
 84208, 10192.0900,  1, 20.04, 35.79000000000087
 84306, 10202.1100,  3, 332.63, 45.75
 84311, 10202.6200,  1, 35.25, 46.32000000000153
 84469, 10218.7800,  3, 300.82, 62.460000000000946
 84563, 10228.4000,  3, 377.12, 72.01000000000022
 84627, 10234.9400,  3, 297.32, 78.54000000000087
 84805, 10267.5000,  1, 12.24, 18.100000000000364
 84805, 10267.5000,  1, -39.21, 18.100000000000364
 84846, 10271.6900,  1, -21.20, 22.290000000000873
 85143, 10302.0700,  3, 277.36, 52.649999999999636
 85187, 10306.5700,  1, -38.15, 57.17000000000007
 85199, 10307.7900,  1, 148.01, 58.39000000000124
 85418, 10330.1900,  3, 386.62, 80.77000000000044
 85471, 10335.6100,  3, 407.79, 86.15999999999985
 85741, 10377.8700,  1, 41.19, 27.51000000000022
 85741, 10377.8700,  1, 59.52, 27.51000000000022
 85941, 10398.3300,  1, 119.37, 47.969999999999345
 86088, 10413.3600,  3, 351.39, 62.969999999999345
 86127, 10417.3500,  3, 341.41, 66.90999999999985
 86364, 10441.5900,  3, 369.69, 91.20999999999913
 86397, 10444.9700,  3, 278.96, 94.51000000000022
 86450, 10450.3900,  2, 399.37, 100
 86755, 10497.0000,  1, -5.10, 30.98999999999978
 86776, 10499.1500,  1, 68.01, 33.13999999999942
 87079, 10530.1400,  1, 50.74, 64.1299999999992
 87105, 10532.7900,  3, 323.72, 66.68000000000029
 87159, 10538.3200,  3, 278.01, 72.27000000000044
 87168, 10539.2400,  1, 161.15, 73.22999999999956
 87331, 10555.9100,  3, 272.01, 89.85000000000036
 87430, 10566.0300,  2, 335.24, 100
 87687, 10606.9300,  1, 13.26, 26.079999999999927
 87687, 10606.9300,  1, -5.82, 26.079999999999927
 87906, 10629.3300,  3, 358.51, 48.38999999999942
 87917, 10630.4500,  1, 126.40, 49.600000000000364
 87924, 10631.1700,  1, -53.61, 50.31999999999971
 88000, 10638.9400,  3, 324.59, 58.039999999999054
 88157, 10655.0000,  3, 274.76, 74.1299999999992
 88251, 10664.6100,  3, 293.17, 83.73999999999978
 88514, 10706.2500,  1, 4.14, 26.790000000000873
 88514, 10706.2500,  1, 86.31, 26.790000000000873
 88688, 10724.0400,  1, 24.67, 44.580000000001746
 88756, 10731.0000,  3, 356.18, 51.52000000000044
 88892, 10744.9100,  3, 284.15, 65.43000000000029
 88903, 10746.0300,  3, 294.72, 66.56000000000131
 89142, 10770.4800,  3, 290.01, 90.98000000000138
 89230, 10779.4800,  2, 274.56, 100
 89503, 10822.7200,  1, 23.39, 27.719999999999345
 89622, 10834.8900,  1, 14.84, 39.88999999999942
 89653, 10838.0600,  1, -41.05, 43.05999999999949
 89773, 10850.3300,  1, 18.54, 55.32999999999993
 89878, 10861.0700,  3, 384.29, 66.02000000000044
 89881, 10861.3700,  3, 273.54, 66.29000000000087
 90035, 10877.1200,  3, 312.70, 82.05999999999949
 90107, 10884.4900,  3, 203.62, 89.42000000000007
 90390, 10927.7900,  1, -22.54, 28.830000000001746
 90396, 10928.4100,  1, 42.49, 29.450000000000728
 90396, 10928.4100,  1, 116.57, 29.450000000000728
 90435, 10932.4000,  1, 44.54, 33.44000000000051
 90451, 10934.0300,  1, 39.13, 35.07000000000153
 90487, 10937.7200,  3, 335.57, 38.67000000000007
 90833, 10973.1000,  3, 260.15, 74.05000000000109
 90966, 10986.7000,  3, 299.28, 87.69000000000051
 91217, 11027.7300,  1, 82.48, 25.56999999999971
 91446, 11051.1500,  3, 395.00, 48.97999999999956
 91561, 11062.9100,  3, 327.38, 60.719999999999345
 91634, 11070.3700,  3, 381.69, 68.1200000000008
 91637, 11070.6800,  3, 312.55, 68.46999999999935
 91721, 11079.2700,  3, 279.43, 77.02000000000044
 91751, 11082.3400,  3, 422.31, 80.15999999999985
 91787, 11086.0200,  3, 398.80, 83.81999999999971
 92150, 11138.6600,  1, 31.87, 37.02000000000044
 92176, 11141.3200,  1, 27.06, 39.68000000000029
 92176, 11141.3200,  1, -20.79, 39.68000000000029
 92343, 11158.4000,  3, 345.94, 56.69000000000051
 92365, 11160.6500,  3, 301.22, 58.960000000000946
 92366, 11160.7500,  3, 456.17, 59.04000000000087
 92381, 11162.2800,  3, 265.48, 60.590000000000146
 92402, 11164.4300,  3, 394.80, 62.77000000000044
 92524, 11191.4800,  1, -40.17, 12.3799999999992
 92524, 11191.4800,  1, -14.25, 12.3799999999992
 92586, 11197.8200,  1, 89.26, 18.719999999999345
 92685, 11207.9400,  1, 64.68, 28.840000000000146
 92685, 11207.9400,  1, 23.79, 28.840000000000146
 92855, 11225.3300,  1, 164.99, 46.22999999999956
 92887, 11228.6000,  3, 364.76, 49.44999999999891
 93056, 11245.8900,  3, 303.83, 66.76000000000022
 93247, 11279.9800,  1, 39.21, 19.43999999999869
 93377, 11293.2700,  1, 22.37, 32.72999999999956
 93377, 11293.2700,  1, 21.18, 32.72999999999956
 93406, 11296.2400,  1, 14.49, 35.69999999999891
 93496, 11305.4400,  3, 316.05, 44.80999999999949
 93522, 11308.1000,  3, 328.14, 47.47999999999956
 93545, 11310.4500,  1, 43.43, 49.909999999999854
 93575, 11313.5200,  3, 333.75, 52.93999999999869
 93703, 11341.1000,  1, -53.47, 12.989999999999782
 93703, 11341.1000,  1, 29.46, 12.989999999999782
 93772, 11348.1600,  1, 179.70, 20.049999999999272
 93865, 11357.6700,  1, 131.64, 29.55999999999949
 93984, 11369.8400,  1, 128.00, 41.72999999999956
 94036, 11375.1600,  3, 384.96, 46.97999999999956
 94051, 11376.6900,  3, 301.44, 48.54999999999927
 94139, 11385.6900,  3, 336.61, 57.5
 94263, 11413.6500,  1, 22.58, 12.579999999999927
 94263, 11413.6500,  1, -26.27, 12.579999999999927
 94284, 11415.7900,  1, -31.39, 14.720000000001164
 94284, 11415.7900,  1, -35.70, 14.720000000001164
 94509, 11438.8100,  1, 118.96, 37.73999999999978
 94580, 11446.0700,  1, 113.97, 45.0
 94744, 11462.8400,  3, 381.35, 61.69000000000051
 94817, 11470.3100,  3, 459.09, 69.18000000000029
 95274, 11531.4100,  1, 107.46, 46.63999999999942
 95317, 11535.8100,  1, 24.08, 51.039999999999054
 95421, 11546.4400,  3, 376.31, 61.6299999999992
 95442, 11548.5900,  3, 343.47, 63.77000000000044
 95539, 11558.5100,  3, 390.40, 73.65999999999985
 95543, 11558.9200,  3, 327.58, 74.07999999999993
 95582, 11562.9100,  3, 310.48, 78.10000000000036
 95694, 11574.3600,  3, 344.94, 89.57999999999993
 95852, 11604.9100,  1, -55.45, 16.05999999999949
 96051, 11625.2600,  1, 68.59, 36.409999999999854
 96051, 11625.2600,  1, 25.62, 36.409999999999854
 96169, 11637.3300,  3, 379.77, 48.38999999999942
 96243, 11644.9000,  3, 346.23, 55.969999999999345
 96329, 11653.6900,  3, 343.67, 64.73999999999978
 96385, 11659.4200,  3, 267.88, 70.53999999999905
 96455, 11666.5800,  3, 325.03, 77.70999999999913
 96643, 11700.1900,  1, -23.83, 19.1200000000008
 96689, 11704.9000,  1, 73.36, 23.829999999999927
 96908, 11727.2900,  1, 80.31, 46.220000000001164
 96908, 11727.2900,  1, 277.88, 46.220000000001164
 96956, 11732.2000,  3, 351.34, 51.05000000000109
 96999, 11736.6000,  3, 356.67, 55.44000000000051
 97030, 11739.7700,  3, 458.68, 58.69000000000051
 97045, 11741.3100,  3, 500.57, 60.13999999999942
 97247, 11776.6000,  1, 97.07, 20.55000000000109
 97247, 11776.6000,  1, 88.50, 20.55000000000109
 97281, 11780.0800,  1, 94.63, 24.030000000000655
 97360, 11788.1600,  3, 355.63, 32.030000000000655
 97419, 11794.1900,  1, -6.04, 38.14000000000124
 97474, 11799.8200,  3, 344.44, 43.710000000000946
 97535, 11806.0600,  3, 447.61, 49.909999999999854
 97563, 11808.9200,  3, 409.81, 52.77000000000044
 97862, 11854.0100,  1, 126.64, 30.479999999999563
 97862, 11854.0100,  1, 58.66, 30.479999999999563
 97893, 11857.1800,  3, 464.85, 33.60999999999876
 97975, 11865.5700,  3, 385.17, 42.029999999998836
 97982, 11866.2800,  3, 393.32, 42.67000000000007
 98008, 11868.9400,  3, 356.79, 45.32999999999993
 98019, 11870.0700,  3, 326.99, 46.469999999999345
 98244, 11893.0800,  3, 455.81, 69.52999999999884
 98377, 11921.1600,  1, 25.41, 13.5
 98377, 11921.1600,  1, 58.09, 13.5
 98440, 11927.6000,  1, 14.51, 19.94000000000051
 98459, 11929.5400,  1, 116.91, 21.88000000000102
 98467, 11930.3600,  1, 63.24, 22.700000000000728
 98480, 11931.6900,  1, 95.97, 24.030000000000655
 98481, 11931.7900,  1, 58.82, 24.13000000000102
 98660, 11950.1000,  3, 431.05, 42.43000000000029
 98823, 11982.0300,  1, 5.02, 16.56000000000131
 98823, 11982.0300,  1, 92.79, 16.56000000000131
 98966, 11996.6600,  1, 129.87, 31.19000000000051
 99035, 12003.7200,  3, 343.65, 38.150000000001455
 99059, 12006.1700,  3, 440.11, 40.659999999999854
 99093, 12009.6500,  3, 507.70, 44.150000000001455
 99145, 12014.9700,  3, 492.49, 49.44000000000051
 99173, 12017.8300,  3, 429.20, 52.26000000000022
 99513, 12067.3300,  3, 411.57, 34.590000000000146
 99538, 12069.8900,  3, 462.70, 37.219999999999345
 99541, 12070.1900,  3, 449.27, 37.43000000000029
 99600, 12076.2300,  3, 521.71, 43.54999999999927
 99610, 12077.2500,  3, 510.84, 44.56999999999971
 99721, 12088.6000,  3, 549.06, 55.899999999999636
 99734, 12089.9300,  3, 596.49, 57.25
 99810, 12097.7000,  3, 448.13, 64.94000000000051
100022, 12133.8700,  1, 125.74, 21.570000000001528
100022, 12133.8700,  1, 114.67, 21.570000000001528
100146, 12146.5600,  3, 445.51, 34.18000000000029
100199, 12151.9800,  3, 451.25, 39.650000000001455
100237, 12155.8600,  3, 403.25, 43.470000000001164
100238, 12155.9700,  3, 365.23, 43.6200000000008
100256, 12157.8100,  3, 427.70, 45.460000000000946
100350, 12167.4200,  3, 428.55, 55.07999999999993
100609, 12208.6500,  1, 91.89, 26.389999999999418
100675, 12215.4000,  1, 20.73, 33.13999999999942
100679, 12215.8100,  3, 313.68, 33.539999999999054
100723, 12220.3100,  3, 332.91, 37.98999999999978
100727, 12220.7200,  3, 325.39, 38.44000000000051
100729, 12220.9200,  3, 411.62, 38.600000000000364
100746, 12222.6600,  3, 375.94, 40.38999999999942
100799, 12228.0800,  3, 386.58, 45.80999999999949
100987, 12261.5700,  1, 1.40, 19.1299999999992
101004, 12263.3100,  1, 100.42, 20.86999999999898
101049, 12267.9100,  1, 84.26, 25.469999999999345
101159, 12279.1600,  3, 418.92, 36.649999999999636
101170, 12280.2800,  3, 422.46, 37.82999999999993
101194, 12282.7400,  3, 507.38, 40.219999999999345
101252, 12288.6700,  1, 122.70, 46.22999999999956
101258, 12289.2800,  1, 176.25, 46.840000000000146
101376, 12315.8700,  1, 21.76, 11.960000000000946
101410, 12319.3500,  1, 86.03, 15.44000000000051
101410, 12319.3500,  1, 97.52, 15.44000000000051
101426, 12320.9900,  1, 8.99, 17.079999999999927
101522, 12330.8100,  1, -39.09, 26.899999999999636
101567, 12335.4100,  3, 392.19, 31.469999999999345
101582, 12336.9400,  1, 50.43, 33.030000000000655
101703, 12349.3200,  3, 378.94, 45.30999999999949
101871, 12380.9500,  1, 126.30, 17.070000000001528
101893, 12383.2000,  1, 164.30, 19.320000000001528
101900, 12383.9200,  1, 91.08, 20.040000000000873
101900, 12383.9200,  1, 104.39, 20.040000000000873
102010, 12395.1700,  3, 362.14, 31.230000000001382
102023, 12396.5000,  3, 393.55, 32.57999999999993
102060, 12400.2800,  3, 386.64, 36.32000000000153
102102, 12404.5800,  3, 395.60, 40.69000000000051
102325, 12441.7500,  1, 46.69, 22.700000000000728
102325, 12441.7500,  1, 164.85, 22.700000000000728
102338, 12443.0800,  1, 82.43, 24.030000000000655
102357, 12445.0200,  1, 192.16, 25.970000000001164
102357, 12445.0200,  1, 198.57, 25.970000000001164
102367, 12446.0400,  3, 471.13, 26.970000000001164
102442, 12453.7200,  3, 465.18, 34.6200000000008
102499, 12459.5400,  3, 486.79, 40.400000000001455
102660, 12490.3400,  1, 41.49, 16.360000000000582
102731, 12497.6000,  1, 134.40, 23.6200000000008
102791, 12503.7400,  3, 551.52, 29.75
102815, 12506.1900,  3, 390.41, 32.18000000000029
102851, 12509.8700,  3, 459.52, 35.79000000000087
102854, 12510.1800,  3, 392.78, 36.1200000000008
102860, 12510.7900,  3, 418.86, 36.720000000001164
102949, 12519.9000,  3, 431.32, 45.82999999999993
103095, 12549.4900,  1, 72.64, 14.829999999999927
103238, 12564.1100,  3, 443.49, 29.420000000000073
103283, 12568.7200,  3, 424.72, 34.01000000000022
103302, 12570.6600,  3, 359.23, 35.93000000000029
103322, 12572.7000,  3, 376.19, 38.030000000000655
103346, 12575.1600,  3, 299.47, 40.48999999999978
103360, 12576.5900,  3, 347.12, 41.92000000000007
103388, 12579.4500,  3, 394.83, 44.70000000000073
103566, 12613.1000,  1, 110.99, 18.100000000000364
103576, 12614.1200,  1, 86.66, 19.1200000000008
103761, 12633.0400,  3, 394.56, 38.01000000000022
103799, 12636.9300,  3, 503.76, 41.840000000000146
103839, 12641.0200,  3, 463.13, 45.969999999999345
103886, 12645.8300,  3, 445.98, 50.77000000000044
103894, 12646.6500,  3, 354.28, 51.61000000000058
104053, 12662.9100,  3, 375.79, 67.8700000000008
104282, 12700.7900,  1, 44.79, 23.31000000000131
104291, 12701.7200,  1, 104.09, 24.23999999999978
104299, 12702.5300,  3, 375.92, 25.01000000000022
104321, 12704.7800,  3, 411.15, 27.200000000000728
104352, 12707.9500,  1, -18.08, 30.470000000001164
104373, 12710.1000,  3, 411.70, 32.57999999999993
104446, 12717.5700,  3, 440.59, 40.0
104493, 12722.3700,  1, 45.23, 44.89000000000124
104637, 12751.7400,  1, 28.13, 14.520000000000437
104680, 12756.1400,  1, 93.52, 18.920000000000073
104848, 12773.3200,  3, 459.61, 36.06000000000131
104875, 12776.0800,  3, 442.91, 38.82999999999993
104877, 12776.2800,  3, 471.55, 38.960000000000946
104896, 12778.2300,  3, 550.39, 40.98000000000138
104920, 12780.6800,  3, 509.16, 43.3700000000008
105007, 12789.5800,  1, -25.52, 52.36000000000058
105155, 12819.0000,  1, 103.57, 14.930000000000291
105155, 12819.0000,  1, 81.26, 14.930000000000291
105188, 12822.3700,  1, -10.60, 18.30000000000109
105200, 12823.6000,  1, 149.15, 19.530000000000655
105201, 12823.7000,  1, 136.33, 19.63000000000102
105365, 12840.4800,  3, 318.39, 36.38000000000102
105466, 12850.8100,  3, 473.48, 46.69000000000051
105532, 12857.5600,  3, 404.58, 53.47999999999956
105817, 12901.3100,  3, 399.65, 28.98999999999978
105884, 12908.1600,  3, 346.75, 35.80999999999949
105888, 12908.5700,  3, 432.07, 36.219999999999345
105890, 12908.7700,  3, 430.05, 36.48999999999978
105918, 12911.6400,  3, 438.43, 39.29999999999927
105936, 12913.4800,  3, 465.55, 41.11999999999898
105940, 12913.8900,  3, 453.30, 41.530000000000655
105979, 12917.8700,  3, 448.94, 45.51000000000022
106109, 12945.6600,  1, 46.89, 13.19000000000051
106210, 12955.9900,  1, 89.66, 23.520000000000437
106210, 12955.9900,  1, 89.78, 23.520000000000437
106277, 12962.8400,  3, 391.91, 30.350000000000364
106284, 12963.5600,  3, 438.81, 31.020000000000437
106288, 12963.9700,  1, 234.76, 31.5
106356, 12970.9200,  3, 463.16, 38.36000000000058
106360, 12971.3300,  3, 433.65, 38.780000000000655
106588, 13009.1400,  1, 82.82, 23.219999999999345
106658, 13016.2900,  3, 491.72, 30.270000000000437
106698, 13020.3900,  3, 523.65, 34.36000000000058
106719, 13022.5300,  3, 474.46, 36.600000000000364
106722, 13022.8400,  3, 382.76, 36.86000000000058
106724, 13023.0400,  3, 500.72, 37.030000000000655
106766, 13027.3400,  3, 445.69, 41.340000000000146
106769, 13027.6500,  3, 454.42, 41.6299999999992
106874, 13053.0900,  1, 75.21, 10.630000000001019
106874, 13053.0900,  1, 26.07, 10.630000000001019
107050, 13071.0900,  3, 438.09, 28.530000000000655
107108, 13077.0200,  1, 290.66, 34.56000000000131
107118, 13078.0400,  3, 425.88, 35.5
107123, 13078.5600,  3, 405.83, 35.9900000000016
107228, 13089.2900,  1, -93.71, 46.830000000001746
107231, 13089.6000,  3, 348.11, 47.11000000000058
107539, 13136.6900,  3, 360.38, 31.349999999998545
107625, 13145.4900,  3, 507.15, 40.10999999999876
107662, 13149.2700,  3, 421.33, 43.919999999998254
107665, 13149.5800,  3, 395.05, 44.18999999999869
107667, 13149.7800,  3, 375.45, 44.45999999999913
107680, 13151.1100,  3, 436.82, 45.779999999998836
107719, 13155.1000,  3, 495.83, 49.76999999999862
107727, 13155.9200,  3, 464.70, 50.57999999999993
107842, 13182.1100,  1, 22.89, 11.659999999999854
107842, 13182.1100,  1, 58.47, 11.659999999999854
107927, 13190.8100,  1, 104.16, 20.359999999998763
107927, 13190.8100,  1, 129.61, 20.359999999998763
107954, 13193.5700,  1, 127.26, 23.11999999999898
108102, 13208.7000,  3, 421.28, 38.159999999999854
108156, 13214.2300,  1, 332.99, 43.779999999998836
108279, 13226.8100,  3, 339.23, 56.340000000000146
108375, 13251.1800,  1, -43.66, 9.710000000000946
108457, 13259.5700,  1, 78.87, 18.100000000000364
108460, 13259.8700,  1, 35.60, 18.400000000001455
108460, 13259.8700,  1, 172.31, 18.400000000001455
108549, 13268.9800,  1, 62.54, 27.51000000000022
108622, 13276.4400,  3, 525.96, 34.92000000000007
108759, 13290.4500,  3, 435.31, 48.89000000000124
108934, 13308.3500,  3, 296.58, 66.86000000000058
109112, 13341.1600,  1, 102.09, 18.100000000000364
109128, 13342.7900,  1, 184.24, 19.730000000001382
109131, 13343.1000,  1, 127.28, 20.040000000000873
109131, 13343.1000,  1, 108.52, 20.040000000000873
109199, 13350.0600,  3, 390.80, 26.899999999999636
109210, 13351.1800,  3, 335.76, 28.030000000000655
109353, 13365.8100,  3, 504.89, 42.710000000000946
109456, 13376.3400,  3, 485.23, 53.19000000000051
109662, 13411.9900,  1, 175.56, 20.969999999999345
109760, 13422.0100,  3, 505.17, 30.93999999999869
109771, 13423.1400,  3, 353.97, 32.10999999999876
109778, 13423.8500,  3, 549.61, 32.80999999999949
109785, 13424.5700,  1, 96.42, 33.54999999999927
109796, 13425.6900,  3, 470.32, 34.63999999999942
109796, 13425.6900,  3, 442.79, 34.649999999999636
109803, 13426.4100,  3, 477.80, 35.36999999999898
109878, 13449.5200,  1, 25.77, 7.56000000000131
109885, 13450.2400,  1, -4.64, 8.280000000000655
110052, 13467.3200,  1, 195.14, 25.360000000000582
110078, 13469.9800,  1, 162.96, 28.020000000000437
110082, 13470.3900,  1, 124.79, 28.43000000000029
110113, 13473.5600,  3, 352.45, 31.4900000000016
110120, 13474.2700,  1, 325.14, 32.31000000000131
110145, 13476.8300,  3, 358.38, 34.79000000000087
110247, 13502.0000,  1, 21.59, 10.329999999999927
110295, 13506.9100,  1, 37.20, 15.239999999999782
110312, 13508.6500,  1, 73.47, 16.979999999999563
110324, 13509.8700,  1, 36.64, 18.200000000000728
110334, 13510.9000,  1, 19.20, 19.229999999999563
110434, 13521.1200,  3, 416.23, 29.3799999999992
110471, 13524.9100,  3, 326.78, 33.159999999999854
110527, 13530.6400,  3, 287.57, 38.8700000000008
110608, 13553.5400,  1, 6.31, 8.180000000000291
110608, 13553.5400,  1, 49.85, 8.180000000000291
110729, 13565.9200,  1, 233.02, 20.55999999999949
110787, 13571.8500,  1, 125.45, 26.48999999999978
110795, 13572.6700,  3, 389.59, 27.25
110825, 13575.7400,  3, 345.87, 30.279999999998836
110830, 13576.2500,  3, 395.44, 30.840000000000146
110960, 13589.5400,  3, 371.09, 44.13999999999942
111222, 13630.9400,  3, 498.41, 26.610000000000582
111262, 13635.0300,  3, 407.24, 30.76000000000022
111274, 13636.2600,  3, 452.74, 32.0
111299, 13638.8200,  3, 428.73, 34.47999999999956
111305, 13639.4300,  3, 378.94, 35.159999999999854
111337, 13642.7000,  3, 389.57, 38.43000000000029
111352, 13644.2400,  3, 361.55, 39.969999999999345
111443, 13653.5400,  3, 477.16, 49.22999999999956
111528, 13676.5600,  1, 20.20, 8.590000000000146
111591, 13683.0000,  1, -32.89, 15.030000000000655
111591, 13683.0000,  1, 115.68, 15.030000000000655
111596, 13683.5100,  1, 60.26, 15.540000000000873
111606, 13684.5300,  1, 52.36, 16.56000000000131
111676, 13691.6900,  1, 148.36, 23.720000000001164
111692, 13693.3300,  1, 188.39, 25.360000000000582
111729, 13697.1100,  3, 377.83, 29.070000000001528
111775, 13716.4300,  1, -44.24, 4.600000000000364
111805, 13719.5000,  1, -45.88, 7.670000000000073
111805, 13719.5000,  1, -76.15, 7.670000000000073
111879, 13727.0700,  1, 42.29, 15.239999999999782
111937, 13733.0000,  1, 46.57, 21.170000000000073
111998, 13739.2400,  3, 276.13, 27.329999999999927
112061, 13745.6800,  3, 317.79, 33.82999999999993
112079, 13747.5200,  3, 447.66, 35.63999999999942
112270, 13781.5400,  1, 164.36, 19.43000000000029
112319, 13786.5600,  1, 147.66, 24.44999999999891
112322, 13786.8600,  3, 410.51, 24.68000000000029
112337, 13788.4000,  3, 362.00, 26.18000000000029
112345, 13789.2200,  3, 458.86, 27.039999999999054
112358, 13790.5400,  3, 431.64, 28.420000000000073
112379, 13792.6900,  3, 362.21, 30.479999999999563
112468, 13801.7900,  3, 494.47, 39.67000000000007
112664, 13836.5700,  1, 90.67, 19.94000000000051
112869, 13857.5300,  3, 387.61, 40.840000000000146
112897, 13860.4000,  3, 352.79, 43.70000000000073
112929, 13863.6700,  3, 375.16, 46.970000000001164
112929, 13863.6700,  3, 388.70, 46.98000000000138
112991, 13870.0100,  3, 365.87, 53.36000000000058
113097, 13880.8500,  3, 403.37, 64.15000000000146
113447, 13916.6500,  2, 373.83, 100
113657, 13952.4800,  1, 18.26, 21.279999999998836
113669, 13953.7000,  1, 12.81, 22.5
113777, 13964.7500,  1, 2.74, 33.54999999999927
113824, 13969.5600,  1, 146.94, 38.35999999999876
113894, 13976.7200,  3, 307.02, 45.44999999999891
113921, 13979.4800,  3, 367.23, 48.17000000000007
113935, 13980.9100,  3, 370.19, 49.68999999999869
114043, 13991.9500,  3, 372.00, 60.659999999999854
114314, 14034.2700,  1, 89.98, 27.610000000000582
114323, 14035.1900,  3, 405.49, 28.469999999999345
114361, 14039.0800,  3, 435.02, 32.399999999999636
114409, 14043.9900,  3, 472.35, 37.26000000000022
114428, 14045.9300,  3, 504.13, 39.20000000000073
114443, 14047.4700,  3, 510.00, 40.70000000000073
114512, 14054.5200,  1, -57.17, 47.86000000000058
114703, 14074.0600,  1, -227.62, 67.39999999999964
114812, 14099.6800,  1, 82.95, 10.94000000000051
114812, 14099.6800,  1, 84.12, 10.94000000000051
114847, 14103.2600,  1, 52.04, 14.520000000000437
114883, 14106.9400,  1, 178.71, 18.200000000000728
114979, 14116.7600,  3, 359.61, 27.950000000000728
115009, 14119.8300,  3, 474.05, 31.020000000000437
115024, 14121.3600,  3, 428.57, 32.55000000000109
115136, 14132.8200,  3, 394.55, 44.030000000000655
115285, 14162.7600,  1, 44.36, 15.130000000001019
115339, 14168.2800,  1, 100.18, 20.650000000001455
115339, 14168.2800,  1, 71.56, 20.650000000001455
115429, 14177.4900,  3, 303.42, 29.76000000000022
115442, 14178.8200,  3, 373.24, 31.13000000000102
115490, 14183.7300,  3, 373.04, 36.07999999999993
115496, 14184.3400,  3, 430.31, 36.6200000000008
115626, 14197.6400,  1, 100.94, 50.01000000000022
115669, 14216.4500,  1, -65.87, 4.190000000000509
115908, 14240.9000,  3, 369.07, 28.6299999999992
115924, 14242.5300,  3, 358.23, 30.18000000000029
115933, 14243.4500,  3, 234.49, 31.100000000000364
116049, 14255.3200,  3, 229.26, 42.969999999999345
116077, 14258.1800,  3, 341.51, 45.840000000000146
116208, 14271.5800,  3, 208.79, 59.30999999999949
116406, 14291.8300,  1, -39.81, 79.56999999999971
116560, 14322.1700,  1, 99.56, 15.540000000000873
116560, 14322.1700,  1, 138.19, 15.540000000000873
116585, 14324.7300,  1, 76.88, 18.100000000000364
116598, 14326.0600,  1, 87.91, 19.43000000000029
116598, 14326.0600,  1, -17.55, 19.43000000000029
116639, 14330.2500,  1, 203.42, 23.6200000000008
116639, 14330.2500,  1, -1.36, 23.6200000000008
116691, 14335.5700,  3, 433.07, 28.88000000000102
116825, 14363.8600,  1, 40.91, 13.600000000000364
116870, 14368.4700,  1, -6.74, 18.209999999999127
116871, 14368.5700,  1, 86.88, 18.30999999999949
116897, 14371.2300,  1, 125.68, 20.969999999999345
117011, 14382.8900,  3, 367.63, 32.55999999999949
117041, 14385.9500,  3, 387.98, 35.590000000000146
117043, 14386.1600,  3, 330.32, 35.81999999999971
117047, 14386.5700,  3, 327.85, 36.26000000000022
117209, 14417.6900,  1, 15.91, 16.460000000000946
117284, 14425.3600,  1, 52.46, 24.13000000000102
117298, 14426.7900,  1, 0.10, 25.56000000000131
117339, 14430.9900,  3, 290.54, 29.700000000000728
117340, 14431.0900,  3, 380.72, 29.840000000000146
117365, 14433.6500,  3, 374.53, 32.3700000000008
117390, 14436.2000,  3, 344.54, 34.94000000000051
117392, 14436.4100,  3, 320.11, 35.159999999999854
117594, 14471.6900,  1, 188.01, 20.55000000000109
117594, 14471.6900,  1, 102.46, 20.55000000000109
117657, 14478.1400,  3, 387.74, 26.960000000000946
117732, 14485.8100,  3, 364.09, 34.61000000000058
117750, 14487.6500,  1, -0.05, 36.51000000000022
117765, 14489.1800,  3, 485.72, 37.95000000000073
117769, 14489.5900,  3, 548.54, 38.38000000000102
117779, 14490.6100,  3, 517.71, 39.3700000000008
117970, 14524.9000,  3, 416.97, 19.340000000000146
117978, 14525.7200,  1, 69.83, 20.25
118027, 14530.7300,  1, 68.12, 25.26000000000022
118051, 14533.1800,  3, 493.85, 27.69000000000051
118087, 14536.8600,  3, 517.40, 31.290000000000873
118115, 14539.7300,  3, 469.74, 34.220000000001164
118263, 14554.8600,  1, -161.45, 49.39000000000124
118291, 14557.7300,  3, 448.49, 52.19000000000051
118386, 14581.9200,  1, 36.62, 9.610000000000582
118386, 14581.9200,  1, 56.53, 9.610000000000582
118476, 14591.1200,  1, 123.28, 18.81000000000131
118559, 14599.6100,  3, 484.11, 27.280000000000655
118564, 14600.1200,  3, 481.47, 27.80000000000109
118610, 14604.8300,  3, 470.60, 32.48000000000138
118634, 14607.2800,  3, 446.37, 34.909999999999854
118671, 14611.0700,  3, 412.11, 38.720000000001164
118765, 14635.2200,  1, -46.33, 9.510000000000218
118765, 14635.2200,  1, -10.90, 9.510000000000218
118823, 14641.1500,  1, 33.76, 15.44000000000051
118841, 14642.9900,  1, 80.12, 17.280000000000655
118880, 14646.9800,  1, 147.80, 21.270000000000437
118933, 14652.4000,  3, 410.75, 26.640000000001237
118944, 14653.5200,  3, 401.55, 27.770000000000437
118952, 14654.3400,  3, 436.09, 28.56000000000131
119130, 14686.9800,  1, 10.14, 18.109999999998763
119144, 14688.4100,  1, 56.15, 19.539999999999054
119191, 14693.2200,  3, 440.94, 24.30999999999949
119240, 14698.2300,  3, 401.73, 29.30999999999949
119252, 14699.4500,  3, 387.76, 30.5
119300, 14704.3600,  1, 19.74, 35.48999999999978
119310, 14705.3900,  3, 388.78, 36.43999999999869
119931, 14768.9000,  2, -111.73, 100
119979, 14789.3200,  1, -61.26, 4.709999999999127
120063, 14797.9100,  1, 31.76, 13.299999999999272
120190, 14810.9000,  3, 383.97, 26.23999999999978
120206, 14812.5300,  3, 392.07, 27.859999999998763
120208, 14812.7400,  3, 473.72, 28.06999999999971
120239, 14815.9100,  3, 448.22, 31.289999999999054
120254, 14817.4400,  3, 469.76, 32.76999999999862
120284, 14820.5100,  3, 386.03, 35.88999999999942
120366, 14844.1700,  1, 7.15, 8.280000000000655
120366, 14844.1700,  1, 4.06, 8.280000000000655
120434, 14851.1200,  1, 82.68, 15.230000000001382
120435, 14851.2300,  1, 9.84, 15.340000000000146
120537, 14861.6600,  3, 433.88, 25.76000000000022
120580, 14866.0600,  1, 172.63, 30.170000000000073
120644, 14872.6000,  3, 522.58, 36.659999999999854
120703, 14878.6400,  3, 631.06, 42.68000000000029
120862, 14909.6200,  1, 61.80, 16.150000000001455
120886, 14912.0800,  1, 102.09, 18.610000000000582
120954, 14919.0300,  3, 458.49, 25.530000000000655
120969, 14920.5700,  3, 487.65, 27.01000000000022
121028, 14926.6000,  3, 486.12, 33.07000000000153
121043, 14928.1400,  3, 542.31, 34.56000000000131
121204, 14944.6000,  1, -99.20, 51.13000000000102
121682, 14993.4900,  2, -293.34, 100
121861, 15026.5300,  1, -44.36, 18.100000000000364
121887, 15029.1900,  1, 128.52, 20.76000000000022
121967, 15037.3700,  1, 133.15, 28.94000000000051
121967, 15037.3700,  1, 278.07, 28.94000000000051
122002, 15040.9500,  3, 599.86, 32.44000000000051
122015, 15042.2800,  3, 456.56, 33.840000000000146
122096, 15050.5700,  3, 571.92, 42.06999999999971
122247, 15066.0100,  3, 385.66, 57.48999999999978
122391, 15095.1900,  1, 142.43, 14.6200000000008
122391, 15095.1900,  1, 119.53, 14.6200000000008
122445, 15100.7200,  1, 68.46, 20.149999999999636
122492, 15105.5200,  3, 412.10, 24.8700000000008
122514, 15107.7700,  3, 452.22, 27.100000000000364
122518, 15108.1800,  3, 436.65, 27.520000000000437
122565, 15112.9900,  1, 220.81, 32.42000000000007
122805, 15137.5300,  1, -31.40, 56.960000000000946
122952, 15167.2000,  1, 177.51, 14.829999999999927
122952, 15167.2000,  1, 147.94, 14.829999999999927
122964, 15168.4300,  1, 72.33, 16.05999999999949
123013, 15173.4400,  1, 122.69, 21.06999999999971
123057, 15177.9400,  3, 426.78, 25.529999999998836
123076, 15179.8900,  3, 539.95, 27.48999999999978
123091, 15181.4200,  3, 633.98, 29.0
123096, 15181.9300,  3, 590.65, 29.539999999999054
123162, 15203.2500,  1, 2.88, 6.649999999999636
123162, 15203.2500,  1, 50.07, 6.649999999999636
123266, 15213.8900,  1, 130.72, 17.289999999999054
123314, 15218.7900,  3, 459.53, 22.170000000000073
123340, 15221.4500,  3, 438.28, 24.76000000000022
123392, 15226.7700,  3, 443.98, 30.139999999999418
123471, 15234.8500,  1, 129.40, 38.25
123851, 15273.7200,  1, -186.36, 77.11999999999898
123930, 15296.4000,  1, 0.72, 7.8799999999992
123930, 15296.4000,  1, 41.53, 7.8799999999992
123949, 15298.3400,  1, 64.55, 9.819999999999709
123949, 15298.3400,  1, 27.61, 9.819999999999709
124024, 15306.0100,  1, 68.43, 17.48999999999978
124059, 15309.5900,  3, 447.10, 20.979999999999563
124071, 15310.8200,  1, 130.53, 22.299999999999272
124128, 15316.6500,  3, 490.53, 28.109999999998763
124202, 15338.9000,  1, 24.12, 7.469999999999345
124202, 15338.9000,  1, 33.13, 7.469999999999345
124341, 15353.1100,  1, 109.24, 21.68000000000029
124411, 15360.2700,  3, 473.69, 28.76000000000022
124417, 15360.8900,  3, 430.06, 29.36999999999898
124423, 15361.5000,  1, 114.03, 30.06999999999971
124430, 15362.2200,  3, 429.88, 30.69999999999891
124489, 15368.2500,  3, 433.57, 36.75
124591, 15393.1000,  1, 113.55, 10.329999999999927
124591, 15393.1000,  1, 111.50, 10.329999999999927
124694, 15403.6400,  3, 418.94, 20.81999999999971
124730, 15407.3200,  1, 251.83, 24.549999999999272
124730, 15407.3200,  1, 297.96, 24.549999999999272
124751, 15409.4700,  1, 34.25, 26.69999999999891
124771, 15411.5100,  3, 556.96, 28.69999999999891
125038, 15438.8200,  3, 313.86, 55.98999999999978
125190, 15468.9800,  1, 157.64, 15.449999999998909
125198, 15469.7900,  1, 82.43, 16.26000000000022
125251, 15475.2200,  3, 413.00, 21.599999999998545
125318, 15482.0700,  3, 425.65, 28.44999999999891
125341, 15484.4200,  3, 390.39, 30.859999999998763
125358, 15486.1600,  3, 467.68, 32.590000000000146
125431, 15493.6200,  1, 200.81, 40.090000000000146
125677, 15518.7800,  3, 612.69, 65.18999999999869
125870, 15552.8400,  1, 192.78, 19.639999999999418
125897, 15555.6000,  3, 480.42, 22.31999999999971
125960, 15562.0400,  3, 413.90, 28.789999999999054
125977, 15563.7800,  3, 329.37, 30.479999999999563
125981, 15564.1900,  3, 533.25, 30.93999999999869
125982, 15564.2900,  3, 526.42, 31.029999999998836
126017, 15567.8700,  3, 503.43, 34.590000000000146
126125, 15578.9200,  1, 97.65, 45.719999999999345
126351, 15616.5700,  3, 387.58, 22.88000000000102
126374, 15618.9200,  3, 458.28, 25.19000000000051
126377, 15619.2300,  3, 404.42, 25.549999999999272
126378, 15619.3300,  3, 323.17, 25.579999999999927
126412, 15622.8100,  3, 575.17, 29.13000000000102
126416, 15623.2200,  3, 447.12, 29.520000000000437
126418, 15623.4200,  3, 523.66, 29.75
126445, 15626.1800,  1, 275.29, 32.52000000000044
126577, 15654.0600,  1, 127.37, 13.299999999999272
126577, 15654.0600,  1, 107.51, 13.299999999999272
126669, 15663.4700,  3, 423.71, 22.649999999999636
126698, 15666.4300,  3, 520.98, 25.610000000000582
126719, 15668.5800,  3, 482.05, 27.75
126737, 15670.4200,  3, 506.32, 29.579999999999927
126765, 15673.2800,  3, 438.51, 32.43000000000029
126825, 15679.4200,  3, 472.62, 38.649999999999636
127004, 15712.2000,  1, 57.32, 18.200000000000728
127005, 15712.3100,  1, 64.97, 18.30999999999949
127047, 15716.6000,  3, 513.73, 22.56999999999971
127069, 15718.8500,  3, 444.84, 24.780000000000655
127099, 15721.9200,  3, 419.04, 27.8700000000008
127141, 15726.2200,  3, 462.91, 32.149999999999636
127165, 15728.6700,  3, 383.45, 34.649999999999636
127199, 15732.1500,  3, 485.03, 38.04000000000087
127391, 15766.1000,  1, 8.27, 19.530000000000655
127420, 15769.0700,  3, 464.65, 22.460000000000946
127440, 15771.1100,  3, 500.37, 24.51000000000022
127453, 15772.4400,  3, 504.35, 25.790000000000873
127492, 15776.4300,  3, 488.71, 29.840000000000146
127536, 15780.9300,  1, 38.85, 34.36000000000058
127554, 15782.7700,  3, 540.10, 36.17000000000007
127739, 15801.6900,  3, 656.54, 55.11000000000058
127819, 15824.2800,  1, 21.26, 8.079999999999927
127819, 15824.2800,  1, 18.03, 8.079999999999927
127945, 15837.1700,  1, 175.03, 20.969999999999345
127964, 15839.1100,  3, 437.62, 22.899999999999636
127968, 15839.5200,  3, 478.56, 23.299999999999272
127981, 15840.8500,  3, 475.72, 24.609999999998763
128049, 15847.8100,  3, 551.60, 31.5099999999984
128202, 15863.4500,  3, 380.32, 47.22999999999956
128411, 15899.5600,  1, 36.45, 21.279999999998836
128423, 15900.7800,  3, 449.54, 22.43999999999869
128482, 15906.8200,  3, 422.03, 28.48999999999978
128484, 15907.0200,  3, 453.13, 28.670000000000073
128485, 15907.1200,  3, 470.04, 28.73999999999978
128499, 15908.5600,  1, -9.28, 30.279999999998836
128501, 15908.7600,  1, 338.19, 30.479999999999563
128565, 15915.3100,  3, 426.93, 36.97999999999956
128641, 15937.4400,  1, -3.23, 7.670000000000073
128641, 15937.4400,  1, 12.05, 7.670000000000073
128692, 15942.6600,  1, 85.97, 12.889999999999418
128692, 15942.6600,  1, 90.72, 12.889999999999418
128776, 15951.2500,  1, 145.05, 21.479999999999563
128782, 15951.8600,  1, 33.46, 22.090000000000146
128834, 15957.1800,  1, 116.90, 27.409999999999854
128938, 15967.8200,  3, 446.24, 37.95999999999913
129184, 16007.7000,  1, 24.61, 25.05000000000109
129206, 16009.9500,  3, 457.47, 27.229999999999563
129218, 16011.1800,  3, 429.65, 28.44000000000051
129241, 16013.5300,  3, 502.09, 30.80999999999949
129254, 16014.8600,  3, 476.03, 32.20000000000073
129262, 16015.6800,  3, 447.30, 33.01000000000022
129326, 16022.2300,  3, 552.65, 39.52000000000044
129355, 16025.1900,  3, 494.58, 42.470000000001164
129492, 16053.5800,  1, 85.65, 13.909999999999854
129492, 16053.5800,  1, 180.08, 13.909999999999854
129608, 16065.4400,  3, 442.30, 25.68000000000029
129645, 16069.2300,  3, 451.44, 29.520000000000437
129712, 16076.0800,  3, 470.41, 36.350000000000364
129723, 16077.2000,  3, 435.09, 37.45000000000073
129755, 16080.4800,  3, 560.68, 40.780000000000655
129841, 16089.2700,  3, 571.52, 49.52000000000044
129997, 16119.9000,  1, 57.25, 15.859999999998763
129997, 16119.9000,  1, 143.51, 15.859999999998763
130099, 16130.3300,  3, 501.24, 26.279999999998836
130110, 16131.4500,  3, 577.93, 27.3799999999992
130111, 16131.5600,  3, 394.59, 27.469999999999345
130143, 16134.8300,  3, 496.69, 30.69999999999891
130257, 16146.4900,  1, 60.27, 42.44999999999891
130297, 16150.5800,  3, 369.66, 46.51999999999862
130361, 16171.4300,  1, 31.58, 6.440000000000509
130361, 16171.4300,  1, 21.79, 6.440000000000509
130399, 16175.3200,  1, 61.23, 10.329999999999927
130520, 16187.6900,  3, 407.24, 22.639999999999418
130531, 16188.8200,  3, 506.29, 23.790000000000873
130556, 16191.3700,  3, 443.00, 26.360000000000582
130589, 16194.7500,  3, 480.38, 29.73999999999978
130654, 16201.4000,  3, 460.81, 36.30000000000109
130740, 16224.9700,  1, 65.12, 8.699999999998909
130740, 16224.9700,  1, 15.34, 8.699999999998909
130860, 16237.2400,  3, 422.70, 20.94999999999891
130886, 16239.9000,  3, 400.33, 23.520000000000437
130920, 16243.3700,  3, 491.50, 27.049999999999272
130926, 16243.9900,  3, 450.37, 27.69999999999891
130959, 16247.3600,  3, 383.09, 31.049999999999272
131172, 16269.1500,  1, 236.24, 52.8799999999992
131259, 16292.5300,  1, 67.15, 8.69000000000051
131259, 16292.5300,  1, 65.63, 8.69000000000051
131350, 16301.8400,  1, 158.33, 18.0
131370, 16303.8900,  1, 132.67, 20.049999999999272
131391, 16306.0300,  3, 433.01, 22.110000000000582
131447, 16311.7600,  3, 365.32, 27.860000000000582
131470, 16314.1100,  3, 418.42, 30.219999999999345
131530, 16320.2500,  3, 550.01, 36.31999999999971
131613, 16344.3400,  1, 27.87, 8.380000000001019
131667, 16349.8600,  1, 76.60, 13.900000000001455
131668, 16349.9700,  1, 136.13, 14.010000000000218
131770, 16360.4000,  1, 96.77, 24.44000000000051
131790, 16362.4400,  3, 265.60, 26.460000000000946
131792, 16362.6500,  3, 379.16, 26.600000000000364
131820, 16365.5100,  3, 352.19, 29.470000000001164
131834, 16366.9400,  3, 403.19, 30.88000000000102
131948, 16394.4700,  1, 28.14, 12.040000000000873
132012, 16401.3300,  1, 127.10, 18.900000000001455
132037, 16404.0100,  1, 164.36, 21.57999999999811
132039, 16404.2200,  3, 443.78, 21.729999999999563
132083, 16408.9400,  3, 573.81, 26.470000000001164
132090, 16409.6900,  3, 470.81, 27.25
132114, 16412.2600,  3, 605.96, 29.7599999999984
132173, 16418.5800,  3, 358.02, 36.06000000000131
132266, 16443.1900,  1, 56.31, 9.859999999996944
132286, 16445.3300,  1, 121.53, 12.0
132424, 16460.1100,  3, 568.08, 26.68999999999869
132437, 16461.5100,  3, 438.48, 28.099999999998545
132439, 16461.7200,  3, 426.48, 28.289999999997235
132454, 16463.3300,  3, 390.24, 29.899999999997817
132491, 16467.2900,  1, 79.83, 33.95999999999913
132756, 16495.6900,  3, 477.69, 62.2599999999984
132890, 16524.4500,  1, 43.82, 14.25
132890, 16524.4500,  1, 164.23, 14.25
132890, 16524.4500,  1, 132.37, 14.25
132955, 16531.4200,  3, 426.63, 21.18999999999869
132975, 16533.5600,  3, 390.56, 23.31999999999971
133047, 16541.2700,  3, 469.33, 30.969999999997526
133062, 16542.8800,  3, 487.58, 32.56999999999971
133108, 16547.8100,  3, 431.69, 37.590000000000146
133226, 16575.2000,  1, 87.44, 12.530000000002474
133248, 16577.5600,  1, 58.66, 14.890000000003056
133259, 16578.7400,  1, 193.39, 16.070000000003347
133268, 16579.7000,  1, 88.59, 17.030000000002474
133272, 16580.1300,  1, 180.78, 17.460000000002765
133350, 16588.4900,  3, 389.03, 25.790000000000873
133518, 16606.4900,  3, 502.77, 43.80000000000291
133857, 16642.8100,  1, 18.63, 80.14000000000306
134069, 16679.9400,  3, 371.92, 22.44000000000233
134107, 16684.0100,  3, 470.86, 26.540000000000873
134107, 16684.0100,  3, 497.99, 26.470000000001164
134108, 16684.1100,  3, 394.17, 26.610000000000582
134120, 16685.4000,  3, 445.37, 27.900000000001455
134140, 16687.5400,  3, 467.23, 30.010000000002037
134154, 16689.0400,  3, 405.68, 31.55000000000291
134202, 16694.1900,  3, 543.10, 36.67000000000189
134372, 16726.9900,  1, 103.04, 18.100000000002183
134451, 16735.4500,  3, 490.92, 26.5
134456, 16735.9900,  3, 511.60, 27.090000000000146
134457, 16736.1000,  3, 503.39, 27.100000000002183
134481, 16738.6700,  3, 485.31, 29.68000000000029
134535, 16744.4500,  3, 465.87, 35.529999999998836
134538, 16744.7700,  3, 527.33, 35.81000000000131
135137, 16808.9500,  2, -3.62, 100
135299, 16840.7200,  1, 62.22, 17.150000000001455
135348, 16845.9700,  3, 467.61, 22.340000000000146
135362, 16847.4700,  1, 24.72, 23.900000000001455
135364, 16847.6900,  3, 469.33, 24.029999999998836
135371, 16848.4400,  3, 478.39, 24.830000000001746
135421, 16853.7900,  3, 452.21, 30.150000000001455
135422, 16853.9000,  3, 419.59, 30.31000000000131
135682, 16881.7600,  3, 373.60, 58.150000000001455
135839, 16912.9000,  1, 87.24, 16.710000000002765
135839, 16912.9000,  1, 121.55, 16.710000000002765
135912, 16920.7200,  3, 486.37, 24.43000000000029
135938, 16923.5100,  3, 526.85, 27.229999999999563
135973, 16927.2600,  3, 437.28, 30.979999999999563
135996, 16929.7200,  1, 76.22, 33.530000000002474
136000, 16930.1500,  3, 477.62, 33.87000000000262
136014, 16931.6500,  3, 487.70, 35.38000000000102
136325, 16979.6900,  3, 382.32, 33.11000000000058
136331, 16980.3300,  3, 506.87, 33.7599999999984
136334, 16980.6500,  3, 465.06, 34.06999999999971
136335, 16980.7600,  3, 455.36, 34.18999999999869
136337, 16980.9700,  3, 404.59, 34.409999999999854
136341, 16981.4000,  3, 461.85, 34.88999999999942
136370, 16984.5100,  3, 482.63, 37.969999999997526
136383, 16985.9000,  3, 407.37, 39.419999999998254
136515, 17014.5400,  1, 111.31, 14.030000000002474
136515, 17014.5400,  1, 97.08, 14.030000000002474
136545, 17017.7600,  1, 77.23, 17.25
136545, 17017.7600,  1, 140.04, 17.25
136676, 17031.7900,  3, 428.04, 31.25
136684, 17032.6500,  3, 534.44, 32.080000000001746
136689, 17033.1900,  3, 525.48, 32.67000000000189
137318, 17100.5800,  2, 255.03, 100
137453, 17129.4700,  1, 118.80, 14.25
137453, 17129.4700,  1, 157.74, 14.25
137511, 17135.6900,  3, 469.91, 20.37999999999738
137519, 17136.5400,  3, 397.78, 21.239999999997963
137584, 17143.5100,  3, 432.11, 28.229999999999563
137613, 17146.6100,  3, 438.36, 31.349999999998545
137625, 17147.9000,  3, 496.61, 32.669999999998254
137635, 17148.9700,  3, 406.98, 33.719999999997526
137802, 17181.2200,  1, 184.88, 17.780000000002474
137802, 17181.2200,  1, 181.45, 17.780000000002474
137807, 17181.7600,  1, 118.33, 18.31999999999971
137807, 17181.7600,  1, 85.01, 18.31999999999971
137855, 17186.9000,  3, 417.18, 23.360000000000582
137900, 17191.7200,  3, 362.46, 28.270000000000437
137985, 17200.8300,  3, 491.78, 37.280000000002474
138045, 17207.2600,  3, 514.83, 43.76000000000204
138148, 17232.8500,  1, 73.97, 10.93999999999869
138148, 17232.8500,  1, 106.02, 10.93999999999869
138206, 17239.0600,  1, 73.91, 17.150000000001455
138282, 17247.2000,  3, 488.32, 25.2400000000016
138287, 17247.7400,  3, 497.06, 25.7599999999984
138290, 17248.0600,  3, 432.41, 26.110000000000582
138343, 17253.7400,  3, 538.45, 31.790000000000873
138361, 17255.6700,  3, 420.71, 33.68999999999869
138435, 17278.2700,  1, -9.04, 7.81000000000131
138435, 17278.2700,  1, 1.54, 7.81000000000131
138492, 17284.3800,  1, 66.07, 13.920000000001892
138492, 17284.3800,  1, 159.75, 13.920000000001892
138512, 17286.5200,  1, 160.22, 16.06000000000131
138704, 17307.1000,  1, 46.52, 36.63999999999942
139288, 17369.6700,  1, -124.68, 99.20999999999913
139296, 17370.5200,  2, -172.13, 100
139411, 17397.7600,  1, 124.80, 12.109999999996944
139411, 17397.7600,  1, 49.16, 12.109999999996944
139496, 17406.8600,  1, 192.29, 21.209999999999127
139512, 17408.5800,  3, 457.54, 22.82999999999811
139526, 17410.0800,  3, 406.16, 24.359999999996944
139550, 17412.6500,  3, 481.38, 26.94999999999709
139557, 17413.4000,  3, 401.31, 27.659999999999854
139569, 17414.6900,  3, 462.21, 29.0
139682, 17441.2700,  1, 95.10, 11.9900000000016
139695, 17442.6700,  1, 69.46, 13.389999999999418
139695, 17442.6700,  1, 104.61, 13.389999999999418
139751, 17448.6700,  1, 232.24, 19.389999999999418
139751, 17448.6700,  1, 61.80, 19.389999999999418
139836, 17457.7700,  3, 473.60, 28.460000000002765
139867, 17461.1000,  3, 455.67, 31.80000000000291
140012, 17476.6300,  3, 573.11, 47.31000000000131
140135, 17504.2600,  1, 104.49, 13.069999999999709
140219, 17513.2600,  3, 477.00, 22.010000000002037
140236, 17515.0800,  3, 459.65, 23.840000000000146
140248, 17516.3600,  3, 472.53, 25.080000000001746
140276, 17519.3600,  3, 379.84, 28.110000000000582
140311, 17523.1100,  3, 434.87, 31.88000000000102
140314, 17523.4400,  3, 574.64, 32.150000000001455
140355, 17527.8300,  3, 572.60, 36.590000000000146
140477, 17555.3600,  1, 143.18, 12.959999999999127
140477, 17555.3600,  1, 66.35, 12.959999999999127
140584, 17566.8300,  3, 470.89, 24.399999999997817
140594, 17567.9000,  3, 462.51, 25.409999999999854
140596, 17568.1100,  3, 519.24, 25.68999999999869
140663, 17575.2900,  3, 676.56, 32.80999999999767
140692, 17578.4000,  1, 187.49, 36.0
140843, 17594.5800,  1, 167.52, 52.18000000000029
141036, 17629.6300,  3, 463.68, 20.409999999999854
141055, 17631.6700,  3, 482.07, 22.459999999999127
141058, 17631.9900,  3, 460.34, 22.779999999998836
141071, 17633.3800,  3, 467.14, 24.17000000000189
141075, 17633.8100,  3, 537.13, 24.56000000000131
141087, 17635.1000,  3, 475.83, 25.860000000000582
141116, 17638.2000,  3, 484.53, 29.0099999999984
141143, 17641.1000,  3, 535.98, 31.849999999998545
141328, 17675.3300,  3, 442.89, 19.67000000000189
141335, 17676.0800,  3, 418.82, 20.389999999999418
141350, 17677.6900,  3, 486.14, 22.040000000000873
141407, 17683.7900,  3, 467.14, 28.100000000002183
141439, 17687.2200,  1, 188.99, 31.600000000002183
141442, 17687.5400,  3, 559.17, 31.87000000000262
141455, 17688.9400,  3, 565.99, 33.25
141503, 17694.0800,  3, 603.97, 38.38000000000102
141662, 17725.6100,  1, 124.10, 16.92000000000189
141662, 17725.6100,  1, 100.53, 16.92000000000189
141708, 17730.5400,  3, 437.30, 21.840000000000146
141724, 17732.2600,  1, 135.61, 23.56999999999971
141731, 17733.0100,  3, 476.74, 24.31000000000131
141732, 17733.1100,  3, 423.16, 24.37000000000262
141737, 17733.6500,  3, 500.15, 24.92000000000189
141751, 17735.1500,  3, 376.82, 26.390000000003056
141893, 17764.8100,  1, 110.57, 15.110000000000582
141893, 17764.8100,  1, 136.11, 15.110000000000582
141967, 17772.7400,  3, 440.98, 23.020000000000437
141974, 17773.4900,  1, 181.69, 23.790000000000873
141992, 17775.4200,  3, 479.73, 25.709999999999127
141999, 17776.1700,  3, 466.65, 26.43999999999869
142088, 17785.7000,  3, 473.95, 35.97999999999956
142193, 17796.9500,  3, 593.52, 47.22999999999956
142300, 17822.8100,  1, 91.64, 11.350000000002183
142300, 17822.8100,  1, 84.93, 11.350000000002183
142426, 17836.3100,  3, 407.24, 24.780000000002474
142428, 17836.5200,  3, 520.76, 24.9900000000016
142428, 17836.5200,  3, 463.93, 25.0
142434, 17837.1700,  3, 432.50, 25.67000000000189
142478, 17841.8800,  1, 395.86, 30.42000000000189
142570, 17851.7400,  3, 450.88, 40.20999999999913
142777, 17888.5100,  3, 456.71, 22.06000000000131
142814, 17892.4700,  3, 509.65, 25.94000000000233
142818, 17892.9000,  3, 421.31, 26.44000000000233
142823, 17893.4400,  3, 589.05, 26.909999999999854
142850, 17896.3300,  3, 481.73, 29.87000000000262
142897, 17901.3600,  1, 9.43, 34.92000000000189
142911, 17902.8600,  3, 525.22, 36.330000000001746
142993, 17911.6500,  3, 596.58, 45.18000000000029
143073, 17934.7600,  1, 84.01, 8.459999999999127
143073, 17934.7600,  1, 21.90, 8.459999999999127
143229, 17951.4700,  3, 604.39, 25.080000000001746
143260, 17954.7900,  3, 456.05, 28.389999999999418
143274, 17956.2900,  3, 445.15, 29.93000000000029
143285, 17957.4700,  3, 491.26, 31.080000000001746
143286, 17957.5800,  3, 588.27, 31.220000000001164
143356, 17965.0800,  3, 613.77, 38.68000000000029
143470, 17991.6900,  1, 166.69, 12.119999999998981
143470, 17991.6900,  1, 128.25, 12.119999999998981
143586, 18004.1100,  3, 479.46, 24.510000000002037
143593, 18004.8600,  3, 500.99, 25.2400000000016
143594, 18004.9700,  3, 444.70, 25.31999999999971
143626, 18008.4000,  3, 494.20, 28.7400000000016
143651, 18011.0800,  3, 444.56, 31.409999999999854
143678, 18013.9700,  3, 539.83, 34.29000000000087
143803, 18042.5600,  1, 113.20, 13.290000000000873
143803, 18042.5600,  1, 147.49, 13.290000000000873
143867, 18049.4200,  3, 452.19, 20.11999999999898
143928, 18055.9500,  3, 500.21, 26.659999999999854
143947, 18057.9900,  3, 585.27, 28.649999999997817
143949, 18058.2000,  3, 473.84, 28.899999999997817
143980, 18061.5200,  3, 488.87, 32.22999999999956
144112, 18075.6700,  3, 453.31, 46.38999999999942
144247, 18104.6500,  1, 76.21, 14.350000000002183
144247, 18104.6500,  1, 95.13, 14.350000000002183
144267, 18106.7900,  1, 118.79, 16.4900000000016
144284, 18108.6100,  1, 123.15, 18.31000000000131
144342, 18114.8300,  3, 481.74, 24.44000000000233
144353, 18116.0100,  3, 491.01, 25.659999999999854
144369, 18117.7200,  3, 487.94, 27.389999999999418
144714, 18154.6900,  3, 622.41, 64.31999999999971
144945, 18193.6900,  3, 551.30, 24.63000000000102
144969, 18196.2600,  3, 419.31, 27.150000000001455
144970, 18196.3600,  1, 193.41, 27.31000000000131
144970, 18196.3600,  1, 366.98, 27.31000000000131
144972, 18196.5800,  3, 493.57, 27.510000000002037
144983, 18197.7600,  3, 431.16, 28.63000000000102
145025, 18202.2600,  3, 447.62, 33.150000000001455
145058, 18205.7900,  3, 532.49, 36.69000000000233
145168, 18232.9500,  1, 158.13, 11.670000000001892
145237, 18240.3500,  1, 113.44, 19.06999999999971
145286, 18245.6000,  3, 462.98, 24.280000000002474
145341, 18251.4900,  3, 606.64, 30.139999999999418
145372, 18254.8100,  3, 337.00, 33.52000000000044
145383, 18255.9900,  3, 394.31, 34.60000000000218
145418, 18259.7400,  3, 524.32, 38.37000000000262
145547, 18273.5600,  1, -12.79, 52.280000000002474
145774, 18312.5600,  3, 413.23, 24.080000000001746
145796, 18314.9200,  3, 382.23, 26.44000000000233
145809, 18316.3100,  3, 365.08, 27.799999999999272
145820, 18317.4900,  3, 409.25, 28.9900000000016
145839, 18319.5200,  3, 411.86, 31.010000000002037
145843, 18319.9500,  1, 271.68, 31.4900000000016
145852, 18320.9200,  3, 500.28, 32.42000000000189
145912, 18327.3500,  3, 490.38, 38.81000000000131
146027, 18354.9000,  1, 119.56, 12.210000000002765
146027, 18354.9000,  1, 74.56, 12.210000000002765
146110, 18363.7900,  3, 408.15, 21.0
146140, 18367.0100,  3, 346.41, 24.30000000000291
146150, 18368.0800,  3, 475.26, 25.31000000000131
146190, 18372.3600,  3, 467.99, 29.590000000000146
146193, 18372.6900,  3, 323.11, 29.900000000001455
146235, 18377.1900,  3, 340.20, 34.47999999999956
146334, 18402.4000,  1, 89.82, 10.5
146373, 18406.5800,  1, 127.84, 14.680000000000291
146387, 18408.0800,  1, 51.02, 16.18000000000029
146404, 18409.9000,  1, 155.69, 18.0
146504, 18420.6100,  3, 415.18, 28.68000000000029
146512, 18421.4700,  3, 274.86, 29.469999999997526
146567, 18427.3600,  3, 436.43, 35.44999999999709
146797, 18452.0100,  3, 337.95, 60.04999999999927
146893, 18476.7600,  1, 32.82, 10.18999999999869
146946, 18482.4400,  1, 151.26, 15.869999999998981
146981, 18486.1900,  1, 189.30, 19.61999999999898
146994, 18487.5800,  1, 109.23, 21.010000000002037
146995, 18487.6900,  1, 106.27, 21.11999999999898
147035, 18491.9700,  3, 392.26, 25.360000000000582
147088, 18497.6500,  3, 291.62, 30.9900000000016
147091, 18497.9700,  3, 376.93, 31.38000000000102
147298, 18535.5400,  3, 357.42, 22.039999999997235
147335, 18539.5100,  3, 328.82, 26.020000000000437
147360, 18542.1900,  3, 456.96, 28.669999999998254
147362, 18542.4000,  3, 382.87, 28.889999999999418
147362, 18542.4000,  3, 454.75, 28.899999999997817
147373, 18543.5800,  3, 413.04, 30.029999999998836
147375, 18543.7900,  3, 418.87, 30.2599999999984
147393, 18545.7200,  3, 489.78, 32.18999999999869
147470, 18569.3600,  1, 56.12, 8.139999999999418
147470, 18569.3600,  1, 30.72, 8.139999999999418
147611, 18584.4700,  3, 503.73, 23.159999999999854
147612, 18584.5800,  3, 490.17, 23.340000000000146
147621, 18585.5400,  3, 484.36, 24.289999999997235
147635, 18587.0400,  3, 436.58, 25.729999999999563
147661, 18589.8300,  3, 486.81, 28.57999999999811
147677, 18591.5400,  3, 423.73, 30.25
147771, 18617.0200,  1, 61.47, 9.959999999999127
147771, 18617.0200,  1, 117.04, 9.959999999999127
147876, 18628.2700,  3, 509.46, 21.109999999996944
147900, 18630.8500,  3, 486.86, 23.729999999999563
147922, 18633.2000,  1, 320.04, 26.139999999999418
147922, 18633.2000,  1, 227.63, 26.139999999999418
147927, 18633.7400,  3, 461.14, 26.61999999999898
147937, 18634.8100,  3, 489.60, 27.69999999999709
148087, 18666.4500,  1, 94.01, 15.959999999999127
148150, 18673.2000,  3, 463.97, 22.669999999998254
148155, 18673.7400,  3, 432.16, 23.219999999997526
148162, 18674.4900,  3, 490.22, 23.989999999997963
148198, 18678.3500,  3, 451.11, 27.779999999998836
148215, 18680.1700,  3, 522.14, 29.57999999999811
148246, 18683.4900,  3, 467.07, 32.95999999999913
148366, 18696.3500,  3, 692.95, 45.80999999999767
148479, 18722.8300,  1, 142.68, 12.0
148479, 18722.8300,  1, 76.95, 12.0
148485, 18723.4700,  1, 107.48, 12.639999999999418
148485, 18723.4700,  1, 131.93, 12.639999999999418
148600, 18735.7900,  3, 446.74, 24.909999999999854
148601, 18735.9000,  3, 480.83, 24.959999999999127
148606, 18736.4400,  3, 461.14, 25.599999999998545
148650, 18741.1500,  3, 562.90, 30.2699999999968
148835, 18775.4200,  3, 431.11, 19.68000000000029
148857, 18777.7700,  3, 444.03, 22.0
148859, 18777.9900,  3, 446.20, 22.2599999999984
148867, 18778.8500,  3, 471.78, 23.13000000000102
148880, 18780.2400,  3, 532.72, 24.43999999999869
148898, 18782.1700,  3, 564.07, 26.419999999998254
148923, 18784.8500,  3, 450.67, 29.040000000000873
148932, 18785.8100,  3, 516.12, 30.07999999999811
149050, 18813.1700,  1, 178.62, 12.529999999998836
149050, 18813.1700,  1, 123.33, 12.529999999998836
149140, 18822.8100,  3, 450.81, 22.139999999999418
149149, 18823.7700,  3, 449.31, 23.080000000001746
149195, 18828.7000,  3, 477.02, 28.029999999998836
149240, 18833.5200,  3, 554.22, 32.81999999999971
149242, 18833.7400,  3, 569.39, 33.01000000000204
149342, 18844.4500,  3, 745.46, 43.7400000000016
149541, 18880.4500,  3, 442.19, 21.179999999996653
149554, 18881.8500,  3, 404.65, 22.5099999999984
149565, 18883.0200,  3, 435.31, 23.75
149569, 18883.4500,  3, 525.46, 24.11999999999898
149585, 18885.1700,  3, 502.50, 25.889999999999418
149647, 18891.8100,  3, 493.75, 32.45999999999913
149792, 18907.3500,  3, 558.31, 48.0099999999984
150277, 18959.3100,  2, 291.35, 100
150487, 18996.2900,  3, 483.26, 22.19000000000233
150491, 18996.7200,  3, 457.19, 22.62000000000262
150533, 19001.2200,  3, 488.23, 27.19000000000233
150536, 19001.5400,  3, 461.07, 27.5
150536, 19001.5400,  3, 556.72, 27.520000000000437
150539, 19001.8600,  3, 515.86, 27.840000000000146
150543, 19002.2900,  3, 450.75, 28.200000000000728
150593, 19007.6500,  3, 630.67, 33.61000000000058
150799, 19044.1700,  1, 268.99, 21.969999999997526
150799, 19044.1700,  1, 209.51, 21.969999999997526
150800, 19044.2700,  3, 454.91, 22.020000000000437
150849, 19049.5200,  3, 511.23, 27.279999999998836
150862, 19050.9200,  3, 545.86, 28.68999999999869
150868, 19051.5600,  3, 459.24, 29.299999999999272
150926, 19057.7700,  1, 363.82, 35.56999999999971
150937, 19058.9500,  3, 482.42, 36.73999999999796
151152, 19096.2900,  3, 407.11, 22.900000000001455
151200, 19101.4400,  3, 438.29, 27.9900000000016
151204, 19101.8600,  3, 482.28, 28.42000000000189
151206, 19102.0800,  3, 565.37, 28.68000000000029
151222, 19103.7900,  3, 409.85, 30.31999999999971
151228, 19104.4400,  3, 455.66, 30.970000000001164
151244, 19106.1500,  3, 542.81, 32.70000000000073
151356, 19118.1500,  3, 404.15, 44.69000000000233
151598, 19158.4500,  3, 449.93, 25.729999999999563
151635, 19162.4200,  3, 590.67, 29.719999999997526
151645, 19163.4900,  3, 454.04, 30.840000000000146
151661, 19165.2000,  3, 531.24, 32.52000000000044
151669, 19166.0600,  3, 471.53, 33.38999999999942
151672, 19166.3800,  3, 420.62, 33.72999999999956
151676, 19166.8100,  1, 112.66, 34.18000000000029
152049, 19206.7700,  3, 620.45, 74.11999999999898
152297, 19247.6900,  3, 477.60, 26.43999999999869
152299, 19247.9000,  3, 527.38, 26.590000000000146
152302, 19248.2200,  3, 426.92, 26.950000000000728
152325, 19250.6900,  3, 458.91, 29.389999999999418
152353, 19253.6900,  3, 433.99, 32.42000000000189
152360, 19254.4400,  3, 474.86, 33.18000000000029
152390, 19257.6500,  3, 431.55, 36.31999999999971
152451, 19264.1900,  3, 457.14, 42.93999999999869
152621, 19296.9700,  1, 116.73, 18.100000000002183
152688, 19304.1500,  3, 456.79, 25.25
152777, 19313.6900,  3, 391.26, 34.79999999999927
152835, 19319.9000,  3, 336.23, 40.92000000000189
152840, 19320.4400,  3, 351.73, 41.470000000001164
152889, 19325.6900,  3, 422.62, 46.72999999999956
152941, 19331.2600,  3, 385.88, 52.38000000000102
152948, 19332.0100,  3, 436.61, 53.04000000000087
153163, 19369.6000,  3, 417.07, 22.849999999998545
153194, 19372.9200,  3, 474.69, 26.17000000000189
153197, 19373.2400,  3, 510.92, 26.5099999999984
153203, 19373.8800,  3, 433.17, 27.139999999999418
153233, 19377.1000,  3, 393.50, 30.340000000000146
153253, 19379.2400,  3, 522.16, 32.4900000000016
153276, 19381.7000,  1, 104.71, 35.04000000000087
153286, 19382.7700,  3, 433.01, 36.090000000000146
153459, 19415.7200,  1, 173.04, 18.42000000000189
153459, 19415.7200,  1, 166.61, 18.42000000000189
153543, 19424.7200,  3, 406.65, 27.38000000000102
153545, 19424.9400,  3, 445.98, 27.590000000000146
153594, 19430.1900,  3, 547.05, 32.81999999999971
153611, 19432.0100,  3, 418.43, 34.60000000000218
153643, 19435.4400,  3, 587.39, 38.06999999999971
153648, 19435.9700,  3, 391.91, 38.61999999999898
153874, 19474.5800,  3, 486.19, 24.07999999999811
153899, 19477.2600,  3, 450.33, 26.75
153901, 19477.4700,  3, 420.12, 26.909999999999854
153940, 19481.6500,  3, 467.12, 31.07999999999811
153949, 19482.6100,  3, 454.03, 32.099999999998545
153966, 19484.4400,  3, 440.45, 33.909999999999854
154014, 19489.5800,  3, 621.17, 39.099999999998545
154049, 19493.3300,  3, 657.56, 42.75
154278, 19532.3500,  3, 455.85, 24.42000000000189
154293, 19533.9500,  3, 453.02, 26.020000000000437
154307, 19535.4500,  3, 541.59, 27.520000000000437
154324, 19537.2700,  1, 142.83, 29.360000000000582
154340, 19538.9900,  3, 551.86, 31.029999999998836
154358, 19540.9200,  3, 511.96, 32.970000000001164
154399, 19545.3100,  3, 436.34, 37.29000000000087
154412, 19546.7000,  3, 541.17, 38.7599999999984
154617, 19584.0600,  3, 393.56, 21.780000000002474
154621, 19584.4900,  3, 445.21, 22.200000000000728
154631, 19585.5600,  3, 471.08, 23.330000000001746
154642, 19586.7400,  3, 494.71, 24.4900000000016
154689, 19591.7700,  3, 464.76, 29.549999999999272
154692, 19592.1000,  3, 421.35, 29.88000000000102
154693, 19592.2000,  3, 544.36, 29.900000000001455
154701, 19593.0600,  3, 441.03, 30.770000000000437
154807, 19619.8500,  1, 127.49, 11.25
154807, 19619.8500,  1, 117.00, 11.25
154810, 19620.1700,  1, 85.04, 11.569999999999709
154810, 19620.1700,  1, 99.71, 11.569999999999709
154829, 19622.2000,  1, 91.14, 13.600000000002183
154829, 19622.2000,  1, 181.62, 13.600000000002183
154926, 19632.6000,  3, 456.71, 23.94000000000233
155028, 19643.5200,  3, 541.96, 34.87000000000262
155150, 19671.2400,  1, 112.19, 12.970000000001164
155150, 19671.2400,  1, 110.20, 12.970000000001164
155190, 19675.5200,  1, 139.24, 17.25
155190, 19675.5200,  1, 214.29, 17.25
155269, 19683.9900,  3, 434.62, 25.659999999999854
155273, 19684.4200,  3, 494.71, 26.07999999999811
155310, 19688.3800,  3, 502.41, 30.020000000000437
155356, 19693.3100,  3, 492.98, 35.0
155585, 19732.2900,  3, 479.95, 24.419999999998254
155595, 19733.3600,  3, 424.58, 25.419999999998254
155602, 19734.1100,  3, 425.07, 26.220000000001164
155607, 19734.6500,  3, 522.64, 26.7599999999984
155631, 19737.2200,  3, 505.41, 29.299999999999272
155638, 19737.9700,  3, 532.31, 30.029999999998836
155691, 19743.6500,  3, 580.80, 35.68999999999869
155694, 19743.9700,  3, 678.63, 36.090000000000146
155890, 19779.2700,  3, 410.15, 20.850000000002183
155900, 19780.3500,  3, 470.79, 21.860000000000582
155937, 19784.3100,  3, 403.99, 25.840000000000146
155970, 19787.8500,  3, 514.62, 29.409999999999854
155973, 19788.1700,  3, 487.24, 29.75
155977, 19788.6000,  3, 438.41, 30.18000000000029
156001, 19791.1700,  3, 557.50, 32.69000000000233
156052, 19796.6300,  3, 462.15, 38.20000000000073
156130, 19819.5800,  1, 39.27, 8.25
156130, 19819.5800,  1, 64.94, 8.25
156271, 19834.6900,  3, 469.72, 23.279999999998836
156286, 19836.2900,  3, 434.88, 24.909999999999854
156300, 19837.7900,  3, 456.74, 26.43999999999869
156308, 19838.6500,  3, 489.13, 27.2599999999984
156383, 19846.6900,  3, 556.09, 35.33999999999651
156515, 19860.8300,  3, 368.05, 49.469999999997526
156606, 19886.0200,  1, 86.58, 9.639999999999418
156606, 19886.0200,  1, 32.13, 9.639999999999418
156665, 19892.3500,  1, 147.15, 15.969999999997526
156718, 19898.0200,  1, 41.65, 21.639999999999418
156770, 19903.6000,  3, 442.41, 27.200000000000728
156773, 19903.9200,  3, 483.93, 27.43999999999869
156780, 19904.6700,  3, 397.73, 28.18999999999869
157078, 19936.6000,  1, 483.66, 60.219999999997526
157195, 19963.6300,  1, 72.65, 12.430000000000291
157195, 19963.6300,  1, 91.57, 12.430000000000291
157272, 19971.8800,  3, 403.70, 20.57999999999811
157324, 19977.4500,  3, 501.56, 26.159999999999854
157330, 19978.1000,  3, 512.90, 26.799999999999272
157368, 19982.1700,  3, 513.54, 30.88000000000102
157374, 19982.8100,  3, 478.17, 31.590000000000146
157394, 19984.9500,  3, 512.16, 33.68000000000029
157528, 20013.6300,  1, 86.76, 14.2400000000016
157536, 20014.4900,  1, 195.36, 15.100000000002183
157536, 20014.4900,  1, 148.50, 15.100000000002183
157593, 20020.6000,  1, 88.85, 21.209999999999127
157616, 20023.0600,  3, 437.61, 23.580000000001746
157624, 20023.9200,  3, 446.42, 24.459999999999127
157693, 20031.3100,  3, 573.93, 31.840000000000146
157721, 20034.3100,  3, 531.75, 34.88000000000102
157855, 20063.3100,  1, 132.43, 14.25
157855, 20063.3100,  1, 93.86, 14.25
157918, 20070.0600,  3, 430.76, 20.959999999999127
157943, 20072.7400,  3, 490.79, 23.609999999996944
157978, 20076.4900,  3, 503.19, 27.340000000000146
157987, 20077.4500,  3, 503.73, 28.30999999999767
157996, 20078.4200,  3, 426.17, 29.32999999999811
158030, 20082.0600,  3, 530.85, 32.909999999999854
158238, 20118.9000,  3, 448.35, 22.159999999999854
158260, 20121.2600,  3, 508.69, 24.5099999999984
158269, 20122.2200,  3, 509.79, 25.489999999997963
158290, 20124.4700,  3, 448.13, 27.719999999997526
158295, 20125.0100,  3, 497.98, 28.18999999999869
158314, 20127.0400,  3, 515.90, 30.239999999997963
158334, 20129.1900,  1, 388.50, 32.469999999997526
158334, 20129.1900,  3, 619.88, 32.45999999999913
158530, 20165.5600,  3, 443.37, 20.830000000001746
158571, 20169.9500,  3, 515.53, 25.200000000000728
158572, 20170.0600,  3, 432.34, 25.360000000000582
158588, 20171.7700,  3, 469.02, 27.05000000000291
158606, 20173.7000,  3, 506.53, 28.970000000001164
158609, 20174.0200,  3, 485.31, 29.31000000000131
158649, 20178.3100,  3, 590.40, 33.590000000000146
158813, 20195.8800,  3, 519.44, 51.10000000000218
159005, 20230.8500,  1, 88.98, 20.459999999999127
159005, 20230.8500,  1, 216.63, 20.459999999999127
159028, 20233.3100,  3, 467.88, 22.86999999999898
159038, 20234.3800,  3, 441.80, 23.93000000000029
159044, 20235.0200,  3, 482.10, 24.549999999999272
159047, 20235.3500,  3, 478.22, 24.900000000001455
159065, 20237.2700,  3, 532.37, 26.840000000000146
159114, 20242.5200,  3, 418.57, 32.06999999999971
159242, 20271.6300,  1, 59.48, 13.610000000000582
159242, 20271.6300,  1, 186.55, 13.610000000000582
159337, 20281.8100,  3, 460.30, 23.739999999997963
159345, 20282.6700,  3, 448.64, 24.639999999999418
159365, 20284.8100,  3, 491.78, 26.770000000000437
159370, 20285.3500,  3, 516.17, 27.31000000000131
159379, 20286.3100,  3, 513.19, 28.25
159380, 20286.4200,  3, 418.22, 28.36999999999898
159563, 20321.7200,  1, 205.44, 19.5
159563, 20321.7200,  1, 84.56, 19.5
159589, 20324.5100,  3, 482.05, 22.25
159600, 20325.6900,  3, 457.70, 23.399999999997817
159609, 20326.6500,  3, 523.80, 24.37999999999738
159643, 20330.2900,  3, 505.39, 27.969999999997526
159643, 20330.2900,  3, 422.14, 27.979999999999563
159691, 20335.4400,  3, 568.10, 33.14999999999782
159794, 20362.0600,  1, 110.32, 10.920000000001892
159794, 20362.0600,  1, 98.88, 10.920000000001892
159805, 20363.2400,  1, 112.46, 12.100000000002183
159805, 20363.2400,  1, 154.09, 12.100000000002183
159922, 20375.7700,  3, 425.09, 24.56999999999971
159973, 20381.2400,  3, 473.91, 30.029999999998836
160010, 20385.2000,  3, 561.45, 34.02000000000044
160025, 20386.8100,  3, 501.02, 35.56999999999971
160173, 20417.2600,  1, 168.87, 15.75
160173, 20417.2600,  1, 155.89, 15.75
160228, 20423.1500,  3, 448.18, 21.570000000003347
160263, 20426.9000,  3, 393.83, 25.360000000000582
160277, 20428.4000,  3, 443.39, 26.830000000001746
160311, 20432.0400,  3, 466.22, 30.5
160351, 20436.3300,  3, 516.47, 34.80000000000291
160476, 20449.7200,  3, 598.08, 48.18000000000029
160727, 20491.0400,  3, 460.14, 26.7400000000016
160738, 20492.2200,  3, 502.15, 27.88000000000102
160743, 20492.7600,  3, 520.42, 28.43000000000029
160748, 20493.2900,  3, 477.87, 29.020000000000437
160752, 20493.7200,  3, 537.68, 29.43000000000029
160758, 20494.3600,  3, 431.65, 30.010000000002037
160779, 20496.6100,  3, 407.48, 32.26000000000204
160788, 20497.5800,  3, 525.35, 33.280000000002474
160970, 20531.5800,  3, 436.47, 19.350000000002183
161017, 20536.6100,  3, 403.41, 24.360000000000582
161028, 20537.7900,  3, 459.00, 25.540000000000873
161032, 20538.2200,  3, 486.74, 26.020000000000437
161042, 20539.2900,  3, 398.94, 27.010000000002037
161044, 20539.5100,  3, 507.29, 27.229999999999563
161073, 20542.6100,  3, 559.36, 30.390000000003056
161084, 20543.7900,  3, 545.28, 31.530000000002474
161226, 20574.3600,  1, 135.26, 15.100000000002183
161235, 20575.3300,  1, 175.32, 16.070000000003347
161235, 20575.3300,  1, 162.40, 16.070000000003347
161309, 20583.2600,  3, 501.37, 23.890000000003056
161315, 20583.9000,  3, 419.24, 24.55000000000291
161360, 20588.7200,  3, 496.44, 29.350000000002183
161397, 20592.6900,  3, 539.78, 33.35000000000218
161417, 20594.8300,  3, 524.44, 35.5
161533, 20621.7400,  1, 141.49, 12.330000000001746
161533, 20621.7400,  1, 117.81, 12.330000000001746
161590, 20627.8500,  1, 154.90, 18.43999999999869
161652, 20634.4900,  3, 407.15, 25.0
161654, 20634.7000,  3, 418.26, 25.25
161691, 20638.6700,  3, 412.11, 29.2400000000016
161701, 20639.7400,  3, 555.25, 30.299999999999272
161959, 20667.3800,  3, 658.31, 57.95999999999913
162044, 20691.6300,  1, 38.07, 9.0
162044, 20691.6300,  1, 20.04, 9.0
162160, 20704.0600,  3, 407.53, 21.340000000000146
162181, 20706.3100,  3, 485.11, 23.659999999999854
162193, 20707.6000,  3, 436.00, 24.909999999999854
162233, 20711.8800,  3, 474.30, 29.149999999997817
162242, 20712.8500,  3, 499.17, 30.149999999997817
162275, 20716.3800,  3, 573.91, 33.63999999999942
162415, 20745.7200,  1, 89.40, 14.889999999999418
162415, 20745.7200,  1, 77.50, 14.889999999999418
162452, 20749.6900,  1, 147.84, 18.859999999996944
162549, 20760.0800,  3, 523.43, 29.18999999999869
162560, 20761.2600,  3, 554.42, 30.409999999999854
162569, 20762.2200,  1, 148.16, 31.389999999999418
162614, 20767.0400,  3, 689.13, 36.169999999998254
162619, 20767.5800,  3, 697.86, 36.67999999999665
162760, 20797.2600,  1, 81.02, 15.0
162833, 20805.0800,  1, 287.19, 22.820000000003347
162833, 20805.0800,  1, 269.97, 22.820000000003347
162857, 20807.6500,  3, 418.75, 25.290000000000873
162877, 20809.7900,  3, 467.49, 27.4800000000032
162880, 20810.1100,  3, 505.03, 27.790000000000873
162885, 20810.6500,  1, 43.63, 28.390000000003056
162947, 20817.2900,  3, 557.08, 35.01000000000204
163065, 20844.3600,  1, 126.33, 12.540000000000873
163065, 20844.3600,  1, 93.27, 12.540000000000873
163197, 20858.5100,  3, 473.81, 26.67000000000189
163216, 20860.5400,  3, 553.80, 28.709999999999127
163223, 20861.2900,  3, 459.75, 29.38000000000102
163225, 20861.5100,  3, 571.52, 29.580000000001746
163257, 20864.9400,  3, 549.22, 33.080000000001746
163654, 20907.4700,  1, -147.86, 75.65000000000146
163857, 20944.7700,  3, 467.84, 21.5199999999968
163886, 20947.8800,  3, 472.32, 24.599999999998545
163905, 20949.9200,  3, 484.16, 26.56999999999971
163907, 20950.1300,  3, 520.69, 26.789999999997235
163952, 20954.9500,  3, 528.46, 31.61999999999898
163963, 20956.1300,  3, 587.83, 32.79999999999927
163969, 20956.7700,  3, 526.72, 33.44999999999709
164002, 20960.3100,  3, 496.24, 37.05999999999767
164098, 20985.0200,  1, 77.07, 10.170000000001892
164098, 20985.0200,  1, 101.85, 10.170000000001892
164108, 20986.1000,  1, 100.89, 11.25
164108, 20986.1000,  1, 94.89, 11.25
164183, 20994.1300,  1, 89.37, 19.280000000002474
164218, 20997.8800,  3, 444.91, 23.0
164241, 21000.3500,  3, 470.75, 25.44000000000233
164297, 21006.3500,  3, 459.77, 31.470000000001164
164486, 21041.0400,  3, 453.84, 20.06999999999971
164527, 21045.4400,  3, 423.33, 24.5199999999968
164534, 21046.1900,  3, 482.88, 25.219999999997526
164543, 21047.1500,  3, 562.46, 26.169999999998254
164555, 21048.4400,  3, 503.59, 27.459999999999127
164555, 21048.4400,  3, 472.10, 27.459999999999127
164573, 21050.3600,  3, 511.56, 29.359999999996944
164580, 21051.1100,  3, 549.13, 30.169999999998254
164666, 21074.7200,  1, 11.38, 9.100000000002183
164666, 21074.7200,  1, 79.70, 9.100000000002183
164798, 21088.8600,  3, 459.34, 23.159999999999854
164802, 21089.2900,  3, 476.18, 23.63000000000102
164836, 21092.9400,  3, 538.04, 27.229999999999563
164863, 21095.8300,  3, 480.33, 30.12000000000262
164876, 21097.2200,  3, 406.24, 31.56000000000131
164901, 21099.9000,  3, 491.66, 34.22999999999956
165019, 21127.0800,  1, 102.34, 12.540000000000873
165019, 21127.0800,  1, 130.52, 12.540000000000873
165107, 21136.5100,  3, 486.63, 21.919999999998254
165156, 21141.7600,  3, 449.38, 27.200000000000728
165173, 21143.5800,  3, 582.16, 28.950000000000728
165183, 21144.6500,  3, 443.04, 30.040000000000873
165197, 21146.1500,  3, 486.99, 31.56999999999971
165197, 21146.1500,  3, 477.13, 31.549999999999272
165281, 21170.5200,  1, 40.63, 8.889999999999418
165281, 21170.5200,  1, 74.78, 8.889999999999418
165389, 21182.1000,  3, 414.14, 20.360000000000582
165425, 21185.9500,  3, 460.24, 24.219999999997526
165434, 21186.9200,  3, 460.15, 25.279999999998836
165451, 21188.7400,  3, 580.79, 27.05999999999767
165452, 21188.8500,  3, 434.22, 27.169999999998254
165466, 21190.3500,  3, 481.57, 28.649999999997817
165678, 21227.5200,  3, 456.66, 22.529999999998836
165688, 21228.6000,  3, 461.95, 23.610000000000582
165700, 21229.8800,  3, 451.27, 24.959999999999127
165750, 21235.2400,  3, 447.29, 30.279999999998836
165751, 21235.3500,  3, 505.17, 30.389999999999418
165755, 21235.7700,  3, 550.34, 30.770000000000437
165781, 21238.5600,  3, 582.31, 33.63000000000102
165785, 21238.9900,  3, 556.58, 34.06000000000131
165869, 21262.5800,  1, 44.15, 8.890000000003056
165869, 21262.5800,  1, 46.81, 8.890000000003056
165992, 21275.7600,  3, 448.23, 22.040000000000873
166011, 21277.7900,  3, 445.37, 24.05000000000291
166023, 21279.0800,  3, 437.93, 25.38000000000102
166038, 21280.6900,  3, 475.07, 26.909999999999854
166082, 21285.4000,  3, 505.50, 31.67000000000189
166106, 21287.9700,  3, 517.73, 34.22999999999956
166333, 21326.6700,  3, 518.00, 24.18000000000029
166334, 21326.7700,  3, 451.01, 24.299999999999272
166337, 21327.1000,  3, 460.19, 24.62000000000262
166350, 21328.4900,  3, 492.78, 26.020000000000437
166359, 21329.4500,  3, 459.50, 26.970000000001164
166390, 21332.7700,  3, 517.87, 30.229999999999563
166395, 21333.3100,  3, 519.70, 30.81999999999971
166406, 21334.4900,  3, 581.34, 31.92000000000189
166616, 21371.4000,  3, 434.01, 22.340000000000146
166636, 21373.5400,  3, 467.07, 24.450000000000728
166637, 21373.6500,  3, 425.67, 24.63000000000102
166662, 21376.3300,  3, 507.30, 27.279999999998836
166663, 21376.4400,  3, 564.21, 27.330000000001746
166686, 21378.9000,  3, 591.87, 29.81999999999971
166742, 21384.9000,  3, 554.59, 35.86999999999898
166818, 21393.0400,  3, 393.30, 44.02000000000044
167019, 21429.2700,  3, 462.02, 21.409999999999854
167055, 21433.1300,  3, 442.29, 25.220000000001164
167071, 21434.8500,  3, 461.38, 26.9900000000016
167075, 21435.2700,  3, 469.03, 27.400000000001455
167095, 21437.4200,  3, 457.34, 29.520000000000437
167110, 21439.0200,  3, 403.54, 31.07999999999811
167129, 21441.0600,  3, 487.01, 33.11999999999898
167133, 21441.4900,  3, 498.87, 33.54000000000087
167247, 21468.2200,  1, 85.76, 12.110000000000582
167247, 21468.2200,  1, 76.85, 12.110000000000582
167369, 21481.2900,  3, 483.27, 25.159999999999854
167372, 21481.6100,  3, 527.69, 25.470000000001164
167394, 21483.9700,  3, 437.51, 27.81999999999971
167406, 21485.2600,  3, 535.17, 29.05999999999767
167440, 21488.9000,  3, 570.96, 32.72999999999956
167451, 21490.0800,  3, 479.10, 33.909999999999854
167670, 21528.0200,  3, 467.20, 23.290000000000873
167699, 21531.1300,  3, 410.15, 26.400000000001455
167718, 21533.1700,  3, 577.82, 28.44000000000233
167728, 21534.2400,  3, 565.86, 29.55000000000291
167741, 21535.6300,  3, 505.69, 30.850000000002183
167765, 21538.2000,  3, 662.98, 33.52000000000044
167847, 21546.9900,  3, 505.04, 42.2300000000032
167872, 21549.6700,  3, 455.13, 44.900000000001455
168106, 21589.1500,  3, 487.13, 24.860000000000582
168127, 21591.4000,  3, 538.23, 27.110000000000582
168136, 21592.3600,  3, 520.99, 28.090000000000146
168154, 21594.2900,  3, 416.56, 30.080000000001746
168170, 21596.0100,  3, 538.41, 31.720000000001164
168173, 21596.3300,  3, 515.00, 32.10000000000218
168228, 21602.2200,  3, 759.94, 37.95000000000073
168269, 21606.6100,  3, 484.96, 42.36000000000058
168405, 21635.7600,  1, 174.37, 14.459999999999127
168405, 21635.7600,  1, 117.52, 14.459999999999127
168504, 21646.3600,  3, 473.61, 25.020000000000437
168508, 21646.7900,  3, 476.24, 25.470000000001164
168543, 21650.5400,  3, 449.91, 29.220000000001164
168572, 21653.6500,  3, 531.43, 32.330000000001746
168585, 21655.0400,  3, 533.18, 33.70999999999913
168681, 21665.3300,  3, 508.98, 44.0
168812, 21693.8100,  1, 143.76, 13.930000000000291
168812, 21693.8100,  1, 119.91, 13.930000000000291
168894, 21702.6000,  3, 422.39, 22.669999999998254
168922, 21705.6000,  3, 526.05, 25.709999999999127
168954, 21709.0200,  3, 489.59, 29.12999999999738
168957, 21709.3500,  3, 437.08, 29.459999999999127
168968, 21710.5200,  3, 453.50, 30.57999999999811
168981, 21711.9200,  3, 480.81, 31.989999999997963
169132, 21743.4400,  1, 77.23, 16.07999999999811
169132, 21743.4400,  1, 212.09, 16.07999999999811
169192, 21749.8600,  3, 490.47, 22.479999999999563
169197, 21750.4000,  3, 458.45, 23.029999999998836
169205, 21751.2600,  3, 498.51, 23.81999999999971
169223, 21753.1900,  3, 515.22, 25.799999999999272
169293, 21760.6900,  3, 444.64, 33.23999999999796
169474, 21780.0800,  3, 676.38, 52.669999999998254
169630, 21811.2700,  1, 144.11, 16.600000000002183
169630, 21811.2700,  1, 95.07, 16.600000000002183
169631, 21811.3800,  1, 102.24, 16.710000000002765
169631, 21811.3800,  1, 190.96, 16.710000000002765
169702, 21818.9900,  3, 462.08, 24.31000000000131
169720, 21820.9200,  3, 516.87, 26.220000000001164
169726, 21821.5600,  3, 492.73, 26.830000000001746
169773, 21826.6000,  3, 553.63, 31.830000000001746
170028, 21868.5100,  3, 493.33, 27.11999999999898
170039, 21869.6900,  3, 509.46, 28.36999999999898
170049, 21870.7600,  3, 494.45, 29.450000000000728
170060, 21871.9400,  3, 530.38, 30.61999999999898
170064, 21872.3600,  3, 524.13, 31.049999999999272
170069, 21872.9000,  3, 488.13, 31.4900000000016
170102, 21876.4400,  3, 452.16, 35.11000000000058
170116, 21877.9400,  3, 501.89, 36.54000000000087
170228, 21904.3500,  1, 146.61, 11.889999999999418
170228, 21904.3500,  1, 43.88, 11.889999999999418
170282, 21910.1300,  1, 151.62, 17.67000000000189
170282, 21910.1300,  1, 149.82, 17.67000000000189
170366, 21919.1300,  3, 532.95, 26.639999999999418
170380, 21920.6300,  3, 537.65, 28.159999999999854
170381, 21920.7400,  3, 554.99, 28.209999999999127
170442, 21927.2700,  3, 542.18, 34.79999999999927
170665, 21965.3600,  3, 386.28, 23.770000000000437
170691, 21968.1500,  3, 549.29, 26.56999999999971
170706, 21969.7600,  3, 446.94, 28.099999999998545
170719, 21971.1500,  3, 480.71, 29.510000000002037
170725, 21971.7900,  3, 533.69, 30.17000000000189
170729, 21972.2200,  3, 499.64, 30.56000000000131
170736, 21972.9700,  3, 569.38, 31.349999999998545
170777, 21977.3600,  3, 589.49, 35.70000000000073
170913, 22006.3300,  1, 154.58, 14.470000000001164
170913, 22006.3300,  1, 63.88, 14.470000000001164
170990, 22014.5800,  3, 439.17, 22.700000000000728
171021, 22017.9000,  3, 487.87, 26.0
171058, 22021.8600,  3, 522.50, 29.93999999999869
171107, 22027.1100,  3, 550.97, 35.159999999999854
171161, 22032.9000,  3, 605.16, 40.97999999999956
171164, 22033.2200,  3, 416.26, 41.2599999999984
171287, 22061.0100,  1, 95.63, 13.069999999999709
171287, 22061.0100,  1, 145.06, 13.069999999999709
171406, 22073.7600,  3, 463.76, 25.7400000000016
171426, 22075.9000,  3, 503.36, 27.93000000000029
171432, 22076.5400,  3, 529.74, 28.510000000002037
171438, 22077.1900,  3, 443.04, 29.18000000000029
171451, 22078.5800,  3, 471.31, 30.540000000000873
171464, 22079.9700,  3, 587.89, 31.94000000000233
171666, 22115.9500,  3, 369.47, 21.450000000000728
171707, 22120.3500,  3, 464.68, 25.92000000000189
171710, 22120.6700,  3, 526.91, 26.159999999999854
171727, 22122.4900,  3, 495.27, 28.06999999999971
171732, 22123.0200,  3, 512.91, 28.520000000000437
171743, 22124.2000,  3, 489.52, 29.7599999999984
171769, 22126.9900,  3, 521.56, 32.470000000001164
171782, 22128.3800,  3, 527.84, 33.900000000001455
172007, 22167.1000,  3, 412.12, 23.9800000000032
172012, 22167.6300,  3, 512.63, 24.43000000000029
172024, 22168.9200,  3, 550.79, 25.780000000002474
172043, 22170.9500,  3, 499.36, 27.760000000002037
172066, 22173.4200,  3, 513.71, 30.290000000000873
172069, 22173.7400,  3, 395.51, 30.580000000001746
172083, 22175.2400,  3, 409.34, 32.06999999999971
172100, 22177.0600,  3, 497.95, 33.88000000000102
172181, 22200.1900,  1, 3.20, 8.579999999998108
172181, 22200.1900,  1, 41.02, 8.579999999998108
172327, 22215.8300,  3, 415.72, 24.149999999997817
172328, 22215.9400,  3, 502.16, 24.30999999999767
172362, 22219.5800,  3, 481.09, 27.88000000000102
172389, 22222.4700,  3, 464.06, 30.75
172392, 22222.7900,  3, 446.51, 31.090000000000146
172396, 22223.2200,  3, 507.26, 31.5099999999984
172616, 22261.4200,  3, 441.78, 23.400000000001455
172621, 22261.9500,  3, 510.61, 23.93000000000029
172623, 22262.1700,  3, 441.67, 24.19000000000233
172655, 22265.6000,  3, 427.60, 27.549999999999272
172671, 22267.3100,  3, 509.36, 29.25
172719, 22272.4500,  3, 490.60, 34.400000000001455
172736, 22274.2700,  3, 423.84, 36.2400000000016
172742, 22274.9200,  3, 621.74, 36.909999999999854
172856, 22301.5800,  1, 112.33, 12.110000000000582
172856, 22301.5800,  1, 104.85, 12.110000000000582
172858, 22301.7900,  1, 113.35, 12.319999999999709
172858, 22301.7900,  1, 121.93, 12.319999999999709
172893, 22305.5400,  1, 152.68, 16.06999999999971
172893, 22305.5400,  1, 45.14, 16.06999999999971
173018, 22318.9400,  3, 563.09, 29.44999999999709
173034, 22320.6500,  3, 541.10, 31.12999999999738
173139, 22346.6100,  1, 93.11, 11.139999999999418
173139, 22346.6100,  1, 69.48, 11.139999999999418
173166, 22349.5100,  1, 81.53, 14.039999999997235
173166, 22349.5100,  1, 168.63, 14.039999999997235
173198, 22352.9400,  1, 98.11, 17.469999999997526
173282, 22361.9400,  3, 501.33, 26.43000000000029
173289, 22362.6900,  3, 488.58, 27.110000000000582
173317, 22365.6900,  3, 422.76, 30.19999999999709
173504, 22400.2600,  1, 77.52, 19.929999999996653
173504, 22400.2600,  1, 164.68, 19.929999999996653
173535, 22403.5800,  3, 447.34, 23.159999999999854
173566, 22406.9000,  3, 457.03, 26.469999999997526
173567, 22407.0100,  3, 470.99, 26.61999999999898
173585, 22408.9400,  3, 484.43, 28.599999999998545
173589, 22409.3600,  3, 485.88, 28.989999999997963
173623, 22413.0100,  3, 452.42, 32.599999999998545
173736, 22439.7000,  1, 147.98, 12.0
173736, 22439.7000,  1, 108.39, 12.0
173781, 22444.5200,  1, 202.86, 16.81999999999971
173781, 22444.5200,  1, 61.45, 16.81999999999971
173839, 22450.7400,  3, 422.49, 22.969999999997526
173891, 22456.3100,  3, 448.19, 28.5
173945, 22462.1000,  3, 512.62, 34.38999999999942
173968, 22464.5600,  3, 505.21, 36.779999999998836
174208, 22504.6700,  3, 584.73, 25.520000000000437
174217, 22505.6300,  3, 455.45, 26.469999999997526
174217, 22505.6300,  3, 465.05, 26.520000000000437
174218, 22505.7400,  3, 383.64, 26.649999999997817
174320, 22516.6700,  3, 421.87, 37.55999999999767
174417, 22527.0600,  3, 648.91, 47.93999999999869
174839, 22572.2700,  3, 863.71, 93.16999999999825
174903, 22579.1300,  2, 272.86, 100
175028, 22607.0400,  1, 121.16, 13.180000000000291
175028, 22607.0400,  1, 138.67, 13.180000000000291
175140, 22619.0400,  3, 422.93, 25.139999999999418
175146, 22619.6900,  3, 458.91, 25.739999999997963
175148, 22619.9000,  3, 459.85, 25.979999999999563
175168, 22622.0400,  3, 479.49, 28.159999999999854
175186, 22623.9700,  3, 503.36, 30.06999999999971
175212, 22626.7600,  3, 556.67, 32.81999999999971
175376, 22658.7400,  1, 121.93, 17.470000000001164
175376, 22658.7400,  1, 181.48, 17.470000000001164
175423, 22663.7700,  3, 455.59, 22.489999999997963
175456, 22667.3100,  3, 418.47, 26.0
175459, 22667.6300,  3, 526.31, 26.32999999999811
175462, 22667.9500,  3, 483.65, 26.599999999998545
175473, 22669.1300,  3, 512.44, 27.81000000000131
175598, 22682.5200,  3, 528.68, 41.169999999998254
175720, 22710.0800,  1, 106.33, 12.970000000001164
175774, 22715.8600,  1, 117.80, 18.75
175842, 22723.1500,  3, 458.63, 25.959999999999127
175858, 22724.8600,  3, 520.08, 27.649999999997817
175867, 22725.8300,  3, 478.16, 28.639999999999418
175873, 22726.4700,  3, 502.13, 29.270000000000437
175922, 22731.7200,  3, 565.92, 34.55999999999767
176039, 22744.2600,  3, 378.70, 47.090000000000146
176152, 22771.0200,  1, 94.16, 11.9900000000016
176152, 22771.0200,  1, 110.84, 11.9900000000016
176175, 22773.4900,  1, 152.10, 14.460000000002765
176175, 22773.4900,  1, 116.71, 14.460000000002765
176262, 22782.8100,  3, 502.41, 23.7400000000016
176279, 22784.6300,  3, 492.84, 25.56000000000131
176282, 22784.9500,  3, 540.29, 25.860000000000582
176329, 22789.9900,  3, 460.34, 30.94000000000233
176458, 22818.5200,  1, 106.48, 13.709999999999127
176563, 22829.7700,  3, 468.89, 24.859999999996944
176564, 22829.8800,  3, 494.26, 25.039999999997235
176569, 22830.4200,  3, 498.67, 25.57999999999811
176583, 22831.9200,  3, 511.33, 27.029999999998836
176596, 22833.3100,  3, 587.68, 28.419999999998254
176601, 22833.8500,  3, 539.92, 29.0099999999984
176629, 22836.8500,  3, 415.33, 32.029999999998836
176871, 22877.4400,  3, 464.51, 25.720000000001164
176885, 22878.9400,  3, 449.62, 27.260000000002037
176885, 22878.9400,  3, 550.95, 27.31000000000131
176959, 22886.8600,  3, 495.02, 35.20000000000073
176981, 22889.2200,  3, 473.36, 37.5
176995, 22890.7200,  3, 691.50, 39.06000000000131
177082, 22900.0400,  3, 523.41, 48.38999999999942
177160, 22908.4000,  3, 441.35, 56.720000000001164
177379, 22947.3600,  3, 504.83, 23.330000000001746
177386, 22948.1100,  3, 436.79, 24.070000000003347
177429, 22952.7200,  3, 445.22, 28.650000000001455
177431, 22952.9400,  3, 544.40, 28.900000000001455
177456, 22955.6100,  3, 522.73, 31.570000000003347
177458, 22955.8300,  3, 460.59, 31.7400000000016
177515, 22961.9400,  3, 466.22, 37.830000000001746
177578, 22968.6900,  3, 455.40, 44.63000000000102
177813, 23008.2600,  3, 514.61, 24.970000000001164
177823, 23009.3300,  3, 513.89, 26.05000000000291
177844, 23011.5800,  3, 632.49, 28.340000000000146
177846, 23011.7900,  3, 504.46, 28.540000000000873
177878, 23015.2200,  3, 514.18, 31.950000000000728
177893, 23016.8300,  3, 601.09, 33.62000000000262
177894, 23016.9400,  3, 535.64, 33.69000000000233
177913, 23018.9700,  3, 619.22, 35.7400000000016
178177, 23061.6100,  3, 461.74, 28.159999999999854
178189, 23062.9000,  1, 152.33, 29.470000000001164
178194, 23063.4400,  3, 506.75, 29.970000000001164
178196, 23063.6500,  3, 499.07, 30.209999999999127
178201, 23064.1900,  3, 420.19, 30.720000000001164
178211, 23065.2600,  3, 573.08, 31.720000000001164
178241, 23068.4700,  3, 437.20, 34.97999999999956
178245, 23068.9000,  3, 476.17, 35.36000000000058
178377, 23097.4000,  1, 120.14, 14.030000000002474
178379, 23097.6100,  1, 96.80, 14.2400000000016
178379, 23097.6100,  1, 98.04, 14.2400000000016
178468, 23107.1500,  3, 507.48, 23.69000000000233
178484, 23108.8600,  3, 446.22, 25.450000000000728
178497, 23110.2600,  3, 429.36, 26.87000000000262
178559, 23116.9000,  3, 461.89, 33.51000000000204
178575, 23118.6100,  3, 431.46, 35.20000000000073
178792, 23156.3500,  3, 483.79, 23.110000000000582
178827, 23160.1000,  3, 495.07, 26.799999999999272
178827, 23160.1000,  3, 558.38, 26.790000000000873
178867, 23164.3800,  3, 398.00, 31.06999999999971
178872, 23164.9200,  3, 585.64, 31.61999999999898
178877, 23165.4500,  3, 533.00, 32.14999999999782
178880, 23165.7700,  3, 458.27, 32.54999999999927
178923, 23170.3800,  3, 574.02, 37.169999999998254
179148, 23209.0100,  3, 451.62, 23.970000000001164
179166, 23210.9400,  3, 494.47, 25.92000000000189
179167, 23211.0400,  3, 479.43, 26.010000000002037
179179, 23212.3300,  3, 452.30, 27.280000000002474
179186, 23213.0800,  3, 429.50, 27.970000000001164
179202, 23214.7900,  3, 582.43, 29.770000000000437
179210, 23215.6500,  3, 550.43, 30.610000000000582
179228, 23217.5800,  3, 459.80, 32.530000000002474
179453, 23256.2200,  3, 483.00, 23.93999999999869
179455, 23256.4400,  3, 397.39, 24.100000000002183
179500, 23261.2600,  3, 411.03, 28.93000000000029
179510, 23262.3300,  3, 427.66, 30.06000000000131
179565, 23268.2200,  3, 518.96, 35.93999999999869
179627, 23274.8600,  3, 550.01, 42.56999999999971
179638, 23276.0400,  3, 671.03, 43.779999999998836
179728, 23285.6900,  3, 526.04, 53.42000000000189
179950, 23323.9000,  3, 459.86, 23.649999999997817
179960, 23324.9700,  3, 459.64, 24.659999999999854
179978, 23326.9000,  3, 427.45, 26.56999999999971
179984, 23327.5400,  3, 480.32, 27.289999999997235
180038, 23333.3300,  3, 616.84, 33.099999999998545
180048, 23334.4000,  3, 446.67, 34.11000000000058
180091, 23339.0100,  3, 537.24, 38.779999999998836
180634, 23397.1900,  3, 335.94, 96.93000000000029
180797, 23429.2000,  1, 70.72, 17.360000000000582
180797, 23429.2000,  1, 57.66, 17.360000000000582
180834, 23433.1700,  3, 494.81, 21.31000000000131
180853, 23435.2000,  3, 420.50, 23.31999999999971
180868, 23436.8100,  3, 515.95, 24.88000000000102
180898, 23440.0200,  3, 495.40, 28.159999999999854
180899, 23440.1300,  3, 389.64, 28.2400000000016
180914, 23441.7400,  3, 573.15, 29.849999999998545
181125, 23478.7900,  3, 465.02, 22.450000000000728
181129, 23479.2200,  3, 517.65, 22.88000000000102
181145, 23480.9400,  3, 480.00, 24.580000000001746
181152, 23481.6900,  3, 486.19, 25.36999999999898
181165, 23483.0800,  3, 460.40, 26.729999999999563
181177, 23484.3600,  3, 506.44, 27.970000000001164
181376, 23505.6900,  3, 463.40, 49.29999999999927
181849, 23556.3600,  2, 48.94, 100
181958, 23583.3500,  1, 117.83, 11.469999999997526
181958, 23583.3500,  1, 50.34, 11.469999999997526
182076, 23595.9900,  3, 437.87, 24.039999999997235
182080, 23596.4200,  3, 430.98, 24.43999999999869
182083, 23596.7400,  3, 502.62, 24.779999999998836
182085, 23596.9500,  3, 461.77, 25.020000000000437
182100, 23598.5600,  3, 445.62, 26.649999999997817
182110, 23599.6300,  3, 443.65, 27.649999999997817
182357, 23641.5800,  3, 475.21, 26.260000000002037
182364, 23642.3300,  3, 465.99, 27.090000000000146
182366, 23642.5400,  3, 507.22, 27.290000000000873
182387, 23644.7900,  3, 488.19, 29.5
182390, 23645.1100,  3, 449.51, 29.790000000000873
182401, 23646.2900,  3, 487.74, 31.040000000000873
182452, 23651.7600,  3, 535.96, 36.43999999999869
182472, 23653.9000,  3, 594.41, 38.650000000001455
182673, 23689.9400,  3, 452.40, 21.38000000000102
182685, 23691.2200,  3, 468.34, 22.709999999999127
182687, 23691.4400,  3, 391.15, 22.849999999998545
182710, 23693.9000,  3, 471.21, 25.349999999998545
182728, 23695.8300,  3, 485.39, 27.299999999999272
182734, 23696.4700,  3, 467.62, 27.86999999999898
182763, 23699.5800,  3, 466.56, 31.0099999999984
182773, 23700.6500,  3, 471.33, 32.099999999998545
182977, 23737.0600,  3, 440.34, 21.68999999999869
182986, 23738.0200,  3, 410.73, 22.62999999999738
182999, 23739.4200,  3, 476.44, 24.05999999999767
183000, 23739.5200,  3, 473.22, 24.19999999999709
183011, 23740.7000,  3, 504.93, 25.349999999998545
183035, 23743.2700,  3, 525.78, 27.93000000000029
183039, 23743.7000,  3, 514.68, 28.37999999999738
183077, 23747.7700,  3, 456.23, 32.37999999999738
183308, 23786.9000,  3, 470.58, 24.549999999999272
183319, 23788.0800,  3, 400.52, 25.7400000000016
183351, 23791.5100,  3, 496.75, 29.220000000001164
183381, 23794.7200,  3, 449.92, 32.419999999998254
183385, 23795.1500,  3, 454.14, 32.79000000000087
183394, 23796.1100,  3, 501.95, 33.81000000000131
183404, 23797.1900,  3, 491.90, 34.919999999998254
183449, 23802.0100,  3, 607.49, 39.70000000000073
183676, 23840.9400,  3, 455.13, 24.200000000000728
183681, 23841.4700,  3, 454.83, 24.63000000000102
183694, 23842.8600,  3, 484.26, 26.06999999999971
183699, 23843.4000,  3, 437.36, 26.56000000000131
183699, 23843.4000,  3, 501.71, 26.61999999999898
183701, 23843.6100,  3, 422.48, 26.840000000000146
183766, 23850.5800,  3, 602.15, 33.840000000000146
183775, 23851.5400,  3, 526.84, 34.720000000001164
184028, 23893.1000,  3, 471.80, 26.960000000002765
184032, 23893.5200,  3, 472.83, 27.400000000001455
184048, 23895.2400,  3, 557.40, 29.110000000000582
184057, 23896.2000,  3, 521.70, 30.06000000000131
184065, 23897.0600,  3, 599.55, 30.87000000000262
184082, 23898.8800,  3, 522.75, 32.710000000002765
184101, 23900.9200,  3, 474.99, 34.80000000000291
184183, 23909.7000,  3, 412.74, 43.590000000000146
184287, 23935.3100,  1, -20.80, 11.040000000000873
184287, 23935.3100,  1, 41.67, 11.040000000000873
184422, 23949.7700,  3, 539.34, 25.399999999997817
184431, 23950.7400,  3, 464.98, 26.38000000000102
184448, 23952.5600,  3, 495.97, 28.18999999999869
184463, 23954.1700,  3, 488.37, 29.799999999999272
184471, 23955.0200,  3, 553.77, 30.739999999997963
184506, 23958.7700,  3, 388.69, 34.43999999999869
184659, 23989.5100,  1, 113.83, 16.279999999998836
184659, 23989.5100,  1, 159.10, 16.279999999998836
184721, 23996.1500,  1, 138.52, 22.92000000000189
184747, 23998.9400,  3, 474.20, 25.639999999999418
184761, 24000.4400,  3, 523.45, 27.150000000001455
184766, 24000.9700,  3, 497.65, 27.650000000001455
184792, 24003.7600,  3, 554.88, 30.479999999999563
184792, 24003.7600,  3, 427.39, 30.43999999999869
184876, 24027.0800,  1, 35.28, 8.900000000001455
184876, 24027.0800,  1, 4.17, 8.900000000001455
184991, 24039.4000,  1, 149.34, 21.220000000001164
185032, 24043.7900,  3, 402.37, 25.5099999999984
185033, 24043.9000,  3, 478.87, 25.610000000000582
185049, 24045.6100,  3, 478.69, 27.36999999999898
185118, 24053.0100,  3, 591.11, 34.81999999999971
185139, 24055.2600,  3, 525.04, 36.97999999999956
185369, 24094.5600,  3, 422.55, 24.4900000000016
185398, 24097.6700,  3, 490.37, 27.590000000000146
185412, 24099.1700,  3, 507.00, 29.05000000000291
185415, 24099.4900,  3, 384.45, 29.450000000000728
185443, 24102.4900,  3, 515.64, 32.38999999999942
185458, 24104.1000,  3, 616.07, 33.97999999999956
185469, 24105.2700,  3, 558.53, 35.220000000001164
186074, 24170.1000,  2, 244.43, 100
186206, 24198.7200,  1, 115.64, 13.920000000001892
186206, 24198.7200,  1, 157.59, 13.920000000001892
186272, 24205.7900,  3, 427.30, 20.94000000000233
186277, 24206.3300,  3, 447.95, 21.470000000001164
186374, 24216.7200,  3, 524.02, 31.909999999999854
186376, 24216.9400,  3, 487.88, 32.06999999999971
186401, 24219.6100,  3, 540.00, 34.79000000000087
187010, 24284.8600,  2, 932.04, 100
187209, 24320.4700,  3, 433.44, 21.06999999999971
187225, 24322.1900,  3, 407.86, 22.790000000000873
187234, 24323.1500,  3, 380.54, 23.710000000002765
187252, 24325.0800,  3, 461.10, 25.610000000000582
187272, 24327.2200,  3, 516.09, 27.75
187274, 24327.4400,  3, 479.98, 28.0
187280, 24328.0800,  3, 491.14, 28.650000000001455
187331, 24333.5400,  3, 454.67, 34.10000000000218
187543, 24370.6300,  3, 407.30, 22.540000000000873
187562, 24372.6700,  3, 496.98, 24.599999999998545
187572, 24373.7400,  3, 552.06, 25.709999999999127
187613, 24378.1300,  3, 475.21, 30.040000000000873
187618, 24378.6700,  3, 508.59, 30.590000000000146
187619, 24378.7700,  3, 495.19, 30.709999999999127
187626, 24379.5200,  3, 550.02, 31.479999999999563
187628, 24379.7400,  3, 482.25, 31.639999999999418
187759, 24409.0200,  1, 125.69, 13.920000000001892
187759, 24409.0200,  1, 135.29, 13.920000000001892
187826, 24416.2000,  3, 405.57, 21.080000000001746
187861, 24419.9500,  3, 477.48, 24.760000000002037
187865, 24420.3800,  3, 436.80, 25.260000000002037
187881, 24422.1000,  3, 546.04, 26.900000000001455
187891, 24423.1700,  3, 522.79, 28.06000000000131
187995, 24434.3100,  3, 503.19, 39.18000000000029
188103, 24460.2900,  1, 105.69, 11.470000000001164
188103, 24460.2900,  1, 126.06, 11.470000000001164
188143, 24464.5800,  1, 107.05, 15.760000000002037
188221, 24472.9400,  3, 405.70, 24.020000000000437
188233, 24474.2200,  3, 510.05, 25.31999999999971
188269, 24478.0800,  3, 480.93, 29.2400000000016
188271, 24478.2900,  3, 552.13, 29.409999999999854
188303, 24481.7200,  3, 635.18, 32.79999999999927
188420, 24508.6900,  1, 65.09, 12.430000000000291
188420, 24508.6900,  1, 82.94, 12.430000000000291
188550, 24522.6100,  3, 436.24, 26.25
188556, 24523.2600,  3, 523.27, 26.9800000000032
188556, 24523.2600,  3, 548.29, 26.900000000001455
188598, 24527.7600,  3, 453.30, 31.390000000003056
188640, 24532.2600,  3, 524.50, 35.92000000000189
188719, 24540.7200,  3, 524.45, 44.38000000000102
188796, 24563.3100,  1, 47.35, 8.150000000001455
188796, 24563.3100,  1, 50.23, 8.150000000001455
188845, 24568.5600,  1, 52.25, 13.400000000001455
188845, 24568.5600,  1, 118.74, 13.400000000001455
188875, 24571.7700,  1, 192.49, 16.610000000000582
188917, 24576.2700,  3, 407.78, 21.049999999999272
188995, 24584.6300,  3, 570.00, 29.409999999999854
189017, 24586.9900,  3, 490.34, 31.799999999999272
189133, 24614.1900,  1, 112.50, 12.329999999998108
189192, 24620.5100,  1, 239.27, 18.649999999997817
189192, 24620.5100,  1, 205.28, 18.649999999997817
189232, 24624.7900,  3, 422.43, 22.88000000000102
189238, 24625.4400,  3, 437.32, 23.549999999999272
189259, 24627.6900,  3, 435.00, 25.7599999999984
189271, 24628.9700,  3, 481.17, 27.040000000000873
189320, 24634.2200,  3, 478.15, 32.30999999999767
189521, 24670.3300,  3, 412.98, 21.36999999999898
189545, 24672.9000,  3, 426.62, 23.93999999999869
189549, 24673.3300,  3, 375.15, 24.419999999998254
189556, 24674.0800,  3, 426.53, 25.149999999997817
189588, 24677.5100,  3, 478.20, 28.539999999997235
189591, 24677.8300,  3, 495.48, 28.889999999999418
189623, 24681.2600,  3, 539.26, 32.32999999999811
190037, 24725.6100,  3, 771.13, 76.62999999999738
190091, 24745.9900,  1, -8.21, 5.680000000000291
190091, 24745.9900,  1, 12.44, 5.680000000000291
190152, 24752.5200,  1, 84.42, 12.209999999999127
190152, 24752.5200,  1, 104.80, 12.209999999999127
190265, 24764.6300,  3, 399.17, 24.2599999999984
190278, 24766.0200,  3, 475.61, 25.609999999996944
190300, 24768.3800,  3, 468.14, 27.969999999997526
190306, 24769.0200,  3, 579.22, 28.639999999999418
190391, 24792.9000,  1, 19.83, 9.0
190391, 24792.9000,  1, 53.83, 9.0
190510, 24805.6500,  3, 463.61, 21.68000000000029
190546, 24809.5100,  3, 376.51, 25.55999999999767
190548, 24809.7200,  3, 446.06, 25.799999999999272
190555, 24810.4700,  3, 495.19, 26.469999999997526
190564, 24811.4400,  3, 467.23, 27.5199999999968
190594, 24814.6500,  3, 481.89, 30.709999999999127
190723, 24843.1700,  1, 111.89, 13.719999999997526
190723, 24843.1700,  1, 69.55, 13.719999999997526
190802, 24851.6300,  3, 407.93, 22.149999999997817
190832, 24854.8500,  3, 469.50, 25.30999999999767
190835, 24855.1700,  3, 552.30, 25.639999999999418
190847, 24856.4500,  3, 493.24, 26.93000000000029
190857, 24857.5200,  3, 572.11, 27.989999999997963
190957, 24868.2400,  3, 594.99, 38.68000000000029
191085, 24896.6700,  1, 162.67, 13.609999999996944
191085, 24896.6700,  1, 132.32, 13.609999999996944
191188, 24907.7000,  3, 503.44, 24.590000000000146
191207, 24909.7400,  3, 492.92, 26.590000000000146
191218, 24910.9200,  3, 472.16, 27.82999999999811
191231, 24912.3100,  3, 558.05, 29.18000000000029
191240, 24913.2700,  3, 507.51, 30.11999999999898
191306, 24920.3500,  3, 590.73, 37.22999999999956
191432, 24948.2600,  1, 151.73, 13.389999999999418
191432, 24948.2600,  1, 74.73, 13.389999999999418
191555, 24961.4400,  3, 472.62, 26.479999999999563
191584, 24964.5400,  3, 519.37, 29.650000000001455
191601, 24966.3600,  3, 572.35, 31.409999999999854
191604, 24966.6900,  3, 543.68, 31.799999999999272
191614, 24967.7600,  3, 586.40, 32.85000000000218
191670, 24973.7600,  3, 434.87, 38.81999999999971
191850, 25007.6100,  1, 208.11, 19.17000000000189
191850, 25007.6100,  1, 227.43, 19.17000000000189
191903, 25013.2900,  3, 438.21, 24.830000000001746
191906, 25013.6100,  3, 422.32, 25.110000000000582
191925, 25015.6500,  3, 506.96, 27.200000000000728
191946, 25017.9000,  3, 467.75, 29.350000000002183
191969, 25020.3600,  3, 509.03, 31.840000000000146
191981, 25021.6500,  3, 414.05, 33.12000000000262
192113, 25050.4500,  1, 157.91, 14.030000000002474
192113, 25050.4500,  1, 143.31, 14.030000000002474
192246, 25064.7000,  3, 436.84, 28.260000000002037
192248, 25064.9200,  3, 485.82, 28.400000000001455
192258, 25065.9900,  3, 417.84, 29.56000000000131
192273, 25067.6000,  3, 551.57, 31.17000000000189
192274, 25067.7000,  3, 621.03, 31.18000000000029
192298, 25070.2700,  3, 518.17, 33.80000000000291
192411, 25096.8600,  1, 107.90, 12.0
192411, 25096.8600,  1, 95.95, 12.0
192423, 25098.1500,  1, 96.25, 13.290000000000873
192423, 25098.1500,  1, 130.63, 13.290000000000873
192546, 25111.3300,  3, 435.39, 26.409999999999854
192550, 25111.7600,  3, 514.24, 26.88000000000102
192582, 25115.1900,  3, 539.72, 30.220000000001164
192661, 25123.6500,  3, 565.18, 38.70000000000073
192874, 25161.0800,  3, 457.52, 22.650000000001455
192877, 25161.4000,  3, 423.02, 23.020000000000437
192889, 25162.6900,  3, 449.62, 24.25
192904, 25164.2900,  3, 502.49, 25.830000000001746
192905, 25164.4000,  3, 426.08, 25.94000000000233
192909, 25164.8300,  3, 497.09, 26.44000000000233
192960, 25170.2900,  3, 473.08, 31.909999999999854
192983, 25172.7600,  3, 487.79, 34.35000000000218
193191, 25209.4500,  3, 416.72, 22.11999999999898
193219, 25212.4500,  3, 468.82, 25.099999999998545
193244, 25215.1300,  3, 411.23, 27.799999999999272
193250, 25215.7700,  3, 467.62, 28.409999999999854
193261, 25216.9500,  3, 608.25, 29.599999999998545
193264, 25217.2700,  3, 535.25, 29.93000000000029
193280, 25218.9900,  3, 561.82, 31.649999999997817
193486, 25241.0600,  3, 592.18, 53.77000000000044
193628, 25270.7400,  1, 136.26, 15.100000000002183
193628, 25270.7400,  1, 71.94, 15.100000000002183
193649, 25272.9900,  1, 177.87, 17.350000000002183
193649, 25272.9900,  1, 139.32, 17.350000000002183
193696, 25278.0200,  3, 394.55, 22.290000000000873
193763, 25285.2000,  3, 479.99, 29.529999999998836
193768, 25285.7400,  3, 492.13, 30.06999999999971
193774, 25286.3800,  3, 509.88, 30.63000000000102
193904, 25314.9200,  1, 47.54, 13.819999999999709
193904, 25314.9200,  1, 128.54, 13.819999999999709
193919, 25316.5200,  1, 171.12, 15.420000000001892
194004, 25325.6300,  3, 486.17, 24.4800000000032
194030, 25328.4200,  3, 464.08, 27.260000000002037
194039, 25329.3800,  3, 521.46, 28.18000000000029
194055, 25331.1000,  3, 413.61, 29.970000000001164
194057, 25331.3100,  3, 506.73, 30.17000000000189
194165, 25357.3300,  1, 109.98, 11.470000000001164
194165, 25357.3300,  1, 73.51, 11.470000000001164
194302, 25372.0100,  3, 457.33, 26.06999999999971
194311, 25372.9700,  3, 483.71, 27.0099999999984
194321, 25374.0400,  3, 475.00, 28.099999999998545
194327, 25374.6900,  3, 429.00, 28.729999999999563
194373, 25379.6100,  3, 478.48, 33.72999999999956
194388, 25381.2200,  3, 569.42, 35.32999999999811
194464, 25403.9400,  1, 43.81, 8.039999999997235
194464, 25403.9400,  1, 38.41, 8.039999999997235
194515, 25409.4000,  1, 106.11, 13.5
194515, 25409.4000,  1, 145.17, 13.5
194637, 25422.4700,  3, 467.03, 26.529999999998836
194637, 25422.4700,  3, 521.24, 26.539999999997235
194649, 25423.7600,  3, 557.17, 27.7599999999984
194858, 25446.1500,  3, 681.02, 50.18999999999869
195097, 25486.3600,  3, 509.83, 25.43000000000029
195107, 25487.4400,  3, 464.15, 26.5099999999984
195128, 25489.6900,  3, 473.44, 28.799999999999272
195133, 25490.2200,  3, 474.86, 29.349999999998545
195135, 25490.4400,  3, 604.97, 29.540000000000873
195138, 25490.7600,  3, 549.17, 29.88000000000102
195154, 25492.4700,  3, 517.32, 31.540000000000873
195163, 25493.4400,  3, 506.78, 32.48999999999796
195402, 25533.6100,  3, 454.43, 25.479999999999563
195408, 25534.2600,  3, 478.65, 26.11999999999898
195425, 25536.0800,  3, 503.64, 27.909999999999854
195426, 25536.1900,  3, 397.90, 27.989999999997963
195427, 25536.2900,  3, 441.63, 28.13000000000102
195435, 25537.1500,  3, 489.55, 29.0
195461, 25539.9400,  3, 541.29, 31.790000000000873
195501, 25544.2200,  3, 556.44, 36.07999999999811
195712, 25581.5200,  3, 400.14, 22.470000000001164
195728, 25583.2400,  3, 512.73, 24.149999999997817
195735, 25583.9900,  3, 472.86, 24.86999999999898
195759, 25586.5600,  3, 506.39, 27.520000000000437
195766, 25587.3100,  3, 468.91, 28.18999999999869
195769, 25587.6300,  3, 537.35, 28.56999999999971
195801, 25591.0600,  3, 484.99, 31.93000000000029
195853, 25596.6300,  3, 518.07, 37.56999999999971
196066, 25634.0100,  3, 458.54, 22.639999999999418
196076, 25635.0800,  3, 418.64, 23.720000000001164
196085, 25636.0400,  3, 548.33, 24.639999999999418
196103, 25637.9700,  3, 506.26, 26.590000000000146
196119, 25639.6900,  3, 513.44, 28.38000000000102
196123, 25640.1100,  3, 492.60, 28.720000000001164
196164, 25644.5100,  3, 533.23, 33.11000000000058
196164, 25644.5100,  3, 538.94, 33.19000000000233
196302, 25673.6500,  1, 123.73, 14.680000000000291
196302, 25673.6500,  1, 107.14, 14.680000000000291
196369, 25680.8300,  3, 410.45, 21.82999999999811
196382, 25682.2200,  3, 410.13, 23.209999999999127
196403, 25684.4700,  3, 560.56, 25.44999999999709
196412, 25685.4400,  3, 486.44, 26.43999999999869
196433, 25687.6900,  3, 474.49, 28.62999999999738
196437, 25688.1100,  3, 558.08, 29.090000000000146
196647, 25725.0800,  3, 462.24, 22.290000000000873
196680, 25728.6100,  3, 484.29, 25.840000000000146
196724, 25733.3300,  3, 500.76, 30.63000000000102
196738, 25734.8300,  3, 551.50, 32.11999999999898
196756, 25736.7600,  3, 498.97, 34.0099999999984
196761, 25737.2900,  3, 636.17, 34.599999999998545
196770, 25738.2600,  3, 462.53, 35.48999999999796
196771, 25738.3600,  3, 465.69, 35.669999999998254
196930, 25769.9900,  1, 132.37, 16.93000000000029
196930, 25769.9900,  1, 197.61, 16.93000000000029
197008, 25778.3500,  3, 536.38, 25.239999999997963
197010, 25778.5600,  3, 420.88, 25.409999999999854
197022, 25779.8500,  3, 472.27, 26.709999999999127
197028, 25780.4900,  3, 485.67, 27.419999999998254
197041, 25781.8800,  3, 391.66, 28.729999999999563
197239, 25803.1000,  3, 417.19, 49.97999999999956
197374, 25832.0400,  1, 139.19, 14.350000000002183
197374, 25832.0400,  1, 104.10, 14.350000000002183
197464, 25841.6900,  3, 432.07, 23.900000000001455
197466, 25841.9000,  3, 471.91, 24.100000000002183
197475, 25842.8600,  3, 483.81, 25.13000000000102
197510, 25846.6100,  3, 546.94, 28.900000000001455
197537, 25849.5100,  3, 605.47, 31.770000000000437
197564, 25852.4000,  3, 516.88, 34.67000000000189
197662, 25878.3100,  1, 16.35, 10.390000000003056
197662, 25878.3100,  1, 111.25, 10.390000000003056
197779, 25890.8500,  3, 421.27, 22.840000000000146
197829, 25896.2000,  3, 477.63, 28.2400000000016
197876, 25901.2400,  3, 565.20, 33.2300000000032
197884, 25902.1000,  3, 576.47, 34.080000000001746
197889, 25902.6300,  3, 551.67, 34.61000000000058
197954, 25909.6000,  3, 427.59, 41.67000000000189
198060, 25935.1100,  1, 67.19, 11.25
198060, 25935.1100,  1, 49.49, 11.25
198185, 25948.5100,  3, 453.18, 24.540000000000873
198192, 25949.2600,  3, 510.93, 25.340000000000146
198210, 25951.1900,  3, 444.67, 27.229999999999563
198227, 25953.0100,  3, 484.15, 29.099999999998545
198250, 25955.4700,  3, 503.99, 31.56999999999971
198292, 25959.9700,  3, 600.41, 36.04999999999927
198517, 25998.4400,  3, 452.07, 23.960000000002765
198523, 25999.0800,  3, 421.90, 24.590000000000146
198551, 26002.0800,  3, 455.60, 27.55000000000291
198562, 26003.2600,  3, 442.38, 28.81000000000131
198562, 26003.2600,  3, 459.58, 28.710000000002765
198564, 26003.4700,  3, 548.38, 28.960000000002765
198567, 26003.7900,  3, 435.57, 29.30000000000291
198639, 26011.5100,  3, 457.61, 37.030000000002474
198722, 26034.5600,  1, 27.10, 8.780000000002474
198722, 26034.5600,  1, 46.91, 8.780000000002474
198726, 26034.9900,  1, 26.68, 9.210000000002765
198726, 26034.9900,  1, 65.02, 9.210000000002765
198844, 26047.6300,  3, 408.72, 21.75
198871, 26050.5200,  3, 468.47, 24.700000000000728
198910, 26054.7000,  3, 461.30, 28.860000000000582
198936, 26057.4900,  3, 630.38, 31.68000000000029
199041, 26083.2200,  1, 90.09, 11.150000000001455
199041, 26083.2200,  1, 114.59, 11.150000000001455
199060, 26085.2600,  1, 139.82, 13.18999999999869
199060, 26085.2600,  1, 147.66, 13.18999999999869
199155, 26095.4400,  3, 479.78, 23.299999999999272
199158, 26095.7600,  3, 491.07, 23.650000000001455
199190, 26099.1900,  3, 471.92, 27.049999999999272
199228, 26103.2600,  3, 396.31, 31.159999999999854
199341, 26129.9000,  1, 102.61, 12.0
199476, 26144.3600,  3, 473.05, 26.43000000000029
199481, 26144.9000,  3, 544.46, 26.909999999999854
199498, 26146.7200,  3, 596.89, 28.7599999999984
199499, 26146.8300,  3, 533.48, 28.909999999999854
199501, 26147.0400,  3, 507.78, 29.06999999999971
199517, 26148.7600,  3, 513.30, 30.82999999999811
199553, 26152.6100,  3, 549.74, 34.669999999998254
199769, 26191.1000,  3, 394.33, 22.93999999999869
199779, 26192.1700,  3, 431.28, 24.0099999999984
199784, 26192.7000,  3, 496.03, 24.61999999999898
199788, 26193.1300,  3, 458.18, 24.969999999997526
199809, 26195.3800,  3, 502.49, 27.229999999999563
199813, 26195.8100,  3, 404.89, 27.649999999997817
199927, 26208.0200,  3, 592.70, 39.93000000000029
199978, 26213.4900,  3, 760.53, 45.32999999999811
200085, 26239.4400,  1, 163.72, 11.369999999998981
200085, 26239.4400,  1, 107.34, 11.369999999998981
200122, 26243.4000,  1, 166.71, 15.330000000001746
200122, 26243.4000,  1, 125.07, 15.330000000001746
200191, 26250.7900,  3, 484.24, 22.68000000000029
200194, 26251.1100,  3, 456.03, 22.959999999999127
200243, 26256.3600,  3, 527.87, 28.229999999999563
200276, 26259.9000,  3, 441.07, 31.81999999999971
200358, 26283.0800,  1, 51.05, 8.680000000000291
200358, 26283.0800,  1, 68.82, 8.680000000000291
200487, 26296.9000,  3, 460.91, 22.44999999999709
200503, 26298.6100,  3, 445.37, 24.18000000000029
200517, 26300.1100,  3, 446.94, 25.649999999997817
200535, 26302.0400,  3, 443.33, 27.539999999997235
200536, 26302.1500,  3, 583.44, 27.669999999998254
200541, 26302.6900,  3, 447.31, 28.229999999999563
200647, 26328.1700,  1, 135.66, 11.2599999999984
200647, 26328.1700,  1, 89.53, 11.2599999999984
200766, 26340.9200,  3, 454.01, 23.979999999999563
200784, 26342.8500,  3, 522.07, 25.88000000000102
200791, 26343.6000,  3, 485.90, 26.650000000001455
200823, 26347.0200,  3, 533.63, 30.040000000000873
200824, 26347.1300,  3, 415.57, 30.13000000000102
200847, 26349.6000,  3, 565.05, 32.650000000001455
200922, 26372.1300,  1, 57.11, 7.930000000000291
200922, 26372.1300,  1, 10.72, 7.930000000000291
200967, 26376.9500,  1, 69.54, 12.75
201054, 26386.2700,  3, 448.89, 21.979999999999563
201064, 26387.3500,  3, 460.99, 23.06999999999971
201079, 26388.9500,  3, 564.57, 24.700000000000728
201096, 26390.7700,  3, 484.29, 26.489999999997963
201136, 26395.0600,  3, 498.83, 30.81999999999971
201325, 26429.9700,  3, 479.60, 20.099999999998545
201361, 26433.8300,  3, 417.24, 23.889999999999418
201362, 26433.9400,  3, 486.64, 24.06999999999971
201364, 26434.1500,  3, 484.11, 24.30999999999767
201392, 26437.1500,  3, 625.53, 27.299999999999272
201397, 26437.6900,  3, 442.84, 27.7599999999984
201417, 26439.8300,  3, 556.52, 29.969999999997526
201453, 26443.6900,  3, 446.93, 33.789999999997235
201659, 26480.1900,  3, 400.24, 21.92000000000189
201674, 26481.7900,  3, 481.91, 23.5
201677, 26482.1100,  3, 444.50, 23.799999999999272
201685, 26482.9700,  3, 459.29, 24.659999999999854
201694, 26483.9400,  3, 414.93, 25.700000000000728
201699, 26484.4700,  3, 464.12, 26.139999999999418
201714, 26486.0800,  3, 435.03, 27.75
201748, 26489.7200,  3, 407.36, 31.389999999999418
201832, 26513.0600,  1, 30.16, 8.890000000003056
201832, 26513.0600,  1, 54.68, 8.890000000003056
201876, 26517.7700,  1, 95.64, 13.600000000002183
201986, 26529.5600,  3, 518.88, 25.31000000000131
201994, 26530.4200,  3, 549.40, 26.220000000001164
202026, 26533.8500,  3, 474.03, 29.660000000003492
202057, 26537.1700,  3, 505.19, 32.960000000002765
202071, 26538.6700,  3, 582.60, 34.470000000001164
202272, 26574.8800,  3, 482.53, 21.409999999999854
202310, 26578.9500,  3, 479.39, 25.459999999999127
202310, 26578.9500,  3, 557.86, 25.479999999999563
202332, 26581.3100,  3, 460.41, 27.760000000002037
202354, 26583.6700,  3, 477.34, 30.200000000000728
202363, 26584.6300,  3, 536.44, 31.12000000000262
202375, 26585.9200,  3, 483.86, 32.45000000000073
202382, 26586.6700,  3, 434.02, 33.10000000000218
202572, 26621.4200,  3, 405.50, 20.18000000000029
202601, 26624.5200,  3, 456.00, 23.30000000000291
202614, 26625.9200,  3, 443.93, 24.69000000000233
202625, 26627.1000,  3, 464.06, 25.88000000000102
202628, 26627.4200,  3, 465.78, 26.210000000002765
202646, 26629.3500,  3, 386.09, 28.100000000002183
202673, 26632.2400,  3, 673.26, 30.9800000000032
202674, 26632.3500,  3, 539.10, 31.100000000002183
202805, 26660.7900,  1, 144.65, 13.930000000000291
202805, 26660.7900,  1, 104.84, 13.930000000000291
202882, 26669.0400,  3, 437.10, 22.11999999999898
202898, 26670.7600,  3, 385.43, 23.799999999999272
202908, 26671.8300,  3, 472.88, 24.950000000000728
202909, 26671.9400,  3, 501.86, 25.040000000000873
202957, 26677.0800,  3, 604.62, 30.169999999998254
202963, 26677.7200,  3, 456.31, 30.7599999999984
203172, 26714.5600,  3, 407.30, 22.18999999999869
203181, 26715.5200,  3, 448.91, 23.18000000000029
203201, 26717.6700,  3, 471.53, 25.290000000000873
203227, 26720.4500,  3, 586.34, 28.11999999999898
203263, 26724.3100,  3, 467.05, 32.02000000000044
203273, 26725.3800,  3, 600.34, 33.07999999999811
203288, 26726.9900,  3, 529.35, 34.659999999999854
203314, 26729.7700,  3, 522.12, 37.419999999998254
203519, 26766.0800,  3, 457.95, 21.81999999999971
203531, 26767.3600,  3, 513.07, 23.080000000001746
203536, 26767.9000,  3, 458.48, 23.639999999999418
203559, 26770.3600,  3, 479.39, 26.080000000001746
203602, 26774.9700,  3, 432.18, 30.639999999999418
203613, 26776.1500,  3, 392.66, 31.830000000001746
203615, 26776.3600,  3, 538.29, 32.11999999999898
203624, 26777.3300,  3, 659.58, 33.029999999998836
203748, 26805.8500,  1, 95.69, 13.18999999999869
203748, 26805.8500,  1, 164.36, 13.18999999999869
203765, 26807.6700,  1, 55.03, 15.0099999999984
203845, 26816.2400,  3, 440.01, 23.56000000000131
203845, 26816.2400,  3, 527.56, 23.56000000000131
203847, 26816.4500,  3, 422.96, 23.68999999999869
203857, 26817.5200,  3, 389.14, 24.840000000000146
203880, 26819.9900,  3, 466.14, 27.279999999998836
204075, 26855.5800,  3, 461.02, 20.709999999999127
204101, 26858.3600,  3, 498.24, 23.469999999997526
204118, 26860.1900,  3, 442.43, 25.299999999999272
204138, 26862.3300,  3, 402.59, 27.5
204152, 26863.8300,  3, 475.88, 28.93999999999869
204153, 26863.9400,  3, 533.16, 29.110000000000582
204155, 26864.1500,  3, 479.26, 29.299999999999272
204159, 26864.5800,  3, 562.01, 29.7599999999984
204352, 26900.6700,  3, 457.32, 20.56000000000131
204367, 26902.2700,  3, 484.54, 22.090000000000146
204389, 26904.6300,  3, 459.04, 24.520000000000437
204401, 26905.9200,  3, 492.20, 25.7599999999984
204421, 26908.0600,  3, 527.47, 27.950000000000728
204432, 26909.2400,  3, 618.87, 29.110000000000582
204467, 26912.9900,  3, 434.30, 32.79000000000087
204471, 26913.4200,  3, 651.66, 33.22999999999956
204605, 26942.3800,  1, 209.51, 14.2400000000016
204605, 26942.3800,  1, 137.53, 14.2400000000016
204628, 26944.8500,  1, 172.06, 16.709999999999127
204728, 26955.5600,  3, 477.02, 27.36999999999898
204741, 26956.9500,  3, 449.81, 28.75
204746, 26957.4900,  3, 455.29, 29.330000000001746
204751, 26958.0200,  3, 524.16, 29.799999999999272
204775, 26960.6000,  3, 488.83, 32.36000000000058
204905, 26989.1300,  1, 163.68, 13.819999999999709
204905, 26989.1300,  1, 115.22, 13.819999999999709
204970, 26996.1000,  3, 449.06, 20.68000000000029
204995, 26998.7700,  3, 414.44, 23.359999999996944
205054, 27005.1000,  3, 489.97, 29.770000000000437
205081, 27007.9900,  3, 492.88, 32.56999999999971
205099, 27009.9200,  3, 496.86, 34.54999999999927
205100, 27010.0200,  3, 567.47, 34.68000000000029
205316, 27047.7400,  3, 465.80, 22.950000000000728
205344, 27050.7400,  3, 424.87, 26.029999999998836
205345, 27050.8500,  3, 454.27, 26.110000000000582
205379, 27054.4900,  3, 388.92, 29.770000000000437
205379, 27054.4900,  3, 486.99, 29.719999999997526
205401, 27056.8500,  3, 476.63, 32.099999999998545
205414, 27058.2400,  3, 535.26, 33.529999999998836
205461, 27063.2700,  3, 515.66, 38.47999999999956
205553, 27087.6500,  1, 98.18, 9.75
205553, 27087.6500,  1, 56.65, 9.75
205580, 27090.5400,  1, 151.41, 12.639999999999418
205580, 27090.5400,  1, 88.42, 12.639999999999418
205660, 27099.1100,  1, 119.11, 21.209999999999127
205719, 27105.4400,  3, 478.28, 27.489999999997963
205733, 27106.9400,  3, 500.71, 28.93000000000029
205748, 27108.5400,  3, 513.45, 30.55999999999767
205958, 27145.6300,  3, 494.77, 22.36999999999898
205974, 27147.3500,  3, 436.88, 24.05999999999767
205996, 27149.7000,  3, 485.67, 26.409999999999854
206011, 27151.3100,  3, 465.86, 28.05999999999767
206014, 27151.6300,  3, 508.16, 28.37999999999738
206033, 27153.6700,  1, 389.20, 30.429999999996653
206088, 27159.5600,  3, 496.26, 36.279999999998836
206095, 27160.3100,  3, 571.10, 37.0099999999984
206241, 27190.4000,  1, 177.77, 15.540000000000873
206304, 27197.1500,  1, 121.46, 22.290000000000873
206309, 27197.6900,  3, 430.96, 22.779999999998836
206323, 27199.1900,  3, 509.37, 24.31999999999971
206344, 27201.4400,  3, 437.42, 26.549999999999272
206354, 27202.5100,  3, 435.35, 27.549999999999272
206372, 27204.4400,  3, 521.81, 29.479999999999563
206373, 27204.5400,  3, 507.86, 29.639999999999418
206505, 27233.0800,  1, 133.96, 14.040000000000873
206599, 27243.1500,  3, 482.12, 24.049999999999272
206600, 27243.2600,  3, 501.44, 24.149999999997817
206600, 27243.2600,  3, 512.04, 24.200000000000728
206600, 27243.2600,  3, 430.98, 24.11999999999898
206630, 27246.4700,  3, 536.26, 27.32999999999811
206667, 27250.4400,  3, 663.46, 31.349999999998545
206686, 27252.4700,  3, 538.44, 33.419999999998254
206811, 27280.8800,  1, 162.26, 13.280000000002474
206811, 27280.8800,  1, 96.95, 13.280000000002474
206880, 27288.2700,  3, 419.42, 20.580000000001746
206938, 27294.4900,  3, 521.75, 26.850000000002183
206948, 27295.5600,  3, 492.13, 27.890000000003056
206972, 27298.1300,  3, 592.02, 30.4800000000032
207006, 27301.7700,  3, 660.03, 34.12000000000262
207022, 27303.4900,  3, 438.34, 35.87000000000262
207157, 27332.3800,  1, 151.21, 14.360000000000582
207157, 27332.3800,  1, 105.31, 14.360000000000582
207224, 27339.5600,  3, 413.13, 21.529999999998836
207254, 27342.7700,  3, 413.49, 24.659999999999854
207281, 27345.6700,  3, 509.76, 27.56999999999971
207304, 27348.1300,  3, 440.05, 30.07999999999811
207310, 27348.7700,  3, 610.79, 30.709999999999127
207329, 27350.8100,  3, 516.15, 32.7599999999984
207532, 27387.1500,  3, 428.58, 21.580000000001746
207540, 27388.0100,  3, 437.02, 22.43999999999869
207553, 27389.4000,  3, 425.13, 23.860000000000582
207561, 27390.2600,  3, 451.83, 24.7400000000016
207601, 27394.5400,  3, 528.89, 28.979999999999563
207618, 27396.3600,  3, 480.20, 30.81000000000131
207627, 27397.3300,  3, 527.19, 31.770000000000437
207724, 27407.7200,  3, 743.51, 42.13999999999942
207845, 27435.1500,  1, 112.62, 12.850000000002183
207845, 27435.1500,  1, 110.61, 12.850000000002183
207924, 27443.6100,  3, 477.74, 21.260000000002037
207969, 27448.4400,  3, 471.87, 26.11999999999898
207969, 27448.4400,  3, 427.75, 26.13000000000102
207988, 27450.4700,  3, 504.91, 28.11999999999898
208001, 27451.8600,  3, 518.87, 29.5
208055, 27457.6500,  3, 511.14, 35.330000000001746
208175, 27485.2000,  1, 170.79, 12.75
208175, 27485.2000,  1, 84.60, 12.75
208178, 27485.5200,  1, 101.39, 13.069999999999709
208178, 27485.5200,  1, 132.49, 13.069999999999709
208300, 27498.6000,  3, 460.59, 26.139999999999418
208313, 27499.9900,  3, 510.46, 27.520000000000437
208318, 27500.5200,  3, 505.23, 28.040000000000873
208385, 27507.7000,  3, 583.33, 35.14999999999782
208522, 27536.8300,  1, 121.45, 14.570000000003347
208522, 27536.8300,  1, 106.04, 14.570000000003347
208617, 27547.0100,  3, 527.58, 24.720000000001164
208621, 27547.4400,  3, 472.94, 25.12000000000262
208632, 27548.6100,  3, 472.49, 26.320000000003347
208643, 27549.7900,  3, 500.32, 27.4800000000032
208645, 27550.0100,  3, 529.77, 27.7300000000032
208738, 27559.9700,  3, 635.78, 37.69000000000233
208866, 27587.9900,  1, 104.42, 13.610000000000582
208866, 27587.9900,  1, 53.09, 13.610000000000582
208874, 27588.8500,  1, 126.43, 14.469999999997526
208874, 27588.8500,  1, 113.06, 14.469999999997526
208911, 27592.8100,  1, 133.55, 18.43000000000029
209025, 27605.0200,  3, 569.67, 30.539999999997235
209083, 27611.2400,  3, 623.22, 36.840000000000146
209137, 27617.0200,  3, 659.83, 42.55999999999767
209204, 27638.6500,  1, -6.51, 7.069999999999709
209204, 27638.6500,  1, 51.73, 7.069999999999709
209267, 27645.4000,  1, 94.85, 13.819999999999709
209348, 27654.0800,  3, 400.25, 22.469999999997526
209371, 27656.5400,  3, 464.46, 24.94999999999709
209382, 27657.7200,  3, 504.71, 26.029999999998836
209382, 27657.7200,  3, 476.35, 26.05999999999767
209390, 27658.5800,  3, 433.94, 26.979999999999563
209455, 27681.0800,  1, -9.92, 6.860000000000582
209455, 27681.0800,  1, 11.38, 6.860000000000582
209518, 27687.8300,  1, 149.88, 13.610000000000582
209518, 27687.8300,  1, 90.43, 13.610000000000582
209603, 27696.9400,  3, 453.06, 22.68999999999869
209603, 27696.9400,  3, 501.22, 22.61999999999898
209661, 27703.1500,  3, 567.56, 28.860000000000582
209679, 27705.0800,  3, 527.86, 30.849999999998545
209888, 27741.9000,  3, 457.32, 22.279999999998836
209890, 27742.1100,  3, 508.30, 22.43999999999869
209915, 27744.7900,  3, 486.71, 25.07999999999811
209941, 27747.5800,  3, 550.10, 27.950000000000728
209945, 27748.0100,  3, 507.03, 28.30999999999767
209968, 27750.4700,  3, 468.27, 30.82999999999811
209971, 27750.7900,  3, 584.01, 31.139999999999418
209994, 27753.2600,  3, 538.30, 33.57999999999811
210076, 27776.6100,  1, 25.78, 8.680000000000291
210076, 27776.6100,  1, 44.53, 8.680000000000291
210232, 27793.3300,  3, 460.45, 25.31000000000131
210242, 27794.4000,  3, 443.29, 26.459999999999127
210245, 27794.7200,  3, 463.82, 26.779999999998836
210247, 27794.9400,  3, 497.32, 26.979999999999563
210253, 27795.5800,  3, 497.36, 27.56000000000131
210265, 27796.8600,  3, 460.52, 28.889999999999418
210387, 27824.5800,  1, 127.53, 12.960000000002765
210387, 27824.5800,  1, 122.76, 12.960000000002765
210482, 27834.7600,  3, 476.39, 23.100000000002183
210505, 27837.2200,  3, 489.86, 25.590000000000146
210527, 27839.5800,  3, 516.32, 27.909999999999854
210537, 27840.6500,  3, 487.37, 28.950000000000728
210547, 27841.7200,  3, 516.53, 30.06999999999971
210551, 27842.1500,  3, 487.26, 30.510000000002037
210761, 27879.0600,  3, 475.47, 22.320000000003347
210770, 27880.0200,  3, 456.07, 23.290000000000873
210786, 27881.7400,  3, 483.44, 25.0
210810, 27884.3100,  3, 536.09, 27.590000000000146
210831, 27886.5600,  3, 566.80, 29.81000000000131
210831, 27886.5600,  3, 500.05, 29.80000000000291
210847, 27888.2700,  3, 464.15, 31.55000000000291
210874, 27891.1700,  3, 594.38, 34.41000000000349
211035, 27922.7000,  1, 58.78, 17.139999999999418
211041, 27923.3500,  1, 116.59, 17.789999999997235
211041, 27923.3500,  1, 135.86, 17.789999999997235
211092, 27928.8100,  3, 479.21, 23.229999999999563
211111, 27930.8500,  3, 502.17, 25.19999999999709
211117, 27931.4900,  3, 443.56, 25.859999999996944
211124, 27932.2400,  3, 544.97, 26.639999999999418
211176, 27937.8100,  3, 554.19, 32.23999999999796
211281, 27963.5400,  1, 110.34, 11.139999999999418
211281, 27963.5400,  1, 127.14, 11.139999999999418
211310, 27966.6500,  1, 132.65, 14.25
211310, 27966.6500,  1, 151.68, 14.25
211410, 27977.3600,  3, 472.94, 24.909999999999854
211433, 27979.8300,  3, 501.84, 27.37999999999738
211447, 27981.3300,  3, 501.37, 28.889999999999418
211481, 27984.9700,  3, 589.10, 32.48999999999796
211714, 28024.3600,  3, 461.84, 24.81000000000131
211715, 28024.4700,  3, 427.77, 24.889999999999418
211719, 28024.9000,  3, 413.22, 25.349999999998545
211724, 28025.4400,  3, 595.35, 25.86999999999898
211736, 28026.7200,  3, 460.08, 27.159999999999854
211754, 28028.6500,  3, 478.10, 29.099999999998545
211778, 28031.2200,  3, 516.63, 31.700000000000728
211790, 28032.5100,  3, 508.66, 32.970000000001164
211865, 28054.9700,  1, 29.93, 7.930000000000291
211865, 28054.9700,  1, 12.87, 7.930000000000291
211933, 28062.2600,  1, 141.70, 15.219999999997526
211933, 28062.2600,  1, 136.18, 15.219999999997526
212013, 28070.8300,  3, 420.98, 23.7599999999984
212032, 28072.8600,  3, 433.47, 25.729999999999563
212054, 28075.2200,  3, 447.53, 28.110000000000582
212060, 28075.8600,  3, 472.37, 28.739999999997963
212246, 28110.3300,  3, 435.42, 19.760000000002037
212281, 28114.0800,  3, 472.61, 23.530000000002474
212298, 28115.9000,  3, 435.45, 25.360000000000582
212303, 28116.4400,  3, 522.93, 25.909999999999854
212306, 28116.7600,  3, 497.68, 26.159999999999854
212322, 28118.4700,  3, 472.25, 27.860000000000582
212343, 28120.7200,  3, 522.39, 30.140000000003056
212359, 28122.4400,  3, 538.46, 31.890000000003056
212515, 28153.5800,  1, 145.04, 16.600000000002183
212515, 28153.5800,  1, 177.80, 16.600000000002183
212562, 28158.6100,  3, 463.57, 21.600000000002183
212576, 28160.1100,  3, 454.07, 23.090000000000146
212631, 28166.0100,  3, 497.95, 29.020000000000437
212641, 28167.0800,  3, 550.10, 30.040000000000873
212646, 28167.6100,  3, 581.60, 30.549999999999272
212658, 28168.9000,  3, 514.28, 31.909999999999854
212715, 28189.4400,  1, -1.64, 6.009999999998399
212715, 28189.4400,  1, -4.59, 6.009999999998399
212847, 28203.5800,  3, 405.87, 20.06999999999971
212894, 28208.6100,  3, 569.31, 25.110000000000582
212911, 28210.4400,  3, 485.77, 26.989999999997963
212920, 28211.4000,  3, 511.70, 27.909999999999854
212935, 28213.0100,  3, 523.10, 29.549999999999272
212949, 28214.5100,  3, 480.93, 31.020000000000437
213081, 28243.0400,  1, 160.25, 14.030000000002474
213081, 28243.0400,  1, 134.92, 14.030000000002474
213158, 28251.2900,  3, 465.68, 22.18000000000029
213187, 28254.4000,  3, 520.86, 25.320000000003347
213203, 28256.1100,  3, 619.35, 27.080000000001746
213214, 28257.2900,  3, 506.51, 28.2400000000016
213223, 28258.2600,  3, 458.75, 29.2400000000016
213239, 28259.9700,  3, 513.57, 30.88000000000102
213328, 28283.7400,  1, 48.76, 9.430000000000291
213328, 28283.7400,  1, 26.38, 9.430000000000291
213373, 28288.5600,  1, 185.82, 14.25
213373, 28288.5600,  1, 162.60, 14.25
213384, 28289.7400,  1, 179.48, 15.430000000000291
213384, 28289.7400,  1, 135.30, 15.430000000000291
213455, 28297.3500,  3, 461.48, 23.0
213494, 28301.5200,  3, 513.91, 27.109999999996944
213732, 28341.4200,  3, 504.08, 25.360000000000582
213732, 28341.4200,  3, 495.33, 25.360000000000582
213736, 28341.8500,  3, 492.44, 25.7599999999984
213748, 28343.1300,  3, 525.15, 27.049999999999272
213754, 28343.7700,  3, 578.50, 27.68999999999869
213759, 28344.3100,  3, 505.36, 28.25
213782, 28346.7700,  3, 594.75, 30.68999999999869
213807, 28349.4500,  3, 642.08, 33.38000000000102
213922, 28376.1900,  1, 135.80, 12.219999999997526
213922, 28376.1900,  1, 109.54, 12.219999999997526
214002, 28384.7600,  3, 383.01, 20.779999999998836
214029, 28387.6500,  3, 452.74, 23.57999999999811
214031, 28387.8600,  3, 488.18, 23.87999999999738
214037, 28388.5100,  3, 448.46, 24.5
214058, 28390.7600,  3, 501.69, 26.739999999997963
214135, 28399.0100,  3, 466.46, 34.93999999999869
214288, 28430.1500,  1, 87.11, 16.290000000000873
214330, 28434.6500,  3, 433.37, 20.700000000000728
214351, 28436.9000,  3, 433.96, 23.029999999998836
214351, 28436.9000,  3, 445.06, 22.93999999999869
214366, 28438.5100,  3, 477.94, 24.540000000000873
214394, 28441.5100,  3, 525.96, 27.540000000000873
214428, 28445.1500,  3, 428.96, 31.209999999999127
214442, 28446.6500,  3, 601.48, 32.720000000001164
214665, 28485.0800,  3, 511.24, 23.729999999999563
214666, 28485.1900,  3, 460.54, 23.799999999999272
214672, 28485.8300,  3, 445.22, 24.470000000001164
214688, 28487.5400,  3, 467.29, 26.159999999999854
214706, 28489.4700,  3, 493.49, 28.110000000000582
214734, 28492.4700,  3, 553.71, 31.110000000000582
214761, 28495.3600,  3, 595.20, 34.01000000000204
214770, 28496.3300,  3, 562.07, 34.93000000000029
214870, 28521.4700,  1, 110.52, 10.600000000002183
214870, 28521.4700,  1, 94.59, 10.600000000002183
214923, 28527.1500,  1, 166.56, 16.280000000002474
214923, 28527.1500,  1, 156.08, 16.280000000002474
214998, 28535.1900,  3, 504.87, 24.2400000000016
214999, 28535.2900,  3, 469.29, 24.340000000000146
215021, 28537.6500,  3, 528.22, 26.68000000000029
215054, 28541.1900,  3, 489.02, 30.229999999999563
215173, 28568.2000,  1, 111.55, 12.639999999999418
215173, 28568.2000,  1, 143.37, 12.639999999999418
215214, 28572.6000,  1, 222.33, 17.039999999997235
215214, 28572.6000,  1, 85.10, 17.039999999997235
215265, 28578.0600,  3, 448.42, 22.43999999999869
215290, 28580.7400,  3, 533.99, 25.169999999998254
215349, 28587.0600,  1, 370.45, 31.5
215373, 28589.6300,  3, 512.86, 34.0099999999984
215491, 28616.8500,  1, 95.53, 12.539999999997235
215491, 28616.8500,  1, 151.20, 12.539999999997235
215592, 28627.6700,  3, 517.79, 23.2599999999984
215607, 28629.2700,  3, 487.15, 24.93000000000029
215615, 28630.1300,  3, 414.71, 25.80999999999767
215617, 28630.3500,  3, 462.00, 25.93000000000029
215625, 28631.2000,  3, 469.80, 26.849999999998545
215662, 28635.1700,  3, 609.52, 30.81999999999971
215724, 28656.1500,  1, 33.76, 6.530000000002474
215724, 28656.1500,  1, 30.71, 6.530000000002474
215872, 28672.0100,  3, 496.37, 22.290000000000873
215873, 28672.1100,  3, 435.76, 22.389999999999418
215886, 28673.5100,  3, 487.12, 23.81999999999971
215904, 28675.4400,  3, 482.47, 25.770000000000437
215918, 28676.9400,  3, 527.96, 27.280000000002474
215922, 28677.3600,  3, 532.74, 27.67000000000189
216019, 28702.1900,  1, 44.21, 10.289999999997235
216019, 28702.1900,  1, 68.39, 10.289999999997235
216040, 28704.4400,  1, 123.51, 12.539999999997235
216040, 28704.4400,  1, 163.39, 12.539999999997235
216174, 28718.7900,  3, 575.81, 26.859999999996944
216206, 28722.2200,  3, 537.37, 30.30999999999767
216210, 28722.6500,  3, 597.53, 30.69999999999709
216290, 28731.2200,  3, 654.87, 39.2699999999968
216353, 28752.5400,  1, -4.83, 6.639999999999418
216353, 28752.5400,  1, 25.20, 6.639999999999418
216430, 28760.7900,  1, 102.59, 14.889999999999418
216430, 28760.7900,  1, 106.06, 14.889999999999418
216483, 28766.4700,  3, 434.35, 20.489999999997963
216507, 28769.0400,  3, 488.51, 23.12999999999738
216515, 28769.9000,  3, 533.54, 23.919999999998254
216592, 28778.1500,  3, 588.78, 32.22999999999956
216807, 28815.7900,  3, 457.91, 22.830000000001746
216822, 28817.4000,  3, 473.86, 24.510000000002037
216835, 28818.7900,  3, 488.60, 25.840000000000146
216838, 28819.1100,  3, 514.70, 26.220000000001164
216850, 28820.4000,  3, 500.22, 27.470000000001164
216851, 28820.5100,  3, 529.21, 27.56000000000131
216885, 28824.1500,  3, 544.49, 31.220000000001164
216898, 28825.5400,  3, 491.59, 32.590000000000146
217122, 28864.0100,  3, 513.22, 23.790000000000873
217134, 28865.2900,  3, 499.41, 25.149999999997817
217136, 28865.5100,  3, 482.36, 25.360000000000582
217147, 28866.6900,  3, 548.84, 26.5099999999984
217158, 28867.8600,  3, 493.04, 27.720000000001164
217168, 28868.9400,  3, 513.09, 28.80999999999767
217190, 28871.2900,  3, 536.79, 31.159999999999854
217208, 28873.2200,  3, 529.17, 33.0099999999984
217424, 28910.9400,  3, 470.02, 23.029999999998836
217431, 28911.6900,  3, 435.61, 23.75
217435, 28912.1100,  3, 496.04, 24.149999999997817
217464, 28915.2200,  3, 558.90, 27.2699999999968
217468, 28915.6500,  3, 442.11, 27.719999999997526
217482, 28917.1500,  3, 455.30, 29.18999999999869
217496, 28918.6500,  3, 484.98, 30.68999999999869
217502, 28919.2900,  3, 575.37, 31.299999999999272
217609, 28945.2200,  1, 121.10, 11.360000000000582
217701, 28955.0800,  3, 445.61, 21.110000000000582
217717, 28956.7900,  3, 418.77, 22.86999999999898
217725, 28957.6500,  3, 510.68, 23.75
217743, 28959.5800,  3, 546.69, 25.639999999999418
217747, 28960.0100,  3, 480.32, 26.06999999999971
217749, 28960.2200,  3, 609.76, 26.32999999999811
217780, 28963.5400,  3, 551.14, 29.669999999998254
217984, 29001.7000,  3, 464.82, 21.729999999999563
218023, 29005.8800,  3, 500.31, 25.87000000000262
218024, 29005.9900,  3, 499.86, 25.959999999999127
218030, 29006.6300,  3, 476.38, 26.63000000000102
218031, 29006.7400,  3, 510.37, 26.709999999999127
218042, 29007.9200,  3, 547.25, 27.93000000000029
218051, 29008.8800,  3, 626.42, 28.840000000000146
218081, 29012.1000,  3, 545.35, 32.06999999999971
218275, 29047.2700,  1, 174.46, 20.67000000000189
218275, 29047.2700,  1, 175.97, 20.67000000000189
218300, 29049.9500,  3, 487.94, 23.31999999999971
218322, 29052.3100,  3, 448.49, 25.67000000000189
218324, 29052.5200,  3, 499.73, 25.840000000000146
218342, 29054.4500,  3, 554.51, 27.80000000000291
218348, 29055.1000,  3, 514.69, 28.450000000000728
218364, 29056.8100,  3, 605.81, 30.110000000000582
218481, 29083.9400,  1, 24.03, 12.43999999999869
218481, 29083.9400,  1, 138.34, 12.43999999999869
218487, 29084.5800,  1, 169.80, 13.080000000001746
218487, 29084.5800,  1, 125.66, 13.080000000001746
218494, 29085.3300,  1, 124.74, 13.830000000001746
218494, 29085.3300,  1, 118.70, 13.830000000001746
218585, 29095.0800,  3, 466.41, 23.549999999999272
218607, 29097.4400,  3, 536.87, 25.900000000001455
218696, 29121.6100,  1, 64.71, 9.430000000000291
218696, 29121.6100,  1, 53.30, 9.430000000000291
218825, 29135.4400,  3, 500.29, 23.239999999997963
218831, 29136.0800,  3, 438.17, 23.799999999999272
218851, 29138.2200,  3, 453.42, 26.029999999998836
218870, 29140.2600,  3, 532.19, 28.020000000000437
218877, 29141.0100,  3, 566.33, 28.739999999997963
218995, 29153.6500,  3, 651.29, 41.419999999998254
219187, 29188.8300,  3, 442.34, 20.43000000000029
219209, 29191.1900,  3, 399.69, 22.720000000001164
219228, 29193.2200,  3, 490.84, 24.760000000002037
219230, 29193.4400,  3, 483.40, 25.040000000000873
219230, 29193.4400,  3, 471.01, 25.040000000000873
219246, 29195.1500,  3, 517.32, 26.720000000001164
219270, 29197.7200,  3, 430.70, 29.290000000000873
219288, 29199.6500,  3, 505.98, 31.19000000000233
219446, 29231.0400,  1, 182.54, 16.81000000000131
219446, 29231.0400,  1, 179.37, 16.81000000000131
219501, 29236.9400,  3, 463.08, 22.68000000000029
219523, 29239.2900,  3, 494.06, 24.959999999999127
219538, 29240.9000,  3, 508.65, 26.56000000000131
219548, 29241.9700,  3, 471.07, 27.720000000001164
219548, 29241.9700,  3, 487.18, 27.700000000000728
219575, 29244.8600,  3, 455.47, 30.540000000000873
219794, 29282.7200,  3, 476.44, 23.25
219814, 29284.8600,  3, 489.79, 25.450000000000728
219819, 29285.4000,  3, 499.38, 25.92000000000189
219829, 29286.4700,  3, 491.87, 27.010000000002037
219847, 29288.4000,  3, 516.24, 28.93000000000029
219882, 29292.1500,  3, 602.00, 32.710000000002765
219888, 29292.7900,  3, 477.18, 33.330000000001746
219971, 29301.6900,  3, 676.96, 42.280000000002474
220105, 29330.1500,  1, 130.08, 14.25
220105, 29330.1500,  1, 125.49, 14.25
220175, 29337.6500,  3, 450.29, 21.68999999999869
220226, 29343.1100,  3, 520.92, 27.11999999999898
220227, 29343.2200,  3, 555.33, 27.25
220228, 29343.3300,  3, 483.92, 27.32999999999811
220238, 29344.4000,  3, 491.74, 28.409999999999854
220428, 29364.7600,  1, 203.65, 48.859999999996944
220641, 29401.9900,  3, 478.95, 22.520000000000437
220643, 29402.2000,  3, 411.33, 22.799999999999272
220669, 29404.9900,  3, 377.89, 25.520000000000437
220681, 29406.2700,  3, 562.79, 26.789999999997235
220686, 29406.8100,  3, 548.77, 27.389999999999418
220692, 29407.4500,  3, 539.33, 27.979999999999563
220699, 29408.2000,  3, 516.98, 28.789999999997235
220715, 29409.9200,  3, 613.74, 30.450000000000728
220831, 29436.7400,  1, 113.14, 12.320000000003347
220831, 29436.7400,  1, 172.11, 12.320000000003347
220867, 29440.6000,  1, 162.24, 16.18000000000029
220867, 29440.6000,  1, 159.30, 16.18000000000029
220953, 29449.8100,  3, 522.40, 25.330000000001746
220956, 29450.1300,  3, 494.73, 25.62000000000262
220975, 29452.1700,  3, 542.15, 27.660000000003492
221020, 29456.9900,  3, 578.12, 32.530000000002474
221193, 29490.9000,  1, 184.51, 18.42000000000189
221235, 29495.4000,  3, 447.33, 22.88000000000102
221255, 29497.5400,  3, 476.37, 25.040000000000873
221255, 29497.5400,  3, 472.56, 25.040000000000873
221288, 29501.0800,  3, 530.95, 28.510000000002037
221331, 29505.6900,  3, 552.54, 33.17000000000189
221352, 29507.9400,  3, 621.00, 35.42000000000189
221392, 29512.2200,  3, 539.73, 39.68000000000029
221575, 29546.4400,  1, 152.52, 19.5099999999984
221575, 29546.4400,  1, 150.40, 19.5099999999984
221621, 29551.3600,  3, 484.29, 24.349999999998545
221627, 29552.0100,  3, 402.04, 25.06999999999971
221641, 29553.5100,  3, 489.83, 26.549999999999272
221650, 29554.4700,  3, 525.56, 27.5
221678, 29557.4700,  3, 460.66, 30.450000000000728
221683, 29558.0100,  3, 552.76, 31.040000000000873
221755, 29580.2700,  1, 63.51, 7.610000000000582
221755, 29580.2700,  1, 25.81, 7.610000000000582
221877, 29593.3500,  3, 455.45, 20.599999999998545
221924, 29598.3800,  3, 509.52, 25.67000000000189
221939, 29599.9900,  3, 503.87, 27.270000000000437
221941, 29600.2000,  3, 539.71, 27.459999999999127
221941, 29600.2000,  3, 461.65, 27.479999999999563
221991, 29605.5600,  3, 490.29, 32.79000000000087
222113, 29632.9700,  1, 37.83, 12.970000000001164
222113, 29632.9700,  1, 133.47, 12.970000000001164
222195, 29641.7600,  3, 451.95, 21.729999999999563
222202, 29642.5100,  3, 446.63, 22.4900000000016
222222, 29644.6500,  3, 509.34, 24.639999999999418
222247, 29647.3300,  3, 495.03, 27.290000000000873
222251, 29647.7600,  3, 538.67, 27.729999999999563
222279, 29650.7600,  3, 463.28, 30.659999999999854
222393, 29677.4400,  1, 109.14, 12.109999999996944
222393, 29677.4400,  1, 69.82, 12.109999999996944
222508, 29689.7600,  3, 492.54, 24.419999999998254
222514, 29690.4000,  3, 502.76, 25.0
222517, 29690.7200,  3, 478.15, 25.30999999999767
222534, 29692.5400,  3, 572.87, 27.149999999997817
222555, 29694.7900,  3, 546.07, 29.44999999999709
222581, 29697.5800,  3, 483.17, 32.23999999999796
222795, 29734.9500,  3, 529.92, 22.7599999999984
222819, 29737.5200,  3, 567.40, 25.349999999998545
222830, 29738.7000,  3, 470.39, 26.549999999999272
222842, 29739.9900,  3, 480.05, 27.75
222861, 29742.0200,  3, 539.02, 29.81999999999971
222866, 29742.5600,  3, 555.95, 30.349999999998545
222884, 29744.4900,  3, 577.51, 32.2599999999984
222924, 29748.7700,  3, 628.14, 36.62999999999738
223129, 29784.9700,  3, 455.21, 21.770000000000437
223164, 29788.7200,  3, 571.56, 25.5099999999984
223167, 29789.0400,  3, 457.91, 25.82999999999811
223181, 29790.5400,  3, 611.34, 27.399999999997817
223182, 29790.6500,  3, 520.96, 27.529999999998836
223190, 29791.5100,  3, 497.65, 28.290000000000873
223194, 29791.9400,  3, 518.04, 28.7599999999984
223261, 29799.1100,  3, 607.92, 35.919999999998254
223471, 29836.0800,  3, 446.55, 22.290000000000873
223496, 29838.7600,  3, 555.86, 25.0
223496, 29838.7600,  3, 388.37, 25.0
223500, 29839.1900,  3, 443.41, 25.43000000000029
223502, 29839.4000,  3, 507.77, 25.600000000002183
223509, 29840.1500,  3, 505.31, 26.360000000000582
223561, 29845.7200,  3, 562.24, 32.0
223564, 29846.0400,  3, 559.60, 32.27000000000044
223783, 29883.9500,  3, 453.33, 23.279999999998836
223792, 29884.9200,  3, 485.95, 24.290000000000873
223799, 29885.6700,  3, 521.05, 25.020000000000437
223808, 29886.6300,  3, 515.14, 25.950000000000728
223812, 29887.0600,  3, 518.28, 26.400000000001455
223812, 29887.0600,  3, 486.29, 26.43000000000029
223817, 29887.6000,  3, 505.28, 26.9900000000016
223907, 29897.2400,  3, 628.79, 36.57999999999811
224046, 29926.5600,  1, 164.40, 14.790000000000873
224046, 29926.5600,  1, 86.93, 14.790000000000873
224136, 29936.2000,  3, 483.45, 24.36999999999898
224147, 29937.3800,  3, 420.91, 25.549999999999272
224151, 29937.8100,  3, 480.39, 25.979999999999563
224152, 29937.9200,  3, 496.29, 26.07999999999811
224162, 29938.9900,  3, 540.24, 27.13000000000102
224185, 29941.4500,  1, 41.21, 29.68000000000029
224384, 29977.9700,  3, 409.28, 21.040000000000873
224416, 29981.4000,  3, 470.72, 24.44000000000233
224441, 29984.0800,  3, 478.22, 27.200000000000728
224453, 29985.3600,  3, 574.91, 28.470000000001164
224458, 29985.9000,  3, 536.83, 29.020000000000437
224462, 29986.3300,  3, 535.91, 29.350000000002183
224464, 29986.5400,  3, 508.38, 29.580000000001746
224528, 29993.4000,  3, 587.59, 36.4900000000016
224654, 30021.4400,  1, 143.30, 13.399999999997817
224654, 30021.4400,  1, 111.74, 13.399999999997817
224718, 30028.2900,  1, 232.24, 20.25
224718, 30028.2900,  1, 249.40, 20.25
224768, 30033.6500,  3, 561.01, 25.590000000000146
224771, 30033.9700,  3, 417.77, 25.87999999999738
224780, 30034.9400,  3, 534.91, 26.87999999999738
224874, 30045.0100,  3, 596.43, 36.95000000000073
224954, 30068.1300,  1, 19.73, 8.460000000002765
224954, 30068.1300,  1, 62.96, 8.460000000002765
225116, 30085.4900,  3, 454.23, 25.720000000001164
225116, 30085.4900,  3, 549.89, 25.7300000000032
225138, 30087.8500,  3, 521.30, 28.080000000001746
225141, 30088.1700,  3, 544.77, 28.42000000000189
225151, 30089.2400,  3, 580.90, 29.540000000000873
225158, 30089.9900,  3, 606.45, 30.2300000000032
225263, 30115.8300,  1, 124.40, 11.140000000003056
225263, 30115.8300,  1, 93.95, 11.140000000003056
225329, 30122.9000,  1, 116.57, 18.210000000002765
225329, 30122.9000,  1, 164.51, 18.210000000002765
225357, 30125.9000,  1, 89.44, 21.210000000002765
225382, 30128.5800,  3, 490.43, 23.850000000002183
225394, 30129.8600,  3, 493.21, 25.159999999999854
225420, 30132.6500,  3, 532.85, 27.93000000000029
225618, 30168.5100,  3, 461.09, 21.0099999999984
225618, 30168.5100,  3, 468.23, 21.06999999999971
225654, 30172.3600,  3, 506.35, 24.87999999999738
225657, 30172.6900,  3, 560.86, 25.19999999999709
225657, 30172.6900,  3, 539.37, 25.18000000000029
225664, 30173.4400,  3, 474.04, 25.93999999999869
225675, 30174.6100,  3, 544.14, 27.19999999999709
225699, 30177.1900,  3, 512.63, 29.729999999999563
225913, 30214.6900,  3, 491.80, 22.81999999999971
225919, 30215.3300,  3, 482.76, 23.419999999998254
225926, 30216.0800,  3, 468.25, 24.110000000000582
225926, 30216.0800,  3, 470.25, 24.110000000000582
226002, 30224.2200,  3, 475.20, 32.25
226031, 30227.3300,  3, 660.87, 35.43000000000029
226032, 30227.4400,  3, 681.10, 35.47999999999956
226199, 30245.3300,  1, -49.69, 53.470000000001164
226349, 30275.9000,  1, 55.37, 15.850000000002183
226349, 30275.9000,  1, 164.45, 15.850000000002183
226428, 30284.3600,  3, 528.73, 24.270000000000437
226454, 30287.1500,  3, 576.22, 27.020000000000437
226461, 30287.9000,  3, 492.84, 27.770000000000437
226478, 30289.7200,  3, 564.16, 29.610000000000582
226486, 30290.5800,  3, 564.16, 30.510000000002037
226516, 30293.7900,  3, 565.91, 33.659999999999854
226663, 30324.8600,  1, 197.51, 15.639999999999418
226663, 30324.8600,  1, 192.81, 15.639999999999418
226734, 30332.4700,  3, 418.16, 23.229999999999563
226742, 30333.3300,  3, 461.23, 24.090000000000146
226755, 30334.7200,  3, 492.11, 25.459999999999127
226764, 30335.6900,  1, 281.86, 26.469999999997526
226764, 30335.6900,  1, 310.68, 26.469999999997526
226775, 30336.8600,  3, 577.01, 27.62999999999738
226892, 30363.8800,  1, 100.92, 12.430000000000291
226892, 30363.8800,  1, 72.25, 12.430000000000291
226980, 30373.3100,  3, 465.86, 21.799999999999272
226996, 30375.0200,  3, 484.12, 23.479999999999563
227014, 30376.9500,  3, 526.21, 25.450000000000728
227014, 30376.9500,  3, 471.22, 25.489999999997963
227081, 30384.1300,  3, 602.48, 32.56999999999971
227106, 30386.8100,  3, 667.86, 35.31999999999971
227300, 30422.1000,  3, 466.90, 20.660000000003492
227304, 30422.5200,  3, 437.90, 21.06000000000131
227336, 30425.9500,  3, 437.70, 24.450000000000728
227338, 30426.1700,  3, 506.97, 24.700000000000728
227357, 30428.2000,  3, 459.57, 26.7400000000016
227376, 30430.2400,  3, 612.10, 28.75
227391, 30431.8500,  3, 542.85, 30.400000000001455
227401, 30432.9200,  3, 549.83, 31.460000000002765
227604, 30469.0100,  3, 462.96, 21.540000000000873
227631, 30471.9000,  3, 479.03, 24.44000000000233
227637, 30472.5400,  3, 562.80, 25.080000000001746
227648, 30473.7200,  3, 488.65, 26.290000000000873
227650, 30473.9400,  3, 512.74, 26.56000000000131
227661, 30475.1100,  3, 435.53, 27.720000000001164
227661, 30475.1100,  3, 533.68, 27.729999999999563
227690, 30478.2200,  3, 640.73, 30.799999999999272
227800, 30504.5400,  1, 103.08, 11.680000000000291
227800, 30504.5400,  1, 130.81, 11.680000000000291
227918, 30517.1900,  3, 463.97, 24.220000000001164
227941, 30519.6500,  3, 524.83, 26.700000000000728
227943, 30519.8600,  3, 471.16, 26.979999999999563
227961, 30521.7900,  3, 597.20, 28.82999999999811
227962, 30521.9000,  3, 481.17, 28.970000000001164
227988, 30524.6900,  3, 527.94, 31.739999999997963
228174, 30558.9400,  3, 410.12, 19.739999999997963
228182, 30559.7900,  3, 421.17, 20.639999999999418
228240, 30566.0100,  3, 507.61, 26.840000000000146
228242, 30566.2200,  3, 517.34, 27.049999999999272
228244, 30566.4400,  3, 438.59, 27.239999999997963
228259, 30568.0400,  3, 508.09, 28.889999999999418
228266, 30568.7900,  3, 649.35, 29.57999999999811
228267, 30568.9000,  3, 599.16, 29.700000000000728
228372, 30594.4500,  1, 78.31, 11.139999999999418
228372, 30594.4500,  1, 35.40, 11.139999999999418
228473, 30605.2700,  3, 444.41, 21.94999999999709
228476, 30605.6000,  3, 528.71, 22.270000000000437
228483, 30606.3500,  3, 477.46, 22.94999999999709
228501, 30608.2700,  3, 514.84, 24.87999999999738
228507, 30608.9200,  3, 458.68, 25.549999999999272
228616, 30620.6000,  3, 522.50, 37.279999999998836
228836, 30658.7400,  3, 524.45, 23.389999999999418
228843, 30659.4900,  3, 467.60, 24.139999999999418
228850, 30660.2400,  3, 501.48, 24.88000000000102
228854, 30660.6700,  3, 552.45, 25.290000000000873
228869, 30662.2700,  3, 448.60, 26.92000000000189
228869, 30662.2700,  3, 543.01, 26.950000000000728
228876, 30663.0200,  3, 487.00, 27.67000000000189
228899, 30665.4900,  3, 576.85, 30.19000000000233
229098, 30701.1900,  3, 449.40, 21.18000000000029
229114, 30702.9000,  3, 448.51, 22.849999999998545
229137, 30705.3600,  3, 511.83, 25.32999999999811
229161, 30707.9400,  3, 481.82, 27.959999999999127
229161, 30707.9400,  3, 555.85, 27.860000000000582
229163, 30708.1500,  3, 539.23, 28.11999999999898
229167, 30708.5800,  3, 504.40, 28.5
229170, 30708.9000,  3, 452.25, 28.849999999998545
229389, 30746.7700,  3, 467.54, 23.31000000000131
229406, 30748.6000,  3, 508.87, 25.13000000000102
229410, 30749.0200,  3, 441.98, 25.520000000000437
229434, 30751.6000,  3, 564.61, 28.17000000000189
229436, 30751.8100,  3, 495.99, 28.36999999999898
229436, 30751.8100,  3, 604.52, 28.360000000000582
229443, 30752.5600,  3, 499.44, 29.11999999999898
229446, 30752.8800,  3, 593.78, 29.43999999999869
229671, 30791.4500,  3, 497.24, 23.94000000000233
229677, 30792.1000,  3, 526.67, 24.63000000000102
229677, 30792.1000,  3, 447.68, 24.63000000000102
229697, 30794.2400,  3, 557.77, 26.75
229698, 30794.3500,  3, 504.02, 26.87000000000262
229706, 30795.2000,  3, 427.55, 27.700000000000728
229728, 30797.5600,  3, 587.88, 30.080000000001746
229775, 30802.6000,  3, 680.92, 35.030000000002474
229971, 30838.1700,  3, 445.52, 20.81000000000131
229997, 30840.9500,  3, 471.01, 23.599999999998545
230001, 30841.4500,  3, 451.77, 24.07999999999811
230012, 30842.6300,  3, 510.48, 25.32999999999811
230017, 30843.1700,  3, 502.90, 25.889999999999418
230029, 30844.4500,  3, 537.05, 27.139999999999418
230043, 30845.9500,  3, 471.20, 28.610000000000582
230098, 30851.8500,  1, 273.27, 34.57999999999811
230288, 30886.7600,  3, 477.66, 20.200000000000728
230310, 30889.1100,  3, 510.50, 22.56000000000131
230322, 30890.4000,  3, 445.06, 23.850000000002183
230329, 30891.1500,  3, 496.70, 24.610000000000582
230358, 30894.2600,  3, 613.48, 27.67000000000189
230404, 30899.1900,  3, 614.90, 32.61000000000058
230428, 30901.7600,  3, 557.81, 35.2400000000016
230434, 30902.4000,  3, 627.84, 35.80000000000291
230544, 30928.6900,  1, 87.27, 11.68999999999869
230544, 30928.6900,  1, 108.53, 11.68999999999869
230654, 30940.4700,  3, 403.42, 23.400000000001455
230684, 30943.6900,  3, 471.80, 26.669999999998254
230697, 30945.0800,  3, 542.72, 28.0
230721, 30947.6500,  3, 500.05, 30.56999999999971
230723, 30947.8600,  3, 586.66, 30.81999999999971
230761, 30951.9400,  3, 665.58, 34.919999999998254
230966, 30988.3100,  3, 450.59, 21.780000000002474
230989, 30990.7700,  3, 506.34, 24.209999999999127
231006, 30992.6000,  3, 453.24, 26.090000000000146
231041, 30996.3500,  3, 522.29, 29.87000000000262
231047, 30996.9900,  3, 540.62, 30.42000000000189
231047, 30996.9900,  3, 440.82, 30.459999999999127
231056, 30997.9500,  3, 527.49, 31.459999999999127
231080, 31000.5200,  3, 625.91, 34.01000000000204
231277, 31035.9700,  3, 443.94, 20.909999999999854
231310, 31039.5100,  3, 402.06, 24.470000000001164
231320, 31040.5800,  3, 467.75, 25.540000000000873
231323, 31040.9000,  3, 465.45, 25.900000000001455
231332, 31041.8600,  3, 529.76, 26.790000000000873
231343, 31043.0400,  3, 529.79, 27.959999999999127
231345, 31043.2600,  3, 521.91, 28.17000000000189
231365, 31045.4000,  3, 497.16, 30.36999999999898
231505, 31074.9200,  1, 129.37, 14.889999999999418
231505, 31074.9200,  1, 196.42, 14.889999999999418
231584, 31083.3800,  3, 479.62, 23.25
231593, 31084.3500,  3, 544.86, 24.31000000000131
231631, 31088.4200,  3, 550.26, 28.280000000002474
231632, 31088.5200,  3, 580.66, 28.409999999999854
231693, 31095.0600,  3, 541.55, 34.9900000000016
231843, 31111.1300,  3, 344.84, 51.0
232003, 31143.5800,  1, 151.90, 17.030000000002474
232052, 31148.8300,  3, 406.67, 22.2400000000016
232052, 31148.8300,  3, 440.51, 22.25
232055, 31149.1500,  3, 493.29, 22.56999999999971
232095, 31153.4400,  3, 534.69, 26.790000000000873
232099, 31153.8600,  3, 478.97, 27.2400000000016
232116, 31155.6900,  3, 489.37, 29.049999999999272
232193, 31163.9400,  3, 599.17, 37.35000000000218
232311, 31191.0100,  1, 107.98, 12.539999999997235
232311, 31191.0100,  1, 98.29, 12.539999999997235
232380, 31198.4000,  3, 392.07, 19.87999999999738
232407, 31201.2900,  3, 437.87, 22.799999999999272
232410, 31201.6100,  3, 477.98, 23.110000000000582
232431, 31203.8600,  3, 478.57, 25.289999999997235
232446, 31205.4700,  3, 506.92, 26.899999999997817
232531, 31214.5800,  3, 623.76, 36.0099999999984
232748, 31253.2200,  3, 521.77, 23.06000000000131
232748, 31253.2200,  3, 502.97, 23.13000000000102
232759, 31254.4000,  3, 481.63, 24.260000000002037
232764, 31254.9400,  3, 492.39, 24.849999999998545
232782, 31256.8600,  3, 494.36, 26.760000000002037
232784, 31257.0800,  3, 423.85, 26.93000000000029
232788, 31257.5100,  3, 537.79, 27.42000000000189
232814, 31260.2900,  3, 473.88, 30.209999999999127
232921, 31286.1700,  1, 89.56, 11.359999999996944
232921, 31286.1700,  1, 133.84, 11.359999999996944
232939, 31288.1000,  1, 137.34, 13.289999999997235
232939, 31288.1000,  1, 110.70, 13.289999999997235
233013, 31296.0200,  3, 478.97, 21.12999999999738
233044, 31299.3500,  3, 495.12, 24.469999999997526
233056, 31300.6300,  3, 491.83, 25.75
233079, 31303.1000,  3, 444.78, 28.19999999999709
233205, 31330.9700,  1, 116.02, 13.400000000001455
233205, 31330.9700,  1, 163.39, 13.400000000001455
233298, 31340.9400,  3, 446.46, 23.349999999998545
233303, 31341.4700,  3, 438.28, 23.799999999999272
233314, 31342.6500,  3, 425.77, 25.029999999998836
233355, 31347.0400,  3, 496.02, 29.43000000000029
233356, 31347.1500,  3, 492.18, 29.479999999999563
233356, 31347.1500,  3, 549.65, 29.5
233444, 31371.9000,  1, 28.96, 9.330000000001746
233444, 31371.9000,  1, 80.97, 9.330000000001746
233472, 31374.9000,  1, 139.65, 12.330000000001746
233472, 31374.9000,  1, 118.94, 12.330000000001746
233564, 31384.7600,  3, 442.92, 22.13000000000102
233565, 31384.8600,  3, 458.60, 22.2400000000016
233599, 31388.5100,  3, 477.98, 25.92000000000189
233612, 31389.9000,  3, 486.85, 27.31000000000131
233707, 31414.4000,  1, 81.16, 10.080000000001746
233707, 31414.4000,  1, 105.16, 10.080000000001746
233742, 31418.1500,  1, 90.93, 13.830000000001746
233742, 31418.1500,  1, 143.64, 13.830000000001746
233768, 31420.9400,  1, 145.33, 16.61999999999898
233768, 31420.9400,  1, 198.64, 16.61999999999898
233836, 31428.2200,  3, 512.14, 23.86999999999898
233842, 31428.8600,  3, 501.23, 24.43999999999869
233927, 31452.5800,  1, 56.89, 9.0
233927, 31452.5800,  1, 72.68, 9.0
233949, 31454.9400,  1, 121.26, 11.359999999996944
233949, 31454.9400,  1, 134.58, 11.359999999996944
234046, 31465.3300,  3, 484.58, 21.69999999999709
234064, 31467.2600,  3, 419.98, 23.659999999999854
234065, 31467.3600,  3, 466.97, 23.68999999999869
234094, 31470.4700,  3, 562.63, 26.859999999996944
234220, 31498.1700,  1, 140.49, 13.399999999997817
234220, 31498.1700,  1, 86.86, 13.399999999997817
234303, 31507.0600,  3, 410.64, 22.270000000000437
234327, 31509.6300,  3, 466.38, 24.75
234350, 31512.1000,  3, 583.30, 27.290000000000873
234358, 31512.9500,  3, 505.44, 28.159999999999854
234434, 31521.1000,  3, 639.44, 36.22999999999956
234441, 31521.8500,  3, 610.01, 36.98999999999796
234570, 31551.1300,  1, 149.43, 13.720000000001164
234570, 31551.1300,  1, 135.03, 13.720000000001164
234587, 31552.9500,  1, 165.66, 15.540000000000873
234587, 31552.9500,  1, 152.57, 15.540000000000873
234651, 31559.8100,  3, 480.82, 22.389999999999418
234699, 31564.9500,  3, 496.35, 27.5
234840, 31580.0600,  3, 679.97, 42.54999999999927
234865, 31582.7400,  3, 523.03, 45.29999999999927
234970, 31608.4400,  1, 83.57, 11.139999999999418
234970, 31608.4400,  1, 106.68, 11.139999999999418
235056, 31617.6500,  3, 409.46, 20.25
235087, 31620.9700,  3, 472.31, 23.580000000001746
235117, 31624.1900,  3, 418.68, 26.840000000000146
235127, 31625.2600,  3, 513.93, 27.92000000000189
235137, 31626.3300,  3, 511.43, 29.0
235150, 31627.7200,  3, 571.33, 30.31000000000131
235351, 31663.7200,  3, 441.20, 21.330000000001746
235364, 31665.1100,  3, 473.89, 22.790000000000873
235377, 31666.5100,  3, 472.40, 24.200000000000728
235404, 31669.4000,  3, 475.10, 27.0
235416, 31670.6900,  3, 531.66, 28.350000000002183
235417, 31670.7900,  3, 531.84, 28.459999999999127
235423, 31671.4400,  3, 516.36, 29.13000000000102
235433, 31672.5100,  3, 601.60, 30.159999999999854
235563, 31700.7900,  1, 129.23, 13.81000000000131
235563, 31700.7900,  1, 194.29, 13.81000000000131
235648, 31709.9000,  3, 480.86, 22.86999999999898
235661, 31711.2900,  3, 469.33, 24.229999999999563
235690, 31714.4000,  3, 524.97, 27.340000000000146
235698, 31715.2600,  3, 562.98, 28.2400000000016
235737, 31719.4400,  3, 517.02, 32.409999999999854
235741, 31719.8600,  3, 575.83, 32.830000000001746
235860, 31747.0800,  1, 57.48, 12.650000000001455
235860, 31747.0800,  1, 121.22, 12.650000000001455
235880, 31749.2200,  1, 149.33, 14.790000000000873
235880, 31749.2200,  1, 140.59, 14.790000000000873
235969, 31758.7600,  3, 524.46, 24.299999999999272
235972, 31759.0800,  3, 458.39, 24.639999999999418
235992, 31761.2200,  3, 467.99, 26.75
236021, 31764.3300,  3, 643.96, 29.86999999999898
236098, 31786.9700,  1, 38.09, 8.139999999999418
236098, 31786.9700,  1, 56.00, 8.139999999999418
236233, 31801.4400,  3, 463.10, 22.529999999998836
236240, 31802.1900,  3, 507.77, 23.2599999999984
236277, 31806.1500,  3, 497.90, 27.2699999999968
236299, 31808.5100,  3, 563.09, 29.62999999999738
236330, 31811.8300,  3, 576.71, 32.89999999999782
236349, 31813.8600,  3, 566.49, 34.98999999999796
236572, 31853.2000,  3, 473.11, 23.7400000000016
236580, 31854.0600,  3, 513.05, 24.549999999999272
236595, 31855.6700,  3, 478.05, 26.18000000000029
236605, 31856.7400,  3, 552.57, 27.31000000000131
236616, 31857.9200,  3, 536.82, 28.470000000001164
236629, 31859.3100,  3, 517.35, 29.860000000000582
236640, 31860.4900,  3, 525.15, 30.979999999999563
236647, 31861.2400,  3, 516.13, 31.770000000000437
236723, 31884.8600,  1, 54.25, 8.029999999998836
236723, 31884.8600,  1, 36.40, 8.029999999998836
236811, 31894.2900,  1, 156.14, 17.459999999999127
236863, 31899.8600,  3, 427.43, 22.989999999997963
236886, 31902.3300,  3, 489.32, 25.419999999998254
236898, 31903.6100,  3, 434.65, 26.7599999999984
236911, 31905.0100,  3, 602.72, 28.109999999996944
236946, 31908.7600,  3, 665.72, 31.909999999999854
237066, 31936.0400,  1, 98.19, 12.7400000000016
237066, 31936.0400,  1, 136.41, 12.7400000000016
237074, 31936.9000,  1, 121.77, 13.600000000002183
237074, 31936.9000,  1, 93.08, 13.600000000002183
237182, 31948.4700,  3, 550.45, 25.110000000000582
237184, 31948.6900,  3, 499.91, 25.360000000000582
237208, 31951.2600,  3, 547.08, 27.950000000000728
237214, 31951.9000,  3, 497.52, 28.549999999999272
237290, 31974.4900,  1, 26.02, 8.030000000002474
237290, 31974.4900,  1, 41.86, 8.030000000002474
237414, 31987.7700,  3, 464.47, 21.270000000000437
237422, 31988.6300,  3, 486.96, 22.090000000000146
237435, 31990.0200,  3, 548.62, 23.470000000001164
237445, 31991.1000,  3, 414.69, 24.549999999999272
237454, 31992.0600,  3, 426.32, 25.549999999999272
237472, 31993.9900,  3, 461.09, 27.43000000000029
237585, 32020.7600,  1, 118.80, 12.0
237585, 32020.7600,  1, 127.81, 12.0
237693, 32032.3300,  3, 523.82, 23.520000000000437
237699, 32032.9700,  3, 441.30, 24.19000000000233
237699, 32032.9700,  3, 510.91, 24.110000000000582
237724, 32035.6500,  3, 467.67, 26.790000000000873
237732, 32036.5100,  3, 527.95, 27.650000000001455
237749, 32038.3300,  3, 459.29, 29.530000000002474
237965, 32075.9000,  3, 465.35, 22.950000000000728
237967, 32076.1100,  3, 448.78, 23.159999999999854
237986, 32078.1500,  3, 536.53, 25.200000000000728
237987, 32078.2600,  3, 473.00, 25.360000000000582
238010, 32080.7200,  3, 563.82, 27.81000000000131
238021, 32081.9000,  3, 517.73, 28.979999999999563
238028, 32082.6500,  3, 528.31, 29.68000000000029
238057, 32085.7600,  3, 586.15, 32.81000000000131
238165, 32111.6700,  1, 117.09, 11.459999999999127
238165, 32111.6700,  1, 112.19, 11.459999999999127
238288, 32124.8500,  3, 476.83, 24.62000000000262
238291, 32125.1700,  3, 480.54, 24.88000000000102
238304, 32126.5600,  3, 513.73, 26.340000000000146
238334, 32129.7700,  3, 505.71, 29.530000000002474
238338, 32130.2000,  3, 586.08, 29.909999999999854
238339, 32130.3100,  3, 570.05, 30.0
238466, 32159.1500,  1, 81.85, 13.5
238466, 32159.1500,  1, 125.60, 13.5
238483, 32160.9700,  1, 214.78, 15.319999999999709
238483, 32160.9700,  1, 77.32, 15.319999999999709
238523, 32165.2600,  1, 116.18, 19.609999999996944
238552, 32168.3600,  3, 495.47, 22.639999999999418
238570, 32170.2900,  3, 508.51, 24.539999999997235
238628, 32176.5100,  3, 558.11, 30.82999999999811
238699, 32199.3600,  1, 46.28, 7.490000000001601
238699, 32199.3600,  1, 29.59, 7.490000000001601
238701, 32199.5800,  1, 43.43, 7.710000000002765
238701, 32199.5800,  1, 32.56, 7.710000000002765
238829, 32213.2900,  3, 429.76, 21.350000000002183
238835, 32213.9400,  3, 443.63, 22.040000000000873
238856, 32216.1900,  3, 497.31, 24.31000000000131
238890, 32219.8300,  3, 424.68, 27.88000000000102
239051, 32251.5800,  1, 170.99, 17.150000000001455
239082, 32254.9000,  3, 430.54, 20.409999999999854
239104, 32257.2600,  3, 493.11, 22.790000000000873
239122, 32259.1900,  3, 515.94, 24.669999999998254
239125, 32259.5100,  3, 553.48, 24.979999999999563
239158, 32263.0400,  3, 502.00, 28.549999999999272
239166, 32263.9000,  3, 590.37, 29.419999999998254
239170, 32264.3300,  3, 586.57, 29.790000000000873
239275, 32290.0100,  1, 108.75, 11.149999999997817
239275, 32290.0100,  1, 139.56, 11.149999999997817
239418, 32305.3300,  3, 469.09, 26.43000000000029
239425, 32306.0800,  3, 515.73, 27.169999999998254
239428, 32306.4000,  3, 449.03, 27.529999999998836
239475, 32311.4400,  3, 575.61, 32.52000000000044
239475, 32311.4400,  3, 497.29, 32.54000000000087
239597, 32324.5100,  3, 785.29, 45.55999999999767
239807, 32361.4900,  3, 479.24, 22.31000000000131
239813, 32362.1300,  3, 479.27, 22.9900000000016
239823, 32363.2000,  3, 466.66, 24.090000000000146
239824, 32363.3100,  3, 478.88, 24.12000000000262
239847, 32365.7700,  3, 464.33, 26.640000000003056
239849, 32365.9900,  3, 514.76, 26.850000000002183
239856, 32366.7400,  3, 550.79, 27.55000000000291
239860, 32367.1700,  3, 544.49, 27.970000000001164
239937, 32389.7600,  1, 28.36, 8.149999999997817
239937, 32389.7600,  1, 25.35, 8.149999999997817
240066, 32403.5800,  3, 432.50, 21.86999999999898
240069, 32403.9000,  3, 455.08, 22.200000000000728
240089, 32406.0400,  3, 435.79, 24.389999999999418
240101, 32407.3300,  3, 560.06, 25.63000000000102
240114, 32408.7200,  3, 463.42, 27.0099999999984
240158, 32413.4400,  3, 604.26, 31.720000000001164
240369, 32451.5100,  3, 448.53, 22.4800000000032
240378, 32452.4700,  3, 518.94, 23.37000000000262
240380, 32452.6900,  3, 514.58, 23.640000000003056
240417, 32456.6500,  3, 521.25, 27.56000000000131
240421, 32457.0800,  3, 474.70, 28.030000000002474
240422, 32457.1900,  3, 560.82, 28.159999999999854
240430, 32458.0400,  3, 501.04, 28.93000000000029
240479, 32463.2900,  3, 533.15, 34.27000000000044
240576, 32488.1300,  1, 94.89, 10.290000000000873
240576, 32488.1300,  1, 73.15, 10.290000000000873
240627, 32493.6000,  1, 177.64, 15.7599999999984
240627, 32493.6000,  1, 97.15, 15.7599999999984
240709, 32502.3800,  3, 560.55, 24.450000000000728
240736, 32505.2700,  3, 588.91, 27.400000000001455
240739, 32505.6000,  3, 577.65, 27.650000000001455
240774, 32509.3500,  3, 585.99, 31.43999999999869
240883, 32535.4200,  1, 97.47, 11.579999999998108
240883, 32535.4200,  1, 44.08, 11.579999999998108
241013, 32549.3500,  3, 520.85, 25.43000000000029
241021, 32550.2000,  3, 486.91, 26.270000000000437
241023, 32550.4200,  3, 481.57, 26.529999999998836
241031, 32551.2700,  3, 529.35, 27.38000000000102
241039, 32552.1300,  3, 445.77, 28.229999999999563
241123, 32561.1300,  3, 693.36, 37.2400000000016
241245, 32588.6700,  1, 124.68, 12.969999999997526
241245, 32588.6700,  1, 104.72, 12.969999999997526
241262, 32590.4900,  1, 154.42, 14.790000000000873
241262, 32590.4900,  1, 48.16, 14.790000000000873
241298, 32594.3500,  3, 430.65, 18.639999999999418
241328, 32597.5600,  3, 409.32, 21.7599999999984
241370, 32602.0600,  3, 508.31, 26.31999999999971
241393, 32604.5200,  3, 586.13, 28.719999999997526
241549, 32636.6100,  1, 94.80, 16.600000000002183
241549, 32636.6100,  1, 228.42, 16.600000000002183
241580, 32639.9400,  3, 415.11, 19.830000000001746
241627, 32644.9700,  3, 552.91, 24.860000000000582
241642, 32646.5800,  3, 465.74, 26.460000000002765
241643, 32646.6900,  3, 470.50, 26.650000000001455
241646, 32647.0100,  3, 428.40, 26.9900000000016
241678, 32650.4400,  3, 454.30, 30.38000000000102
241834, 32681.6900,  1, 200.32, 16.61999999999898
241834, 32681.6900,  1, 65.75, 16.61999999999898
241885, 32687.1500,  3, 423.46, 22.029999999998836
241892, 32687.9000,  3, 513.13, 22.81999999999971
241914, 32690.2600,  3, 450.03, 25.080000000001746
241921, 32691.0100,  3, 482.90, 25.88000000000102
241931, 32692.0800,  3, 528.24, 26.92000000000189
242080, 32708.0400,  3, 636.30, 42.93000000000029
242274, 32743.4000,  1, 115.96, 20.68000000000029
242274, 32743.4000,  1, 240.56, 20.68000000000029
242314, 32747.6900,  3, 500.44, 24.86999999999898
242349, 32751.4400,  3, 558.59, 28.649999999997817
242350, 32751.5400,  3, 559.95, 28.719999999997526
242356, 32752.1900,  3, 511.44, 29.36999999999898
242370, 32753.6900,  3, 482.22, 30.86999999999898
242383, 32755.0800,  3, 518.41, 32.349999999998545
242447, 32776.0200,  1, 37.39, 6.75
242447, 32776.0200,  1, -13.11, 6.75
242478, 32779.3400,  1, 57.36, 10.069999999999709
242478, 32779.3400,  1, 92.69, 10.069999999999709
242633, 32795.9400,  3, 468.57, 26.640000000006694
242642, 32796.9100,  3, 519.92, 27.590000000003783
242643, 32797.0200,  3, 511.56, 27.650000000001455
242680, 32800.9800,  3, 537.13, 31.630000000004657
242788, 32827.0200,  1, 143.28, 11.489999999997963
242788, 32827.0200,  1, 118.49, 11.489999999997963
242887, 32837.6200,  3, 423.21, 22.080000000001746
242888, 32837.7300,  3, 437.46, 22.169999999998254
242902, 32839.2300,  3, 508.07, 23.590000000003783
242904, 32839.4400,  3, 419.31, 23.87000000000262
242947, 32844.0500,  3, 482.41, 28.510000000002037
242975, 32847.0500,  3, 584.46, 31.4800000000032
243112, 32876.4100,  1, 131.65, 14.590000000003783
243204, 32886.2700,  3, 495.87, 24.44000000000233
243213, 32887.2300,  3, 551.62, 25.31999999999971
243238, 32889.9100,  3, 409.95, 28.080000000001746
243240, 32890.1200,  3, 496.00, 28.220000000001164
243246, 32890.7700,  3, 497.50, 28.93000000000029
243250, 32891.1900,  3, 483.83, 29.340000000003783
243279, 32894.3000,  3, 630.26, 32.38999999999942
243490, 32931.0900,  3, 471.15, 22.470000000001164
243517, 32933.9800,  3, 563.37, 25.37999999999738
243524, 32934.7300,  3, 474.84, 26.119999999995343
243530, 32935.3700,  3, 517.62, 26.779999999998836
243547, 32937.1900,  3, 544.58, 28.580000000001746
243551, 32937.6200,  3, 631.12, 29.0199999999968
243563, 32938.9100,  3, 450.09, 30.290000000000873
243600, 32942.8700,  3, 436.69, 34.25999999999476
243734, 32972.5500,  1, 176.45, 14.270000000004075
243734, 32972.5500,  1, 147.00, 14.270000000004075
243832, 32983.0500,  3, 498.21, 24.669999999998254
243836, 32983.4800,  3, 418.58, 25.099999999998545
243838, 32983.6900,  3, 456.64, 25.31999999999971
243848, 32984.7700,  3, 489.22, 26.389999999999418
243849, 32984.8700,  3, 492.12, 26.540000000000873
243868, 32986.9100,  3, 489.66, 28.529999999998836
243986, 33014.0200,  1, 111.71, 12.539999999993597
244019, 33017.5500,  1, 181.17, 16.06999999999971
244077, 33023.7700,  3, 397.43, 22.189999999995052
244079, 33023.9800,  3, 429.94, 22.389999999999418
244099, 33026.1200,  3, 518.34, 24.62999999999738
244117, 33028.0500,  3, 505.17, 26.539999999993597
244126, 33029.0200,  3, 491.60, 27.5
244153, 33031.9100,  3, 538.71, 30.359999999993306
244340, 33066.4100,  3, 420.27, 19.900000000001455
244368, 33069.4100,  3, 426.77, 22.860000000000582
244368, 33069.4100,  3, 506.92, 22.860000000000582
244387, 33071.4400,  3, 483.05, 24.950000000004366
244395, 33072.3000,  3, 470.31, 25.75
244398, 33072.6200,  3, 490.69, 26.110000000000582
244422, 33075.1900,  3, 525.89, 28.68000000000029
244433, 33076.3700,  3, 454.66, 29.87000000000262
244506, 33098.5900,  1, 2.70, 7.709999999999127
244506, 33098.5900,  1, 48.56, 7.709999999999127
244577, 33106.1900,  1, 147.56, 15.310000000004948
244577, 33106.1900,  1, 217.40, 15.310000000004948
244655, 33114.5500,  3, 454.57, 23.60000000000582
244674, 33116.5900,  3, 472.99, 25.650000000001455
244685, 33117.7700,  3, 488.81, 26.830000000001746
244724, 33121.9400,  3, 628.01, 30.970000000001164
244924, 33158.0200,  3, 456.62, 21.31999999999971
244925, 33158.1200,  3, 440.52, 21.37000000000262
244933, 33158.9800,  3, 415.89, 22.19999999999709
244934, 33159.0900,  3, 461.09, 22.30999999999767
244944, 33160.1600,  3, 468.61, 23.43000000000029
244944, 33160.1600,  3, 559.19, 23.43000000000029
244953, 33161.1200,  3, 503.43, 24.37999999999738
244977, 33163.6900,  3, 463.00, 27.0
245198, 33201.6900,  3, 464.59, 23.520000000004075
245201, 33202.0200,  3, 468.72, 23.81999999999971
245221, 33204.1600,  3, 506.10, 25.970000000001164
245225, 33204.5900,  3, 481.38, 26.400000000001455
245231, 33205.2300,  3, 380.22, 27.110000000000582
245233, 33205.4400,  3, 459.59, 27.270000000004075
245237, 33205.8700,  3, 532.52, 27.720000000001164
245247, 33206.9400,  3, 601.65, 28.760000000002037
245459, 33243.9800,  3, 486.30, 22.580000000001746
245496, 33247.9400,  3, 494.05, 26.510000000002037
245497, 33248.0500,  3, 558.36, 26.62000000000262
245499, 33248.2700,  3, 559.14, 26.830000000001746
245505, 33248.9100,  3, 391.87, 27.459999999999127
245542, 33252.8700,  3, 543.31, 31.4800000000032
245613, 33260.4800,  3, 449.44, 39.0
245647, 33264.1200,  3, 557.57, 42.63999999999942
245771, 33291.8400,  1, 93.76, 13.179999999993015
245771, 33291.8400,  1, 114.02, 13.179999999993015
245861, 33301.4800,  3, 474.84, 22.729999999995925
245883, 33303.8400,  3, 468.92, 25.099999999998545
245888, 33304.3700,  3, 540.61, 25.659999999996217
245909, 33306.6200,  3, 463.83, 27.909999999996217
245917, 33307.4800,  3, 512.34, 28.799999999995634
246034, 33320.0200,  3, 549.22, 41.32999999999447
246131, 33344.9100,  1, 131.21, 10.280000000006112
246131, 33344.9100,  1, 85.93, 10.280000000006112
246254, 33358.0900,  3, 466.51, 23.389999999999418
246276, 33360.4400,  3, 452.26, 25.760000000002037
246284, 33361.3000,  3, 500.62, 26.650000000001455
246288, 33361.7300,  3, 528.33, 27.040000000000873
246309, 33363.9800,  3, 462.76, 29.290000000000873
246310, 33364.0900,  3, 467.27, 29.360000000000582
246429, 33391.2300,  1, 42.14, 12.640000000006694
246429, 33391.2300,  1, 175.11, 12.640000000006694
246463, 33394.8700,  1, 120.52, 16.280000000006112
246463, 33394.8700,  1, 97.35, 16.280000000006112
246497, 33398.5200,  3, 433.82, 19.910000000003492
246535, 33402.5900,  3, 533.19, 23.950000000004366
246538, 33402.9100,  3, 455.92, 24.280000000006112
246564, 33405.6900,  3, 464.47, 27.080000000001746
246687, 33433.2300,  1, 108.66, 13.090000000003783
246687, 33433.2300,  1, 122.42, 13.090000000003783
246713, 33436.0200,  1, 125.01, 15.87999999999738
246713, 33436.0200,  1, 137.97, 15.87999999999738
246794, 33444.6900,  3, 502.94, 24.44999999999709
246802, 33445.5500,  3, 472.97, 25.340000000003783
246808, 33446.1900,  3, 501.84, 26.0
246825, 33448.0200,  3, 538.29, 27.770000000004075
246908, 33471.3400,  1, 50.17, 8.799999999995634
246908, 33471.3400,  1, 34.68, 8.799999999995634
246956, 33476.4800,  1, 128.04, 13.940000000002328
247014, 33482.6900,  1, 305.35, 20.150000000001455
247014, 33482.6900,  1, 264.68, 20.150000000001455
247086, 33490.4100,  3, 464.84, 27.849999999998545
247097, 33491.5900,  3, 498.65, 29.010000000002037
247107, 33492.6600,  3, 529.16, 30.049999999995634
247262, 33523.7300,  1, 75.66, 16.5
247262, 33523.7300,  1, 173.06, 16.5
247338, 33531.8700,  3, 471.95, 24.539999999993597
247339, 33531.9800,  3, 514.00, 24.719999999993888
247346, 33532.7300,  3, 497.17, 25.459999999999127
247351, 33533.2700,  3, 541.34, 26.0199999999968
247355, 33533.6900,  3, 488.46, 26.37999999999738
247388, 33537.2300,  3, 504.68, 29.89999999999418
247503, 33564.0200,  1, 124.37, 12.229999999995925
247503, 33564.0200,  1, 90.28, 12.229999999995925
247534, 33567.3400,  1, 109.83, 15.549999999995634
247534, 33567.3400,  1, 181.95, 15.549999999995634
247616, 33576.1200,  3, 454.82, 24.290000000000873
247626, 33577.1900,  3, 515.91, 25.37999999999738
247646, 33579.3400,  3, 517.64, 27.44999999999709
247651, 33579.8700,  3, 575.12, 28.0199999999968
247768, 33606.9400,  1, 166.32, 12.430000000000291
247768, 33606.9400,  1, 129.11, 12.430000000000291
247792, 33609.5200,  1, 211.55, 15.009999999994761
247792, 33609.5200,  1, 130.91, 15.009999999994761
247849, 33615.6200,  1, 68.96, 21.110000000000582
247907, 33621.8400,  3, 529.56, 27.239999999997963
247910, 33622.1600,  3, 450.00, 27.57999999999447
247952, 33626.6600,  3, 642.50, 32.12999999999738
248117, 33659.0200,  1, 146.40, 17.56999999999971
248117, 33659.0200,  1, 113.14, 17.56999999999971
248155, 33663.0900,  3, 453.56, 21.62000000000262
248174, 33665.1200,  3, 448.15, 23.580000000001746
248175, 33665.2300,  3, 404.63, 23.74000000000524
248211, 33669.0900,  3, 442.62, 27.62000000000262
248229, 33671.0200,  3, 549.59, 29.460000000006403
248230, 33671.1200,  3, 549.67, 29.630000000004657
248402, 33704.0200,  1, 202.59, 18.349999999998545
248402, 33704.0200,  1, 251.34, 18.349999999998545
248441, 33708.1900,  3, 505.35, 22.5
248479, 33712.2700,  3, 434.44, 26.540000000000873
248480, 33712.3700,  3, 535.29, 26.610000000000582
248499, 33714.4100,  3, 582.46, 28.69000000000233
248526, 33717.3000,  3, 443.11, 31.580000000001746
248559, 33720.8400,  3, 503.41, 35.06000000000495
248693, 33749.6600,  1, 139.61, 14.260000000002037
248693, 33749.6600,  1, 68.73, 14.260000000002037
248771, 33758.0200,  3, 509.26, 22.529999999998836
248773, 33758.2300,  3, 503.73, 22.779999999998836
248809, 33762.0900,  3, 482.90, 26.650000000001455
248811, 33762.3000,  3, 480.34, 26.81999999999971
248814, 33762.6200,  3, 523.73, 27.189999999995052
248837, 33765.0900,  3, 483.84, 29.589999999996508
249052, 33802.2300,  3, 546.57, 22.900000000001455
249056, 33802.6600,  3, 473.29, 23.31999999999971
249065, 33803.6200,  3, 537.98, 24.260000000002037
249084, 33805.6600,  3, 530.65, 26.279999999998836
249086, 33805.8700,  3, 477.67, 26.55000000000291
249089, 33806.1900,  3, 472.81, 26.87000000000262
249090, 33806.3000,  3, 502.00, 26.989999999997963
249128, 33810.3700,  3, 487.13, 31.05000000000291
249330, 33846.4100,  3, 477.36, 21.4800000000032
249340, 33847.4800,  3, 435.28, 22.590000000003783
249345, 33848.0200,  3, 518.93, 23.080000000001746
249354, 33848.9800,  3, 484.38, 24.05000000000291
249365, 33850.1600,  3, 516.07, 25.260000000002037
249379, 33851.6600,  3, 433.84, 26.69000000000233
249386, 33852.4100,  3, 414.97, 27.49000000000524
249389, 33852.7300,  3, 526.42, 27.80000000000291
249596, 33889.3400,  3, 392.83, 22.020000000004075
249618, 33891.6900,  3, 510.59, 24.400000000001455
249625, 33892.4400,  3, 439.18, 25.110000000000582
249629, 33892.8700,  3, 504.84, 25.62000000000262
249630, 33892.9800,  3, 483.44, 25.7300000000032
249645, 33894.5900,  3, 474.33, 27.290000000000873
249686, 33898.9800,  3, 511.71, 31.69000000000233
249694, 33899.8400,  3, 519.65, 32.529999999998836
249750, 33920.3700,  1, 7.22, 5.889999999999418
249750, 33920.3700,  1, -39.11, 5.889999999999418
249886, 33934.9400,  3, 400.37, 20.389999999999418
249905, 33936.9800,  3, 507.92, 22.389999999999418
249934, 33940.0900,  3, 488.77, 25.57999999999447
249936, 33940.3000,  3, 506.04, 25.80999999999767
249968, 33943.7300,  3, 498.76, 29.239999999997963
249985, 33945.5500,  3, 585.16, 31.029999999998836
250191, 33981.9800,  3, 496.82, 21.94000000000233
250196, 33982.5200,  3, 459.34, 22.419999999998254
250223, 33985.4100,  3, 446.98, 25.37999999999738
250227, 33985.8400,  3, 457.76, 25.80999999999767
250232, 33986.3700,  3, 507.02, 26.290000000000873
250237, 33986.9100,  3, 530.64, 26.900000000001455
250248, 33988.0900,  3, 613.77, 28.0199999999968
250283, 33991.8400,  3, 567.81, 31.779999999998836
250398, 34018.6900,  1, 134.89, 12.230000000003201
250398, 34018.6900,  1, 149.95, 12.230000000003201
250405, 34019.4400,  1, 135.47, 12.980000000003201
250405, 34019.4400,  1, 101.14, 12.980000000003201
250500, 34029.6200,  3, 453.21, 23.06999999999971
250513, 34031.0200,  3, 535.79, 24.529999999998836
250516, 34031.3400,  3, 488.05, 24.779999999998836
250560, 34036.0500,  3, 559.21, 29.55999999999767
250692, 34064.9100,  1, 112.43, 14.05000000000291
250692, 34064.9100,  1, 174.43, 14.05000000000291
250744, 34070.4800,  3, 407.53, 19.610000000000582
250768, 34073.0500,  3, 457.53, 22.150000000001455
250770, 34073.2700,  3, 443.25, 22.339999999996508
250779, 34074.2300,  3, 480.83, 23.30999999999767
250825, 34079.1600,  3, 580.67, 28.260000000002037
250859, 34082.8000,  3, 540.18, 31.87000000000262
251077, 34120.6200,  3, 418.79, 23.17000000000553
251085, 34121.4800,  3, 496.16, 24.030000000006112
251089, 34121.9100,  3, 459.89, 24.43000000000029
251090, 34122.0200,  3, 446.80, 24.55000000000291
251098, 34122.8700,  3, 571.26, 25.44000000000233
251107, 34123.8400,  3, 500.12, 26.400000000001455
251141, 34127.4800,  3, 489.76, 30.030000000006112
251286, 34143.0200,  3, 501.67, 45.63000000000466
251394, 34169.0900,  1, 90.70, 11.469999999993888
251394, 34169.0900,  1, 134.15, 11.469999999993888
251437, 34173.6900,  1, 143.66, 16.06999999999971
251452, 34175.3000,  1, 230.49, 17.68000000000029
251452, 34175.3000,  1, 97.65, 17.68000000000029
251517, 34182.2700,  3, 509.18, 24.56999999999971
251549, 34185.6900,  3, 490.26, 27.979999999995925
251561, 34186.9800,  3, 496.98, 29.25
251666, 34212.5900,  1, 97.78, 11.169999999998254
251667, 34212.6900,  1, 64.18, 11.270000000004075
251667, 34212.6900,  1, 140.22, 11.270000000004075
251773, 34224.0500,  3, 485.82, 22.599999999998545
251775, 34224.2700,  3, 438.38, 22.80000000000291
251793, 34226.1900,  3, 448.45, 24.69000000000233
251793, 34226.1900,  3, 503.56, 24.720000000001164
251837, 34230.9100,  3, 567.24, 29.400000000001455
251955, 34257.9400,  1, 118.09, 12.55000000000291
251955, 34257.9400,  1, 131.21, 12.55000000000291
251988, 34261.4800,  1, 66.48, 16.090000000003783
251988, 34261.4800,  1, 149.62, 16.090000000003783
252033, 34266.3000,  3, 446.67, 20.80000000000291
252068, 34270.0500,  3, 524.93, 24.610000000000582
252111, 34274.6600,  3, 583.00, 29.25
252121, 34275.7300,  3, 513.01, 30.290000000000873
252277, 34306.8700,  1, 114.42, 16.610000000000582
252277, 34306.8700,  1, 142.97, 16.610000000000582
252341, 34313.7300,  3, 479.79, 23.44999999999709
252360, 34315.7700,  3, 530.66, 25.409999999996217
252387, 34318.6600,  3, 487.04, 28.360000000000582
252396, 34319.6200,  3, 531.64, 29.31999999999971
252404, 34320.4800,  3, 575.14, 30.119999999995343
252405, 34320.5900,  3, 596.52, 30.290000000000873
252513, 34346.9100,  1, 131.21, 11.470000000001164
252513, 34346.9100,  1, 155.98, 11.470000000001164
252610, 34357.3000,  3, 423.41, 21.839999999996508
252611, 34357.4100,  3, 473.29, 21.94999999999709
252616, 34357.9400,  3, 399.34, 22.479999999995925
252622, 34358.5900,  3, 436.42, 23.07999999999447
252623, 34358.6900,  3, 475.69, 23.209999999999127
252667, 34363.4100,  3, 424.61, 27.860000000000582
252867, 34399.4400,  3, 403.31, 21.2699999999968
252884, 34401.2700,  3, 501.43, 23.06999999999971
252906, 34403.6200,  3, 518.70, 25.409999999996217
252918, 34404.9100,  3, 412.08, 26.779999999998836
252942, 34407.4800,  3, 487.82, 29.25999999999476
252949, 34408.2300,  3, 627.35, 30.040000000000873
252950, 34408.3400,  3, 667.79, 30.209999999999127
252979, 34411.4400,  3, 563.59, 33.25
253104, 34439.3000,  1, 64.86, 13.30000000000291
253104, 34439.3000,  1, 145.03, 13.30000000000291
253107, 34439.6200,  1, 156.29, 13.62000000000262
253107, 34439.6200,  1, 136.41, 13.62000000000262
253193, 34448.8400,  3, 445.78, 22.81999999999971
253224, 34452.1600,  3, 580.08, 26.06999999999971
253239, 34453.7700,  3, 550.17, 27.709999999999127
253273, 34457.4100,  3, 531.69, 31.30000000000291
253399, 34486.2700,  1, 140.98, 13.409999999996217
253399, 34486.2700,  1, 165.59, 13.409999999996217
253432, 34489.8000,  1, 89.07, 16.94000000000233
253483, 34495.2700,  3, 445.09, 22.30000000000291
253501, 34497.1900,  3, 496.80, 24.2699999999968
253510, 34498.1600,  3, 524.05, 25.239999999997963
253523, 34499.5500,  3, 528.40, 26.659999999996217
253542, 34501.5900,  3, 448.00, 28.720000000001164
253711, 34533.9800,  1, 158.83, 18.020000000004075
253711, 34533.9800,  1, 274.51, 18.020000000004075
253732, 34536.2300,  3, 401.62, 20.209999999999127
253777, 34541.0500,  3, 466.10, 24.989999999997963
253786, 34542.0200,  3, 532.29, 26.020000000004075
253798, 34543.3000,  3, 579.46, 27.31999999999971
253811, 34544.6900,  3, 499.48, 28.720000000001164
253826, 34546.3000,  3, 473.80, 30.2300000000032
253954, 34575.3000,  1, 113.43, 13.610000000000582
253954, 34575.3000,  1, 167.51, 13.610000000000582
254044, 34584.9400,  3, 482.66, 23.239999999997963
254056, 34586.2300,  3, 516.68, 24.529999999998836
254057, 34586.3400,  3, 495.44, 24.549999999995634
254068, 34587.5200,  3, 546.53, 25.739999999997963
254093, 34590.1900,  3, 508.46, 28.43000000000029
254127, 34593.8400,  3, 496.68, 32.13999999999942
254354, 34632.7300,  3, 456.12, 24.19999999999709
254371, 34634.5500,  3, 498.51, 26.0
254375, 34634.9800,  3, 584.45, 26.470000000001164
254378, 34635.3000,  3, 524.97, 26.779999999998836
254390, 34636.5900,  3, 505.66, 28.0
254415, 34639.2700,  3, 480.98, 30.68000000000029
254444, 34642.3700,  3, 547.54, 33.81999999999971
254495, 34647.8400,  3, 623.41, 39.30999999999767
254617, 34675.3700,  1, 152.42, 12.970000000001164
254617, 34675.3700,  1, 178.72, 12.970000000001164
254721, 34686.5200,  3, 429.66, 24.099999999998545
254730, 34687.4800,  3, 493.91, 25.05999999999767
254738, 34688.3400,  3, 465.09, 25.909999999996217
254745, 34689.0900,  3, 523.54, 26.659999999996217
254763, 34691.0200,  3, 523.14, 28.56999999999971
254823, 34697.4400,  3, 562.39, 35.029999999998836
254981, 34730.8700,  1, 219.06, 16.830000000001746
254981, 34730.8700,  1, 124.27, 16.830000000001746
255030, 34736.1200,  3, 456.24, 22.06999999999971
255044, 34737.6200,  3, 505.09, 23.489999999997963
255046, 34737.8400,  3, 495.39, 23.7699999999968
255049, 34738.1600,  3, 556.05, 24.0199999999968
255053, 34738.5900,  3, 516.11, 24.479999999995925
255125, 34746.3000,  3, 406.67, 32.25
255185, 34767.1900,  1, 29.84, 6.319999999999709
255185, 34767.1900,  1, 21.58, 6.319999999999709
255263, 34775.5500,  1, 197.16, 14.680000000000291
255266, 34775.8700,  1, 188.84, 15.0
255266, 34775.8700,  1, 107.54, 15.0
255331, 34782.8400,  3, 485.55, 21.959999999999127
255369, 34786.9100,  3, 471.72, 25.989999999997963
255387, 34788.8400,  3, 493.39, 27.869999999995343
255509, 34816.4400,  1, 125.88, 12.970000000001164
255509, 34816.4400,  1, 151.69, 12.970000000001164
255515, 34817.0900,  1, 85.65, 13.619999999995343
255602, 34826.4100,  3, 479.08, 22.830000000001746
255633, 34829.7300,  3, 558.87, 26.229999999995925
255649, 34831.4400,  3, 549.70, 27.900000000001455
255654, 34831.9800,  3, 468.40, 28.409999999996217
255676, 34834.3400,  3, 463.55, 30.7699999999968
255812, 34863.3000,  1, 99.75, 14.460000000006403
255878, 34870.3700,  3, 467.51, 21.460000000006403
255880, 34870.5900,  3, 405.84, 21.7300000000032
255908, 34873.5900,  3, 452.71, 24.650000000001455
255928, 34875.7300,  3, 545.72, 26.840000000003783
255939, 34876.9100,  3, 419.75, 28.05000000000291
255959, 34879.0500,  3, 552.05, 30.110000000000582
255962, 34879.3700,  3, 514.42, 30.5
256130, 34911.7700,  1, 143.64, 17.909999999996217
256130, 34911.7700,  1, 224.24, 17.909999999996217
256163, 34915.3000,  3, 462.33, 21.339999999996508
256165, 34915.5200,  3, 473.69, 21.62000000000262
256184, 34917.5500,  3, 420.02, 23.610000000000582
256215, 34920.8700,  3, 482.98, 26.909999999996217
256240, 34923.5500,  3, 406.11, 29.639999999999418
256257, 34925.3700,  3, 455.70, 31.409999999996217
256322, 34946.6900,  1, -11.88, 6.860000000000582
256322, 34946.6900,  1, 29.21, 6.860000000000582
256375, 34952.3700,  1, 129.46, 12.540000000000873
256375, 34952.3700,  1, 135.41, 12.540000000000873
256399, 34954.9400,  1, 166.70, 15.110000000000582
256399, 34954.9400,  1, 162.67, 15.110000000000582
256489, 34964.5900,  3, 498.19, 24.69999999999709
256536, 34969.6200,  3, 558.04, 29.739999999997963
256692, 35000.8700,  1, 138.25, 16.60000000000582
256692, 35000.8700,  1, 213.34, 16.60000000000582
256752, 35007.3000,  3, 479.16, 22.970000000001164
256775, 35009.7700,  3, 550.69, 25.400000000001455
256789, 35011.2700,  3, 478.58, 26.9800000000032
256794, 35011.8000,  3, 541.75, 27.42000000000553
256806, 35013.0900,  3, 544.63, 28.720000000001164
256832, 35015.8700,  3, 481.10, 31.540000000000873
256954, 35043.3400,  1, -18.72, 12.969999999993888
256954, 35043.3400,  1, 147.58, 12.969999999993888
256961, 35044.0900,  1, 137.99, 13.719999999993888
256961, 35044.0900,  1, 189.30, 13.719999999993888
257085, 35057.3700,  3, 509.47, 26.959999999999127
257093, 35058.2300,  3, 546.50, 27.790000000000873
257094, 35058.3400,  3, 464.25, 27.909999999996217
257104, 35059.4100,  3, 651.80, 28.939999999995052
257297, 35094.6600,  3, 479.41, 20.5199999999968
257342, 35099.4800,  3, 489.65, 25.31999999999971
257346, 35099.9100,  3, 534.28, 25.81999999999971
257348, 35100.1200,  3, 454.41, 26.029999999998836
257354, 35100.7700,  3, 474.09, 26.590000000003783
257357, 35101.0900,  3, 525.92, 26.959999999999127
257387, 35104.3000,  3, 545.45, 30.139999999999418
257411, 35106.8700,  3, 547.28, 32.76000000000204
257488, 35129.1900,  1, 9.99, 8.139999999999418
257488, 35129.1900,  1, 70.39, 8.139999999999418
257491, 35129.5200,  1, 2.62, 8.469999999993888
257491, 35129.5200,  1, 48.45, 8.469999999993888
257551, 35135.9400,  1, 109.22, 14.889999999999418
257551, 35135.9400,  1, 145.29, 14.889999999999418
257562, 35137.1200,  1, 176.30, 16.06999999999971
257562, 35137.1200,  1, 223.96, 16.06999999999971
257721, 35168.9100,  1, 66.95, 16.830000000001746
257721, 35168.9100,  1, 171.49, 16.830000000001746
257760, 35173.0900,  3, 473.02, 20.979999999995925
257760, 35173.0900,  3, 427.98, 20.989999999997963
257769, 35174.0500,  3, 478.14, 21.959999999999127
257797, 35177.0500,  3, 530.13, 24.860000000000582
257867, 35184.5500,  3, 697.74, 32.37999999999738
257876, 35185.5200,  3, 518.79, 33.37999999999738
257996, 35212.5900,  1, 98.36, 12.769999999996799
257996, 35212.5900,  1, 126.76, 12.769999999996799
258104, 35224.1600,  3, 515.52, 24.25
258137, 35227.6900,  3, 472.97, 27.849999999998545
258146, 35228.6600,  3, 497.17, 28.80000000000291
258183, 35232.6200,  3, 545.11, 32.75
258216, 35236.1600,  3, 589.64, 36.29000000000087
258217, 35236.2700,  3, 456.94, 36.44000000000233
258398, 35270.2300,  3, 440.41, 19.18000000000029
258450, 35275.8000,  3, 473.36, 24.80000000000291
258452, 35276.0200,  3, 561.68, 25.030000000006112
258460, 35276.8700,  3, 515.07, 25.840000000003783
258470, 35277.9400,  3, 509.26, 26.910000000003492
258512, 35282.4400,  3, 538.29, 31.470000000001164
258536, 35285.0200,  3, 546.22, 34.04000000000087
258570, 35288.6600,  3, 595.14, 37.69000000000233
258695, 35316.5500,  1, 104.65, 13.290000000000873
258695, 35316.5500,  1, 162.10, 13.290000000000873
258786, 35326.3000,  3, 495.92, 22.970000000001164
258796, 35327.3700,  3, 475.64, 24.089999999996508
258814, 35329.3000,  3, 503.09, 25.939999999995052
258817, 35329.6200,  3, 447.08, 26.32999999999447
258843, 35332.4100,  3, 525.31, 29.049999999995634
258854, 35333.5900,  3, 566.48, 30.299999999995634
259064, 35371.4100,  1, 230.33, 22.400000000001455
259064, 35371.4100,  1, 261.83, 22.400000000001455
259067, 35371.7300,  3, 460.06, 22.689999999995052
259081, 35373.2300,  3, 523.82, 24.119999999995343
259090, 35374.1900,  3, 477.92, 25.150000000001455
259097, 35374.9400,  3, 468.97, 25.860000000000582
259103, 35375.5900,  3, 532.31, 26.529999999998836
259158, 35381.4800,  3, 641.10, 32.43999999999505
259241, 35404.5900,  1, 45.73, 8.789999999993597
259241, 35404.5900,  1, 40.36, 8.789999999993597
259263, 35406.9400,  1, 86.34, 11.139999999999418
259263, 35406.9400,  1, 108.06, 11.139999999999418
259362, 35417.5500,  3, 479.11, 21.739999999997963
259385, 35420.0200,  3, 502.20, 24.110000000000582
259444, 35426.3400,  3, 564.02, 30.479999999995925
259496, 35431.9100,  3, 474.95, 36.08999999999651
259639, 35461.6600,  1, 186.81, 15.220000000001164
259639, 35461.6600,  1, 207.72, 15.220000000001164
259703, 35468.5200,  3, 497.82, 21.970000000001164
259725, 35470.8700,  3, 426.60, 24.339999999996508
259731, 35471.5200,  3, 540.74, 25.029999999998836
259749, 35473.4400,  3, 464.45, 26.959999999999127
259781, 35476.8700,  3, 513.46, 30.419999999998254
259789, 35477.7300,  3, 583.44, 31.229999999995925
259913, 35505.4400,  1, 149.04, 13.17000000000553
259913, 35505.4400,  1, 191.76, 13.17000000000553
260025, 35517.4400,  3, 502.34, 25.080000000001746
260031, 35518.0900,  3, 473.38, 25.80000000000291
260036, 35518.6200,  3, 538.04, 26.280000000006112
260055, 35520.6600,  3, 582.58, 28.31999999999971
260056, 35520.7700,  3, 514.20, 28.400000000001455
260078, 35523.1200,  3, 521.30, 30.760000000002037
260238, 35554.7300,  1, 127.32, 17.060000000004948
260272, 35558.3700,  3, 461.36, 20.62000000000262
260284, 35559.6600,  3, 460.76, 21.950000000004366
260288, 35560.0900,  3, 493.31, 22.380000000004657
260293, 35560.6200,  3, 457.07, 22.860000000000582
260335, 35565.1200,  3, 533.95, 27.44000000000233
260365, 35568.3400,  3, 533.77, 30.650000000001455
260406, 35572.7300,  3, 581.67, 35.020000000004075
260521, 35599.4100,  1, 124.63, 12.240000000005239
260521, 35599.4100,  1, 114.45, 12.240000000005239
260612, 35609.1600,  3, 480.51, 21.919999999998254
260627, 35610.7700,  3, 438.95, 23.56999999999971
260643, 35612.4800,  3, 411.46, 25.30000000000291
260643, 35612.4800,  3, 493.44, 25.200000000004366
260647, 35612.9100,  3, 518.89, 25.700000000004366
260678, 35616.2300,  3, 435.52, 28.950000000004366
260798, 35643.8000,  1, 102.67, 12.760000000002037
260798, 35643.8000,  1, 183.93, 12.760000000002037
260804, 35644.4400,  1, 152.13, 13.400000000001455
260804, 35644.4400,  1, 184.06, 13.400000000001455
260806, 35644.6600,  1, 85.02, 13.62000000000262
260888, 35653.4400,  3, 477.65, 22.360000000000582
260919, 35656.7700,  3, 452.09, 25.669999999998254
261031, 35668.7700,  3, 636.72, 37.70999999999913
261110, 35692.5200,  1, 27.02, 8.359999999993306
261110, 35692.5200,  1, 44.56, 8.359999999993306
261137, 35695.4100,  1, 128.77, 11.25
261240, 35706.4400,  3, 389.25, 22.189999999995052
261244, 35706.8700,  3, 434.91, 22.62999999999738
261274, 35710.0900,  3, 459.70, 25.82999999999447
261277, 35710.4100,  3, 473.27, 26.169999999998254
261370, 35720.3700,  3, 603.55, 36.11999999999534
261489, 35747.5900,  1, 113.34, 12.669999999998254
261504, 35749.1900,  1, 124.43, 14.270000000004075
261504, 35749.1900,  1, 132.15, 14.270000000004075
261588, 35758.1900,  3, 472.57, 23.260000000002037
261591, 35758.5200,  3, 442.50, 23.540000000000873
261598, 35759.2700,  3, 452.64, 24.330000000001746
261627, 35762.3700,  3, 501.95, 27.360000000000582
261630, 35762.6900,  3, 463.88, 27.75
261756, 35790.5200,  1, 97.22, 13.409999999996217
261756, 35790.5200,  1, 163.85, 13.409999999996217
261842, 35799.7300,  3, 395.55, 22.529999999998836
261842, 35799.7300,  3, 450.23, 22.55000000000291
261865, 35802.1900,  3, 515.81, 25.0199999999968
261898, 35805.7300,  3, 509.50, 28.55000000000291
261899, 35805.8400,  3, 467.40, 28.669999999998254
261942, 35810.4400,  3, 523.06, 33.23999999999796
262019, 35833.4100,  1, 58.83, 8.140000000006694
262019, 35833.4100,  1, -1.69, 8.140000000006694
262143, 35846.6900,  3, 470.10, 21.340000000003783
262144, 35846.8000,  3, 432.78, 21.470000000001164
262162, 35848.7300,  3, 457.86, 23.43000000000029
262168, 35849.3700,  3, 522.56, 24.010000000002037
262245, 35857.6200,  3, 548.80, 32.34000000000378
262261, 35859.3400,  3, 571.47, 34.020000000004075
262406, 35890.2300,  1, 113.27, 15.430000000000291
262406, 35890.2300,  1, 200.99, 15.430000000000291
262417, 35891.4100,  1, 10.81, 16.610000000000582
262427, 35892.4800,  1, 141.89, 17.68000000000029
262427, 35892.4800,  1, 55.46, 17.68000000000029
262478, 35897.9400,  3, 444.44, 23.12999999999738
262520, 35902.4400,  3, 422.26, 27.589999999996508
262546, 35905.2300,  1, 170.60, 30.43000000000029
262621, 35927.7700,  1, 75.73, 7.930000000000291
262621, 35927.7700,  1, 29.46, 7.930000000000291
262697, 35935.9100,  1, 127.73, 16.070000000006985
262809, 35947.9100,  3, 497.32, 27.960000000006403
262809, 35947.9100,  3, 544.34, 27.99000000000524
262815, 35948.5500,  3, 508.41, 28.700000000004366
262829, 35950.0500,  3, 494.25, 30.110000000000582
262854, 35952.7300,  3, 573.40, 32.820000000006985
262972, 35979.8000,  1, 177.88, 12.560000000004948
262972, 35979.8000,  1, 135.98, 12.560000000004948
262984, 35981.0900,  1, 157.85, 13.849999999998545
263073, 35990.6200,  3, 454.38, 23.290000000000873
263085, 35991.9100,  3, 474.89, 24.639999999999418
263109, 35994.4800,  3, 534.06, 27.139999999999418
263120, 35995.6600,  3, 553.97, 28.31999999999971
263125, 35996.1900,  3, 587.12, 28.900000000001455
263270, 36026.2300,  1, 54.75, 15.430000000000291
263270, 36026.2300,  1, 159.46, 15.430000000000291
263348, 36034.5900,  3, 471.11, 23.689999999995052
263362, 36036.0900,  3, 580.85, 25.279999999998836
263382, 36038.2300,  3, 431.22, 27.389999999999418
263392, 36039.3000,  3, 543.80, 28.39999999999418
263392, 36039.3000,  3, 457.85, 28.479999999995925
263420, 36042.3000,  3, 491.48, 31.44999999999709
263532, 36068.6900,  1, 108.56, 11.889999999999418
263532, 36068.6900,  1, 114.31, 11.889999999999418
263576, 36073.4100,  1, 54.77, 16.610000000000582
263636, 36079.8400,  3, 463.57, 22.969999999993888
263642, 36080.4800,  3, 444.26, 23.610000000000582
263665, 36082.9400,  3, 366.84, 26.12999999999738
263670, 36083.4800,  3, 513.11, 26.669999999998254
263718, 36088.6200,  3, 438.01, 31.719999999993888
263840, 36117.0500,  1, 168.17, 12.970000000001164
263840, 36117.0500,  1, 178.47, 12.970000000001164
263928, 36126.4800,  3, 468.43, 22.349999999998545
263944, 36128.1900,  3, 470.20, 24.080000000001746
263953, 36129.1600,  3, 474.25, 25.0
263978, 36131.8400,  3, 496.44, 27.659999999996217
264014, 36135.6900,  3, 578.32, 31.549999999995634
264049, 36139.4400,  3, 635.87, 35.330000000001746
264177, 36167.8700,  1, 121.22, 13.610000000000582
264273, 36178.1600,  3, 488.88, 23.799999999995634
264273, 36178.1600,  3, 520.77, 23.790000000000873
264277, 36178.5900,  3, 470.84, 24.25
264292, 36180.1900,  3, 443.46, 25.919999999998254
264299, 36180.9400,  3, 274.32, 26.62999999999738
264359, 36187.3700,  3, 558.62, 33.029999999998836
264379, 36189.5200,  3, 555.75, 35.19999999999709
264524, 36219.4800,  1, 182.47, 15.450000000004366
264524, 36219.4800,  1, 75.57, 15.450000000004366
264631, 36230.9400,  3, 466.55, 26.849999999998545
264647, 36232.6600,  3, 585.12, 28.590000000003783
264647, 36232.6600,  3, 579.68, 28.62000000000262
264658, 36233.8400,  3, 406.97, 29.790000000000873
264668, 36234.9100,  3, 489.97, 30.81999999999971
264707, 36239.0900,  3, 622.72, 35.020000000004075
264838, 36267.3700,  1, 97.04, 13.930000000000291
264838, 36267.3700,  1, 143.48, 13.930000000000291
264857, 36269.4100,  1, 144.96, 15.970000000001164
264881, 36271.9800,  3, 419.80, 18.459999999999127
264926, 36276.8000,  3, 471.16, 23.32999999999447
264933, 36277.5500,  3, 525.15, 24.040000000000873
264947, 36279.0500,  3, 536.23, 25.5199999999968
264947, 36279.0500,  3, 500.13, 25.57999999999447
265022, 36301.4800,  1, 70.19, 7.92000000000553
265022, 36301.4800,  1, 36.62, 7.92000000000553
265074, 36307.0500,  1, 117.46, 13.490000000005239
265074, 36307.0500,  1, 68.81, 13.490000000005239
265150, 36315.1900,  3, 494.34, 21.56999999999971
265184, 36318.8400,  3, 522.89, 25.2300000000032
265202, 36320.7700,  3, 473.03, 27.160000000003492
265205, 36321.0900,  3, 548.95, 27.49000000000524
265357, 36351.5500,  1, 114.06, 16.17000000000553
265357, 36351.5500,  1, 140.29, 16.17000000000553
265415, 36357.7700,  3, 469.79, 22.31999999999971
265445, 36360.9800,  3, 443.29, 25.580000000001746
265456, 36362.1600,  3, 418.60, 26.7300000000032
265458, 36362.3700,  3, 533.98, 26.889999999999418
265461, 36362.6900,  3, 481.49, 27.290000000000873
265486, 36365.3700,  3, 455.21, 29.900000000001455
265713, 36404.9800,  3, 488.95, 24.119999999995343
265721, 36405.8400,  3, 446.89, 25.0199999999968
265724, 36406.1600,  3, 502.51, 25.31999999999971
265737, 36407.5500,  3, 464.28, 26.69999999999709
265738, 36407.6600,  3, 511.78, 26.81999999999971
265741, 36407.9800,  3, 431.46, 27.12999999999738
265779, 36412.0500,  3, 455.79, 31.18000000000029
265790, 36413.2300,  3, 597.82, 32.36999999999534
265856, 36434.8400,  1, 53.08, 6.9799999999959255
265856, 36434.8400,  1, 5.49, 6.9799999999959255
266024, 36452.8400,  3, 429.43, 24.919999999998254
266038, 36454.3400,  3, 547.54, 26.419999999998254
266051, 36455.7300,  3, 513.74, 27.80999999999767
266066, 36457.3400,  3, 554.88, 29.409999999996217
266075, 36458.3000,  3, 626.53, 30.37000000000262
266117, 36462.8000,  3, 555.41, 34.919999999998254
266336, 36501.5900,  3, 428.80, 23.299999999995634
266343, 36502.3400,  3, 534.71, 24.039999999993597
266376, 36505.8700,  3, 461.58, 27.539999999993597
266401, 36508.5500,  3, 547.14, 30.279999999998836
266403, 36508.7700,  3, 511.79, 30.479999999995925
266420, 36510.5900,  3, 525.06, 32.31999999999971
266433, 36511.9800,  3, 477.48, 33.68999999999505
266487, 36517.7700,  3, 604.06, 39.529999999998836
266640, 36548.5200,  1, 83.69, 16.289999999993597
266640, 36548.5200,  1, 194.81, 16.289999999993597
266709, 36555.9100,  3, 506.31, 23.62999999999738
266724, 36557.5200,  3, 542.06, 25.189999999995052
266726, 36557.7300,  3, 512.24, 25.469999999993888
266742, 36559.4400,  3, 383.80, 27.169999999998254
266748, 36560.0900,  3, 462.76, 27.7699999999968
266876, 36573.8000,  3, 570.31, 41.46999999999389
267018, 36604.4800,  1, 57.52, 15.12000000000262
267018, 36604.4800,  1, 108.02, 15.12000000000262
267112, 36614.5500,  3, 446.34, 25.089999999996508
267119, 36615.3000,  3, 439.87, 25.87999999999738
267126, 36616.0500,  3, 487.92, 26.599999999998545
267138, 36617.3400,  3, 573.11, 27.909999999996217
267205, 36624.5200,  3, 518.37, 35.099999999998545
267238, 36628.0500,  3, 648.20, 38.580000000001746
267355, 36655.1200,  1, 154.63, 12.42000000000553
267355, 36655.1200,  1, 159.72, 12.42000000000553
267378, 36657.5900,  1, 100.26, 14.889999999999418
267378, 36657.5900,  1, 51.85, 14.889999999999418
267444, 36664.6600,  3, 433.14, 21.950000000004366
267465, 36666.9100,  3, 502.08, 24.200000000004366
267468, 36667.2300,  3, 484.66, 24.520000000004075
267498, 36670.4400,  3, 532.61, 27.650000000001455
267640, 36700.3700,  1, 140.79, 15.10000000000582
267705, 36707.3400,  3, 438.92, 22.030000000006112
267714, 36708.3000,  3, 481.71, 22.99000000000524
267740, 36711.0900,  3, 515.45, 25.810000000004948
267740, 36711.0900,  3, 519.30, 25.810000000004948
267750, 36712.1600,  3, 508.21, 26.780000000006112
267769, 36714.1900,  3, 498.40, 28.81999999999971
267801, 36717.6200,  3, 513.28, 32.34000000000378
268005, 36754.0200,  3, 487.16, 21.739999999997963
268014, 36754.9800,  3, 488.45, 22.650000000001455
268020, 36755.6200,  3, 465.13, 23.30999999999767
268026, 36756.2700,  3, 496.53, 23.94999999999709
268038, 36757.5500,  3, 490.98, 25.220000000001164
268043, 36758.0900,  3, 461.21, 25.7699999999968
268085, 36762.5900,  3, 542.36, 30.220000000001164
268148, 36769.3400,  3, 584.64, 37.0
268280, 36797.9100,  1, 126.77, 14.05000000000291
268358, 36806.2700,  3, 457.53, 22.30999999999767
268368, 36807.3400,  3, 475.82, 23.44999999999709
268371, 36807.6600,  3, 412.68, 23.709999999999127
268377, 36808.3000,  3, 493.35, 24.349999999998545
268394, 36810.1200,  3, 492.96, 26.159999999996217
268397, 36810.4400,  3, 574.28, 26.510000000002037
268409, 36811.7300,  3, 533.96, 27.760000000002037
268632, 36850.0200,  3, 437.45, 23.689999999995052
268642, 36851.0900,  3, 448.76, 24.839999999996508
268649, 36851.8400,  3, 491.42, 25.50999999999476
268657, 36852.6900,  3, 547.72, 26.359999999993306
268703, 36857.6200,  3, 483.02, 31.349999999998545
268715, 36858.9100,  3, 573.77, 32.61999999999534
268722, 36859.6600,  3, 588.85, 33.36999999999534
268821, 36870.2700,  3, 560.24, 44.0199999999968
268896, 36892.7300,  1, 50.39, 7.930000000000291
268896, 36892.7300,  1, -4.15, 7.930000000000291
268966, 36900.2300,  1, 102.73, 15.430000000000291
268966, 36900.2300,  1, 158.68, 15.430000000000291
269038, 36907.9400,  3, 540.89, 23.07999999999447
269039, 36908.0500,  3, 435.26, 23.19999999999709
269043, 36908.4800,  3, 387.11, 23.62999999999738
269045, 36908.6900,  3, 423.12, 23.789999999993597
269259, 36945.9400,  3, 495.29, 22.760000000002037
269271, 36947.2300,  3, 401.48, 24.060000000004948
269294, 36949.6900,  3, 622.17, 26.459999999999127
269296, 36949.9100,  3, 550.50, 26.75
269313, 36951.7300,  3, 577.56, 28.590000000003783
269327, 36953.2300,  3, 562.58, 30.090000000003783
269328, 36953.3400,  3, 657.19, 30.17000000000553
269344, 36955.0500,  3, 466.71, 31.840000000003783
269575, 36995.1900,  3, 475.72, 24.55000000000291
269582, 36995.9400,  3, 478.68, 25.340000000003783
269584, 36996.1600,  3, 495.03, 25.540000000000873
269587, 36996.4800,  3, 533.38, 25.830000000001746
269592, 36997.0200,  3, 379.92, 26.43000000000029
269606, 36998.5200,  3, 569.62, 27.85000000000582
269618, 36999.8000,  3, 630.93, 29.17000000000553
269642, 37002.3700,  3, 417.44, 31.709999999999127
269869, 37041.0900,  3, 436.29, 24.19999999999709
269882, 37042.4800,  3, 478.68, 25.549999999995634
269886, 37042.9100,  3, 379.88, 26.0199999999968
269902, 37044.6200,  3, 514.63, 27.689999999995052
269907, 37045.1600,  3, 556.08, 28.209999999999127
269908, 37045.2700,  3, 482.43, 28.299999999995634
270042, 37059.6200,  3, 389.35, 42.729999999995925
270362, 37093.9100,  3, 336.78, 76.97999999999593
270444, 37117.9100,  1, 3.87, 8.680000000000291
270444, 37117.9100,  1, 71.29, 8.680000000000291
270500, 37123.9100,  1, 189.47, 14.680000000000291
270500, 37123.9100,  1, 156.48, 14.680000000000291
270529, 37127.0200,  1, 122.65, 17.789999999993597
270593, 37133.8700,  3, 470.79, 24.55999999999767
270596, 37134.1900,  3, 492.82, 24.909999999996217
270612, 37135.9100,  3, 480.05, 26.659999999996217
270724, 37162.3700,  1, 84.62, 11.900000000001455
270724, 37162.3700,  1, 91.96, 11.900000000001455
270800, 37170.5200,  3, 421.52, 19.989999999997963
270816, 37172.2300,  3, 437.26, 21.669999999998254
270828, 37173.5200,  3, 448.51, 23.040000000000873
270870, 37178.0200,  3, 433.30, 27.540000000000873
270897, 37180.9100,  1, 298.83, 30.44000000000233
270939, 37185.4100,  3, 744.04, 34.900000000001455
271094, 37216.5200,  1, 123.94, 16.50999999999476
271094, 37216.5200,  1, 53.25, 16.50999999999476
271152, 37222.7300,  3, 458.20, 22.619999999995343
271155, 37223.0500,  3, 460.94, 22.989999999997963
271155, 37223.0500,  3, 469.64, 23.0199999999968
271156, 37223.1600,  3, 385.24, 23.139999999999418
271172, 37224.8700,  3, 503.13, 24.82999999999447
271198, 37227.6600,  3, 559.65, 27.55999999999767
271286, 37252.5500,  1, 76.34, 9.340000000003783
271286, 37252.5500,  1, 58.11, 9.340000000003783
271346, 37258.9800,  1, 231.85, 15.770000000004075
271346, 37258.9800,  1, 113.31, 15.770000000004075
271410, 37265.8400,  3, 516.39, 22.610000000000582
271412, 37266.0500,  3, 520.74, 22.779999999998836
271465, 37271.7300,  3, 591.58, 28.459999999999127
271498, 37275.2700,  3, 553.46, 31.950000000004366
271624, 37303.2700,  1, 45.68, 13.419999999998254
271684, 37309.6900,  1, 179.68, 19.840000000003783
271684, 37309.6900,  1, 112.98, 19.840000000003783
271707, 37312.1600,  3, 404.85, 22.279999999998836
271730, 37314.6200,  3, 502.34, 24.700000000004366
271733, 37314.9400,  3, 518.34, 25.029999999998836
271745, 37316.2300,  3, 488.86, 26.310000000004948
271784, 37320.4100,  3, 522.45, 30.520000000004075
271903, 37347.6600,  1, 142.76, 12.67000000000553
271903, 37347.6600,  1, 114.23, 12.67000000000553
271985, 37356.4400,  3, 479.22, 21.43000000000029
272016, 37359.7700,  3, 468.46, 24.75
272022, 37360.4100,  3, 507.52, 25.410000000003492
272088, 37367.4800,  3, 537.53, 32.43000000000029
272089, 37367.5900,  3, 675.79, 32.520000000004075
272091, 37367.8000,  3, 425.68, 32.779999999998836
272205, 37394.5200,  1, 160.48, 12.119999999995343
272205, 37394.5200,  1, 81.92, 12.119999999995343
272285, 37403.0900,  1, 233.75, 20.689999999995052
272322, 37407.0500,  3, 468.14, 24.599999999998545
272339, 37408.8700,  3, 451.97, 26.369999999995343
272362, 37411.3400,  3, 503.27, 28.860000000000582
272387, 37414.0200,  3, 456.82, 31.529999999998836
272409, 37416.3700,  3, 574.32, 33.87999999999738
272625, 37453.8000,  3, 444.65, 22.93000000000029
272628, 37454.1200,  3, 457.32, 23.290000000000873
272636, 37454.9800,  3, 454.12, 24.169999999998254
272637, 37455.0900,  3, 436.11, 24.299999999995634
272649, 37456.3700,  3, 389.87, 25.599999999998545
272658, 37457.3400,  3, 476.73, 26.479999999995925
272659, 37457.4400,  3, 500.80, 26.650000000001455
272689, 37460.6600,  3, 418.45, 29.82999999999447
272802, 37487.3000,  1, 111.41, 12.0
272830, 37490.3000,  1, 108.26, 15.0
272873, 37494.9100,  3, 455.08, 19.529999999998836
272920, 37499.9400,  3, 451.23, 24.599999999998545
272938, 37501.8700,  3, 435.59, 26.489999999997963
272944, 37502.5200,  3, 433.14, 27.19999999999709
272953, 37503.4800,  3, 525.79, 28.07999999999447
273004, 37508.9400,  3, 521.87, 33.58999999999651
273115, 37535.1900,  1, 144.79, 11.790000000000873
273115, 37535.1900,  1, 123.57, 11.790000000000873
273117, 37535.4100,  1, 105.42, 12.010000000002037
273117, 37535.4100,  1, 106.16, 12.010000000002037
273227, 37547.1900,  3, 445.39, 23.729999999995925
273250, 37549.6600,  3, 497.97, 26.229999999995925
273275, 37552.3400,  3, 572.02, 28.93000000000029
273299, 37554.9100,  3, 543.95, 31.44999999999709
273364, 37577.0900,  1, -21.21, 6.869999999995343
273364, 37577.0900,  1, 45.48, 6.869999999995343
273381, 37578.9100,  1, 21.97, 8.690000000002328
273381, 37578.9100,  1, 106.35, 8.690000000002328
273506, 37592.3000,  3, 461.31, 22.06999999999971
273547, 37596.6900,  3, 394.53, 26.44999999999709
273555, 37597.5500,  3, 591.92, 27.299999999995634
273590, 37601.3000,  3, 488.83, 31.029999999998836
273697, 37627.1900,  1, 105.90, 11.37000000000262
273727, 37630.4100,  1, 59.19, 14.590000000003783
273789, 37637.0500,  1, 87.00, 21.2300000000032
273795, 37637.6900,  3, 435.36, 21.860000000000582
273803, 37638.5500,  3, 516.03, 22.69999999999709
273842, 37642.7300,  3, 449.53, 26.80000000000291
273852, 37643.8000,  3, 409.53, 27.87999999999738
273880, 37646.8000,  3, 555.15, 30.970000000001164
273986, 37672.8700,  1, 144.81, 11.240000000005239
273986, 37672.8700,  1, 133.51, 11.240000000005239
274004, 37674.8000,  1, 114.14, 13.17000000000553
274004, 37674.8000,  1, 179.70, 13.17000000000553
274041, 37678.7700,  1, 180.09, 17.139999999999418
274041, 37678.7700,  1, 130.47, 17.139999999999418
274133, 37688.6200,  3, 504.37, 26.900000000001455
274181, 37693.7700,  3, 509.53, 32.10000000000582
274392, 37730.8000,  3, 495.93, 22.4800000000032
274398, 37731.4400,  3, 462.84, 23.110000000000582
274409, 37732.6200,  3, 475.70, 24.30000000000291
274410, 37732.7300,  3, 475.90, 24.410000000003492
274422, 37734.0200,  3, 511.51, 25.669999999998254
274430, 37734.8700,  3, 564.06, 26.5
274445, 37736.4800,  3, 532.30, 28.110000000000582
274459, 37737.9800,  3, 448.28, 29.660000000003492
274591, 37766.5200,  1, 196.72, 14.059999999997672
274591, 37766.5200,  1, 200.50, 14.059999999997672
274647, 37772.5200,  3, 479.66, 20.040000000000873
274696, 37777.7700,  3, 444.15, 25.279999999998836
274723, 37780.6600,  3, 510.87, 28.150000000001455
274724, 37780.7700,  3, 351.29, 28.209999999999127
274727, 37781.0900,  3, 508.50, 28.529999999998836
274771, 37785.8000,  3, 536.76, 33.30000000000291
274976, 37822.2700,  3, 431.94, 21.80000000000291
274991, 37823.8700,  3, 512.68, 23.470000000001164
274995, 37824.3000,  3, 470.65, 23.849999999998545
275000, 37824.8400,  3, 431.55, 24.349999999998545
275006, 37825.4800,  3, 463.15, 25.06999999999971
275020, 37826.9800,  3, 506.97, 26.510000000002037
275026, 37827.6200,  3, 430.90, 27.160000000003492
275071, 37832.4400,  3, 610.34, 31.959999999999127
275176, 37858.1600,  1, 88.39, 11.17000000000553
275176, 37858.1600,  1, 102.20, 11.17000000000553
275211, 37861.9100,  1, 85.76, 14.92000000000553
275227, 37863.6200,  1, 105.24, 16.630000000004657
275285, 37869.8400,  3, 419.24, 22.760000000002037
275298, 37871.2300,  3, 453.61, 24.220000000001164
275320, 37873.5900,  3, 531.99, 26.520000000004075
275328, 37874.4400,  3, 501.01, 27.44000000000233
275441, 37901.0200,  1, 148.24, 12.009999999994761
275441, 37901.0200,  1, 133.12, 12.009999999994761
275541, 37911.7300,  3, 440.89, 22.639999999999418
275561, 37913.8700,  3, 481.96, 24.790000000000873
275564, 37914.1900,  3, 539.25, 25.12999999999738
275565, 37914.3000,  3, 534.25, 25.239999999997963
275571, 37914.9400,  3, 451.74, 25.869999999995343
275614, 37919.5500,  3, 462.72, 30.489999999997963
275704, 37943.6200,  1, 81.91, 9.55000000000291
275704, 37943.6200,  1, 38.43, 9.55000000000291
275792, 37953.0500,  3, 461.17, 18.87999999999738
275826, 37956.6900,  3, 510.12, 22.55999999999767
275856, 37959.9100,  3, 453.02, 25.830000000001746
275858, 37960.1200,  3, 527.02, 26.0199999999968
275864, 37960.7700,  3, 563.99, 26.69000000000233
275878, 37962.2700,  3, 517.02, 28.169999999998254
276062, 37997.2300,  1, 227.43, 19.60000000000582
276062, 37997.2300,  1, 129.75, 19.60000000000582
276068, 37997.8700,  3, 445.13, 20.18000000000029
276069, 37997.9800,  3, 474.27, 20.260000000002037
276070, 37998.0900,  3, 443.70, 20.44000000000233
276095, 38000.7700,  3, 474.82, 23.110000000000582
276147, 38006.3400,  3, 505.89, 28.630000000004657
276237, 38015.9800,  1, 77.32, 38.35000000000582
276428, 38050.5900,  3, 391.51, 20.2300000000032
276448, 38052.7300,  3, 475.27, 22.37000000000262
276476, 38055.7300,  3, 502.93, 25.330000000001746
276486, 38056.8000,  3, 527.44, 26.35000000000582
276488, 38057.0200,  3, 587.67, 26.630000000004657
276506, 38058.9400,  3, 389.74, 28.540000000000873
276518, 38060.2300,  3, 563.56, 29.860000000000582
276525, 38060.9800,  3, 431.77, 30.610000000000582
276610, 38085.1900,  1, 33.28, 8.990000000005239
276610, 38085.1900,  1, 50.99, 8.990000000005239
276725, 38097.5200,  3, 475.69, 21.24000000000524
276759, 38101.1600,  3, 460.43, 24.880000000004657
276760, 38101.2700,  3, 529.05, 24.9800000000032
276772, 38102.5500,  3, 407.00, 26.25
276781, 38103.5200,  3, 417.26, 27.2300000000032
276784, 38103.8400,  3, 498.37, 27.540000000000873
276912, 38132.0500,  1, 105.82, 13.630000000004657
276994, 38140.8400,  3, 525.62, 22.349999999998545
277006, 38142.1200,  3, 522.31, 23.610000000000582
277007, 38142.2300,  3, 478.47, 23.709999999999127
277010, 38142.5500,  3, 381.74, 24.060000000004948
277015, 38143.0900,  3, 478.73, 24.599999999998545
277034, 38145.1200,  3, 462.68, 26.669999999998254
277069, 38148.8700,  3, 474.85, 30.43000000000029
277261, 38183.8400,  3, 506.24, 20.450000000004366
277294, 38187.3700,  3, 420.49, 23.900000000001455
277311, 38189.1900,  3, 450.29, 25.7300000000032
277313, 38189.4100,  3, 519.30, 25.94000000000233
277325, 38190.6900,  3, 547.17, 27.220000000001164
277335, 38191.7700,  3, 432.11, 28.35000000000582
277335, 38191.7700,  3, 482.93, 28.380000000004657
277350, 38193.3700,  3, 463.71, 29.93000000000029
277415, 38215.4800,  1, 44.79, 6.850000000005821
277415, 38215.4800,  1, 28.41, 6.850000000005821
277427, 38216.7700,  1, 49.42, 8.139999999999418
277427, 38216.7700,  1, 40.95, 8.139999999999418
277464, 38220.7300,  1, 126.52, 12.10000000000582
277464, 38220.7300,  1, 102.54, 12.10000000000582
277506, 38225.2300,  1, 127.82, 16.60000000000582
277556, 38230.5900,  3, 440.40, 21.94000000000233
277682, 38258.3700,  1, 174.78, 13.400000000001455
277682, 38258.3700,  1, 190.57, 13.400000000001455
277741, 38264.6900,  3, 418.11, 19.709999999999127
277767, 38267.4800,  3, 400.01, 22.489999999997963
277768, 38267.5900,  3, 545.09, 22.529999999998836
277785, 38269.4100,  3, 482.86, 24.330000000001746
277806, 38271.6600,  3, 519.10, 26.580000000001746
277808, 38271.8700,  3, 538.38, 26.830000000001746
277936, 38299.8400,  1, 101.17, 13.619999999995343
277936, 38299.8400,  1, 132.28, 13.619999999995343
278018, 38308.6200,  3, 497.00, 22.299999999995634
278033, 38310.2300,  3, 485.51, 23.94999999999709
278047, 38311.7300,  1, 38.18, 25.510000000002037
278051, 38312.1600,  3, 486.78, 25.849999999998545
278057, 38312.8000,  3, 492.79, 26.55999999999767
278092, 38316.5500,  3, 663.19, 30.239999999997963
278255, 38349.2300,  1, 85.43, 17.360000000000582
278295, 38353.5200,  3, 438.42, 21.599999999998545
278324, 38356.6200,  3, 486.76, 24.669999999998254
278332, 38357.4800,  3, 430.21, 25.57999999999447
278340, 38358.3400,  3, 494.52, 26.409999999996217
278354, 38359.8400,  3, 520.40, 27.87999999999738
278384, 38363.0500,  3, 398.86, 31.110000000000582
278429, 38367.8700,  3, 590.70, 35.96999999999389
278534, 38393.8000,  1, 91.40, 11.150000000001455
278534, 38393.8000,  1, 94.11, 11.150000000001455
278580, 38398.7300,  1, 234.09, 16.080000000001746
278580, 38398.7300,  1, 73.58, 16.080000000001746
278623, 38403.3400,  3, 491.62, 20.639999999999418
278651, 38406.3400,  3, 468.02, 23.62999999999738
278672, 38408.5900,  3, 475.86, 25.869999999995343
278696, 38411.1600,  3, 480.60, 28.470000000001164
278832, 38440.1200,  1, 215.12, 14.459999999999127
278832, 38440.1200,  1, 111.43, 14.459999999999127
278837, 38440.6600,  1, 148.47, 15.0
278897, 38447.0900,  3, 506.04, 21.37999999999738
278914, 38448.9100,  3, 483.71, 23.159999999996217
278921, 38449.6600,  3, 528.41, 23.979999999995925
278941, 38451.8000,  3, 481.91, 26.089999999996508
278974, 38455.3400,  3, 578.99, 29.56999999999971
279090, 38482.1900,  1, 121.98, 12.330000000001746
279090, 38482.1900,  1, 150.77, 12.330000000001746
279185, 38492.3700,  3, 467.59, 22.43000000000029
279196, 38493.5500,  3, 479.28, 23.669999999998254
279228, 38496.9800,  3, 518.96, 27.029999999998836
279232, 38497.4100,  3, 501.77, 27.540000000000873
279260, 38500.4100,  3, 618.57, 30.470000000001164
279491, 38525.1600,  1, 0.10, 55.30000000000291
279599, 38551.1900,  1, 98.24, 11.35000000000582
279599, 38551.1900,  1, 156.10, 11.35000000000582
279711, 38563.1900,  3, 463.49, 23.280000000006112
279739, 38566.1900,  3, 506.52, 26.340000000003783
279745, 38566.8400,  3, 524.68, 26.900000000001455
279749, 38567.2700,  3, 569.07, 27.340000000003783
279770, 38569.5200,  3, 545.59, 29.62000000000262
279787, 38571.3400,  3, 523.61, 31.42000000000553
279967, 38605.8400,  3, 463.61, 19.110000000000582
279991, 38608.4100,  3, 445.38, 21.720000000001164
280038, 38613.4400,  3, 501.92, 26.75
280052, 38614.9400,  3, 526.24, 28.279999999998836
280065, 38616.3400,  3, 500.06, 29.62999999999738
280072, 38617.0900,  3, 500.94, 30.349999999998545
280094, 38619.4400,  3, 563.28, 32.770000000004075
280095, 38619.5500,  3, 580.23, 32.86000000000058
280235, 38648.9400,  1, 178.42, 14.880000000004657
280235, 38648.9400,  1, 64.24, 14.880000000004657
280326, 38658.6900,  3, 479.69, 24.540000000000873
280340, 38660.1900,  3, 499.10, 26.06999999999971
280345, 38660.7300,  3, 473.21, 26.62000000000262
280349, 38661.1600,  3, 501.00, 27.090000000003783
280350, 38661.2700,  3, 434.68, 27.110000000000582
280374, 38663.8400,  3, 550.01, 29.67000000000553
280444, 38685.7700,  1, 23.84, 7.389999999999418
280444, 38685.7700,  1, 17.22, 7.389999999999418
280478, 38689.4100,  1, 134.49, 11.030000000006112
280478, 38689.4100,  1, 144.64, 11.030000000006112
280581, 38700.4400,  3, 469.84, 22.040000000000873
280614, 38703.9800,  3, 433.70, 25.560000000004948
280646, 38707.4100,  3, 573.71, 29.0
280755, 38719.0900,  3, 591.19, 40.67000000000553
280865, 38745.1600,  1, 123.64, 11.690000000002328
280865, 38745.1600,  1, 93.98, 11.690000000002328
280897, 38748.5900,  1, 170.31, 15.119999999995343
280943, 38753.5200,  3, 459.38, 20.029999999998836
280952, 38754.4800,  3, 439.85, 20.970000000001164
280979, 38757.3700,  3, 521.83, 23.860000000000582
281001, 38759.7300,  3, 452.99, 26.159999999996217
281044, 38764.3400,  3, 676.74, 30.830000000001746
281236, 38799.3400,  3, 424.79, 20.389999999999418
281260, 38801.9100,  3, 539.78, 23.020000000004075
281278, 38803.8400,  3, 454.52, 24.889999999999418
281278, 38803.8400,  3, 431.96, 24.889999999999418
281287, 38804.8000,  3, 611.71, 25.840000000003783
281307, 38806.9400,  3, 543.53, 28.020000000004075
281332, 38809.6200,  3, 442.64, 30.68000000000029
281353, 38811.8700,  3, 573.79, 33.0
281441, 38835.5500,  1, 84.88, 9.319999999999709
281441, 38835.5500,  1, 50.37, 9.319999999999709
281492, 38841.0200,  1, 92.32, 14.789999999993597
281492, 38841.0200,  1, 88.34, 14.789999999993597
281503, 38842.1900,  1, 161.55, 15.959999999999127
281563, 38848.6200,  3, 404.79, 22.31999999999971
281563, 38848.6200,  3, 455.68, 22.339999999996508
281619, 38854.6200,  1, 360.95, 28.389999999999418
281760, 38884.2700,  1, 155.37, 15.009999999994761
281760, 38884.2700,  1, 173.91, 15.009999999994761
281840, 38892.8400,  3, 470.37, 23.55999999999767
281845, 38893.3700,  3, 446.39, 24.0199999999968
281851, 38894.0200,  3, 541.86, 24.739999999997963
281861, 38895.0900,  3, 551.68, 25.720000000001164
281919, 38901.3000,  3, 538.48, 32.029999999998836
281966, 38906.3400,  3, 626.40, 36.979999999995925
282109, 38936.8400,  1, 93.65, 15.219999999993888
282109, 38936.8400,  1, 87.65, 15.219999999993888
282181, 38944.5500,  3, 451.49, 22.909999999996217
282201, 38946.6900,  3, 486.64, 25.05999999999767
282203, 38946.9100,  3, 467.73, 25.229999999995925
282220, 38948.7300,  3, 529.51, 27.07999999999447
282252, 38952.1600,  3, 513.65, 30.489999999997963
282278, 38954.9400,  3, 614.92, 33.25999999999476
282470, 38990.6900,  3, 404.99, 20.439999999995052
282476, 38991.3400,  3, 451.66, 21.099999999998545
282491, 38992.9400,  3, 450.21, 22.62999999999738
282508, 38994.7700,  3, 542.89, 24.44999999999709
282528, 38996.9100,  3, 524.17, 26.619999999995343
282545, 38998.7300,  3, 508.80, 28.439999999995052
282562, 39000.5500,  3, 572.00, 30.279999999998836
282601, 39004.7300,  3, 566.08, 34.44999999999709
282706, 39030.2700,  1, 126.82, 11.169999999998254
282706, 39030.2700,  1, 111.64, 11.169999999998254
282797, 39040.0200,  3, 389.83, 20.900000000001455
282826, 39043.1200,  3, 466.01, 23.93000000000029
282827, 39043.2300,  3, 397.15, 24.020000000004075
282830, 39043.5500,  3, 469.52, 24.340000000003783
282831, 39043.6600,  3, 444.13, 24.4800000000032
283160, 39078.9100,  3, 376.16, 59.76000000000204
283364, 39115.9400,  1, 161.56, 21.74000000000524
283374, 39117.0200,  3, 465.55, 22.770000000004075
283375, 39117.1200,  3, 442.80, 22.880000000004657
283395, 39119.2700,  3, 496.16, 25.020000000004075
283396, 39119.3700,  3, 543.78, 25.110000000000582
283399, 39119.6900,  3, 438.06, 25.410000000003492
283408, 39120.6600,  3, 526.94, 26.389999999999418
283429, 39122.9100,  3, 578.58, 28.67000000000553
283621, 39157.8700,  3, 414.79, 20.37999999999738
283639, 39159.8000,  3, 469.75, 22.279999999998836
283643, 39160.2300,  3, 451.26, 22.709999999999127
283656, 39161.6200,  3, 489.91, 24.179999999993015
283657, 39161.7300,  3, 519.14, 24.25999999999476
283689, 39165.1600,  3, 453.61, 27.739999999997963
283700, 39166.3400,  3, 513.08, 28.869999999995343
283736, 39170.1900,  3, 420.42, 32.68999999999505
283917, 39204.1600,  3, 438.70, 19.239999999997963
283926, 39205.1200,  3, 460.44, 20.19000000000233
283943, 39206.9400,  3, 471.28, 22.010000000002037
283944, 39207.0500,  3, 470.66, 22.12000000000262
283959, 39208.6600,  3, 473.53, 23.779999999998836
283963, 39209.0900,  3, 427.46, 24.19999999999709
283969, 39209.7300,  3, 455.38, 24.80999999999767
283970, 39209.8400,  3, 529.67, 24.94999999999709
284094, 39237.6600,  1, 129.27, 13.200000000004366
284094, 39237.6600,  1, 146.20, 13.200000000004366
284155, 39244.1900,  3, 427.47, 19.669999999998254
284177, 39246.5500,  3, 466.68, 22.040000000000873
284202, 39249.2300,  3, 526.25, 24.700000000004366
284211, 39250.1900,  3, 514.87, 25.62999999999738
284215, 39250.6200,  3, 430.53, 26.12000000000262
284223, 39251.4800,  3, 454.71, 26.910000000003492
284444, 39289.4100,  3, 551.41, 23.540000000000873
284453, 39290.3700,  3, 490.51, 24.43000000000029
284457, 39290.8000,  3, 442.95, 24.93000000000029
284464, 39291.5500,  3, 490.01, 25.69000000000233
284478, 39293.0500,  3, 530.99, 27.200000000004366
284494, 39294.7700,  3, 578.65, 28.860000000000582
284500, 39295.4100,  3, 450.63, 29.470000000001164
284507, 39296.1600,  3, 507.18, 30.280000000006112
284712, 39332.4400,  3, 510.74, 21.81999999999971
284713, 39332.5500,  3, 388.60, 21.889999999999418
284724, 39333.7300,  3, 441.59, 23.12999999999738
284761, 39337.6900,  3, 504.66, 27.029999999998836
284766, 39338.2300,  3, 516.96, 27.62999999999738
284772, 39338.8700,  3, 530.49, 28.25
284781, 39339.8400,  1, 182.90, 29.2699999999968
284785, 39340.2700,  3, 622.98, 29.599999999998545
284908, 39367.9800,  1, 125.95, 13.080000000001746
284908, 39367.9800,  1, 121.86, 13.080000000001746
284984, 39376.1200,  3, 444.87, 21.12999999999738
284985, 39376.2300,  3, 457.01, 21.2699999999968
284991, 39376.8700,  3, 452.48, 21.93000000000029
285034, 39381.4800,  3, 508.34, 26.55999999999767
285052, 39383.4100,  3, 489.02, 28.5
285058, 39384.0500,  3, 600.31, 29.040000000000873
285150, 39409.1900,  1, 68.20, 9.75
285150, 39409.1900,  1, 69.36, 9.75
285179, 39412.3000,  1, 99.26, 12.860000000000582
285293, 39424.5200,  3, 480.60, 24.989999999997963
285306, 39425.9100,  3, 505.80, 26.369999999995343
285306, 39425.9100,  3, 470.11, 26.369999999995343
285320, 39427.4100,  3, 511.19, 27.869999999995343
285325, 39427.9400,  3, 545.45, 28.489999999997963
285528, 39464.1200,  3, 440.94, 21.62999999999738
285557, 39467.2300,  3, 483.53, 24.68000000000029
285568, 39468.4100,  3, 433.56, 25.94000000000233
285571, 39468.7300,  3, 501.33, 26.260000000002037
285572, 39468.8400,  3, 439.91, 26.360000000000582
285590, 39470.7700,  3, 537.41, 28.279999999998836
285599, 39471.7300,  3, 465.13, 29.239999999997963
285656, 39477.8400,  3, 673.99, 35.34000000000378
285770, 39505.3700,  1, 154.07, 12.10000000000582
285770, 39505.3700,  1, 101.97, 12.10000000000582
285867, 39515.7700,  3, 428.56, 22.390000000006694
285875, 39516.6200,  3, 500.44, 23.330000000001746
285897, 39518.9800,  3, 535.16, 25.700000000004366
285903, 39519.6200,  3, 461.49, 26.340000000003783
285907, 39520.0500,  3, 476.35, 26.74000000000524
285974, 39527.2300,  3, 590.70, 33.92000000000553
286090, 39554.1900,  1, 113.15, 12.319999999999709
286090, 39554.1900,  1, 93.39, 12.319999999999709
286217, 39567.8000,  3, 487.70, 25.860000000000582
286228, 39568.9800,  3, 448.06, 27.07999999999447
286228, 39568.9800,  3, 494.43, 27.00999999999476
286239, 39570.1600,  3, 546.77, 28.209999999999127
286262, 39572.6200,  3, 603.62, 30.729999999995925
286297, 39576.3700,  3, 687.63, 34.44999999999709
286433, 39605.3400,  1, 192.90, 14.479999999995925
286433, 39605.3400,  1, 181.95, 14.479999999995925
286528, 39615.5200,  3, 505.30, 24.610000000000582
286538, 39616.5900,  3, 528.94, 25.709999999999127
286551, 39617.9800,  3, 473.46, 27.089999999996508
286563, 39619.2700,  3, 517.86, 28.339999999996508
286564, 39619.3700,  3, 467.05, 28.419999999998254
286595, 39622.6900,  3, 548.55, 31.80000000000291
286746, 39653.3400,  1, 163.42, 16.06999999999971
286801, 39659.2300,  3, 500.70, 21.890000000006694
286813, 39660.5200,  3, 424.69, 23.19000000000233
286832, 39662.5500,  3, 467.84, 25.18000000000029
286842, 39663.6200,  3, 603.09, 26.330000000001746
286843, 39663.7300,  3, 367.61, 26.43000000000029
286867, 39666.3000,  3, 544.92, 28.970000000001164
286925, 39672.5200,  3, 517.97, 35.24000000000524
287055, 39700.8700,  1, 137.62, 13.810000000004948
287055, 39700.8700,  1, 90.99, 13.810000000004948
287139, 39709.8700,  3, 447.74, 22.74000000000524
287142, 39710.1900,  3, 445.09, 23.10000000000582
287170, 39713.1900,  3, 513.10, 26.090000000003783
287184, 39714.6900,  3, 490.39, 27.590000000003783
287188, 39715.1200,  3, 404.97, 27.970000000001164
287214, 39717.9100,  3, 536.14, 30.779999999998836
287287, 39740.0900,  1, 9.19, 7.709999999999127
287287, 39740.0900,  1, 18.23, 7.709999999999127
287406, 39752.8400,  1, 213.65, 20.459999999999127
287442, 39756.6900,  3, 463.27, 24.2300000000032
287442, 39756.6900,  3, 529.78, 24.24000000000524
287443, 39756.8000,  3, 449.19, 24.400000000001455
287510, 39763.9800,  3, 556.66, 31.510000000002037
287533, 39766.4400,  3, 533.47, 34.05000000000291
287716, 39800.5900,  3, 476.08, 19.419999999998254
287758, 39805.0900,  3, 496.13, 23.94000000000233
287766, 39805.9400,  3, 429.56, 24.849999999998545
287774, 39806.8000,  3, 568.79, 25.669999999998254
287784, 39807.8700,  3, 576.30, 26.709999999999127
287800, 39809.5900,  3, 528.48, 28.4800000000032
287800, 39809.5900,  3, 560.72, 28.419999999998254
287869, 39816.9800,  3, 549.14, 35.80999999999767
288081, 39854.6900,  3, 430.49, 22.570000000006985
288097, 39856.4100,  3, 507.23, 24.25
288117, 39858.5500,  3, 537.21, 26.44000000000233
288119, 39858.7700,  3, 557.02, 26.60000000000582
288126, 39859.5200,  3, 500.21, 27.360000000000582
288155, 39862.6200,  3, 608.29, 30.460000000006403
288182, 39865.5200,  3, 520.84, 33.390000000006694
288206, 39868.0900,  1, 55.00, 36.0
288290, 39892.3400,  1, 39.88, 8.789999999993597
288290, 39892.3400,  1, 31.03, 8.789999999993597
288340, 39897.6900,  1, 116.20, 14.139999999999418
288340, 39897.6900,  1, 90.47, 14.139999999999418
288438, 39908.1900,  3, 487.01, 24.599999999998545
288443, 39908.7300,  3, 469.10, 25.12999999999738
288455, 39910.0200,  3, 595.36, 26.39999999999418
288468, 39911.4100,  3, 466.40, 27.7699999999968
288531, 39932.6600,  1, 12.46, 6.650000000001455
288531, 39932.6600,  1, 41.06, 6.650000000001455
288658, 39946.2700,  3, 466.35, 20.25
288673, 39947.8700,  3, 487.50, 21.839999999996508
288690, 39949.6900,  3, 490.50, 23.659999999996217
288721, 39953.0200,  3, 529.21, 27.0
288870, 39968.9800,  3, 504.32, 42.900000000001455
288902, 39972.4100,  3, 612.57, 46.31999999999971
289024, 39999.9800,  1, 110.99, 12.990000000005239
289024, 39999.9800,  1, 130.17, 12.990000000005239
289110, 40009.1900,  3, 446.11, 22.139999999999418
289125, 40010.8000,  3, 454.90, 23.75
289138, 40012.1900,  3, 459.81, 25.110000000000582
289148, 40013.2700,  3, 499.15, 26.200000000004366
289162, 40014.7700,  3, 509.75, 27.709999999999127
289167, 40015.3000,  3, 556.10, 28.260000000002037
289360, 40051.1900,  3, 485.55, 20.529999999998836
289377, 40053.0200,  3, 476.60, 22.31999999999971
289396, 40055.0500,  3, 490.23, 24.339999999996508
289401, 40055.5900,  3, 394.82, 24.87000000000262
289413, 40056.8700,  3, 486.21, 26.19000000000233
289419, 40057.5200,  3, 499.92, 26.860000000000582
289423, 40057.9400,  3, 497.81, 27.229999999995925
289470, 40062.9800,  3, 452.17, 32.2699999999968
289652, 40097.6900,  3, 426.22, 19.389999999999418
289672, 40099.8400,  3, 463.59, 21.459999999999127
289678, 40100.4800,  1, 179.79, 22.200000000004366
289699, 40102.7300,  3, 481.59, 24.380000000004657
289716, 40104.5500,  3, 491.26, 26.239999999997963
289726, 40105.6200,  3, 574.31, 27.25
289737, 40106.8000,  3, 487.97, 28.410000000003492
289738, 40106.9100,  3, 560.76, 28.540000000000873
289828, 40130.8700,  1, -23.22, 9.530000000006112
289828, 40130.8700,  1, 67.84, 9.530000000006112
289951, 40144.0500,  3, 452.32, 22.67000000000553
289978, 40146.9400,  3, 538.33, 25.5
289983, 40147.4800,  3, 490.70, 26.130000000004657
289986, 40147.8000,  3, 560.66, 26.42000000000553
289997, 40148.9800,  3, 554.81, 27.530000000006112
290022, 40151.6600,  3, 396.20, 30.30000000000291
290152, 40180.0900,  1, 111.39, 13.82999999999447
290152, 40180.0900,  1, 212.26, 13.82999999999447
290232, 40188.6600,  3, 424.32, 22.290000000000873
290237, 40189.1900,  3, 534.99, 22.860000000000582
290246, 40190.1600,  3, 526.72, 23.799999999995634
290253, 40190.9100,  3, 433.47, 24.57999999999447
290269, 40192.6200,  3, 440.38, 26.31999999999971
290436, 40210.5200,  3, 474.89, 44.20999999999913
290513, 40233.1600,  1, 46.20, 8.150000000001455
290513, 40233.1600,  1, 14.40, 8.150000000001455
290586, 40240.9800,  1, 225.20, 15.970000000001164
290586, 40240.9800,  1, 105.31, 15.970000000001164
290630, 40245.6900,  3, 454.58, 20.57999999999447
290632, 40245.9100,  3, 468.29, 20.87999999999738
290648, 40247.6200,  3, 500.28, 22.57999999999447
290667, 40249.6600,  3, 520.88, 24.619999999995343
290742, 40272.2700,  1, 76.34, 7.930000000000291
290742, 40272.2700,  1, 69.83, 7.930000000000291
290883, 40287.3700,  3, 507.71, 23.0
290898, 40288.9800,  3, 510.47, 24.530000000006112
290899, 40289.0900,  3, 440.18, 24.7300000000032
290943, 40293.8000,  3, 526.37, 29.42000000000553
290963, 40295.9400,  3, 511.90, 31.55000000000291
291005, 40300.4400,  3, 442.73, 36.070000000006985
291156, 40331.1600,  1, 172.61, 16.090000000003783
291156, 40331.1600,  1, 227.35, 16.090000000003783
291205, 40336.4100,  3, 450.25, 21.279999999998836
291235, 40339.6200,  3, 426.27, 24.5
291248, 40341.0200,  3, 429.18, 25.910000000003492
291269, 40343.2700,  3, 529.54, 28.090000000003783
291269, 40343.2700,  3, 512.67, 28.150000000001455
291431, 40360.6200,  3, 516.28, 45.54000000000087
291495, 40382.0200,  1, 42.57, 6.75
291495, 40382.0200,  1, 15.50, 6.75
291623, 40395.7300,  1, 320.52, 20.460000000006403
291623, 40395.7300,  1, 322.73, 20.460000000006403
291643, 40397.8700,  3, 497.50, 22.55000000000291
291654, 40399.0500,  3, 425.23, 23.710000000006403
291700, 40403.9800,  3, 520.85, 28.62000000000262
291700, 40403.9800,  3, 542.22, 28.69000000000233
291887, 40438.4100,  3, 470.69, 19.860000000000582
291895, 40439.2700,  3, 435.01, 20.729999999995925
291908, 40440.6600,  3, 452.23, 22.139999999999418
291927, 40442.6900,  3, 490.62, 24.19000000000233
291933, 40443.3400,  3, 552.35, 24.81999999999971
291942, 40444.3000,  3, 368.45, 25.81999999999971
291971, 40447.4100,  3, 547.33, 28.909999999996217
291991, 40449.5500,  3, 583.57, 31.0
292089, 40474.4400,  1, 102.84, 10.389999999999418
292089, 40474.4400,  1, 70.84, 10.389999999999418
292133, 40479.1600,  1, 143.38, 15.110000000000582
292193, 40485.5900,  3, 462.38, 21.44999999999709
292210, 40487.4100,  3, 468.49, 23.279999999998836
292221, 40488.5900,  3, 451.12, 24.50999999999476
292235, 40490.0900,  3, 571.60, 26.0199999999968
292349, 40502.3000,  3, 616.97, 38.229999999995925
292545, 40537.8400,  3, 406.79, 20.849999999998545
292567, 40540.1900,  3, 450.32, 23.220000000001164
292574, 40540.9400,  3, 517.86, 23.939999999995052
292591, 40542.7700,  3, 498.65, 25.799999999995634
292591, 40542.7700,  3, 474.87, 25.799999999995634
292601, 40543.8400,  3, 607.80, 26.799999999995634
292612, 40545.0200,  3, 553.94, 27.979999999995925
292627, 40546.6200,  3, 654.23, 29.589999999996508
292739, 40573.0900,  1, 57.94, 11.89999999999418
292739, 40573.0900,  1, 87.33, 11.89999999999418
292753, 40574.5900,  1, 122.16, 13.39999999999418
292753, 40574.5900,  1, 143.42, 13.39999999999418
292805, 40580.1600,  1, 201.64, 18.970000000001164
292829, 40582.7300,  3, 458.05, 21.479999999995925
292881, 40588.3000,  3, 432.64, 27.040000000000873
292916, 40592.0500,  3, 499.73, 30.75999999999476
293023, 40618.9800,  1, 114.44, 11.380000000004657
293023, 40618.9800,  1, 149.00, 11.380000000004657
293025, 40619.1900,  1, 130.78, 11.590000000003783
293025, 40619.1900,  1, -21.98, 11.590000000003783
293035, 40620.2700,  1, 75.61, 12.669999999998254
293035, 40620.2700,  1, 136.61, 12.669999999998254
293123, 40629.6900,  3, 454.22, 22.060000000004948
293312, 40649.9400,  1, 262.72, 42.34000000000378
293401, 40673.9800,  1, 48.93, 9.330000000001746
293401, 40673.9800,  1, 64.30, 9.330000000001746
293448, 40679.0200,  1, 155.01, 14.369999999995343
293448, 40679.0200,  1, 115.33, 14.369999999995343
293455, 40679.7700,  1, 53.35, 15.119999999995343
293455, 40679.7700,  1, 202.88, 15.119999999995343
293543, 40689.1900,  3, 504.23, 24.5199999999968
293561, 40691.1200,  3, 566.99, 26.439999999995052
293683, 40718.5200,  1, 51.02, 12.979999999995925
293683, 40718.5200,  1, 108.80, 12.979999999995925
293764, 40727.1900,  3, 379.31, 21.610000000000582
293787, 40729.6600,  3, 448.11, 24.0199999999968
293816, 40732.7700,  3, 446.40, 27.18000000000029
293837, 40735.0200,  3, 552.81, 29.44999999999709
293844, 40735.7700,  3, 477.53, 30.18000000000029
293868, 40738.3400,  3, 459.21, 32.79000000000087
293987, 40765.2700,  1, 158.86, 12.669999999998254
293987, 40765.2700,  1, 115.62, 12.669999999998254
294086, 40775.8700,  3, 422.69, 23.25
294094, 40776.7300,  3, 468.06, 24.12000000000262
294098, 40777.1600,  3, 408.93, 24.55000000000291
294115, 40778.9800,  3, 459.57, 26.349999999998545
294125, 40780.0500,  3, 469.34, 27.360000000000582
294132, 40780.8000,  3, 491.72, 28.130000000004657
294234, 40806.3000,  1, 60.20, 10.830000000001746
294237, 40806.6200,  1, 124.60, 11.150000000001455
294237, 40806.6200,  1, 76.87, 11.150000000001455
294331, 40816.6900,  3, 449.62, 21.209999999999127
294343, 40817.9800,  3, 451.19, 22.470000000001164
294348, 40818.5200,  3, 483.13, 22.94999999999709
294374, 40821.3000,  3, 393.22, 25.729999999995925
294383, 40822.2700,  3, 525.87, 26.779999999998836
294508, 40850.2300,  1, 122.27, 13.310000000004948
294508, 40850.2300,  1, 152.41, 13.310000000004948
294590, 40859.0200,  3, 490.11, 22.029999999998836
294613, 40861.4800,  3, 517.24, 24.4800000000032
294615, 40861.6900,  3, 446.68, 24.720000000001164
294629, 40863.1900,  3, 379.46, 26.19000000000233
294652, 40865.6600,  3, 536.39, 28.669999999998254
294710, 40871.8700,  3, 611.87, 34.900000000001455
294832, 40899.4400,  1, 135.43, 12.980000000003201
294832, 40899.4400,  1, 143.84, 12.980000000003201
294906, 40907.3700,  3, 459.18, 20.87000000000262
294915, 40908.3400,  3, 437.20, 21.81999999999971
294922, 40909.0900,  3, 454.04, 22.580000000001746
294923, 40909.1900,  3, 436.20, 22.669999999998254
294965, 40913.6900,  3, 517.68, 27.220000000001164
295008, 40918.3000,  3, 664.60, 31.80000000000291
295199, 40953.2300,  3, 412.27, 20.30999999999767
295227, 40956.2300,  3, 452.95, 23.32999999999447
295230, 40956.5500,  3, 447.74, 23.57999999999447
295233, 40956.8700,  3, 486.73, 23.93000000000029
295237, 40957.3000,  3, 429.23, 24.339999999996508
295242, 40957.8400,  3, 398.33, 24.87999999999738
295266, 40960.4100,  3, 355.47, 27.479999999995925
295269, 40960.7300,  3, 415.21, 27.75
295338, 40982.5500,  1, -3.16, 7.310000000004948
295338, 40982.5500,  1, 25.73, 7.310000000004948
295436, 40993.0500,  1, 199.23, 17.810000000004948
295471, 40996.8000,  3, 486.22, 21.540000000000873
295479, 40997.6600,  3, 524.11, 22.400000000001455
295506, 41000.5500,  3, 478.19, 25.220000000001164
295509, 41000.8700,  3, 412.63, 25.610000000000582
295522, 41002.2700,  3, 417.90, 26.950000000004366
295627, 41028.0500,  1, 93.09, 11.150000000001455
295627, 41028.0500,  1, 83.09, 11.150000000001455
295660, 41031.5900,  1, 172.94, 14.689999999995052
295660, 41031.5900,  1, 53.77, 14.689999999995052
295712, 41037.1600,  3, 416.47, 20.229999999995925
295748, 41041.0200,  3, 516.93, 24.049999999995634
295749, 41041.1200,  3, 499.35, 24.150000000001455
295769, 41043.2700,  3, 427.46, 26.260000000002037
295902, 41072.0500,  1, 91.16, 14.150000000001455
295906, 41072.4800,  1, 93.49, 14.580000000001746
295992, 41081.6900,  3, 431.25, 23.69999999999709
295996, 41082.1200,  3, 417.71, 24.12999999999738
296034, 41086.1900,  3, 526.34, 28.229999999995925
296040, 41086.8400,  3, 484.89, 28.860000000000582
296102, 41093.4800,  3, 584.25, 35.549999999995634
296151, 41098.7300,  3, 475.10, 40.75
296352, 41134.6900,  3, 390.81, 21.410000000003492
296368, 41136.4100,  3, 519.99, 23.06999999999971
296377, 41137.3700,  3, 497.70, 24.030000000006112
296390, 41138.7700,  3, 402.42, 25.43000000000029
296391, 41138.8700,  3, 391.87, 25.540000000000873
296399, 41139.7300,  3, 476.79, 26.43000000000029
296435, 41143.5900,  3, 403.41, 30.270000000004075
296441, 41144.2300,  3, 433.61, 30.900000000001455
296550, 41170.4100,  1, 87.64, 11.580000000001746
296558, 41171.2700,  1, 101.15, 12.439999999995052
296665, 41182.7300,  3, 470.01, 23.889999999999418
296667, 41182.9400,  3, 472.82, 24.0199999999968
296673, 41183.5900,  3, 470.43, 24.669999999998254
296684, 41184.7700,  3, 378.47, 25.93000000000029
296695, 41185.9400,  3, 527.19, 27.05999999999767
296699, 41186.3700,  3, 546.58, 27.479999999995925
296791, 41210.5900,  1, 98.62, 9.75
296818, 41213.4800,  1, 110.25, 12.640000000006694
296868, 41218.8400,  1, 119.91, 18.0
296933, 41225.8000,  3, 449.99, 24.860000000000582
296936, 41226.1200,  3, 471.45, 25.260000000002037
296946, 41227.1900,  3, 354.73, 26.30000000000291
296975, 41230.3000,  3, 410.24, 29.390000000006694
297007, 41233.7300,  3, 565.88, 32.85000000000582
297118, 41260.0900,  1, 93.55, 11.789999999993597
297122, 41260.5200,  1, 60.84, 12.219999999993888
297122, 41260.5200,  1, 120.47, 12.219999999993888
297144, 41262.8700,  1, 79.82, 14.569999999999709
297194, 41268.2300,  3, 404.03, 19.909999999996217
297223, 41271.3400,  3, 447.93, 23.0199999999968
297287, 41278.1900,  3, 466.21, 29.799999999995634
297309, 41280.5500,  3, 471.12, 32.18000000000029
297421, 41306.8400,  1, 45.05, 11.889999999999418
297421, 41306.8400,  1, 130.98, 11.889999999999418
297431, 41307.9100,  1, 142.22, 12.960000000006403
297461, 41311.1200,  1, 116.11, 16.17000000000553
297487, 41313.9100,  1, 146.68, 18.960000000006403
297543, 41319.9100,  3, 452.01, 24.860000000000582
297561, 41321.8400,  3, 481.64, 26.80000000000291
297599, 41325.9100,  3, 501.51, 30.880000000004657
297712, 41353.1900,  1, 87.45, 12.020000000004075
297790, 41361.5500,  3, 459.16, 20.349999999998545
297790, 41361.5500,  3, 387.78, 20.31999999999971
297806, 41363.2700,  3, 368.56, 22.020000000004075
297806, 41363.2700,  3, 422.61, 22.020000000004075
297830, 41365.8400,  3, 399.21, 24.660000000003492
297832, 41366.0500,  3, 508.48, 24.790000000000873
297844, 41367.3400,  3, 507.56, 26.160000000003492
297950, 41393.0900,  1, 99.05, 11.25
297950, 41393.0900,  1, 134.94, 11.25
297964, 41394.5900,  1, 108.66, 12.75
297964, 41394.5900,  1, 153.89, 12.75
297972, 41395.4400,  1, 178.14, 13.60000000000582
297972, 41395.4400,  1, 133.55, 13.60000000000582
298011, 41399.6200,  1, 96.74, 17.780000000006112
298011, 41399.6200,  1, 144.81, 17.780000000006112
298144, 41429.0200,  1, 108.17, 14.049999999995634
298163, 41431.0500,  1, 142.29, 16.080000000001746
298201, 41435.1200,  3, 368.14, 20.139999999999418
298207, 41435.7700,  3, 401.51, 20.69000000000233
298241, 41439.4100,  3, 477.91, 24.349999999998545
298242, 41439.5200,  3, 436.74, 24.489999999997963
298271, 41442.6200,  3, 467.82, 27.610000000000582
298291, 41444.7700,  3, 495.97, 29.709999999999127
298373, 41467.8000,  1, 78.91, 8.700000000004366
298403, 41471.0200,  1, 119.80, 11.919999999998254
298445, 41475.5200,  1, 117.93, 16.419999999998254
298445, 41475.5200,  1, 210.96, 16.419999999998254
298493, 41480.6600,  3, 471.57, 21.5
298503, 41481.7300,  3, 408.50, 22.590000000003783
298510, 41482.4800,  3, 475.79, 23.330000000001746
298569, 41488.8000,  3, 510.43, 29.669999999998254
298710, 41519.4400,  1, 172.76, 15.010000000002037
298780, 41526.9400,  3, 460.95, 22.4800000000032
298783, 41527.2700,  3, 476.12, 22.779999999998836
298792, 41528.2300,  3, 422.25, 23.790000000000873
298799, 41528.9800,  3, 493.44, 24.489999999997963
298813, 41530.4800,  3, 402.62, 25.970000000001164
298825, 41531.7700,  3, 504.47, 27.25
298877, 41537.3400,  3, 559.10, 32.830000000001746
299057, 41570.8700,  1, 239.72, 19.17000000000553
299073, 41572.5900,  3, 472.19, 20.880000000004657
299082, 41573.5500,  3, 426.73, 21.80000000000291
299112, 41576.7700,  3, 473.37, 25.040000000000873
299114, 41576.9800,  1, 276.19, 25.280000000006112
299132, 41578.9100,  3, 550.09, 27.139999999999418
299171, 41583.0900,  3, 616.31, 31.35000000000582
299206, 41586.8400,  3, 537.42, 35.080000000001746
299284, 41609.7300,  1, 46.90, 8.260000000002037
299284, 41609.7300,  1, 12.74, 8.260000000002037
299296, 41611.0200,  1, 85.47, 9.549999999995634
299296, 41611.0200,  1, 82.91, 9.549999999995634
299312, 41612.7300,  1, 76.35, 11.260000000002037
299312, 41612.7300,  1, 133.88, 11.260000000002037
299452, 41627.7300,  3, 598.68, 26.229999999995925
299471, 41629.7700,  3, 521.80, 28.220000000001164
299588, 41656.6200,  1, 79.54, 12.430000000000291
299588, 41656.6200,  1, 92.73, 12.430000000000291
299673, 41665.7300,  3, 428.92, 21.5199999999968
299699, 41668.5200,  3, 504.69, 24.31999999999971
299709, 41669.5900,  3, 589.03, 25.360000000000582
299710, 41669.6900,  3, 432.04, 25.489999999997963
299733, 41672.1600,  3, 396.31, 27.889999999999418
299747, 41673.6600,  3, 518.51, 29.439999999995052
299839, 41697.9800,  1, 79.60, 9.770000000004075
299940, 41708.8000,  3, 475.36, 20.489999999997963
299963, 41711.2700,  3, 424.68, 22.959999999999127
299981, 41713.1900,  3, 364.94, 24.950000000004366
299985, 41713.6200,  3, 518.43, 25.400000000001455
299999, 41715.1200,  3, 513.70, 26.81999999999971
300000, 41715.2300,  3, 497.37, 26.959999999999127
300295, 41746.8400,  3, 658.68, 58.599999999998545
300485, 41781.6600,  1, 94.59, 20.270000000004075
300511, 41784.4400,  3, 452.71, 23.040000000000873
300523, 41785.7300,  3, 483.42, 24.31999999999971
300530, 41786.4800,  3, 513.18, 25.040000000000873
300545, 41788.0900,  3, 503.98, 26.69000000000233
300558, 41789.4800,  3, 551.45, 27.9800000000032
300572, 41790.9800,  3, 466.11, 29.5
300624, 41796.5500,  3, 483.21, 35.12000000000262
300723, 41821.5200,  1, 118.80, 10.519999999996799
300734, 41822.6900,  1, 102.06, 11.690000000002328
300734, 41822.6900,  1, 117.15, 11.690000000002328
300774, 41826.9800,  1, 247.37, 15.980000000003201
300812, 41831.0500,  3, 454.46, 19.94999999999709
300858, 41835.9800,  3, 485.50, 24.959999999999127
300866, 41836.8400,  3, 481.02, 25.760000000002037
300871, 41837.3700,  3, 483.11, 26.339999999996508
300943, 41860.4400,  1, 18.99, 7.610000000000582
300943, 41860.4400,  1, 55.30, 7.610000000000582
301065, 41873.5200,  3, 471.15, 20.68000000000029
301076, 41874.6900,  3, 514.73, 21.7699999999968
301076, 41874.6900,  3, 412.18, 21.7699999999968
301077, 41874.8000,  3, 459.93, 21.94999999999709
301086, 41875.7700,  3, 436.89, 22.900000000001455
301110, 41878.3400,  3, 411.61, 25.409999999996217
301307, 41913.8700,  1, 345.32, 21.0
301307, 41913.8700,  1, 225.57, 21.0
301309, 41914.0900,  3, 421.75, 21.119999999995343
301328, 41916.1200,  3, 419.24, 23.219999999993888
301333, 41916.6600,  3, 494.70, 23.69999999999709
301334, 41916.7700,  3, 529.44, 23.799999999995634
301344, 41917.8400,  3, 508.32, 24.869999999995343
301354, 41918.9100,  3, 461.40, 25.979999999995925
301437, 41942.0900,  1, 96.12, 8.789999999993597
301461, 41944.6600,  1, 85.08, 11.360000000000582
301461, 41944.6600,  1, 91.69, 11.360000000000582
301547, 41953.8700,  3, 505.96, 20.479999999995925
301547, 41953.8700,  3, 425.26, 20.55999999999767
301583, 41957.7300,  3, 442.47, 24.37999999999738
301589, 41958.3700,  3, 507.08, 25.05999999999767
301618, 41961.4800,  3, 465.59, 28.099999999998545
301702, 41984.7700,  1, 23.44, 8.919999999998254
301702, 41984.7700,  1, 108.58, 8.919999999998254
301813, 41996.6600,  3, 469.10, 20.80000000000291
301825, 41997.9400,  1, 260.41, 22.090000000003783
301839, 41999.4400,  3, 486.74, 23.489999999997963
301845, 42000.0900,  3, 475.79, 24.2300000000032
301859, 42001.5900,  3, 475.21, 25.69000000000233
301992, 42015.8400,  3, 555.98, 39.93000000000029
302060, 42038.4400,  1, 15.52, 7.200000000004366
302060, 42038.4400,  1, 55.94, 7.200000000004366
302188, 42052.1600,  3, 494.57, 20.900000000001455
302200, 42053.4400,  3, 533.90, 22.19000000000233
302207, 42054.1900,  3, 489.11, 22.860000000000582
302259, 42059.7700,  3, 511.11, 28.43000000000029
302263, 42060.1900,  3, 525.48, 28.880000000004657
302307, 42064.9100,  3, 529.05, 33.63999999999942
302390, 42088.0900,  1, 68.33, 8.789999999993597
302390, 42088.0900,  1, 65.24, 8.789999999993597
302510, 42100.9400,  3, 532.27, 21.56999999999971
302523, 42102.3400,  3, 485.15, 22.94999999999709
302535, 42103.6200,  3, 464.86, 24.289999999993597
302543, 42104.4800,  3, 525.38, 25.06999999999971
302566, 42106.9400,  3, 616.74, 27.599999999998545
302698, 42121.0900,  3, 595.97, 41.70999999999913
302772, 42143.1600,  1, 37.32, 7.830000000001746
302772, 42143.1600,  1, 46.89, 7.830000000001746
302922, 42159.2300,  3, 535.22, 23.860000000000582
302933, 42160.4100,  3, 495.40, 25.05999999999767
302938, 42160.9400,  3, 488.26, 25.55999999999767
302961, 42163.4100,  3, 538.20, 28.00999999999476
302989, 42166.4100,  3, 581.79, 31.049999999995634
303226, 42191.8000,  3, 303.51, 56.40999999999622
303363, 42220.9800,  1, 71.83, 14.590000000003783
303363, 42220.9800,  1, 99.92, 14.590000000003783
303407, 42225.6900,  3, 456.37, 19.270000000004075
303416, 42226.6600,  3, 447.88, 20.18000000000029
303421, 42227.1900,  3, 466.73, 20.739999999997963
303436, 42228.8000,  3, 532.97, 22.31999999999971
303456, 42230.9400,  3, 521.65, 24.510000000002037
303498, 42235.4400,  3, 555.09, 28.94999999999709
303602, 42261.0900,  1, 77.68, 11.049999999995634
303602, 42261.0900,  1, 108.84, 11.049999999995634
303610, 42261.9400,  1, 162.86, 11.900000000001455
303610, 42261.9400,  1, 125.63, 11.900000000001455
303617, 42262.6900,  1, 48.42, 12.650000000001455
303617, 42262.6900,  1, 198.14, 12.650000000001455
303731, 42274.9100,  3, 562.39, 24.80999999999767
303755, 42277.4800,  3, 475.89, 27.37000000000262
303831, 42299.8700,  1, 28.17, 8.040000000000873
303831, 42299.8700,  1, 19.53, 8.040000000000873
303847, 42301.5900,  1, 107.08, 9.759999999994761
303847, 42301.5900,  1, 79.27, 9.759999999994761
303960, 42313.6900,  3, 386.35, 21.81999999999971
303980, 42315.8400,  3, 495.29, 23.959999999999127
303985, 42316.3700,  3, 565.80, 24.489999999997963
303997, 42317.6600,  3, 498.59, 25.790000000000873
304089, 42342.1900,  1, -15.49, 9.75
304089, 42342.1900,  1, 57.15, 9.75
304207, 42354.8400,  3, 490.17, 22.30999999999767
304217, 42355.9100,  3, 519.73, 23.439999999995052
304220, 42356.2300,  3, 441.48, 23.7699999999968
304245, 42358.9100,  3, 468.21, 26.389999999999418
304278, 42362.4400,  3, 516.45, 29.94999999999709
304411, 42376.6900,  3, 549.86, 44.18000000000029
304554, 42406.3700,  1, 169.10, 15.209999999999127
304611, 42412.4800,  3, 487.73, 21.25999999999476
304630, 42414.5200,  3, 491.42, 23.30999999999767
304632, 42414.7300,  3, 551.09, 23.5199999999968
304641, 42415.6900,  3, 509.60, 24.429999999993015
304678, 42419.6600,  3, 470.42, 28.39999999999418
304705, 42422.5500,  3, 593.31, 31.339999999996508
304708, 42422.8700,  3, 539.73, 31.64999999999418
304841, 42451.2700,  1, 78.01, 14.169999999998254
304841, 42451.2700,  1, 160.58, 14.169999999998254
304917, 42459.4100,  3, 511.39, 22.279999999998836
304937, 42461.5500,  3, 428.51, 24.419999999998254
304940, 42461.8700,  3, 528.51, 24.75
304955, 42463.4800,  3, 527.96, 26.31999999999971
304967, 42464.7700,  3, 633.30, 27.580000000001746
304972, 42465.3000,  3, 444.99, 28.18000000000029
305065, 42489.6600,  1, 71.12, 9.87000000000262
305076, 42490.8400,  1, 130.52, 11.049999999995634
305076, 42490.8400,  1, 120.95, 11.049999999995634
305091, 42492.4400,  1, 159.25, 12.650000000001455
305091, 42492.4400,  1, 40.85, 12.650000000001455
305199, 42504.0200,  3, 518.43, 24.209999999999127
305218, 42506.0500,  3, 554.21, 26.209999999999127
305234, 42507.7700,  3, 496.84, 27.900000000001455
305340, 42533.5200,  1, 93.52, 11.25
305346, 42534.1600,  1, 138.80, 11.890000000006694
305346, 42534.1600,  1, 130.39, 11.890000000006694
305453, 42545.6200,  3, 479.83, 23.280000000006112
305462, 42546.5900,  3, 467.43, 24.310000000004948
305482, 42548.7300,  3, 472.93, 26.37000000000262
305484, 42548.9400,  3, 457.66, 26.60000000000582
305581, 42559.3400,  3, 671.23, 37.06000000000495
305779, 42594.9400,  3, 499.45, 21.05999999999767
305782, 42595.2700,  3, 460.45, 21.44000000000233
305786, 42595.6900,  3, 454.77, 21.830000000001746
305797, 42596.8700,  3, 511.51, 23.040000000000873
305812, 42598.4800,  3, 434.64, 24.639999999999418
305815, 42598.8000,  3, 517.89, 24.919999999998254
305818, 42599.1200,  3, 430.75, 25.290000000000873
305822, 42599.5500,  3, 512.11, 25.660000000003492
305893, 42621.5900,  1, 36.37, 7.509999999994761
305893, 42621.5900,  1, 67.33, 7.509999999994761
306033, 42636.5900,  3, 491.39, 22.44999999999709
306052, 42638.6200,  3, 538.26, 24.489999999997963
306077, 42641.3000,  3, 461.88, 27.159999999996217
306084, 42642.0500,  3, 587.68, 27.959999999999127
306124, 42646.3400,  3, 523.61, 32.25
306144, 42648.4800,  3, 554.55, 34.30999999999767
306243, 42673.2700,  1, 19.23, 10.529999999998836
306243, 42673.2700,  1, 35.68, 10.529999999998836
306287, 42677.9800,  1, 217.53, 15.240000000005239
306287, 42677.9800,  1, 206.40, 15.240000000005239
306348, 42684.5200,  3, 486.08, 21.7300000000032
306359, 42685.6900,  3, 430.79, 22.93000000000029
306385, 42688.4800,  3, 525.21, 25.709999999999127
306440, 42694.3700,  3, 558.74, 31.540000000000873
306541, 42719.5500,  1, 128.29, 10.720000000001164
306541, 42719.5500,  1, 68.78, 10.720000000001164
306563, 42721.9100,  1, 111.74, 13.080000000001746
306652, 42731.4400,  3, 464.34, 22.56999999999971
306653, 42731.5500,  3, 493.46, 22.709999999999127
306663, 42732.6200,  3, 454.06, 23.75999999999476
306702, 42736.8000,  3, 477.77, 27.94999999999709
306722, 42738.9400,  3, 513.53, 30.05999999999767
306809, 42762.5500,  1, 67.11, 9.210000000006403
306809, 42762.5500,  1, 120.79, 9.210000000006403
306913, 42773.6900,  3, 417.63, 20.340000000003783
306918, 42774.2300,  3, 428.35, 20.820000000006985
306921, 42774.5500,  3, 481.85, 21.17000000000553
306953, 42777.9800,  3, 449.90, 24.610000000000582
306956, 42778.3000,  3, 561.02, 24.94000000000233
306985, 42781.4100,  3, 440.17, 28.030000000006112
307090, 42807.1200,  1, 80.48, 11.160000000003492
307090, 42807.1200,  1, 47.48, 11.160000000003492
307163, 42814.9400,  1, 95.57, 18.9800000000032
307193, 42818.1600,  3, 428.44, 22.12999999999738
307210, 42819.9800,  3, 418.45, 23.959999999999127
307211, 42820.0900,  3, 538.31, 24.099999999998545
307216, 42820.6200,  3, 466.32, 24.599999999998545
307249, 42824.1600,  3, 567.58, 28.090000000003783
307372, 42851.7300,  1, 149.43, 13.069999999999709
307372, 42851.7300,  1, 128.48, 13.069999999999709
307456, 42860.7300,  3, 491.65, 21.989999999997963
307474, 42862.6600,  3, 495.02, 23.94999999999709
307484, 42863.7300,  3, 531.79, 25.0
307503, 42865.7700,  3, 512.79, 27.06999999999971
307507, 42866.1900,  3, 513.61, 27.44999999999709
307508, 42866.3000,  3, 486.80, 27.609999999993306
307647, 42895.5200,  1, 183.49, 14.809999999997672
307647, 42895.5200,  1, 195.14, 14.809999999997672
307706, 42901.8400,  3, 486.26, 21.040000000000873
307727, 42904.0900,  3, 482.34, 23.290000000000873
307733, 42904.7300,  3, 497.04, 23.910000000003492
307733, 42904.7300,  3, 511.03, 23.970000000001164
307770, 42908.6900,  3, 422.58, 27.889999999999418
307782, 42909.9800,  3, 499.28, 29.18000000000029
307807, 42927.0900,  1, -120.14, 2.5899999999965075
307976, 42945.1900,  3, 425.76, 20.599999999998545
308007, 42948.5200,  3, 434.69, 24.0
308012, 42949.0500,  3, 456.76, 24.470000000001164
308028, 42950.7700,  3, 561.57, 26.220000000001164
308035, 42951.5200,  3, 506.22, 26.9800000000032
308070, 42955.2700,  3, 633.06, 30.760000000002037
308110, 42959.5500,  3, 601.12, 35.0
308232, 42986.8700,  1, 55.56, 12.970000000001164
308232, 42986.8700,  1, 200.92, 12.970000000001164
308259, 42989.7700,  1, 187.09, 15.869999999995343
308323, 42996.6200,  3, 449.42, 22.709999999999127
308347, 42999.1900,  3, 518.65, 25.189999999995052
308349, 42999.4100,  3, 530.58, 25.419999999998254
308371, 43001.7700,  3, 582.60, 27.779999999998836
308408, 43005.7300,  3, 422.72, 31.729999999995925
308494, 43029.2300,  1, 74.05, 9.130000000004657
308494, 43029.2300,  1, 63.06, 9.130000000004657
308530, 43033.0900,  1, 132.42, 12.989999999997963
308608, 43041.4400,  3, 463.90, 21.25
308623, 43043.0500,  3, 500.93, 22.849999999998545
308645, 43045.4100,  3, 443.25, 25.279999999998836
308666, 43047.6600,  3, 465.25, 27.489999999997963
308684, 43049.5900,  3, 448.64, 29.450000000004366
308825, 43079.0500,  1, 126.31, 14.990000000005239
308825, 43079.0500,  1, 229.85, 14.990000000005239
308889, 43085.9100,  3, 468.56, 21.760000000002037
308905, 43087.6200,  3, 523.18, 23.470000000001164
308914, 43088.5900,  3, 426.49, 24.49000000000524
308932, 43090.5200,  3, 476.05, 26.44000000000233
308982, 43095.8700,  3, 561.76, 31.7300000000032
308987, 43096.4100,  3, 591.58, 32.26000000000204
309100, 43123.8000,  1, 96.66, 12.0
309100, 43123.8000,  1, 112.08, 12.0
309150, 43129.1600,  1, 264.03, 17.360000000000582
309150, 43129.1600,  1, 134.13, 17.360000000000582
309175, 43131.8400,  3, 427.25, 20.00999999999476
309199, 43134.4100,  3, 464.13, 22.539999999993597
309208, 43135.3700,  3, 499.13, 23.529999999998836
309348, 43150.3700,  3, 431.53, 38.479999999995925
309468, 43177.4400,  1, 109.21, 12.75
309468, 43177.4400,  1, 152.34, 12.75
309503, 43181.1900,  1, 214.09, 16.5
309503, 43181.1900,  1, 198.73, 16.5
309567, 43188.0500,  3, 535.70, 23.349999999998545
309586, 43190.0900,  3, 470.15, 25.360000000000582
309596, 43191.1600,  3, 420.64, 26.360000000000582
309604, 43192.0200,  3, 572.11, 27.229999999995925
309740, 43221.1600,  1, 182.89, 14.460000000006403
309740, 43221.1600,  1, 115.56, 14.460000000006403
309801, 43227.6900,  3, 461.60, 20.93000000000029
309830, 43230.8000,  3, 468.66, 24.060000000004948
309832, 43231.0200,  3, 398.05, 24.270000000004075
309840, 43231.8700,  3, 531.46, 25.080000000001746
309850, 43232.9400,  3, 561.29, 26.18000000000029
309872, 43235.3000,  3, 429.30, 28.5
310081, 43272.0500,  3, 462.72, 22.19999999999709
310112, 43275.3700,  3, 511.31, 25.610000000000582
310118, 43276.0200,  3, 546.05, 26.239999999997963
310119, 43276.1200,  3, 522.49, 26.339999999996508
310131, 43277.4100,  3, 525.42, 27.599999999998545
310162, 43280.7300,  3, 623.38, 30.87999999999738
310179, 43282.5500,  3, 460.65, 32.75
310220, 43286.9400,  3, 616.27, 37.150000000001455
310331, 43313.2700,  1, 137.63, 11.809999999997672
310331, 43313.2700,  1, 122.07, 11.809999999997672
310347, 43314.9800,  1, 73.36, 13.520000000004075
310347, 43314.9800,  1, 156.72, 13.520000000004075
310439, 43324.8400,  3, 508.39, 23.349999999998545
310451, 43326.1200,  3, 462.64, 24.639999999999418
310459, 43326.9800,  3, 452.87, 25.459999999999127
310479, 43329.1200,  3, 454.98, 27.580000000001746
310552, 43352.3400,  1, 49.24, 7.739999999997963
310552, 43352.3400,  1, 28.66, 7.739999999997963
310699, 43368.0900,  3, 521.84, 23.389999999999418
310705, 43368.7300,  3, 475.53, 24.06999999999971
310709, 43369.1600,  3, 506.71, 24.4800000000032
310794, 43378.2700,  3, 671.18, 33.580000000001746
310820, 43381.0500,  3, 505.95, 36.41000000000349
311001, 43400.4400,  3, 420.39, 55.79000000000087
311099, 43425.4100,  1, 103.74, 10.400000000001455
311125, 43428.1900,  1, 182.79, 13.180000000000291
311125, 43428.1900,  1, 193.74, 13.180000000000291
311191, 43435.2700,  3, 459.94, 20.229999999995925
311230, 43439.4400,  3, 440.75, 24.419999999998254
311232, 43439.6600,  3, 507.78, 24.639999999999418
311232, 43439.6600,  3, 597.74, 24.639999999999418
311239, 43440.4100,  3, 454.06, 25.349999999998545
311313, 43463.6900,  1, 74.56, 7.830000000001746
311313, 43463.6900,  1, 69.71, 7.830000000001746
311365, 43469.2700,  1, 158.40, 13.409999999996217
311365, 43469.2700,  1, 189.51, 13.409999999996217
311438, 43477.0900,  3, 471.11, 21.139999999999418
311445, 43477.8400,  3, 436.99, 21.87999999999738
311497, 43483.4100,  3, 492.79, 27.470000000001164
311519, 43485.7700,  3, 527.47, 29.889999999999418
311619, 43510.8400,  1, 128.04, 10.609999999993306
311619, 43510.8400,  1, 112.55, 10.609999999993306
311712, 43520.8000,  3, 400.17, 20.5199999999968
311732, 43522.9400,  1, 74.89, 22.709999999999127
311732, 43522.9400,  1, 361.84, 22.709999999999127
311737, 43523.4800,  3, 489.03, 23.239999999997963
311747, 43524.5500,  3, 471.55, 24.2699999999968
311757, 43525.6200,  3, 525.26, 25.37999999999738
311945, 43561.2300,  1, 247.25, 20.030000000006112
311945, 43561.2300,  1, 348.83, 20.030000000006112
311955, 43562.3000,  3, 420.17, 21.0
311981, 43565.0900,  3, 482.80, 23.880000000004657
311983, 43565.3000,  3, 486.42, 24.080000000001746
312004, 43567.5500,  3, 581.71, 26.30000000000291
312042, 43571.6200,  3, 555.23, 30.35000000000582
312064, 43573.9800,  3, 483.79, 32.75
312160, 43598.5900,  1, 123.00, 10.179999999993015
312160, 43598.5900,  1, 57.16, 10.179999999993015
312175, 43600.1900,  1, 58.08, 11.779999999998836
312175, 43600.1900,  1, 88.41, 11.779999999998836
312247, 43607.9100,  3, 401.81, 19.439999999995052
312264, 43609.7300,  1, 196.36, 21.31999999999971
312291, 43612.6200,  3, 475.55, 24.189999999995052
312333, 43617.1200,  3, 530.10, 28.669999999998254
312449, 43644.0200,  1, 134.46, 12.349999999998545
312449, 43644.0200,  1, 109.34, 12.349999999998545
312525, 43652.1600,  3, 439.65, 20.44000000000233
312527, 43652.3700,  3, 456.09, 20.610000000000582
312553, 43655.1600,  3, 473.33, 23.43000000000029
312578, 43657.8400,  3, 431.39, 26.139999999999418
312601, 43660.3000,  3, 477.66, 28.560000000004948
312637, 43664.1600,  3, 436.88, 32.38999999999942
312729, 43688.4400,  1, 86.58, 9.770000000004075
312729, 43688.4400,  1, 113.72, 9.770000000004075
312849, 43701.3000,  3, 517.48, 22.599999999998545
312865, 43703.0200,  3, 499.20, 24.290000000000873
312878, 43704.4100,  3, 459.68, 25.700000000004366
312897, 43706.4400,  3, 509.76, 27.75
312901, 43706.8700,  3, 474.87, 28.160000000003492
312916, 43708.4800,  3, 586.67, 29.80000000000291
313057, 43737.8400,  1, 245.01, 15.009999999994761
313057, 43737.8400,  1, 196.08, 15.009999999994761
313122, 43744.8000,  3, 474.98, 21.959999999999127
313146, 43747.3700,  3, 503.81, 24.439999999995052
313159, 43748.7700,  3, 478.57, 25.909999999996217
313167, 43749.6200,  3, 453.69, 26.709999999999127
313173, 43750.2700,  3, 497.78, 27.419999999998254
313174, 43750.3700,  3, 515.33, 27.479999999995925
313353, 43783.9400,  1, 355.68, 19.080000000001746
313353, 43783.9400,  1, 181.07, 19.080000000001746
313368, 43785.5500,  3, 424.21, 20.669999999998254
313379, 43786.7300,  3, 369.18, 21.7699999999968
313388, 43787.6900,  3, 424.99, 22.81999999999971
313445, 43793.8000,  3, 519.17, 28.87999999999738
313449, 43794.2300,  3, 539.24, 29.290000000000873
313479, 43797.4400,  3, 540.77, 32.479999999995925
313564, 43820.9800,  1, 36.03, 9.0
313580, 43822.6900,  1, 110.01, 10.709999999999127
313580, 43822.6900,  1, 129.42, 10.709999999999127
313688, 43834.2700,  3, 422.48, 22.209999999999127
313697, 43835.2300,  3, 524.22, 23.219999999993888
313722, 43837.9100,  3, 532.56, 25.869999999995343
313740, 43839.8400,  3, 434.01, 27.75999999999476
313765, 43842.5200,  3, 522.58, 30.439999999995052
313951, 43876.9100,  3, 414.73, 19.760000000002037
313972, 43879.1600,  3, 476.00, 22.05000000000291
313976, 43879.5900,  3, 463.52, 22.419999999998254
313989, 43880.9800,  3, 492.57, 23.840000000003783
313990, 43881.0900,  3, 517.71, 23.9800000000032
313991, 43881.1900,  3, 522.55, 24.110000000000582
313998, 43881.9400,  3, 412.37, 24.80999999999767
314030, 43885.3700,  3, 563.83, 28.2300000000032
314128, 43911.0500,  1, 82.39, 10.400000000001455
314128, 43911.0500,  1, 111.27, 10.400000000001455
314151, 43913.5200,  1, 154.63, 12.869999999995343
314259, 43925.0900,  3, 464.91, 24.349999999998545
314259, 43925.0900,  3, 515.34, 24.369999999995343
314260, 43925.1900,  3, 479.53, 24.529999999998836
314261, 43925.3000,  3, 523.33, 24.62999999999738
314301, 43929.5900,  3, 575.28, 28.919999999998254
314515, 43966.8000,  3, 457.72, 22.799999999995634
314515, 43966.8000,  3, 545.71, 22.790000000000873
314524, 43967.7700,  3, 475.87, 23.779999999998836
314542, 43969.6900,  3, 480.32, 25.709999999999127
314548, 43970.3400,  3, 477.45, 26.290000000000873
314553, 43970.8700,  3, 419.71, 26.830000000001746
314557, 43971.3000,  3, 436.72, 27.299999999995634
314589, 43974.7300,  3, 516.27, 30.69000000000233
314794, 44010.9800,  3, 382.62, 21.779999999998836
314795, 44011.0900,  3, 423.21, 21.87999999999738
314806, 44012.2700,  3, 470.29, 23.040000000000873
314839, 44015.8000,  3, 487.46, 26.610000000000582
314849, 44016.8700,  3, 434.26, 27.719999999993888
314867, 44018.8000,  3, 498.65, 29.57999999999447
314882, 44020.4100,  3, 538.12, 31.2699999999968
315178, 44052.1200,  3, 471.91, 62.93000000000029
315252, 44074.4800,  1, 43.89, 7.819999999999709
315252, 44074.4800,  1, 67.27, 7.819999999999709
315316, 44081.3400,  1, 177.13, 14.679999999993015
315316, 44081.3400,  1, 90.37, 14.679999999993015
315361, 44086.1600,  3, 471.82, 19.44999999999709
315395, 44089.8000,  3, 509.10, 23.12999999999738
315412, 44091.6200,  3, 526.13, 24.909999999996217
315465, 44097.3000,  3, 587.36, 30.609999999993306
315558, 44121.7300,  1, 75.80, 9.860000000000582
315558, 44121.7300,  1, 75.12, 9.860000000000582
315680, 44134.8000,  3, 519.33, 22.87999999999738
315691, 44135.9800,  3, 476.75, 24.00999999999476
315696, 44136.5200,  3, 495.72, 24.549999999995634
315700, 44136.9400,  3, 494.51, 25.0199999999968
315707, 44137.6900,  3, 511.82, 25.7699999999968
315745, 44141.7700,  3, 545.00, 29.81999999999971
315826, 44165.5900,  1, -52.65, 8.589999999996508
315897, 44173.1900,  1, 168.07, 16.19000000000233
315935, 44177.2700,  3, 461.84, 20.239999999997963
315964, 44180.3700,  3, 453.78, 23.349999999998545
315965, 44180.4800,  3, 474.12, 23.37000000000262
315968, 44180.8000,  3, 469.90, 23.7699999999968
315969, 44180.9100,  3, 484.59, 23.830000000001746
315978, 44181.8700,  3, 451.87, 24.839999999996508
316049, 44204.5900,  1, 9.52, 7.5
316049, 44204.5900,  1, 45.28, 7.5
316062, 44205.9800,  1, 69.67, 8.890000000006694
316062, 44205.9800,  1, 42.26, 8.890000000006694
316159, 44216.3700,  3, 466.39, 19.18000000000029
316182, 44218.8400,  3, 427.89, 21.720000000001164
316198, 44220.5500,  3, 528.38, 23.42000000000553
316216, 44222.4800,  3, 543.15, 25.330000000001746
316338, 44249.7300,  1, 187.75, 12.960000000006403
316338, 44249.7300,  1, 135.69, 12.960000000006403
316433, 44259.9100,  3, 337.68, 23.040000000000873
316448, 44261.5200,  3, 443.38, 24.74000000000524
316465, 44263.3400,  3, 468.37, 26.55000000000291
316489, 44265.9100,  3, 371.83, 29.12000000000262
316544, 44271.8000,  3, 621.45, 35.01000000000204
316667, 44284.9800,  3, 376.32, 48.150000000001455
316792, 44313.5200,  1, 145.07, 13.299999999995634
316792, 44313.5200,  1, 114.35, 13.299999999995634
316859, 44320.6900,  1, 121.52, 20.470000000001164
316859, 44320.6900,  1, 236.14, 20.470000000001164
316869, 44321.7700,  3, 501.28, 21.540000000000873
316906, 44325.7300,  3, 469.31, 25.400000000001455
316910, 44326.1600,  3, 516.20, 25.900000000001455
316983, 44333.9800,  3, 428.90, 33.73999999999796
317132, 44364.2300,  1, 199.76, 15.87000000000262
317165, 44367.7700,  3, 447.65, 19.330000000001746
317196, 44371.0900,  3, 468.95, 22.69000000000233
317199, 44371.4100,  3, 465.79, 23.040000000000873
317201, 44371.6200,  3, 498.82, 23.239999999997963
317208, 44372.3700,  3, 455.64, 23.919999999998254
317217, 44373.3400,  3, 373.38, 24.94000000000233
317226, 44374.3000,  3, 575.84, 25.93000000000029
317400, 44407.2300,  1, 234.47, 18.530000000006112
317413, 44408.6200,  3, 472.04, 19.910000000003492
317450, 44412.5900,  3, 476.98, 23.87000000000262
317453, 44412.9100,  3, 523.37, 24.139999999999418
317470, 44414.7300,  3, 484.88, 26.010000000002037
317476, 44415.3700,  3, 512.11, 26.650000000001455
317482, 44416.0200,  3, 483.13, 27.24000000000524
317492, 44417.0900,  3, 383.89, 28.30000000000291
317597, 44442.3700,  1, 146.74, 11.139999999999418
317693, 44452.6600,  3, 448.40, 21.369999999995343
317708, 44454.2700,  3, 524.27, 22.94999999999709
317720, 44455.5500,  3, 404.25, 24.219999999993888
317723, 44455.8700,  1, 211.80, 24.639999999999418
317723, 44455.8700,  1, 317.88, 24.639999999999418
317727, 44456.3000,  3, 482.22, 24.979999999995925
317729, 44456.5200,  3, 406.95, 25.18000000000029
317880, 44487.1600,  1, 240.35, 16.070000000006985
317906, 44489.9400,  1, 154.57, 18.85000000000582
317906, 44489.9400,  1, 237.43, 18.85000000000582
317940, 44493.5900,  3, 483.70, 22.400000000001455
317944, 44494.0200,  3, 478.30, 22.890000000006694
317950, 44494.6600,  3, 455.34, 23.520000000004075
317965, 44496.2700,  3, 445.00, 25.160000000003492
318024, 44502.5900,  3, 612.27, 31.470000000001164
318111, 44526.2300,  1, 90.71, 9.210000000006403
318228, 44538.7700,  3, 434.07, 21.650000000001455
318235, 44539.5200,  3, 463.71, 22.4800000000032
318261, 44542.3000,  3, 471.09, 25.200000000004366
318265, 44542.7300,  3, 530.08, 25.610000000000582
318280, 44544.3400,  3, 607.85, 27.30000000000291
318284, 44544.7700,  3, 510.54, 27.67000000000553
318437, 44561.1600,  3, 509.66, 44.13000000000466
318552, 44587.7700,  1, 118.17, 12.209999999999127
318552, 44587.7700,  1, 114.09, 12.209999999999127
318614, 44594.4100,  3, 399.49, 18.74000000000524
318662, 44599.5500,  3, 461.88, 23.889999999999418
318674, 44600.8400,  3, 492.17, 25.18000000000029
318676, 44601.0500,  3, 464.56, 25.44000000000233
318694, 44602.9800,  3, 470.51, 27.310000000004948
318729, 44606.7300,  3, 523.06, 31.130000000004657
318833, 44632.1200,  1, 47.68, 11.05000000000291
318913, 44640.6900,  3, 400.99, 19.55999999999767
318953, 44644.9800,  3, 481.12, 23.860000000000582
318956, 44645.3000,  3, 486.88, 24.150000000001455
318957, 44645.4100,  3, 509.91, 24.260000000002037
318993, 44649.2700,  3, 607.25, 28.160000000003492
319004, 44650.4400,  3, 467.07, 29.290000000000873
319046, 44654.9400,  3, 504.36, 33.830000000001746
319129, 44678.1600,  1, 68.55, 8.780000000006112
319129, 44678.1600,  1, 42.29, 8.780000000006112
319255, 44691.6600,  3, 465.61, 22.270000000004075
319277, 44694.0200,  3, 403.31, 24.590000000003783
319299, 44696.3700,  3, 508.52, 26.959999999999127
319311, 44697.6600,  3, 512.55, 28.24000000000524
319313, 44697.8700,  3, 468.58, 28.459999999999127
319350, 44701.8400,  3, 579.03, 32.41000000000349
319457, 44727.8400,  1, 139.00, 11.37999999999738
319457, 44727.8400,  1, 105.77, 11.37999999999738
319459, 44728.0500,  1, 154.81, 11.590000000003783
319569, 44739.8400,  3, 418.30, 23.270000000004075
319579, 44740.9100,  3, 508.27, 24.37999999999738
319598, 44742.9400,  3, 570.35, 26.419999999998254
319603, 44743.4800,  3, 473.68, 26.989999999997963
319637, 44747.1200,  3, 409.66, 30.650000000001455
319757, 44774.1600,  1, 144.39, 12.75
319757, 44774.1600,  1, 98.03, 12.75
319829, 44781.8700,  3, 489.61, 20.419999999998254
319837, 44782.7300,  3, 432.31, 21.2699999999968
319861, 44785.3000,  3, 469.36, 23.799999999995634
319865, 44785.7300,  3, 528.80, 24.209999999999127
319901, 44789.5900,  3, 479.13, 28.169999999998254
319946, 44794.4100,  3, 517.63, 32.93999999999505
320073, 44822.5500,  1, 149.65, 13.490000000005239
320078, 44823.0900,  1, 216.98, 14.029999999998836
320151, 44830.9100,  3, 494.81, 21.81999999999971
320179, 44833.9100,  3, 479.61, 24.810000000004948
320184, 44834.4400,  3, 504.13, 25.340000000003783
320201, 44836.2700,  3, 416.69, 27.19000000000233
320245, 44840.9800,  3, 684.40, 31.889999999999418
320310, 44847.9400,  3, 519.61, 38.80000000000291
320385, 44870.3700,  1, 72.34, 7.940000000002328
320385, 44870.3700,  1, 65.01, 7.940000000002328
320422, 44874.3400,  1, 80.15, 11.909999999996217
320422, 44874.3400,  1, 153.95, 11.909999999996217
320519, 44884.7300,  3, 455.59, 22.239999999997963
320523, 44885.1600,  3, 495.44, 22.68000000000029
320532, 44886.1200,  3, 537.81, 23.659999999996217
320565, 44889.6600,  3, 481.58, 27.209999999999127
320746, 44923.5900,  1, 182.76, 19.279999999998836
320746, 44923.5900,  1, 248.53, 19.279999999998836
320763, 44925.4100,  3, 470.49, 21.080000000001746
320799, 44929.2700,  3, 520.72, 24.910000000003492
320799, 44929.2700,  3, 432.30, 24.860000000000582
320825, 44932.0500,  3, 425.29, 27.639999999999418
320839, 44933.5500,  3, 545.99, 29.2300000000032
320858, 44935.5900,  3, 464.07, 31.2300000000032
321026, 44967.9400,  1, 86.76, 17.889999999999418
321026, 44967.9400,  1, 167.61, 17.889999999999418
321053, 44970.8400,  3, 423.24, 20.75
321060, 44971.5900,  3, 411.18, 21.469999999993888
321065, 44972.1200,  3, 525.68, 22.049999999995634
321093, 44975.1200,  3, 571.62, 25.0199999999968
321099, 44975.7700,  3, 483.46, 25.639999999999418
321104, 44976.3000,  3, 544.30, 26.229999999995925
321239, 45005.0500,  1, 123.85, 14.360000000000582
321239, 45005.0500,  1, 32.89, 14.360000000000582
321255, 45006.7700,  1, 255.64, 16.07999999999447
321318, 45013.5200,  3, 484.05, 22.80999999999767
321321, 45013.8400,  3, 447.35, 23.110000000000582
321332, 45015.0200,  3, 483.06, 24.299999999995634
321437, 45026.2700,  3, 639.94, 35.470000000001164
321439, 45026.4800,  3, 575.56, 35.68999999999505
321639, 45062.0200,  3, 457.19, 21.25
321644, 45062.5500,  3, 398.58, 21.75
321658, 45064.0500,  3, 448.67, 23.290000000000873
321669, 45065.2300,  3, 495.19, 24.44000000000233
321676, 45065.9800,  3, 424.38, 25.18000000000029
321691, 45067.5900,  3, 418.75, 26.860000000000582
321692, 45067.6900,  3, 560.89, 26.960000000006403
321696, 45068.1200,  3, 562.52, 27.35000000000582
321818, 45095.6200,  1, 101.16, 12.970000000001164
321818, 45095.6200,  1, 182.87, 12.970000000001164
321904, 45104.8400,  3, 501.00, 22.089999999996508
321908, 45105.2700,  3, 469.37, 22.56999999999971
321911, 45105.5900,  3, 509.14, 22.849999999998545
321929, 45107.5200,  3, 474.31, 24.760000000002037
321935, 45108.1600,  3, 581.10, 25.459999999999127
321957, 45110.5200,  3, 543.87, 27.81999999999971
322098, 45139.9100,  1, 168.92, 15.010000000002037
322098, 45139.9100,  1, 156.03, 15.010000000002037
322167, 45147.3000,  3, 491.17, 22.330000000001746
322195, 45150.3000,  3, 444.16, 25.339999999996508
322195, 45150.3000,  3, 542.62, 25.31999999999971
322199, 45150.7300,  3, 548.81, 25.7699999999968
322231, 45154.1600,  3, 458.77, 29.239999999997963
322252, 45156.4100,  3, 584.53, 31.459999999999127
322370, 45183.6200,  1, 121.05, 12.55000000000291
322370, 45183.6200,  1, 170.09, 12.55000000000291
322371, 45183.7300,  1, 87.60, 12.660000000003492
322465, 45193.8000,  3, 410.63, 22.660000000003492
322466, 45193.9100,  3, 488.84, 22.80999999999767
322478, 45195.1900,  3, 487.22, 24.110000000000582
322496, 45197.1200,  3, 501.72, 25.959999999999127
322510, 45198.6200,  3, 525.08, 27.459999999999127
322713, 45234.8700,  3, 473.58, 21.590000000003783
322717, 45235.3000,  3, 485.96, 22.05999999999767
322724, 45236.0500,  3, 419.15, 22.770000000004075
322735, 45237.2300,  3, 517.91, 23.989999999997963
322757, 45239.5900,  3, 548.27, 26.37000000000262
322765, 45240.4400,  3, 464.98, 27.200000000004366
322777, 45241.7300,  3, 611.93, 28.4800000000032
322781, 45242.1600,  3, 567.22, 28.889999999999418
322865, 45265.5900,  1, 46.21, 8.919999999998254
322865, 45265.5900,  1, 72.21, 8.919999999998254
322982, 45278.1200,  3, 505.61, 21.360000000000582
323008, 45280.9100,  3, 582.43, 24.209999999999127
323011, 45281.2300,  3, 437.07, 24.510000000002037
323024, 45282.6200,  3, 539.28, 25.880000000004657
323065, 45287.0200,  3, 449.32, 30.279999999998836
323077, 45288.3000,  3, 608.59, 31.520000000004075
323149, 45310.2300,  1, 11.98, 7.630000000004657
323149, 45310.2300,  1, 69.42, 7.630000000004657
323171, 45312.5900,  1, 69.73, 9.989999999997963
323171, 45312.5900,  1, 79.61, 9.989999999997963
323175, 45313.0200,  1, 109.88, 10.419999999998254
323192, 45314.8400,  1, 139.01, 12.239999999997963
323310, 45327.4800,  3, 471.94, 24.779999999998836
323400, 45337.1200,  3, 548.24, 34.4800000000032
323521, 45364.5500,  1, 112.20, 12.880000000004657
323521, 45364.5500,  1, 133.19, 12.880000000004657
323568, 45369.5900,  1, 155.71, 17.919999999998254
323572, 45370.0200,  1, 234.91, 18.349999999998545
323616, 45374.7300,  3, 539.80, 23.020000000004075
323619, 45375.0500,  3, 472.64, 23.330000000001746
323646, 45377.9400,  3, 536.75, 26.209999999999127
323695, 45383.1900,  3, 512.73, 31.49000000000524
323813, 45410.4400,  1, 162.84, 12.540000000000873
323813, 45410.4400,  1, 199.45, 12.540000000000873
323892, 45418.9100,  3, 482.24, 21.0
323900, 45419.7700,  3, 471.95, 21.860000000000582
323928, 45422.7700,  3, 619.07, 24.7699999999968
323931, 45423.0900,  3, 497.61, 25.139999999999418
323938, 45423.8400,  3, 506.00, 25.87999999999738
323991, 45429.5200,  3, 520.91, 31.529999999998836
324113, 45457.0500,  1, 110.89, 12.980000000003201
324113, 45457.0500,  1, 81.93, 12.980000000003201
324192, 45465.5200,  3, 508.36, 21.400000000001455
324214, 45467.8700,  3, 471.56, 23.69999999999709
324230, 45469.5900,  3, 511.46, 25.43000000000029
324259, 45472.6900,  3, 509.32, 28.610000000000582
324265, 45473.3400,  3, 449.45, 29.209999999999127
324277, 45474.6200,  3, 500.10, 30.5199999999968
324376, 45499.7300,  1, 144.52, 10.510000000002037
324376, 45499.7300,  1, 86.22, 10.510000000002037
324436, 45506.1600,  1, 229.10, 16.94000000000233
324436, 45506.1600,  1, 222.97, 16.94000000000233
324454, 45508.0900,  1, 207.22, 18.869999999995343
324454, 45508.0900,  1, 314.07, 18.869999999995343
324468, 45509.5900,  3, 424.22, 20.330000000001746
324495, 45512.4800,  3, 483.44, 23.159999999996217
324684, 45546.8400,  3, 457.42, 20.05000000000291
324700, 45548.5500,  3, 507.52, 21.790000000000873
324703, 45548.8700,  3, 464.05, 22.160000000003492
324712, 45549.8400,  3, 486.79, 23.05000000000291
324723, 45551.0200,  3, 421.94, 24.220000000001164
324728, 45551.5500,  3, 513.94, 24.81999999999971
324737, 45552.5200,  3, 479.07, 25.770000000004075
324775, 45556.5900,  3, 588.32, 29.840000000003783
324882, 45582.4400,  1, 99.50, 11.37000000000262
324882, 45582.4400,  1, 107.92, 11.37000000000262
324991, 45594.1200,  3, 474.45, 23.040000000000873
325006, 45595.7300,  3, 470.67, 24.56999999999971
325011, 45596.2700,  3, 431.72, 25.110000000000582
325035, 45598.8400,  3, 440.79, 27.669999999998254
325050, 45600.4400,  3, 542.24, 29.31999999999971
325086, 45604.3000,  3, 602.65, 33.18000000000029
325110, 45621.1600,  1, -120.02, 2.470000000001164
325198, 45630.5900,  1, 136.39, 11.89999999999418
325198, 45630.5900,  1, 77.58, 11.89999999999418
325212, 45632.0900,  1, 130.18, 13.39999999999418
325212, 45632.0900,  1, 124.73, 13.39999999999418
325309, 45642.4800,  3, 524.99, 23.739999999997963
325314, 45643.0200,  3, 508.62, 24.220000000001164
325326, 45644.3000,  3, 536.15, 25.50999999999476
325476, 45674.8400,  1, 157.39, 15.969999999993888
325476, 45674.8400,  1, 144.67, 15.969999999993888
325504, 45677.8400,  1, 322.24, 18.969999999993888
325520, 45679.5500,  3, 463.84, 20.64999999999418
325562, 45684.0500,  3, 481.91, 25.159999999996217
325572, 45685.1200,  3, 575.35, 26.159999999996217
325578, 45685.7700,  3, 455.25, 26.82999999999447
325611, 45689.3000,  3, 460.18, 30.409999999996217
325799, 45723.9400,  3, 411.05, 20.040000000000873
325815, 45725.6600,  3, 431.79, 21.739999999997963
325824, 45726.6200,  3, 476.66, 22.69000000000233
325834, 45727.6900,  3, 487.89, 23.760000000002037
325835, 45727.8000,  3, 511.90, 23.87000000000262
325837, 45728.0200,  3, 451.31, 24.080000000001746
325840, 45728.3400,  3, 461.19, 24.389999999999418
325850, 45729.4100,  3, 554.98, 25.419999999998254
325954, 45755.0900,  1, 118.03, 11.039999999993597
325954, 45755.0900,  1, 103.18, 11.039999999993597
326051, 45765.4800,  3, 449.50, 21.369999999995343
326066, 45767.0900,  3, 378.13, 22.94999999999709
326067, 45767.1900,  3, 460.24, 23.110000000000582
326086, 45769.2300,  3, 432.93, 25.110000000000582
326091, 45769.7700,  3, 513.23, 25.62999999999738
326098, 45770.5200,  3, 424.27, 26.419999999998254
326154, 45790.9400,  1, 34.90, 5.900000000001455
326154, 45790.9400,  1, -7.51, 5.900000000001455
326185, 45794.2700,  1, 49.02, 9.229999999995925
326185, 45794.2700,  1, 73.55, 9.229999999995925
326307, 45807.3400,  3, 455.53, 22.260000000002037
326309, 45807.5500,  3, 451.70, 22.470000000001164
326339, 45810.7700,  3, 496.58, 25.659999999996217
326343, 45811.1900,  3, 558.80, 26.139999999999418
326498, 45842.9800,  1, 62.40, 16.5
326498, 45842.9800,  1, 151.70, 16.5
326535, 45846.9400,  3, 484.49, 20.369999999995343
326568, 45850.4800,  3, 522.31, 23.909999999996217
326604, 45854.3400,  3, 433.59, 27.839999999996508
326635, 45857.6600,  3, 501.54, 31.06999999999971
326647, 45858.9400,  3, 601.57, 32.39999999999418
326925, 45888.7300,  3, 363.55, 62.229999999995925
327034, 45914.8000,  1, 143.23, 11.590000000003783
327034, 45914.8000,  1, 107.57, 11.590000000003783
327068, 45918.4400,  1, 243.12, 15.230000000003201
327068, 45918.4400,  1, 233.13, 15.230000000003201
327117, 45923.6900,  3, 427.77, 20.44000000000233
327138, 45925.9400,  3, 528.74, 22.639999999999418
327182, 45930.6600,  3, 553.46, 27.37999999999738
327189, 45931.4100,  3, 419.57, 28.12000000000262
327329, 45961.7700,  1, 90.19, 14.89999999999418
327329, 45961.7700,  1, 184.34, 14.89999999999418
327380, 45967.2300,  3, 436.00, 20.25999999999476
327402, 45969.5900,  3, 413.12, 22.610000000000582
327413, 45970.7700,  3, 500.07, 23.889999999999418
327451, 45974.8400,  3, 528.37, 27.93000000000029
327499, 45979.9800,  3, 540.52, 33.06999999999971
327544, 45984.8000,  3, 681.80, 37.83999999999651
327690, 46014.9400,  1, 31.44, 15.529999999998836
327746, 46020.9400,  3, 486.71, 21.429999999993015
327759, 46022.3400,  3, 302.68, 22.81999999999971
327792, 46025.8700,  3, 450.46, 26.409999999996217
327802, 46026.9400,  3, 593.20, 27.489999999997963
327806, 46027.3700,  3, 464.64, 27.909999999996217
327820, 46028.8700,  3, 542.60, 29.439999999995052
327839, 46030.9100,  3, 468.49, 31.44999999999709
327936, 46056.6600,  1, 117.02, 10.30000000000291
328044, 46068.2300,  3, 500.52, 21.860000000000582
328048, 46068.6600,  3, 479.72, 22.25
328065, 46070.4800,  3, 423.88, 24.089999999996508
328069, 46070.9100,  3, 548.88, 24.44999999999709
328077, 46071.7700,  3, 459.94, 25.37999999999738
328097, 46073.9100,  3, 448.69, 27.44999999999709
328155, 46080.1200,  3, 431.92, 33.75
328348, 46115.1600,  3, 435.61, 20.510000000002037
328365, 46116.9800,  3, 458.79, 22.30999999999767
328386, 46119.2300,  3, 450.58, 24.639999999999418
328389, 46119.5500,  3, 510.19, 24.910000000003492
328406, 46121.3700,  3, 518.38, 26.779999999998836
328410, 46121.8000,  3, 420.84, 27.139999999999418
328421, 46122.9800,  3, 538.45, 28.389999999999418
328459, 46127.0500,  3, 306.91, 32.470000000001164
328638, 46160.6900,  3, 432.95, 19.010000000002037
328692, 46166.4800,  3, 406.09, 24.780000000006112
328692, 46166.4800,  3, 416.47, 24.810000000004948
328696, 46166.9100,  3, 404.00, 25.18000000000029
328727, 46170.2300,  3, 423.27, 28.560000000004948
328755, 46173.2300,  3, 504.29, 31.520000000004075
328764, 46174.1900,  3, 523.76, 32.520000000004075
328790, 46176.9800,  3, 472.31, 35.30000000000291
328878, 46200.8000,  1, 53.94, 9.330000000001746
328878, 46200.8000,  1, 51.20, 9.330000000001746
328944, 46207.8700,  1, 90.62, 16.400000000001455
328977, 46211.4100,  3, 354.70, 19.849999999998545
328997, 46213.5500,  3, 513.26, 21.989999999997963
329023, 46216.3400,  3, 554.60, 24.860000000000582
329032, 46217.3000,  3, 518.69, 25.790000000000873
329039, 46218.0500,  3, 622.49, 26.510000000002037
329233, 46254.1600,  3, 415.72, 20.669999999998254
329237, 46254.5900,  3, 442.13, 21.039999999993597
329264, 46257.4800,  3, 488.83, 23.89999999999418
329279, 46259.0900,  3, 494.07, 25.589999999996508
329281, 46259.3000,  3, 479.66, 25.75999999999476
329281, 46259.3000,  3, 521.08, 25.75999999999476
329291, 46260.3700,  3, 442.72, 26.81999999999971
329301, 46261.4400,  3, 550.94, 27.919999999998254
329411, 46287.6900,  1, 142.10, 11.680000000000291
329411, 46287.6900,  1, 80.82, 11.680000000000291
329435, 46290.2700,  1, 146.00, 14.259999999994761
329500, 46297.2300,  3, 475.83, 21.119999999995343
329534, 46300.8700,  3, 558.39, 24.75999999999476
329546, 46302.1600,  3, 504.74, 26.110000000000582
329549, 46302.4800,  3, 485.40, 26.459999999999127
329552, 46302.8000,  3, 563.15, 26.779999999998836
329649, 46327.6900,  1, 135.07, 10.279999999998836
329756, 46339.1600,  3, 454.58, 21.689999999995052
329772, 46340.8700,  3, 519.20, 23.369999999995343
329773, 46340.9800,  3, 500.97, 23.469999999993888
329782, 46341.9400,  3, 534.34, 24.459999999999127
329800, 46343.8700,  3, 468.10, 26.369999999995343
329803, 46344.1900,  3, 514.92, 26.719999999993888
329805, 46344.4100,  3, 609.40, 26.969999999993888
329913, 46370.4400,  1, 112.48, 11.470000000001164
329913, 46370.4400,  1, 105.96, 11.470000000001164
329999, 46379.6600,  3, 421.43, 20.62999999999738
330022, 46382.1200,  3, 552.60, 23.12999999999738
330038, 46383.8400,  3, 435.53, 24.830000000001746
330039, 46383.9400,  3, 503.57, 24.919999999998254
330045, 46384.5900,  3, 440.33, 25.529999999998836
330068, 46387.0500,  3, 427.38, 28.040000000000873
330194, 46415.0500,  1, 140.02, 13.400000000001455
330194, 46415.0500,  1, 156.98, 13.400000000001455
330207, 46416.4400,  1, 144.07, 14.790000000000873
330207, 46416.4400,  1, 70.23, 14.790000000000873
330240, 46419.9800,  1, 192.93, 18.330000000001746
330281, 46424.3700,  3, 495.24, 22.669999999998254
330330, 46429.6200,  3, 584.38, 27.889999999999418
330331, 46429.7300,  3, 514.67, 27.979999999995925
330454, 46457.3700,  1, 98.60, 13.060000000004948
330454, 46457.3700,  1, 153.51, 13.060000000004948
330522, 46464.6600,  3, 443.47, 20.260000000002037
330551, 46467.7700,  3, 479.60, 23.42000000000553
330562, 46468.9400,  3, 509.55, 24.580000000001746
330566, 46469.3700,  3, 576.63, 24.959999999999127
330569, 46469.6900,  3, 491.54, 25.37000000000262
330578, 46470.6600,  3, 497.24, 26.260000000002037
330669, 46494.9100,  1, -24.99, 9.640000000006694
330681, 46496.1900,  1, 149.82, 10.92000000000553
330681, 46496.1900,  1, 82.82, 10.92000000000553
330688, 46496.9400,  1, 130.83, 11.67000000000553
330688, 46496.9400,  1, 159.38, 11.67000000000553
330811, 46510.1200,  3, 429.05, 24.760000000002037
330833, 46512.4800,  3, 518.14, 27.10000000000582
330878, 46517.3000,  3, 512.58, 31.93000000000029
330986, 46543.2300,  1, 59.97, 11.460000000006403
330986, 46543.2300,  1, 173.78, 11.460000000006403
331043, 46549.3400,  1, 163.52, 17.56999999999971
331085, 46553.8400,  3, 462.70, 21.9800000000032
331112, 46556.7300,  3, 528.60, 24.860000000000582
331151, 46560.9100,  3, 552.08, 29.06999999999971
331178, 46563.8000,  3, 482.00, 31.970000000001164
331178, 46563.8000,  3, 531.72, 31.92000000000553
331281, 46589.3700,  1, 141.58, 10.930000000000291
331281, 46589.3700,  1, 116.82, 10.930000000000291
331295, 46590.8700,  1, 134.37, 12.430000000000291
331295, 46590.8700,  1, 128.08, 12.430000000000291
331368, 46598.6900,  3, 479.99, 20.18000000000029
331387, 46600.7300,  3, 476.50, 22.25999999999476
331434, 46605.7700,  3, 518.03, 27.290000000000873
331439, 46606.3000,  3, 416.80, 27.81999999999971
331553, 46632.8400,  1, 132.55, 12.119999999995343
331553, 46632.8400,  1, 112.82, 12.119999999995343
331587, 46636.4800,  1, 112.60, 15.760000000002037
331587, 46636.4800,  1, 129.80, 15.760000000002037
331646, 46642.8000,  3, 468.47, 22.0199999999968
331659, 46644.1900,  3, 494.25, 23.43000000000029
331659, 46644.1900,  3, 444.17, 23.44999999999709
331662, 46644.5200,  3, 427.10, 23.760000000002037
331843, 46678.3000,  1, 74.01, 19.30000000000291
331858, 46679.9100,  3, 422.13, 20.80999999999767
331862, 46680.3400,  3, 432.34, 21.30000000000291
331864, 46680.5500,  3, 396.98, 21.5
331865, 46680.6600,  3, 487.02, 21.589999999996508
331883, 46682.5900,  3, 444.40, 23.5
331904, 46684.8400,  3, 583.23, 25.80000000000291
331912, 46685.6900,  3, 432.84, 26.669999999998254
332040, 46713.5900,  1, 91.20, 13.609999999993306
332040, 46713.5900,  1, 170.67, 13.609999999993306
332109, 46720.9800,  3, 458.40, 20.989999999997963
332117, 46721.8400,  3, 430.62, 21.82999999999447
332124, 46722.5900,  3, 532.64, 22.599999999998545
332142, 46724.5200,  3, 547.85, 24.469999999993888
332178, 46728.3700,  3, 466.84, 28.30999999999767
332243, 46735.3400,  3, 571.17, 35.25
332380, 46765.1900,  1, 204.13, 14.560000000004948
332380, 46765.1900,  1, 121.29, 14.560000000004948
332399, 46767.2300,  1, 227.35, 16.60000000000582
332399, 46767.2300,  1, 277.95, 16.60000000000582
332453, 46773.0200,  3, 466.86, 22.30000000000291
332453, 46773.0200,  3, 452.78, 22.340000000003783
332457, 46773.4400,  3, 467.06, 22.790000000000873
332536, 46781.9100,  3, 551.12, 31.19000000000233
332628, 46806.0500,  1, 60.62, 9.75
332649, 46808.3000,  1, 117.48, 12.0
332653, 46808.7300,  1, 96.59, 12.430000000000291
332653, 46808.7300,  1, 150.15, 12.430000000000291
332740, 46818.0500,  3, 428.22, 21.739999999997963
332751, 46819.2300,  3, 433.39, 22.889999999999418
332779, 46822.2300,  3, 442.62, 25.82999999999447
332827, 46827.3700,  3, 429.42, 30.979999999995925
332911, 46850.6200,  1, 63.67, 8.889999999999418
332911, 46850.6200,  1, 59.59, 8.889999999999418
333027, 46863.0500,  3, 487.88, 21.25999999999476
333039, 46864.3400,  3, 452.33, 22.549999999995634
333052, 46865.7300,  3, 388.52, 23.969999999993888
333053, 46865.8400,  3, 407.67, 24.049999999995634
333081, 46868.8400,  3, 328.30, 27.039999999993597
333095, 46870.3400,  3, 633.28, 28.5
333162, 46891.9400,  1, 44.78, 7.060000000004948
333162, 46891.9400,  1, 29.26, 7.060000000004948
333198, 46895.8000,  1, 120.82, 10.92000000000553
333308, 46907.5900,  3, 471.91, 22.69000000000233
333309, 46907.6900,  3, 509.13, 22.80000000000291
333310, 46907.8000,  3, 488.90, 22.880000000004657
333331, 46910.0500,  3, 509.87, 25.090000000003783
333358, 46912.9400,  3, 569.04, 27.959999999999127
333488, 46941.1200,  1, 173.49, 13.810000000004948
333488, 46941.1200,  1, 119.70, 13.810000000004948
333563, 46949.1600,  3, 505.64, 21.770000000004075
333570, 46949.9100,  3, 426.36, 22.580000000001746
333579, 46950.8700,  3, 523.89, 23.510000000002037
333584, 46951.4100,  3, 433.54, 24.06999999999971
333608, 46953.9800,  3, 429.85, 26.580000000001746
333647, 46958.1600,  3, 514.97, 30.760000000002037
333760, 46984.6200,  1, 171.33, 12.010000000002037
333760, 46984.6200,  1, 80.74, 12.010000000002037
333768, 46985.4800,  1, 100.87, 12.87000000000262
333768, 46985.4800,  1, 127.32, 12.87000000000262
333770, 46985.6900,  1, 131.45, 13.080000000001746
333790, 46987.8400,  1, 161.14, 15.229999999995925
333790, 46987.8400,  1, 221.76, 15.229999999995925
333877, 46997.1600,  3, 435.07, 24.459999999999127
334032, 47028.1600,  1, 62.15, 16.5
334032, 47028.1600,  1, 150.12, 16.5
334045, 47029.5500,  1, 86.86, 17.889999999999418
334082, 47033.5200,  3, 482.26, 21.75999999999476
334087, 47034.0500,  3, 478.79, 22.349999999998545
334097, 47035.1200,  3, 452.35, 23.419999999998254
334109, 47036.4100,  3, 563.44, 24.689999999995052
334114, 47036.9400,  3, 499.32, 25.19999999999709
334149, 47055.0900,  1, -128.51, 3.6599999999962165
334210, 47061.6200,  1, 46.36, 10.190000000002328
334210, 47061.6200,  1, 92.03, 10.190000000002328
334211, 47061.7300,  1, 84.29, 10.30000000000291
334211, 47061.7300,  1, 74.49, 10.30000000000291
334326, 47074.0500,  3, 456.16, 22.55999999999767
334332, 47074.6900,  3, 445.11, 23.19000000000233
334372, 47078.9800,  3, 488.99, 27.5
334440, 47100.5500,  1, 55.84, 7.17000000000553
334440, 47100.5500,  1, 42.84, 7.17000000000553
334556, 47112.9800,  3, 436.20, 19.5
334563, 47113.7300,  3, 475.46, 20.270000000004075
334586, 47116.1900,  3, 462.00, 22.770000000004075
334612, 47118.9800,  3, 428.28, 25.56999999999971
334622, 47120.0500,  3, 524.18, 26.630000000004657
334623, 47120.1600,  3, 427.76, 26.69000000000233
334734, 47146.3000,  1, 145.96, 11.80000000000291
334734, 47146.3000,  1, 124.37, 11.80000000000291
334778, 47151.0200,  1, 204.33, 16.5199999999968
334778, 47151.0200,  1, 112.08, 16.5199999999968
334791, 47152.4100,  1, 161.48, 17.910000000003492
334833, 47156.9100,  3, 515.06, 22.37000000000262
334846, 47158.3000,  3, 505.48, 23.7699999999968
334899, 47163.9800,  3, 595.46, 29.419999999998254
334966, 47185.5200,  1, 47.57, 7.099999999998545
334966, 47185.5200,  1, 46.32, 7.099999999998545
334973, 47186.2700,  1, 19.57, 7.849999999998545
334973, 47186.2700,  1, 55.96, 7.849999999998545
334988, 47187.8700,  1, 11.02, 9.450000000004366
335078, 47197.5200,  3, 453.74, 19.020000000004075
335099, 47199.7700,  3, 465.08, 21.279999999998836
335105, 47200.4100,  3, 460.62, 21.9800000000032
335178, 47223.7300,  1, 52.68, 7.730000000003201
335178, 47223.7300,  1, 75.15, 7.730000000003201
335331, 47240.1200,  3, 502.31, 24.06999999999971
335334, 47240.4400,  3, 549.37, 24.339999999996508
335341, 47241.1900,  3, 533.98, 25.110000000000582
335373, 47244.6200,  3, 416.47, 28.56999999999971
335378, 47245.1600,  3, 432.29, 29.089999999996508
335447, 47252.5500,  3, 597.28, 36.44000000000233
335553, 47278.3000,  1, 155.58, 11.270000000004075
335553, 47278.3000,  1, 110.98, 11.270000000004075
335569, 47280.0200,  1, 112.53, 12.989999999997963
335569, 47280.0200,  1, 141.13, 12.989999999997963
335672, 47291.0500,  3, 387.61, 23.959999999999127
335684, 47292.3400,  3, 366.12, 25.239999999997963
335699, 47293.9400,  3, 547.51, 26.830000000001746
335774, 47301.9800,  3, 496.25, 34.84000000000378
335974, 47337.8000,  3, 482.83, 21.30999999999767
335981, 47338.5500,  3, 510.40, 22.0
335981, 47338.5500,  3, 426.11, 22.05999999999767
335996, 47340.1600,  3, 485.93, 23.589999999996508
336003, 47340.9100,  3, 416.16, 24.339999999996508
336031, 47343.9100,  3, 495.90, 27.409999999996217
336044, 47345.3000,  3, 403.02, 28.739999999997963
336053, 47346.2700,  3, 497.37, 29.779999999998836
336255, 47382.4100,  3, 472.71, 21.529999999998836
336272, 47384.2300,  3, 511.47, 23.310000000004948
336287, 47385.8400,  3, 515.06, 24.94000000000233
336292, 47386.3700,  3, 441.25, 25.510000000002037
336296, 47386.8000,  3, 503.22, 25.910000000003492
336320, 47389.3700,  3, 437.35, 28.459999999999127
336331, 47390.5500,  3, 531.65, 29.599999999998545
336332, 47390.6600,  3, 519.75, 29.770000000004075
336524, 47425.6900,  3, 466.13, 20.44000000000233
336526, 47425.9100,  3, 473.51, 20.660000000003492
336532, 47426.5500,  3, 497.26, 21.260000000002037
336534, 47426.7700,  3, 430.85, 21.540000000000873
336556, 47429.1200,  3, 508.43, 23.81999999999971
336560, 47429.5500,  3, 488.69, 24.30000000000291
336566, 47430.1900,  3, 508.67, 24.919999999998254
336598, 47433.6200,  3, 585.29, 28.400000000001455
336696, 47458.6600,  1, 49.45, 10.400000000001455
336696, 47458.6600,  1, 101.11, 10.400000000001455
336700, 47459.0900,  1, 95.03, 10.82999999999447
336700, 47459.0900,  1, 53.26, 10.82999999999447
336791, 47468.8400,  3, 420.19, 20.549999999995634
336839, 47473.9800,  3, 464.35, 25.69999999999709
336843, 47474.4100,  3, 468.28, 26.06999999999971
336862, 47476.4400,  3, 504.26, 28.12999999999738
336958, 47502.1900,  1, 64.08, 10.17000000000553
336958, 47502.1900,  1, 48.27, 10.17000000000553
336983, 47504.8700,  1, 106.95, 12.85000000000582
336983, 47504.8700,  1, 49.42, 12.85000000000582
337082, 47515.4800,  3, 443.54, 23.400000000001455
337111, 47518.5900,  3, 408.94, 26.560000000004948
337119, 47519.4400,  3, 421.16, 27.390000000006694
337151, 47522.8700,  3, 453.27, 30.840000000003783
337342, 47558.6600,  3, 431.24, 20.31999999999971
337344, 47558.8700,  3, 422.76, 20.5199999999968
337355, 47560.0500,  3, 488.62, 21.669999999998254
337384, 47563.1600,  3, 460.73, 24.860000000000582
337387, 47563.4800,  3, 489.15, 25.12999999999738
337415, 47566.4800,  3, 465.68, 28.110000000000582
337429, 47567.9800,  3, 464.67, 29.589999999996508
337450, 47570.2300,  3, 408.69, 31.839999999996508
337571, 47597.7300,  1, 144.59, 12.87000000000262
337571, 47597.7300,  1, 63.83, 12.87000000000262
337659, 47607.1600,  3, 448.00, 22.19999999999709
337660, 47607.2700,  3, 454.88, 22.30999999999767
337673, 47608.6600,  3, 455.54, 23.7699999999968
337680, 47609.4100,  3, 416.74, 24.540000000000873
337704, 47611.9800,  3, 520.00, 27.089999999996508
337730, 47614.7700,  3, 482.44, 29.80999999999767
337805, 47637.1900,  1, -3.04, 7.930000000000291
337832, 47640.0900,  1, 138.60, 10.82999999999447
337832, 47640.0900,  1, 86.77, 10.82999999999447
337837, 47640.6200,  1, 55.06, 11.360000000000582
337869, 47644.0500,  1, 150.00, 14.790000000000873
337869, 47644.0500,  1, 164.05, 14.790000000000873
338030, 47661.3000,  3, 540.97, 32.00999999999476
338043, 47662.6900,  3, 629.88, 33.40999999999622
338114, 47685.6200,  1, 70.19, 7.5200000000040745
338114, 47685.6200,  1, 2.99, 7.5200000000040745
338260, 47701.2700,  3, 446.91, 23.080000000001746
338262, 47701.4800,  3, 482.54, 23.37000000000262
338269, 47702.2300,  3, 418.78, 24.090000000003783
338270, 47702.3400,  3, 331.99, 24.150000000001455
338298, 47705.3400,  3, 604.19, 27.2300000000032
338313, 47706.9400,  3, 553.09, 28.760000000002037
338401, 47730.7700,  1, 89.70, 9.319999999999709
338401, 47730.7700,  1, 49.68, 9.319999999999709
338506, 47742.0200,  3, 438.84, 20.55000000000291
338517, 47743.1900,  3, 430.79, 21.69000000000233
338536, 47745.2300,  3, 449.91, 23.75
338543, 47745.9800,  3, 470.27, 24.5
338549, 47746.6200,  3, 443.99, 25.139999999999418
338551, 47746.8400,  3, 401.23, 25.30000000000291
338733, 47780.7700,  3, 372.33, 19.30999999999767
338745, 47782.0500,  3, 398.07, 20.589999999996508
338763, 47783.9800,  3, 408.19, 22.57999999999447
338780, 47785.8000,  3, 491.57, 24.419999999998254
338783, 47786.1200,  3, 477.81, 24.719999999993888
338785, 47786.3400,  3, 413.31, 24.94999999999709
338822, 47790.3000,  3, 455.29, 28.82999999999447
338830, 47791.1600,  3, 542.97, 29.719999999993888
339058, 47829.8700,  3, 509.07, 24.299999999995634
339062, 47830.3000,  3, 488.42, 24.729999999995925
339067, 47830.8400,  3, 452.76, 25.229999999995925
339068, 47830.9400,  3, 541.68, 25.389999999999418
339085, 47832.7700,  3, 428.67, 27.139999999999418
339125, 47837.0500,  3, 601.74, 31.400000000001455
339136, 47838.2300,  3, 692.03, 32.61000000000058
339568, 47884.5200,  3, 320.64, 78.93000000000029
339673, 47910.1900,  1, 136.54, 11.130000000004657
339673, 47910.1900,  1, 143.97, 11.130000000004657
339684, 47911.3700,  1, 86.20, 12.310000000004948
339684, 47911.3700,  1, 99.44, 12.310000000004948
339769, 47920.4800,  3, 446.56, 21.360000000000582
339806, 47924.4400,  3, 498.25, 25.310000000004948
339829, 47926.9100,  3, 459.25, 27.81999999999971
339838, 47927.8700,  3, 457.48, 28.75
339956, 47954.6600,  1, 100.64, 12.530000000006112
339956, 47954.6600,  1, 106.93, 12.530000000006112
339964, 47955.5200,  1, 167.13, 13.389999999999418
340040, 47963.6600,  3, 414.33, 21.44000000000233
340057, 47965.4800,  3, 517.90, 23.31999999999971
340059, 47965.6900,  3, 385.21, 23.470000000001164
340093, 47969.3400,  3, 536.37, 27.17000000000553
340511, 48014.1200,  3, 360.29, 71.97000000000116
340618, 48040.6600,  1, 37.09, 11.37000000000262
340619, 48040.7700,  1, 133.63, 11.479999999995925
340652, 48044.3000,  1, 99.98, 15.010000000002037
340652, 48044.3000,  1, 76.64, 15.010000000002037
340671, 48046.3400,  1, 180.39, 17.049999999995634
340671, 48046.3400,  1, 174.31, 17.049999999995634
340735, 48053.1900,  3, 391.76, 23.80999999999767
340743, 48054.0500,  3, 402.62, 24.659999999996217
340921, 48087.5900,  3, 423.86, 18.869999999995343
340927, 48088.2300,  3, 423.35, 19.50999999999476
340957, 48091.4400,  3, 508.21, 22.739999999997963
340983, 48094.2300,  3, 557.14, 25.540000000000873
341005, 48096.5900,  3, 481.56, 27.93000000000029
341014, 48097.5500,  3, 577.24, 28.849999999998545
341025, 48098.7300,  3, 471.70, 30.089999999996508
341075, 48104.0900,  3, 591.98, 35.39999999999418
341156, 48126.7300,  1, 16.29, 8.569999999999709
341288, 48140.8700,  3, 481.45, 22.679999999993015
341291, 48141.1900,  3, 482.43, 23.0199999999968
341294, 48141.5200,  3, 419.67, 23.31999999999971
341301, 48142.2700,  3, 458.82, 24.089999999996508
341322, 48144.5200,  3, 493.86, 26.339999999996508
341325, 48144.8400,  3, 399.19, 26.64999999999418
341328, 48145.1600,  3, 382.45, 26.989999999997963
341395, 48166.7300,  1, 1.62, 7.069999999999709
341418, 48169.1900,  1, 60.46, 9.529999999998836
341418, 48169.1900,  1, 72.27, 9.529999999998836
341436, 48171.1200,  1, 33.15, 11.459999999999127
341436, 48171.1200,  1, -0.37, 11.459999999999127
341453, 48172.9400,  1, 121.79, 13.279999999998836
341453, 48172.9400,  1, 128.89, 13.279999999998836
341539, 48182.1600,  3, 487.84, 22.39999999999418
341652, 48208.6200,  1, 132.10, 12.020000000004075
341652, 48208.6200,  1, 145.36, 12.020000000004075
341739, 48217.9400,  3, 445.19, 21.239999999997963
341748, 48218.9100,  3, 520.02, 22.279999999998836
341754, 48219.5500,  3, 393.53, 22.860000000000582
341772, 48221.4800,  3, 505.50, 24.779999999998836
341783, 48222.6600,  3, 469.02, 26.0
341785, 48222.8700,  3, 457.79, 26.220000000001164
341871, 48247.4400,  1, 46.52, 9.10000000000582
341871, 48247.4400,  1, 91.34, 9.10000000000582
341903, 48250.8700,  1, 107.65, 12.530000000006112
341903, 48250.8700,  1, 87.24, 12.530000000006112
341957, 48256.6600,  1, 199.37, 18.320000000006985
341957, 48256.6600,  1, 180.01, 18.320000000006985
341994, 48260.6200,  3, 404.60, 22.2300000000032
342026, 48264.0500,  3, 448.27, 25.660000000003492
342060, 48282.1200,  1, -138.64, 3.530000000006112
342136, 48290.2700,  1, 102.30, 11.680000000000291
342136, 48290.2700,  1, 125.25, 11.680000000000291
342234, 48300.7700,  3, 421.23, 22.110000000000582
342245, 48301.9400,  3, 425.47, 23.320000000006985
342283, 48306.0200,  3, 469.17, 27.320000000006985
342306, 48308.4800,  3, 445.50, 29.85000000000582
342316, 48309.5500,  3, 568.79, 30.860000000000582
342385, 48331.3400,  1, 44.77, 7.309999999997672
342429, 48336.0500,  1, 72.17, 12.020000000004075
342440, 48337.2300,  1, 151.99, 13.200000000004366
342440, 48337.2300,  1, 138.74, 13.200000000004366
342508, 48344.5200,  3, 442.12, 20.4800000000032
342568, 48350.9400,  3, 504.65, 26.889999999999418
342591, 48353.4100,  3, 445.36, 29.31999999999971
342636, 48358.2300,  3, 491.32, 34.169999999998254
342715, 48381.1200,  1, -0.51, 8.35000000000582
342715, 48381.1200,  1, 74.79, 8.35000000000582
342718, 48381.4400,  1, -43.76, 8.67000000000553
342838, 48394.3000,  3, 384.72, 21.450000000004366
342855, 48396.1200,  3, 381.97, 23.260000000002037
342856, 48396.2300,  3, 368.34, 23.360000000000582
342877, 48398.4800,  3, 395.74, 25.62000000000262
342956, 48406.9400,  3, 457.91, 34.16000000000349
343042, 48430.3400,  1, 57.09, 9.12999999999738
343042, 48430.3400,  1, 36.62, 9.12999999999738
343056, 48431.8400,  1, 84.98, 10.62999999999738
343132, 48439.9800,  1, 141.50, 18.770000000004075
343193, 48446.5200,  3, 417.30, 25.279999999998836
343223, 48449.7300,  3, 428.66, 28.450000000004366
343264, 48454.1200,  3, 430.70, 32.87000000000262
343270, 48454.7700,  3, 450.00, 33.5
343375, 48480.1600,  1, 111.88, 11.160000000003492
343375, 48480.1600,  1, 70.63, 11.160000000003492
343384, 48481.1200,  1, 109.24, 12.12000000000262
343384, 48481.1200,  1, 75.69, 12.12000000000262
343495, 48493.0200,  3, 456.05, 23.970000000001164
343530, 48496.7700,  3, 482.86, 27.69999999999709
343576, 48501.6900,  3, 439.00, 32.599999999998545
343617, 48506.0900,  3, 476.40, 36.98999999999796
343688, 48527.8000,  1, 21.30, 7.490000000005239
343688, 48527.8000,  1, 67.51, 7.490000000005239
343698, 48528.8700,  1, 5.95, 8.560000000004948
343698, 48528.8700,  1, 1.10, 8.560000000004948
343813, 48541.1900,  3, 455.89, 20.840000000003783
343891, 48549.5500,  3, 580.10, 29.200000000004366
343936, 48554.3700,  3, 345.65, 33.99000000000524
343995, 48560.6900,  3, 405.98, 40.30000000000291
344087, 48584.7700,  1, 35.19, 9.75
344087, 48584.7700,  1, 70.79, 9.75
344107, 48586.9100,  1, 114.01, 11.890000000006694
344107, 48586.9100,  1, 105.10, 11.890000000006694
344133, 48589.6900,  1, 188.27, 14.67000000000553
344194, 48596.2300,  3, 423.08, 21.150000000001455
344214, 48598.3700,  3, 478.77, 23.31999999999971
344253, 48602.5500,  3, 601.00, 27.42000000000553
344359, 48628.2700,  1, 40.44, 11.269999999996799
344444, 48637.3700,  3, 478.27, 20.279999999998836
344482, 48641.4400,  3, 433.17, 24.339999999996508
344489, 48642.1900,  3, 506.58, 25.150000000001455
344493, 48642.6200,  3, 414.29, 25.589999999996508
344496, 48642.9400,  3, 375.68, 25.93000000000029
344520, 48645.5200,  3, 420.88, 28.489999999997963
344548, 48648.5200,  3, 573.99, 31.44000000000233
344733, 48682.5900,  1, 139.34, 19.719999999993888
344745, 48683.8700,  3, 480.49, 20.979999999995925
344775, 48687.0900,  3, 442.84, 24.119999999995343
344793, 48689.0200,  3, 499.22, 26.07999999999447
344806, 48690.4100,  3, 425.61, 27.43000000000029
344814, 48691.2700,  3, 467.72, 28.349999999998545
344833, 48693.3000,  3, 572.28, 30.339999999996508
344839, 48693.9400,  3, 596.00, 31.049999999995634
344961, 48721.1900,  1, 88.13, 12.959999999999127
344982, 48723.4400,  1, 68.15, 15.209999999999127
345046, 48730.3000,  3, 482.58, 21.969999999993888
345054, 48731.1600,  3, 427.09, 22.909999999996217
345074, 48733.3000,  3, 497.10, 25.039999999993597
345075, 48733.4100,  1, 419.53, 25.18000000000029
345157, 48742.1900,  3, 608.14, 33.90999999999622
345163, 48742.8400,  3, 687.82, 34.599999999998545
345225, 48764.0200,  1, 11.84, 6.549999999995634
345225, 48764.0200,  1, 44.57, 6.549999999995634
345270, 48768.8400,  1, 176.81, 11.369999999995343
345270, 48768.8400,  1, 79.61, 11.369999999995343
345287, 48770.6600,  1, 47.61, 13.190000000002328
345287, 48770.6600,  1, 184.67, 13.190000000002328
345372, 48779.7700,  3, 422.29, 22.25
345463, 48789.5200,  3, 620.89, 32.04000000000087
345571, 48815.5200,  1, 87.46, 11.459999999999127
345586, 48817.1200,  1, 55.13, 13.060000000004948
345586, 48817.1200,  1, 156.81, 13.060000000004948
345587, 48817.2300,  1, 121.31, 13.17000000000553
345587, 48817.2300,  1, 50.77, 13.17000000000553
345662, 48825.2700,  1, 287.66, 21.209999999999127
345662, 48825.2700,  1, 224.33, 21.209999999999127
345711, 48830.5200,  3, 553.77, 26.35000000000582
345845, 48859.2300,  1, 9.97, 14.260000000002037
345923, 48867.5900,  3, 459.88, 22.56999999999971
345924, 48867.6900,  3, 503.99, 22.659999999996217
345926, 48867.9100,  3, 391.53, 22.87999999999738
345990, 48874.7700,  3, 463.39, 29.69999999999709
346009, 48876.8000,  3, 434.94, 31.760000000002037
346048, 48880.9800,  3, 500.54, 35.95999999999913
346053, 48881.5200,  3, 466.66, 36.48999999999796
346187, 48910.3000,  1, 145.92, 14.240000000005239
346187, 48910.3000,  1, 86.98, 14.240000000005239
346187, 48910.3000,  1, 127.79, 14.240000000005239
346187, 48910.3000,  1, 112.54, 14.240000000005239
346209, 48912.6600,  1, 96.94, 16.60000000000582
346258, 48917.9100,  3, 517.52, 21.779999999998836
346270, 48919.1900,  3, 502.40, 23.06999999999971
346335, 48926.1600,  3, 581.41, 30.060000000004948
346512, 48959.3700,  1, 249.01, 18.85000000000582
346533, 48961.6200,  3, 446.51, 21.05000000000291
346554, 48963.8700,  3, 476.23, 23.290000000000873
346554, 48963.8700,  3, 425.54, 23.280000000006112
346566, 48965.1600,  3, 406.09, 24.590000000003783
346571, 48965.6900,  3, 496.73, 25.06999999999971
346592, 48967.9400,  3, 463.27, 27.35000000000582
346707, 48980.2700,  3, 600.54, 39.68000000000029
346787, 49003.2700,  1, 80.76, 8.459999999999127
346787, 49003.2700,  1, 35.74, 8.459999999999127
346801, 49004.7700,  1, 58.64, 9.959999999999127
346801, 49004.7700,  1, 120.40, 9.959999999999127
346806, 49005.3000,  1, 112.79, 10.490000000005239
346892, 49014.5200,  3, 413.57, 19.650000000001455
346913, 49016.7700,  3, 479.75, 21.880000000004657
346937, 49019.3400,  3, 451.64, 24.450000000004366
346998, 49040.3000,  1, -32.73, 6.42000000000553
347067, 49047.6900,  1, 104.64, 13.810000000004948
347137, 49055.1900,  3, 511.59, 21.260000000002037
347148, 49056.3700,  3, 472.76, 22.459999999999127
347157, 49057.3400,  3, 460.04, 23.44000000000233
347173, 49059.0500,  3, 525.12, 25.110000000000582
347181, 49059.9100,  3, 495.31, 26.0
347230, 49065.1600,  3, 493.17, 31.17000000000553
347344, 49092.5900,  1, 137.42, 12.119999999995343
347344, 49092.5900,  1, 190.38, 12.119999999995343
347366, 49094.9400,  1, 108.06, 14.470000000001164
347400, 49098.5900,  1, 65.55, 18.119999999995343
347471, 49106.1900,  3, 507.43, 25.62999999999738
347472, 49106.3000,  3, 511.66, 25.739999999997963
347493, 49108.5500,  3, 505.61, 28.040000000000873
347539, 49113.4800,  3, 497.95, 32.970000000001164
347732, 49148.3000,  3, 412.38, 20.479999999995925
347747, 49149.9100,  3, 483.37, 22.110000000000582
347748, 49150.0200,  3, 481.69, 22.209999999999127
347753, 49150.5500,  3, 494.90, 22.720000000001164
347754, 49150.6600,  3, 477.16, 22.900000000001455
347755, 49150.7700,  3, 513.96, 22.959999999999127
347759, 49151.1900,  3, 503.94, 23.44999999999709
347811, 49156.7700,  3, 504.50, 28.94000000000233
347927, 49184.3400,  1, 117.20, 12.32999999999447
347927, 49184.3400,  1, 42.63, 12.32999999999447
348004, 49192.5900,  3, 445.36, 20.540000000000873
348036, 49196.0200,  3, 420.48, 23.919999999998254
348038, 49196.2300,  3, 560.57, 24.19999999999709
348038, 49196.2300,  3, 365.56, 24.12999999999738
348055, 49198.0500,  3, 532.89, 25.959999999999127
348082, 49200.9400,  3, 566.45, 28.860000000000582
348177, 49225.3700,  1, 87.01, 10.069999999999709
348177, 49225.3700,  1, 47.65, 10.069999999999709
348190, 49226.7700,  1, 97.61, 11.469999999993888
348190, 49226.7700,  1, 152.82, 11.469999999993888
348297, 49238.2300,  3, 453.71, 22.860000000000582
348315, 49240.1600,  3, 519.39, 24.849999999998545
348315, 49240.1600,  3, 461.18, 24.779999999998836
348323, 49241.0200,  3, 543.74, 25.709999999999127
348433, 49267.2700,  1, 154.46, 11.69999999999709
348433, 49267.2700,  1, 87.20, 11.69999999999709
348464, 49270.5900,  1, 84.66, 15.019999999996799
348464, 49270.5900,  1, 176.26, 15.019999999996799
348530, 49277.6600,  3, 443.57, 22.040000000000873
348559, 49280.7700,  3, 458.48, 25.12000000000262
348579, 49282.9100,  3, 507.18, 27.2300000000032
348659, 49291.4800,  3, 629.32, 35.849999999998545
348738, 49313.9400,  1, 57.55, 8.35000000000582
348738, 49313.9400,  1, 42.09, 8.35000000000582
348762, 49316.5200,  1, 80.87, 10.930000000000291
348762, 49316.5200,  1, 159.19, 10.930000000000291
348832, 49324.0200,  3, 435.75, 18.390000000006694
348848, 49325.7300,  3, 440.58, 20.10000000000582
348881, 49329.2700,  3, 488.39, 23.640000000006694
348897, 49330.9800,  3, 529.65, 25.35000000000582
349031, 49359.6900,  1, 135.58, 14.260000000002037
349036, 49360.2300,  1, 91.13, 14.80000000000291
349086, 49365.5900,  3, 476.69, 20.05000000000291
349097, 49366.7700,  1, 153.52, 21.339999999996508
349121, 49369.3400,  3, 503.33, 23.900000000001455
349134, 49370.7300,  3, 450.56, 25.239999999997963
349168, 49374.3700,  3, 482.93, 28.909999999996217
349198, 49377.5900,  3, 423.52, 32.12999999999738
349322, 49405.2700,  1, 18.38, 13.19999999999709
349322, 49405.2700,  1, 129.47, 13.19999999999709
349397, 49413.3000,  3, 524.92, 21.209999999999127
349415, 49415.2300,  3, 558.53, 23.090000000003783
349426, 49416.4100,  3, 520.62, 24.2699999999968
349431, 49416.9400,  3, 455.80, 24.80000000000291
349436, 49417.4800,  3, 453.67, 25.400000000001455
349540, 49428.6200,  3, 532.71, 36.51000000000204
349617, 49451.3700,  1, 49.30, 8.150000000001455
349617, 49451.3700,  1, 77.35, 8.150000000001455
349760, 49466.6900,  3, 462.62, 23.37999999999738
349798, 49470.7700,  3, 546.19, 27.459999999999127
349810, 49472.0500,  3, 501.81, 28.75
349815, 49472.5900,  3, 534.90, 29.260000000002037
349824, 49473.5500,  3, 613.17, 30.31999999999971
349838, 49475.0500,  1, 247.91, 31.830000000001746
349952, 49501.6900,  1, 103.65, 12.010000000002037
349952, 49501.6900,  1, 80.66, 12.010000000002037
349952, 49501.6900,  1, 94.53, 12.010000000002037
350014, 49508.3400,  1, 213.91, 18.659999999996217
350014, 49508.3400,  1, 196.14, 18.659999999996217
350071, 49514.4400,  3, 526.26, 24.669999999998254
350109, 49518.5200,  3, 434.95, 28.779999999998836
350143, 49522.1600,  3, 517.93, 32.37000000000262
350234, 49546.2700,  1, 60.13, 9.669999999998254
350234, 49546.2700,  1, 79.60, 9.669999999998254
350317, 49555.1600,  1, 324.21, 18.560000000004948
350317, 49555.1600,  1, 269.12, 18.560000000004948
350343, 49557.9400,  1, 42.24, 21.340000000003783
350351, 49558.8000,  3, 381.63, 22.160000000003492
350381, 49562.0200,  3, 599.11, 25.410000000003492
350410, 49565.1200,  3, 505.30, 28.470000000001164
350508, 49589.9100,  1, 94.65, 10.410000000003492
350508, 49589.9100,  1, 120.30, 10.410000000003492
350611, 49600.9400,  3, 456.35, 21.419999999998254
350628, 49602.7700,  3, 448.45, 23.239999999997963
350637, 49603.7300,  3, 538.00, 24.139999999999418
350665, 49606.7300,  3, 488.10, 27.220000000001164
350695, 49609.9400,  3, 603.67, 30.400000000001455
351122, 49655.6900,  3, 343.97, 76.15000000000146
351219, 49680.1200,  1, 124.86, 10.30000000000291
351219, 49680.1200,  1, 124.46, 10.30000000000291
351330, 49692.0200,  3, 540.72, 22.090000000003783
351332, 49692.2300,  3, 455.29, 22.330000000001746
351334, 49692.4400,  3, 423.50, 22.55999999999767
351371, 49696.4100,  3, 432.40, 26.4800000000032
351375, 49696.8400,  3, 501.76, 26.989999999997963
351821, 49744.6200,  3, 501.06, 74.7300000000032
351968, 49774.9100,  1, 129.21, 15.640000000006694
351968, 49774.9100,  1, 233.58, 15.640000000006694
352005, 49778.8700,  3, 469.62, 19.5
352010, 49779.4100,  3, 444.76, 20.080000000001746
352072, 49786.0500,  3, 523.20, 26.720000000001164
352084, 49787.3400,  3, 614.33, 28.020000000004075
352103, 49789.3700,  3, 591.08, 30.060000000004948
352756, 49859.3400,  2, 279.87, 100
352858, 49884.7300,  1, 114.84, 10.720000000001164
352858, 49884.7300,  1, 86.87, 10.720000000001164
352943, 49893.8400,  3, 487.11, 19.80999999999767
352965, 49896.1900,  3, 497.22, 22.099999999998545
352974, 49897.1600,  3, 504.41, 23.099999999998545
352979, 49897.6900,  3, 513.79, 23.62999999999738
352998, 49899.7300,  3, 470.90, 25.689999999995052
353076, 49908.0900,  3, 433.31, 34.06999999999971
353218, 49937.5500,  1, 203.94, 15.12000000000262
353218, 49937.5500,  1, 134.49, 15.12000000000262
353231, 49938.9400,  1, 182.69, 16.510000000002037
353231, 49938.9400,  1, 232.00, 16.510000000002037
353267, 49942.8000,  3, 476.41, 20.30999999999767
353276, 49943.7700,  3, 523.77, 21.330000000001746
353322, 49948.6900,  3, 504.16, 26.19999999999709
353366, 49953.4100,  3, 571.10, 30.94000000000233
353583, 49991.1200,  3, 482.19, 23.080000000001746
353595, 49992.4100,  3, 474.11, 24.419999999998254
353625, 49995.6200,  3, 518.24, 27.639999999999418
353626, 49995.7300,  3, 463.94, 27.669999999998254
353638, 49997.0200,  3, 535.71, 29.020000000004075
353639, 49997.1200,  1, 95.72, 29.160000000003492
353676, 50001.0900,  3, 615.11, 33.09000000000378
353733, 50007.1900,  3, 569.58, 39.12999999999738
353848, 50033.7700,  1, 125.14, 12.209999999999127
353848, 50033.7700,  1, 109.58, 12.209999999999127
353866, 50035.6900,  1, 122.51, 14.130000000004657
353920, 50041.4800,  3, 472.63, 19.889999999999418
353931, 50042.6600,  3, 431.47, 20.99000000000524
353937, 50043.3000,  3, 487.70, 21.709999999999127
353946, 50044.2700,  3, 498.85, 22.68000000000029
353946, 50044.2700,  3, 429.14, 22.610000000000582
354085, 50074.4800,  1, 152.19, 14.80000000000291
354085, 50074.4800,  1, 173.52, 14.80000000000291
354125, 50078.7700,  3, 460.94, 19.010000000002037
354145, 50080.9100,  3, 493.18, 21.209999999999127
354154, 50081.8700,  3, 419.28, 22.18000000000029
354158, 50082.3000,  3, 454.39, 22.580000000001746
354178, 50084.4400,  3, 512.50, 24.709999999999127
354178, 50084.4400,  3, 487.10, 24.69000000000233
354293, 50111.1200,  1, 131.72, 12.209999999999127
354293, 50111.1200,  1, 43.34, 12.209999999999127
354377, 50120.1200,  1, 196.49, 21.209999999999127
354377, 50120.1200,  1, 323.92, 21.209999999999127
354394, 50121.9400,  3, 515.31, 23.00999999999476
354395, 50122.0500,  3, 465.53, 23.039999999993597
354403, 50122.9100,  3, 449.93, 23.969999999993888
354452, 50128.1600,  3, 583.84, 29.239999999997963
354579, 50156.0900,  1, 38.10, 13.519999999996799
354653, 50164.0200,  3, 487.45, 21.349999999998545
354655, 50164.2300,  3, 455.85, 21.62000000000262
354672, 50166.0500,  3, 435.11, 23.389999999999418
354686, 50167.5500,  3, 460.54, 24.910000000003492
354695, 50168.5200,  3, 525.69, 25.860000000000582
354797, 50179.4400,  3, 552.96, 36.849999999998545
355039, 50205.3700,  3, 416.65, 62.7699999999968
355151, 50231.5900,  1, 47.35, 11.889999999999418
355240, 50241.1200,  3, 508.12, 21.330000000001746
355251, 50242.3000,  3, 480.58, 22.56999999999971
355260, 50243.2700,  3, 474.45, 23.470000000001164
355268, 50244.1200,  3, 488.29, 24.400000000001455
355312, 50248.8400,  3, 557.68, 29.130000000004657
355402, 50258.4800,  3, 514.74, 38.68000000000029
355405, 50258.8000,  3, 455.79, 39.020000000004075
355586, 50292.5900,  3, 477.59, 19.189999999995052
355587, 50292.6900,  3, 445.81, 19.37999999999738
355627, 50296.9800,  3, 370.35, 23.669999999998254
355629, 50297.1900,  3, 466.62, 23.80999999999767
355654, 50299.8700,  3, 494.05, 26.549999999995634
355679, 50302.5500,  3, 466.38, 29.14999999999418
355700, 50304.8000,  3, 408.47, 31.44999999999709
355701, 50304.9100,  3, 449.05, 31.56999999999971
355797, 50329.4100,  1, 19.96, 10.210000000006403
355797, 50329.4100,  1, 115.26, 10.210000000006403
355906, 50341.0900,  3, 504.74, 21.80000000000291
355929, 50343.5500,  3, 522.51, 24.280000000006112
355949, 50345.6900,  3, 573.28, 26.400000000001455
355959, 50346.7700,  3, 557.31, 27.55000000000291
356195, 50372.0500,  3, 460.41, 52.81000000000495
356439, 50398.1900,  3, 297.57, 78.92000000000553
356543, 50423.8700,  1, 112.50, 11.030000000006112
356543, 50423.8700,  1, 93.16, 11.030000000006112
356600, 50429.9800,  1, 74.63, 17.140000000006694
356663, 50436.7300,  3, 492.83, 23.860000000000582
356670, 50437.4800,  3, 525.23, 24.630000000004657
356674, 50437.9100,  3, 509.64, 25.010000000002037
356727, 50443.5900,  3, 659.77, 30.74000000000524
356764, 50447.5500,  3, 499.12, 34.650000000001455
356964, 50483.2300,  3, 513.47, 21.299999999995634
356976, 50484.5200,  3, 468.56, 22.589999999996508
356992, 50486.2300,  3, 464.26, 24.31999999999971
357003, 50487.4100,  3, 521.19, 25.470000000001164
357012, 50488.3700,  3, 576.81, 26.439999999995052
357013, 50488.4800,  3, 445.65, 26.529999999998836
357013, 50488.4800,  3, 478.18, 26.540000000000873
357085, 50496.1900,  3, 424.86, 34.279999999998836
357264, 50529.6900,  1, 98.56, 19.090000000003783
357293, 50532.8000,  3, 471.69, 22.099999999998545
357297, 50533.2300,  3, 484.59, 22.529999999998836
357341, 50537.9400,  3, 431.96, 27.31999999999971
357344, 50538.2700,  3, 466.41, 27.56999999999971
357348, 50538.6900,  3, 367.30, 28.060000000004948
357427, 50547.1600,  3, 517.42, 36.48999999999796
357441, 50548.6600,  3, 528.61, 37.950000000004366
357548, 50574.6200,  1, 35.03, 11.35000000000582
357575, 50577.5200,  1, 102.99, 14.25
357641, 50584.5900,  1, 133.36, 21.31999999999971
357641, 50584.5900,  1, 266.49, 21.31999999999971
357672, 50587.9100,  3, 414.59, 24.610000000000582
357680, 50588.7700,  3, 539.13, 25.470000000001164
357794, 50600.9800,  3, 570.31, 37.62000000000262
357854, 50607.4100,  3, 466.05, 44.06999999999971
357890, 50626.7300,  1, -155.29, 3.7600000000020373
357967, 50634.9800,  1, 97.84, 12.010000000002037
357967, 50634.9800,  1, 131.64, 12.010000000002037
358047, 50643.5500,  3, 457.31, 20.5199999999968
358069, 50645.9100,  3, 462.71, 22.900000000001455
358082, 50647.3000,  3, 407.30, 24.290000000000873
358119, 50651.2700,  3, 561.80, 28.229999999995925
358176, 50657.3700,  3, 547.65, 34.30999999999767
358257, 50681.2700,  1, 39.58, 8.589999999996508
358257, 50681.2700,  1, 0.62, 8.589999999996508
358343, 50690.4800,  1, 205.80, 17.80000000000291
358388, 50695.3000,  3, 480.05, 22.580000000001746
358397, 50696.2700,  1, 360.36, 23.589999999996508
358397, 50696.2700,  1, 145.35, 23.589999999996508
358397, 50696.2700,  3, 451.51, 23.580000000001746
358449, 50701.8400,  3, 452.06, 29.080000000001746
358489, 50721.4800,  1, -132.85, 4.180000000000291
358561, 50729.1900,  1, 91.15, 11.889999999999418
358561, 50729.1900,  1, 42.38, 11.889999999999418
358578, 50731.0200,  1, 221.06, 13.719999999993888
358629, 50736.4800,  3, 399.92, 19.169999999998254
358631, 50736.6900,  3, 458.17, 19.37999999999738
358638, 50737.4400,  3, 496.53, 20.06999999999971
358664, 50740.2300,  3, 447.48, 22.919999999998254
358761, 50765.1600,  1, 144.58, 10.290000000000873
358863, 50776.0900,  1, 263.74, 21.219999999993888
358918, 50781.9800,  3, 519.83, 27.099999999998545
358923, 50782.5200,  3, 519.53, 27.62999999999738
358929, 50783.1600,  3, 596.19, 28.279999999998836
358963, 50786.8000,  3, 370.42, 31.889999999999418
358969, 50787.4400,  3, 584.44, 32.479999999995925
359131, 50804.8000,  3, 603.66, 49.90999999999622
359357, 50843.5900,  3, 514.52, 24.040000000000873
359367, 50844.6600,  3, 500.41, 25.12999999999738
359367, 50844.6600,  3, 456.55, 25.119999999995343
359370, 50844.9800,  3, 473.73, 25.470000000001164
359380, 50846.0500,  3, 465.84, 26.529999999998836
359382, 50846.2700,  3, 460.60, 26.729999999995925
359389, 50847.0200,  3, 592.00, 27.479999999995925
359404, 50848.6200,  3, 476.42, 29.06999999999971
359481, 50871.4100,  1, 69.26, 8.160000000003492
359481, 50871.4100,  1, 90.97, 8.160000000003492
359606, 50884.8000,  3, 470.65, 21.5
359623, 50886.6200,  3, 494.12, 23.279999999998836
359669, 50891.5500,  3, 494.16, 28.220000000001164
359669, 50891.5500,  3, 455.87, 28.279999999998836
359685, 50893.2700,  3, 561.39, 30.0
359709, 50895.8400,  3, 567.50, 32.55000000000291
359911, 50931.8400,  3, 427.06, 21.529999999998836
359915, 50932.2700,  3, 382.97, 21.93000000000029
359967, 50937.8400,  3, 516.41, 27.470000000001164
359974, 50938.5900,  3, 528.08, 28.19000000000233
360002, 50941.5900,  3, 558.94, 31.19999999999709
360019, 50943.4100,  3, 570.63, 33.05999999999767
360032, 50944.8000,  3, 549.75, 34.40999999999622
360183, 50960.9800,  3, 416.01, 50.58999999999651
360266, 50983.9800,  1, 97.99, 8.790000000000873
360266, 50983.9800,  1, 35.06, 8.790000000000873
360272, 50984.6200,  1, 96.57, 9.430000000000291
360292, 50986.7700,  1, 104.61, 11.57999999999447
360292, 50986.7700,  1, 125.78, 11.57999999999447
360363, 50994.3700,  3, 416.42, 19.159999999996217
360420, 51000.4800,  3, 582.65, 25.279999999998836
360422, 51000.6900,  3, 585.71, 25.459999999999127
360496, 51022.7300,  1, 4.95, 7.830000000001746
360496, 51022.7300,  1, 41.23, 7.830000000001746
360615, 51035.4800,  3, 472.15, 20.5199999999968
360647, 51038.9100,  3, 533.86, 24.0
360649, 51039.1200,  3, 542.81, 24.189999999995052
360659, 51040.1900,  3, 476.06, 25.189999999995052
360669, 51041.2700,  3, 426.86, 26.260000000002037
360894, 51065.3700,  3, 523.05, 50.400000000001455
360995, 51090.3400,  1, 129.29, 10.709999999999127
360995, 51090.3400,  1, 165.57, 10.709999999999127
361018, 51092.8000,  1, 91.58, 13.17000000000553
361018, 51092.8000,  1, 160.54, 13.17000000000553
361088, 51100.3000,  3, 523.83, 20.639999999999418
361099, 51101.4800,  3, 550.11, 21.840000000003783
361103, 51101.9100,  3, 448.22, 22.17000000000553
361112, 51102.8700,  3, 484.23, 23.19000000000233
361198, 51126.2300,  1, 54.72, 9.130000000004657
361198, 51126.2300,  1, 56.58, 9.130000000004657
361262, 51133.0900,  1, 156.14, 15.989999999997963
361324, 51139.7300,  3, 515.66, 22.56999999999971
361334, 51140.8000,  3, 483.69, 23.639999999999418
361362, 51143.8000,  3, 491.88, 26.669999999998254
361382, 51145.9400,  3, 572.08, 28.790000000000873
361396, 51147.4400,  3, 539.13, 30.260000000002037
361595, 51184.1600,  3, 495.64, 21.18000000000029
361596, 51184.2700,  3, 480.32, 21.290000000000873
361610, 51185.7700,  3, 499.00, 22.80000000000291
361634, 51188.3400,  3, 492.91, 25.30000000000291
361636, 51188.5500,  3, 526.36, 25.560000000004948
361657, 51190.8000,  3, 494.69, 27.80000000000291
361670, 51192.1900,  3, 584.99, 29.150000000001455
361703, 51195.7300,  3, 655.36, 32.67000000000553
361804, 51220.8400,  1, 40.12, 10.729999999995925
361804, 51220.8400,  1, 51.41, 10.729999999995925
361824, 51222.9800,  1, 137.92, 12.87000000000262
361824, 51222.9800,  1, 99.08, 12.87000000000262
361898, 51230.9100,  3, 457.86, 20.69000000000233
361913, 51232.5200,  3, 481.69, 22.339999999996508
361928, 51234.1200,  3, 414.66, 23.959999999999127
361955, 51237.0200,  3, 442.00, 26.80000000000291
362059, 51263.5200,  1, 35.28, 11.049999999995634
362059, 51263.5200,  1, 147.88, 11.049999999995634
362078, 51265.5500,  1, 92.71, 13.080000000001746
362078, 51265.5500,  1, 117.60, 13.080000000001746
362169, 51275.3000,  3, 528.39, 22.760000000002037
362179, 51276.3700,  3, 520.72, 23.869999999995343
362190, 51277.5500,  3, 481.99, 25.0
362260, 51285.0500,  3, 575.58, 32.51000000000204
362351, 51309.5200,  1, 130.13, 9.659999999996217
362351, 51309.5200,  1, 100.14, 9.659999999996217
362362, 51310.6900,  1, 82.27, 10.830000000001746
362362, 51310.6900,  1, 111.89, 10.830000000001746
362373, 51311.8700,  1, 141.42, 12.010000000002037
362373, 51311.8700,  1, 155.76, 12.010000000002037
362461, 51321.3000,  3, 479.30, 21.419999999998254
362471, 51322.3700,  3, 460.87, 22.44000000000233
362577, 51348.0500,  1, 105.80, 11.260000000002037
362577, 51348.0500,  1, 144.87, 11.260000000002037
362688, 51359.9400,  3, 495.03, 23.12999999999738
362710, 51362.3000,  3, 417.57, 25.409999999996217
362724, 51363.8000,  3, 511.53, 26.979999999995925
362763, 51367.9800,  3, 554.88, 31.12000000000262
362783, 51370.1200,  3, 512.24, 33.26000000000204
362817, 51373.7700,  3, 639.24, 36.94999999999709
362929, 51400.0200,  1, 154.88, 11.919999999998254
362929, 51400.0200,  1, 125.79, 11.919999999998254
362972, 51404.6200,  1, 225.50, 16.520000000004075
362972, 51404.6200,  1, 58.70, 16.520000000004075
363006, 51408.2700,  3, 479.77, 20.06999999999971
363026, 51410.4100,  3, 484.62, 22.200000000004366
363031, 51410.9400,  3, 447.78, 22.779999999998836
363037, 51411.5900,  3, 517.57, 23.4800000000032
363195, 51442.8400,  1, 218.44, 16.82999999999447
363227, 51446.2700,  3, 475.35, 20.19999999999709
363236, 51447.2300,  3, 503.41, 21.159999999996217
363242, 51447.8700,  3, 504.96, 21.790000000000873
363266, 51450.4400,  3, 455.00, 24.409999999996217
363270, 51450.8700,  3, 493.00, 24.75999999999476
363279, 51451.8400,  3, 486.26, 25.80999999999767
363293, 51453.3400,  3, 429.76, 27.299999999995634
363491, 51488.7300,  3, 472.07, 21.040000000000873
363494, 51489.0500,  3, 508.34, 21.349999999998545
363503, 51490.0200,  3, 472.75, 22.37999999999738
363515, 51491.3000,  3, 505.95, 23.669999999998254
363555, 51495.5900,  3, 450.37, 27.959999999999127
363566, 51496.7700,  3, 531.89, 29.12999999999738
363659, 51506.7300,  3, 578.91, 39.04000000000087
363693, 51510.3700,  3, 530.96, 42.68000000000029
363795, 51535.6600,  1, 143.06, 10.840000000003783
363795, 51535.6600,  1, 124.93, 10.840000000003783
363889, 51545.7300,  3, 477.11, 20.87999999999738
363926, 51549.6900,  3, 546.55, 24.7699999999968
363931, 51550.2300,  3, 489.72, 25.389999999999418
363968, 51554.1900,  3, 521.17, 29.340000000003783
363970, 51554.4100,  3, 530.70, 29.55000000000291
364628, 51624.9100,  2, 304.15, 100
364754, 51652.9400,  1, -5.63, 13.279999999998836
364754, 51652.9400,  1, 177.55, 13.279999999998836
364794, 51657.2300,  1, 150.50, 17.56999999999971
364794, 51657.2300,  1, 217.33, 17.56999999999971
364849, 51663.1200,  3, 395.69, 23.389999999999418
364880, 51666.4400,  3, 519.77, 26.69999999999709
364946, 51673.5200,  3, 586.32, 33.7699999999968
365361, 51717.9800,  3, 398.49, 78.23999999999796
365473, 51744.3400,  1, 106.17, 11.889999999999418
365485, 51745.6200,  1, 118.62, 13.17000000000553
365540, 51751.5200,  3, 434.96, 19.010000000002037
365572, 51754.9400,  3, 514.56, 22.470000000001164
365586, 51756.4400,  3, 567.70, 23.889999999999418
365595, 51757.4100,  3, 405.87, 24.92000000000553
365613, 51759.3400,  3, 364.15, 26.860000000000582
365682, 51766.7300,  3, 578.37, 34.220000000001164
365869, 51801.8400,  3, 428.74, 19.87999999999738
365896, 51804.7300,  3, 514.83, 22.75
365903, 51805.4800,  3, 482.60, 23.56999999999971
365906, 51805.8000,  3, 461.21, 23.87000000000262
365921, 51807.4100,  3, 547.30, 25.419999999998254
365931, 51808.4800,  3, 474.79, 26.55999999999767
365935, 51808.9100,  3, 534.25, 26.970000000001164
365961, 51811.6900,  3, 560.11, 29.709999999999127
366108, 51842.5200,  1, 187.73, 15.639999999999418
366108, 51842.5200,  1, 239.29, 15.639999999999418
366156, 51847.6600,  3, 469.42, 20.7300000000032
366168, 51848.9400,  3, 449.35, 22.040000000000873
366195, 51851.8400,  3, 483.46, 24.900000000001455
366196, 51851.9400,  3, 433.17, 25.030000000006112
366206, 51853.0200,  3, 558.90, 26.12000000000262
366226, 51855.1600,  3, 579.96, 28.18000000000029
366394, 51887.4100,  1, 186.54, 17.900000000001455
366394, 51887.4100,  1, 28.97, 17.900000000001455
366429, 51891.1600,  3, 495.35, 21.57999999999447
366441, 51892.4400,  3, 484.92, 22.909999999996217
366453, 51893.7300,  3, 408.34, 24.189999999995052
366455, 51893.9400,  3, 561.88, 24.37999999999738
366466, 51895.1200,  3, 567.15, 25.55999999999767
366519, 51900.8000,  3, 554.80, 31.279999999998836
366613, 51925.2700,  1, 82.75, 9.979999999995925
366614, 51925.3700,  1, 107.15, 10.080000000001746
366686, 51933.0900,  1, 314.45, 17.799999999995634
366686, 51933.0900,  1, 228.80, 17.799999999995634
366736, 51938.4400,  3, 552.69, 23.139999999999418
366737, 51938.5500,  3, 496.82, 23.229999999995925
366767, 51941.7700,  3, 397.09, 26.409999999996217
366782, 51943.3700,  3, 501.84, 28.05999999999767
366966, 51977.4800,  3, 460.27, 19.510000000002037
366970, 51977.9100,  3, 485.94, 20.010000000002037
366974, 51978.3400,  3, 478.91, 20.409999999996217
366975, 51978.4400,  3, 456.92, 20.479999999995925
367004, 51981.5500,  3, 549.86, 23.62999999999738
367037, 51985.0900,  3, 470.11, 27.169999999998254
367059, 51987.4400,  3, 462.54, 29.5
367108, 51992.6900,  3, 688.76, 34.80999999999767
367194, 52016.2300,  1, 1.53, 9.12000000000262
367194, 52016.2300,  1, 0.83, 9.12000000000262
367215, 52018.4800,  1, 152.19, 11.37000000000262
367215, 52018.4800,  1, 64.87, 11.37000000000262
367234, 52020.5200,  1, 212.60, 13.409999999996217
367303, 52027.9100,  3, 487.50, 20.790000000000873
367327, 52030.4800,  3, 495.31, 23.279999999998836
367328, 52030.5900,  3, 519.30, 23.44000000000233
367386, 52051.1600,  1, -56.47, 6.100000000005821
367386, 52051.1600,  1, 20.60, 6.100000000005821
367440, 52056.9400,  1, 37.59, 11.880000000004657
367440, 52056.9400,  1, 139.15, 11.880000000004657
367533, 52066.9100,  3, 536.52, 21.840000000003783
367580, 52071.9400,  3, 495.30, 26.790000000000873
367584, 52072.3700,  3, 483.21, 27.279999999998836
367597, 52073.7700,  3, 474.63, 28.610000000000582
367747, 52104.0900,  1, 201.56, 15.989999999997963
367751, 52104.5200,  1, 229.56, 16.419999999998254
367771, 52106.6600,  3, 409.05, 18.489999999997963
367810, 52110.8400,  3, 549.96, 22.69000000000233
367818, 52111.6900,  3, 454.69, 23.56999999999971
367826, 52112.5500,  3, 413.75, 24.360000000000582
367840, 52114.0500,  3, 498.72, 25.849999999998545
367956, 52126.4800,  3, 597.59, 38.34000000000378
368008, 52146.0500,  1, -134.42, 5.470000000001164
368064, 52152.0500,  1, 106.49, 11.470000000001164
368064, 52152.0500,  1, 157.35, 11.470000000001164
368069, 52152.5900,  1, 112.19, 12.009999999994761
368183, 52164.8000,  3, 446.64, 24.18000000000029
368191, 52165.6600,  3, 526.88, 24.979999999995925
368209, 52167.5900,  3, 456.86, 26.970000000001164
368260, 52173.0500,  3, 668.35, 32.38999999999942
368387, 52201.1900,  1, 120.94, 13.520000000004075
368387, 52201.1900,  1, 148.70, 13.520000000004075
368399, 52202.4800,  1, 53.69, 14.810000000004948
368444, 52207.3000,  3, 477.25, 19.540000000000873
368474, 52210.5200,  3, 570.18, 22.760000000002037
368485, 52211.6900,  3, 553.93, 23.99000000000524
368544, 52218.0200,  3, 469.83, 30.340000000003783
368827, 52248.3400,  3, 358.74, 60.59000000000378
368923, 52273.0500,  1, 51.29, 10.190000000002328
368923, 52273.0500,  1, 109.95, 10.190000000002328
368993, 52280.5500,  3, 434.37, 17.639999999999418
369023, 52283.7700,  3, 455.98, 20.839999999996508
369024, 52283.8700,  3, 428.58, 20.979999999995925
369058, 52287.5200,  3, 553.30, 24.62000000000262
369061, 52287.8400,  3, 479.83, 24.900000000001455
369062, 52287.9400,  3, 594.99, 25.05000000000291
369137, 52310.3400,  1, 27.37, 7.939999999995052
369255, 52322.9800,  1, 177.33, 20.580000000001746
369264, 52323.9400,  3, 463.22, 21.5199999999968
369267, 52324.2700,  3, 473.74, 21.849999999998545
369270, 52324.5900,  1, 116.67, 22.189999999995052
369276, 52325.2300,  3, 556.62, 22.790000000000873
369331, 52331.1200,  3, 471.17, 28.639999999999418
369334, 52331.4400,  3, 523.67, 28.970000000001164
369528, 52366.6900,  3, 465.11, 20.610000000000582
369541, 52368.0900,  3, 419.52, 22.0
369551, 52369.1600,  3, 565.20, 23.090000000003783
369554, 52369.4800,  3, 444.38, 23.410000000003492
369557, 52369.8000,  3, 563.66, 23.75
369559, 52370.0200,  3, 560.70, 23.94000000000233
369567, 52370.8700,  3, 524.57, 24.830000000001746
369570, 52371.1900,  3, 438.40, 25.099999999998545
369687, 52397.9800,  1, 131.49, 12.440000000002328
369687, 52397.9800,  1, 140.25, 12.440000000002328
369698, 52399.1600,  1, 173.35, 13.62000000000262
369698, 52399.1600,  1, 193.95, 13.62000000000262
369713, 52400.7700,  1, 142.55, 15.229999999995925
369737, 52403.3400,  1, 220.61, 17.799999999995634
369737, 52403.3400,  1, 290.65, 17.799999999995634
369753, 52405.0500,  3, 451.54, 19.489999999997963
369886, 52433.5500,  1, 140.63, 14.150000000001455
369886, 52433.5500,  1, 68.43, 14.150000000001455
369949, 52440.3000,  3, 468.61, 20.87999999999738
369958, 52441.2700,  3, 505.82, 21.81999999999971
369970, 52442.5500,  3, 450.43, 23.139999999999418
369979, 52443.5200,  3, 492.92, 24.080000000001746
370012, 52447.0500,  3, 547.11, 27.610000000000582
370024, 52448.3400,  3, 496.97, 28.839999999996508
370122, 52473.0900,  1, 64.38, 10.389999999999418
370122, 52473.0900,  1, 142.27, 10.389999999999418
370175, 52478.7700,  1, 157.82, 16.06999999999971
370175, 52478.7700,  1, 169.29, 16.06999999999971
370231, 52484.7700,  3, 526.52, 22.030000000006112
370231, 52484.7700,  3, 477.44, 21.960000000006403
370254, 52487.2300,  3, 564.84, 24.43000000000029
370302, 52492.3700,  3, 522.99, 29.590000000003783
370388, 52515.8400,  1, 8.54, 9.119999999995343
370388, 52515.8400,  1, 54.96, 9.119999999995343
370511, 52529.0200,  3, 436.10, 22.209999999999127
370513, 52529.2300,  3, 448.02, 22.44999999999709
370519, 52529.8700,  3, 560.05, 23.049999999995634
370521, 52530.0900,  3, 523.48, 23.299999999995634
370544, 52532.5500,  3, 517.52, 25.729999999995925
370575, 52535.8700,  3, 519.74, 29.06999999999971
370765, 52571.1200,  3, 490.99, 20.18000000000029
370772, 52571.8700,  3, 473.71, 20.9800000000032
370798, 52574.6600,  3, 542.52, 23.770000000004075
370802, 52575.0900,  3, 460.61, 24.139999999999418
370806, 52575.5200,  1, 171.42, 24.639999999999418
370812, 52576.1600,  3, 491.26, 25.19000000000233
370813, 52576.2700,  3, 495.79, 25.280000000006112
370839, 52579.0500,  3, 536.55, 28.10000000000582
370940, 52604.2300,  1, 134.41, 10.720000000001164
370940, 52604.2300,  1, 91.78, 10.720000000001164
370968, 52607.2300,  1, 122.95, 13.720000000001164
370968, 52607.2300,  1, 131.90, 13.720000000001164
371024, 52613.2300,  3, 412.72, 19.639999999999418
371045, 52615.4800,  3, 431.12, 21.939999999995052
371071, 52618.2700,  3, 570.40, 24.739999999997963
371113, 52622.7700,  3, 623.13, 29.159999999996217
371221, 52648.5900,  1, 175.82, 11.459999999999127
371221, 52648.5900,  1, 172.19, 11.459999999999127
371241, 52650.7300,  1, 126.61, 13.60000000000582
371241, 52650.7300,  1, 183.54, 13.60000000000582
371284, 52655.3400,  1, 192.97, 18.209999999999127
371292, 52656.1900,  3, 467.99, 19.010000000002037
371326, 52659.8400,  3, 479.58, 22.68000000000029
371342, 52661.5500,  3, 421.17, 24.400000000001455
371416, 52683.7300,  1, 86.86, 7.830000000001746
371416, 52683.7300,  1, 64.99, 7.830000000001746
371457, 52688.1200,  1, 111.01, 12.220000000001164
371457, 52688.1200,  1, 179.78, 12.220000000001164
371544, 52697.4400,  3, 502.80, 21.489999999997963
371572, 52700.4400,  3, 531.45, 24.459999999999127
371572, 52700.4400,  3, 572.28, 24.5
371592, 52702.5900,  3, 474.14, 26.650000000001455
371709, 52729.4800,  1, 124.90, 12.42000000000553
371709, 52729.4800,  1, 38.62, 12.42000000000553
371710, 52729.5900,  1, 72.34, 12.529999999998836
371823, 52741.6900,  3, 611.19, 24.62000000000262
371827, 52742.1200,  3, 471.69, 25.020000000004075
371831, 52742.5500,  3, 485.29, 25.380000000004657
371832, 52742.6600,  3, 378.66, 25.55000000000291
371862, 52745.8700,  3, 474.08, 28.7300000000032
372040, 52779.0500,  3, 430.38, 18.919999999998254
372045, 52779.5900,  3, 467.70, 19.419999999998254
372052, 52780.3400,  3, 466.13, 20.169999999998254
372065, 52781.7300,  3, 458.12, 21.55999999999767
372072, 52782.4800,  3, 548.48, 22.349999999998545
372098, 52785.2700,  3, 518.14, 25.110000000000582
372110, 52786.5500,  3, 540.44, 26.459999999999127
372132, 52788.9100,  3, 588.61, 28.739999999997963
372227, 52813.3400,  1, 87.87, 10.07999999999447
372230, 52813.6600,  1, 127.08, 10.400000000001455
372230, 52813.6600,  1, 143.04, 10.400000000001455
372234, 52814.0900,  1, 128.64, 10.82999999999447
372234, 52814.0900,  1, 103.83, 10.82999999999447
372316, 52822.8700,  3, 430.90, 19.5199999999968
372401, 52831.9800,  3, 493.11, 28.709999999999127
372406, 52832.5200,  3, 528.32, 29.189999999995052
372627, 52870.6200,  3, 443.45, 23.540000000000873
372631, 52871.0500,  3, 449.29, 24.0
372634, 52871.3700,  3, 570.39, 24.30999999999767
372636, 52871.5900,  3, 393.07, 24.5199999999968
372651, 52873.1900,  3, 490.88, 26.12999999999738
372717, 52880.2700,  3, 652.84, 33.13999999999942
372740, 52882.7300,  3, 645.73, 35.650000000001455
373230, 52935.2300,  1, -241.55, 88.19000000000233
373316, 52958.6600,  1, 43.37, 9.010000000002037
373316, 52958.6600,  1, 86.63, 9.010000000002037
373320, 52959.0900,  1, 67.29, 9.439999999995052
373320, 52959.0900,  1, 65.82, 9.439999999995052
373411, 52968.8400,  1, 200.29, 19.189999999995052
373427, 52970.5500,  3, 457.44, 20.81999999999971
373440, 52971.9400,  3, 526.82, 22.239999999997963
373443, 52972.2700,  3, 507.45, 22.599999999998545
373530, 52996.0900,  1, 52.47, 9.239999999997963
373530, 52996.0900,  1, 75.49, 9.239999999997963
373664, 53010.4400,  3, 544.87, 23.5
373685, 53012.6900,  3, 492.63, 25.81999999999971
373698, 53014.0900,  3, 584.70, 27.200000000004366
373700, 53014.3000,  3, 570.59, 27.43000000000029
373702, 53014.5200,  3, 518.57, 27.650000000001455
373716, 53016.0200,  3, 514.23, 29.080000000001746
373826, 53042.3700,  1, 158.27, 11.700000000004366
373826, 53042.3700,  1, 138.68, 11.700000000004366
373844, 53044.3000,  1, 89.65, 13.630000000004657
373844, 53044.3000,  1, 192.47, 13.630000000004657
373943, 53054.9100,  3, 525.21, 24.160000000003492
373951, 53055.7700,  3, 518.83, 25.029999999998836
373963, 53057.0500,  3, 465.25, 26.349999999998545
373978, 53058.6600,  3, 457.41, 27.970000000001164
374159, 53092.5900,  1, 186.26, 19.289999999993597
374185, 53095.3700,  3, 436.08, 22.00999999999476
374191, 53096.0200,  3, 495.89, 22.64999999999418
374194, 53096.3400,  3, 485.81, 22.939999999995052
374203, 53097.3000,  3, 527.33, 23.919999999998254
374204, 53097.4100,  3, 538.54, 24.0199999999968
374223, 53099.4400,  3, 514.32, 26.07999999999447
374245, 53101.8000,  3, 471.40, 28.439999999995052
374365, 53128.8700,  1, 54.12, 12.770000000004075
374365, 53128.8700,  1, 124.89, 12.770000000004075
374374, 53129.8400,  1, 133.10, 13.739999999997963
374419, 53134.6600,  1, 168.68, 18.560000000004948
374460, 53139.0500,  1, 7.44, 22.950000000004366
374460, 53139.0500,  1, 435.99, 22.950000000004366
374493, 53142.5900,  3, 472.04, 26.410000000003492
374494, 53142.6900,  3, 536.86, 26.560000000004948
374621, 53170.2700,  1, 22.38, 13.509999999994761
374662, 53174.6600,  1, 233.96, 17.900000000001455
374674, 53175.9400,  3, 393.16, 19.099999999998545
374713, 53180.1200,  3, 437.60, 23.30999999999767
374727, 53181.6200,  3, 483.45, 24.75999999999476
374731, 53182.0500,  3, 546.43, 25.19999999999709
374745, 53183.5500,  3, 474.48, 26.75
374749, 53183.9800,  3, 615.97, 27.159999999996217
374858, 53209.9100,  1, 136.05, 11.580000000001746
374858, 53209.9100,  1, 179.91, 11.580000000001746
374964, 53221.2700,  3, 474.70, 22.919999999998254
374965, 53221.3700,  3, 366.34, 22.989999999997963
374966, 53221.4800,  3, 376.24, 23.05999999999767
374971, 53222.0200,  3, 599.42, 23.62999999999738
374990, 53224.0500,  3, 499.23, 25.639999999999418
