    65, 38.1300,  1, -176.77, 7.070000000000004
   122, 44.2400,  1, -165.81, 13.180000000000003
   170, 49.3800,  1, -185.23, 18.320000000000004
   216, 54.3100,  1, -294.26, 23.250000000000004
   270, 60.1300,  1, -249.47, 29.070000000000004
   320, 65.5100,  1, -362.48, 34.45
   332, 66.8300,  1, -258.09, 35.769999999999996
   463, 81.1500,  2, -221.13,  50
   631, 114.2200,  1, -231.67, 18.150000000000006
   675, 119.0300,  1, -200.64, 22.960000000000008
   801, 132.8200,  1, -255.64, 36.75
   821, 135.0100,  1, -174.92, 38.94
   856, 138.8300,  1, -340.01, 42.76000000000002
   923, 146.1600,  2, -115.36,  50
   923, 146.1600,  2, -139.26,  50
   923, 146.1600,  2, -184.26,  50
  1117, 182.8200,  1, -223.66, 21.0
  1187, 190.4900,  1, -281.32, 28.670000000000016
  1278, 200.4400,  1, -332.88, 38.620000000000005
  1282, 200.8800,  1, -368.43, 39.06
  1382, 211.8200,  2, -39.57,  50
  1382, 211.8200,  2, -149.78,  50
  1382, 211.8200,  2, -115.30,  50
  1382, 211.8200,  2, -58.53,  50
  1550, 244.8200,  1, -176.95, 18.150000000000006
  1851, 276.7100,  2, -140.58,  50
  1851, 276.7100,  2, -167.37,  50
  1851, 276.7100,  2, -133.36,  50
  1851, 276.7100,  2, -160.69,  50
  1851, 276.7100,  2, -92.57,  50
  1851, 276.7100,  2, -86.69,  50
  1851, 276.7100,  2, -184.21,  50
  1986, 305.4700,  1, -259.68, 13.860000000000014
  2044, 311.5200,  1, -272.03, 19.909999999999968
  2126, 320.0600,  1, -337.70, 28.44999999999999
  2181, 325.7900,  1, -322.58, 34.18000000000001
  2273, 335.3700,  1, -367.37, 43.75999999999999
  2302, 338.4000,  1, -395.26, 46.789999999999964
  2333, 341.6200,  2, -121.48,  50
  2333, 341.6200,  2, -127.70,  50
  2506, 374.3700,  1, -238.06, 17.819999999999993
  2608, 385.0000,  1, -328.34, 28.44999999999999
  2718, 396.4600,  1, -343.40, 39.90999999999997
  2815, 406.5600,  2, -106.99,  50
  2815, 406.5600,  2, -206.79,  50
  2815, 406.5600,  2, -133.87,  50
  2815, 406.5600,  2, -230.69,  50
  2815, 406.5600,  2, -146.32,  50
  2927, 432.9100,  1, -237.29, 11.450000000000045
  2964, 436.7700,  1, -253.62, 15.310000000000002
  3001, 440.6200,  1, -294.99, 19.160000000000025
  3148, 455.9300,  1, -253.83, 34.47000000000003
  3211, 462.5000,  1, -373.03, 41.04000000000002
  3239, 465.4100,  1, -226.62, 43.950000000000045
  3297, 471.4600,  2, -189.96,  50
  3297, 471.4600,  2, -158.21,  50
  3524, 509.6200,  1, -279.16, 23.430000000000007
  3532, 510.4600,  1, -183.87, 24.269999999999982
  3684, 526.1100,  1, -270.53, 39.920000000000016
  3731, 530.9500,  1, -372.32, 44.76000000000005
  3782, 536.2000,  2, -66.33,  50
  3782, 536.2000,  2, -178.48,  50
  3782, 536.2000,  2, -223.98,  50
  3782, 536.2000,  2, -102.57,  50
  3891, 561.9300,  1, -252.24, 11.009999999999991
  4044, 577.6800,  1, -296.51, 26.75999999999999
  4270, 600.9400,  2, -114.37,  50
  4270, 600.9400,  2, -168.05,  50
  4270, 600.9400,  2, -202.55,  50
  4270, 600.9400,  2, -263.55,  50
  4270, 600.9400,  2, -105.02,  50
  4270, 600.9400,  2, -90.58,  50
  4385, 627.4800,  1, -146.33, 11.629999999999995
  4388, 627.8000,  1, -192.51, 11.949999999999932
  4486, 637.8800,  1, -175.44, 22.029999999999973
  4488, 638.0800,  1, -282.15, 22.230000000000018
  4758, 665.8800,  2, -107.35,  50
  4758, 665.8800,  2, -226.50,  50
  4758, 665.8800,  2, -165.60,  50
  4758, 665.8800,  2, -186.79,  50
  5096, 715.4500,  1, -225.89, 34.59000000000003
  5205, 726.6800,  1, -295.14, 45.819999999999936
  5224, 728.6300,  1, -396.25, 47.76999999999998
  5246, 730.9000,  2, -179.68,  50
  5246, 730.9000,  2, -190.57,  50
  5246, 730.9000,  2, -143.34,  50
  5246, 730.9000,  2, -165.94,  50
  5246, 730.9000,  2, -225.10,  50
  5629, 785.0800,  1, -330.78, 39.22000000000003
  5734, 795.9000,  2, -196.72,  50
  5734, 795.9000,  2, -107.29,  50
  5734, 795.9000,  2, -222.17,  50
  5734, 795.9000,  2, -147.56,  50
  5734, 795.9000,  2, -188.56,  50
  5734, 795.9000,  2, -173.01,  50
  5734, 795.9000,  2, -230.76,  50
  5928, 830.6300,  1, -280.17, 19.769999999999982
  6003, 838.3500,  1, -295.96, 27.49000000000001
  6059, 844.1100,  1, -305.94, 33.25
  6209, 859.5600,  1, -237.34, 48.69999999999993
  6222, 860.9000,  2, -208.04,  50
  6222, 860.9000,  2, -214.33,  50
  6222, 860.9000,  2, -177.58,  50
  6222, 860.9000,  2, -198.31,  50
  6450, 900.2100,  1, -286.39, 23.25999999999999
  6540, 909.4800,  1, -331.26, 32.52999999999997
  6710, 926.9800,  2, -125.46,  50
  6710, 926.9800,  2, -261.35,  50
  6710, 926.9800,  2, -183.43,  50
  6710, 926.9800,  2, -198.78,  50
  6710, 926.9800,  2, -27.23,  50
  6710, 926.9800,  2, -138.95,  50
  6875, 958.4400,  1, -269.01, 16.780000000000086
  7148, 986.5500,  1, -345.46, 44.889999999999986
  7198, 991.6900,  2, -107.69,  50
  7198, 991.6900,  2, -216.80,  50
  7198, 991.6900,  2, -113.00,  50
  7198, 991.6900,  2, -75.39,  50
  7198, 991.6900,  2, -168.95,  50
  7198, 991.6900,  2, -122.71,  50
  7674, 1056.4900,  2, -48.49,  50
  7674, 1056.4900,  2, -166.75,  50
  7674, 1056.4900,  2, -191.06,  50
  7674, 1056.4900,  2, -169.53,  50
  7674, 1056.4900,  2, -220.75,  50
  7674, 1056.4900,  2, -165.56,  50
  7674, 1056.4900,  2, -160.28,  50
  7674, 1056.4900,  2, -100.47,  50
  7912, 1096.5600,  1, -307.52, 25.25999999999999
  7961, 1101.8100,  1, -298.14, 30.50999999999999
  8143, 1121.3100,  2, -142.23,  50
  8143, 1121.3100,  2, -131.47,  50
  8143, 1121.3100,  2, -185.13,  50
  8143, 1121.3100,  2, -194.87,  50
  8143, 1121.3100,  2, -171.96,  50
  8143, 1121.3100,  2, -215.10,  50
  8376, 1161.0200,  1, -264.96, 24.75
  8386, 1162.1000,  1, -321.44, 25.829999999999927
  8539, 1178.4900,  1, -265.73, 42.22000000000003
  8612, 1186.3100,  2, -215.17,  50
  8612, 1186.3100,  2, -185.75,  50
  8612, 1186.3100,  2, -122.54,  50
  8612, 1186.3100,  2, -182.64,  50
  8612, 1186.3100,  2, -225.65,  50
  9068, 1249.9100,  1, -377.43, 48.6400000000001
  9081, 1251.3100,  2, -87.11,  50
  9081, 1251.3100,  2, -169.83,  50
  9081, 1251.3100,  2, -253.95,  50
  9081, 1251.3100,  2, -193.23,  50
  9081, 1251.3100,  2, -195.84,  50
  9081, 1251.3100,  2, -73.69,  50
  9081, 1251.3100,  2, -137.52,  50
  9546, 1315.8500,  1, -291.55, 49.58999999999992
  9550, 1316.2700,  2, -78.00,  50
  9550, 1316.2700,  2, -186.95,  50
  9550, 1316.2700,  2, -201.64,  50
  9550, 1316.2700,  2, -151.87,  50
  9550, 1316.2700,  2, -177.92,  50
  9550, 1316.2700,  2, -87.84,  50
  9550, 1316.2700,  2, -241.51,  50
  9951, 1374.7700,  1, -305.74, 42.73000000000002
  9961, 1375.8500,  1, -318.81, 43.809999999999945
  9993, 1379.2700,  1, -221.55, 47.23000000000002
 10019, 1382.0600,  2, -168.65,  50
 10019, 1382.0600,  2, -193.99,  50
 10019, 1382.0600,  2, -174.99,  50
 10019, 1382.0600,  2, -138.89,  50
 10019, 1382.0600,  2, -157.17,  50
 10488, 1446.6000,  2, -144.15,  50
 10488, 1446.6000,  2, -224.29,  50
 10488, 1446.6000,  2, -186.61,  50
 10488, 1446.6000,  2, -166.20,  50
 10488, 1446.6000,  2, -118.61,  50
 10488, 1446.6000,  2, -200.47,  50
 10488, 1446.6000,  2, -222.27,  50
 10488, 1446.6000,  2, -1.37,  50
 10708, 1484.7700,  1, -293.68, 23.34999999999991
 10794, 1493.9900,  1, -310.84, 32.569999999999936
 10870, 1502.1300,  1, -344.14, 40.710000000000036
 10957, 1511.4500,  2, -96.53,  50
 10957, 1511.4500,  2, -195.06,  50
 10957, 1511.4500,  2, -77.53,  50
 10957, 1511.4500,  2, -160.31,  50
 10957, 1511.4500,  2, -160.86,  50
 11320, 1564.6300,  1, -337.11, 38.67000000000007
 11426, 1575.9900,  2, -181.73,  50
 11426, 1575.9900,  2, -62.87,  50
 11426, 1575.9900,  2, -175.33,  50
 11426, 1575.9900,  2, -149.72,  50
 11426, 1575.9900,  2, -185.84,  50
 11426, 1575.9900,  2, -190.32,  50
 11426, 1575.9900,  2, -173.70,  50
 11895, 1640.6300,  2, -108.06,  50
 11895, 1640.6300,  2, -159.52,  50
 11895, 1640.6300,  2, -241.21,  50
 11895, 1640.6300,  2, -123.57,  50
 11895, 1640.6300,  2, -198.51,  50
 11895, 1640.6300,  2, -155.46,  50
 11895, 1640.6300,  2, -226.71,  50
 11895, 1640.6300,  2, -166.32,  50
 12364, 1705.2700,  2, -162.24,  50
 12364, 1705.2700,  2, -138.63,  50
 12364, 1705.2700,  2, -86.65,  50
 12364, 1705.2700,  2, -133.08,  50
 12364, 1705.2700,  2, -168.99,  50
 12364, 1705.2700,  2, -179.45,  50
 12364, 1705.2700,  2, -154.66,  50
 12364, 1705.2700,  2, -169.45,  50
 12833, 1770.3100,  2, -210.98,  50
 12833, 1770.3100,  2, -147.51,  50
 12833, 1770.3100,  2, -173.39,  50
 12833, 1770.3100,  2, -227.29,  50
 12833, 1770.3100,  2, -27.05,  50
 12833, 1770.3100,  2, -169.26,  50
 12833, 1770.3100,  2, -100.58,  50
 12833, 1770.3100,  2, -80.55,  50
 13263, 1831.1300,  1, -342.97, 45.86000000000013
 13292, 1834.2400,  1, -374.02, 48.97000000000003
 13302, 1835.3100,  2, -120.57,  50
 13302, 1835.3100,  2, -163.68,  50
 13302, 1835.3100,  2, -187.44,  50
 13302, 1835.3100,  2, -161.41,  50
 13302, 1835.3100,  2, -106.54,  50
 13302, 1835.3100,  2, -174.52,  50
 13771, 1901.1000,  2, -145.34,  50
 13771, 1901.1000,  2, -98.45,  50
 13771, 1901.1000,  2, -221.88,  50
 13771, 1901.1000,  2, -167.48,  50
 13771, 1901.1000,  2, -178.85,  50
 13771, 1901.1000,  2, -164.06,  50
 13771, 1901.1000,  2, -178.16,  50
 13771, 1901.1000,  2, -145.50,  50
 14240, 1965.9100,  2, -199.00,  50
 14240, 1965.9100,  2, -47.53,  50
 14240, 1965.9100,  2, -195.13,  50
 14240, 1965.9100,  2, -238.34,  50
 14240, 1965.9100,  2, -121.86,  50
 14240, 1965.9100,  2, -203.04,  50
 14240, 1965.9100,  2, -79.73,  50
 14240, 1965.9100,  2, -102.40,  50
 14640, 2024.3100,  1, -338.81, 42.63999999999987
 14709, 2031.7000,  2, -228.32,  50
 14709, 2031.7000,  2, -151.80,  50
 14709, 2031.7000,  2, -134.23,  50
 14709, 2031.7000,  2, -198.97,  50
 14709, 2031.7000,  2, -139.44,  50
 14709, 2031.7000,  2, -226.53,  50
 14709, 2031.7000,  2, -157.39,  50
 15110, 2089.4100,  1, -375.64, 42.73999999999978
 15178, 2096.7000,  2, -197.86,  50
 15178, 2096.7000,  2, -55.96,  50
 15178, 2096.7000,  2, -180.27,  50
 15178, 2096.7000,  2, -183.23,  50
 15178, 2096.7000,  2, -243.03,  50
 15178, 2096.7000,  2, -111.25,  50
 15178, 2096.7000,  2, -129.03,  50
 15608, 2157.5100,  1, -293.09, 45.86000000000013
 15647, 2161.7000,  2, -214.74,  50
 15647, 2161.7000,  2, -166.16,  50
 15647, 2161.7000,  2, -184.40,  50
 15647, 2161.7000,  2, -42.74,  50
 15647, 2161.7000,  2, -165.05,  50
 15647, 2161.7000,  2, -235.68,  50
 15647, 2161.7000,  2, -159.56,  50
 16096, 2225.4500,  1, -345.95, 47.899999999999636
 16116, 2227.5900,  2, -158.78,  50
 16116, 2227.5900,  2, -173.86,  50
 16116, 2227.5900,  2, -155.33,  50
 16116, 2227.5900,  2, 9.09,  50
 16116, 2227.5900,  2, -210.90,  50
 16116, 2227.5900,  2, -93.08,  50
 16116, 2227.5900,  2, -171.15,  50
 16555, 2289.0000,  1, -270.61, 46.820000000000164
 16585, 2292.2200,  2, -127.49,  50
 16585, 2292.2200,  2, -59.61,  50
 16585, 2292.2200,  2, -146.12,  50
 16585, 2292.2200,  2, -224.65,  50
 16585, 2292.2200,  2, -249.36,  50
 16585, 2292.2200,  2, -194.96,  50
 16585, 2292.2200,  2, -126.67,  50
 16783, 2327.8400,  1, -242.41, 21.0
 16802, 2329.8700,  1, -272.36, 23.029999999999745
 16833, 2333.2000,  1, -293.84, 26.359999999999673
 17024, 2353.6600,  1, -385.36, 46.81999999999971
 17054, 2356.8700,  2, -169.19,  50
 17054, 2356.8700,  2, -96.34,  50
 17054, 2356.8700,  2, -126.21,  50
 17054, 2356.8700,  2, -156.52,  50
 17523, 2421.9100,  2, -255.53,  50
 17523, 2421.9100,  2, -229.15,  50
 17523, 2421.9100,  2, -102.51,  50
 17523, 2421.9100,  2, -165.43,  50
 17523, 2421.9100,  2, -175.45,  50
 17523, 2421.9100,  2, -136.94,  50
 17523, 2421.9100,  2, -151.05,  50
 17523, 2421.9100,  2, -109.74,  50
 17684, 2453.8700,  1, -232.66, 17.039999999999964
 17823, 2468.7600,  1, -343.39, 31.93000000000029
 17972, 2484.7300,  1, -281.71, 47.90000000000009
 17992, 2486.8700,  2, -161.19,  50
 17992, 2486.8700,  2, -243.05,  50
 17992, 2486.8700,  2, -161.13,  50
 17992, 2486.8700,  2, -222.04,  50
 17992, 2486.8700,  2, -206.75,  50
 18428, 2548.3200,  1, -375.75, 46.5
 18461, 2551.8600,  2, -190.17,  50
 18461, 2551.8600,  2, -164.97,  50
 18461, 2551.8600,  2, -181.26,  50
 18461, 2551.8600,  2, -54.60,  50
 18461, 2551.8600,  2, -161.87,  50
 18461, 2551.8600,  2, -100.98,  50
 18461, 2551.8600,  2, -257.20,  50
 18920, 2615.3700,  1, -254.55, 48.960000000000036
 18930, 2616.4500,  2, -180.21,  50
 18930, 2616.4500,  2, -220.39,  50
 18930, 2616.4500,  2, -148.98,  50
 18930, 2616.4500,  2, -112.62,  50
 18930, 2616.4500,  2, -245.24,  50
 18930, 2616.4500,  2, -231.58,  50
 18930, 2616.4500,  2, -185.55,  50
 19312, 2671.9300,  1, -281.31, 40.710000000000036
 19350, 2676.0000,  1, -379.45, 44.7800000000002
 19399, 2681.2500,  2, -151.50,  50
 19399, 2681.2500,  2, -172.59,  50
 19399, 2681.2500,  2, -58.48,  50
 19399, 2681.2500,  2, -164.26,  50
 19399, 2681.2500,  2, -231.50,  50
 19399, 2681.2500,  2, -88.58,  50
 19557, 2712.6400,  1, -157.57, 16.710000000000036
 19868, 2745.9700,  2, -112.59,  50
 19868, 2745.9700,  2, -93.86,  50
 19868, 2745.9700,  2, -192.46,  50
 19868, 2745.9700,  2, -199.55,  50
 19868, 2745.9700,  2, -183.31,  50
 19868, 2745.9700,  2, -67.60,  50
 19868, 2745.9700,  2, -170.42,  50
 20036, 2778.3900,  1, -177.64, 17.779999999999745
 20076, 2782.6800,  1, -278.59, 22.06999999999971
 20337, 2810.6400,  2, -196.91,  50
 20337, 2810.6400,  2, -120.03,  50
 20337, 2810.6400,  2, -64.31,  50
 20337, 2810.6400,  2, -140.03,  50
 20337, 2810.6400,  2, -190.02,  50
 20337, 2810.6400,  2, -123.98,  50
 20374, 2829.0300,  1, -158.63, 3.75
 20602, 2853.4700,  1, -157.39, 28.1899999999996
 20617, 2855.0700,  1, -251.59, 29.789999999999964
 20627, 2856.1400,  1, -246.74, 30.859999999999673
 20806, 2875.3200,  2, -130.02,  50
 20806, 2875.3200,  2, -140.90,  50
 20806, 2875.3200,  2, -68.01,  50
 20806, 2875.3200,  2, -214.11,  50
 21049, 2916.1400,  1, -216.66, 25.81999999999971
 21275, 2940.3600,  2, -132.44,  50
 21275, 2940.3600,  2, -157.78,  50
 21275, 2940.3600,  2, -90.60,  50
 21275, 2940.3600,  2, -161.68,  50
 21275, 2940.3600,  2, -219.47,  50
 21275, 2940.3600,  2, -165.97,  50
 21275, 2940.3600,  2, -189.74,  50
 21410, 2969.3600,  1, -179.97, 14.260000000000218
 21608, 2990.5700,  1, -349.62, 35.470000000000255
 21714, 3001.9300,  1, -354.70, 46.82999999999993
 21744, 3005.1400,  2, -219.26,  50
 21744, 3005.1400,  2, -75.10,  50
 21744, 3005.1400,  2, -243.38,  50
 21744, 3005.1400,  2, -149.51,  50
 21744, 3005.1400,  2, -256.92,  50
 21915, 3038.7800,  1, -228.13, 18.110000000000127
 22095, 3058.0700,  1, -331.18, 37.40000000000009
 22213, 3070.7200,  2, -208.84,  50
 22213, 3070.7200,  2, -190.88,  50
 22213, 3070.7200,  2, -182.35,  50
 22213, 3070.7200,  2, -205.97,  50
 22213, 3070.7200,  2, -141.27,  50
 22213, 3070.7200,  2, -180.87,  50
 22682, 3135.4500,  2, -214.74,  50
 22682, 3135.4500,  2, -200.48,  50
 22682, 3135.4500,  2, -187.30,  50
 22682, 3135.4500,  2, -222.94,  50
 22682, 3135.4500,  2, -200.14,  50
 22682, 3135.4500,  2, -131.09,  50
 22682, 3135.4500,  2, -62.82,  50
 22682, 3135.4500,  2, -59.56,  50
 22905, 3174.5700,  1, -227.49, 23.68000000000029
 23015, 3186.3600,  1, -267.21, 35.470000000000255
 23035, 3188.5000,  1, -274.41, 37.61000000000013
 23151, 3200.9300,  2, -161.84,  50
 23151, 3200.9300,  2, -190.07,  50
 23151, 3200.9300,  2, -148.48,  50
 23151, 3200.9300,  2, -165.07,  50
 23151, 3200.9300,  2, -225.18,  50
 23293, 3230.9100,  1, -179.31, 15.009999999999764
 23620, 3265.9500,  2, -204.59,  50
 23620, 3265.9500,  2, -99.96,  50
 23620, 3265.9500,  2, -140.70,  50
 23620, 3265.9500,  2, -210.66,  50
 23620, 3265.9500,  2, -207.55,  50
 23620, 3265.9500,  2, -217.48,  50
 23620, 3265.9500,  2, -214.83,  50
 23760, 3295.3900,  1, -205.60, 14.789999999999964
 23898, 3310.1800,  1, -321.86, 29.579999999999927
 24089, 3330.6400,  2, -85.73,  50
 24089, 3330.6400,  2, -173.32,  50
 24089, 3330.6400,  2, -176.23,  50
 24089, 3330.6400,  2, -129.27,  50
 24089, 3330.6400,  2, -190.60,  50
 24089, 3330.6400,  2, -187.83,  50
 24558, 3395.3600,  2, -181.59,  50
 24558, 3395.3600,  2, -126.63,  50
 24558, 3395.3600,  2, -20.10,  50
 24558, 3395.3600,  2, -177.83,  50
 24558, 3395.3600,  2, -233.30,  50
 24558, 3395.3600,  2, -218.05,  50
 24558, 3395.3600,  2, -209.76,  50
 24558, 3395.3600,  2, -116.45,  50
 24751, 3430.5700,  1, -199.68, 20.470000000000255
 25027, 3460.1400,  2, -178.49,  50
 25027, 3460.1400,  2, -88.18,  50
 25027, 3460.1400,  2, -143.74,  50
 25027, 3460.1400,  2, -255.23,  50
 25027, 3460.1400,  2, -123.56,  50
 25027, 3460.1400,  2, -121.47,  50
 25027, 3460.1400,  2, -185.33,  50
 25390, 3513.5900,  1, -321.56, 38.68000000000029
 25496, 3524.9500,  2, -198.40,  50
 25496, 3524.9500,  2, -194.67,  50
 25496, 3524.9500,  2, -111.30,  50
 25496, 3524.9500,  2, -169.64,  50
 25496, 3524.9500,  2, -213.64,  50
 25496, 3524.9500,  2, -214.85,  50
 25496, 3524.9500,  2, -172.43,  50
 25590, 3549.5700,  1, -234.04, 9.860000000000127
 25965, 3589.7500,  2, -56.68,  50
 25965, 3589.7500,  2, -152.86,  50
 25965, 3589.7500,  2, -161.18,  50
 25965, 3589.7500,  2, -144.97,  50
 25965, 3589.7500,  2, -215.96,  50
 25965, 3589.7500,  2, -149.14,  50
 25965, 3589.7500,  2, -163.12,  50
 26318, 3642.1200,  1, -246.47, 37.59999999999991
 26434, 3654.5500,  2, -151.48,  50
 26434, 3654.5500,  2, -217.89,  50
 26434, 3654.5500,  2, -153.37,  50
 26434, 3654.5500,  2, -171.03,  50
 26434, 3654.5500,  2, -173.16,  50
 26434, 3654.5500,  2, -164.71,  50
 26434, 3654.5500,  2, -174.72,  50
 26903, 3719.2600,  2, -157.02,  50
 26903, 3719.2600,  2, -152.40,  50
 26903, 3719.2600,  2, -202.69,  50
 26903, 3719.2600,  2, -150.79,  50
 26903, 3719.2600,  2, -204.21,  50
 26903, 3719.2600,  2, -189.49,  50
 26903, 3719.2600,  2, -174.23,  50
 26903, 3719.2600,  2, -194.43,  50
 27077, 3752.7000,  1, -219.79, 18.4399999999996
 27372, 3784.3000,  2, -176.99,  50
 27372, 3784.3000,  2, -123.34,  50
 27372, 3784.3000,  2, -80.49,  50
 27372, 3784.3000,  2, -77.36,  50
 27372, 3784.3000,  2, -209.22,  50
 27372, 3784.3000,  2, -131.42,  50
 27372, 3784.3000,  2, -100.99,  50
 27524, 3815.0900,  1, -229.26, 16.070000000000164
 27609, 3824.2000,  1, -199.54, 25.179999999999836
 27841, 3849.0500,  2, -162.59,  50
 27841, 3849.0500,  2, -166.08,  50
 27841, 3849.0500,  2, -166.29,  50
 27841, 3849.0500,  2, -228.29,  50
 27841, 3849.0500,  2, -169.71,  50
 27841, 3849.0500,  2, -154.27,  50
 28268, 3909.3600,  1, -356.28, 45.539999999999964
 28310, 3913.8600,  2, -171.98,  50
 28310, 3913.8600,  2, -193.84,  50
 28310, 3913.8600,  2, -138.58,  50
 28310, 3913.8600,  2, -155.56,  50
 28310, 3913.8600,  2, -124.26,  50
 28310, 3913.8600,  2, -171.15,  50
 28310, 3913.8600,  2, -132.24,  50
 28779, 3978.5100,  2, -82.98,  50
 28779, 3978.5100,  2, -220.74,  50
 28779, 3978.5100,  2, -199.20,  50
 28779, 3978.5100,  2, -110.43,  50
 28779, 3978.5100,  2, -15.17,  50
 28779, 3978.5100,  2, -192.29,  50
 28779, 3978.5100,  2, -175.05,  50
 28779, 3978.5100,  2, -138.76,  50
 29152, 4033.2200,  1, -275.00, 39.75
 29200, 4038.3600,  1, -330.07, 44.89000000000033
 29248, 4043.5000,  2, -105.71,  50
 29248, 4043.5000,  2, -188.84,  50
 29248, 4043.5000,  2, -174.09,  50
 29248, 4043.5000,  2, -132.20,  50
 29248, 4043.5000,  2, -168.56,  50
 29248, 4043.5000,  2, -201.64,  50
 29577, 4093.4500,  1, -274.05, 35.04999999999973
 29582, 4093.9800,  1, -346.02, 35.57999999999993
 29602, 4096.1200,  1, -368.20, 37.7199999999998
 29630, 4099.0600,  1, -343.74, 40.66000000000031
 29719, 4108.4300,  2, -110.09,  50
 29719, 4108.4300,  2, -86.69,  50
 29719, 4108.4300,  2, -92.97,  50
 29719, 4108.4300,  2, -222.68,  50
 29878, 4139.6300,  1, -251.21, 16.529999999999745
 30108, 4163.8400,  1, -340.56, 40.73999999999978
 30196, 4173.1000,  2, -163.79,  50
 30196, 4173.1000,  2, -164.70,  50
 30196, 4173.1000,  2, -57.15,  50
 30196, 4173.1000,  2, -95.19,  50
 30196, 4173.1000,  2, -210.70,  50
 30196, 4173.1000,  2, -87.01,  50
 30536, 4223.6300,  1, -349.46, 35.57999999999993
 30673, 4238.0500,  2, -161.21,  50
 30673, 4238.0500,  2, -123.49,  50
 30673, 4238.0500,  2, -161.01,  50
 30673, 4238.0500,  2, -222.31,  50
 30673, 4238.0500,  2, -192.25,  50
 30673, 4238.0500,  2, -220.87,  50
 30673, 4238.0500,  2, -99.61,  50
 30944, 4281.1800,  1, -157.79, 28.3100000000004
 31120, 4299.7100,  1, -327.68, 46.840000000000146
 31147, 4302.5500,  1, -424.56, 49.68000000000029
 31150, 4302.8700,  2, -202.19,  50
 31150, 4302.8700,  2, -212.39,  50
 31150, 4302.8700,  2, -156.30,  50
 31150, 4302.8700,  2, -140.94,  50
 31150, 4302.8700,  2, -123.03,  50
 31442, 4348.3800,  1, -266.64, 30.520000000000437
 31479, 4352.2700,  1, -315.65, 34.410000000000764
 31549, 4359.6400,  1, -291.95, 41.780000000000655
 31628, 4367.9600,  2, -211.05,  50
 31628, 4367.9600,  2, -129.93,  50
 31628, 4367.9600,  2, -204.56,  50
 31628, 4367.9600,  2, -107.24,  50
 31628, 4367.9600,  2, -119.55,  50
 32028, 4425.5100,  1, -272.81, 41.89000000000033
 32105, 4433.6200,  2, -121.59,  50
 32105, 4433.6200,  2, -117.48,  50
 32105, 4433.6200,  2, -178.52,  50
 32105, 4433.6200,  2, -215.74,  50
 32105, 4433.6200,  2, -248.95,  50
 32105, 4433.6200,  2, -124.04,  50
 32105, 4433.6200,  2, -157.89,  50
 32246, 4462.9100,  1, -150.79, 14.639999999999418
 32582, 4498.2700,  2, -95.22,  50
 32582, 4498.2700,  2, -201.20,  50
 32582, 4498.2700,  2, -148.24,  50
 32582, 4498.2700,  2, -167.02,  50
 32582, 4498.2700,  2, -135.34,  50
 32582, 4498.2700,  2, -180.94,  50
 32582, 4498.2700,  2, -144.31,  50
 32694, 4524.8000,  1, -163.05, 11.570000000000618
 32756, 4531.3300,  1, -271.71, 18.100000000000364
 32850, 4541.2200,  1, -331.28, 27.99000000000069
 32883, 4544.7000,  1, -317.03, 31.470000000000255
 33060, 4563.3300,  2, -197.52,  50
 33060, 4563.3300,  2, -194.12,  50
 33060, 4563.3300,  2, -168.30,  50
 33060, 4563.3300,  2, -204.18,  50
 33298, 4603.1400,  1, -332.44, 24.840000000000146
 33484, 4622.7200,  1, -294.94, 44.42000000000007
 33537, 4628.3000,  2, -153.27,  50
 33537, 4628.3000,  2, -159.67,  50
 33537, 4628.3000,  2, -211.71,  50
 33537, 4628.3000,  2, -243.23,  50
 33537, 4628.3000,  2, -136.28,  50
 33537, 4628.3000,  2, -132.65,  50
 33848, 4675.7900,  1, -331.96, 32.529999999999745
 33848, 4675.7900,  1, -317.68, 32.529999999999745
 33965, 4688.1000,  1, -326.99, 44.840000000000146
 34014, 4693.2600,  2, -184.73,  50
 34014, 4693.2600,  2, -210.81,  50
 34014, 4693.2600,  2, -229.47,  50
 34014, 4693.2600,  2, -164.76,  50
 34014, 4693.2600,  2, -114.28,  50
 34191, 4726.3100,  1, -271.76, 18.420000000000073
 34334, 4741.3700,  1, -342.93, 33.47999999999956
 34390, 4747.2600,  1, -249.87, 39.36999999999989
 34485, 4757.2600,  1, -340.39, 49.36999999999989
 34491, 4757.8900,  2, -131.05,  50
 34491, 4757.8900,  2, -155.48,  50
 34491, 4757.8900,  2, -228.14,  50
 34491, 4757.8900,  2, -130.90,  50
 34776, 4802.6700,  1, -237.75, 29.789999999999964
 34831, 4808.4600,  1, -322.93, 35.57999999999993
 34968, 4822.8800,  2, -133.34,  50
 34968, 4822.8800,  2, -176.16,  50
 34968, 4822.8800,  2, -159.26,  50
 34968, 4822.8800,  2, -165.43,  50
 34968, 4822.8800,  2, -139.56,  50
 34968, 4822.8800,  2, -188.36,  50
 35445, 4887.7200,  2, -171.49,  50
 35445, 4887.7200,  2, -170.76,  50
 35445, 4887.7200,  2, -246.62,  50
 35445, 4887.7200,  2, -175.39,  50
 35445, 4887.7200,  2, -201.07,  50
 35445, 4887.7200,  2, -158.47,  50
 35445, 4887.7200,  2, -225.18,  50
 35445, 4887.7200,  2, -239.65,  50
 35668, 4925.9200,  1, -307.56, 23.26000000000022
 35731, 4932.5500,  1, -242.13, 29.890000000000327
 35862, 4946.3400,  1, -380.35, 43.68000000000029
 35879, 4948.1300,  1, -318.32, 45.470000000000255
 35922, 4952.6600,  2, -171.22,  50
 35922, 4952.6600,  2, -94.31,  50
 35922, 4952.6600,  2, -39.53,  50
 35922, 4952.6600,  2, -193.54,  50
 36132, 4989.3500,  1, -189.13, 21.890000000000327
 36154, 4991.6700,  1, -307.17, 24.210000000000036
 36399, 5017.4600,  2, -129.20,  50
 36399, 5017.4600,  2, -124.28,  50
 36399, 5017.4600,  2, -115.94,  50
 36399, 5017.4600,  2, -164.30,  50
 36399, 5017.4600,  2, -159.80,  50
 36399, 5017.4600,  2, -211.74,  50
 36529, 5045.4600,  1, -237.13, 13.470000000000255
 36876, 5081.9900,  2, -208.20,  50
 36876, 5081.9900,  2, -162.56,  50
 36876, 5081.9900,  2, -126.53,  50
 36876, 5081.9900,  2, -167.98,  50
 36876, 5081.9900,  2, -148.59,  50
 36876, 5081.9900,  2, -163.74,  50
 36876, 5081.9900,  2, -187.76,  50
 37003, 5109.7600,  1, -209.18, 13.159999999999854
 37353, 5146.6000,  2, -177.64,  50
 37353, 5146.6000,  2, -122.57,  50
 37353, 5146.6000,  2, -188.64,  50
 37353, 5146.6000,  2, -224.71,  50
 37353, 5146.6000,  2, -166.95,  50
 37353, 5146.6000,  2, -151.22,  50
 37353, 5146.6000,  2, -221.11,  50
 37643, 5191.5900,  1, -302.51, 30.31999999999971
 37698, 5197.3800,  1, -348.87, 36.10999999999967
 37798, 5207.9100,  1, -364.85, 46.63999999999942
 37830, 5211.2700,  2, -157.33,  50
 37830, 5211.2700,  2, -239.27,  50
 37830, 5211.2700,  2, -185.68,  50
 37830, 5211.2700,  2, -164.16,  50
 37830, 5211.2700,  2, -163.89,  50
 38041, 5248.3000,  1, -223.55, 22.0
 38087, 5253.1400,  1, -216.72, 26.840000000000146
 38307, 5276.3000,  2, -107.26,  50
 38307, 5276.3000,  2, -151.25,  50
 38307, 5276.3000,  2, -188.10,  50
 38307, 5276.3000,  2, -200.38,  50
 38307, 5276.3000,  2, -215.75,  50
 38307, 5276.3000,  2, -154.14,  50
 38550, 5316.6300,  1, -176.39, 25.36999999999989
 38656, 5327.7900,  1, -253.75, 36.529999999999745
 38784, 5341.2600,  2, -182.36,  50
 38784, 5341.2600,  2, -192.70,  50
 38784, 5341.2600,  2, -158.81,  50
 38784, 5341.2600,  2, -84.84,  50
 38784, 5341.2600,  2, -223.15,  50
 38784, 5341.2600,  2, -126.02,  50
 39204, 5399.8700,  1, -355.72, 44.0
 39242, 5403.8700,  1, -354.61, 48.0
 39261, 5405.8700,  2, -131.73,  50
 39261, 5405.8700,  2, -208.34,  50
 39261, 5405.8700,  2, -216.77,  50
 39261, 5405.8700,  2, -194.35,  50
 39261, 5405.8700,  2, -140.96,  50
 39261, 5405.8700,  2, -244.00,  50
 39498, 5446.4100,  1, -262.09, 24.73999999999978
 39591, 5456.2000,  1, -325.35, 34.529999999999745
 39679, 5465.4600,  1, -363.50, 43.789999999999964
 39738, 5471.6700,  2, -225.39,  50
 39738, 5471.6700,  2, -220.39,  50
 39738, 5471.6700,  2, -197.26,  50
 39738, 5471.6700,  1, -378.08, 50.0
 39738, 5471.6700,  2, -128.11,  50
 40202, 5534.8400,  1, -272.33, 48.63000000000011
 40205, 5535.1600,  1, -253.67, 48.94999999999982
 40215, 5536.2100,  2, -123.85,  50
 40215, 5536.2100,  2, -163.89,  50
 40215, 5536.2100,  2, -216.00,  50
 40215, 5536.2100,  2, -138.66,  50
 40215, 5536.2100,  2, -204.78,  50
 40215, 5536.2100,  2, -89.01,  50
 40398, 5570.7500,  1, -270.37, 19.050000000000182
 40403, 5571.2700,  1, -262.95, 19.57000000000062
 40493, 5580.7500,  1, -304.67, 29.050000000000182
 40568, 5588.6400,  1, -358.43, 36.94000000000051
 40692, 5601.7000,  2, -165.18,  50
 40692, 5601.7000,  2, -198.10,  50
 40692, 5601.7000,  2, -208.66,  50
 40692, 5601.7000,  2, -215.23,  50
 41013, 5650.1400,  1, -272.54, 33.57000000000062
 41154, 5664.9900,  1, -325.84, 48.42000000000007
 41159, 5665.5100,  1, -393.81, 48.94000000000051
 41170, 5666.6700,  2, -94.82,  50
 41170, 5666.6700,  2, -193.63,  50
 41170, 5666.6700,  2, 15.18,  50
 41170, 5666.6700,  2, -239.70,  50
 41170, 5666.6700,  2, -187.33,  50
 41414, 5706.8700,  1, -231.58, 25.470000000000255
 41445, 5710.1300,  1, -198.24, 28.730000000000473
 41504, 5716.3400,  1, -300.58, 34.94000000000051
 41648, 5731.5000,  2, -183.82,  50
 41648, 5731.5000,  2, -180.05,  50
 41648, 5731.5000,  2, -165.84,  50
 41648, 5731.5000,  2, -160.56,  50
 41648, 5731.5000,  2, -216.85,  50
 41743, 5756.1600,  1, -167.02, 9.789999999999964
 41890, 5771.6300,  1, -273.18, 25.26000000000022
 41910, 5773.7400,  1, -329.76, 27.36999999999989
 41922, 5775.0000,  1, -326.65, 28.63000000000011
 41936, 5776.4700,  1, -276.95, 30.100000000000364
 41986, 5781.7400,  1, -286.32, 35.36999999999989
 42125, 5796.3700,  2, -199.27,  50
 42125, 5796.3700,  2, -194.31,  50
 42250, 5824.0500,  1, -222.79, 12.949999999999818
 42328, 5832.2600,  1, -268.05, 21.159999999999854
 42442, 5844.2600,  1, -327.27, 33.159999999999854
 42451, 5845.2100,  1, -229.79, 34.10999999999967
 42466, 5846.7900,  1, -269.33, 35.6899999999996
 42542, 5854.7900,  1, -258.66, 43.6899999999996
 42602, 5861.1000,  2, -146.60,  50
 42602, 5861.1000,  2, -185.59,  50
 42835, 5900.4600,  1, -287.96, 24.31999999999971
 42932, 5910.6700,  1, -359.45, 34.529999999999745
 42960, 5913.6200,  1, -209.90, 37.47999999999956
 43025, 5920.4600,  1, -389.53, 44.31999999999971
 43079, 5926.1400,  2, -227.09,  50
 43079, 5926.1400,  2, -221.07,  50
 43079, 5926.1400,  2, -230.06,  50
 43079, 5926.1400,  2, -214.11,  50
 43422, 5976.9200,  1, -370.22, 35.89000000000033
 43524, 5987.6600,  1, -253.00, 46.63000000000011
 43557, 5991.1300,  2, -250.56,  50
 43557, 5991.1300,  2, -130.99,  50
 43557, 5991.1300,  2, -102.39,  50
 43557, 5991.1300,  2, -130.85,  50
 43557, 5991.1300,  2, -199.97,  50
 43557, 5991.1300,  2, -153.55,  50
 43955, 6047.7500,  1, -188.84, 41.6899999999996
 44034, 6056.0600,  2, -126.84,  50
 44034, 6056.0600,  2, -121.53,  50
 44034, 6056.0600,  2, -134.98,  50
 44034, 6056.0600,  2, -99.20,  50
 44034, 6056.0600,  2, -149.95,  50
 44034, 6056.0600,  2, -191.27,  50
 44034, 6056.0600,  2, -144.47,  50
 44199, 6088.7900,  1, -266.80, 17.159999999999854
 44332, 6102.7900,  1, -284.95, 31.159999999999854
 44421, 6112.1600,  1, -207.41, 40.529999999999745
 44435, 6113.6300,  1, -338.28, 42.0
 44442, 6114.3700,  1, -348.69, 42.73999999999978
 44511, 6121.6300,  2, -166.12,  50
 44511, 6121.6300,  2, -250.81,  50
 44511, 6121.6300,  2, -131.69,  50
 44642, 6149.8500,  1, -171.66, 13.570000000000618
 44676, 6153.4300,  1, -224.38, 17.150000000000546
 44777, 6164.0600,  1, -303.03, 27.780000000000655
 44841, 6170.8000,  1, -331.43, 34.52000000000044
 44954, 6182.7000,  1, -349.07, 46.42000000000007
 44989, 6186.3800,  2, -95.69,  50
 44989, 6186.3800,  2, -183.78,  50
 44989, 6186.3800,  2, -217.97,  50
 45397, 6244.8700,  1, -368.53, 42.73999999999978
 45407, 6245.9200,  1, -349.01, 43.789999999999964
 45466, 6252.1300,  2, -190.13,  50
 45466, 6252.1300,  2, -190.80,  50
 45466, 6252.1300,  2, -158.87,  50
 45466, 6252.1300,  2, -228.66,  50
 45466, 6252.1300,  2, -178.22,  50
 45466, 6252.1300,  2, -189.38,  50
 45583, 6279.7900,  1, -270.35, 12.100000000000364
 45764, 6298.8400,  1, -313.27, 31.150000000000546
 45806, 6303.2600,  1, -325.44, 35.57000000000062
 45845, 6307.3700,  1, -330.34, 39.68000000000029
 45855, 6308.4200,  1, -350.72, 40.73000000000047
 45856, 6308.5200,  1, -256.13, 40.83000000000084
 45874, 6310.4200,  1, -369.85, 42.73000000000047
 45897, 6312.8400,  1, -206.58, 45.150000000000546
 46125, 6351.4300,  1, -248.23, 23.780000000000655
 46145, 6353.5400,  1, -239.30, 25.890000000000327
 46188, 6358.0600,  1, -322.87, 30.410000000000764
 46274, 6367.1200,  1, -302.33, 39.470000000000255
 46375, 6377.7500,  2, -197.56,  50
 46375, 6377.7500,  2, -223.79,  50
 46375, 6377.7500,  2, -152.98,  50
 46375, 6377.7500,  2, -90.96,  50
 46475, 6402.8000,  1, -237.76, 10.3100000000004
 46558, 6411.5400,  1, -253.07, 19.050000000000182
 46695, 6425.9600,  1, -337.86, 33.470000000000255
 46754, 6432.1700,  1, -303.25, 39.68000000000029
 46820, 6439.1200,  1, -396.89, 46.63000000000011
 46840, 6441.2200,  1, -382.74, 48.73000000000047
 46852, 6442.4900,  2, -196.82,  50
 46852, 6442.4900,  2, -129.73,  50
 46934, 6466.7700,  1, -166.28, 8.410000000000764
 47040, 6477.9300,  1, -184.91, 19.57000000000062
 47075, 6481.6200,  1, -317.79, 23.26000000000022
 47138, 6488.2500,  1, -296.26, 29.890000000000327
 47170, 6491.6200,  1, -195.21, 33.26000000000022
 47202, 6494.9900,  1, -310.38, 36.63000000000011
 47305, 6505.8300,  1, -248.79, 47.470000000000255
 47330, 6508.4600,  2, -217.67,  50
 47443, 6534.7900,  1, -248.92, 11.6899999999996
 47570, 6548.1600,  1, -295.56, 25.05999999999949
 47612, 6552.5800,  1, -291.49, 29.479999999999563
 47785, 6570.7900,  1, -296.57, 47.6899999999996
 47807, 6573.1000,  2, -226.63,  50
 47807, 6573.1000,  2, -208.79,  50
 47807, 6573.1000,  2, -144.03,  50
 47807, 6573.1000,  2, -164.04,  50
 47977, 6605.6600,  1, -194.41, 17.6899999999996
 48050, 6613.3400,  1, -286.93, 25.36999999999989
 48166, 6625.5500,  1, -343.93, 37.57999999999993
 48176, 6626.6000,  1, -225.81, 38.63000000000011
 48182, 6627.2400,  1, -373.50, 39.26999999999953
 48284, 6637.9700,  2, -138.84,  50
 48284, 6637.9700,  2, -155.59,  50
 48284, 6637.9700,  2, -201.52,  50
 48441, 6668.7400,  1, -192.75, 16.31999999999971
 48458, 6670.5200,  1, -280.27, 18.100000000000364
 48491, 6674.0000,  1, -219.60, 21.579999999999927
 48587, 6684.1000,  1, -261.71, 31.68000000000029
 48620, 6687.5800,  1, -183.47, 35.159999999999854
 48761, 6702.4200,  2, -238.40,  50
 48761, 6702.4200,  2, -173.13,  50
 48761, 6702.4200,  2, -27.64,  50
 49011, 6743.1300,  1, -212.39, 26.109999999999673
 49133, 6755.9700,  1, -201.33, 38.94999999999982
 49238, 6767.0200,  2, -132.20,  50
 49238, 6767.0200,  2, -239.31,  50
 49238, 6767.0200,  2, -199.59,  50
 49238, 6767.0200,  2, -156.48,  50
 49238, 6767.0200,  2, -118.83,  50
 49238, 6767.0200,  2, -109.46,  50
 49358, 6794.2700,  1, -187.44, 12.410000000000764
 49518, 6811.1200,  1, -303.20, 29.26000000000022
 49549, 6814.3800,  1, -330.95, 32.52000000000044
 49582, 6817.8500,  1, -175.85, 35.99000000000069
 49716, 6831.9600,  2, -214.82,  50
 49716, 6831.9600,  2, -203.60,  50
 49716, 6831.9600,  2, -97.05,  50
 49716, 6831.9600,  2, -197.69,  50
 49851, 6860.7500,  1, -257.44, 14.0
 49945, 6870.6400,  1, -248.96, 23.890000000000327
 50021, 6878.6400,  1, -257.40, 31.890000000000327
 50180, 6895.3800,  1, -272.86, 48.63000000000011
 50193, 6896.7500,  2, -203.56,  50
 50193, 6896.7500,  2, -220.34,  50
 50193, 6896.7500,  2, -232.55,  50
 50193, 6896.7500,  2, -121.10,  50
 50301, 6922.7900,  1, -233.95, 11.159999999999854
 50347, 6927.6300,  1, -260.17, 16.0
 50547, 6948.6800,  1, -263.44, 37.05000000000018
 50548, 6948.7900,  1, -298.78, 37.159999999999854
 50572, 6951.3100,  1, -337.18, 39.68000000000029
 50611, 6955.4200,  1, -255.61, 43.789999999999964
 50670, 6961.6300,  2, -90.90,  50
 50670, 6961.6300,  2, -225.36,  50
 50897, 7000.8700,  1, -249.61, 23.6899999999996
 50899, 7001.0800,  1, -276.75, 23.899999999999636
 50970, 7008.5500,  1, -255.16, 31.36999999999989
 51029, 7014.7600,  1, -339.90, 37.57999999999993
 51040, 7015.9200,  1, -235.69, 38.73999999999978
 51050, 7016.9700,  1, -236.46, 39.789999999999964
 51061, 7018.1300,  1, -162.25, 40.94999999999982
 51078, 7019.9200,  1, -310.54, 42.73999999999978
 51232, 7050.6000,  1, -276.12, 16.100000000000364
 51282, 7055.8700,  1, -209.94, 21.36999999999989
 51388, 7067.0200,  1, -269.04, 32.52000000000044
 51407, 7069.0200,  1, -248.97, 34.52000000000044
 51496, 7078.3900,  1, -309.80, 43.89000000000033
 51554, 7084.5000,  2, -232.46,  50
 51554, 7084.5000,  2, -216.99,  50
 51554, 7084.5000,  2, -213.46,  50
 51719, 7116.5600,  1, -280.44, 17.150000000000546
 52021, 7148.3500,  1, -377.48, 48.94000000000051
 52031, 7149.4100,  2, -114.70,  50
 52031, 7149.4100,  2, -238.68,  50
 52031, 7149.4100,  2, -48.02,  50
 52031, 7149.4100,  2, -183.84,  50
 52031, 7149.4100,  2, -165.92,  50
 52031, 7149.4100,  2, -87.78,  50
 52429, 7205.7600,  1, -378.48, 41.68000000000029
 52508, 7214.0800,  2, -102.84,  50
 52508, 7214.0800,  2, -103.04,  50
 52508, 7214.0800,  2, -119.04,  50
 52508, 7214.0800,  2, -223.11,  50
 52508, 7214.0800,  2, -113.44,  50
 52508, 7214.0800,  2, -138.37,  50
 52508, 7214.0800,  2, -201.89,  50
 52711, 7250.0100,  1, -296.67, 21.150000000000546
 52764, 7255.5900,  1, -208.79, 26.730000000000473
 52799, 7259.2700,  1, -332.43, 30.410000000000764
 52845, 7264.1200,  1, -250.41, 35.26000000000022
 52866, 7266.3300,  1, -259.70, 37.470000000000255
 52868, 7266.5400,  1, -337.45, 37.68000000000029
 52919, 7271.9100,  1, -295.61, 43.05000000000018
 52986, 7278.9600,  2, -221.60,  50
 53143, 7311.0000,  1, -253.06, 16.3100000000004
 53170, 7313.8400,  1, -181.68, 19.150000000000546
 53213, 7318.3700,  1, -201.08, 23.68000000000029
 53242, 7321.4200,  1, -308.95, 26.730000000000473
 53345, 7332.2600,  1, -333.87, 37.57000000000062
 53464, 7344.7900,  2, -185.64,  50
 53464, 7344.7900,  2, -94.02,  50
 53464, 7344.7900,  2, -225.81,  50
 53697, 7383.9500,  1, -301.71, 24.31999999999971
 53760, 7390.5800,  1, -334.87, 30.949999999999818
 53819, 7396.7900,  1, -229.86, 37.159999999999854
 53882, 7403.4200,  1, -374.96, 43.789999999999964
 53888, 7404.0500,  1, -299.62, 44.42000000000007
 53941, 7409.6300,  2, -147.61,  50
 53941, 7409.6300,  2, -117.46,  50
 53941, 7409.6300,  2, -243.64,  50
 54271, 7458.9600,  1, -321.93, 34.529999999999745
 54417, 7474.3300,  1, -402.01, 49.899999999999636
 54418, 7474.4300,  2, -149.82,  50
 54418, 7474.4300,  2, -144.64,  50
 54418, 7474.4300,  2, -190.11,  50
 54418, 7474.4300,  2, -213.08,  50
 54418, 7474.4300,  2, -139.17,  50
 54418, 7474.4300,  2, -167.26,  50
 54533, 7500.8700,  1, -244.28, 11.890000000000327
 54554, 7503.0800,  1, -181.46, 14.100000000000364
 54601, 7508.0200,  1, -203.61, 19.040000000000873
 54681, 7516.4500,  1, -330.43, 27.470000000000255
 54728, 7521.3900,  1, -273.40, 32.410000000000764
 54738, 7522.4500,  1, -267.63, 33.470000000000255
 54896, 7539.0800,  2, -97.87,  50
 54896, 7539.0800,  2, -120.04,  50
 55044, 7569.4300,  1, -160.90, 15.360000000000582
 55090, 7574.2700,  1, -273.23, 20.200000000000728
 55109, 7576.2700,  1, -209.71, 22.200000000000728
 55294, 7595.7500,  1, -292.82, 41.68000000000029
 55374, 7604.1700,  2, -165.47,  50
 55374, 7604.1700,  2, -206.22,  50
 55374, 7604.1700,  2, -121.59,  50
 55374, 7604.1700,  2, -170.60,  50
 55447, 7626.1000,  1, -145.37, 7.470000000000255
 55658, 7648.3100,  1, -237.11, 29.68000000000029
 55683, 7650.9500,  1, -217.83, 32.31999999999971
 55761, 7659.1600,  1, -247.77, 40.529999999999745
 55801, 7663.3700,  1, -400.74, 44.73999999999978
 55849, 7668.4200,  1, -302.27, 49.789999999999964
 55851, 7668.6300,  2, -122.31,  50
 55851, 7668.6300,  2, -97.15,  50
 55929, 7691.4600,  1, -189.14, 8.0
 55967, 7695.4600,  1, -188.37, 12.0
 55975, 7696.3000,  1, -255.03, 12.840000000000146
 56187, 7718.6200,  1, -338.17, 35.159999999999854
 56222, 7722.3000,  1, -217.33, 38.840000000000146
 56328, 7733.4600,  2, -178.11,  50
 56328, 7733.4600,  2, -133.13,  50
 56328, 7733.4600,  2, -65.99,  50
 56437, 7759.2900,  1, -218.48, 11.269999999999527
 56474, 7763.1800,  1, -181.49, 15.159999999999854
 56497, 7765.6000,  1, -273.84, 17.579999999999927
 56516, 7767.6000,  1, -197.18, 19.579999999999927
 56532, 7769.2900,  1, -269.67, 21.269999999999527
 56619, 7778.4500,  1, -239.18, 30.42999999999938
 56678, 7784.6600,  1, -349.94, 36.63999999999942
 56775, 7794.8700,  1, -355.75, 46.849999999999454
 56916, 7824.3800,  1, -194.61, 14.739999999999782
 57026, 7835.9600,  1, -296.24, 26.31999999999971
 57134, 7847.3300,  1, -285.75, 37.6899999999996
 57134, 7847.3300,  1, -324.98, 37.6899999999996
 57251, 7859.6400,  2, -55.03,  50
 57251, 7859.6400,  2, -84.51,  50
 57251, 7859.6400,  2, -102.66,  50
 57251, 7859.6400,  2, -144.70,  50
 57316, 7880.9100,  1, -179.74, 6.630000000000109
 57430, 7892.9100,  1, -205.71, 18.63000000000011
 57560, 7906.5900,  1, -323.27, 32.3100000000004
 57611, 7911.9600,  1, -339.48, 37.68000000000029
 57729, 7924.3800,  2, -108.13,  50
 57729, 7924.3800,  2, -170.77,  50
 57729, 7924.3800,  2, -143.07,  50
 57729, 7924.3800,  2, -128.97,  50
 57836, 7950.1600,  1, -248.29, 11.050000000000182
 57867, 7953.4200,  1, -192.38, 14.3100000000004
 57974, 7964.6800,  1, -169.78, 25.57000000000062
 58139, 7982.0500,  1, -278.60, 42.94000000000051
 58154, 7983.6300,  1, -200.58, 44.52000000000044
 58182, 7986.5800,  1, -398.28, 47.470000000000255
 58207, 7989.2100,  2, -212.28,  50
 58207, 7989.2100,  2, -194.35,  50
 58350, 8018.8700,  1, -191.40, 14.840000000000146
 58406, 8024.7600,  1, -236.42, 20.730000000000473
 58626, 8047.9200,  1, -324.42, 43.89000000000033
 58685, 8054.1300,  2, -223.52,  50
 58685, 8054.1300,  2, -139.04,  50
 58685, 8054.1300,  2, -146.63,  50
 58685, 8054.1300,  2, -265.33,  50
 58685, 8054.1300,  2, -194.11,  50
 58733, 8073.8100,  1, -190.33, 4.830000000000837
 58801, 8080.9700,  1, -183.62, 11.990000000000691
 58837, 8084.7600,  1, -263.15, 15.780000000000655
 58837, 8084.7600,  1, -236.11, 15.780000000000655
 58924, 8093.9200,  1, -197.82, 24.94000000000051
 58926, 8094.1300,  1, -254.97, 25.150000000000546
 58982, 8100.0200,  1, -249.42, 31.040000000000873
 59114, 8113.9200,  1, -258.75, 44.94000000000051
 59147, 8132.0600,  1, -185.81, 3.2600000000002183
 59201, 8137.7500,  1, -179.21, 8.949999999999818
 59249, 8142.8000,  1, -242.09, 14.0
 59432, 8162.0600,  1, -338.97, 33.26000000000022
 59463, 8165.3300,  1, -309.92, 36.529999999999745
 59475, 8166.5900,  1, -282.79, 37.789999999999964
 59591, 8178.8000,  2, -143.58,  50
 59591, 8178.8000,  2, -189.49,  50
 59663, 8200.5300,  1, -205.10, 7.150000000001455
 59778, 8212.2900,  1, -265.19, 18.910000000001673
 59856, 8220.2700,  1, -216.74, 26.890000000001237
 59868, 8221.5000,  1, -162.18, 28.1200000000008
 60082, 8243.3900,  2, -118.21,  50
 60082, 8243.3900,  2, -184.65,  50
 60082, 8243.3900,  2, -138.35,  50
 60082, 8243.3900,  2, -225.76,  50
 60233, 8274.2500,  1, -218.99, 15.239999999999782
 60246, 8275.5800,  1, -262.84, 16.56999999999971
 60392, 8290.5100,  1, -373.66, 31.5
 60573, 8309.0200,  2, -102.83,  50
 60573, 8309.0200,  2, -78.04,  50
 60573, 8309.0200,  2, -125.09,  50
 60573, 8309.0200,  2, -206.82,  50
 60573, 8309.0200,  2, -251.26,  50
 60698, 8336.2700,  1, -148.53, 12.579999999999927
 60853, 8352.1200,  1, -244.51, 28.43000000000029
 60853, 8352.1200,  1, -314.93, 28.43000000000029
 60880, 8354.8900,  1, -275.02, 31.19999999999891
 60926, 8359.5900,  1, -245.30, 35.899999999999636
 60972, 8364.2900,  1, -365.72, 40.600000000000364
 61064, 8373.7000,  2, -108.05,  50
 61064, 8373.7000,  2, -169.97,  50
 61186, 8400.9000,  1, -263.12, 12.279999999998836
 61253, 8407.7500,  1, -199.39, 19.1299999999992
 61282, 8410.7200,  1, -254.42, 22.099999999998545
 61333, 8415.9300,  1, -296.52, 27.30999999999949
 61531, 8436.1800,  1, -243.87, 47.55999999999949
 61542, 8437.3100,  1, -386.42, 48.68999999999869
 61555, 8438.6400,  2, -186.57,  50
 61555, 8438.6400,  2, -209.06,  50
 61731, 8472.0600,  1, -181.68, 17.799999999999272
 61762, 8475.2300,  1, -301.48, 20.969999999999345
 61819, 8481.0600,  1, -258.78, 26.799999999999272
 61895, 8488.8300,  1, -300.24, 34.56999999999971
 62046, 8504.2700,  2, -180.35,  50
 62046, 8504.2700,  2, -83.26,  50
 62046, 8504.2700,  2, -186.65,  50
 62046, 8504.2700,  2, -172.52,  50
 62163, 8530.6500,  1, -260.61, 11.760000000000218
 62173, 8531.6700,  1, -210.44, 12.780000000000655
 62190, 8533.4100,  1, -269.02, 14.520000000000437
 62236, 8538.1100,  1, -147.78, 19.220000000001164
 62286, 8543.2300,  1, -268.76, 24.340000000000146
 62326, 8547.3200,  1, -214.86, 28.43000000000029
 62337, 8548.4400,  1, -197.07, 29.55000000000109
 62537, 8568.9000,  2, -211.01,  50
 62650, 8595.1800,  1, -173.71, 11.350000000000364
 62670, 8597.2300,  1, -233.20, 13.399999999999636
 62686, 8598.8600,  1, -168.49, 15.030000000000655
 62795, 8610.0100,  1, -177.48, 26.18000000000029
 62855, 8616.1500,  1, -228.15, 32.31999999999971
 62877, 8618.4000,  1, -357.06, 34.56999999999971
 62965, 8627.4000,  1, -379.67, 43.56999999999971
 62986, 8629.5400,  1, -294.03, 45.710000000000946
 63185, 8664.5400,  1, -307.74, 20.140000000001237
 63276, 8673.8500,  1, -313.52, 29.450000000000728
 63296, 8675.9000,  1, -297.78, 31.5
 63396, 8686.1200,  1, -344.01, 41.720000000001164
 63477, 8694.4100,  2, -165.45,  50
 63477, 8694.4100,  2, -136.90,  50
 63477, 8694.4100,  2, -141.11,  50
 63477, 8694.4100,  2, -148.29,  50
 63504, 8711.8200,  1, -157.33, 2.5599999999994907
 63796, 8741.6800,  1, -360.77, 32.42000000000007
 63832, 8745.3600,  1, -280.24, 36.100000000000364
 63833, 8745.4700,  1, -218.15, 36.20999999999913
 63837, 8745.8700,  1, -324.34, 36.61000000000058
 63968, 8759.2700,  2, -166.57,  50
 63968, 8759.2700,  2, -99.48,  50
 63968, 8759.2700,  2, -213.80,  50
 64208, 8798.1700,  1, -338.39, 24.340000000000146
 64338, 8811.4700,  1, -395.55, 37.63999999999942
 64377, 8815.4500,  1, -211.23, 41.6200000000008
 64416, 8819.4400,  1, -277.68, 45.61000000000058
 64459, 8823.8400,  2, -183.78,  50
 64459, 8823.8400,  2, -251.52,  50
 64459, 8823.8400,  2, -159.47,  50
 64459, 8823.8400,  2, -196.61,  50
 64593, 8851.9000,  1, -256.60, 13.5
 64594, 8852.0000,  1, -234.90, 13.600000000000364
 64655, 8858.2400,  1, -286.13, 19.840000000000146
 64668, 8859.5700,  1, -269.17, 21.170000000000073
 64819, 8875.0100,  1, -351.31, 36.61000000000058
 64950, 8888.4100,  2, -210.94,  50
 64950, 8888.4100,  2, -263.45,  50
 64950, 8888.4100,  2, -256.56,  50
 65089, 8917.0700,  1, -247.49, 14.010000000000218
 65156, 8923.9200,  1, -201.34, 20.860000000000582
 65159, 8924.2300,  1, -230.60, 21.170000000000073
 65279, 8936.5000,  1, -337.98, 33.44000000000051
 65441, 8953.0700,  2, -199.21,  50
 65441, 8953.0700,  2, -140.08,  50
 65441, 8953.0700,  2, -179.43,  50
 65441, 8953.0700,  2, -275.94,  50
 65618, 8985.5600,  1, -223.49, 17.899999999999636
 65619, 8985.6600,  1, -280.22, 18.0
 65624, 8986.1700,  1, -293.51, 18.51000000000022
 65630, 8986.7800,  1, -240.48, 19.1200000000008
 65664, 8990.2600,  1, -182.75, 22.600000000000364
 65681, 8992.0000,  1, -326.53, 24.340000000000146
 65791, 9003.2500,  1, -218.90, 35.590000000000146
 65932, 9017.6700,  2, -194.59,  50
 66201, 9059.6000,  1, -244.45, 27.30999999999949
 66242, 9063.7900,  1, -326.23, 31.5
 66242, 9063.7900,  1, -308.59, 31.5
 66351, 9074.9400,  1, -352.26, 42.649999999999636
 66422, 9082.2000,  1, -380.30, 49.909999999999854
 66423, 9082.3100,  2, -238.39,  50
 66423, 9082.3100,  2, -192.53,  50
 66423, 9082.3100,  2, -107.88,  50
 66683, 9123.6200,  1, -320.24, 26.38000000000102
 66730, 9128.4300,  1, -222.97, 31.19000000000051
 66803, 9135.9000,  1, -371.44, 38.659999999999854
 66825, 9138.1500,  1, -263.37, 40.909999999999854
 66863, 9142.0300,  1, -376.33, 44.79000000000087
 66914, 9147.2500,  2, -241.22,  50
 66914, 9147.2500,  2, -31.70,  50
 66914, 9147.2500,  2, -185.27,  50
 67028, 9173.2200,  1, -160.73, 11.459999999999127
 67044, 9174.8500,  1, -213.95, 13.090000000000146
 67123, 9182.9300,  1, -306.65, 21.170000000000073
 67183, 9189.0700,  1, -232.77, 27.30999999999949
 67251, 9196.0200,  1, -246.01, 34.26000000000022
 67318, 9202.8700,  1, -208.03, 41.11000000000058
 67394, 9210.6500,  1, -411.34, 48.88999999999942
 67405, 9211.7700,  2, -235.55,  50
 67545, 9240.3500,  1, -255.02, 14.110000000000582
 67550, 9240.8600,  1, -229.04, 14.6200000000008
 67572, 9243.1100,  1, -240.68, 16.8700000000008
 67581, 9244.0300,  1, -168.27, 17.790000000000873
 67604, 9246.3900,  1, -272.48, 20.149999999999636
 67725, 9258.7600,  1, -363.95, 32.52000000000044
 67725, 9258.7600,  1, -373.97, 32.52000000000044
 67852, 9271.7500,  1, -337.16, 45.51000000000022
 67973, 9298.7600,  1, -185.12, 12.170000000000073
 68102, 9311.9500,  1, -328.52, 25.360000000000582
 68172, 9319.1100,  1, -389.40, 32.52000000000044
 68231, 9325.1500,  1, -364.74, 38.55999999999949
 68250, 9327.0900,  1, -266.26, 40.5
 68343, 9336.6000,  2, -157.84,  50
 68343, 9336.6000,  2, -228.03,  50
 68343, 9336.6000,  2, -167.54,  50
 68643, 9381.6500,  1, -160.08, 30.479999999999563
 68733, 9390.8500,  1, -319.78, 39.68000000000029
 68752, 9392.7900,  1, -366.94, 41.6200000000008
 68802, 9397.9100,  1, -413.61, 46.73999999999978
 68827, 9400.4700,  1, -271.72, 49.29999999999927
 68834, 9401.1800,  2, -258.44,  50
 68834, 9401.1800,  2, -189.49,  50
 68834, 9401.1800,  2, -263.38,  50
 68936, 9426.1600,  1, -212.08, 10.229999999999563
 69071, 9439.9700,  1, -214.61, 24.039999999999054
 69074, 9440.2700,  1, -330.06, 24.340000000000146
 69164, 9449.4800,  1, -315.03, 33.54999999999927
 69214, 9454.5900,  1, -324.60, 38.659999999999854
 69214, 9454.5900,  1, -324.05, 38.659999999999854
 69325, 9465.9400,  2, -241.42,  50
 69325, 9465.9400,  2, -137.11,  50
 69540, 9502.4800,  1, -322.19, 21.789999999999054
 69543, 9502.7800,  1, -276.25, 22.090000000000146
 69614, 9510.0400,  1, -286.89, 29.350000000000364
 69632, 9511.8900,  1, -342.84, 31.19999999999891
 69713, 9520.1700,  1, -195.54, 39.47999999999956
 69721, 9520.9900,  1, -295.01, 40.29999999999927
 69816, 9530.7000,  2, -191.95,  50
 69816, 9530.7000,  2, -242.64,  50
 69965, 9561.4500,  1, -283.75, 15.030000000000655
 70055, 9570.6600,  1, -296.09, 24.23999999999978
 70056, 9570.7600,  1, -315.21, 24.340000000000146
 70074, 9572.6000,  1, -260.11, 26.18000000000029
 70146, 9579.9700,  1, -212.96, 33.54999999999927
 70300, 9595.7200,  1, -434.73, 49.29999999999927
 70307, 9596.4300,  2, -228.71,  50
 70307, 9596.4300,  2, -188.76,  50
 70436, 9624.0900,  1, -147.93, 12.989999999999782
 70480, 9628.5900,  1, -282.97, 17.48999999999978
 70523, 9632.9900,  1, -292.89, 21.889999999999418
 70727, 9653.8500,  1, -418.86, 42.75
 70747, 9655.9000,  1, -397.08, 44.79999999999927
 70798, 9661.1100,  2, 3.51,  50
 70798, 9661.1100,  2, -188.96,  50
 70798, 9661.1100,  2, -128.79,  50
 71017, 9698.2800,  1, -293.24, 22.19000000000051
 71027, 9699.3100,  1, -301.72, 23.219999999999345
 71071, 9703.8100,  1, -202.21, 27.719999999999345
 71194, 9716.3900,  1, -301.56, 40.29999999999927
 71228, 9719.8600,  1, -382.03, 43.77000000000044
 71289, 9726.1000,  2, -112.06,  50
 71289, 9726.1000,  2, -126.74,  50
 71289, 9726.1000,  2, -238.22,  50
 71418, 9754.0400,  1, -195.87, 12.980000000001382
 71443, 9756.6000,  1, -254.32, 15.540000000000873
 71449, 9757.2200,  1, -210.04, 16.159999999999854
 71490, 9761.4100,  1, -198.88, 20.350000000000364
 71501, 9762.5300,  1, -150.28, 21.470000000001164
 71519, 9764.3700,  1, -308.91, 23.31000000000131
 71706, 9783.5000,  1, -372.92, 42.44000000000051
 71729, 9785.8500,  1, -271.17, 44.79000000000087
 71917, 9819.8100,  1, -190.08, 19.1299999999992
 71965, 9824.7200,  1, -326.56, 24.039999999999054
 72148, 9843.4300,  1, -261.08, 42.75
 72219, 9850.6900,  2, -174.13,  50
 72219, 9850.6900,  2, -171.64,  50
 72219, 9850.6900,  2, -297.54,  50
 72219, 9850.6900,  2, -235.45,  50
 72219, 9850.6900,  2, -192.76,  50
 72398, 9884.5400,  1, -270.89, 18.100000000000364
 72439, 9888.7400,  1, -193.74, 22.299999999999272
 72511, 9896.1000,  1, -283.14, 29.659999999999854
 72579, 9903.0600,  1, -371.08, 36.61999999999898
 72710, 9916.4500,  2, -200.64,  50
 72710, 9916.4500,  2, -214.09,  50
 72710, 9916.4500,  2, -37.63,  50
 72710, 9916.4500,  2, -125.28,  50
 72990, 9959.4700,  1, -250.61, 28.43999999999869
 73000, 9960.4900,  1, -324.16, 29.459999999999127
 73009, 9961.4100,  1, -314.18, 30.3799999999992
 73010, 9961.5100,  1, -347.20, 30.479999999999563
 73201, 9981.0400,  2, -147.95,  50
 73201, 9981.0400,  2, -80.23,  50
 73201, 9981.0400,  2, -205.41,  50
 73201, 9981.0400,  2, -153.08,  50
 73329, 10009.5000,  1, -207.13, 12.889999999999418
 73531, 10030.1600,  1, -227.46, 33.54999999999927
 73586, 10035.7800,  1, -332.61, 39.17000000000007
 73681, 10045.5000,  1, -372.47, 48.88999999999942
 73681, 10045.5000,  1, -416.27, 48.88999999999942
 73692, 10046.6200,  2, -275.63,  50
 73692, 10046.6200,  2, -285.69,  50
 73692, 10046.6200,  2, -210.96,  50
 73875, 10079.7600,  1, -254.36, 18.51000000000022
 73897, 10082.0100,  1, -276.95, 20.76000000000022
 74024, 10095.0000,  1, -234.70, 33.75
 74101, 10102.8700,  1, -320.10, 41.6200000000008
 74183, 10111.2600,  2, -132.32,  50
 74183, 10111.2600,  2, -254.60,  50
 74183, 10111.2600,  2, -236.65,  50
 74183, 10111.2600,  2, -266.96,  50
 74293, 10136.9000,  1, -163.88, 11.049999999999272
 74422, 10150.0900,  1, -314.87, 24.23999999999978
 74474, 10155.4100,  1, -240.14, 29.55999999999949
 74483, 10156.3300,  1, -337.40, 30.479999999999563
 74553, 10163.4900,  1, -380.33, 37.63999999999942
 74674, 10175.8600,  2, -195.93,  50
 74674, 10175.8600,  2, -232.80,  50
 74674, 10175.8600,  2, -98.46,  50
 75004, 10223.9200,  1, -337.59, 33.54999999999927
 75064, 10230.0600,  1, -383.71, 39.68999999999869
 75165, 10240.3900,  2, -228.90,  50
 75165, 10240.3900,  2, -71.50,  50
 75165, 10240.3900,  2, -182.48,  50
 75165, 10240.3900,  2, -197.86,  50
 75165, 10240.3900,  2, -212.12,  50
 75165, 10240.3900,  2, -158.95,  50
 75448, 10283.7900,  1, -284.71, 28.730000000001382
 75450, 10284.0000,  1, -302.37, 28.94000000000051
 75485, 10287.5800,  1, -362.33, 32.52000000000044
 75505, 10289.6200,  1, -284.76, 34.56000000000131
 75537, 10292.9000,  1, -297.09, 37.840000000000146
 75656, 10305.0700,  2, -143.82,  50
 75656, 10305.0700,  2, -247.79,  50
 75656, 10305.0700,  2, -242.02,  50
 75913, 10346.5800,  1, -316.54, 26.079999999999927
 75976, 10353.0200,  1, -339.81, 32.52000000000044
 76056, 10361.2000,  1, -447.83, 40.70000000000073
 76119, 10367.6500,  1, -369.10, 47.149999999999636
 76147, 10370.5100,  2, -154.74,  50
 76147, 10370.5100,  2, -90.13,  50
 76147, 10370.5100,  2, -318.15,  50
 76147, 10370.5100,  2, -147.08,  50
 76226, 10393.3500,  1, -209.11, 7.8700000000008
 76507, 10422.0900,  1, -351.69, 36.61000000000058
 76537, 10425.1600,  1, -339.69, 39.68000000000029
 76624, 10434.0600,  1, -303.52, 48.57999999999993
 76627, 10434.3600,  1, -369.54, 48.88000000000102
 76638, 10435.4900,  2, -211.24,  50
 76638, 10435.4900,  2, -203.46,  50
 76638, 10435.4900,  2, -220.51,  50
 76799, 10466.2900,  1, -240.89, 16.26000000000022
 76852, 10471.7200,  1, -203.46, 21.68999999999869
 76906, 10477.2400,  1, -289.47, 27.209999999999127
 76913, 10477.9500,  1, -242.14, 27.920000000000073
 77034, 10490.3300,  1, -287.76, 40.29999999999927
 77129, 10500.0400,  2, -181.56,  50
 77129, 10500.0400,  2, -189.75,  50
 77129, 10500.0400,  2, -176.79,  50
 77500, 10552.4100,  1, -217.02, 37.73999999999978
 77559, 10558.4400,  1, -410.17, 43.77000000000044
 77579, 10560.4900,  1, -386.17, 45.81999999999971
 77620, 10564.6800,  2, -190.44,  50
 77620, 10564.6800,  2, -150.27,  50
 77620, 10564.6800,  2, -152.10,  50
 77620, 10564.6800,  2, -216.90,  50
 77620, 10564.6800,  2, -204.13,  50
 77769, 10594.5000,  1, -218.68, 15.030000000000655
 77807, 10598.3900,  1, -233.85, 18.920000000000073
 78059, 10624.1600,  1, -400.29, 44.69000000000051
 78100, 10628.3500,  1, -379.75, 48.88000000000102
 78111, 10629.4800,  2, -133.40,  50
 78111, 10629.4800,  2, -114.78,  50
 78111, 10629.4800,  2, -143.31,  50
 78111, 10629.4800,  2, -282.85,  50
 78330, 10666.2600,  1, -289.02, 22.19000000000051
 78331, 10666.3600,  1, -278.28, 22.290000000000873
 78360, 10669.3300,  1, -326.29, 25.26000000000022
 78430, 10676.4900,  1, -337.19, 32.42000000000007
 78506, 10684.2600,  1, -290.05, 40.19000000000051
 78513, 10684.9800,  1, -213.80, 40.909999999999854
 78602, 10694.0800,  2, -238.08,  50
 78602, 10694.0800,  2, -134.59,  50
 78755, 10724.0700,  1, -216.61, 15.44000000000051
 78811, 10729.7900,  1, -288.01, 21.160000000001673
 78883, 10737.1600,  1, -266.16, 28.530000000000655
 78993, 10748.4100,  1, -320.78, 39.780000000000655
 79093, 10758.6400,  2, -161.86,  50
 79093, 10758.6400,  2, -231.03,  50
 79093, 10758.6400,  2, -258.96,  50
 79093, 10758.6400,  2, -222.03,  50
 79123, 10776.0900,  1, -167.60, 2.860000000000582
 79242, 10788.2600,  1, -265.43, 15.030000000000655
 79283, 10792.4500,  1, -285.84, 19.220000000001164
 79319, 10796.1400,  1, -247.60, 22.909999999999854
 79461, 10810.6600,  1, -293.18, 37.43000000000029
 79584, 10823.2400,  2, -220.59,  50
 79584, 10823.2400,  2, -272.77,  50
 79584, 10823.2400,  2, -148.03,  50
 79806, 10860.3500,  1, -246.32, 22.5
 80040, 10884.2800,  1, -260.36, 46.43000000000029
 80054, 10885.7200,  1, -351.54, 47.86999999999898
 80075, 10887.8600,  2, -165.70,  50
 80075, 10887.8600,  2, -218.82,  50
 80075, 10887.8600,  2, -157.24,  50
 80075, 10887.8600,  2, -159.12,  50
 80075, 10887.8600,  2, -210.07,  50
 80343, 10929.6100,  1, -197.73, 27.200000000000728
 80373, 10932.6800,  1, -315.20, 30.270000000000437
 80375, 10932.8900,  1, -292.35, 30.479999999999563
 80464, 10941.9900,  1, -333.43, 39.57999999999993
 80566, 10952.4200,  2, -190.57,  50
 80566, 10952.4200,  2, -179.54,  50
 80566, 10952.4200,  2, -93.97,  50
 80566, 10952.4200,  2, -224.87,  50
 80795, 10990.4400,  1, -233.15, 23.210000000000946
 81006, 11012.0200,  1, -306.21, 44.79000000000087
 81057, 11017.2400,  2, -169.26,  50
 81057, 11017.2400,  2, -209.45,  50
 81057, 11017.2400,  2, -240.09,  50
 81057, 11017.2400,  2, -125.46,  50
 81057, 11017.2400,  2, -173.72,  50
 81057, 11017.2400,  2, -173.30,  50
 81165, 11042.6400,  1, -167.99, 10.840000000000146
 81513, 11078.2300,  1, -348.14, 46.43000000000029
 81548, 11081.8100,  2, -174.49,  50
 81548, 11081.8100,  2, -159.68,  50
 81548, 11081.8100,  2, -148.42,  50
 81548, 11081.8100,  2, -139.73,  50
 81548, 11081.8100,  2, -102.69,  50
 81548, 11081.8100,  2, -141.90,  50
 81757, 11118.5700,  1, -207.27, 21.170000000000073
 82039, 11147.4100,  2, -172.89,  50
 82039, 11147.4100,  2, -147.95,  50
 82039, 11147.4100,  2, -191.25,  50
 82039, 11147.4100,  2, -192.46,  50
 82039, 11147.4100,  2, -99.88,  50
 82039, 11147.4100,  2, -220.86,  50
 82039, 11147.4100,  2, -157.15,  50
 82530, 11212.1200,  2, -115.97,  50
 82530, 11212.1200,  2, -168.49,  50
 82530, 11212.1200,  2, -180.75,  50
 82530, 11212.1200,  2, -141.98,  50
 82530, 11212.1200,  2, -160.16,  50
 82530, 11212.1200,  2, -156.99,  50
 82530, 11212.1200,  2, -174.08,  50
 82530, 11212.1200,  2, -197.02,  50
 82583, 11232.2400,  1, -190.93, 5.219999999999345
 82701, 11244.3100,  1, -238.04, 17.289999999999054
 82755, 11249.8300,  1, -198.69, 22.80999999999949
 82825, 11256.9900,  1, -294.47, 29.969999999999345
 83021, 11277.0300,  2, -153.86,  50
 83021, 11277.0300,  2, -148.34,  50
 83021, 11277.0300,  2, -161.96,  50
 83021, 11277.0300,  2, -112.01,  50
 83072, 11296.6900,  1, -149.20, 5.010000000000218
 83512, 11341.6900,  2, -166.34,  50
 83512, 11341.6900,  2, -122.93,  50
 83512, 11341.6900,  2, -186.64,  50
 83512, 11341.6900,  2, -166.66,  50
 83512, 11341.6900,  2, -153.17,  50
 83512, 11341.6900,  2, -173.04,  50
 83512, 11341.6900,  2, -117.25,  50
 83562, 11362.1900,  1, -171.24, 4.9099999999998545
 84003, 11407.2900,  2, -175.76,  50
 84003, 11407.2900,  2, -190.90,  50
 84003, 11407.2900,  2, -177.43,  50
 84003, 11407.2900,  2, -161.70,  50
 84003, 11407.2900,  2, -144.95,  50
 84003, 11407.2900,  2, -155.08,  50
 84003, 11407.2900,  2, -148.35,  50
 84494, 11472.0100,  2, -194.90,  50
 84494, 11472.0100,  2, -180.94,  50
 84494, 11472.0100,  2, -148.15,  50
 84494, 11472.0100,  2, -123.63,  50
 84494, 11472.0100,  2, -152.23,  50
 84494, 11472.0100,  2, -156.34,  50
 84494, 11472.0100,  2, -161.44,  50
 84494, 11472.0100,  2, -158.08,  50
 84552, 11492.3400,  1, -182.07, 5.729999999999563
 84985, 11536.6200,  2, -195.07,  50
 84985, 11536.6200,  2, -161.62,  50
 84985, 11536.6200,  2, -137.25,  50
 84985, 11536.6200,  2, -172.95,  50
 84985, 11536.6200,  2, -175.57,  50
 84985, 11536.6200,  2, -180.03,  50
 84985, 11536.6200,  2, -163.74,  50
 85047, 11558.3700,  1, -175.59, 6.130000000001019
 85476, 11602.2500,  2, -150.58,  50
 85476, 11602.2500,  2, -163.07,  50
 85476, 11602.2500,  2, -170.13,  50
 85476, 11602.2500,  2, -195.40,  50
 85476, 11602.2500,  2, -189.25,  50
 85476, 11602.2500,  2, -159.89,  50
 85476, 11602.2500,  2, -130.56,  50
 85967, 11666.7800,  2, -204.94,  50
 85967, 11666.7800,  2, -198.38,  50
 85967, 11666.7800,  2, -181.89,  50
 85967, 11666.7800,  2, -170.99,  50
 85967, 11666.7800,  2, -194.87,  50
 85967, 11666.7800,  2, -182.49,  50
 85967, 11666.7800,  2, -205.76,  50
 85967, 11666.7800,  2, -195.60,  50
 86037, 11688.3500,  1, -189.15, 6.950000000000728
 86371, 11722.5100,  1, -300.09, 41.11000000000058
 86458, 11731.4100,  2, -198.63,  50
 86458, 11731.4100,  2, -166.86,  50
 86458, 11731.4100,  2, -147.16,  50
 86458, 11731.4100,  2, -202.03,  50
 86458, 11731.4100,  2, -321.86,  50
 86458, 11731.4100,  2, -170.46,  50
 86501, 11750.2800,  1, -158.72, 4.190000000000509
 86627, 11763.1700,  1, -234.64, 17.079999999999927
 86949, 11796.1000,  2, -191.80,  50
 86949, 11796.1000,  2, -117.57,  50
 86949, 11796.1000,  2, -181.95,  50
 86949, 11796.1000,  2, -176.13,  50
 86949, 11796.1000,  2, -152.60,  50
 86949, 11796.1000,  2, -145.05,  50
 87440, 11861.0300,  2, -141.12,  50
 87440, 11861.0300,  2, -210.43,  50
 87440, 11861.0300,  2, -160.25,  50
 87440, 11861.0300,  2, -180.93,  50
 87440, 11861.0300,  2, -157.18,  50
 87440, 11861.0300,  2, -177.86,  50
 87440, 11861.0300,  2, -148.64,  50
 87440, 11861.0300,  2, -144.16,  50
 87737, 11905.8200,  1, -254.09, 30.170000000000073
 87931, 11925.6600,  2, -162.41,  50
 87931, 11925.6600,  2, -182.87,  50
 87931, 11925.6600,  2, -186.44,  50
 87931, 11925.6600,  2, -157.86,  50
 87931, 11925.6600,  2, -158.04,  50
 87931, 11925.6600,  2, -159.18,  50
 87931, 11925.6600,  2, -175.06,  50
 88219, 11969.7300,  1, -262.23, 29.25
 88329, 11980.9800,  1, -260.38, 40.5
 88422, 11990.4900,  2, -133.49,  50
 88422, 11990.4900,  2, -143.73,  50
 88422, 11990.4900,  2, -157.87,  50
 88422, 11990.4900,  2, -206.03,  50
 88422, 11990.4900,  2, -81.75,  50
 88422, 11990.4900,  2, -142.85,  50
 88814, 12045.0900,  1, -292.12, 39.88999999999942
 88913, 12055.2200,  2, -165.77,  50
 88913, 12055.2200,  2, -121.70,  50
 88913, 12055.2200,  2, -185.36,  50
 88913, 12055.2200,  2, -145.22,  50
 88913, 12055.2200,  2, -127.04,  50
 88913, 12055.2200,  2, -180.76,  50
 88913, 12055.2200,  2, -215.46,  50
 89391, 12118.5000,  1, -260.75, 48.68000000000029
 89404, 12119.8300,  2, -166.50,  50
 89404, 12119.8300,  2, -142.94,  50
 89404, 12119.8300,  2, -229.10,  50
 89404, 12119.8300,  2, -179.38,  50
 89404, 12119.8300,  2, -160.98,  50
 89404, 12119.8300,  2, -98.70,  50
 89404, 12119.8300,  2, -169.73,  50
 89639, 12158.2300,  1, -197.89, 23.829999999999927
 89895, 12184.4100,  2, -146.12,  50
 89895, 12184.4100,  2, -151.02,  50
 89895, 12184.4100,  2, -184.74,  50
 89895, 12184.4100,  2, -182.23,  50
 89895, 12184.4100,  2, -147.36,  50
 89895, 12184.4100,  2, -133.97,  50
 89895, 12184.4100,  2, -170.53,  50
 89982, 12207.6900,  1, -196.83, 8.69000000000051
 90349, 12245.2300,  1, -295.83, 46.22999999999956
 90386, 12249.0100,  2, -172.73,  50
 90386, 12249.0100,  2, -149.75,  50
 90386, 12249.0100,  2, -109.92,  50
 90386, 12249.0100,  2, -128.06,  50
 90386, 12249.0100,  2, -201.63,  50
 90386, 12249.0100,  2, -166.99,  50
 90567, 12281.9000,  1, -240.80, 18.30999999999949
 90877, 12313.6000,  2, -161.77,  50
 90877, 12313.6000,  2, -179.31,  50
 90877, 12313.6000,  2, -117.38,  50
 90877, 12313.6000,  2, -174.29,  50
 90877, 12313.6000,  2, -157.05,  50
 90877, 12313.6000,  2, -160.28,  50
 90877, 12313.6000,  2, -139.05,  50
 91368, 12378.2800,  2, -135.61,  50
 91368, 12378.2800,  2, -169.29,  50
 91368, 12378.2800,  2, -206.54,  50
 91368, 12378.2800,  2, -153.66,  50
 91368, 12378.2800,  2, -140.65,  50
 91368, 12378.2800,  2, -129.52,  50
 91368, 12378.2800,  2, -155.34,  50
 91368, 12378.2800,  2, -101.62,  50
 91519, 12408.3200,  1, -198.93, 15.239999999999782
 91859, 12443.0900,  2, -140.99,  50
 91859, 12443.0900,  2, -162.94,  50
 91859, 12443.0900,  2, -145.55,  50
 91859, 12443.0900,  2, -150.67,  50
 91859, 12443.0900,  2, -176.50,  50
 91859, 12443.0900,  2, -162.43,  50
 91859, 12443.0900,  2, -124.70,  50
 92350, 12507.6600,  2, -171.93,  50
 92350, 12507.6600,  2, -166.57,  50
 92350, 12507.6600,  2, -139.77,  50
 92350, 12507.6600,  2, -168.01,  50
 92350, 12507.6600,  2, -147.38,  50
 92350, 12507.6600,  2, -195.94,  50
 92350, 12507.6600,  2, -164.66,  50
 92350, 12507.6600,  2, -129.59,  50
 92841, 12572.3100,  2, -143.51,  50
 92841, 12572.3100,  2, -104.22,  50
 92841, 12572.3100,  2, -152.18,  50
 92841, 12572.3100,  2, -158.33,  50
 92841, 12572.3100,  2, -97.73,  50
 92841, 12572.3100,  2, -187.62,  50
 92841, 12572.3100,  2, -175.70,  50
 92841, 12572.3100,  2, -151.70,  50
 93291, 12633.8300,  1, -295.32, 45.81999999999971
 93332, 12638.0200,  2, -137.54,  50
 93332, 12638.0200,  2, -161.75,  50
 93332, 12638.0200,  2, -15.87,  50
 93332, 12638.0200,  2, -165.92,  50
 93332, 12638.0200,  2, -177.97,  50
 93332, 12638.0200,  2, -75.26,  50
 93332, 12638.0200,  2, -170.71,  50
 93823, 12703.6200,  2, -146.73,  50
 93823, 12703.6200,  2, -168.23,  50
 93823, 12703.6200,  2, -183.61,  50
 93823, 12703.6200,  2, -183.25,  50
 93823, 12703.6200,  2, -137.20,  50
 93823, 12703.6200,  2, -182.79,  50
 93823, 12703.6200,  2, -135.94,  50
 93823, 12703.6200,  2, -113.53,  50
 93874, 12723.2700,  1, -200.29, 5.010000000000218
 93948, 12730.8400,  1, -153.05, 12.579999999999927
 94314, 12768.2700,  2, -137.96,  50
 94314, 12768.2700,  2, -153.20,  50
 94314, 12768.2700,  2, -145.34,  50
 94314, 12768.2700,  2, -201.70,  50
 94314, 12768.2700,  2, -162.83,  50
 94314, 12768.2700,  2, -165.50,  50
 94805, 12832.9200,  2, -139.45,  50
 94805, 12832.9200,  2, -159.54,  50
 94805, 12832.9200,  2, -170.70,  50
 94805, 12832.9200,  2, -231.29,  50
 94805, 12832.9200,  2, -136.56,  50
 94805, 12832.9200,  2, -164.30,  50
 94805, 12832.9200,  2, -135.29,  50
 94805, 12832.9200,  2, -205.79,  50
 94833, 12851.3200,  1, -171.97, 2.6599999999998545
 94981, 12866.4500,  1, -185.11, 17.790000000000873
 95296, 12898.6700,  2, -156.75,  50
 95296, 12898.6700,  2, -148.23,  50
 95296, 12898.6700,  2, -167.79,  50
 95296, 12898.6700,  2, -139.52,  50
 95296, 12898.6700,  2, -175.27,  50
 95296, 12898.6700,  2, -204.08,  50
 95479, 12931.6800,  1, -190.18, 18.51000000000022
 95787, 12963.1800,  2, -101.95,  50
 95787, 12963.1800,  2, -141.66,  50
 95787, 12963.1800,  2, -160.68,  50
 95787, 12963.1800,  2, -37.36,  50
 95787, 12963.1800,  2, -126.02,  50
 95787, 12963.1800,  2, -191.19,  50
 95787, 12963.1800,  2, -177.36,  50
 96130, 13012.7700,  1, -221.38, 34.8700000000008
 96278, 13027.9100,  2, -218.37,  50
 96278, 13027.9100,  2, -168.34,  50
 96278, 13027.9100,  2, -198.80,  50
 96278, 13027.9100,  2, -161.20,  50
 96278, 13027.9100,  2, -173.84,  50
 96278, 13027.9100,  2, -154.79,  50
 96278, 13027.9100,  2, -209.13,  50
 96405, 13055.5200,  1, -193.60, 12.780000000000655
 96524, 13067.6900,  1, -208.19, 24.950000000000728
 96688, 13084.4700,  1, -303.42, 41.72999999999956
 96769, 13092.7500,  2, -102.21,  50
 96769, 13092.7500,  2, -174.24,  50
 96769, 13092.7500,  2, -112.27,  50
 96769, 13092.7500,  2, -191.34,  50
 96769, 13092.7500,  2, -133.39,  50
 97107, 13141.7600,  1, -279.52, 34.36000000000058
 97260, 13157.4100,  2, -152.56,  50
 97260, 13157.4100,  2, -179.14,  50
 97260, 13157.4100,  2, -198.81,  50
 97260, 13157.4100,  2, -135.05,  50
 97260, 13157.4100,  2, -187.98,  50
 97260, 13157.4100,  2, -159.22,  50
 97260, 13157.4100,  2, -133.29,  50
 97355, 13181.7400,  1, -187.77, 9.510000000000218
 97433, 13189.7200,  1, -235.34, 17.48999999999978
 97449, 13191.3500,  1, -216.80, 19.1200000000008
 97751, 13222.2400,  2, -108.28,  50
 97751, 13222.2400,  2, -185.66,  50
 97751, 13222.2400,  2, -137.94,  50
 97751, 13222.2400,  2, -185.26,  50
 97751, 13222.2400,  2, -174.01,  50
 98242, 13287.7000,  2, -207.81,  50
 98242, 13287.7000,  2, -99.73,  50
 98242, 13287.7000,  2, -105.51,  50
 98242, 13287.7000,  2, -114.45,  50
 98242, 13287.7000,  2, -155.72,  50
 98242, 13287.7000,  2, -157.02,  50
 98242, 13287.7000,  2, -109.50,  50
 98242, 13287.7000,  2, -131.93,  50
 98733, 13352.4700,  2, -174.70,  50
 98733, 13352.4700,  2, -170.73,  50
 98733, 13352.4700,  2, -143.05,  50
 98733, 13352.4700,  2, -122.48,  50
 98733, 13352.4700,  2, -146.11,  50
 98733, 13352.4700,  2, -158.87,  50
 98733, 13352.4700,  2, -117.92,  50
 98733, 13352.4700,  2, -112.38,  50
 99224, 13416.9200,  2, -202.23,  50
 99224, 13416.9200,  2, -122.98,  50
 99224, 13416.9200,  2, -158.24,  50
 99224, 13416.9200,  2, -175.27,  50
 99224, 13416.9200,  2, -195.84,  50
 99224, 13416.9200,  2, -155.17,  50
 99224, 13416.9200,  2, -159.57,  50
 99224, 13416.9200,  2, -143.16,  50
 99715, 13482.6400,  2, -149.71,  50
 99715, 13482.6400,  2, -184.75,  50
 99715, 13482.6400,  2, -108.61,  50
 99715, 13482.6400,  2, -59.12,  50
 99715, 13482.6400,  2, -117.80,  50
 99715, 13482.6400,  2, -121.81,  50
 99715, 13482.6400,  2, -147.38,  50
 99715, 13482.6400,  2, -143.80,  50
100206, 13547.3400,  2, -166.11,  50
100206, 13547.3400,  2, -207.95,  50
100206, 13547.3400,  2, -176.95,  50
100206, 13547.3400,  2, -170.17,  50
100206, 13547.3400,  2, -169.35,  50
100206, 13547.3400,  2, -229.03,  50
100206, 13547.3400,  2, -217.68,  50
100206, 13547.3400,  2, -178.73,  50
100697, 13613.0800,  2, -127.41,  50
100697, 13613.0800,  2, -185.91,  50
100697, 13613.0800,  2, -171.60,  50
100697, 13613.0800,  2, -152.17,  50
100697, 13613.0800,  2, -147.90,  50
100697, 13613.0800,  2, -140.44,  50
100697, 13613.0800,  2, -162.45,  50
100697, 13613.0800,  2, -168.30,  50
101188, 13677.6800,  2, -131.23,  50
101188, 13677.6800,  2, -134.89,  50
101188, 13677.6800,  2, -192.53,  50
101188, 13677.6800,  2, -111.42,  50
101188, 13677.6800,  2, -147.61,  50
101188, 13677.6800,  2, -167.20,  50
101188, 13677.6800,  2, -111.58,  50
101188, 13677.6800,  2, -147.03,  50
101679, 13742.5000,  2, -146.03,  50
101679, 13742.5000,  2, -129.20,  50
101679, 13742.5000,  2, -158.85,  50
101679, 13742.5000,  2, -95.62,  50
101679, 13742.5000,  2, -159.99,  50
101679, 13742.5000,  2, -154.22,  50
101679, 13742.5000,  2, -151.16,  50
101679, 13742.5000,  2, -201.97,  50
102170, 13807.3300,  2, -151.83,  50
102170, 13807.3300,  2, -215.08,  50
102170, 13807.3300,  2, -87.08,  50
102170, 13807.3300,  2, -220.66,  50
102170, 13807.3300,  2, -157.78,  50
102170, 13807.3300,  2, -173.20,  50
102170, 13807.3300,  2, -131.96,  50
102170, 13807.3300,  2, -162.27,  50
102661, 13872.2200,  2, -126.11,  50
102661, 13872.2200,  2, -229.16,  50
102661, 13872.2200,  2, -195.80,  50
102661, 13872.2200,  2, -163.87,  50
102661, 13872.2200,  2, -165.66,  50
102661, 13872.2200,  2, -165.00,  50
102661, 13872.2200,  2, -147.62,  50
102661, 13872.2200,  2, -158.51,  50
103152, 13936.9200,  2, -240.62,  50
103152, 13936.9200,  2, -164.30,  50
103152, 13936.9200,  2, -101.04,  50
103152, 13936.9200,  2, -200.80,  50
103152, 13936.9200,  2, -200.78,  50
103152, 13936.9200,  2, -251.09,  50
103152, 13936.9200,  2, -135.99,  50
103152, 13936.9200,  2, -191.06,  50
103643, 14002.6400,  2, -41.55,  50
103643, 14002.6400,  2, -149.57,  50
103643, 14002.6400,  2, -154.05,  50
103643, 14002.6400,  2, -110.47,  50
103643, 14002.6400,  2, -169.37,  50
103643, 14002.6400,  2, -199.20,  50
103643, 14002.6400,  2, -180.28,  50
103643, 14002.6400,  2, -52.62,  50
104134, 14067.3100,  2, -163.42,  50
104134, 14067.3100,  2, -119.07,  50
104134, 14067.3100,  2, -125.81,  50
104134, 14067.3100,  2, -196.74,  50
104134, 14067.3100,  2, -50.21,  50
104134, 14067.3100,  2, -135.53,  50
104134, 14067.3100,  2, -160.91,  50
104134, 14067.3100,  2, -179.39,  50
104625, 14132.0600,  2, -135.94,  50
104625, 14132.0600,  2, -72.41,  50
104625, 14132.0600,  2, -229.32,  50
104625, 14132.0600,  2, -186.56,  50
104625, 14132.0600,  2, -164.02,  50
104625, 14132.0600,  2, -164.26,  50
104625, 14132.0600,  2, -207.90,  50
104625, 14132.0600,  2, -182.30,  50
105116, 14196.6400,  2, -153.87,  50
105116, 14196.6400,  2, -144.34,  50
105116, 14196.6400,  2, -88.81,  50
105116, 14196.6400,  2, -164.69,  50
105116, 14196.6400,  2, -25.23,  50
105116, 14196.6400,  2, -105.77,  50
105116, 14196.6400,  2, -231.36,  50
105116, 14196.6400,  2, -139.66,  50
105607, 14261.3100,  2, -174.28,  50
105607, 14261.3100,  2, -7.79,  50
105607, 14261.3100,  2, -254.05,  50
105607, 14261.3100,  2, -189.12,  50
105607, 14261.3100,  2, -197.01,  50
105607, 14261.3100,  2, -213.58,  50
105607, 14261.3100,  2, -191.01,  50
105607, 14261.3100,  2, -171.82,  50
106098, 14326.2300,  2, -32.05,  50
106098, 14326.2300,  2, -64.21,  50
106098, 14326.2300,  2, -94.87,  50
106098, 14326.2300,  2, -153.05,  50
106098, 14326.2300,  2, -199.77,  50
106098, 14326.2300,  2, -192.13,  50
106098, 14326.2300,  2, -148.79,  50
106098, 14326.2300,  2, -211.52,  50
106589, 14390.8200,  2, -178.98,  50
106589, 14390.8200,  2, -130.15,  50
106589, 14390.8200,  2, -11.07,  50
106589, 14390.8200,  2, -154.70,  50
106589, 14390.8200,  2, 2.44,  50
106589, 14390.8200,  2, -114.34,  50
106589, 14390.8200,  2, -183.02,  50
106589, 14390.8200,  2, 26.60,  50
107040, 14451.3700,  1, -306.83, 45.92000000000007
107080, 14455.4700,  2, -152.16,  50
107080, 14455.4700,  2, -69.08,  50
107080, 14455.4700,  2, -197.23,  50
107080, 14455.4700,  2, -148.70,  50
107080, 14455.4700,  2, -264.39,  50
107080, 14455.4700,  2, -196.57,  50
107080, 14455.4700,  2, -108.45,  50
107571, 14520.0700,  2, -131.55,  50
107571, 14520.0700,  2, -242.52,  50
107571, 14520.0700,  2, -134.53,  50
107571, 14520.0700,  2, -228.47,  50
107571, 14520.0700,  2, -70.34,  50
107571, 14520.0700,  2, -179.10,  50
107571, 14520.0700,  2, -76.40,  50
107571, 14520.0700,  2, -192.35,  50
108062, 14584.6700,  2, -173.64,  50
108062, 14584.6700,  2, -163.13,  50
108062, 14584.6700,  2, -193.27,  50
108062, 14584.6700,  2, -191.31,  50
108062, 14584.6700,  2, -176.97,  50
108062, 14584.6700,  2, -157.06,  50
108062, 14584.6700,  2, -35.76,  50
108062, 14584.6700,  2, -199.98,  50
108553, 14650.0400,  2, -168.23,  50
108553, 14650.0400,  2, -193.39,  50
108553, 14650.0400,  2, -129.09,  50
108553, 14650.0400,  2, -199.56,  50
108553, 14650.0400,  2, -149.40,  50
108553, 14650.0400,  2, -167.17,  50
108553, 14650.0400,  2, -147.75,  50
108553, 14650.0400,  2, -151.37,  50
109044, 14714.5800,  2, -237.51,  50
109044, 14714.5800,  2, -209.67,  50
109044, 14714.5800,  2, -109.72,  50
109044, 14714.5800,  2, -203.33,  50
109044, 14714.5800,  2, -172.04,  50
109044, 14714.5800,  2, -115.88,  50
109044, 14714.5800,  2, -198.04,  50
109044, 14714.5800,  2, -191.88,  50
109535, 14779.0600,  2, -210.32,  50
109535, 14779.0600,  2, -178.69,  50
109535, 14779.0600,  2, -112.29,  50
109535, 14779.0600,  2, -126.53,  50
109535, 14779.0600,  2, -158.19,  50
109535, 14779.0600,  2, -133.84,  50
109535, 14779.0600,  2, -79.91,  50
109535, 14779.0600,  2, -146.89,  50
110026, 14844.6400,  2, -163.87,  50
110026, 14844.6400,  2, -110.70,  50
110026, 14844.6400,  2, -73.67,  50
110026, 14844.6400,  2, -145.85,  50
110026, 14844.6400,  2, -206.28,  50
110026, 14844.6400,  2, -216.01,  50
110026, 14844.6400,  2, -80.19,  50
110026, 14844.6400,  2, -132.73,  50
110517, 14910.0900,  2, -132.58,  50
110517, 14910.0900,  2, -19.39,  50
110517, 14910.0900,  2, -55.60,  50
110517, 14910.0900,  2, -97.06,  50
110517, 14910.0900,  2, -105.65,  50
110517, 14910.0900,  2, -163.29,  50
110517, 14910.0900,  2, -145.87,  50
110517, 14910.0900,  2, -165.40,  50
111008, 14974.7900,  2, -178.65,  50
111008, 14974.7900,  2, -135.46,  50
111008, 14974.7900,  2, -224.01,  50
111008, 14974.7900,  2, -105.85,  50
111008, 14974.7900,  2, -100.36,  50
111008, 14974.7900,  2, -57.64,  50
111008, 14974.7900,  2, -92.08,  50
111008, 14974.7900,  2, -62.46,  50
111499, 15039.4700,  2, -151.03,  50
111499, 15039.4700,  2, -112.38,  50
111499, 15039.4700,  2, -239.11,  50
111499, 15039.4700,  2, -248.81,  50
111499, 15039.4700,  2, -173.59,  50
111499, 15039.4700,  2, -141.98,  50
111499, 15039.4700,  2, -166.22,  50
111499, 15039.4700,  2, -129.51,  50
111990, 15104.9700,  2, -157.98,  50
111990, 15104.9700,  2, -70.01,  50
111990, 15104.9700,  2, -137.43,  50
111990, 15104.9700,  2, -79.75,  50
111990, 15104.9700,  2, -98.37,  50
111990, 15104.9700,  2, -142.42,  50
111990, 15104.9700,  2, -101.20,  50
111990, 15104.9700,  2, -54.90,  50
112481, 15169.6800,  2, -95.37,  50
112481, 15169.6800,  2, -73.20,  50
112481, 15169.6800,  2, -113.00,  50
112481, 15169.6800,  2, -194.09,  50
112481, 15169.6800,  2, -109.75,  50
112481, 15169.6800,  2, -201.33,  50
112481, 15169.6800,  2, -140.82,  50
112481, 15169.6800,  2, -69.12,  50
112972, 15235.0800,  2, -178.88,  50
112972, 15235.0800,  2, -151.66,  50
112972, 15235.0800,  2, -54.38,  50
112972, 15235.0800,  2, -89.22,  50
112972, 15235.0800,  2, -219.74,  50
112972, 15235.0800,  2, -139.36,  50
112972, 15235.0800,  2, -168.18,  50
112972, 15235.0800,  2, -148.82,  50
113463, 15299.6700,  2, -104.22,  50
113463, 15299.6700,  2, -124.47,  50
113463, 15299.6700,  2, -158.16,  50
113463, 15299.6700,  2, -55.48,  50
113463, 15299.6700,  2, -91.50,  50
113463, 15299.6700,  2, -133.67,  50
113463, 15299.6700,  2, -131.10,  50
113463, 15299.6700,  2, -130.59,  50
113954, 15365.0900,  2, -60.19,  50
113954, 15365.0900,  2, -170.76,  50
113954, 15365.0900,  2, -58.07,  50
113954, 15365.0900,  2, -60.49,  50
113954, 15365.0900,  2, -191.27,  50
113954, 15365.0900,  2, -156.16,  50
113954, 15365.0900,  2, -60.35,  50
113954, 15365.0900,  2, -111.21,  50
114445, 15429.9200,  2, -137.04,  50
114445, 15429.9200,  2, -130.48,  50
114445, 15429.9200,  2, -124.25,  50
114445, 15429.9200,  2, -100.95,  50
114445, 15429.9200,  2, -140.70,  50
114445, 15429.9200,  2, -71.18,  50
114445, 15429.9200,  2, -108.69,  50
114445, 15429.9200,  2, -54.76,  50
114936, 15494.7300,  2, -163.59,  50
114936, 15494.7300,  2, -134.53,  50
114936, 15494.7300,  2, -138.29,  50
114936, 15494.7300,  2, -93.57,  50
114936, 15494.7300,  2, -150.94,  50
114936, 15494.7300,  2, -121.70,  50
114936, 15494.7300,  2, -193.22,  50
114936, 15494.7300,  2, -58.40,  50
115427, 15559.6700,  2, -91.72,  50
115427, 15559.6700,  2, -144.63,  50
115427, 15559.6700,  2, -83.68,  50
115427, 15559.6700,  2, -155.37,  50
115427, 15559.6700,  2, -97.21,  50
115427, 15559.6700,  2, -158.47,  50
115427, 15559.6700,  2, -139.77,  50
115427, 15559.6700,  2, -138.77,  50
115918, 15625.0600,  2, -0.29,  50
115918, 15625.0600,  2, -94.20,  50
115918, 15625.0600,  2, -79.52,  50
115918, 15625.0600,  2, -75.63,  50
115918, 15625.0600,  2, -68.84,  50
115918, 15625.0600,  2, 3.77,  50
115918, 15625.0600,  2, -80.33,  50
115918, 15625.0600,  2, -103.30,  50
116409, 15689.8400,  2, -149.83,  50
116409, 15689.8400,  2, -210.99,  50
116409, 15689.8400,  2, -121.91,  50
116409, 15689.8400,  2, -106.66,  50
116409, 15689.8400,  2, -137.34,  50
116409, 15689.8400,  2, -62.35,  50
116409, 15689.8400,  2, -88.80,  50
116409, 15689.8400,  2, -71.41,  50
116900, 15754.4100,  2, -57.83,  50
116900, 15754.4100,  2, -63.34,  50
116900, 15754.4100,  2, -165.56,  50
116900, 15754.4100,  2, -60.75,  50
116900, 15754.4100,  2, -44.09,  50
116900, 15754.4100,  2, -46.89,  50
116900, 15754.4100,  2, -2.05,  50
116900, 15754.4100,  2, -247.02,  50
117391, 15818.9900,  2, -17.50,  50
117391, 15818.9900,  2, -63.48,  50
117391, 15818.9900,  2, -140.85,  50
117391, 15818.9900,  2, -67.63,  50
117391, 15818.9900,  2, -23.71,  50
117391, 15818.9900,  2, -221.01,  50
117391, 15818.9900,  2, -232.31,  50
117391, 15818.9900,  2, -47.01,  50
117882, 15883.6800,  2, -41.42,  50
117882, 15883.6800,  2, -9.60,  50
117882, 15883.6800,  2, -86.32,  50
117882, 15883.6800,  2, -168.84,  50
117882, 15883.6800,  2, -85.35,  50
117882, 15883.6800,  2, -21.68,  50
117882, 15883.6800,  2, -185.01,  50
117882, 15883.6800,  2, -75.18,  50
118373, 15948.4800,  2, -161.06,  50
118373, 15948.4800,  2, -83.03,  50
118373, 15948.4800,  2, -99.55,  50
118373, 15948.4800,  2, -57.94,  50
118373, 15948.4800,  2, -144.88,  50
118373, 15948.4800,  2, -58.24,  50
118373, 15948.4800,  2, -30.82,  50
118373, 15948.4800,  2, -185.23,  50
118864, 16013.0600,  2, -129.06,  50
118864, 16013.0600,  2, -66.78,  50
118864, 16013.0600,  2, -31.33,  50
118864, 16013.0600,  2, 32.66,  50
118864, 16013.0600,  2, -177.96,  50
118864, 16013.0600,  2, -134.88,  50
118864, 16013.0600,  2, -123.87,  50
118864, 16013.0600,  2, -127.73,  50
119355, 16078.4800,  2, -94.73,  50
119355, 16078.4800,  2, 1.25,  50
119355, 16078.4800,  2, -41.77,  50
119355, 16078.4800,  2, -25.64,  50
119355, 16078.4800,  2, -92.67,  50
119355, 16078.4800,  2, -90.19,  50
119355, 16078.4800,  2, -116.11,  50
119355, 16078.4800,  2, -14.91,  50
119846, 16143.0700,  2, -29.09,  50
119846, 16143.0700,  2, -152.46,  50
119846, 16143.0700,  2, -31.97,  50
119846, 16143.0700,  2, -43.97,  50
119846, 16143.0700,  2, -172.22,  50
119846, 16143.0700,  2, -182.09,  50
119846, 16143.0700,  2, -139.98,  50
119846, 16143.0700,  2, -42.93,  50
120337, 16207.6800,  2, -42.72,  50
120337, 16207.6800,  2, -76.21,  50
120337, 16207.6800,  2, -6.37,  50
120337, 16207.6800,  2, -163.93,  50
120337, 16207.6800,  2, -68.08,  50
120337, 16207.6800,  2, -36.18,  50
120337, 16207.6800,  2, -29.07,  50
120337, 16207.6800,  2, -211.70,  50
120828, 16274.2200,  2, -227.47,  50
120828, 16274.2200,  2, -96.96,  50
120828, 16274.2200,  2, -126.65,  50
120828, 16274.2200,  2, -79.45,  50
120828, 16274.2200,  2, -49.58,  50
120828, 16274.2200,  2, -10.30,  50
120828, 16274.2200,  2, -107.03,  50
120828, 16274.2200,  2, -134.25,  50
121319, 16338.8900,  2, -17.71,  50
121319, 16338.8900,  2, -35.95,  50
121319, 16338.8900,  2, -49.68,  50
121319, 16338.8900,  2, -219.80,  50
121319, 16338.8900,  2, -58.39,  50
121319, 16338.8900,  2, 17.59,  50
121319, 16338.8900,  2, -30.65,  50
121319, 16338.8900,  2, -104.62,  50
121802, 16403.7900,  2, -96.19,  50
121802, 16403.7900,  2, 12.93,  50
121802, 16403.7900,  2, -37.50,  50
121802, 16403.7900,  2, -140.54,  50
121802, 16403.7900,  2, -61.45,  50
121802, 16403.7900,  2, -86.13,  50
121802, 16403.7900,  2, -76.65,  50
121802, 16403.7900,  2, -79.02,  50
122265, 16467.7700,  1, -228.60, 49.38999999999942
122271, 16468.4200,  2, -106.70,  50
122271, 16468.4200,  2, 10.69,  50
122271, 16468.4200,  2, -162.31,  50
122271, 16468.4200,  2, 76.68,  50
122271, 16468.4200,  2, -172.49,  50
122271, 16468.4200,  2, 23.62,  50
122271, 16468.4200,  2, -43.44,  50
122740, 16533.0400,  2, -25.80,  50
122740, 16533.0400,  2, -30.86,  50
122740, 16533.0400,  2, -78.59,  50
122740, 16533.0400,  2, -8.72,  50
122740, 16533.0400,  2, 0.87,  50
122740, 16533.0400,  2, -23.98,  50
122740, 16533.0400,  2, -36.56,  50
122740, 16533.0400,  2, 27.63,  50
123209, 16597.6500,  2, 3.19,  50
123209, 16597.6500,  2, -44.18,  50
123209, 16597.6500,  2, -114.02,  50
123209, 16597.6500,  2, -19.22,  50
123209, 16597.6500,  2, -49.41,  50
123209, 16597.6500,  2, 2.53,  50
123209, 16597.6500,  2, -70.67,  50
123209, 16597.6500,  2, -17.41,  50
123678, 16662.3100,  2, -88.86,  50
123678, 16662.3100,  2, -202.05,  50
123678, 16662.3100,  2, 40.48,  50
123678, 16662.3100,  2, -116.60,  50
123678, 16662.3100,  2, -36.80,  50
123678, 16662.3100,  2, -98.11,  50
123678, 16662.3100,  2, 18.43,  50
123678, 16662.3100,  2, -195.96,  50
124147, 16727.1300,  2, -269.75,  50
124147, 16727.1300,  2, 60.06,  50
124147, 16727.1300,  2, -211.62,  50
124147, 16727.1300,  2, -173.45,  50
124147, 16727.1300,  2, -103.40,  50
124147, 16727.1300,  2, -154.01,  50
124147, 16727.1300,  2, 12.88,  50
124147, 16727.1300,  2, -44.94,  50
124616, 16792.1100,  2, -72.49,  50
124616, 16792.1100,  2, -204.94,  50
124616, 16792.1100,  2, 7.08,  50
124616, 16792.1100,  2, -62.92,  50
124616, 16792.1100,  2, -22.04,  50
124616, 16792.1100,  2, -189.49,  50
124616, 16792.1100,  2, -84.06,  50
124616, 16792.1100,  2, -27.80,  50
124959, 16844.2200,  1, -301.95, 36.54000000000087
125085, 16857.7200,  2, -95.83,  50
125085, 16857.7200,  2, 61.62,  50
125085, 16857.7200,  2, -104.83,  50
125085, 16857.7200,  2, -67.50,  50
125085, 16857.7200,  2, 15.01,  50
125085, 16857.7200,  2, -130.15,  50
125085, 16857.7200,  2, -44.95,  50
125554, 16922.4200,  2, -140.87,  50
125554, 16922.4200,  2, -50.27,  50
125554, 16922.4200,  2, -95.27,  50
125554, 16922.4200,  2, -112.82,  50
125554, 16922.4200,  2, 43.12,  50
125554, 16922.4200,  2, 14.26,  50
125554, 16922.4200,  2, -242.17,  50
125554, 16922.4200,  2, -41.36,  50
126023, 16987.9000,  2, 45.28,  50
126023, 16987.9000,  2, -144.38,  50
126023, 16987.9000,  2, -164.96,  50
126023, 16987.9000,  2, 27.62,  50
126023, 16987.9000,  2, -81.69,  50
126023, 16987.9000,  2, -179.35,  50
126023, 16987.9000,  2, -25.85,  50
126023, 16987.9000,  2, -59.55,  50
126424, 17046.3300,  1, -324.67, 42.75
126492, 17053.6100,  2, -18.49,  50
126492, 17053.6100,  2, -145.65,  50
126492, 17053.6100,  2, -212.97,  50
126492, 17053.6100,  2, 24.35,  50
126492, 17053.6100,  2, -112.74,  50
126492, 17053.6100,  2, -19.13,  50
126492, 17053.6100,  2, 17.56,  50
126961, 17119.2400,  2, -0.58,  50
126961, 17119.2400,  2, -107.91,  50
126961, 17119.2400,  2, -3.10,  50
126961, 17119.2400,  2, -40.71,  50
126961, 17119.2400,  2, -49.86,  50
126961, 17119.2400,  2, -189.09,  50
126961, 17119.2400,  2, -228.95,  50
126961, 17119.2400,  2, -27.98,  50
127430, 17183.8800,  2, -70.08,  50
127430, 17183.8800,  2, 3.70,  50
127430, 17183.8800,  2, -65.11,  50
127430, 17183.8800,  2, -89.35,  50
127430, 17183.8800,  2, -101.85,  50
127430, 17183.8800,  2, -26.40,  50
127430, 17183.8800,  2, -249.25,  50
127430, 17183.8800,  2, -62.94,  50
127899, 17248.7600,  2, -105.84,  50
127899, 17248.7600,  2, -31.85,  50
127899, 17248.7600,  2, -137.41,  50
127899, 17248.7600,  2, -1.40,  50
127899, 17248.7600,  2, 43.57,  50
127899, 17248.7600,  2, -54.97,  50
127899, 17248.7600,  2, 61.10,  50
127899, 17248.7600,  2, -132.06,  50
128368, 17314.4000,  2, 22.71,  50
128368, 17314.4000,  2, -108.10,  50
128368, 17314.4000,  2, -5.11,  50
128368, 17314.4000,  2, -143.37,  50
128368, 17314.4000,  2, -81.61,  50
128368, 17314.4000,  2, -77.61,  50
128368, 17314.4000,  2, -192.08,  50
128368, 17314.4000,  2, -71.77,  50
128837, 17379.1100,  2, -155.66,  50
128837, 17379.1100,  2, -106.38,  50
128837, 17379.1100,  2, -100.04,  50
128837, 17379.1100,  2, -135.89,  50
128837, 17379.1100,  2, -170.78,  50
128837, 17379.1100,  2, -71.22,  50
128837, 17379.1100,  2, -150.58,  50
128837, 17379.1100,  2, 26.84,  50
129306, 17443.9700,  2, -74.02,  50
129306, 17443.9700,  2, -192.17,  50
129306, 17443.9700,  2, 55.45,  50
129306, 17443.9700,  2, -120.53,  50
129306, 17443.9700,  2, 50.25,  50
129306, 17443.9700,  2, -18.38,  50
129306, 17443.9700,  2, -202.72,  50
129306, 17443.9700,  2, 27.45,  50
129775, 17509.5200,  2, -163.32,  50
129775, 17509.5200,  2, -113.69,  50
129775, 17509.5200,  2, -5.39,  50
129775, 17509.5200,  2, -176.53,  50
129775, 17509.5200,  2, 26.03,  50
129775, 17509.5200,  2, -172.46,  50
129775, 17509.5200,  2, -88.55,  50
129775, 17509.5200,  2, -66.02,  50
130244, 17574.4900,  2, -83.80,  50
130244, 17574.4900,  2, -60.84,  50
130244, 17574.4900,  2, 1.82,  50
130244, 17574.4900,  2, -122.50,  50
130244, 17574.4900,  2, -206.21,  50
130244, 17574.4900,  2, -83.97,  50
130244, 17574.4900,  2, 6.82,  50
130244, 17574.4900,  2, -119.86,  50
130713, 17640.2400,  2, -151.84,  50
130713, 17640.2400,  2, 86.56,  50
130713, 17640.2400,  2, -72.97,  50
130713, 17640.2400,  2, -134.40,  50
130713, 17640.2400,  2, 23.77,  50
130713, 17640.2400,  2, -10.05,  50
130713, 17640.2400,  2, 21.18,  50
130713, 17640.2400,  2, -195.76,  50
131047, 17690.5800,  1, -174.60, 35.57000000000335
131182, 17705.0400,  2, -85.56,  50
131182, 17705.0400,  2, -110.74,  50
131182, 17705.0400,  2, -130.81,  50
131182, 17705.0400,  2, -213.26,  50
131182, 17705.0400,  2, 50.21,  50
131182, 17705.0400,  2, -247.21,  50
131182, 17705.0400,  2, -88.90,  50
131651, 17769.6300,  2, -154.95,  50
131651, 17769.6300,  2, -149.76,  50
131651, 17769.6300,  2, -60.75,  50
131651, 17769.6300,  2, -136.05,  50
131651, 17769.6300,  2, -156.71,  50
131651, 17769.6300,  2, -148.03,  50
131651, 17769.6300,  2, -73.47,  50
131651, 17769.6300,  2, -188.63,  50
132120, 17834.3300,  2, -87.34,  50
132120, 17834.3300,  2, -240.70,  50
132120, 17834.3300,  2, -56.98,  50
132120, 17834.3300,  2, 195.69,  50
132120, 17834.3300,  2, -127.07,  50
132120, 17834.3300,  2, 4.21,  50
132120, 17834.3300,  2, -247.12,  50
132120, 17834.3300,  2, 109.50,  50
132589, 17899.2600,  2, -278.91,  50
132589, 17899.2600,  2, -38.18,  50
132589, 17899.2600,  2, -189.15,  50
132589, 17899.2600,  2, -221.36,  50
132589, 17899.2600,  2, -95.54,  50
132589, 17899.2600,  2, -35.49,  50
132589, 17899.2600,  2, -139.47,  50
132589, 17899.2600,  2, -196.73,  50
132738, 17929.5400,  1, -117.47, 15.75
132738, 17929.5400,  1, -127.62, 15.75
133058, 17963.8300,  2, -0.58,  50
133058, 17963.8300,  2, -95.75,  50
133058, 17963.8300,  2, -88.20,  50
133058, 17963.8300,  2, -47.46,  50
133058, 17963.8300,  2, -128.39,  50
133058, 17963.8300,  2, -205.92,  50
133507, 18026.3600,  1, -315.70, 47.88999999999942
133507, 18026.3600,  1, -115.24, 47.88999999999942
133527, 18028.5100,  2, -28.22,  50
133527, 18028.5100,  2, -147.63,  50
133527, 18028.5100,  2, -165.65,  50
133527, 18028.5100,  2, 22.08,  50
133527, 18028.5100,  2, -205.51,  50
133527, 18028.5100,  2, -12.91,  50
133996, 18093.3600,  2, -72.16,  50
133996, 18093.3600,  2, -285.45,  50
133996, 18093.3600,  2, -86.56,  50
133996, 18093.3600,  2, -190.49,  50
133996, 18093.3600,  2, -126.63,  50
133996, 18093.3600,  2, -79.16,  50
133996, 18093.3600,  2, -248.92,  50
133996, 18093.3600,  2, -231.97,  50
134236, 18134.3800,  1, -75.05, 25.5
134465, 18158.9200,  2, -26.63,  50
134465, 18158.9200,  2, 54.43,  50
134465, 18158.9200,  2, -26.16,  50
134465, 18158.9200,  2, -75.23,  50
134465, 18158.9200,  2, -204.69,  50
134465, 18158.9200,  2, -47.89,  50
134465, 18158.9200,  2, 359.06,  50
134715, 18200.4400,  1, -150.53, 26.57999999999811
134715, 18200.4400,  1, -134.16, 26.57999999999811
134934, 18223.9000,  2, -196.49,  50
134934, 18223.9000,  2, -200.80,  50
134934, 18223.9000,  2, -95.52,  50
134934, 18223.9000,  2, 47.56,  50
134934, 18223.9000,  2, -39.66,  50
134934, 18223.9000,  2, -79.34,  50
135131, 18260.5100,  1, -157.62, 20.899999999997817
135217, 18269.7200,  1, -223.29, 30.110000000000582
135280, 18276.4700,  1, -233.82, 36.86000000000058
135353, 18284.2900,  1, -240.31, 44.68000000000029
135403, 18289.6500,  2, -115.42,  50
135403, 18289.6500,  2, -98.77,  50
135403, 18289.6500,  2, 3.91,  50
135403, 18289.6500,  2, 140.13,  50
135464, 18310.6300,  1, -172.87, 6.319999999999709
135528, 18317.4900,  1, -177.28, 13.180000000000291
135660, 18331.6300,  1, -204.86, 27.31999999999971
135661, 18331.7400,  1, -184.79, 27.43000000000029
135685, 18334.3100,  1, -274.09, 30.0
135872, 18354.3500,  2, -54.63,  50
135872, 18354.3500,  2, 103.90,  50
135872, 18354.3500,  2, -156.62,  50
136341, 18419.2900,  2, 22.26,  50
136341, 18419.2900,  2, -17.99,  50
136341, 18419.2900,  2, -16.62,  50
136341, 18419.2900,  2, -100.91,  50
136341, 18419.2900,  2, 43.64,  50
136341, 18419.2900,  2, -149.11,  50
136341, 18419.2900,  2, -96.01,  50
136341, 18419.2900,  2, -52.09,  50
136413, 18441.5800,  1, -200.10, 7.510000000002037
136431, 18443.5100,  1, -159.50, 9.43999999999869
136804, 18483.4700,  1, -75.10, 49.400000000001455
136810, 18484.1100,  2, -44.05,  50
136810, 18484.1100,  2, -140.25,  50
136810, 18484.1100,  2, -224.10,  50
136810, 18484.1100,  2, 19.43,  50
136810, 18484.1100,  2, 128.12,  50
136910, 18509.3500,  1, -178.85, 10.5
136915, 18509.8800,  1, -155.62, 11.030000000002474
137123, 18532.1700,  1, -136.14, 33.31999999999971
137144, 18534.4200,  1, -182.93, 35.56999999999971
137230, 18543.6300,  1, -367.21, 44.780000000002474
137279, 18548.8800,  2, -109.35,  50
137279, 18548.8800,  2, -209.68,  50
137279, 18548.8800,  2, -26.22,  50
137326, 18568.6900,  1, -119.08, 4.819999999999709
137613, 18599.4400,  1, 24.75, 35.56999999999971
137625, 18600.7200,  1, -125.32, 36.85000000000218
137718, 18610.6900,  1, 158.25, 46.81999999999971
137748, 18613.9000,  2, -177.42,  50
137748, 18613.9000,  2, -92.88,  50
137748, 18613.9000,  2, -118.14,  50
137748, 18613.9000,  2, 76.20,  50
137816, 18635.9200,  1, -130.04, 7.079999999998108
137831, 18637.5200,  1, -138.80, 8.680000000000291
137881, 18642.8800,  1, -159.94, 14.040000000000873
137925, 18647.6000,  1, -222.32, 18.7599999999984
138002, 18655.8500,  1, -259.30, 27.0099999999984
138217, 18678.8800,  2, -154.12,  50
138217, 18678.8800,  2, -199.14,  50
138217, 18678.8800,  2, -101.33,  50
138377, 18710.7200,  1, -118.76, 16.92000000000189
138449, 18718.4400,  1, -128.17, 24.639999999999418
138471, 18720.7900,  1, -48.05, 26.9900000000016
138686, 18743.8300,  2, -0.91,  50
138686, 18743.8300,  2, -49.91,  50
138686, 18743.8300,  2, -87.28,  50
138686, 18743.8300,  2, 13.84,  50
138686, 18743.8300,  2, -144.57,  50
138937, 18785.2000,  1, -227.16, 26.67000000000189
139065, 18798.9200,  1, -105.32, 40.38999999999942
139155, 18808.5600,  2, -116.51,  50
139155, 18808.5600,  2, -80.42,  50
139155, 18808.5600,  2, 184.14,  50
139155, 18808.5600,  2, 102.65,  50
139155, 18808.5600,  2, 65.14,  50
139155, 18808.5600,  2, -64.83,  50
139340, 18842.9400,  1, -88.64, 19.609999999996944
139532, 18863.5100,  1, -84.32, 40.17999999999665
139532, 18863.5100,  1, -74.07, 40.17999999999665
139624, 18873.3600,  2, 312.27,  50
139624, 18873.3600,  2, 23.02,  50
139624, 18873.3600,  2, 11.95,  50
139624, 18873.3600,  2, -22.20,  50
139624, 18873.3600,  2, 104.13,  50
139956, 18923.3100,  1, -85.76, 35.35000000000218
139956, 18923.3100,  1, -0.96, 35.35000000000218
140077, 18936.2700,  3, 330.36, 48.29999999999927
140093, 18937.9900,  2, 203.57,  50
140093, 18937.9900,  2, 166.47,  50
140093, 18937.9900,  2, 195.82,  50
140093, 18937.9900,  2, -74.51,  50
140093, 18937.9900,  2, 283.32,  50
140291, 18973.6000,  1, -107.10, 21.0099999999984
140324, 18977.1300,  1, -73.13, 24.540000000000873
140324, 18977.1300,  1, -59.89, 24.540000000000873
140380, 18983.1300,  1, -63.99, 30.540000000000873
140562, 19002.6300,  2, 245.77,  50
140562, 19002.6300,  2, 64.29,  50
140562, 19002.6300,  2, -46.90,  50
140562, 19002.6300,  2, 76.22,  50
140747, 19037.0800,  1, -56.08, 19.610000000000582
140747, 19037.0800,  1, -35.75, 19.610000000000582
141031, 19067.5100,  2, 174.68,  50
141031, 19067.5100,  2, -23.02,  50
141031, 19067.5100,  2, 314.77,  50
141031, 19067.5100,  2, 364.98,  50
141031, 19067.5100,  2, 332.19,  50
141031, 19067.5100,  2, 261.32,  50
141388, 19120.2600,  1, -64.96, 38.029999999998836
141500, 19132.2600,  2, 300.74,  50
141500, 19132.2600,  2, 303.31,  50
141500, 19132.2600,  2, 214.53,  50
141500, 19132.2600,  2, 410.53,  50
141500, 19132.2600,  2, 91.13,  50
141500, 19132.2600,  2, 331.08,  50
141500, 19132.2600,  2, 251.66,  50
141754, 19173.8800,  1, 57.52, 26.9900000000016
141754, 19173.8800,  1, 50.47, 26.9900000000016
141897, 19189.2000,  1, 71.24, 42.31000000000131
141897, 19189.2000,  1, -82.03, 42.31000000000131
141969, 19196.9200,  2, 106.11,  50
141969, 19196.9200,  2, 299.63,  50
141969, 19196.9200,  2, 401.72,  50
141969, 19196.9200,  2, 347.71,  50
142082, 19223.7600,  1, -50.49, 11.899999999997817
142082, 19223.7600,  1, -56.01, 11.899999999997817
142360, 19253.5400,  3, 330.39, 41.64999999999782
142438, 19261.9000,  2, 81.44,  50
142438, 19261.9000,  2, 345.84,  50
142438, 19261.9000,  2, 390.30,  50
142438, 19261.9000,  2, 326.25,  50
142438, 19261.9000,  2, 326.24,  50
142776, 19312.8800,  1, -46.15, 36.0
142776, 19312.8800,  1, -59.11, 36.0
142907, 19326.9200,  2, 35.20,  50
142907, 19326.9200,  2, 295.62,  50
142907, 19326.9200,  2, -77.11,  50
142907, 19326.9200,  2, 42.02,  50
142907, 19326.9200,  2, 228.79,  50
142907, 19326.9200,  2, 233.67,  50
143213, 19375.1900,  1, 76.67, 32.56999999999971
143213, 19375.1900,  1, -62.89, 32.56999999999971
143308, 19385.3600,  1, 114.45, 42.7400000000016
143308, 19385.3600,  1, -58.21, 42.7400000000016
143348, 19389.6500,  1, -96.08, 47.030000000002474
143376, 19392.6500,  2, 34.63,  50
143376, 19392.6500,  2, 143.00,  50
143376, 19392.6500,  2, -16.92,  50
143627, 19433.8800,  1, 66.23, 26.67000000000189
143627, 19433.8800,  1, 65.22, 26.67000000000189
143779, 19450.1700,  3, 435.58, 42.95000000000073
143845, 19457.2400,  2, 287.85,  50
143845, 19457.2400,  2, 272.37,  50
143845, 19457.2400,  2, 44.72,  50
143845, 19457.2400,  2, 210.32,  50
143845, 19457.2400,  2, 63.37,  50
144074, 19496.1900,  1, 72.37, 24.32999999999811
144289, 19519.2200,  3, 460.51, 47.29000000000087
144314, 19521.9000,  2, 48.41,  50
144314, 19521.9000,  2, 1.92,  50
144314, 19521.9000,  2, 42.00,  50
144314, 19521.9000,  2, 165.08,  50
144314, 19521.9000,  2, 109.09,  50
144314, 19521.9000,  2, 233.44,  50
144704, 19578.2700,  3, 395.12, 41.5
144783, 19586.7400,  2, 270.42,  50
144783, 19586.7400,  2, -65.10,  50
144783, 19586.7400,  2, 244.79,  50
144783, 19586.7400,  2, -58.95,  50
144783, 19586.7400,  2, 264.11,  50
144783, 19586.7400,  2, 257.17,  50
144783, 19586.7400,  2, -96.05,  50
145252, 19651.6700,  2, -90.49,  50
145252, 19651.6700,  2, 210.88,  50
145252, 19651.6700,  2, 313.72,  50
145252, 19651.6700,  2, 332.25,  50
145252, 19651.6700,  2, -23.88,  50
145252, 19651.6700,  2, 277.70,  50
145252, 19651.6700,  2, 122.27,  50
145252, 19651.6700,  2, -10.27,  50
145488, 19691.3100,  1, -12.89, 25.06999999999971
145683, 19712.2000,  1, 252.11, 45.95999999999913
145683, 19712.2000,  1, -216.52, 45.95999999999913
145698, 19713.8100,  3, 487.77, 47.469999999997526
145721, 19716.2700,  2, 227.04,  50
145721, 19716.2700,  2, 238.18,  50
145721, 19716.2700,  2, -1.88,  50
145721, 19716.2700,  2, 135.57,  50
146094, 19770.7900,  3, 357.16, 39.72999999999956
146141, 19775.8300,  3, 315.58, 44.70000000000073
146190, 19781.0800,  2, 172.06,  50
146190, 19781.0800,  2, 324.56,  50
146190, 19781.0800,  2, -9.19,  50
146190, 19781.0800,  2, 44.86,  50
146190, 19781.0800,  2, 358.74,  50
146190, 19781.0800,  2, 251.77,  50
146628, 19843.5100,  3, 382.61, 46.63000000000102
146640, 19844.7900,  3, 362.97, 47.95999999999913
146659, 19846.8300,  2, 389.83,  50
146659, 19846.8300,  2, 303.05,  50
146659, 19846.8300,  2, 321.32,  50
146659, 19846.8300,  2, 379.44,  50
146659, 19846.8300,  2, 351.14,  50
146659, 19846.8300,  2, 430.63,  50
147007, 19898.2900,  1, 4.24, 37.06000000000131
147045, 19902.3600,  3, 406.60, 41.10000000000218
147050, 19902.9000,  3, 322.79, 41.580000000001746
147059, 19903.8600,  3, 409.72, 42.56999999999971
147070, 19905.0400,  3, 423.28, 43.77000000000044
147075, 19905.5800,  3, 408.68, 44.25
147118, 19910.1900,  3, 473.47, 48.85000000000218
147128, 19911.2600,  2, 306.68,  50
147271, 19940.9500,  1, -20.63, 15.110000000000582
147271, 19940.9500,  1, -20.88, 15.110000000000582
147311, 19945.2400,  1, 6.29, 19.400000000001455
147493, 19964.7400,  3, 390.02, 38.840000000000146
147542, 19969.9900,  3, 349.82, 44.13999999999942
147547, 19970.5200,  3, 415.72, 44.599999999998545
147565, 19972.4500,  3, 434.52, 46.54999999999927
147570, 19972.9900,  3, 427.82, 47.11999999999898
147812, 20013.4900,  1, -11.69, 25.830000000001746
147812, 20013.4900,  1, 61.14, 25.830000000001746
147839, 20016.3800,  1, 91.36, 28.720000000001164
147957, 20029.0200,  3, 315.24, 41.29999999999927
147963, 20029.6700,  3, 351.16, 41.95999999999913
147992, 20032.7700,  3, 385.60, 45.02000000000044
148023, 20036.1000,  3, 450.49, 48.43000000000029
148038, 20037.7000,  2, 381.27,  50
148224, 20072.4000,  1, -75.34, 19.710000000002765
148256, 20075.8300,  1, 26.85, 23.140000000003056
148256, 20075.8300,  1, 28.08, 23.140000000003056
148289, 20079.3600,  1, -68.79, 26.67000000000189
148289, 20079.3600,  1, 14.17, 26.67000000000189
148416, 20092.9700,  3, 346.95, 40.22999999999956
148489, 20100.7900,  3, 288.70, 48.080000000001746
148507, 20102.7200,  2, 329.08,  50
148686, 20136.5600,  1, -36.25, 18.960000000002765
148692, 20137.2000,  1, -68.67, 19.600000000002183
148839, 20152.9500,  1, -33.24, 35.35000000000218
148967, 20166.6700,  3, 229.82, 49.02000000000044
148976, 20167.6300,  2, 277.61,  50
148976, 20167.6300,  2, 424.26,  50
148976, 20167.6300,  2, 300.61,  50
148976, 20167.6300,  2, 386.03,  50
149129, 20198.4900,  1, -38.93, 16.18000000000029
149333, 20220.3500,  1, 63.15, 38.039999999997235
149333, 20220.3500,  1, 82.06, 38.039999999997235
149389, 20226.3500,  1, 49.43, 44.039999999997235
149404, 20227.9500,  3, 396.73, 45.61999999999898
149445, 20232.3500,  2, 361.30,  50
149445, 20232.3500,  2, 320.46,  50
149445, 20232.3500,  2, 368.18,  50
149624, 20266.2200,  1, -103.97, 18.960000000002765
149624, 20266.2200,  1, -22.65, 18.960000000002765
149683, 20272.5400,  1, -2.34, 25.280000000002474
149896, 20295.3600,  3, 390.00, 48.080000000001746
149914, 20297.2900,  2, 114.94,  50
149914, 20297.2900,  2, 230.39,  50
149914, 20297.2900,  2, 294.83,  50
149914, 20297.2900,  2, 321.40,  50
150100, 20331.8100,  1, -101.88, 19.720000000001164
150106, 20332.4500,  1, -35.33, 20.360000000000582
150171, 20339.4200,  1, -90.52, 27.32999999999811
150171, 20339.4200,  1, -14.56, 27.32999999999811
150383, 20362.1300,  2, 205.58,  50
150383, 20362.1300,  2, 295.67,  50
150383, 20362.1300,  2, 169.76,  50
150383, 20362.1300,  2, 227.51,  50
150451, 20384.0400,  1, -128.24, 7.069999999999709
150485, 20387.6900,  1, -112.72, 10.719999999997526
150595, 20399.4700,  1, -86.25, 22.5
150611, 20401.1900,  1, 19.07, 24.219999999997526
150807, 20422.1900,  3, 345.58, 45.159999999999854
150852, 20427.0100,  2, 306.99,  50
150852, 20427.0100,  2, 268.00,  50
150852, 20427.0100,  2, 233.90,  50
151032, 20460.8300,  1, -5.18, 19.080000000001746
151056, 20463.4000,  1, -7.05, 21.650000000001455
151105, 20468.6500,  1, 17.33, 26.900000000001455
151296, 20489.1100,  3, 339.32, 47.29000000000087
151311, 20490.7200,  3, 361.99, 48.919999999998254
151321, 20491.7900,  2, 321.78,  50
151321, 20491.7900,  2, 335.12,  50
151321, 20491.7900,  2, 333.22,  50
151518, 20527.3500,  1, 0.11, 20.899999999997817
151520, 20527.5600,  1, -32.27, 21.110000000000582
151735, 20550.6000,  3, 286.95, 44.04000000000087
151757, 20552.9500,  3, 327.51, 46.48999999999796
151790, 20556.4900,  2, 320.88,  50
151790, 20556.4900,  2, 348.00,  50
151790, 20556.4900,  2, 335.22,  50
151790, 20556.4900,  2, 294.00,  50
151966, 20589.8100,  1, -28.98, 18.650000000001455
151966, 20589.8100,  1, -3.78, 18.650000000001455
152009, 20594.4200,  1, -8.74, 23.2599999999984
152095, 20603.6300,  1, 57.73, 32.470000000001164
152095, 20603.6300,  1, 82.54, 32.470000000001164
152201, 20614.9900,  3, 356.14, 43.7599999999984
152216, 20616.6000,  3, 381.45, 45.42000000000189
152259, 20621.2000,  2, 358.09,  50
152389, 20649.6000,  1, -46.09, 13.709999999999127
152389, 20649.6000,  1, -77.62, 13.709999999999127
152674, 20680.1300,  3, 346.25, 44.18000000000029
152684, 20681.2000,  3, 414.68, 45.27000000000044
152690, 20681.8500,  3, 393.53, 45.86000000000058
152728, 20685.9200,  2, 414.94,  50
152728, 20685.9200,  2, 350.43,  50
152728, 20685.9200,  2, 407.14,  50
152893, 20718.1900,  1, -35.28, 17.459999999999127
152900, 20718.9400,  1, -25.01, 18.209999999999127
152900, 20718.9400,  1, -33.87, 18.209999999999127
152960, 20725.3600,  1, 5.80, 24.63000000000102
153166, 20747.4400,  3, 456.33, 46.61000000000058
153182, 20749.1500,  3, 361.36, 48.36000000000058
153197, 20750.7600,  2, 359.15,  50
153197, 20750.7600,  2, 369.79,  50
153349, 20781.7000,  1, -60.77, 16.06999999999971
153406, 20787.8100,  1, 17.23, 22.18000000000029
153620, 20810.7400,  3, 340.67, 45.07999999999811
153642, 20813.1000,  3, 410.88, 47.45000000000073
153645, 20813.4200,  3, 396.36, 47.75
153650, 20813.9500,  3, 354.88, 48.289999999997235
153666, 20815.6700,  2, 359.92,  50
153666, 20815.6700,  2, 391.51,  50
153847, 20849.4500,  1, -4.32, 19.18000000000029
153909, 20856.1000,  1, 3.55, 25.82999999999811
154089, 20875.3800,  3, 419.54, 45.06999999999971
154095, 20876.0200,  3, 320.84, 45.70000000000073
154102, 20876.7700,  3, 321.01, 46.470000000001164
154117, 20878.3800,  3, 352.49, 48.090000000000146
154135, 20880.3100,  2, 432.65,  50
154135, 20880.3100,  2, 223.55,  50
154313, 20913.8300,  1, -51.88, 18.850000000002183
154555, 20939.7600,  3, 350.54, 44.720000000001164
154569, 20941.2600,  3, 390.24, 46.20999999999913
154597, 20944.2600,  3, 309.31, 49.18000000000029
154604, 20945.0100,  2, 347.85,  50
154604, 20945.0100,  2, 393.07,  50
154604, 20945.0100,  2, 295.49,  50
154604, 20945.0100,  2, 403.10,  50
154799, 20980.3500,  1, -49.48, 20.68000000000029
154879, 20988.9200,  1, -37.35, 29.25
155008, 21002.7400,  3, 337.93, 42.9800000000032
155008, 21002.7400,  3, 320.11, 43.030000000002474
155024, 21004.4500,  3, 343.17, 44.76000000000204
155071, 21009.4900,  3, 426.13, 49.79000000000087
155073, 21009.7000,  2, 354.33,  50
155073, 21009.7000,  2, 296.01,  50
155173, 21035.0100,  1, -98.23, 10.5099999999984
155173, 21035.0100,  1, -76.14, 10.5099999999984
155294, 21047.9700,  1, 25.81, 23.470000000001164
155483, 21068.2200,  1, 132.25, 43.720000000001164
155534, 21073.6900,  3, 420.42, 49.099999999998545
155542, 21074.5400,  2, 290.13,  50
155542, 21074.5400,  2, 235.12,  50
155542, 21074.5400,  2, 321.37,  50
155891, 21127.2600,  1, 62.50, 37.17999999999665
155896, 21127.7900,  1, 35.28, 37.70999999999913
155922, 21130.5800,  3, 313.46, 40.419999999998254
155925, 21130.9000,  3, 316.56, 40.72999999999956
155962, 21134.8600,  3, 355.37, 44.7599999999984
155967, 21135.4000,  3, 391.77, 45.2699999999968
156011, 21140.1100,  2, 407.26,  50
156011, 21140.1100,  2, 65.10,  50
156239, 21179.2600,  1, 65.59, 24.209999999999127
156239, 21179.2600,  1, 50.20, 24.209999999999127
156324, 21188.3600,  1, 26.43, 33.31000000000131
156397, 21196.1900,  1, -42.99, 41.13999999999942
156425, 21199.1900,  3, 416.87, 44.06000000000131
156467, 21203.6900,  3, 348.61, 48.54999999999927
156480, 21205.0800,  2, 398.65,  50
156480, 21205.0800,  2, 273.95,  50
156717, 21245.8500,  1, -59.65, 25.18000000000029
156717, 21245.8500,  1, 75.21, 25.18000000000029
156924, 21268.0200,  3, 300.92, 47.32000000000335
156925, 21268.1300,  3, 276.08, 47.35000000000218
156946, 21270.3800,  3, 398.43, 49.67000000000189
156949, 21270.7000,  2, 440.19,  50
156949, 21270.7000,  2, 236.81,  50
156949, 21270.7000,  2, 364.68,  50
157171, 21309.0400,  1, -21.32, 23.56999999999971
157171, 21309.0400,  1, -5.69, 23.56999999999971
157417, 21335.4000,  3, 349.61, 49.82999999999811
157417, 21335.4000,  3, 352.23, 49.840000000000146
157418, 21335.5100,  2, 316.81,  50
157418, 21335.5100,  2, 365.37,  50
157418, 21335.5100,  2, 23.74,  50
157418, 21335.5100,  2, 276.10,  50
157739, 21385.2400,  1, 86.63, 34.18000000000029
157739, 21385.2400,  1, 42.97, 34.18000000000029
157795, 21391.2400,  1, -83.90, 40.18000000000029
157886, 21400.9900,  3, 431.83, 49.859999999996944
157887, 21401.1000,  2, 343.50,  50
157887, 21401.1000,  2, 310.20,  50
157887, 21401.1000,  2, 273.49,  50
157887, 21401.1000,  2, 293.82,  50
158018, 21429.6300,  1, -56.90, 13.819999999999709
158018, 21429.6300,  1, -118.26, 13.819999999999709
158126, 21441.2000,  1, 50.42, 25.389999999999418
158126, 21441.2000,  1, 10.13, 25.389999999999418
158264, 21455.9900,  1, 215.53, 40.18000000000029
158331, 21463.1700,  3, 357.79, 47.31999999999971
158356, 21465.8500,  2, 315.89,  50
158356, 21465.8500,  2, 386.88,  50
158542, 21500.2000,  1, 7.48, 19.709999999999127
158542, 21500.2000,  1, -2.66, 19.709999999999127
158772, 21524.8500,  3, 376.60, 44.32999999999811
158819, 21529.8800,  3, 310.87, 49.359999999996944
158825, 21530.5200,  2, 270.01,  50
158825, 21530.5200,  2, 384.64,  50
158825, 21530.5200,  2, 406.82,  50
158825, 21530.5200,  2, 199.21,  50
159034, 21567.4700,  1, -19.29, 22.17000000000189
159049, 21569.0800,  1, 75.71, 23.780000000002474
159049, 21569.0800,  1, 26.29, 23.780000000002474
159055, 21569.7200,  1, 27.12, 24.42000000000189
159055, 21569.7200,  1, -38.37, 24.42000000000189
159294, 21595.3300,  2, 288.30,  50
159294, 21595.3300,  2, 293.41,  50
159294, 21595.3300,  2, 388.89,  50
159468, 21628.6700,  1, -23.08, 18.429999999996653
159468, 21628.6700,  1, 47.55, 18.429999999996653
159671, 21650.4200,  3, 448.89, 40.099999999998545
159688, 21652.2400,  3, 430.82, 41.95999999999913
159742, 21658.0200,  3, 379.27, 47.719999999997526
159743, 21658.1300,  3, 373.18, 47.80999999999767
159747, 21658.5600,  3, 340.58, 48.279999999998836
159763, 21660.2700,  2, 236.86,  50
159987, 21699.0200,  1, 27.03, 23.779999999998836
159987, 21699.0200,  1, -83.98, 23.779999999998836
160008, 21701.2700,  1, -4.13, 26.029999999998836
160147, 21716.1700,  3, 327.35, 40.849999999998545
160231, 21725.1700,  3, 370.16, 49.87999999999738
160232, 21725.2700,  2, 392.20,  50
160232, 21725.2700,  2, 433.21,  50
160232, 21725.2700,  2, 378.71,  50
160428, 21760.7900,  1, 30.11, 20.790000000000873
160428, 21760.7900,  1, -99.57, 20.790000000000873
160436, 21761.6500,  1, 90.55, 21.650000000001455
160436, 21761.6500,  1, 64.26, 21.650000000001455
160451, 21763.2600,  1, -20.91, 23.2599999999984
160624, 21781.7900,  3, 334.18, 41.779999999998836
160701, 21790.0400,  2, 57.51,  50
160701, 21790.0400,  2, 13.76,  50
160929, 21829.6900,  1, 49.97, 24.209999999999127
160929, 21829.6900,  1, -17.70, 24.209999999999127
161026, 21840.0800,  3, 323.49, 34.56999999999971
161148, 21853.1500,  3, 365.59, 47.60000000000218
161152, 21853.5800,  3, 304.31, 48.04000000000087
161170, 21855.5100,  2, 279.07,  50
161170, 21855.5100,  2, 219.38,  50
161170, 21855.5100,  2, 253.60,  50
161346, 21888.8500,  1, 26.72, 18.649999999997817
161346, 21888.8500,  1, 49.83, 18.649999999997817
161477, 21902.8800,  3, 320.68, 32.669999999998254
161606, 21916.7000,  3, 233.13, 46.469999999997526
161633, 21919.6000,  1, -39.57, 49.39999999999782
161639, 21920.2400,  2, -18.77,  50
161639, 21920.2400,  2, 25.76,  50
161639, 21920.2400,  2, 249.76,  50
161735, 21945.0100,  1, -47.83, 10.069999999999709
161906, 21963.3300,  1, 59.61, 28.390000000003056
161906, 21963.3300,  1, 12.51, 28.390000000003056
161996, 21972.9700,  3, 343.01, 37.960000000002765
162108, 21984.9700,  2, 223.48,  50
162108, 21984.9700,  2, 263.90,  50
162108, 21984.9700,  2, 189.23,  50
162108, 21984.9700,  2, 269.41,  50
162387, 22029.1100,  1, -12.15, 29.68000000000029
162387, 22029.1100,  1, -84.19, 29.68000000000029
162474, 22038.4400,  3, 317.96, 38.95999999999913
162510, 22042.2900,  3, 390.00, 42.77000000000044
162525, 22043.9000,  3, 302.98, 44.400000000001455
162528, 22044.2200,  1, 72.83, 44.79000000000087
162545, 22046.0400,  3, 232.12, 46.5099999999984
162577, 22049.4700,  2, 137.26,  50
163035, 22114.0400,  1, -147.48, 48.85000000000218
163035, 22114.0400,  3, 181.55, 48.80000000000291
163046, 22115.2200,  2, 139.37,  50
163046, 22115.2200,  2, 183.03,  50
163046, 22115.2200,  2, 132.36,  50
163046, 22115.2200,  2, 201.21,  50
163046, 22115.2200,  2, 316.64,  50
163046, 22115.2200,  2, 334.62,  50
163241, 22151.4400,  1, -71.48, 20.68000000000029
163241, 22151.4400,  1, -63.42, 20.68000000000029
163515, 22180.7900,  2, 242.60,  50
163515, 22180.7900,  2, 187.83,  50
163515, 22180.7900,  2, 348.92,  50
163515, 22180.7900,  2, 171.65,  50
163515, 22180.7900,  2, 165.11,  50
163515, 22180.7900,  2, 214.41,  50
163766, 22222.3500,  1, 11.63, 26.68999999999869
163766, 22222.3500,  1, -32.94, 26.68999999999869
163900, 22236.7000,  3, 409.04, 40.9900000000016
163939, 22240.8800,  3, 362.88, 45.159999999999854
163953, 22242.3800,  3, 300.39, 46.68000000000029
163984, 22245.7000,  2, 199.28,  50
163984, 22245.7000,  2, 245.32,  50
163984, 22245.7000,  2, 107.85,  50
164240, 22287.6700,  1, 5.55, 27.209999999999127
164240, 22287.6700,  1, 3.67, 27.209999999999127
164269, 22290.7700,  1, 43.53, 30.31000000000131
164437, 22308.7700,  3, 352.56, 48.29999999999927
164453, 22310.4900,  2, 129.41,  50
164453, 22310.4900,  2, 181.33,  50
164453, 22310.4900,  2, 165.30,  50
164453, 22310.4900,  2, 222.80,  50
164543, 22334.7700,  1, -80.89, 9.430000000000291
164543, 22334.7700,  1, -39.42, 9.430000000000291
164671, 22348.4900,  1, -26.58, 23.150000000001455
164671, 22348.4900,  1, -49.91, 23.150000000001455
164726, 22354.3800,  1, -42.18, 29.040000000000873
164922, 22375.3800,  2, 154.75,  50
164922, 22375.3800,  2, 316.06,  50
164922, 22375.3800,  2, 322.04,  50
165293, 22429.6000,  3, 267.38, 39.469999999997526
165372, 22438.0600,  3, 298.00, 47.98999999999796
165391, 22440.1000,  2, 76.22,  50
165391, 22440.1000,  2, 129.45,  50
165391, 22440.1000,  2, 12.32,  50
165391, 22440.1000,  2, 111.10,  50
165391, 22440.1000,  2, -87.14,  50
165391, 22440.1000,  2, 145.07,  50
165523, 22468.7900,  1, 69.21, 13.920000000001892
165523, 22468.7900,  1, -30.17, 13.920000000001892
165820, 22500.6100,  1, -10.95, 45.7400000000016
165860, 22504.9000,  2, 105.29,  50
165860, 22504.9000,  2, 29.31,  50
165860, 22504.9000,  2, 298.85,  50
165860, 22504.9000,  2, 134.54,  50
165860, 22504.9000,  2, 256.82,  50
166062, 22541.2900,  1, -87.72, 21.43000000000029
166062, 22541.2900,  1, -143.49, 21.43000000000029
166094, 22544.7200,  1, 22.93, 24.860000000000582
166094, 22544.7200,  1, -58.23, 24.860000000000582
166329, 22569.9000,  2, 150.32,  50
166329, 22569.9000,  2, 329.66,  50
166329, 22569.9000,  2, 273.96,  50
166329, 22569.9000,  2, 187.61,  50
166493, 22602.1500,  1, -87.38, 17.360000000000582
166493, 22602.1500,  1, 55.25, 17.360000000000582
166771, 22631.9400,  3, 420.32, 47.090000000000146
166798, 22634.8300,  2, 201.18,  50
166798, 22634.8300,  2, 416.22,  50
166798, 22634.8300,  2, 198.97,  50
166798, 22634.8300,  2, 260.62,  50
166798, 22634.8300,  2, 188.68,  50
167267, 22699.4900,  2, 411.13,  50
167267, 22699.4900,  2, 357.62,  50
167267, 22699.4900,  2, 65.53,  50
167267, 22699.4900,  2, 97.95,  50
167267, 22699.4900,  2, 98.99,  50
167267, 22699.4900,  2, 128.75,  50
167267, 22699.4900,  2, 402.88,  50
167267, 22699.4900,  2, 122.13,  50
167399, 22728.1900,  1, 63.30, 13.930000000000291
167399, 22728.1900,  1, -24.52, 13.930000000000291
167572, 22746.7200,  3, 412.62, 32.409999999999854
167688, 22759.1500,  3, 423.51, 44.840000000000146
167694, 22759.7900,  3, 318.70, 45.4900000000016
167701, 22760.5400,  3, 332.18, 46.20000000000073
167736, 22764.2900,  2, 260.65,  50
167736, 22764.2900,  2, 109.21,  50
168205, 22829.1500,  2, 347.19,  50
168205, 22829.1500,  2, 373.61,  50
168205, 22829.1500,  2, 330.63,  50
168205, 22829.1500,  2, 275.43,  50
168205, 22829.1500,  2, 166.25,  50
168205, 22829.1500,  2, 132.41,  50
168205, 22829.1500,  2, 282.57,  50
168205, 22829.1500,  2, 208.68,  50
168674, 22894.1000,  2, 327.44,  50
168674, 22894.1000,  2, 298.42,  50
168674, 22894.1000,  2, 32.00,  50
168674, 22894.1000,  2, 284.96,  50
168674, 22894.1000,  2, 258.13,  50
168674, 22894.1000,  2, 219.96,  50
168674, 22894.1000,  2, 182.61,  50
168674, 22894.1000,  2, 277.29,  50
169018, 22945.5200,  1, -55.87, 36.63000000000102
169047, 22948.6300,  3, 389.07, 39.70000000000073
169052, 22949.1700,  1, -103.07, 40.279999999998836
169076, 22951.7400,  1, 53.00, 42.85000000000218
169114, 22955.8100,  3, 360.40, 46.86999999999898
169143, 22958.9200,  2, 138.29,  50
169143, 22958.9200,  2, 154.35,  50
169143, 22958.9200,  2, 244.28,  50
169332, 22993.7700,  1, 35.93, 20.029999999998836
169479, 23009.5200,  1, 17.70, 35.779999999998836
169526, 23014.5600,  3, 459.12, 40.789999999997235
169546, 23016.7000,  3, 296.24, 42.88999999999942
169612, 23023.7700,  2, 428.81,  50
169612, 23023.7700,  2, 273.59,  50
169612, 23023.7700,  2, 176.80,  50
169612, 23023.7700,  2, 313.87,  50
169949, 23074.1500,  3, 317.59, 35.840000000000146
170002, 23079.8300,  3, 458.63, 41.52000000000044
170010, 23080.6900,  1, 80.24, 42.43000000000029
170010, 23080.6900,  1, -122.28, 42.43000000000029
170016, 23081.3300,  3, 450.46, 43.0
170037, 23083.5800,  3, 326.94, 45.27000000000044
170081, 23088.2900,  2, 82.23,  50
170081, 23088.2900,  2, 178.90,  50
170441, 23141.4700,  3, 351.75, 38.29000000000087
170445, 23141.9000,  3, 382.88, 38.72999999999956
170455, 23142.9700,  3, 499.36, 39.7400000000016
170460, 23143.5100,  3, 355.21, 40.29000000000087
170493, 23147.0400,  3, 369.93, 43.81999999999971
170502, 23148.0100,  3, 511.71, 44.86000000000058
170516, 23149.5100,  3, 396.48, 46.31999999999971
170518, 23149.7200,  3, 415.93, 46.530000000002474
170707, 23184.3300,  1, 80.54, 20.140000000003056
170707, 23184.3300,  1, 71.76, 20.140000000003056
170821, 23196.5400,  3, 447.96, 32.280000000002474
170840, 23198.5800,  3, 415.13, 34.31999999999971
170871, 23201.9000,  3, 478.06, 37.60000000000218
170881, 23202.9700,  3, 434.30, 38.70000000000073
170889, 23203.8300,  3, 443.83, 39.56999999999971
170895, 23204.4700,  3, 365.57, 40.26000000000204
170959, 23225.6000,  1, -23.74, 6.759999999998399
170959, 23225.6000,  1, -31.93, 6.759999999998399
171141, 23245.1000,  3, 440.64, 26.169999999998254
171151, 23246.1700,  3, 471.49, 27.270000000000437
171179, 23249.1700,  3, 429.03, 30.290000000000873
171183, 23249.6000,  3, 459.99, 30.729999999999563
171200, 23251.4200,  3, 486.93, 32.5099999999984
171200, 23251.4200,  3, 407.35, 32.54000000000087
171464, 23294.4400,  1, 26.41, 28.18000000000029
171532, 23301.7200,  3, 445.37, 35.38000000000102
171588, 23307.7200,  3, 355.95, 41.409999999999854
171617, 23310.8300,  3, 409.88, 44.54000000000087
171658, 23315.2200,  3, 367.56, 48.85000000000218
171668, 23316.2900,  2, 342.55,  50
171668, 23316.2900,  2, 313.65,  50
171668, 23316.2900,  2, 398.56,  50
171897, 23356.2700,  1, 52.78, 24.31000000000131
171897, 23356.2700,  1, 21.85, 24.31000000000131
171914, 23358.1000,  3, 447.87, 26.100000000002183
171921, 23358.8500,  3, 510.27, 26.790000000000873
171945, 23361.4200,  3, 503.79, 29.400000000001455
171953, 23362.2700,  3, 494.39, 30.260000000002037
172034, 23370.9500,  3, 469.66, 38.900000000001455
172137, 23381.9900,  2, 597.38,  50
172453, 23431.3600,  3, 373.48, 33.56000000000131
172527, 23439.2900,  3, 363.33, 41.54000000000087
172536, 23440.2600,  3, 332.58, 42.47999999999956
172606, 23447.7600,  2, 439.53,  50
172606, 23447.7600,  2, 260.15,  50
172606, 23447.7600,  2, 274.21,  50
172606, 23447.7600,  2, 400.33,  50
172606, 23447.7600,  2, 409.24,  50
172936, 23497.7200,  1, 24.96, 35.150000000001455
172986, 23503.0800,  3, 382.13, 40.47999999999956
172987, 23503.1900,  3, 400.61, 40.61000000000058
172990, 23503.5100,  3, 354.36, 40.86000000000058
172993, 23503.8300,  3, 406.38, 41.20999999999913
173001, 23504.6900,  3, 362.36, 42.02000000000044
173059, 23510.9000,  3, 380.63, 48.29000000000087
173075, 23512.6100,  2, 197.99,  50
173250, 23545.8300,  1, -12.23, 18.530000000002474
173250, 23545.8300,  1, -21.52, 18.530000000002474
173377, 23559.4400,  1, 84.47, 32.13999999999942
173525, 23575.2900,  3, 451.00, 47.92000000000189
173544, 23577.3300,  2, 377.10,  50
173544, 23577.3300,  2, 398.73,  50
173544, 23577.3300,  2, 280.35,  50
173544, 23577.3300,  2, 324.06,  50
173831, 23622.6300,  1, -6.94, 30.530000000002474
173831, 23622.6300,  1, 81.16, 30.530000000002474
173965, 23636.9900,  3, 376.65, 44.86000000000058
174000, 23640.7400,  3, 349.29, 48.63000000000102
174013, 23642.1300,  2, 71.64,  50
174013, 23642.1300,  2, 390.48,  50
174013, 23642.1300,  2, 343.74,  50
174013, 23642.1300,  2, 316.77,  50
174339, 23691.7700,  1, 44.48, 34.70999999999913
174351, 23693.0600,  1, 35.06, 36.0
174351, 23693.0600,  1, 65.76, 36.0
174437, 23702.2700,  3, 390.83, 45.109999999996944
174466, 23705.3800,  3, 414.46, 48.27000000000044
174482, 23707.1000,  2, 287.68,  50
174482, 23707.1000,  2, 407.22,  50
174482, 23707.1000,  2, 239.03,  50
174676, 23742.3800,  1, -28.67, 20.56999999999971
174676, 23742.3800,  1, 4.12, 20.56999999999971
174887, 23764.9900,  3, 384.65, 43.13999999999942
174951, 23771.8500,  2, 304.62,  50
174951, 23771.8500,  2, 390.58,  50
174951, 23771.8500,  2, 386.96,  50
174951, 23771.8500,  2, 391.67,  50
174951, 23771.8500,  2, 327.61,  50
175221, 23815.3500,  1, 77.50, 28.709999999999127
175326, 23826.6000,  3, 365.23, 39.92000000000189
175374, 23831.7400,  3, 450.84, 45.090000000000146
175384, 23832.8100,  3, 344.08, 46.13000000000102
175408, 23835.3800,  3, 315.26, 48.63999999999942
175413, 23835.9200,  3, 387.01, 49.20999999999913
175420, 23836.6700,  2, 23.45,  50
175420, 23836.6700,  2, 54.89,  50
175582, 23869.3600,  1, 59.47, 17.13000000000102
175582, 23869.3600,  1, 52.58, 17.13000000000102
175664, 23878.1500,  1, 120.17, 25.92000000000189
175664, 23878.1500,  1, -11.11, 25.92000000000189
175691, 23881.0400,  1, 64.22, 28.81000000000131
175691, 23881.0400,  1, 242.04, 28.81000000000131
175768, 23889.2900,  3, 405.51, 37.04999999999927
175848, 23897.8600,  3, 602.28, 45.60000000000218
175963, 23925.6500,  1, -1.59, 12.220000000001164
175963, 23925.6500,  1, 33.14, 12.220000000001164
176088, 23939.0400,  3, 430.12, 25.57999999999811
176141, 23944.7200,  3, 421.40, 31.18999999999869
176143, 23944.9400,  3, 466.11, 31.419999999998254
176166, 23947.4000,  3, 450.89, 33.909999999999854
176179, 23948.7900,  3, 531.12, 35.31000000000131
176316, 23963.4700,  2, 551.50,  50
176423, 23989.5200,  1, 2.52, 11.25
176423, 23989.5200,  1, -7.36, 11.25
176525, 24000.4500,  3, 487.56, 22.13000000000102
176589, 24007.3100,  3, 573.63, 28.979999999999563
176601, 24008.6000,  3, 454.76, 30.2599999999984
176615, 24010.1000,  3, 458.14, 31.81999999999971
176665, 24015.4500,  1, -28.21, 37.18000000000029
176703, 24019.5200,  3, 486.54, 41.159999999999854
176827, 24047.2400,  1, 136.16, 13.180000000000291
176827, 24047.2400,  1, -8.21, 13.180000000000291
176870, 24051.8500,  1, 14.79, 17.789999999997235
176928, 24058.0600,  3, 387.79, 23.989999999997963
176947, 24060.1000,  1, 113.94, 26.039999999997235
176967, 24062.2400,  3, 624.24, 28.099999999998545
177002, 24065.9900,  3, 471.59, 31.899999999997817
177003, 24066.1000,  3, 477.96, 32.0099999999984
177135, 24094.6300,  1, 32.68, 14.030000000002474
177202, 24101.8100,  1, 27.55, 21.210000000002765
177232, 24105.0200,  3, 404.54, 24.390000000003056
177234, 24105.2400,  3, 524.91, 24.600000000002183
177289, 24111.1300,  3, 476.83, 30.460000000002765
177343, 24116.9200,  3, 615.10, 36.280000000002474
177357, 24118.4200,  3, 423.29, 37.79000000000087
177360, 24118.7400,  3, 529.65, 38.080000000001746
177462, 24144.0200,  1, 44.81, 10.819999999999709
177488, 24146.8100,  1, 123.12, 13.610000000000582
177488, 24146.8100,  1, 82.70, 13.610000000000582
177589, 24157.6300,  3, 530.89, 24.340000000000146
177592, 24157.9500,  3, 426.73, 24.719999999997526
177615, 24160.4200,  3, 447.44, 27.110000000000582
177673, 24166.6300,  3, 443.70, 33.36999999999898
177676, 24166.9500,  3, 561.26, 33.70999999999913
177903, 24206.6500,  3, 398.81, 24.17000000000189
177915, 24207.9400,  3, 415.02, 25.44000000000233
177933, 24209.8600,  3, 432.88, 27.409999999999854
177947, 24211.3600,  1, 303.03, 28.92000000000189
177959, 24212.6500,  3, 399.40, 30.100000000002183
178037, 24221.0100,  1, 327.95, 38.56999999999971
178144, 24232.4700,  2, 451.08,  50
178144, 24232.4700,  2, 340.42,  50
178268, 24261.1300,  1, 12.92, 13.069999999999709
178268, 24261.1300,  1, -85.52, 13.069999999999709
178280, 24262.4200,  1, 15.29, 14.359999999996944
178360, 24270.9900,  3, 359.81, 22.909999999999854
178613, 24298.1000,  2, 235.84,  50
178613, 24298.1000,  2, 175.11,  50
178613, 24298.1000,  2, 228.54,  50
178613, 24298.1000,  2, 264.57,  50
178699, 24322.8300,  1, -78.79, 9.010000000002037
178699, 24322.8300,  1, -24.58, 9.010000000002037
178866, 24340.7200,  3, 371.29, 26.830000000001746
178906, 24345.0100,  3, 387.46, 31.099999999998545
178908, 24345.2200,  3, 328.20, 31.31000000000131
178972, 24352.0800,  3, 314.80, 38.20000000000073
179082, 24363.8600,  2, 287.60,  50
179082, 24363.8600,  2, 345.55,  50
179168, 24387.3500,  1, -88.49, 9.0
179204, 24391.2000,  1, 4.20, 12.850000000002183
179349, 24406.7400,  1, 28.59, 28.390000000003056
179397, 24411.8800,  1, 51.58, 33.530000000002474
179427, 24415.1000,  3, 338.39, 36.7400000000016
179454, 24417.9900,  1, 217.02, 39.640000000003056
179551, 24428.3800,  2, 254.97,  50
179551, 24428.3800,  2, 309.09,  50
179592, 24447.2000,  1, -124.86, 4.180000000000291
179593, 24447.3100,  1, -126.54, 4.290000000000873
179631, 24451.3800,  1, -135.65, 8.360000000000582
179747, 24463.8100,  1, -65.29, 20.790000000000873
179867, 24476.6700,  1, 31.56, 33.64999999999782
180020, 24493.0600,  2, 315.08,  50
180020, 24493.0600,  2, 219.09,  50
180020, 24493.0600,  2, 250.58,  50
180136, 24519.8800,  1, -64.67, 12.210000000002765
180140, 24520.3100,  1, 27.35, 12.640000000003056
180140, 24520.3100,  1, -43.73, 12.640000000003056
180142, 24520.5200,  1, 1.84, 12.850000000002183
180288, 24536.1700,  3, 433.21, 28.400000000001455
180293, 24536.7000,  3, 450.25, 28.93000000000029
180377, 24545.7000,  3, 303.79, 38.01000000000204
180413, 24549.5600,  3, 364.71, 41.780000000002474
180543, 24577.7900,  1, 49.90, 13.81000000000131
180566, 24580.2600,  1, 50.26, 16.279999999998836
180566, 24580.2600,  1, 99.68, 16.279999999998836
180568, 24580.4700,  1, 95.15, 16.4900000000016
180673, 24591.7200,  3, 466.78, 27.68000000000029
180677, 24592.1500,  3, 393.15, 28.11999999999898
180690, 24593.5400,  3, 402.76, 29.520000000000437
180702, 24594.8300,  3, 444.43, 30.7400000000016
180827, 24622.6500,  1, 20.46, 13.280000000002474
180827, 24622.6500,  1, 75.91, 13.280000000002474
180889, 24629.2900,  3, 438.26, 19.909999999999854
180916, 24632.1900,  3, 471.20, 22.790000000000873
180940, 24634.7600,  3, 485.23, 25.290000000000873
180953, 24636.1500,  3, 474.74, 26.67000000000189
180971, 24638.0800,  3, 533.60, 28.639999999999418
181007, 24641.9400,  3, 461.25, 32.5
181115, 24668.7400,  1, 66.83, 11.460000000002765
181115, 24668.7400,  1, 82.74, 11.460000000002765
181212, 24679.1300,  3, 505.82, 21.80000000000291
181286, 24687.0600,  3, 487.68, 29.729999999999563
181306, 24689.2000,  3, 555.44, 31.850000000002183
181323, 24691.0200,  3, 489.87, 33.69000000000233
181353, 24694.2400,  3, 517.78, 36.86000000000058
181364, 24695.4200,  3, 428.24, 38.13000000000102
181503, 24724.9400,  1, 81.90, 14.789999999997235
181503, 24724.9400,  1, 21.12, 14.789999999997235
181512, 24725.9000,  1, 132.38, 15.75
181512, 24725.9000,  1, 176.60, 15.75
181596, 24734.9000,  3, 496.07, 24.739999999997963
181644, 24740.0400,  3, 501.15, 29.840000000000146
181685, 24744.4400,  3, 592.71, 34.2699999999968
181826, 24759.5400,  3, 327.14, 49.32999999999811
181937, 24785.8800,  1, 73.57, 11.790000000000873
181937, 24785.8800,  1, 103.47, 11.790000000000873
181993, 24791.8800,  1, 153.90, 17.790000000000873
182058, 24798.8500,  3, 452.09, 24.75
182097, 24803.0200,  3, 471.60, 28.840000000000146
182149, 24808.6000,  3, 582.28, 34.45999999999913
182154, 24809.1300,  3, 510.08, 35.0099999999984
182204, 24814.4900,  3, 434.77, 40.31000000000131
182308, 24840.0400,  1, 82.79, 11.040000000000873
182402, 24850.1100,  3, 462.89, 21.020000000000437
182419, 24851.9400,  3, 512.67, 22.86999999999898
182429, 24853.0100,  3, 476.52, 23.900000000001455
182477, 24858.1500,  3, 491.20, 29.139999999999418
182485, 24859.0100,  3, 553.57, 29.979999999999563
182672, 24879.0400,  2, 107.53,  50
182672, 24879.0400,  2, -21.74,  50
182793, 24907.3500,  1, 93.43, 12.75
182793, 24907.3500,  1, 125.14, 12.75
182863, 24914.8500,  3, 503.81, 20.159999999999854
182891, 24917.8500,  3, 516.02, 23.159999999999854
182904, 24919.2400,  3, 512.23, 24.580000000001746
182908, 24919.6700,  3, 487.08, 25.020000000000437
182937, 24922.7700,  3, 557.80, 28.13000000000102
183141, 24944.6300,  2, 5.18,  50
183248, 24970.5200,  1, 23.71, 11.25
183248, 24970.5200,  1, 69.74, 11.25
183341, 24980.4900,  3, 478.68, 21.209999999999127
183361, 24982.6300,  3, 535.48, 23.2599999999984
183425, 24989.4900,  3, 417.25, 30.200000000000728
183429, 24989.9200,  3, 606.70, 30.590000000000146
183452, 24992.3800,  3, 508.01, 33.090000000000146
183486, 24996.0200,  3, 456.93, 36.720000000001164
183645, 25027.6700,  1, 125.19, 16.929999999996653
183647, 25027.8800,  1, 48.80, 17.139999999999418
183647, 25027.8800,  1, 115.55, 17.139999999999418
183660, 25029.2700,  1, 25.68, 18.529999999998836
183660, 25029.2700,  1, 177.18, 18.529999999998836
183737, 25037.5200,  3, 533.27, 26.719999999997526
183810, 25045.3500,  3, 627.69, 34.54999999999927
183935, 25058.7400,  3, 656.90, 47.909999999999854
184097, 25090.5800,  1, 145.86, 17.25
184097, 25090.5800,  1, 68.07, 17.25
184174, 25098.8300,  3, 480.16, 25.43999999999869
184200, 25101.6100,  3, 434.34, 28.209999999999127
184215, 25103.2200,  3, 555.11, 29.87999999999738
184285, 25110.7200,  3, 531.55, 37.349999999998545
184383, 25121.2200,  3, 410.89, 47.779999999998836
184403, 25123.3600,  2, 375.83,  50
184515, 25149.6300,  1, 98.23, 11.780000000002474
184529, 25151.1300,  1, 75.61, 13.280000000002474
184529, 25151.1300,  1, 145.94, 13.280000000002474
184574, 25155.9500,  1, 100.29, 18.100000000002183
184596, 25158.3100,  1, 76.35, 20.460000000002765
184612, 25160.0200,  3, 490.73, 22.080000000001746
184654, 25164.5200,  3, 485.64, 26.62000000000262
184737, 25173.4200,  1, 78.56, 35.56999999999971
184957, 25211.7600,  3, 509.59, 23.43000000000029
184965, 25212.6100,  3, 391.40, 24.279999999998836
185052, 25221.9400,  3, 407.90, 33.55999999999767
185055, 25222.2600,  3, 467.87, 33.89999999999782
185073, 25224.1900,  3, 591.97, 35.82999999999811
185201, 25237.9000,  3, 474.59, 49.52000000000044
185205, 25238.3300,  2, 137.92,  50
185205, 25238.3300,  2, 536.88,  50
185416, 25275.4900,  3, 452.78, 22.30000000000291
185466, 25280.8500,  1, 1.91, 27.75
185474, 25281.7000,  3, 515.06, 28.56000000000131
185498, 25284.2700,  3, 471.17, 31.06999999999971
185518, 25286.4200,  3, 413.56, 33.210000000002765
185575, 25292.5200,  3, 503.85, 39.37000000000262
185674, 25303.1300,  2, 541.92,  50
185674, 25303.1300,  2, 463.48,  50
185773, 25328.3100,  1, 56.38, 10.400000000001455
185773, 25328.3100,  1, 45.52, 10.400000000001455
185848, 25336.3500,  1, 138.55, 18.43999999999869
185848, 25336.3500,  1, 43.33, 18.43999999999869
186019, 25354.6700,  3, 524.07, 36.659999999999854
186040, 25356.9200,  3, 430.97, 38.95999999999913
186054, 25358.4200,  3, 564.85, 40.400000000001455
186143, 25367.9500,  2, 238.44,  50
186451, 25415.6500,  3, 357.01, 32.68000000000029
186451, 25415.6500,  3, 375.48, 32.67000000000189
186489, 25419.7200,  3, 359.70, 36.81999999999971
186492, 25420.0400,  3, 408.06, 37.150000000001455
186515, 25422.5100,  3, 310.47, 39.54000000000087
186528, 25423.9000,  3, 390.77, 41.01000000000204
186556, 25426.9000,  3, 291.80, 43.95000000000073
186612, 25432.9000,  2, 351.25,  50
186692, 25456.9700,  1, -68.46, 8.360000000000582
186692, 25456.9700,  1, -65.17, 8.360000000000582
187018, 25491.9000,  3, 450.72, 43.220000000001164
187060, 25496.4000,  3, 283.84, 47.779999999998836
187081, 25498.6500,  2, 296.62,  50
187081, 25498.6500,  2, 308.13,  50
187081, 25498.6500,  2, 267.99,  50
187081, 25498.6500,  3, 430.22, 49.95000000000073
187219, 25527.9000,  1, -42.74, 14.569999999999709
187219, 25527.9000,  1, -113.58, 14.569999999999709
187231, 25529.1900,  1, 23.60, 15.859999999996944
187355, 25542.4700,  3, 404.76, 29.109999999996944
187388, 25546.0100,  3, 415.12, 32.659999999999854
187412, 25548.5800,  3, 445.88, 35.17999999999665
187522, 25560.3600,  3, 433.17, 47.0199999999968
187550, 25563.3600,  2, 198.06,  50
187701, 25593.7900,  1, 73.91, 15.959999999999127
187701, 25593.7900,  1, 21.91, 15.959999999999127
187726, 25596.4700,  1, 149.16, 18.639999999999418
187786, 25602.9000,  1, 99.10, 25.06999999999971
187794, 25603.7600,  3, 461.31, 25.919999999998254
187819, 25606.4400,  1, 43.39, 28.609999999996944
187879, 25612.8600,  3, 532.45, 34.969999999997526
187884, 25613.4000,  3, 519.89, 35.47999999999956
187978, 25637.8800,  1, 2.58, 9.960000000002765
187978, 25637.8800,  1, 33.06, 9.960000000002765
188108, 25651.8100,  3, 456.46, 23.80000000000291
188109, 25651.9200,  3, 525.88, 23.92000000000189
188139, 25655.1300,  3, 524.01, 27.160000000003492
188162, 25657.6000,  3, 438.89, 29.580000000001746
188163, 25657.7000,  3, 682.65, 29.7400000000016
188352, 25677.9500,  2, 55.27,  50
188453, 25702.9400,  1, 63.56, 10.619999999998981
188453, 25702.9400,  1, 61.00, 10.619999999998981
188522, 25710.3300,  1, 21.45, 18.010000000002037
188522, 25710.3300,  1, 187.91, 18.010000000002037
188537, 25711.9400,  3, 460.71, 19.590000000000146
188564, 25714.8300,  3, 503.23, 22.459999999999127
188616, 25720.4000,  3, 523.65, 28.029999999998836
188624, 25721.2600,  3, 649.35, 28.840000000000146
188721, 25746.3100,  1, 38.63, 10.280000000002474
188721, 25746.3100,  1, 41.22, 10.280000000002474
188731, 25747.3800,  1, 84.93, 11.350000000002183
188731, 25747.3800,  1, 53.19, 11.350000000002183
188750, 25749.4200,  1, 85.60, 13.389999999999418
188814, 25756.2700,  3, 380.50, 20.150000000001455
188849, 25760.0200,  3, 546.83, 23.93000000000029
188872, 25762.4900,  3, 485.44, 26.37000000000262
188937, 25783.9500,  1, -33.87, 6.850000000002183
188967, 25787.1700,  1, 90.04, 10.069999999999709
188967, 25787.1700,  1, 75.90, 10.069999999999709
188973, 25787.8100,  1, 74.01, 10.710000000002765
188973, 25787.8100,  1, 14.95, 10.710000000002765
189116, 25803.1300,  3, 528.77, 25.93000000000029
189149, 25806.6700,  3, 529.34, 29.520000000000437
189201, 25812.2400,  3, 519.38, 35.13000000000102
189306, 25838.1700,  1, 72.89, 11.139999999999418
189306, 25838.1700,  1, 65.27, 11.139999999999418
189395, 25847.7000,  1, 70.90, 20.67000000000189
189395, 25847.7000,  1, 148.85, 20.67000000000189
189439, 25852.4200,  3, 525.12, 25.38000000000102
189449, 25853.4900,  3, 487.88, 26.389999999999418
189472, 25855.9500,  1, 324.48, 28.92000000000189
189486, 25857.4500,  3, 560.97, 30.350000000002183
189604, 25884.7900,  1, 92.17, 12.530000000002474
189604, 25884.7900,  1, 100.82, 12.530000000002474
189684, 25893.3600,  3, 511.17, 21.020000000000437
189689, 25893.9000,  3, 464.49, 21.580000000001746
189705, 25895.6100,  3, 534.92, 23.340000000000146
189711, 25896.2600,  3, 509.89, 23.9900000000016
189725, 25897.7600,  3, 552.63, 25.400000000001455
189751, 25900.5400,  3, 629.40, 28.220000000001164
189814, 25921.6700,  1, -56.19, 6.639999999999418
189814, 25921.6700,  1, 2.50, 6.639999999999418
189932, 25934.3100,  3, 420.57, 19.19000000000233
189987, 25940.2000,  3, 524.64, 25.150000000001455
190000, 25941.6000,  3, 469.41, 26.520000000000437
190003, 25941.9200,  3, 485.36, 26.81000000000131
190013, 25942.9900,  3, 554.40, 27.92000000000189
190077, 25949.8500,  3, 498.26, 34.780000000002474
190162, 25973.5100,  1, 54.04, 9.0
190203, 25977.9000,  1, 45.13, 13.390000000003056
190217, 25979.4000,  1, 54.04, 14.890000000003056
190283, 25986.4700,  3, 440.64, 21.93000000000029
190291, 25987.3300,  3, 432.45, 22.7400000000016
190330, 25991.5100,  3, 605.85, 26.9800000000032
190333, 25991.8300,  3, 553.14, 27.2300000000032
190545, 26014.5400,  2, 141.74,  50
190615, 26036.6000,  1, 3.77, 7.289999999997235
190615, 26036.6000,  1, -26.25, 7.289999999997235
190740, 26049.9900,  3, 462.20, 20.61999999999898
190757, 26051.8100,  3, 446.00, 22.43000000000029
190782, 26054.4900,  3, 419.32, 25.149999999997817
190790, 26055.3500,  3, 592.62, 25.94999999999709
190835, 26060.1700,  3, 557.04, 30.840000000000146
190937, 26071.1000,  3, 724.76, 41.77000000000044
191045, 26097.0600,  1, 43.16, 11.470000000001164
191111, 26104.1300,  3, 405.73, 18.529999999998836
191118, 26104.8800,  3, 441.29, 19.200000000000728
191125, 26105.6300,  3, 462.96, 20.020000000000437
191143, 26107.5600,  3, 499.74, 21.889999999999418
191177, 26111.2000,  3, 487.46, 25.590000000000146
191201, 26113.7700,  3, 511.59, 28.090000000000146
191218, 26115.6000,  3, 415.64, 29.970000000001164
191347, 26143.9700,  1, 36.29, 13.720000000001164
191353, 26144.6100,  1, 72.38, 14.360000000000582
191364, 26145.7900,  1, 57.60, 15.540000000000873
191364, 26145.7900,  1, 158.70, 15.540000000000873
191383, 26147.8300,  1, 69.66, 17.580000000001746
191383, 26147.8300,  1, 178.15, 17.580000000001746
191548, 26165.5100,  3, 387.01, 35.159999999999854
191686, 26180.2900,  2, 329.44,  50
191790, 26206.0100,  1, 29.64, 10.93999999999869
191790, 26206.0100,  1, 44.10, 10.93999999999869
191813, 26208.4700,  1, 95.70, 13.400000000001455
192001, 26228.6100,  3, 338.13, 33.52000000000044
192010, 26229.5800,  3, 545.60, 34.470000000001164
192060, 26234.9400,  3, 336.56, 39.840000000000146
192155, 26245.1100,  2, 382.87,  50
192155, 26245.1100,  2, 375.96,  50
192271, 26272.1100,  1, 47.55, 12.209999999999127
192272, 26272.2200,  1, 42.31, 12.319999999999709
192304, 26275.6500,  1, 75.31, 15.75
192304, 26275.6500,  1, 53.94, 15.75
192304, 26275.6500,  1, -11.50, 15.75
192427, 26288.8300,  3, 451.21, 28.87999999999738
192478, 26294.2900,  3, 531.01, 34.349999999998545
192624, 26309.9400,  2, 310.01,  50
192722, 26335.9700,  1, 30.88, 10.290000000000873
192758, 26339.8300,  1, 74.38, 14.150000000001455
192759, 26339.9400,  1, -24.85, 14.2599999999984
193093, 26375.7200,  2, 334.86,  50
193093, 26375.7200,  2, 287.90,  50
193093, 26375.7200,  2, 277.81,  50
193093, 26375.7200,  2, 325.37,  50
193093, 26375.7200,  2, 204.84,  50
193219, 26403.8800,  1, 0.55, 13.280000000002474
193219, 26403.8800,  1, 35.70, 13.280000000002474
193313, 26413.9500,  3, 415.36, 23.290000000000873
193345, 26417.3800,  3, 370.13, 26.69000000000233
193359, 26418.8800,  3, 406.33, 28.2300000000032
193372, 26420.2700,  3, 404.97, 29.63000000000102
193554, 26439.7700,  3, 435.91, 49.140000000003056
193562, 26440.6300,  2, 391.09,  50
193774, 26478.5400,  3, 470.60, 22.450000000000728
193783, 26479.5100,  3, 451.18, 23.389999999999418
193799, 26481.2200,  3, 428.70, 25.139999999999418
193816, 26483.0400,  3, 433.73, 26.979999999999563
193819, 26483.3600,  3, 479.29, 27.279999999998836
193824, 26483.9000,  3, 513.73, 27.840000000000146
193843, 26485.9400,  3, 492.47, 29.86999999999898
193845, 26486.1500,  3, 622.58, 30.029999999998836
193920, 26508.5100,  1, 13.29, 7.93999999999869
193952, 26511.9400,  1, -32.37, 11.369999999998981
194070, 26524.5800,  3, 488.79, 23.909999999999854
194075, 26525.1100,  3, 484.52, 24.450000000000728
194086, 26526.2900,  3, 485.09, 25.68000000000029
194087, 26526.4000,  3, 601.85, 25.81999999999971
194100, 26527.7900,  3, 567.59, 27.13000000000102
194116, 26529.5100,  3, 588.32, 28.900000000001455
194235, 26556.5600,  1, -1.34, 12.640000000003056
194322, 26565.8800,  3, 484.80, 21.950000000000728
194368, 26570.8100,  3, 544.64, 26.80000000000291
194369, 26570.9200,  3, 528.16, 26.950000000000728
194370, 26571.0200,  3, 540.95, 27.0
194387, 26572.8500,  3, 547.73, 28.850000000002183
194406, 26574.8800,  3, 494.42, 30.94000000000233
194584, 26593.9500,  2, 289.97,  50
194776, 26629.9700,  3, 492.22, 20.31999999999971
194785, 26630.9400,  3, 456.56, 21.299999999999272
194809, 26633.5100,  3, 487.83, 23.889999999999418
194823, 26635.0100,  3, 528.91, 25.36999999999898
194825, 26635.2200,  3, 538.14, 25.5099999999984
194825, 26635.2200,  3, 396.77, 25.520000000000437
194833, 26636.0800,  3, 464.20, 26.43999999999869
194838, 26636.6100,  1, 127.63, 27.0
194974, 26665.5800,  1, 52.92, 14.360000000000582
194975, 26665.6900,  1, -20.90, 14.469999999997526
195039, 26672.5400,  3, 460.92, 21.2599999999984
195060, 26674.7900,  3, 462.45, 23.55999999999767
195079, 26676.8300,  3, 498.81, 25.539999999997235
195106, 26679.7200,  3, 479.66, 28.44999999999709
195120, 26681.2200,  3, 500.67, 29.959999999999127
195121, 26681.3300,  3, 535.24, 30.0
195218, 26706.1700,  1, 40.37, 10.289999999997235
195218, 26706.1700,  1, 23.72, 10.289999999997235
195321, 26717.2000,  3, 458.80, 21.30999999999767
195330, 26718.1700,  3, 508.89, 22.229999999999563
195335, 26718.7000,  3, 521.96, 22.799999999999272
195376, 26723.1000,  3, 492.48, 27.11999999999898
195410, 26726.7400,  3, 377.14, 30.789999999997235
195427, 26728.5600,  3, 465.81, 32.590000000000146
195519, 26752.7600,  1, 78.73, 9.75
195519, 26752.7600,  1, -13.07, 9.75
195532, 26754.1500,  1, 82.22, 11.140000000003056
195532, 26754.1500,  1, 82.42, 11.140000000003056
195567, 26757.9000,  1, 74.92, 14.890000000003056
195580, 26759.2900,  1, 153.64, 16.280000000002474
195580, 26759.2900,  1, 71.81, 16.280000000002474
195680, 26770.0100,  3, 476.53, 26.9900000000016
195899, 26808.1700,  3, 518.55, 23.30999999999767
195902, 26808.4900,  3, 463.97, 23.609999999996944
195913, 26809.6700,  3, 499.00, 24.840000000000146
195930, 26811.4900,  3, 493.43, 26.639999999999418
195937, 26812.2400,  3, 502.85, 27.399999999997817
195954, 26814.0600,  3, 504.30, 29.229999999999563
195981, 26816.9500,  3, 499.10, 32.109999999996944
195984, 26817.2700,  3, 493.12, 32.36999999999898
196181, 26852.4200,  1, 106.88, 21.0
196183, 26852.6300,  3, 495.41, 21.17000000000189
196200, 26854.4500,  3, 534.78, 23.0
196207, 26855.2000,  3, 471.28, 23.7300000000032
196249, 26859.7000,  3, 479.12, 28.2400000000016
196255, 26860.3500,  3, 441.77, 28.92000000000189
196257, 26860.5600,  3, 523.13, 29.080000000001746
196317, 26866.9900,  3, 625.69, 35.460000000002765
196462, 26897.0200,  1, 114.51, 15.420000000001892
196462, 26897.0200,  1, 38.78, 15.420000000001892
196466, 26897.4500,  1, 90.99, 15.850000000002183
196466, 26897.4500,  1, 163.22, 15.850000000002183
196514, 26902.6000,  3, 450.66, 20.900000000001455
196534, 26904.7400,  3, 480.58, 23.06000000000131
196577, 26909.3500,  3, 527.63, 27.640000000003056
196616, 26913.5200,  3, 479.06, 31.900000000001455
196730, 26941.0800,  1, 99.51, 12.110000000000582
196758, 26944.0800,  1, 37.92, 15.110000000000582
196778, 26946.2200,  1, 93.95, 17.25
196822, 26950.9400,  3, 487.86, 21.909999999999854
196838, 26952.6500,  3, 388.05, 23.590000000000146
196854, 26954.3600,  3, 510.21, 25.349999999998545
196899, 26959.1900,  3, 487.26, 30.18999999999869
197007, 26970.7600,  3, 417.06, 41.7599999999984
197132, 26998.4900,  1, -15.01, 13.280000000002474
197132, 26998.4900,  1, 79.44, 13.280000000002474
197154, 27000.8500,  1, 73.33, 15.639999999999418
197165, 27002.0200,  1, 31.14, 16.81000000000131
197240, 27010.0600,  3, 385.07, 24.75
197245, 27010.6000,  3, 484.29, 25.290000000000873
197245, 27010.6000,  3, 490.19, 25.330000000001746
197249, 27011.0200,  3, 387.60, 25.720000000001164
197391, 27040.9400,  1, 136.46, 15.109999999996944
197391, 27040.9400,  1, -4.83, 15.109999999996944
197448, 27047.0400,  3, 434.79, 21.18999999999869
197461, 27048.4400,  3, 507.86, 22.5199999999968
197468, 27049.1900,  3, 442.24, 23.30999999999767
197500, 27052.6100,  3, 462.74, 26.69999999999709
197599, 27063.2200,  3, 483.81, 37.349999999998545
197600, 27063.3300,  3, 425.14, 37.45999999999913
197672, 27085.3800,  1, -36.47, 7.600000000002183
197672, 27085.3800,  1, 12.03, 7.600000000002183
197802, 27099.3100,  3, 519.40, 21.510000000002037
197827, 27101.9900,  3, 451.94, 24.159999999999854
197865, 27106.0600,  3, 441.75, 28.200000000000728
197910, 27110.8800,  3, 421.81, 33.090000000000146
197919, 27111.8500,  3, 462.32, 33.970000000001164
197982, 27118.6000,  3, 431.71, 40.79000000000087
198136, 27149.6000,  1, 32.68, 16.389999999999418
198136, 27149.6000,  1, 99.44, 16.389999999999418
198151, 27151.2000,  3, 400.99, 17.970000000001164
198168, 27153.0200,  3, 454.09, 19.7400000000016
198180, 27154.3100,  3, 447.48, 21.0
198245, 27161.2700,  3, 478.51, 27.9900000000016
198252, 27162.0200,  3, 404.82, 28.770000000000437
198321, 27169.4200,  3, 598.33, 36.10000000000218
198444, 27197.3500,  1, 54.51, 13.079999999998108
198456, 27198.6300,  1, 85.72, 14.360000000000582
198464, 27199.4900,  1, 0.40, 15.220000000001164
198489, 27202.1700,  3, 393.65, 17.889999999999418
198544, 27208.0600,  3, 530.05, 23.68999999999869
198556, 27209.3500,  3, 434.58, 25.029999999998836
198558, 27209.5600,  3, 477.33, 25.200000000000728
198623, 27216.5200,  3, 450.71, 32.22999999999956
198835, 27253.7400,  3, 448.85, 22.599999999998545
198843, 27254.6000,  3, 445.28, 23.419999999998254
198848, 27255.1300,  3, 462.86, 23.959999999999127
198854, 27255.7700,  3, 459.37, 24.55999999999767
198865, 27256.9500,  3, 483.71, 25.719999999997526
198883, 27258.8800,  3, 389.61, 27.700000000000728
198913, 27262.1000,  1, 205.86, 30.969999999997526
198917, 27262.5200,  3, 588.32, 31.360000000000582
199089, 27295.3800,  1, 120.93, 18.31999999999971
199096, 27296.1300,  3, 404.84, 18.979999999999563
199117, 27298.3800,  3, 408.14, 21.219999999997526
199162, 27303.2000,  3, 560.53, 26.11999999999898
199168, 27303.8500,  3, 426.53, 26.709999999999127
199170, 27304.0600,  3, 425.91, 26.959999999999127
199200, 27307.2700,  3, 458.15, 30.11999999999898
199210, 27308.3500,  3, 491.82, 31.229999999999563
199319, 27335.3500,  1, 63.39, 11.579999999998108
199319, 27335.3500,  1, 86.33, 11.579999999998108
199354, 27339.1000,  1, 132.41, 15.329999999998108
199354, 27339.1000,  1, 76.20, 15.329999999998108
199429, 27347.1300,  3, 558.99, 23.31000000000131
199437, 27347.9900,  3, 467.10, 24.18999999999869
199438, 27348.1000,  3, 477.74, 24.31000000000131
199442, 27348.5200,  3, 418.18, 24.720000000001164
199518, 27371.1500,  1, -26.41, 8.040000000000873
199518, 27371.1500,  1, 17.14, 8.040000000000873
199585, 27378.3300,  1, 171.77, 15.220000000001164
199585, 27378.3300,  1, 130.11, 15.220000000001164
199651, 27385.4000,  3, 482.69, 22.270000000000437
199666, 27387.0100,  3, 406.69, 23.849999999998545
199677, 27388.1900,  3, 518.94, 25.020000000000437
199684, 27388.9400,  3, 362.22, 25.729999999999563
199787, 27414.4400,  1, 24.17, 10.93999999999869
199787, 27414.4400,  1, 0.92, 10.93999999999869
199793, 27415.0800,  1, 94.02, 11.580000000001746
199793, 27415.0800,  1, 28.30, 11.580000000001746
199934, 27430.1900,  3, 503.40, 26.590000000000146
199944, 27431.2600,  3, 503.13, 27.75
199966, 27433.6100,  3, 528.04, 30.049999999999272
199973, 27434.3600,  3, 527.19, 30.770000000000437
200022, 27454.0200,  1, -56.80, 5.130000000001019
200022, 27454.0200,  1, -76.06, 5.130000000001019
200101, 27462.4900,  1, -54.47, 13.600000000002183
200101, 27462.4900,  1, 103.68, 13.600000000002183
200176, 27470.5200,  3, 495.21, 21.549999999999272
200203, 27473.4200,  3, 498.07, 24.5
200249, 27478.3500,  3, 612.95, 29.350000000002183
200279, 27481.5600,  3, 725.16, 32.61999999999898
200433, 27512.6000,  1, 158.91, 16.389999999999418
200433, 27512.6000,  1, 137.48, 16.389999999999418
200452, 27514.6300,  3, 451.41, 18.330000000001746
200491, 27518.8100,  3, 500.89, 22.540000000000873
200492, 27518.9200,  3, 508.93, 22.68000000000029
200494, 27519.1300,  3, 517.94, 22.909999999999854
200504, 27520.2000,  3, 461.14, 23.950000000000728
200507, 27520.5200,  3, 506.25, 24.290000000000873
200610, 27546.0100,  1, 47.63, 10.93999999999869
200610, 27546.0100,  1, 30.04, 10.93999999999869
200635, 27548.6900,  1, -27.78, 13.619999999998981
200635, 27548.6900,  1, 165.12, 13.619999999998981
200722, 27558.0100,  3, 543.24, 22.93000000000029
200726, 27558.4400,  1, 6.08, 23.36999999999898
200753, 27561.3300,  3, 482.78, 26.209999999999127
200793, 27565.6100,  3, 555.02, 30.4900000000016
200898, 27591.6000,  1, 24.84, 11.149999999997817
200898, 27591.6000,  1, 87.76, 11.149999999997817
200903, 27592.1300,  1, 85.21, 11.680000000000291
200903, 27592.1300,  1, 13.80, 11.680000000000291
200990, 27601.4500,  3, 487.01, 20.899999999997817
200998, 27602.3100,  3, 448.73, 21.82999999999811
201016, 27604.2400,  3, 496.95, 23.700000000000728
201031, 27605.8500,  3, 592.29, 25.38000000000102
201160, 27634.2200,  1, 122.19, 13.720000000001164
201174, 27635.7200,  1, 39.84, 15.220000000001164
201250, 27643.8600,  3, 442.99, 23.330000000001746
201263, 27645.2600,  1, 90.26, 24.7599999999984
201278, 27646.8600,  3, 534.01, 26.349999999998545
201296, 27648.7900,  3, 520.82, 28.209999999999127
201302, 27649.4400,  3, 568.64, 28.860000000000582
201360, 27655.6500,  3, 423.81, 35.13000000000102
201471, 27682.1100,  1, 69.15, 11.779999999998836
201471, 27682.1100,  1, 110.05, 11.779999999998836
201494, 27684.5800,  1, -29.54, 14.25
201494, 27684.5800,  1, 114.47, 14.25
201572, 27692.9400,  3, 497.93, 22.529999999998836
201583, 27694.1100,  3, 475.04, 23.75
201595, 27695.4000,  3, 460.10, 25.039999999997235
201610, 27697.0100,  3, 527.09, 26.599999999998545
201682, 27720.2700,  1, -14.36, 7.610000000000582
201682, 27720.2700,  1, -17.51, 7.610000000000582
201835, 27736.6700,  3, 499.74, 24.0
201862, 27739.5600,  3, 500.93, 26.88000000000102
201869, 27740.3100,  3, 432.83, 27.61999999999898
201893, 27742.8800,  3, 486.59, 30.110000000000582
201925, 27746.3100,  3, 580.47, 33.61999999999898
201934, 27747.2700,  3, 504.14, 34.56999999999971
202035, 27772.3800,  1, 77.03, 10.710000000002765
202035, 27772.3800,  1, 14.30, 10.710000000002765
202049, 27773.8800,  1, 77.01, 12.210000000002765
202049, 27773.8800,  1, 76.17, 12.210000000002765
202098, 27779.1300,  1, 240.89, 17.460000000002765
202151, 27784.8100,  3, 494.17, 23.080000000001746
202170, 27786.8500,  3, 465.90, 25.070000000003347
202220, 27792.2000,  3, 568.32, 30.44000000000233
202362, 27822.1100,  1, 151.43, 15.110000000000582
202362, 27822.1100,  1, 48.29, 15.110000000000582
202368, 27822.7600,  1, 176.24, 15.7599999999984
202368, 27822.7600,  1, 97.48, 15.7599999999984
202373, 27823.2900,  1, 10.26, 16.290000000000873
202390, 27825.1100,  1, 107.59, 18.110000000000582
202419, 27828.2200,  3, 496.04, 21.169999999998254
202480, 27834.7600,  3, 479.66, 27.709999999999127
202557, 27857.4900,  1, -1.97, 8.150000000001455
202557, 27857.4900,  1, -25.69, 8.150000000001455
202640, 27866.3800,  1, 131.13, 17.040000000000873
202640, 27866.3800,  1, 50.17, 17.040000000000873
202712, 27874.1000,  3, 504.09, 24.729999999999563
202720, 27874.9500,  3, 509.38, 25.599999999998545
202726, 27875.6000,  3, 571.85, 26.18000000000029
202733, 27876.3500,  3, 468.68, 26.93999999999869
202797, 27897.6100,  1, -29.97, 6.75
202797, 27897.6100,  1, -6.12, 6.75
202845, 27902.7600,  1, 23.45, 11.899999999997817
202845, 27902.7600,  1, -28.92, 11.899999999997817
202904, 27909.0800,  1, 111.98, 18.220000000001164
202940, 27912.9400,  3, 464.74, 22.049999999999272
202964, 27915.5100,  3, 561.65, 24.549999999999272
202969, 27916.0400,  3, 498.45, 25.149999999997817
203065, 27941.0200,  1, 44.80, 10.170000000001892
203065, 27941.0200,  1, 59.45, 10.170000000001892
203083, 27942.9500,  1, 53.18, 12.100000000002183
203083, 27942.9500,  1, 28.52, 12.100000000002183
203166, 27951.8500,  3, 475.38, 20.909999999999854
203173, 27952.6000,  3, 461.81, 21.659999999999854
203207, 27956.2400,  3, 495.13, 25.31999999999971
203296, 27965.7700,  3, 444.65, 34.890000000003056
203424, 27993.9200,  1, 51.20, 13.609999999996944
203424, 27993.9200,  1, -37.22, 13.609999999996944
203441, 27995.7400,  1, 116.70, 15.430000000000291
203448, 27996.4900,  1, 96.70, 16.18000000000029
203504, 28002.4900,  3, 453.32, 22.169999999998254
203554, 28007.8500,  3, 519.16, 27.5
203556, 28008.0600,  3, 541.22, 27.68000000000029
203561, 28008.6000,  3, 502.95, 28.209999999999127
203690, 28036.9400,  1, 21.94, 13.719999999997526
203690, 28036.9400,  1, 76.07, 13.719999999997526
203780, 28046.5800,  3, 488.91, 23.289999999997235
203785, 28047.1100,  3, 532.14, 23.799999999999272
203793, 28047.9700,  3, 473.98, 24.68000000000029
203799, 28048.6100,  3, 593.80, 25.31999999999971
203821, 28050.9700,  1, 85.97, 27.75
203856, 28054.7200,  3, 525.56, 31.469999999997526
204050, 28090.7200,  3, 492.17, 20.590000000000146
204056, 28091.3600,  3, 479.28, 21.30999999999767
204060, 28091.7900,  3, 492.38, 21.68999999999869
204092, 28095.2200,  3, 500.91, 25.139999999999418
204103, 28096.4000,  3, 466.98, 26.30999999999767
204112, 28097.3600,  1, 157.50, 27.31999999999971
204155, 28101.9700,  3, 530.22, 31.849999999998545
204221, 28109.0400,  3, 610.23, 38.909999999999854
204348, 28137.0800,  1, 30.39, 13.510000000002037
204348, 28137.0800,  1, 134.41, 13.510000000002037
204459, 28148.9700,  1, 75.97, 25.400000000001455
204463, 28149.4000,  3, 508.05, 25.790000000000873
204471, 28150.2600,  3, 449.99, 26.68000000000029
204479, 28151.1100,  3, 470.36, 27.459999999999127
204491, 28152.4000,  3, 543.18, 28.760000000002037
204661, 28170.6100,  3, 690.79, 47.0
204793, 28199.2200,  1, 49.04, 14.040000000000873
204793, 28199.2200,  1, 34.84, 14.040000000000873
204825, 28202.6500,  1, 13.81, 17.470000000001164
204857, 28206.0800,  3, 458.95, 20.790000000000873
204939, 28214.8600,  3, 593.80, 29.669999999998254
204952, 28216.2600,  3, 597.63, 31.06999999999971
204955, 28216.5800,  3, 537.05, 31.38000000000102
204996, 28220.9700,  3, 721.51, 35.779999999998836
205068, 28242.9700,  1, 33.21, 7.610000000000582
205068, 28242.9700,  1, 2.42, 7.610000000000582
205222, 28259.4700,  3, 481.20, 24.06999999999971
205227, 28260.0100,  3, 495.40, 24.639999999999418
205253, 28262.7900,  3, 629.20, 27.360000000000582
205288, 28266.5400,  3, 552.47, 31.099999999998545
205302, 28268.0400,  3, 473.64, 32.64999999999782
205329, 28270.9400,  3, 543.31, 35.55999999999767
205498, 28303.4700,  1, 62.40, 18.0
205498, 28303.4700,  1, 116.04, 18.0
205527, 28306.5800,  3, 444.18, 21.06999999999971
205536, 28307.5400,  3, 453.24, 21.989999999997963
205549, 28308.9400,  3, 507.87, 23.419999999998254
205556, 28309.6900,  3, 536.67, 24.209999999999127
205575, 28311.7200,  3, 546.92, 26.18999999999869
205593, 28313.6500,  3, 547.31, 28.090000000000146
205790, 28350.2000,  3, 509.90, 20.900000000001455
205809, 28352.2400,  3, 520.08, 22.93000000000029
205816, 28352.9900,  3, 510.18, 23.75
205824, 28353.8500,  3, 533.31, 24.580000000001746
205825, 28353.9500,  3, 475.05, 24.720000000001164
205839, 28355.4500,  3, 516.38, 26.17000000000189
205843, 28355.8800,  1, 52.99, 26.67000000000189
205920, 28364.1300,  3, 510.00, 34.900000000001455
206030, 28390.3500,  1, 60.32, 11.680000000000291
206081, 28395.8100,  1, 25.72, 17.140000000003056
206081, 28395.8100,  1, 158.10, 17.140000000003056
206115, 28399.4500,  3, 458.73, 20.75
206126, 28400.6300,  3, 443.46, 21.910000000003492
206189, 28407.3800,  3, 520.08, 28.600000000002183
206211, 28409.7400,  3, 528.84, 30.970000000001164
206216, 28410.2700,  3, 636.30, 31.570000000003347
206330, 28436.6900,  1, 7.17, 12.109999999996944
206386, 28442.6900,  1, 249.25, 18.109999999996944
206386, 28442.6900,  1, 205.04, 18.109999999996944
206398, 28443.9700,  3, 423.17, 19.32999999999811
206430, 28447.4000,  3, 509.35, 22.80999999999767
206450, 28449.5400,  3, 592.31, 24.899999999997817
206467, 28451.3600,  3, 453.90, 26.7599999999984
206529, 28458.0100,  3, 391.48, 33.37999999999738
206675, 28488.1500,  1, 128.32, 15.540000000000873
206675, 28488.1500,  1, 113.47, 15.540000000000873
206725, 28493.5100,  3, 438.19, 20.82999999999811
206739, 28495.0100,  3, 458.06, 22.299999999999272
206750, 28496.1900,  3, 487.66, 23.55999999999767
206765, 28497.7900,  3, 590.13, 25.099999999998545
206777, 28499.0800,  3, 474.03, 26.459999999999127
206800, 28501.5400,  3, 460.05, 28.860000000000582
206952, 28532.2900,  1, 176.16, 16.18000000000029
206952, 28532.2900,  1, 49.24, 16.18000000000029
207011, 28538.6100,  3, 498.10, 22.479999999999563
207023, 28539.9000,  3, 467.51, 23.709999999999127
207024, 28540.0100,  3, 493.73, 23.849999999998545
207037, 28541.4000,  3, 455.23, 25.25
207051, 28542.9000,  3, 513.56, 26.709999999999127
207083, 28546.3300,  3, 543.26, 30.11999999999898
207168, 28570.6300,  1, -39.49, 8.9900000000016
207168, 28570.6300,  1, -25.71, 8.9900000000016
207232, 28577.4900,  1, 72.02, 15.850000000002183
207293, 28584.0200,  1, 214.18, 22.38000000000102
207293, 28584.0200,  1, 294.22, 22.38000000000102
207302, 28584.9900,  3, 509.58, 23.279999999998836
207312, 28586.0600,  3, 520.67, 24.36999999999898
207320, 28586.9200,  3, 527.31, 25.2400000000016
207527, 28623.5100,  3, 426.43, 22.040000000000873
207533, 28624.1500,  3, 500.77, 22.659999999999854
207541, 28625.0100,  3, 502.16, 23.529999999998836
207543, 28625.2200,  3, 543.89, 23.7599999999984
207552, 28626.1900,  3, 522.10, 24.720000000001164
207553, 28626.2900,  3, 502.54, 24.799999999999272
207557, 28626.7200,  3, 553.10, 25.209999999999127
207599, 28631.2200,  3, 503.90, 29.770000000000437
207686, 28655.1000,  1, 25.11, 9.219999999997526
207686, 28655.1000,  1, -11.93, 9.219999999997526
207722, 28658.9500,  1, 128.47, 13.069999999999709
207722, 28658.9500,  1, 101.00, 13.069999999999709
207826, 28670.1000,  3, 475.53, 24.11999999999898
207839, 28671.4900,  3, 466.62, 25.56999999999971
207881, 28675.9900,  3, 452.94, 30.05999999999767
207915, 28679.6300,  3, 529.59, 33.719999999997526
208128, 28717.1500,  3, 495.97, 22.63000000000102
208131, 28717.4700,  3, 435.80, 22.979999999999563
208156, 28720.1500,  3, 552.11, 25.669999999998254
208164, 28721.0100,  3, 525.23, 26.479999999999563
208170, 28721.6500,  3, 454.03, 27.150000000001455
208190, 28723.7900,  3, 496.86, 29.32999999999811
208203, 28725.1900,  3, 567.19, 30.659999999999854
208260, 28731.2900,  3, 500.26, 36.79000000000087
208408, 28761.6100,  1, -24.80, 15.7400000000016
208427, 28763.6500,  1, 93.00, 17.780000000002474
208453, 28766.4400,  3, 458.79, 20.549999999999272
208456, 28766.7600,  3, 474.91, 20.87000000000262
208482, 28769.5400,  3, 403.65, 23.639999999999418
208505, 28772.0100,  3, 475.53, 26.040000000000873
208526, 28774.2600,  3, 472.08, 28.299999999999272
208535, 28775.2200,  3, 644.71, 29.270000000000437
208604, 28797.1500,  1, -44.20, 7.290000000000873
208604, 28797.1500,  1, 5.69, 7.290000000000873
208666, 28803.7900,  1, 120.21, 13.930000000000291
208751, 28812.9000,  3, 549.82, 22.93000000000029
208751, 28812.9000,  3, 429.34, 22.950000000000728
208751, 28812.9000,  3, 444.85, 22.93999999999869
208776, 28815.5800,  3, 448.29, 25.649999999997817
208850, 28823.5100,  3, 578.48, 33.54999999999927
209056, 28860.8300,  3, 538.75, 21.860000000000582
209057, 28860.9400,  3, 400.81, 22.010000000002037
209066, 28861.9000,  3, 514.93, 23.010000000002037
209072, 28862.5400,  3, 483.38, 23.600000000002183
209096, 28865.1100,  3, 585.63, 26.200000000000728
209102, 28865.7600,  3, 511.23, 26.87000000000262
209124, 28868.1100,  3, 503.91, 29.159999999999854
209147, 28870.5800,  3, 605.94, 31.659999999999854
209336, 28905.0200,  3, 469.23, 20.100000000002183
209381, 28909.8500,  3, 500.45, 24.86999999999898
209385, 28910.2700,  3, 443.40, 25.340000000000146
209389, 28910.7000,  3, 395.22, 25.790000000000873
209403, 28912.2000,  1, 410.25, 27.31000000000131
209412, 28913.1700,  3, 403.31, 28.220000000001164
209418, 28913.8100,  3, 587.68, 28.88000000000102
209505, 28923.1300,  3, 746.11, 38.20000000000073
209597, 28947.3600,  1, 54.76, 9.7400000000016
209597, 28947.3600,  1, 80.82, 9.7400000000016
209637, 28951.6500,  1, 164.07, 14.030000000002474
209637, 28951.6500,  1, 130.27, 14.030000000002474
209730, 28961.6100,  3, 402.29, 23.93000000000029
209734, 28962.0400,  3, 545.00, 24.38000000000102
209753, 28964.0800,  3, 542.08, 26.43000000000029
209753, 28964.0800,  3, 455.37, 26.409999999999854
209896, 28993.8300,  1, 148.01, 15.210000000002765
209896, 28993.8300,  1, 163.66, 15.210000000002765
209952, 28999.8300,  3, 481.73, 21.12000000000262
209953, 28999.9400,  3, 412.85, 21.2400000000016
209986, 29003.4700,  3, 542.42, 24.840000000000146
209987, 29003.5800,  3, 590.53, 24.94000000000233
210015, 29006.5800,  3, 412.50, 27.94000000000233
210055, 29010.8600,  3, 549.57, 32.18000000000029
210224, 29043.5200,  1, 123.95, 18.0
210252, 29046.5200,  3, 385.05, 20.959999999999127
210268, 29048.2400,  3, 403.25, 22.610000000000582
210279, 29049.4200,  3, 444.49, 23.88000000000102
210282, 29049.7400,  3, 501.57, 24.11999999999898
210303, 29051.9900,  3, 555.96, 26.36999999999898
210319, 29053.7000,  3, 458.14, 28.13000000000102
210320, 29053.8100,  3, 407.46, 28.239999999997963
210472, 29084.6100,  1, 120.16, 16.17000000000189
210514, 29089.1100,  1, 138.46, 20.67000000000189
210542, 29092.1100,  3, 512.45, 23.600000000002183
210554, 29093.4000,  3, 427.86, 24.909999999999854
210571, 29095.2200,  3, 424.92, 26.7400000000016
210572, 29095.3300,  3, 354.74, 26.850000000002183
210607, 29099.0800,  3, 365.12, 30.56999999999971
210611, 29099.5100,  3, 576.26, 31.010000000002037
210675, 29120.7600,  1, -0.69, 6.75
210675, 29120.7600,  1, -35.58, 6.75
210729, 29126.5400,  1, 58.61, 12.530000000002474
210729, 29126.5400,  1, 117.09, 12.530000000002474
210735, 29127.1900,  1, 122.89, 13.180000000000291
210735, 29127.1900,  1, 61.01, 13.180000000000291
210844, 29138.8600,  3, 458.95, 24.81000000000131
210865, 29141.1100,  3, 503.03, 27.010000000002037
210987, 29168.6000,  1, 57.49, 12.969999999997526
211016, 29171.7000,  1, 78.01, 16.06999999999971
211033, 29173.5200,  3, 410.13, 17.840000000000146
211076, 29178.1300,  3, 445.45, 22.43999999999869
211117, 29182.5200,  3, 415.55, 26.789999999997235
211145, 29185.5200,  3, 552.48, 29.81999999999971
211151, 29186.1700,  3, 562.22, 30.469999999997526
211168, 29187.9900,  3, 479.21, 32.29999999999927
211305, 29217.2400,  1, 91.34, 14.580000000001746
211359, 29223.0200,  1, 114.93, 20.360000000000582
211383, 29225.6000,  3, 418.83, 22.86999999999898
211403, 29227.7400,  3, 421.08, 25.029999999998836
211403, 29227.7400,  3, 538.72, 25.06000000000131
211410, 29228.4900,  3, 498.05, 25.729999999999563
211449, 29232.6700,  3, 498.86, 29.9900000000016
211470, 29234.9200,  3, 595.25, 32.159999999999854
211604, 29263.7200,  1, 35.03, 14.25
211686, 29272.5100,  3, 487.74, 23.0
211696, 29273.5800,  3, 513.54, 24.090000000000146
211704, 29274.4400,  1, 68.08, 24.969999999997526
211746, 29278.9400,  3, 583.12, 29.419999999998254
211750, 29279.3600,  3, 475.42, 29.860000000000582
211766, 29281.0800,  3, 574.93, 31.5099999999984
211773, 29281.8300,  3, 584.76, 32.31999999999971
211876, 29307.3600,  1, 52.39, 10.930000000000291
211876, 29307.3600,  1, 103.08, 10.930000000000291
211887, 29308.5400,  1, 84.36, 12.110000000000582
211887, 29308.5400,  1, 68.97, 12.110000000000582
211990, 29319.5800,  3, 439.06, 23.049999999999272
211995, 29320.1100,  3, 539.07, 23.650000000001455
212017, 29322.4700,  3, 378.56, 25.989999999997963
212027, 29323.5400,  3, 496.27, 27.099999999998545
212140, 29350.0800,  1, 79.78, 12.010000000002037
212140, 29350.0800,  1, 103.10, 12.010000000002037
212249, 29361.7600,  3, 429.99, 23.61999999999898
212250, 29361.8600,  3, 451.72, 23.7400000000016
212260, 29362.9400,  3, 560.59, 24.81000000000131
212270, 29364.0100,  3, 580.82, 25.849999999998545
212292, 29366.3600,  3, 649.60, 28.200000000000728
212375, 29375.2600,  1, 127.33, 37.18999999999869
212480, 29400.9000,  1, 96.45, 11.040000000000873
212480, 29400.9000,  1, 84.73, 11.040000000000873
212513, 29404.4400,  1, 35.83, 14.579999999998108
212560, 29409.4700,  1, 69.80, 19.610000000000582
212578, 29411.4000,  3, 480.52, 21.5099999999984
212596, 29413.3300,  3, 532.55, 23.43999999999869
212614, 29415.2600,  3, 524.68, 25.349999999998545
212698, 29424.2600,  1, 193.78, 34.39999999999782
212826, 29452.5800,  1, 80.45, 13.510000000002037
212860, 29456.2200,  1, 124.68, 17.150000000001455
212912, 29461.7900,  3, 458.08, 22.650000000001455
212923, 29462.9700,  3, 508.65, 23.86999999999898
212931, 29463.8300,  3, 525.66, 24.67000000000189
212955, 29466.4000,  3, 500.19, 27.229999999999563
212979, 29468.9700,  3, 424.03, 29.830000000001746
212994, 29470.5800,  3, 526.51, 31.42000000000189
213067, 29492.7700,  1, -38.90, 7.709999999999127
213106, 29496.9500,  1, 99.07, 11.889999999999418
213106, 29496.9500,  1, 82.07, 11.889999999999418
213207, 29507.7700,  3, 462.76, 22.639999999999418
213214, 29508.5200,  3, 473.59, 23.43000000000029
213235, 29510.7700,  3, 446.28, 25.609999999996944
213244, 29511.7400,  3, 513.31, 26.590000000000146
213272, 29514.7400,  1, 74.84, 29.68000000000029
213386, 29541.6000,  1, 93.75, 12.0099999999984
213386, 29541.6000,  1, 48.68, 12.0099999999984
213492, 29552.9500,  3, 526.55, 23.340000000000146
213495, 29553.2700,  3, 454.74, 23.650000000001455
213516, 29555.5200,  3, 442.60, 25.860000000000582
213517, 29555.6300,  3, 423.44, 26.0
213532, 29557.2400,  3, 467.23, 27.56000000000131
213542, 29558.3100,  3, 438.94, 28.669999999998254
213646, 29583.8100,  1, 51.77, 11.040000000000873
213646, 29583.8100,  1, 28.90, 11.040000000000873
213739, 29593.7700,  3, 508.72, 20.919999999998254
213746, 29594.5200,  3, 478.71, 21.729999999999563
213752, 29595.1700,  3, 423.99, 22.340000000000146
213758, 29595.8100,  3, 514.35, 22.959999999999127
213769, 29596.9900,  3, 531.68, 24.209999999999127
213770, 29597.1000,  3, 480.67, 24.270000000000437
213848, 29619.8500,  1, 18.02, 8.25
213875, 29622.7400,  1, 46.81, 11.140000000003056
213875, 29622.7400,  1, 63.33, 11.140000000003056
213904, 29625.8500,  1, 10.66, 14.25
213970, 29632.9200,  3, 487.06, 21.280000000002474
213971, 29633.0200,  3, 453.57, 21.340000000000146
213995, 29635.6000,  3, 420.00, 23.9800000000032
214054, 29641.9200,  3, 581.14, 30.270000000000437
214207, 29672.7200,  1, 50.64, 16.280000000002474
214222, 29674.3300,  1, 163.11, 17.890000000003056
214244, 29676.6900,  3, 499.40, 20.210000000002765
214260, 29678.4000,  3, 452.60, 21.87000000000262
214279, 29680.4400,  3, 558.09, 23.890000000003056
214284, 29680.9700,  3, 396.24, 24.510000000002037
214305, 29683.2200,  3, 419.06, 26.760000000002037
214315, 29684.2900,  3, 615.58, 27.770000000000437
214405, 29708.2400,  1, 53.37, 9.540000000000873
214405, 29708.2400,  1, 65.93, 9.540000000000873
214407, 29708.4500,  1, 26.69, 9.75
214407, 29708.4500,  1, 66.68, 9.75
214506, 29719.0600,  3, 448.43, 20.30999999999767
214516, 29720.1300,  3, 454.24, 21.32999999999811
214546, 29723.3500,  3, 464.90, 24.590000000000146
214557, 29724.5200,  3, 505.75, 25.7599999999984
214677, 29751.8300,  1, 121.36, 12.760000000002037
214677, 29751.8300,  1, 102.60, 12.760000000002037
214800, 29765.0100,  3, 509.80, 25.860000000000582
214805, 29765.5400,  3, 511.24, 26.43999999999869
214809, 29765.9700,  3, 458.96, 26.830000000001746
214815, 29766.6100,  3, 516.24, 27.510000000002037
214833, 29768.5400,  3, 599.66, 29.409999999999854
214838, 29769.0800,  3, 489.42, 29.900000000001455
214924, 29793.2700,  1, 30.34, 9.110000000000582
215036, 29805.2700,  3, 475.77, 21.0099999999984
215045, 29806.2400,  3, 479.39, 22.06000000000131
215053, 29807.1000,  3, 541.58, 22.900000000001455
215056, 29807.4200,  3, 552.46, 23.18999999999869
215112, 29813.4200,  3, 522.88, 29.220000000001164
215137, 29816.1000,  3, 415.15, 31.93000000000029
215141, 29816.5200,  3, 427.32, 32.279999999998836
215278, 29845.5100,  1, 114.40, 14.579999999998108
215282, 29845.9400,  1, 89.75, 15.0099999999984
215364, 29854.7200,  3, 497.67, 23.779999999998836
215375, 29855.9000,  3, 471.08, 24.93999999999869
215417, 29860.4000,  3, 554.70, 29.419999999998254
215424, 29861.1500,  3, 598.03, 30.150000000001455
215441, 29862.9700,  3, 566.40, 32.029999999998836
215479, 29867.0400,  3, 581.00, 36.07999999999811
215552, 29889.3800,  1, -71.39, 7.710000000002765
215552, 29889.3800,  1, -6.59, 7.710000000002765
215575, 29891.8500,  1, 21.70, 10.180000000000291
215575, 29891.8500,  1, 87.96, 10.180000000000291
215665, 29901.4900,  3, 382.79, 19.780000000002474
215692, 29904.3800,  3, 507.22, 22.610000000000582
215725, 29907.9200,  3, 602.24, 26.220000000001164
215775, 29913.2700,  3, 572.19, 31.530000000002474
215996, 29952.1500,  3, 450.14, 23.4900000000016
216010, 29953.6500,  3, 503.91, 25.010000000002037
216014, 29954.0800,  3, 417.19, 25.400000000001455
216018, 29954.5100,  3, 443.16, 25.840000000000146
216021, 29954.8300,  3, 445.19, 26.2400000000016
216036, 29956.4400,  3, 424.17, 27.799999999999272
216038, 29956.6500,  3, 471.53, 27.979999999999563
216039, 29956.7600,  3, 425.16, 28.139999999999418
216166, 29984.6700,  1, 92.37, 13.5
216166, 29984.6700,  1, 94.30, 13.5
216270, 29995.8100,  3, 473.51, 24.590000000000146
216282, 29997.1000,  3, 447.89, 25.92000000000189
216285, 29997.4200,  3, 546.08, 26.17000000000189
216288, 29997.7400,  3, 440.99, 26.510000000002037
216304, 29999.4500,  3, 458.57, 28.200000000000728
216320, 30001.1700,  3, 491.46, 29.970000000001164
216463, 30030.8800,  1, 129.74, 15.210000000002765
216509, 30035.8100,  1, 184.18, 20.140000000003056
216510, 30035.9200,  3, 418.13, 20.220000000001164
216539, 30039.0200,  3, 455.47, 23.330000000001746
216557, 30040.9500,  3, 508.77, 25.270000000000437
216572, 30042.5600,  3, 490.71, 26.87000000000262
216585, 30043.9500,  3, 503.19, 28.210000000002765
216646, 30050.4900,  3, 555.99, 34.81000000000131
216799, 30081.1900,  1, 22.39, 16.289999999997235
216799, 30081.1900,  1, 96.57, 16.289999999997235
216836, 30085.1500,  3, 431.20, 20.209999999999127
216858, 30087.5100,  3, 496.20, 22.56999999999971
216859, 30087.6100,  3, 473.25, 22.68000000000029
216860, 30087.7200,  3, 487.02, 22.7699999999968
216877, 30089.5400,  3, 517.46, 24.62999999999738
216894, 30091.3600,  3, 480.60, 26.389999999999418
217080, 30125.7200,  3, 407.36, 19.729999999999563
217081, 30125.8300,  3, 475.10, 19.889999999999418
217115, 30129.4700,  3, 413.61, 23.489999999997963
217131, 30131.1900,  3, 522.46, 25.229999999999563
217145, 30132.6900,  3, 534.77, 26.729999999999563
217147, 30132.9000,  3, 494.90, 26.93000000000029
217195, 30138.0400,  3, 542.83, 32.04999999999927
217202, 30138.7900,  3, 429.59, 32.849999999998545
217283, 30162.0200,  1, -22.47, 8.56000000000131
217283, 30162.0200,  1, 41.42, 8.56000000000131
217312, 30165.1300,  1, 96.63, 11.670000000001892
217438, 30178.6300,  3, 573.64, 25.100000000002183
217438, 30178.6300,  3, 493.11, 25.150000000001455
217453, 30180.2400,  3, 465.43, 26.709999999999127
217455, 30180.4500,  3, 456.66, 26.970000000001164
217518, 30187.2000,  3, 402.92, 33.659999999999854
217665, 30217.7000,  1, 138.10, 15.639999999999418
217665, 30217.7000,  1, 124.94, 15.639999999999418
217748, 30226.6000,  3, 390.79, 24.459999999999127
217768, 30228.7400,  3, 438.49, 26.639999999999418
217772, 30229.1700,  3, 488.19, 27.099999999998545
217803, 30232.4900,  3, 492.87, 30.32999999999811
217840, 30236.4500,  3, 393.23, 34.349999999998545
217890, 30241.8100,  3, 739.45, 39.719999999997526
218016, 30270.9500,  1, 78.43, 13.389999999999418
218016, 30270.9500,  1, 70.83, 13.389999999999418
218022, 30271.6000,  1, 127.28, 14.039999999997235
218022, 30271.6000,  1, 80.45, 14.039999999997235
218051, 30274.7000,  1, 29.33, 17.139999999999418
218079, 30277.7000,  1, 31.33, 20.139999999999418
218088, 30278.6700,  3, 362.55, 21.0099999999984
218169, 30287.3500,  3, 498.85, 29.729999999999563
218328, 30318.7400,  1, 75.19, 16.93000000000029
218350, 30321.1000,  3, 460.48, 19.19999999999709
218388, 30325.1700,  3, 527.05, 23.2599999999984
218393, 30325.7000,  3, 464.88, 23.849999999998545
218397, 30326.1300,  3, 521.47, 24.2599999999984
218431, 30329.7700,  3, 627.34, 27.889999999999418
218450, 30331.8100,  3, 469.85, 29.889999999999418
218461, 30332.9900,  3, 531.41, 31.12999999999738
218604, 30362.8100,  1, 31.88, 15.210000000002765
218604, 30362.8100,  1, 83.12, 15.210000000002765
218673, 30370.2000,  3, 472.57, 22.56000000000131
218688, 30371.8100,  3, 540.75, 24.159999999999854
218701, 30373.2000,  3, 500.37, 25.540000000000873
218703, 30373.4200,  3, 503.23, 25.710000000002765
218710, 30374.1700,  3, 465.43, 26.540000000000873
218791, 30382.8500,  3, 750.39, 35.2300000000032
219010, 30420.8100,  3, 410.91, 23.2400000000016
219018, 30421.6700,  3, 491.02, 24.13000000000102
219018, 30421.6700,  3, 510.23, 24.18000000000029
219019, 30421.7700,  3, 493.99, 24.209999999999127
219035, 30423.4900,  3, 501.48, 25.94000000000233
219062, 30426.3800,  3, 462.78, 28.87000000000262
219069, 30427.1300,  3, 530.46, 29.650000000001455
219223, 30443.6300,  3, 668.22, 46.13999999999942
219366, 30473.4700,  1, 102.98, 15.210000000002765
219366, 30473.4700,  1, 78.93, 15.210000000002765
219422, 30479.4700,  3, 421.14, 21.100000000002183
219423, 30479.5800,  3, 446.56, 21.220000000001164
219447, 30482.1500,  3, 504.10, 23.780000000002474
219473, 30484.9400,  3, 510.72, 26.590000000000146
219473, 30484.9400,  3, 503.23, 26.580000000001746
219485, 30486.2200,  3, 508.13, 27.900000000001455
219604, 30513.4900,  1, 75.05, 12.640000000003056
219604, 30513.4900,  1, 35.45, 12.640000000003056
219618, 30514.9900,  1, 119.19, 14.140000000003056
219618, 30514.9900,  1, 67.07, 14.140000000003056
219683, 30521.9500,  3, 421.84, 21.080000000001746
219715, 30525.3800,  3, 496.55, 24.42000000000189
219736, 30527.6300,  3, 570.03, 26.68000000000029
219763, 30530.5200,  3, 463.01, 29.56999999999971
219954, 30565.4500,  3, 457.32, 20.340000000000146
219994, 30569.7400,  3, 553.17, 24.56999999999971
219999, 30570.2700,  3, 455.31, 25.110000000000582
220021, 30572.6300,  3, 436.54, 27.459999999999127
220029, 30573.4900,  3, 441.72, 28.349999999998545
220043, 30574.9900,  3, 402.99, 29.81999999999971
220075, 30578.4200,  3, 559.75, 33.220000000001164
220231, 30595.1300,  2, 594.53,  50
220319, 30619.0400,  1, 34.25, 9.220000000001164
220319, 30619.0400,  1, -37.52, 9.220000000001164
220459, 30634.0400,  3, 507.47, 24.139999999999418
220462, 30634.3600,  3, 481.71, 24.450000000000728
220465, 30634.6900,  3, 465.46, 24.849999999998545
220467, 30634.9000,  3, 438.11, 25.049999999999272
220513, 30639.8300,  3, 417.91, 29.950000000000728
220555, 30644.3300,  3, 540.20, 34.45000000000073
220699, 30674.1700,  1, 111.04, 15.329999999998108
220699, 30674.1700,  1, 142.23, 15.329999999998108
220775, 30682.3100,  3, 467.92, 23.459999999999127
220781, 30682.9500,  3, 448.83, 24.040000000000873
220810, 30686.0600,  3, 465.91, 27.159999999999854
220819, 30687.0200,  3, 398.59, 28.139999999999418
220823, 30687.4500,  3, 403.95, 28.540000000000873
220848, 30690.1300,  3, 520.08, 31.200000000000728
221052, 30726.4200,  3, 508.39, 21.720000000001164
221058, 30727.0600,  3, 396.62, 22.299999999999272
221068, 30728.1300,  3, 458.23, 23.36999999999898
221084, 30729.8500,  3, 473.25, 25.159999999999854
221086, 30730.0600,  3, 406.33, 25.340000000000146
221086, 30730.0600,  3, 458.91, 25.31999999999971
221096, 30731.1300,  3, 386.36, 26.42000000000189
221232, 30745.7000,  3, 431.59, 41.0
221358, 30773.6500,  1, 83.57, 13.400000000001455
221358, 30773.6500,  1, 93.79, 13.400000000001455
221442, 30782.6500,  3, 440.22, 22.389999999999418
221456, 30784.1500,  3, 477.11, 23.88000000000102
221461, 30784.6900,  3, 569.94, 24.419999999998254
221463, 30784.9000,  3, 500.37, 24.540000000000873
221501, 30788.9700,  3, 516.71, 28.700000000000728
221510, 30789.9400,  3, 382.34, 29.659999999999854
221580, 30812.6700,  1, -51.90, 7.389999999999418
221580, 30812.6700,  1, 3.48, 7.389999999999418
221633, 30818.3500,  1, 111.78, 13.069999999999709
221633, 30818.3500,  1, 69.51, 13.069999999999709
221634, 30818.4500,  1, 68.35, 13.170000000001892
221634, 30818.4500,  1, 88.84, 13.170000000001892
221759, 30831.8500,  3, 381.67, 26.530000000002474
221971, 30854.5600,  1, 367.40, 49.280000000002474
222082, 30881.1700,  1, 81.07, 11.679999999996653
222082, 30881.1700,  1, 67.16, 11.679999999996653
222103, 30883.4200,  1, 78.97, 13.929999999996653
222103, 30883.4200,  1, 49.67, 13.929999999996653
222173, 30890.9200,  3, 455.45, 21.409999999999854
222182, 30891.8800,  3, 458.17, 22.37999999999738
222196, 30893.3800,  3, 510.61, 23.840000000000146
222207, 30894.5600,  3, 473.05, 25.0
222415, 30931.4000,  3, 469.46, 22.080000000001746
222420, 30931.9400,  1, 137.12, 22.709999999999127
222424, 30932.3600,  3, 489.35, 23.110000000000582
222444, 30934.5100,  3, 541.43, 25.18000000000029
222452, 30935.3600,  3, 507.72, 26.11999999999898
222452, 30935.3600,  3, 457.49, 26.040000000000873
222488, 30939.2200,  3, 488.89, 29.950000000000728
222490, 30939.4400,  3, 530.93, 30.110000000000582
222601, 30966.0200,  1, -13.98, 11.779999999998836
222615, 30967.5200,  1, 138.27, 13.279999999998836
222615, 30967.5200,  1, 28.14, 13.279999999998836
222679, 30974.3800,  3, 406.08, 20.05999999999767
222693, 30975.8800,  3, 425.77, 21.57999999999811
222756, 30982.6300,  3, 394.33, 28.340000000000146
222765, 30983.6000,  3, 495.06, 29.279999999998836
222786, 30985.8500,  3, 604.12, 31.529999999998836
222989, 31023.1100,  3, 507.38, 21.61999999999898
222992, 31023.4400,  3, 489.09, 21.909999999999854
222993, 31023.5400,  3, 474.65, 21.989999999997963
223009, 31025.2600,  3, 514.67, 23.68000000000029
223018, 31026.2200,  3, 569.52, 24.729999999999563
223024, 31026.8600,  3, 483.58, 25.37999999999738
223025, 31026.9700,  3, 465.22, 25.489999999997963
223053, 31029.9700,  3, 609.31, 28.419999999998254
223170, 31056.7600,  1, 86.71, 12.429999999996653
223170, 31056.7600,  1, 83.79, 12.429999999996653
223172, 31056.9700,  1, 39.62, 12.639999999999418
223172, 31056.9700,  1, 103.78, 12.639999999999418
223187, 31058.5800,  1, 39.63, 14.25
223187, 31058.5800,  1, 108.58, 14.25
223207, 31060.7200,  1, 155.44, 16.389999999999418
223207, 31060.7200,  1, 141.41, 16.389999999999418
223330, 31088.6300,  1, -70.14, 12.960000000002765
223330, 31088.6300,  1, 97.98, 12.960000000002765
223422, 31098.4900,  3, 435.79, 22.75
223436, 31099.9900,  3, 473.86, 24.31000000000131
223438, 31100.2000,  3, 483.64, 24.460000000002765
223439, 31100.3100,  3, 455.38, 24.530000000002474
223455, 31102.0200,  3, 507.15, 26.290000000000873
223553, 31112.5200,  3, 635.34, 36.840000000000146
223769, 31150.9000,  3, 486.98, 22.94000000000233
223794, 31153.5800,  3, 434.61, 25.650000000001455
223800, 31154.2200,  3, 572.77, 26.31999999999971
223805, 31154.7600,  3, 463.87, 26.88000000000102
223807, 31154.9700,  3, 495.17, 27.010000000002037
223814, 31155.7200,  3, 509.36, 27.830000000001746
223843, 31158.8300,  3, 547.87, 30.950000000000728
223902, 31165.1500,  3, 645.66, 37.20000000000073
224042, 31194.5600,  1, 155.56, 14.900000000001455
224042, 31194.5600,  1, 141.88, 14.900000000001455
224123, 31203.2400,  3, 457.34, 23.56999999999971
224143, 31205.3800,  3, 504.72, 25.700000000000728
224153, 31206.4500,  3, 496.03, 26.68999999999869
224155, 31206.6700,  3, 525.28, 26.970000000001164
224196, 31211.0600,  3, 512.10, 31.330000000001746
224198, 31211.2700,  3, 685.90, 31.56999999999971
224427, 31250.0600,  3, 551.75, 24.340000000000146
224430, 31250.3800,  3, 459.97, 24.700000000000728
224435, 31250.9200,  3, 478.19, 25.200000000000728
224435, 31250.9200,  3, 413.95, 25.209999999999127
224452, 31252.7400,  3, 519.91, 27.080000000001746
224460, 31253.6000,  3, 457.29, 27.950000000000728
224481, 31255.8500,  3, 590.93, 30.150000000001455
224484, 31256.1700,  3, 550.51, 30.510000000002037
224658, 31289.1700,  3, 427.81, 18.520000000000437
224702, 31293.8800,  1, 280.02, 23.2400000000016
224702, 31293.8800,  1, 261.21, 23.2400000000016
224713, 31295.0600,  3, 401.99, 24.330000000001746
224761, 31300.2000,  3, 519.96, 29.520000000000437
224762, 31300.3100,  3, 617.31, 29.600000000002183
224766, 31300.7400,  3, 542.43, 30.06000000000131
224769, 31301.0600,  3, 442.63, 30.31000000000131
224876, 31327.2000,  1, 63.10, 11.350000000002183
224878, 31327.4200,  1, 94.97, 11.569999999999709
224878, 31327.4200,  1, 3.68, 11.569999999999709
224901, 31329.8800,  1, 93.32, 14.030000000002474
224901, 31329.8800,  1, 45.29, 14.030000000002474
224924, 31332.3500,  1, 5.16, 16.5
224955, 31335.6700,  3, 432.75, 19.720000000001164
225070, 31347.9900,  3, 561.19, 32.090000000000146
225179, 31375.2400,  1, 60.38, 11.570000000003347
225179, 31375.2400,  1, 46.15, 11.570000000003347
225198, 31377.2700,  1, 5.50, 13.600000000002183
225198, 31377.2700,  1, 64.56, 13.600000000002183
225264, 31384.3500,  3, 435.92, 20.640000000003056
225286, 31386.7000,  3, 508.33, 22.93000000000029
225366, 31395.2700,  3, 623.13, 31.590000000000146
225379, 31396.6700,  3, 538.75, 32.900000000001455
225439, 31418.5600,  1, -9.81, 6.319999999999709
225439, 31418.5600,  1, -35.40, 6.319999999999709
225465, 31421.3500,  1, -42.62, 9.109999999996944
225465, 31421.3500,  1, 25.29, 9.109999999996944
225586, 31434.3100,  3, 523.33, 21.979999999999563
225613, 31437.2000,  3, 547.43, 24.859999999996944
225623, 31438.2700,  3, 457.84, 25.929999999996653
225683, 31444.7000,  3, 655.74, 32.38999999999942
225747, 31465.9700,  1, -45.78, 6.740000000001601
225747, 31465.9700,  1, -50.12, 6.740000000001601
225772, 31468.6500,  1, 19.13, 9.420000000001892
225772, 31468.6500,  1, 10.06, 9.420000000001892
225791, 31470.6900,  1, 42.89, 11.459999999999127
225791, 31470.6900,  1, 56.25, 11.459999999999127
225937, 31486.3300,  3, 532.27, 27.06000000000131
226110, 31504.8600,  1, 209.69, 45.63000000000102
226308, 31540.5200,  3, 428.82, 20.94000000000233
226338, 31543.7400,  3, 463.10, 24.159999999999854
226352, 31545.2400,  3, 516.32, 25.610000000000582
226360, 31546.1000,  3, 550.01, 26.540000000000873
226372, 31547.3800,  3, 491.12, 27.80000000000291
226375, 31547.7000,  3, 558.20, 28.139999999999418
226439, 31554.5600,  3, 580.43, 34.93000000000029
226453, 31556.0600,  3, 627.13, 36.45000000000073
226558, 31581.8500,  1, 60.51, 11.149999999997817
226558, 31581.8500,  1, 80.14, 11.149999999997817
226653, 31592.0200,  3, 476.67, 21.25
226688, 31595.7700,  3, 505.48, 25.05999999999767
226708, 31597.9200,  3, 472.22, 27.13000000000102
226720, 31599.2000,  3, 535.60, 28.409999999999854
226723, 31599.5200,  3, 455.95, 28.729999999999563
226764, 31603.9200,  3, 548.90, 33.169999999998254
226864, 31628.9400,  1, 25.49, 10.619999999998981
226864, 31628.9400,  1, 69.76, 10.619999999998981
226901, 31632.9000,  1, 74.24, 14.580000000001746
226976, 31640.9400,  3, 490.86, 22.56000000000131
226993, 31642.7600,  3, 495.45, 24.400000000001455
227001, 31643.6100,  3, 526.95, 25.220000000001164
227009, 31644.4700,  3, 453.39, 26.090000000000146
227041, 31647.9000,  3, 492.51, 29.549999999999272
227243, 31683.9900,  3, 442.18, 21.520000000000437
227245, 31684.2000,  3, 472.19, 21.720000000001164
227257, 31685.4900,  3, 422.19, 22.970000000001164
227282, 31688.1700,  3, 517.40, 25.639999999999418
227289, 31688.9200,  3, 444.72, 26.409999999999854
227300, 31690.1000,  3, 495.96, 27.600000000002183
227303, 31690.4200,  3, 567.65, 27.88000000000102
227341, 31694.4900,  3, 581.71, 32.0
227434, 31718.9200,  1, 55.28, 9.859999999996944
227434, 31718.9200,  1, 81.77, 9.859999999996944
227537, 31729.9500,  3, 485.09, 20.86999999999898
227560, 31732.4200,  3, 446.63, 23.30999999999767
227568, 31733.2700,  3, 474.33, 24.18999999999869
227577, 31734.2400,  3, 435.87, 25.06999999999971
227642, 31741.2000,  3, 431.38, 32.07999999999811
227653, 31742.3800,  3, 486.31, 33.29999999999927
227843, 31777.3500,  3, 450.07, 20.2300000000032
227847, 31777.7700,  3, 441.14, 20.590000000000146
227859, 31779.0600,  3, 467.38, 21.909999999999854
227878, 31781.1000,  3, 505.09, 23.92000000000189
227889, 31782.2700,  3, 485.26, 25.110000000000582
227901, 31783.5600,  3, 544.85, 26.350000000002183
227916, 31785.1700,  3, 631.23, 28.020000000000437
227936, 31787.3100,  3, 523.96, 30.19000000000233
228045, 31813.4000,  1, 19.80, 11.569999999999709
228150, 31824.6500,  3, 437.75, 22.709999999999127
228165, 31826.2600,  3, 478.06, 24.31999999999971
228168, 31826.5800,  3, 453.11, 24.739999999997963
228169, 31826.6900,  3, 479.89, 24.839999999996508
228209, 31830.9700,  3, 527.65, 29.11999999999898
228242, 31834.5100,  3, 622.95, 32.64999999999782
228266, 31837.0800,  3, 452.50, 35.17999999999665
228370, 31863.4000,  1, 90.91, 11.040000000000873
228370, 31863.4000,  1, 66.53, 11.040000000000873
228419, 31868.6500,  1, 92.08, 16.290000000000873
228484, 31875.6100,  3, 452.06, 23.239999999997963
228494, 31876.6900,  3, 508.41, 24.2599999999984
228500, 31877.3300,  3, 506.47, 24.86999999999898
228513, 31878.7200,  3, 550.64, 26.2599999999984
228578, 31885.6900,  3, 577.82, 33.29999999999927
228695, 31912.5600,  1, 73.31, 12.420000000001892
228695, 31912.5600,  1, 81.33, 12.420000000001892
228748, 31918.2400,  1, 24.69, 18.100000000002183
228779, 31921.5600,  3, 485.77, 21.400000000001455
228782, 31921.8800,  3, 389.91, 21.700000000000728
228815, 31925.4200,  3, 540.82, 25.200000000000728
228842, 31928.3100,  3, 578.18, 28.11999999999898
228854, 31929.6000,  3, 569.58, 29.409999999999854
228998, 31960.5200,  1, 90.31, 15.319999999999709
229071, 31968.3500,  3, 463.06, 23.05999999999767
229099, 31971.3500,  3, 413.25, 26.11999999999898
229110, 31972.5200,  3, 516.09, 27.299999999999272
229111, 31972.6300,  3, 494.44, 27.38000000000102
229137, 31975.4200,  3, 580.34, 30.139999999999418
229170, 31978.9500,  3, 445.25, 33.669999999998254
229178, 31979.8100,  3, 555.10, 34.55999999999767
229374, 32015.3600,  3, 454.18, 20.799999999999272
229393, 32017.4000,  3, 432.82, 22.86999999999898
229403, 32018.4700,  3, 504.48, 23.950000000000728
229407, 32018.9000,  3, 513.56, 24.400000000001455
229412, 32019.4400,  3, 511.58, 24.860000000000582
229428, 32021.1500,  3, 522.63, 26.580000000001746
229441, 32022.5400,  3, 543.28, 28.020000000000437
229477, 32026.4000,  3, 503.79, 31.81999999999971
229688, 32063.5600,  3, 463.94, 22.409999999999854
229688, 32063.5600,  3, 452.96, 22.409999999999854
229701, 32064.9500,  3, 565.47, 23.849999999998545
229711, 32066.0200,  3, 496.83, 24.919999999998254
229712, 32066.1300,  3, 486.25, 24.989999999997963
229726, 32067.6300,  3, 566.00, 26.529999999998836
229746, 32069.7700,  3, 464.45, 28.649999999997817
229773, 32072.6700,  3, 454.99, 31.57999999999811
229841, 32095.3600,  1, -43.65, 7.170000000001892
229841, 32095.3600,  1, -51.62, 7.170000000001892
229893, 32100.9400,  1, 87.42, 12.75
229961, 32108.2200,  1, 169.67, 20.030000000002474
229996, 32111.9700,  3, 502.04, 23.7400000000016
230002, 32112.6100,  3, 563.66, 24.340000000000146
230027, 32115.2900,  3, 550.69, 27.080000000001746
230029, 32115.5100,  3, 408.71, 27.210000000002765
230148, 32142.6900,  1, 76.64, 12.649999999997817
230148, 32142.6900,  1, 96.54, 12.649999999997817
230247, 32153.2900,  3, 499.93, 23.169999999998254
230275, 32156.2900,  3, 495.10, 26.219999999997526
230286, 32157.4700,  3, 527.35, 27.31999999999971
230295, 32158.4400,  3, 478.09, 28.36999999999898
230329, 32162.0800,  3, 516.82, 32.0
230353, 32164.6500,  3, 422.61, 34.55999999999767
230549, 32201.1100,  3, 450.09, 20.86999999999898
230558, 32202.0800,  3, 516.21, 21.770000000000437
230580, 32204.4400,  3, 428.80, 24.19999999999709
230589, 32205.4000,  3, 450.03, 25.090000000000146
230616, 32208.2900,  3, 496.61, 28.0
230646, 32211.5100,  3, 527.74, 31.2599999999984
230651, 32212.0400,  3, 477.78, 31.80999999999767
230653, 32212.2600,  3, 470.23, 31.959999999999127
230795, 32241.9200,  1, 123.47, 15.109999999996944
230795, 32241.9200,  1, 116.49, 15.109999999996944
230839, 32246.6300,  1, 88.44, 19.81999999999971
230839, 32246.6300,  1, 102.69, 19.81999999999971
230859, 32248.7700,  3, 428.17, 21.87999999999738
230877, 32250.7000,  3, 427.22, 23.859999999996944
230894, 32252.5200,  3, 586.22, 25.669999999998254
230917, 32254.9900,  3, 519.72, 28.099999999998545
231000, 32278.5400,  1, -26.60, 8.790000000000873
231000, 32278.5400,  1, 4.02, 8.790000000000873
231113, 32290.6500,  3, 492.77, 20.88000000000102
231146, 32294.1900,  3, 499.74, 24.349999999998545
231147, 32294.2900,  3, 486.91, 24.459999999999127
231157, 32295.3600,  3, 539.77, 25.549999999999272
231159, 32295.5800,  3, 532.65, 25.7599999999984
231170, 32296.7600,  3, 440.90, 26.959999999999127
231291, 32324.0200,  1, 101.75, 12.850000000002183
231334, 32328.6300,  1, 142.05, 17.460000000002765
231334, 32328.6300,  1, 83.06, 17.460000000002765
231430, 32338.9200,  3, 526.65, 27.720000000001164
231464, 32342.5600,  3, 587.08, 31.350000000002183
231511, 32347.6000,  3, 541.34, 36.400000000001455
231524, 32348.9900,  3, 498.16, 37.720000000001164
231524, 32348.9900,  1, -49.56, 37.82000000000335
231629, 32374.4000,  1, 59.53, 11.030000000002474
231629, 32374.4000,  1, 86.98, 11.030000000002474
231729, 32385.1100,  3, 439.61, 21.659999999999854
231760, 32388.4400,  3, 506.20, 25.010000000002037
231762, 32388.6500,  3, 577.18, 25.210000000002765
231770, 32389.5100,  3, 581.11, 26.110000000000582
231788, 32391.4400,  3, 470.27, 28.030000000002474
231993, 32413.4000,  2, 355.11,  50
232104, 32439.6000,  1, 62.21, 11.68999999999869
232104, 32439.6000,  1, 77.59, 11.68999999999869
232124, 32441.7400,  1, 115.48, 13.830000000001746
232124, 32441.7400,  1, 36.76, 13.830000000001746
232210, 32450.9500,  3, 498.72, 22.950000000000728
232216, 32451.6000,  3, 450.16, 23.68000000000029
232219, 32451.9200,  3, 520.50, 24.0
232236, 32453.7400,  3, 500.89, 25.81999999999971
232303, 32475.2600,  1, -5.88, 7.069999999999709
232303, 32475.2600,  1, -7.18, 7.069999999999709
232310, 32476.0100,  1, 5.29, 7.819999999999709
232310, 32476.0100,  1, -13.13, 7.819999999999709
232393, 32484.9000,  1, 173.13, 16.710000000002765
232449, 32490.9000,  3, 437.07, 22.62000000000262
232454, 32491.4400,  3, 532.63, 23.150000000001455
232516, 32498.0800,  3, 659.53, 29.860000000000582
232599, 32521.9700,  1, -101.44, 8.780000000002474
232599, 32521.9700,  1, 21.54, 8.780000000002474
232599, 32521.9700,  1, 43.79, 8.780000000002474
232599, 32521.9700,  1, 3.18, 8.780000000002474
232688, 32531.5100,  3, 416.96, 18.30000000000291
232706, 32533.4400,  3, 471.69, 20.2400000000016
232744, 32537.5100,  3, 441.20, 24.2400000000016
232746, 32537.7200,  3, 470.90, 24.479999999999563
232849, 32563.1900,  1, 67.87, 10.93999999999869
232849, 32563.1900,  1, 66.19, 10.93999999999869
232951, 32574.1100,  1, 157.48, 21.860000000000582
232964, 32575.5100,  3, 431.94, 23.2400000000016
232971, 32576.2600,  3, 460.49, 23.900000000001455
232984, 32577.6500,  3, 466.96, 25.349999999998545
233005, 32579.9000,  3, 400.24, 27.56999999999971
233060, 32585.7900,  1, 214.31, 33.54000000000087
233142, 32608.9500,  1, -54.91, 8.569999999999709
233142, 32608.9500,  1, -52.91, 8.569999999999709
233174, 32612.3800,  1, 103.99, 12.0
233174, 32612.3800,  1, 63.82, 12.0
233182, 32613.2400,  1, 35.55, 12.860000000000582
233182, 32613.2400,  1, 102.70, 12.860000000000582
233280, 32623.7400,  3, 526.14, 23.31999999999971
233296, 32625.4500,  3, 422.71, 24.979999999999563
233418, 32653.1000,  1, 77.42, 12.959999999999127
233418, 32653.1000,  1, 128.50, 12.959999999999127
233438, 32655.2400,  1, 64.88, 15.100000000002183
233526, 32664.6700,  3, 519.04, 24.44000000000233
233533, 32665.4200,  3, 399.75, 25.260000000002037
233534, 32665.5200,  3, 477.49, 25.360000000000582
233535, 32665.6300,  3, 463.19, 25.44000000000233
233537, 32665.8500,  3, 519.43, 25.650000000001455
233673, 32695.0600,  1, 62.12, 14.470000000001164
233760, 32704.3800,  3, 499.64, 23.75
233771, 32705.5600,  3, 449.54, 24.909999999999854
233772, 32705.6700,  3, 469.07, 24.979999999999563
233791, 32707.7000,  3, 533.33, 27.07999999999811
233792, 32707.8100,  3, 529.53, 27.159999999999854
233828, 32711.6700,  3, 582.40, 31.020000000000437
233894, 32718.7400,  3, 574.48, 38.06000000000131
233958, 32740.7900,  1, -33.62, 6.75
233958, 32740.7900,  1, -41.96, 6.75
234046, 32750.2200,  1, 162.16, 16.18000000000029
234088, 32754.7200,  3, 456.83, 20.659999999999854
234088, 32754.7200,  3, 470.66, 20.639999999999418
234094, 32755.3600,  3, 510.40, 21.229999999999563
234105, 32756.5400,  3, 472.75, 22.450000000000728
234124, 32758.5800,  3, 443.60, 24.489999999997963
234250, 32786.4800,  1, 49.36, 13.410000000003492
234261, 32787.6600,  1, 122.88, 14.590000000003783
234261, 32787.6600,  1, 105.95, 14.590000000003783
234325, 32794.5200,  3, 485.25, 21.410000000003492
234343, 32796.4400,  1, 236.00, 23.37000000000262
234343, 32796.4400,  3, 443.98, 23.31999999999971
234378, 32800.1900,  3, 507.22, 27.0199999999968
234403, 32802.8700,  3, 578.47, 29.7300000000032
234484, 32825.7700,  1, 26.78, 8.599999999998545
234484, 32825.7700,  1, 9.10, 8.599999999998545
234516, 32829.1900,  1, 89.44, 12.020000000004075
234516, 32829.1900,  1, 98.02, 12.020000000004075
234617, 32840.0200,  3, 434.28, 22.75
234634, 32841.8400,  3, 477.39, 24.56999999999971
234686, 32847.4100,  3, 561.72, 30.2300000000032
234693, 32848.1600,  3, 517.91, 30.889999999999418
234799, 32873.9400,  1, 4.07, 11.270000000004075
234799, 32873.9400,  1, 61.63, 11.270000000004075
234820, 32876.1900,  1, 55.62, 13.520000000004075
234820, 32876.1900,  1, 112.56, 13.520000000004075
234873, 32881.8700,  3, 440.35, 19.110000000000582
234883, 32882.9400,  3, 427.20, 20.200000000004366
234932, 32888.1900,  3, 482.23, 25.470000000001164
234985, 32893.8700,  3, 502.04, 31.139999999999418
235113, 32921.9800,  1, 74.93, 13.610000000000582
235113, 32921.9800,  1, 89.13, 13.610000000000582
235193, 32930.5500,  3, 502.94, 22.14999999999418
235197, 32930.9800,  3, 466.52, 22.599999999998545
235202, 32931.5200,  3, 507.02, 23.119999999995343
235209, 32932.2700,  3, 457.52, 23.869999999995343
235243, 32935.9100,  3, 599.92, 27.44999999999709
235336, 32945.8700,  3, 546.27, 37.479999999995925
235426, 32969.7700,  1, -1.03, 9.539999999993597
235426, 32969.7700,  1, 76.96, 9.539999999993597
235548, 32982.8400,  3, 429.49, 22.55999999999767
235550, 32983.0500,  3, 401.28, 22.80999999999767
235558, 32983.9100,  3, 449.64, 23.589999999996508
235575, 32985.7300,  3, 494.16, 25.439999999995052
235607, 32989.1600,  3, 536.55, 28.919999999998254
235642, 32992.9100,  3, 504.21, 32.62999999999738
235760, 33019.9800,  1, 53.49, 12.530000000006112
235760, 33019.9800,  1, 95.22, 12.530000000006112
235833, 33027.8000,  3, 433.79, 20.280000000006112
235861, 33030.8000,  3, 449.73, 23.340000000003783
235874, 33032.1900,  3, 554.09, 24.639999999999418
235875, 33032.3000,  3, 441.94, 24.840000000003783
235898, 33034.7700,  3, 602.12, 27.280000000006112
235915, 33036.5900,  3, 614.34, 29.080000000001746
236061, 33066.4800,  1, 103.14, 15.560000000004948
236061, 33066.4800,  1, 21.00, 15.560000000004948
236100, 33070.6600,  3, 408.15, 19.7300000000032
236116, 33072.3700,  3, 472.09, 21.419999999998254
236172, 33078.3700,  3, 494.32, 27.43000000000029
236173, 33078.4800,  3, 464.03, 27.540000000000873
236183, 33079.5500,  3, 446.16, 28.540000000000873
236212, 33082.6600,  3, 578.41, 31.720000000001164
236364, 33113.4400,  1, 125.48, 16.17000000000553
236364, 33113.4400,  1, 24.64, 16.17000000000553
236424, 33119.8700,  3, 484.18, 22.530000000006112
236425, 33119.9800,  3, 481.73, 22.67000000000553
236441, 33121.6900,  3, 579.95, 24.37000000000262
236450, 33122.6600,  3, 502.77, 25.30000000000291
236458, 33123.5200,  3, 463.41, 26.18000000000029
236491, 33127.0500,  3, 496.84, 29.67000000000553
236601, 33153.4800,  1, 83.02, 11.67000000000553
236601, 33153.4800,  1, 39.47, 11.67000000000553
236630, 33156.5900,  1, 25.46, 14.779999999998836
236630, 33156.5900,  1, 89.29, 14.779999999998836
236668, 33160.6600,  1, 104.97, 18.85000000000582
236681, 33162.0500,  3, 418.89, 20.17000000000553
236729, 33167.1900,  3, 468.50, 25.37000000000262
236763, 33170.8400,  3, 482.67, 28.9800000000032
236959, 33206.5500,  3, 441.21, 20.81999999999971
236976, 33208.3700,  3, 468.18, 22.639999999999418
236997, 33210.6200,  3, 440.05, 24.94000000000233
237004, 33211.3700,  3, 531.05, 25.709999999999127
237005, 33211.4800,  3, 549.64, 25.760000000002037
237013, 33212.3400,  3, 476.49, 26.62000000000262
237016, 33212.6600,  3, 523.20, 26.919999999998254
237021, 33213.1900,  3, 494.44, 27.540000000000873
237160, 33242.6600,  1, 75.50, 14.780000000006112
237161, 33242.7700,  1, 49.04, 14.889999999999418
237228, 33249.9400,  3, 474.88, 21.9800000000032
237254, 33252.7300,  3, 458.89, 24.810000000004948
237266, 33254.0200,  3, 483.14, 26.060000000004948
237272, 33254.6600,  3, 521.90, 26.7300000000032
237274, 33254.8700,  3, 544.96, 26.970000000001164
237279, 33255.4100,  3, 469.42, 27.470000000001164
237404, 33283.4100,  1, 5.89, 13.290000000000873
237476, 33291.1200,  3, 444.81, 20.959999999999127
237517, 33295.5200,  3, 458.75, 25.339999999996508
237518, 33295.6200,  3, 550.91, 25.43000000000029
237543, 33298.3000,  3, 496.60, 28.159999999996217
237550, 33299.0500,  3, 418.35, 28.889999999999418
237565, 33300.6600,  3, 551.35, 30.43000000000029
237575, 33301.7300,  3, 693.83, 31.56999999999971
237633, 33322.2300,  1, -25.87, 6.130000000004657
237633, 33322.2300,  1, -53.54, 6.130000000004657
237702, 33329.6200,  1, 107.33, 13.520000000004075
237702, 33329.6200,  1, 110.86, 13.520000000004075
237758, 33335.6200,  3, 437.90, 19.450000000004366
237788, 33338.8400,  3, 469.17, 22.69000000000233
237795, 33339.5900,  3, 406.17, 23.4800000000032
237812, 33341.4100,  3, 574.88, 25.209999999999127
237888, 33364.0500,  1, -51.18, 8.040000000000873
237888, 33364.0500,  1, -7.78, 8.040000000000873
238028, 33379.0500,  3, 491.72, 23.00999999999476
238043, 33380.6600,  3, 493.70, 24.56999999999971
238056, 33382.0500,  3, 525.09, 26.0
238060, 33382.4800,  3, 522.72, 26.389999999999418
238069, 33383.4400,  3, 576.64, 27.369999999995343
238097, 33386.4400,  3, 433.60, 30.360000000000582
238291, 33422.6900,  3, 429.58, 20.68000000000029
238334, 33427.3000,  3, 407.51, 25.2300000000032
238342, 33428.1600,  3, 408.63, 26.130000000004657
238344, 33428.3700,  3, 550.77, 26.310000000004948
238349, 33428.9100,  3, 516.20, 26.840000000003783
238366, 33430.7300,  3, 582.13, 28.709999999999127
238369, 33431.0500,  3, 547.28, 29.029999999998836
238372, 33431.3700,  3, 530.45, 29.37000000000262
238483, 33457.6200,  1, 111.60, 11.780000000006112
238483, 33457.6200,  1, 60.91, 11.780000000006112
238580, 33468.0200,  3, 509.49, 22.080000000001746
238580, 33468.0200,  3, 474.25, 22.080000000001746
238592, 33469.3000,  3, 519.71, 23.410000000003492
238603, 33470.4800,  3, 538.14, 24.570000000006985
238618, 33472.0900,  3, 494.02, 26.24000000000524
238667, 33477.3400,  3, 633.71, 31.4800000000032
238735, 33499.7300,  1, -27.52, 7.17000000000553
238735, 33499.7300,  1, -44.63, 7.17000000000553
238860, 33513.1200,  3, 494.82, 20.5
238864, 33513.5500,  3, 494.60, 20.9800000000032
238909, 33518.3700,  3, 512.74, 25.779999999998836
238936, 33521.2700,  3, 567.99, 28.69000000000233
238947, 33522.4400,  3, 678.48, 29.830000000001746
238953, 33523.0900,  3, 467.68, 30.510000000002037
239160, 33560.2300,  3, 500.15, 22.049999999995634
239176, 33561.9400,  3, 376.63, 23.729999999995925
239182, 33562.5900,  3, 469.65, 24.31999999999971
239186, 33563.0200,  3, 475.97, 24.779999999998836
239191, 33563.5500,  3, 425.05, 25.349999999998545
239212, 33565.8000,  3, 480.05, 27.619999999995343
239214, 33566.0200,  3, 471.33, 27.80999999999767
239239, 33568.6900,  3, 577.14, 30.44999999999709
239456, 33606.3400,  3, 543.36, 23.089999999996508
239457, 33606.4400,  3, 422.93, 23.169999999998254
239470, 33607.8400,  3, 447.95, 24.650000000001455
239471, 33607.9400,  3, 514.56, 24.68000000000029
239489, 33609.8700,  3, 442.81, 26.599999999998545
239497, 33610.7300,  3, 615.98, 27.459999999999127
239534, 33614.6900,  3, 578.23, 31.489999999997963
239540, 33615.3400,  3, 603.73, 32.12000000000262
239658, 33642.4100,  1, 96.57, 12.55000000000291
239658, 33642.4100,  1, 101.06, 12.55000000000291
239756, 33652.9100,  3, 494.13, 23.0199999999968
239793, 33656.8700,  3, 570.41, 26.94999999999709
239796, 33657.1900,  3, 491.68, 27.290000000000873
239802, 33657.8400,  3, 569.04, 27.87999999999738
239813, 33659.0200,  3, 570.39, 29.12999999999738
239846, 33662.5500,  3, 597.05, 32.58999999999651
240052, 33699.0500,  3, 471.95, 21.970000000001164
240056, 33699.4800,  3, 527.25, 22.31999999999971
240077, 33701.7300,  3, 445.14, 24.610000000000582
240082, 33702.2700,  3, 584.85, 25.139999999999418
240087, 33702.8000,  3, 542.52, 25.709999999999127
240088, 33702.9100,  3, 590.07, 25.80000000000291
240105, 33704.7300,  3, 440.87, 27.650000000001455
240154, 33709.9800,  3, 463.19, 32.87000000000262
240297, 33739.7300,  1, 30.85, 15.230000000003201
240371, 33747.6600,  3, 385.52, 23.150000000001455
240373, 33747.8700,  3, 448.03, 23.279999999998836
240388, 33749.4800,  3, 474.11, 24.889999999999418
240389, 33749.5900,  3, 504.15, 25.029999999998836
240391, 33749.8000,  3, 452.96, 25.19999999999709
240409, 33751.7300,  3, 535.05, 27.220000000001164
240434, 33754.4100,  3, 605.70, 29.849999999998545
240549, 33781.3400,  1, 8.14, 12.239999999997963
240549, 33781.3400,  1, 70.82, 12.239999999997963
240583, 33784.9800,  1, 161.69, 15.880000000004657
240662, 33793.4400,  3, 504.54, 24.279999999998836
240664, 33793.6600,  3, 525.86, 24.510000000002037
240675, 33794.8400,  3, 475.99, 25.650000000001455
240681, 33795.4800,  3, 420.98, 26.349999999998545
240721, 33799.7700,  3, 445.66, 30.639999999999418
240923, 33835.8400,  3, 388.73, 21.470000000001164
240938, 33837.4400,  3, 465.48, 23.06999999999971
240942, 33837.8700,  3, 361.83, 23.5199999999968
240950, 33838.7300,  3, 534.59, 24.339999999996508
240963, 33840.1200,  3, 599.94, 25.80999999999767
240964, 33840.2300,  3, 427.48, 25.919999999998254
240966, 33840.4400,  3, 427.45, 26.139999999999418
241016, 33845.8000,  3, 452.44, 31.419999999998254
241204, 33881.3000,  3, 441.90, 20.040000000000873
241208, 33881.7300,  3, 452.53, 20.389999999999418
241218, 33882.8000,  3, 498.55, 21.4800000000032
241231, 33884.1900,  3, 451.76, 22.87000000000262
241243, 33885.4800,  3, 506.45, 24.139999999999418
241252, 33886.4400,  3, 461.23, 25.18000000000029
241289, 33890.4100,  3, 497.52, 29.060000000004948
241299, 33891.4800,  3, 630.36, 30.160000000003492
241391, 33915.8400,  1, 37.62, 9.769999999996799
241391, 33915.8400,  1, 53.98, 9.769999999996799
241508, 33928.3700,  3, 417.10, 22.2699999999968
241543, 33932.1200,  3, 570.12, 26.0199999999968
241544, 33932.2300,  3, 461.56, 26.06999999999971
241546, 33932.4400,  3, 494.37, 26.30999999999767
241557, 33933.6200,  3, 473.96, 27.5
241575, 33935.5500,  3, 585.93, 29.400000000001455
241688, 33962.0900,  1, 86.98, 12.019999999996799
241688, 33962.0900,  1, 39.46, 12.019999999996799
241763, 33970.1200,  3, 439.66, 20.0199999999968
241781, 33972.0500,  3, 460.58, 21.87000000000262
241797, 33973.7700,  3, 487.52, 23.62000000000262
241836, 33977.9400,  3, 597.57, 27.80999999999767
241845, 33978.9100,  3, 519.27, 28.80000000000291
241846, 33979.0200,  3, 503.85, 28.910000000003492
241968, 34006.5500,  1, 92.83, 12.960000000006403
241968, 34006.5500,  1, 108.49, 12.960000000006403
241969, 34006.6600,  1, 49.93, 13.070000000006985
242053, 34015.6600,  3, 448.79, 22.020000000004075
242070, 34017.4800,  3, 485.30, 23.880000000004657
242086, 34019.1900,  3, 559.87, 25.570000000006985
242098, 34020.4800,  3, 469.13, 26.880000000004657
242105, 34021.2300,  3, 508.26, 27.560000000004948
242256, 34053.9400,  1, 181.03, 16.06999999999971
242256, 34053.9400,  1, 112.10, 16.06999999999971
242300, 34058.6600,  3, 435.31, 20.709999999999127
242333, 34062.1900,  3, 520.44, 24.25
242350, 34064.0200,  3, 443.48, 26.099999999998545
242352, 34064.2300,  3, 495.51, 26.30999999999767
242359, 34064.9800,  3, 428.63, 27.06999999999971
242373, 34066.4800,  3, 588.53, 28.599999999998545
242522, 34096.7300,  1, 123.99, 15.860000000000582
242525, 34097.0500,  1, 128.39, 16.18000000000029
242563, 34101.1200,  3, 434.10, 20.209999999999127
242597, 34104.7700,  3, 561.41, 23.82999999999447
242608, 34105.9400,  3, 435.65, 24.989999999997963
242609, 34106.0500,  3, 464.70, 25.12999999999738
242610, 34106.1600,  3, 499.93, 25.209999999999127
242671, 34112.6900,  3, 569.94, 31.790000000000873
242864, 34147.7700,  1, 266.47, 20.589999999996508
242864, 34147.7700,  1, 172.06, 20.589999999996508
242870, 34148.4100,  3, 431.60, 21.12000000000262
242876, 34149.0500,  3, 477.39, 21.849999999998545
242884, 34149.9100,  3, 470.21, 22.669999999998254
242893, 34150.8700,  3, 498.53, 23.659999999996217
242907, 34152.3700,  3, 433.83, 25.12999999999738
242937, 34155.5900,  3, 583.41, 28.30999999999767
243086, 34186.0500,  1, 16.05, 15.85000000000582
243086, 34186.0500,  1, 101.85, 15.85000000000582
243131, 34190.8700,  3, 461.49, 20.580000000001746
243131, 34190.8700,  3, 429.27, 20.590000000003783
243150, 34192.9100,  3, 461.79, 22.62000000000262
243152, 34193.1200,  3, 516.66, 22.880000000004657
243194, 34197.6200,  3, 550.97, 27.389999999999418
243214, 34199.7700,  3, 549.52, 29.55000000000291
243299, 34223.3000,  1, 7.03, 9.0
243299, 34223.3000,  1, -5.41, 9.0
243381, 34232.0900,  1, 202.56, 17.789999999993597
243381, 34232.0900,  1, 233.62, 17.789999999993597
243420, 34236.2700,  3, 436.98, 21.909999999996217
243451, 34239.5900,  3, 500.02, 25.189999999995052
243472, 34241.8400,  3, 467.72, 27.469999999993888
243515, 34246.4400,  3, 619.63, 32.11999999999534
243624, 34272.6200,  1, 104.73, 11.560000000004948
243624, 34272.6200,  1, 11.81, 11.560000000004948
243638, 34274.1200,  1, 124.94, 13.060000000004948
243638, 34274.1200,  1, 123.42, 13.060000000004948
243657, 34276.1600,  1, 55.99, 15.10000000000582
243727, 34283.6600,  3, 423.20, 22.580000000001746
243728, 34283.7700,  3, 549.12, 22.610000000000582
243778, 34289.1200,  3, 541.43, 28.020000000004075
243881, 34314.5500,  1, 36.70, 10.950000000004366
243881, 34314.5500,  1, 58.24, 10.950000000004366
243979, 34325.0500,  3, 455.72, 21.380000000004657
244006, 34327.9400,  3, 495.76, 24.330000000001746
244016, 34329.0200,  3, 498.73, 25.400000000001455
244028, 34330.3000,  3, 561.31, 26.660000000003492
244053, 34332.9800,  3, 576.36, 29.360000000000582
244080, 34335.8700,  3, 698.44, 32.19000000000233
244247, 34368.8700,  1, 26.78, 17.790000000000873
244247, 34368.8700,  1, 156.06, 17.790000000000873
244250, 34369.1900,  1, 108.17, 18.110000000000582
244324, 34377.1200,  3, 442.38, 25.979999999995925
244335, 34378.3000,  3, 547.25, 27.18000000000029
244344, 34379.2700,  3, 541.61, 28.119999999995343
244368, 34381.8400,  3, 559.31, 30.729999999995925
244384, 34383.5500,  3, 569.44, 32.36999999999534
244510, 34411.4400,  1, 61.68, 13.410000000003492
244510, 34411.4400,  1, 71.13, 13.410000000003492
244525, 34413.0500,  1, 177.74, 15.020000000004075
244525, 34413.0500,  1, 63.41, 15.020000000004075
244605, 34421.6200,  3, 521.49, 23.529999999998836
244639, 34425.2700,  3, 501.77, 27.160000000003492
244642, 34425.5900,  3, 530.43, 27.450000000004366
244665, 34428.0500,  3, 529.88, 29.950000000004366
244740, 34450.6200,  1, -3.98, 7.92000000000553
244740, 34450.6200,  1, 2.03, 7.92000000000553
244855, 34462.9400,  3, 421.44, 20.2300000000032
244863, 34463.8000,  3, 432.24, 20.99000000000524
244868, 34464.3400,  3, 436.08, 21.560000000004948
244896, 34467.3400,  3, 535.30, 24.60000000000582
244900, 34467.7700,  3, 508.66, 25.040000000000873
244932, 34471.1900,  3, 514.79, 28.44000000000233
245036, 34496.9400,  1, 73.57, 11.029999999998836
245036, 34496.9400,  1, -30.54, 11.029999999998836
245055, 34498.9800,  1, 98.06, 13.069999999999709
245137, 34507.7700,  3, 471.46, 21.779999999998836
245163, 34510.5500,  3, 448.16, 24.599999999998545
245182, 34512.5900,  3, 476.40, 26.62999999999738
245192, 34513.6600,  3, 573.49, 27.659999999996217
245302, 34525.4400,  3, 600.17, 39.5
245421, 34552.9100,  1, 33.20, 12.660000000003492
245524, 34563.9400,  3, 469.78, 23.62000000000262
245539, 34565.5500,  3, 470.73, 25.239999999997963
245542, 34565.8700,  3, 457.41, 25.540000000000873
245544, 34566.0900,  3, 428.22, 25.80999999999767
245579, 34569.8400,  3, 627.55, 29.55000000000291
245602, 34572.3000,  3, 576.71, 31.970000000001164
245616, 34573.8000,  3, 584.80, 33.529999999998836
245721, 34599.5900,  1, 87.00, 11.159999999996217
245721, 34599.5900,  1, 92.64, 11.159999999996217
245761, 34603.8700,  1, 50.16, 15.440000000002328
245761, 34603.8700,  1, 63.94, 15.440000000002328
245823, 34610.5200,  3, 426.13, 22.0
245833, 34611.5900,  3, 472.63, 23.110000000000582
245835, 34611.8000,  3, 512.15, 23.349999999998545
245842, 34612.5500,  3, 487.75, 24.010000000002037
245965, 34640.9400,  1, 126.10, 13.080000000001746
246048, 34649.8400,  3, 437.58, 21.93000000000029
246068, 34651.9800,  3, 513.61, 24.029999999998836
246075, 34652.7300,  3, 511.11, 24.790000000000873
246077, 34652.9400,  3, 456.50, 25.05999999999767
246097, 34655.0900,  3, 555.51, 27.139999999999418
246110, 34656.4800,  3, 522.03, 28.529999999998836
246119, 34657.4400,  3, 498.20, 29.5199999999968
246294, 34690.7300,  1, 97.85, 18.660000000003492
246294, 34690.7300,  1, 28.22, 18.660000000003492
246320, 34693.5200,  3, 448.64, 21.410000000003492
246348, 34696.5200,  3, 519.58, 24.349999999998545
246356, 34697.3700,  3, 560.66, 25.25
246358, 34697.5900,  3, 557.42, 25.489999999997963
246371, 34698.9800,  3, 501.92, 26.849999999998545
246377, 34699.6200,  3, 505.53, 27.529999999998836
246562, 34733.8400,  1, 148.70, 19.719999999993888
246568, 34734.4800,  3, 457.53, 20.25999999999476
246589, 34736.7300,  3, 410.05, 22.549999999995634
246591, 34736.9400,  3, 441.99, 22.75999999999476
246605, 34738.4400,  3, 502.42, 24.299999999995634
246606, 34738.5500,  3, 568.89, 24.360000000000582
246676, 34746.0500,  3, 696.37, 31.889999999999418
246698, 34748.4100,  3, 521.30, 34.20999999999913
246813, 34775.1600,  1, 111.32, 12.220000000001164
246813, 34775.1600,  1, 58.97, 12.220000000001164
246820, 34775.9100,  1, 63.69, 12.970000000001164
246889, 34783.3000,  3, 393.96, 20.32999999999447
246890, 34783.4100,  3, 473.25, 20.43000000000029
246896, 34784.0500,  3, 500.30, 21.0199999999968
246961, 34791.0200,  3, 583.48, 28.0199999999968
246975, 34792.5200,  3, 499.99, 29.5
247163, 34827.0900,  1, 146.59, 20.049999999995634
247166, 34827.4100,  3, 480.58, 20.279999999998836
247185, 34829.4400,  3, 537.09, 22.349999999998545
247186, 34829.5500,  3, 491.23, 22.470000000001164
247225, 34833.7300,  3, 585.73, 26.650000000001455
247245, 34835.8700,  3, 534.70, 28.80999999999767
247253, 34836.7300,  3, 634.34, 29.669999999998254
247285, 34840.1600,  3, 622.28, 33.029999999998836
247410, 34867.9400,  1, 63.96, 13.279999999998836
247410, 34867.9400,  1, 88.53, 13.279999999998836
247426, 34869.6600,  1, 124.81, 15.0
247426, 34869.6600,  1, 79.32, 15.0
247498, 34877.3700,  3, 536.54, 22.62999999999738
247504, 34878.0200,  3, 557.59, 23.32999999999447
247505, 34878.1200,  3, 454.27, 23.44999999999709
247515, 34879.1900,  3, 485.52, 24.50999999999476
247640, 34907.3000,  1, 79.49, 13.280000000006112
247642, 34907.5200,  1, 85.24, 13.5
247698, 34913.5200,  3, 440.09, 19.450000000004366
247723, 34916.1900,  3, 449.53, 22.080000000001746
247729, 34916.8400,  3, 461.41, 22.710000000006403
247740, 34918.0200,  3, 512.05, 23.94000000000233
247788, 34923.1600,  3, 440.66, 29.130000000004657
247863, 34931.1900,  3, 596.09, 37.09000000000378
247980, 34959.0200,  1, 98.54, 12.44999999999709
247980, 34959.0200,  1, 83.46, 12.44999999999709
248013, 34962.5500,  1, 92.26, 15.980000000003201
248013, 34962.5500,  1, 198.09, 15.980000000003201
248075, 34969.1900,  3, 461.50, 22.599999999998545
248088, 34970.5900,  3, 447.17, 23.9800000000032
248124, 34974.4400,  3, 589.97, 27.849999999998545
248134, 34975.5200,  3, 596.15, 28.889999999999418
248233, 35001.4800,  1, 29.05, 10.510000000002037
248233, 35001.4800,  1, 46.54, 10.510000000002037
248247, 35002.9800,  1, 39.84, 12.010000000002037
248319, 35010.6900,  3, 452.85, 19.709999999999127
248329, 35011.7700,  3, 459.52, 20.720000000001164
248368, 35015.9400,  3, 553.96, 24.959999999999127
248378, 35017.0200,  3, 541.13, 25.970000000001164
248415, 35020.9800,  3, 463.58, 29.970000000001164
248551, 35050.1600,  1, 46.16, 14.490000000005239
248590, 35054.3400,  1, 174.86, 18.669999999998254
248630, 35058.6200,  3, 453.66, 22.94000000000233
248647, 35060.4400,  3, 533.29, 24.68000000000029
248652, 35060.9800,  3, 535.54, 25.279999999998836
248670, 35062.9100,  3, 541.53, 27.18000000000029
248688, 35064.8400,  3, 464.47, 29.099999999998545
248719, 35068.1600,  1, 410.60, 32.49000000000524
248820, 35093.3400,  1, 54.11, 10.739999999997963
248820, 35093.3400,  1, 87.06, 10.739999999997963
248877, 35099.4400,  1, 160.64, 16.840000000003783
248942, 35106.4100,  3, 489.44, 23.720000000001164
248943, 35106.5200,  3, 454.75, 23.910000000003492
248950, 35107.2700,  3, 495.95, 24.56999999999971
248988, 35111.3400,  3, 566.29, 28.639999999999418
248991, 35111.6600,  3, 607.20, 28.950000000004366
249109, 35138.8400,  1, 113.39, 12.539999999993597
249109, 35138.8400,  1, 8.32, 12.539999999993597
249118, 35139.8000,  1, 57.18, 13.5
249118, 35139.8000,  1, 131.50, 13.5
249179, 35146.3400,  3, 443.39, 19.979999999995925
249187, 35147.1900,  3, 460.53, 20.839999999996508
249235, 35152.3400,  3, 548.39, 26.00999999999476
249299, 35159.1900,  3, 453.11, 32.7899999999936
249397, 35184.1600,  1, -4.17, 10.390000000006694
249397, 35184.1600,  1, 76.59, 10.390000000006694
249530, 35198.4100,  3, 459.86, 24.590000000003783
249537, 35199.1600,  3, 494.47, 25.37000000000262
249546, 35200.1200,  3, 532.41, 26.30000000000291
249569, 35202.5900,  3, 491.78, 28.720000000001164
249574, 35203.1200,  3, 454.21, 29.330000000001746
249599, 35205.8000,  3, 599.66, 31.93000000000029
249657, 35226.6200,  1, -26.18, 6.110000000000582
249657, 35226.6200,  1, -11.70, 6.110000000000582
249702, 35231.4400,  1, 80.74, 10.930000000000291
249702, 35231.4400,  1, 95.10, 10.930000000000291
249750, 35236.5900,  1, 62.71, 16.07999999999447
249750, 35236.5900,  1, 177.61, 16.07999999999447
249848, 35247.0900,  3, 566.95, 26.549999999995634
249866, 35249.0200,  3, 420.32, 28.479999999995925
249950, 35272.5500,  1, -12.98, 8.910000000003492
249950, 35272.5500,  1, 31.06, 8.910000000003492
249987, 35276.5200,  1, 102.67, 12.87999999999738
249987, 35276.5200,  1, 135.11, 12.87999999999738
250085, 35287.0200,  3, 487.22, 23.340000000003783
250093, 35287.8700,  3, 577.18, 24.18000000000029
250100, 35288.6200,  3, 546.31, 24.94999999999709
250153, 35294.3000,  3, 626.77, 30.55999999999767
250261, 35320.3400,  1, 61.29, 11.489999999997963
250261, 35320.3400,  1, 75.42, 11.489999999997963
250360, 35330.9400,  3, 476.94, 22.040000000000873
250363, 35331.2700,  3, 518.26, 22.389999999999418
250374, 35332.4400,  3, 432.04, 23.489999999997963
250383, 35333.4100,  3, 484.85, 24.520000000004075
250384, 35333.5200,  3, 431.61, 24.639999999999418
250401, 35335.3400,  3, 563.83, 26.44000000000233
250549, 35365.6200,  1, 78.95, 15.760000000002037
250597, 35370.7700,  3, 432.99, 20.889999999999418
250609, 35372.0500,  3, 499.18, 22.12999999999738
250627, 35373.9800,  3, 500.72, 24.06999999999971
250631, 35374.4100,  3, 542.01, 24.479999999995925
250670, 35378.5900,  3, 488.44, 28.669999999998254
250680, 35379.6600,  3, 655.04, 29.720000000001164
250684, 35380.0900,  3, 612.22, 30.19000000000233
250773, 35403.6200,  1, 18.22, 9.42000000000553
250773, 35403.6200,  1, -51.77, 9.42000000000553
250888, 35415.9400,  3, 487.68, 21.68000000000029
250898, 35417.0200,  3, 457.02, 22.780000000006112
250899, 35417.1200,  3, 483.99, 22.830000000001746
250913, 35418.6200,  3, 430.91, 24.35000000000582
250963, 35423.9800,  3, 592.05, 29.67000000000553
250982, 35426.0200,  3, 513.85, 31.74000000000524
251096, 35453.5900,  1, 82.71, 12.109999999993306
251096, 35453.5900,  1, 80.85, 12.109999999993306
251168, 35461.3000,  3, 420.93, 19.719999999993888
251183, 35462.9100,  3, 415.89, 21.31999999999971
251221, 35466.9800,  3, 566.18, 25.43000000000029
251222, 35467.0900,  3, 475.19, 25.56999999999971
251234, 35468.3700,  3, 473.73, 26.80999999999767
251235, 35468.4800,  3, 553.58, 26.969999999993888
251311, 35491.8000,  1, -14.35, 8.05000000000291
251311, 35491.8000,  1, -37.75, 8.05000000000291
251460, 35507.7700,  3, 515.40, 24.010000000002037
251461, 35507.8700,  3, 495.40, 24.110000000000582
251463, 35508.0900,  3, 519.66, 24.260000000002037
251468, 35508.6200,  3, 460.14, 24.839999999996508
251486, 35510.5500,  3, 461.05, 26.760000000002037
251512, 35513.3400,  3, 558.84, 29.489999999997963
251660, 35544.3700,  1, 55.83, 15.770000000004075
251721, 35550.9100,  3, 445.25, 22.290000000000873
251730, 35551.8700,  3, 462.35, 23.260000000002037
251741, 35553.0500,  3, 440.75, 24.37000000000262
251765, 35555.6200,  3, 418.85, 26.94000000000233
251770, 35556.1600,  3, 500.47, 27.459999999999127
251776, 35556.8000,  3, 474.26, 28.169999999998254
251788, 35558.0900,  3, 564.06, 29.43000000000029
251923, 35587.0500,  1, 23.72, 14.380000000004657
251984, 35593.5900,  1, 134.20, 20.919999999998254
251984, 35593.5900,  1, 315.09, 20.919999999998254
251986, 35593.8000,  3, 428.80, 21.12000000000262
251987, 35593.9100,  3, 462.45, 21.169999999998254
252019, 35597.3400,  3, 456.13, 24.599999999998545
252039, 35599.4800,  3, 595.19, 26.80000000000291
252040, 35599.5900,  3, 434.19, 26.81999999999971
252100, 35620.4100,  1, -12.31, 6.3400000000037835
252100, 35620.4100,  1, -43.05, 6.3400000000037835
252228, 35634.1200,  3, 434.71, 19.989999999997963
252252, 35636.6900,  3, 476.73, 22.599999999998545
252253, 35636.8000,  3, 426.79, 22.660000000003492
252261, 35637.6600,  3, 497.29, 23.55000000000291
252275, 35639.1600,  3, 426.13, 25.05000000000291
252292, 35640.9800,  3, 588.80, 26.87999999999738
252366, 35663.1200,  1, 11.44, 7.819999999999709
252366, 35663.1200,  1, -19.72, 7.819999999999709
252521, 35679.7300,  3, 513.02, 24.360000000000582
252524, 35680.0500,  3, 512.45, 24.64999999999418
252530, 35680.6900,  3, 461.78, 25.30999999999767
252530, 35680.6900,  3, 505.04, 25.30999999999767
252530, 35680.6900,  3, 461.82, 25.37999999999738
252701, 35699.0200,  3, 789.61, 43.68000000000029
252804, 35724.5900,  1, 41.43, 10.94999999999709
252890, 35733.8000,  3, 453.27, 20.06999999999971
252922, 35737.2300,  3, 490.86, 23.55999999999767
252929, 35737.9800,  3, 483.12, 24.25
252933, 35738.4100,  3, 481.64, 24.739999999997963
252942, 35739.3700,  3, 497.87, 25.639999999999418
252963, 35741.6200,  3, 507.45, 27.919999999998254
252983, 35743.7700,  3, 617.23, 30.12000000000262
253089, 35769.5200,  1, 99.83, 11.259999999994761
253089, 35769.5200,  1, 74.56, 11.259999999994761
253095, 35770.1600,  1, 111.91, 11.900000000001455
253095, 35770.1600,  1, 72.74, 11.900000000001455
253217, 35783.2300,  3, 563.32, 24.87999999999738
253222, 35783.7700,  3, 521.60, 25.409999999996217
253231, 35784.7300,  3, 461.56, 26.409999999996217
253233, 35784.9400,  3, 530.45, 26.669999999998254
253346, 35811.4100,  1, 89.24, 12.020000000004075
253346, 35811.4100,  1, 89.00, 12.020000000004075
253352, 35812.0500,  1, 105.24, 12.660000000003492
253352, 35812.0500,  1, 34.99, 12.660000000003492
253365, 35813.4400,  1, 90.40, 14.05000000000291
253449, 35822.4400,  3, 547.95, 23.010000000002037
253476, 35825.3400,  3, 519.36, 25.889999999999418
253664, 35845.4800,  3, 441.03, 46.05000000000291
253735, 35867.2700,  1, -6.12, 7.529999999998836
253735, 35867.2700,  1, -4.59, 7.529999999998836
253849, 35879.4800,  3, 460.25, 19.660000000003492
253850, 35879.5900,  3, 472.05, 19.790000000000873
253862, 35880.8700,  3, 452.50, 21.040000000000873
253874, 35882.1600,  3, 492.09, 22.389999999999418
253932, 35888.3700,  3, 436.70, 28.580000000001746
253981, 35893.6200,  3, 605.70, 33.87000000000262
254176, 35929.0200,  1, 234.10, 20.789999999993597
254176, 35929.0200,  1, 217.97, 20.789999999993597
254194, 35930.9400,  3, 506.69, 22.659999999996217
254207, 35932.3400,  3, 458.86, 24.029999999998836
254213, 35932.9800,  3, 472.29, 24.639999999999418
254221, 35933.8400,  3, 467.58, 25.57999999999447
254248, 35936.7300,  3, 499.77, 28.479999999995925
254249, 35936.8400,  3, 521.47, 28.539999999993597
254342, 35961.2700,  1, 73.06, 9.869999999995343
254342, 35961.2700,  1, 79.51, 9.869999999995343
254375, 35964.8000,  1, 35.45, 13.400000000001455
254375, 35964.8000,  1, 113.54, 13.400000000001455
254435, 35971.2300,  3, 460.47, 19.720000000001164
254462, 35974.1200,  3, 483.20, 22.659999999996217
254492, 35977.3400,  3, 522.62, 25.919999999998254
254513, 35979.5900,  3, 585.27, 28.080000000001746
254587, 36001.9400,  1, -26.58, 7.8400000000037835
254587, 36001.9400,  1, -4.11, 7.8400000000037835
254712, 36015.3400,  3, 464.22, 21.209999999999127
254732, 36017.4800,  3, 537.81, 23.290000000000873
254743, 36018.6600,  3, 487.77, 24.529999999998836
254806, 36025.4100,  3, 607.74, 31.270000000004075
254825, 36027.4400,  3, 695.45, 33.31999999999971
254828, 36027.7700,  3, 571.18, 33.66000000000349
254995, 36060.0500,  1, 102.35, 17.790000000000873
254999, 36060.4800,  3, 415.45, 18.209999999999127
255019, 36062.6200,  3, 454.30, 20.290000000000873
255028, 36063.5900,  3, 460.75, 21.229999999995925
255062, 36067.2300,  3, 491.82, 24.93000000000029
255071, 36068.1900,  3, 473.65, 25.82999999999447
255080, 36069.1600,  3, 512.46, 26.80999999999767
255085, 36069.6900,  3, 529.51, 27.349999999998545
255208, 36097.2300,  1, 134.89, 13.090000000003783
255208, 36097.2300,  1, 73.64, 13.090000000003783
255216, 36098.0900,  1, 86.39, 13.94999999999709
255216, 36098.0900,  1, 159.75, 13.94999999999709
255277, 36104.6200,  3, 405.13, 20.44999999999709
255291, 36106.1200,  3, 508.43, 21.959999999999127
255294, 36106.4400,  3, 536.78, 22.260000000002037
255304, 36107.5200,  3, 494.57, 23.349999999998545
255497, 36142.6600,  1, 84.47, 20.590000000003783
255503, 36143.3000,  3, 441.32, 21.18000000000029
255519, 36145.0200,  3, 529.22, 22.889999999999418
255520, 36145.1200,  3, 494.43, 22.9800000000032
255538, 36147.0500,  3, 494.65, 24.919999999998254
255544, 36147.6900,  3, 522.18, 25.590000000003783
255563, 36149.7300,  3, 584.45, 27.610000000000582
255620, 36155.8400,  3, 512.97, 33.669999999998254
255773, 36186.6600,  1, 62.80, 16.290000000000873
255773, 36186.6600,  1, 176.24, 16.290000000000873
255834, 36193.1900,  3, 449.56, 22.779999999998836
255853, 36195.2300,  3, 512.93, 24.799999999995634
255867, 36196.7300,  3, 500.39, 26.279999999998836
255892, 36199.4100,  3, 555.20, 29.00999999999476
255895, 36199.7300,  3, 501.35, 29.32999999999447
255953, 36205.9400,  3, 509.91, 35.5
256072, 36233.1200,  1, 62.61, 12.650000000001455
256072, 36233.1200,  1, 47.72, 12.650000000001455
256152, 36241.6900,  3, 465.07, 21.19000000000233
256162, 36242.7700,  3, 466.19, 22.220000000001164
256173, 36243.9400,  3, 454.87, 23.37999999999738
256182, 36244.9100,  3, 522.96, 24.349999999998545
256185, 36245.2300,  3, 558.42, 24.720000000001164
256196, 36246.4100,  3, 523.40, 25.87999999999738
256264, 36268.1600,  1, -19.10, 7.190000000002328
256264, 36268.1600,  1, -23.97, 7.190000000002328
256410, 36283.8000,  3, 512.52, 22.799999999995634
256426, 36285.5200,  3, 497.89, 24.44999999999709
256426, 36285.5200,  3, 541.91, 24.459999999999127
256433, 36286.2700,  3, 503.19, 25.220000000001164
256452, 36288.3000,  3, 540.07, 27.229999999995925
256455, 36288.6200,  3, 498.87, 27.549999999995634
256591, 36317.7300,  1, 123.66, 14.470000000001164
256591, 36317.7300,  1, 80.75, 14.470000000001164
256644, 36323.4100,  3, 457.91, 20.139999999999418
256658, 36324.9100,  3, 492.51, 21.599999999998545
256692, 36328.5500,  3, 577.51, 25.229999999995925
256697, 36329.0900,  3, 524.25, 25.739999999997963
256702, 36329.6200,  3, 443.05, 26.31999999999971
256773, 36337.2300,  3, 579.02, 33.919999999998254
256993, 36375.3400,  3, 501.09, 23.43000000000029
256998, 36375.8700,  3, 526.56, 23.910000000003492
257002, 36376.3000,  3, 509.80, 24.31999999999971
257017, 36377.9100,  3, 485.33, 26.0
257022, 36378.4400,  3, 528.61, 26.4800000000032
257050, 36381.4400,  3, 521.55, 29.530000000006112
257069, 36383.4800,  3, 567.52, 31.580000000001746
257072, 36383.8000,  3, 463.36, 31.81999999999971
257185, 36410.4800,  1, 103.40, 12.010000000002037
257185, 36410.4800,  1, 113.06, 12.010000000002037
257278, 36420.4400,  3, 528.35, 21.94999999999709
257283, 36420.9800,  3, 489.10, 22.44999999999709
257293, 36422.0500,  3, 501.14, 23.470000000001164
257329, 36425.9100,  3, 497.47, 27.409999999996217
257331, 36426.1200,  3, 497.70, 27.619999999995343
257508, 36445.0900,  3, 922.55, 46.580000000001746
257616, 36471.8400,  1, 75.76, 11.479999999995925
257616, 36471.8400,  1, 59.75, 11.479999999995925
257733, 36484.3700,  3, 492.26, 23.909999999996217
257754, 36486.6200,  3, 536.57, 26.25
257756, 36486.8400,  3, 511.40, 26.459999999999127
257797, 36491.2300,  3, 511.21, 30.860000000000582
257797, 36491.2300,  3, 677.78, 30.860000000000582
257848, 36496.6900,  3, 688.79, 36.23999999999796
257918, 36518.6200,  1, 11.55, 7.4100000000034925
257918, 36518.6200,  1, -1.41, 7.4100000000034925
258076, 36535.5500,  3, 459.24, 24.290000000000873
258083, 36536.3000,  3, 502.77, 25.0
258088, 36536.8400,  3, 530.95, 25.56999999999971
258096, 36537.6900,  3, 599.34, 26.470000000001164
258170, 36545.6200,  3, 530.47, 34.38999999999942
258297, 36559.2300,  3, 688.77, 47.9800000000032
258417, 36586.5900,  1, 85.63, 12.75
258417, 36586.5900,  1, 134.44, 12.75
258505, 36596.0200,  3, 515.38, 22.140000000006694
258518, 36597.4100,  3, 470.32, 23.510000000002037
258527, 36598.3700,  3, 447.25, 24.510000000002037
258577, 36603.7300,  3, 410.63, 29.780000000006112
258589, 36605.0200,  3, 565.34, 31.160000000003492
258612, 36607.4800,  3, 580.67, 33.56000000000495
258825, 36644.4400,  3, 496.62, 22.639999999999418
258830, 36644.9800,  3, 486.68, 23.209999999999127
258831, 36645.0900,  1, 171.03, 23.369999999995343
258831, 36645.0900,  1, 330.50, 23.369999999995343
258837, 36645.7300,  3, 515.40, 23.900000000001455
258859, 36648.0900,  3, 481.66, 26.360000000000582
258946, 36657.4100,  3, 715.30, 35.669999999998254
259009, 36664.1600,  3, 683.32, 42.33999999999651
259108, 36689.1600,  1, 42.93, 10.5
259108, 36689.1600,  1, 50.06, 10.5
259218, 36700.9400,  3, 505.08, 22.219999999993888
259224, 36701.5900,  3, 490.37, 22.82999999999447
259241, 36703.4100,  3, 492.58, 24.659999999996217
259283, 36707.9100,  3, 526.81, 29.209999999999127
259283, 36707.9100,  3, 632.88, 29.14999999999418
259314, 36711.2300,  3, 615.76, 32.549999999995634
259491, 36744.7300,  3, 423.81, 18.849999999998545
259505, 36746.2300,  3, 474.77, 20.290000000000873
259506, 36746.3400,  3, 438.26, 20.4800000000032
259515, 36747.3000,  3, 428.75, 21.43000000000029
259522, 36748.0500,  3, 494.83, 22.139999999999418
259558, 36751.9100,  3, 454.49, 25.950000000004366
259579, 36754.1600,  3, 530.85, 28.279999999998836
259605, 36756.9400,  3, 497.70, 31.029999999998836
259801, 36792.1900,  3, 465.43, 20.789999999993597
259825, 36794.7700,  3, 461.34, 23.44999999999709
259849, 36797.3400,  3, 556.31, 25.93000000000029
259850, 36797.4400,  3, 520.65, 26.05999999999767
259860, 36798.5200,  3, 485.40, 27.12999999999738
259875, 36800.1200,  3, 576.39, 28.75999999999476
259887, 36801.4100,  3, 581.93, 30.05999999999767
259899, 36802.6900,  3, 541.31, 31.37999999999738
260103, 36838.7700,  3, 455.19, 21.760000000002037
260108, 36839.3000,  3, 472.27, 22.19999999999709
260127, 36841.3400,  3, 470.35, 24.31999999999971
260144, 36843.1600,  3, 630.40, 26.06999999999971
260154, 36844.2300,  3, 535.00, 27.220000000001164
260162, 36845.0900,  3, 586.27, 27.9800000000032
260180, 36847.0200,  3, 582.23, 29.959999999999127
260230, 36852.3700,  3, 622.11, 35.33999999999651
260461, 36891.4800,  3, 554.00, 24.540000000000873
260466, 36892.0200,  3, 522.88, 25.110000000000582
260471, 36892.5500,  3, 571.95, 25.709999999999127
260504, 36896.0900,  3, 543.74, 29.169999999998254
260508, 36896.5200,  3, 504.69, 29.619999999995343
260526, 36898.4400,  3, 423.22, 31.529999999998836
260543, 36900.2700,  3, 500.71, 33.37999999999738
260564, 36902.5200,  3, 449.31, 35.63999999999942
260778, 36939.7300,  3, 529.82, 22.779999999998836
260781, 36940.0500,  3, 509.71, 23.049999999995634
260812, 36943.3700,  3, 470.32, 26.429999999993015
260822, 36944.4400,  3, 572.74, 27.50999999999476
260830, 36945.3000,  3, 516.46, 28.299999999995634
260831, 36945.4100,  3, 612.09, 28.469999999993888
260846, 36947.0200,  3, 531.23, 30.039999999993597
260876, 36950.2300,  3, 543.46, 33.25
260963, 36973.9100,  1, -10.70, 9.210000000006403
260963, 36973.9100,  1, 5.79, 9.210000000006403
260984, 36976.1600,  1, 52.08, 11.460000000006403
260984, 36976.1600,  1, 78.92, 11.460000000006403
261074, 36985.8000,  3, 418.24, 21.040000000000873
261080, 36986.4400,  3, 484.78, 21.710000000006403
261098, 36988.3700,  3, 512.44, 23.630000000004657
261107, 36989.3400,  3, 500.76, 24.55000000000291
261301, 37024.3000,  3, 444.97, 20.68000000000029
261313, 37025.5900,  3, 456.12, 21.93000000000029
261325, 37026.8700,  3, 484.21, 23.260000000002037
261329, 37027.3000,  3, 484.55, 23.660000000003492
261339, 37028.3700,  3, 487.02, 24.739999999997963
261352, 37029.7700,  3, 490.54, 26.080000000001746
261362, 37030.8400,  3, 483.76, 27.2300000000032
261390, 37033.8400,  3, 624.31, 30.209999999999127
261599, 37070.6600,  3, 481.10, 22.270000000004075
261605, 37071.3000,  3, 531.04, 22.880000000004657
261607, 37071.5200,  3, 524.82, 23.110000000000582
261624, 37073.3400,  3, 429.38, 24.900000000001455
261625, 37073.4400,  3, 565.56, 24.99000000000524
261633, 37074.3000,  3, 531.44, 25.81999999999971
261674, 37078.6900,  3, 488.74, 30.220000000001164
261706, 37082.1200,  3, 640.04, 33.69000000000233
261872, 37114.1900,  1, 17.87, 17.69000000000233
261872, 37114.1900,  1, 177.62, 17.69000000000233
261923, 37119.6600,  3, 481.83, 23.05000000000291
261928, 37120.1900,  3, 467.81, 23.669999999998254
261931, 37120.5200,  3, 501.27, 24.010000000002037
261932, 37120.6200,  3, 464.48, 24.099999999998545
261942, 37121.6900,  3, 573.89, 25.150000000001455
261986, 37126.4100,  3, 522.40, 29.900000000001455
262107, 37153.8400,  1, 53.21, 12.869999999995343
262107, 37153.8400,  1, 118.99, 12.869999999995343
262186, 37162.3000,  3, 470.82, 21.260000000002037
262204, 37164.2300,  3, 521.23, 23.220000000001164
262226, 37166.5900,  3, 583.99, 25.56999999999971
262232, 37167.2300,  3, 483.99, 26.25
262249, 37169.0500,  3, 537.20, 28.040000000000873
262284, 37172.8000,  3, 605.14, 31.779999999998836
262426, 37202.5900,  1, 83.71, 15.12999999999738
262492, 37209.6600,  3, 494.12, 22.110000000000582
262497, 37210.1900,  3, 486.35, 22.639999999999418
262504, 37210.9400,  3, 478.82, 23.470000000001164
262516, 37212.2300,  3, 546.86, 24.75
262522, 37212.8700,  3, 522.27, 25.330000000001746
262546, 37215.4400,  3, 488.11, 27.919999999998254
262550, 37215.8700,  3, 614.87, 28.340000000003783
262663, 37242.2700,  1, 58.94, 12.0
262688, 37244.9400,  1, 134.61, 14.67000000000553
262695, 37245.6900,  1, 54.73, 15.42000000000553
262695, 37245.6900,  1, 71.69, 15.42000000000553
262747, 37251.2700,  3, 484.79, 20.900000000001455
262753, 37251.9100,  3, 466.26, 21.540000000000873
262765, 37253.1900,  3, 482.82, 22.900000000001455
262769, 37253.6200,  3, 505.79, 23.280000000006112
262885, 37280.5200,  1, 37.41, 12.32999999999447
262885, 37280.5200,  1, 92.63, 12.32999999999447
262985, 37291.2300,  3, 510.89, 23.00999999999476
263017, 37294.6600,  3, 575.01, 26.439999999995052
263027, 37295.7300,  3, 529.81, 27.489999999997963
263038, 37296.9100,  3, 565.47, 28.68000000000029
263050, 37298.1900,  3, 549.75, 29.989999999997963
263078, 37301.1900,  3, 591.39, 32.919999999998254
263197, 37328.4800,  1, 34.33, 12.660000000003492
263279, 37337.2700,  3, 397.78, 21.400000000001455
263284, 37337.8000,  3, 524.95, 21.970000000001164
263295, 37338.9800,  3, 466.19, 23.12999999999738
263307, 37340.2700,  3, 483.76, 24.349999999998545
263310, 37340.5900,  3, 511.13, 24.709999999999127
263323, 37341.9800,  3, 526.70, 26.110000000000582
263430, 37353.4400,  3, 668.91, 37.529999999998836
263573, 37383.2300,  1, 206.55, 15.230000000003201
263573, 37383.2300,  1, 145.57, 15.230000000003201
263639, 37390.3000,  3, 483.03, 22.290000000000873
263680, 37394.6900,  3, 481.33, 26.599999999998545
263682, 37394.9100,  3, 573.30, 26.830000000001746
263724, 37399.4100,  3, 482.49, 31.31999999999971
263733, 37400.3700,  3, 638.01, 32.31999999999971
263748, 37401.9800,  3, 532.09, 33.94999999999709
263816, 37423.4400,  1, 10.63, 7.17000000000553
263816, 37423.4400,  1, -5.02, 7.17000000000553
263860, 37428.1600,  1, 9.71, 11.890000000006694
263965, 37439.4100,  3, 561.04, 23.130000000004657
263984, 37441.4400,  3, 564.51, 25.150000000001455
263988, 37441.8700,  3, 546.36, 25.56999999999971
263991, 37442.1900,  3, 515.02, 25.81999999999971
264035, 37446.9100,  3, 516.45, 30.610000000000582
264216, 37480.7700,  3, 440.02, 19.209999999999127
264241, 37483.4400,  3, 472.68, 21.889999999999418
264243, 37483.6600,  3, 497.95, 22.150000000001455
264250, 37484.4100,  3, 490.47, 22.889999999999418
264251, 37484.5200,  3, 487.84, 22.979999999995925
264298, 37489.5500,  3, 473.68, 27.979999999995925
264313, 37491.1600,  3, 551.06, 29.659999999996217
264325, 37492.4400,  3, 621.99, 30.889999999999418
264404, 37515.3700,  1, -12.51, 8.380000000004657
264404, 37515.3700,  1, 15.55, 8.380000000004657
264532, 37529.0900,  3, 498.20, 22.090000000003783
264573, 37533.4800,  3, 443.99, 26.459999999999127
264590, 37535.3000,  3, 521.20, 28.220000000001164
264604, 37536.8000,  3, 614.59, 29.760000000002037
264616, 37538.0900,  3, 594.63, 31.0
264630, 37539.5900,  3, 598.62, 32.5
264764, 37568.5500,  1, 157.05, 14.240000000005239
264764, 37568.5500,  1, 62.79, 14.240000000005239
264852, 37577.9800,  3, 549.67, 23.580000000001746
264856, 37578.4100,  3, 481.24, 24.06999999999971
264875, 37580.4400,  3, 518.18, 26.040000000000873
264880, 37580.9800,  3, 465.11, 26.610000000000582
264886, 37581.6200,  3, 570.03, 27.24000000000524
264899, 37583.0200,  3, 534.12, 28.630000000004657
265001, 37609.2300,  1, 57.18, 10.819999999999709
265001, 37609.2300,  1, 50.64, 10.819999999999709
265067, 37616.3000,  1, 224.48, 17.889999999999418
265067, 37616.3000,  1, 190.45, 17.889999999999418
265123, 37622.3000,  3, 516.32, 23.839999999996508
265128, 37622.8400,  3, 526.41, 24.359999999993306
265131, 37623.1600,  3, 492.84, 24.679999999993015
265172, 37627.5500,  3, 532.37, 29.049999999995634
265377, 37663.7700,  3, 492.65, 21.799999999995634
265381, 37664.1900,  3, 546.89, 22.219999999993888
265382, 37664.3000,  3, 488.65, 22.31999999999971
265412, 37667.5200,  3, 423.71, 25.57999999999447
265433, 37669.7700,  3, 498.04, 27.81999999999971
265440, 37670.5200,  3, 496.71, 28.56999999999971
265441, 37670.6200,  3, 589.59, 28.669999999998254
265457, 37672.3400,  3, 524.97, 30.31999999999971
265568, 37698.5900,  1, 99.14, 11.809999999997672
265568, 37698.5900,  1, 67.19, 11.809999999997672
265586, 37700.5200,  1, 77.36, 13.739999999997963
265586, 37700.5200,  1, 136.67, 13.739999999997963
265689, 37711.5500,  3, 534.90, 24.68000000000029
265695, 37712.1900,  3, 547.31, 25.380000000004657
265696, 37712.3000,  3, 526.73, 25.5
265726, 37715.5200,  3, 597.62, 28.669999999998254
265930, 37751.8000,  3, 478.48, 21.720000000001164
265943, 37753.1900,  3, 526.89, 23.049999999995634
265951, 37754.0500,  3, 542.52, 23.959999999999127
265953, 37754.2700,  3, 452.99, 24.169999999998254
265974, 37756.5200,  3, 557.16, 26.409999999996217
265976, 37756.7300,  3, 480.23, 26.589999999996508
265984, 37757.5900,  3, 561.79, 27.44999999999709
266019, 37761.3400,  3, 569.39, 31.229999999995925
266229, 37799.0200,  3, 508.56, 22.37000000000262
266240, 37800.1900,  3, 453.20, 23.529999999998836
266241, 37800.3000,  3, 586.67, 23.639999999999418
266274, 37803.8400,  3, 543.06, 27.209999999999127
266284, 37804.9100,  3, 480.12, 28.19999999999709
266291, 37805.6600,  3, 535.08, 28.989999999997963
266292, 37805.7700,  3, 570.49, 29.12000000000262
266294, 37805.9800,  3, 478.12, 29.339999999996508
266484, 37841.0200,  3, 477.03, 20.209999999999127
266501, 37842.8400,  3, 528.01, 22.05000000000291
266515, 37844.3400,  1, 106.27, 23.599999999998545
266520, 37844.8700,  1, 93.77, 24.130000000004657
266523, 37845.1900,  3, 498.39, 24.380000000004657
266525, 37845.4100,  3, 527.58, 24.599999999998545
266547, 37847.7700,  3, 461.97, 26.94000000000233
266554, 37848.5200,  3, 540.84, 27.74000000000524
266662, 37874.5200,  1, 107.40, 11.489999999997963
266662, 37874.5200,  1, 86.79, 11.489999999997963
266692, 37877.7300,  1, 72.91, 14.700000000004366
266692, 37877.7300,  1, 76.34, 14.700000000004366
266772, 37886.3000,  3, 500.49, 23.19000000000233
266784, 37887.5900,  3, 521.36, 24.4800000000032
266800, 37889.3000,  3, 582.21, 26.260000000002037
266814, 37890.8000,  3, 481.26, 27.700000000004366
266916, 37916.4400,  1, 92.25, 10.810000000004948
266916, 37916.4400,  1, 74.87, 10.810000000004948
267003, 37925.7700,  3, 452.61, 20.060000000004948
267015, 37927.0500,  3, 494.14, 21.310000000004948
267022, 37927.8000,  3, 480.61, 22.110000000000582
267026, 37928.2300,  3, 492.48, 22.55000000000291
267033, 37928.9800,  3, 522.06, 23.24000000000524
267041, 37929.8400,  3, 526.85, 24.160000000003492
267142, 37955.4100,  1, 9.16, 10.740000000005239
267142, 37955.4100,  1, 12.29, 10.740000000005239
267241, 37966.0200,  3, 459.16, 21.270000000004075
267242, 37966.1200,  3, 475.43, 21.400000000001455
267257, 37967.7300,  3, 471.96, 23.029999999998836
267276, 37969.7700,  3, 544.61, 25.060000000004948
267278, 37969.9800,  3, 485.03, 25.220000000001164
267340, 37976.6200,  3, 573.63, 31.860000000000582
267488, 38007.0200,  1, 133.04, 15.759999999994761
267488, 38007.0200,  1, 144.00, 15.759999999994761
267537, 38012.2700,  3, 487.27, 20.989999999997963
267544, 38013.0200,  3, 495.34, 21.729999999995925
267552, 38013.8700,  3, 505.60, 22.529999999998836
267562, 38014.9400,  3, 445.48, 23.659999999996217
267579, 38016.7700,  3, 440.96, 25.5
267612, 38020.3000,  3, 509.17, 28.94999999999709
267727, 38047.1200,  1, 82.48, 12.220000000001164
267727, 38047.1200,  1, 135.05, 12.220000000001164
267815, 38056.5500,  3, 531.49, 21.580000000001746
267822, 38057.3000,  3, 506.32, 22.369999999995343
267840, 38059.2300,  3, 497.43, 24.290000000000873
267855, 38060.8400,  3, 597.36, 25.860000000000582
267878, 38063.3000,  1, 330.28, 28.400000000001455
267948, 38070.8000,  3, 592.47, 35.86000000000058
268047, 38095.8400,  1, 90.97, 10.5
268047, 38095.8400,  1, 69.93, 10.5
268067, 38097.9800,  1, 51.92, 12.640000000006694
268146, 38106.4400,  3, 517.36, 21.030000000006112
268173, 38109.3400,  3, 561.32, 23.960000000006403
268225, 38114.9100,  3, 574.29, 29.530000000006112
268239, 38116.4100,  3, 638.42, 31.040000000000873
268241, 38116.6200,  3, 607.49, 31.19000000000233
268346, 38142.3700,  1, 76.93, 11.139999999999418
268346, 38142.3700,  1, 62.67, 11.139999999999418
268362, 38144.0900,  1, 29.78, 12.859999999993306
268450, 38153.5200,  3, 525.91, 22.2699999999968
268471, 38155.7700,  3, 537.26, 24.529999999998836
268473, 38155.9800,  3, 554.07, 24.689999999995052
268474, 38156.0900,  3, 506.93, 24.779999999998836
268477, 38156.4100,  3, 541.14, 25.089999999996508
268665, 38191.1200,  3, 447.57, 19.959999999999127
268684, 38193.1600,  3, 524.88, 22.06999999999971
268691, 38193.9100,  1, 140.73, 22.840000000003783
268691, 38193.9100,  1, 351.75, 22.840000000003783
268698, 38194.6600,  3, 520.88, 23.580000000001746
268711, 38196.0500,  3, 559.45, 24.919999999998254
268716, 38196.5900,  3, 480.48, 25.4800000000032
268797, 38205.2700,  3, 533.10, 34.12999999999738
268901, 38230.8400,  1, 65.21, 11.039999999993597
268902, 38230.9400,  1, 59.46, 11.139999999999418
268902, 38230.9400,  1, 71.91, 11.139999999999418
268993, 38240.6900,  3, 507.19, 20.87999999999738
269016, 38243.1600,  3, 549.29, 23.31999999999971
269030, 38244.6600,  3, 581.41, 24.80999999999767
269033, 38244.9800,  3, 507.97, 25.06999999999971
269107, 38252.9100,  3, 596.83, 33.05999999999767
269218, 38278.9800,  1, 18.18, 11.780000000006112
269218, 38278.9800,  1, -9.54, 11.780000000006112
269310, 38288.8400,  3, 491.92, 21.580000000001746
269318, 38289.6900,  3, 447.67, 22.450000000004366
269321, 38290.0200,  3, 536.00, 22.74000000000524
269324, 38290.3400,  3, 525.10, 23.080000000001746
269372, 38295.4800,  3, 536.34, 28.210000000006403
269375, 38295.8000,  3, 544.13, 28.580000000001746
269456, 38319.8700,  1, -44.85, 8.590000000003783
269456, 38319.8700,  1, 9.05, 8.590000000003783
269575, 38332.6200,  3, 497.47, 21.270000000004075
269595, 38334.7700,  3, 477.61, 23.43000000000029
269603, 38335.6200,  3, 472.74, 24.30000000000291
269610, 38336.3700,  3, 555.91, 24.989999999997963
269622, 38337.6600,  3, 527.94, 26.279999999998836
269645, 38340.1200,  3, 618.13, 28.790000000000873
269828, 38374.0200,  3, 466.03, 19.44000000000233
269836, 38374.8700,  3, 460.64, 20.330000000001746
269880, 38379.5900,  3, 482.62, 24.989999999997963
269883, 38379.9100,  3, 499.74, 25.30999999999767
269884, 38380.0200,  3, 549.84, 25.459999999999127
269885, 38380.1200,  3, 509.87, 25.5199999999968
269903, 38382.0500,  3, 542.10, 27.44000000000233
269970, 38389.2300,  3, 592.92, 34.68000000000029
270116, 38419.4400,  1, 206.58, 15.529999999998836
270116, 38419.4400,  1, 113.68, 15.529999999998836
270169, 38425.1200,  3, 429.69, 21.12999999999738
270173, 38425.5500,  3, 505.55, 21.55999999999767
270187, 38427.0500,  3, 482.96, 23.12999999999738
270208, 38429.3000,  3, 494.51, 25.349999999998545
270231, 38431.7700,  3, 497.77, 27.7699999999968
270241, 38432.8400,  3, 579.52, 28.869999999995343
270366, 38460.6900,  1, 82.73, 13.279999999998836
270366, 38460.6900,  1, 116.48, 13.279999999998836
270453, 38470.0200,  3, 533.26, 22.56999999999971
270465, 38471.3000,  3, 525.24, 23.779999999998836
270479, 38472.8000,  3, 539.84, 25.359999999993306
270486, 38473.5500,  3, 476.20, 26.109999999993306
270490, 38473.9800,  3, 488.05, 26.479999999995925
270507, 38475.8000,  3, 535.48, 28.279999999998836
270643, 38505.7300,  1, 95.71, 14.460000000006403
270643, 38505.7300,  1, 71.66, 14.460000000006403
270730, 38515.0500,  3, 535.91, 23.710000000006403
270731, 38515.1600,  3, 509.11, 23.830000000001746
270734, 38515.4800,  3, 521.47, 24.140000000006694
270739, 38516.0200,  3, 549.56, 24.710000000006403
270745, 38516.6600,  3, 564.13, 25.330000000001746
270752, 38517.4100,  3, 418.82, 26.080000000001746
270858, 38543.4800,  1, 84.00, 11.25
270858, 38543.4800,  1, 86.80, 11.25
270962, 38554.6200,  3, 485.19, 22.30999999999767
270981, 38556.6600,  3, 481.16, 24.349999999998545
270990, 38557.6200,  3, 563.23, 25.37999999999738
270991, 38557.7300,  3, 518.60, 25.419999999998254
271009, 38559.6600,  3, 596.20, 27.409999999996217
271010, 38559.7700,  3, 442.27, 27.5199999999968
271200, 38594.5200,  3, 485.20, 20.18000000000029
271206, 38595.1600,  3, 454.85, 20.81999999999971
271219, 38596.5500,  3, 495.88, 22.25
271255, 38600.4100,  3, 539.60, 26.080000000001746
271258, 38600.7300,  3, 557.85, 26.43000000000029
271263, 38601.2700,  3, 603.38, 26.99000000000524
271264, 38601.3700,  3, 518.11, 27.080000000001746
271295, 38604.6900,  3, 591.19, 30.35000000000582
271440, 38634.4400,  1, 122.65, 15.440000000002328
271449, 38635.4100,  1, 168.54, 16.410000000003492
271449, 38635.4100,  1, 204.23, 16.410000000003492
271494, 38640.2300,  3, 448.22, 21.19000000000233
271506, 38641.5200,  3, 490.47, 22.410000000003492
271531, 38644.1900,  3, 507.74, 25.110000000000582
271540, 38645.1600,  3, 461.94, 26.05999999999767
271572, 38648.5900,  3, 547.15, 29.489999999997963
271658, 38673.1200,  1, 25.70, 9.12000000000262
271658, 38673.1200,  1, 35.16, 9.12000000000262
271759, 38683.9400,  3, 466.94, 19.87999999999738
271764, 38684.4800,  3, 486.68, 20.419999999998254
271767, 38684.8000,  3, 487.15, 20.69000000000233
271791, 38687.3700,  3, 497.39, 23.349999999998545
271800, 38688.3400,  3, 549.19, 24.279999999998836
271855, 38694.2300,  3, 476.25, 30.18000000000029
271935, 38717.2700,  1, -2.61, 8.489999999997963
271935, 38717.2700,  1, -5.85, 8.489999999997963
272033, 38727.7700,  3, 444.45, 18.910000000003492
272042, 38728.7300,  3, 440.21, 19.919999999998254
272065, 38731.1900,  3, 521.41, 22.360000000000582
272116, 38736.6600,  3, 550.69, 27.779999999998836
272120, 38737.0900,  3, 522.18, 28.209999999999127
272132, 38738.3700,  3, 505.37, 29.510000000002037
272221, 38763.1200,  1, 75.18, 9.440000000002328
272221, 38763.1200,  1, 60.14, 9.440000000002328
272348, 38776.7300,  3, 549.17, 22.94999999999709
272350, 38776.9400,  3, 493.42, 23.19999999999709
272389, 38781.1200,  3, 529.86, 27.409999999996217
272396, 38781.8700,  3, 535.38, 28.12000000000262
272398, 38782.0900,  3, 604.36, 28.30000000000291
272400, 38782.3000,  3, 653.91, 28.580000000001746
272585, 38816.5500,  3, 473.31, 19.659999999996217
272599, 38818.0500,  3, 508.54, 21.169999999998254
272604, 38818.5900,  3, 487.28, 21.739999999997963
272611, 38819.3400,  3, 432.70, 22.459999999999127
272614, 38819.6600,  3, 543.84, 22.720000000001164
272637, 38822.1200,  3, 433.67, 25.209999999999127
272648, 38823.3000,  3, 504.11, 26.369999999995343
272700, 38828.8700,  3, 682.84, 32.029999999998836
272813, 38855.9100,  1, 89.41, 12.010000000002037
272891, 38864.2700,  3, 480.49, 20.30999999999767
272916, 38866.9400,  3, 498.34, 22.970000000001164
272927, 38868.1200,  3, 493.97, 24.19999999999709
272928, 38868.2300,  3, 560.05, 24.260000000002037
272931, 38868.5500,  3, 473.33, 24.55999999999767
272957, 38871.3400,  3, 595.20, 27.409999999996217
273029, 38879.0500,  3, 600.81, 35.099999999998545
273162, 38907.8400,  1, 93.05, 14.169999999998254
273162, 38907.8400,  1, 61.90, 14.169999999998254
273256, 38917.9100,  3, 496.44, 24.209999999999127
273276, 38920.0500,  3, 492.84, 26.37000000000262
273276, 38920.0500,  3, 509.44, 26.279999999998836
273277, 38920.1600,  3, 497.97, 26.459999999999127
273291, 38921.6600,  3, 631.02, 27.959999999999127
273293, 38921.8700,  3, 567.55, 28.139999999999418
273403, 38948.1600,  1, 120.82, 11.700000000004366
273487, 38957.1600,  3, 476.16, 20.650000000001455
273514, 38960.0500,  3, 511.64, 23.580000000001746
273526, 38961.3400,  3, 503.61, 24.87000000000262
273527, 38961.4400,  3, 553.43, 24.87999999999738
273552, 38964.1200,  3, 504.94, 27.580000000001746
273601, 38969.3700,  3, 635.59, 32.87999999999738
273620, 38971.4100,  3, 628.69, 34.93000000000029
273716, 38997.1600,  1, 39.24, 10.200000000004366
273716, 38997.1600,  1, -11.66, 10.200000000004366
273739, 38999.6200,  1, 79.89, 12.660000000003492
273739, 38999.6200,  1, 29.61, 12.660000000003492
273749, 39000.6900,  1, 91.33, 13.730000000003201
273749, 39000.6900,  1, 62.27, 13.730000000003201
273826, 39008.9400,  3, 511.56, 21.889999999999418
273828, 39009.1600,  3, 517.13, 22.19000000000233
273943, 39036.0900,  1, 118.51, 12.219999999993888
273943, 39036.0900,  1, 105.08, 12.219999999993888
274026, 39044.9800,  3, 478.37, 21.0199999999968
274032, 39045.6200,  3, 443.51, 21.68000000000029
274033, 39045.7300,  3, 460.56, 21.849999999998545
274055, 39048.0900,  3, 506.84, 24.19999999999709
274077, 39050.4400,  3, 509.27, 26.469999999993888
274096, 39052.4800,  3, 565.64, 28.540000000000873
274176, 39075.2300,  1, -3.63, 8.490000000005239
274176, 39075.2300,  1, 14.19, 8.490000000005239
274308, 39089.3700,  3, 508.29, 22.610000000000582
274315, 39090.1200,  1, 238.26, 23.380000000004657
274315, 39090.1200,  1, 307.60, 23.380000000004657
274346, 39093.4400,  3, 608.02, 26.660000000003492
274355, 39094.4100,  3, 511.14, 27.560000000004948
274447, 39104.2700,  3, 644.34, 37.51000000000204
274574, 39132.0500,  1, 69.24, 13.5
274574, 39132.0500,  1, 150.83, 13.5
274579, 39132.5900,  1, 69.67, 14.039999999993597
274659, 39141.1600,  3, 448.75, 22.50999999999476
274681, 39143.5200,  3, 478.24, 24.89999999999418
274706, 39146.1900,  3, 531.50, 27.55999999999767
274718, 39147.4800,  3, 495.32, 28.89999999999418
274746, 39150.4800,  3, 523.22, 31.82999999999447
274936, 39185.1200,  3, 414.13, 20.220000000001164
274949, 39186.5200,  3, 476.99, 21.62000000000262
274954, 39187.0500,  3, 461.70, 22.150000000001455
274968, 39188.5500,  3, 524.97, 23.68000000000029
274989, 39190.8000,  3, 487.45, 25.860000000000582
275017, 39193.8000,  3, 496.14, 28.849999999998545
275020, 39194.1200,  3, 542.54, 29.169999999998254
275023, 39194.4400,  3, 523.47, 29.479999999995925
275088, 39215.9100,  1, -35.43, 6.850000000005821
275088, 39215.9100,  1, 9.93, 6.850000000005821
275228, 39230.9100,  3, 470.74, 21.75
275234, 39231.5500,  3, 488.18, 22.410000000003492
275266, 39234.9800,  3, 517.12, 25.87000000000262
275312, 39239.9100,  3, 651.81, 30.81999999999971
275313, 39240.0200,  3, 617.24, 30.910000000003492
275344, 39243.3400,  3, 715.89, 34.24000000000524
275424, 39266.2300,  1, 23.74, 8.480000000003201
275424, 39266.2300,  1, -7.24, 8.480000000003201
275537, 39278.3400,  3, 457.09, 20.4800000000032
275538, 39278.4400,  3, 448.74, 20.62999999999738
275568, 39281.6600,  3, 556.87, 23.81999999999971
275600, 39285.0900,  3, 528.48, 27.25
275606, 39285.7300,  3, 502.40, 27.94999999999709
275616, 39286.8000,  3, 547.96, 29.029999999998836
275742, 39314.9100,  1, 109.82, 13.410000000003492
275744, 39315.1200,  1, 87.17, 13.62000000000262
275744, 39315.1200,  1, 95.46, 13.62000000000262
275793, 39320.3700,  3, 472.53, 18.830000000001746
275797, 39320.8000,  3, 433.77, 19.239999999997963
275859, 39327.4400,  3, 515.02, 25.839999999996508
275865, 39328.0900,  3, 566.31, 26.55000000000291
275891, 39330.8700,  3, 573.43, 29.2699999999968
276008, 39358.4800,  1, 30.77, 12.450000000004366
276008, 39358.4800,  1, 136.75, 12.450000000004366
276041, 39362.0200,  1, 55.53, 15.989999999997963
276101, 39368.4400,  3, 520.70, 22.37000000000262
276133, 39371.8700,  3, 494.83, 25.770000000004075
276134, 39371.9800,  3, 548.73, 25.840000000003783
276135, 39372.0900,  3, 524.71, 25.959999999999127
276159, 39374.6600,  3, 658.22, 28.580000000001746
276239, 39398.8400,  1, 6.98, 8.469999999993888
276239, 39398.8400,  1, -12.21, 8.469999999993888
276353, 39411.0500,  3, 496.65, 20.669999999998254
276392, 39415.2300,  3, 505.76, 24.82999999999447
276399, 39415.9800,  3, 518.35, 25.55999999999767
276400, 39416.0900,  3, 511.52, 25.62999999999738
276410, 39417.1600,  3, 575.32, 26.739999999997963
276431, 39419.4100,  3, 561.77, 29.0199999999968
276493, 39440.6200,  1, -7.32, 6.55000000000291
276493, 39440.6200,  1, -16.53, 6.55000000000291
276616, 39453.8000,  1, 124.19, 19.7300000000032
276616, 39453.8000,  1, 152.33, 19.7300000000032
276640, 39456.3700,  3, 490.32, 22.260000000002037
276650, 39457.4400,  3, 483.87, 23.340000000003783
276663, 39458.8400,  3, 590.26, 24.669999999998254
276694, 39462.1600,  3, 542.72, 28.080000000001746
276900, 39499.5200,  3, 495.54, 21.900000000001455
276906, 39500.1600,  3, 533.31, 22.520000000004075
276914, 39501.0200,  3, 499.63, 23.4800000000032
276923, 39501.9800,  3, 512.67, 24.37000000000262
276942, 39504.0200,  3, 474.26, 26.43000000000029
276946, 39504.4400,  3, 526.99, 26.860000000000582
277002, 39510.4400,  3, 668.21, 32.830000000001746
277003, 39510.5500,  3, 641.68, 32.970000000001164
277075, 39532.6200,  1, 3.22, 7.620000000002619
277075, 39532.6200,  1, -6.30, 7.620000000002619
277108, 39536.1600,  1, 110.11, 11.160000000003492
277108, 39536.1600,  1, 24.76, 11.160000000003492
277211, 39547.1900,  3, 489.81, 22.139999999999418
277235, 39549.7700,  3, 538.69, 24.68000000000029
277294, 39556.0900,  3, 534.65, 31.05999999999767
277321, 39558.9800,  3, 556.87, 33.87000000000262
277418, 39583.8400,  1, 43.65, 10.279999999998836
277418, 39583.8400,  1, 44.43, 10.279999999998836
277502, 39592.8400,  3, 446.05, 19.18000000000029
277516, 39594.3400,  1, 55.25, 20.779999999998836
277519, 39594.6600,  3, 507.64, 21.0
277575, 39600.6600,  3, 483.50, 27.029999999998836
277589, 39602.1600,  3, 564.39, 28.520000000004075
277634, 39606.9800,  3, 637.41, 33.41000000000349
277747, 39634.4400,  1, 70.64, 12.010000000002037
277748, 39634.5500,  1, 65.92, 12.12000000000262
277748, 39634.5500,  1, 116.14, 12.12000000000262
277782, 39638.1900,  1, 198.58, 15.760000000002037
277782, 39638.1900,  1, 126.05, 15.760000000002037
277857, 39646.2300,  3, 510.77, 23.760000000002037
277891, 39649.8700,  3, 508.20, 27.400000000001455
277893, 39650.0900,  3, 570.13, 27.62999999999738
277999, 39675.5900,  1, 61.62, 11.25
277999, 39675.5900,  1, -22.96, 11.25
278094, 39685.7700,  3, 489.25, 21.42000000000553
278112, 39687.6900,  3, 515.86, 23.340000000003783
278138, 39690.4800,  3, 544.65, 26.10000000000582
278173, 39694.2300,  3, 495.34, 29.880000000004657
278194, 39696.4800,  3, 504.82, 32.070000000006985
278223, 39699.5900,  1, 61.83, 35.25
278417, 39734.8000,  3, 491.96, 20.56999999999971
278425, 39735.6600,  3, 474.16, 21.389999999999418
278442, 39737.4800,  3, 535.39, 23.19000000000233
278474, 39740.9100,  3, 597.42, 26.580000000001746
278474, 39740.9100,  3, 581.67, 26.659999999996217
278500, 39743.6900,  3, 597.75, 29.409999999996217
278506, 39744.3400,  3, 560.32, 30.110000000000582
278512, 39744.9800,  3, 520.95, 30.729999999995925
278638, 39772.4100,  1, 58.04, 13.390000000006694
278638, 39772.4100,  1, 117.40, 13.390000000006694
278702, 39779.2700,  3, 462.75, 20.200000000004366
278732, 39782.4800,  3, 511.30, 23.43000000000029
278732, 39782.4800,  3, 507.77, 23.410000000003492
278779, 39787.5200,  3, 617.57, 28.400000000001455
278787, 39788.3700,  3, 461.54, 29.25
278806, 39790.4100,  3, 560.32, 31.340000000003783
278926, 39818.0200,  1, 108.44, 12.759999999994761
278926, 39818.0200,  1, 126.13, 12.759999999994761
278989, 39824.7700,  3, 444.89, 19.400000000001455
279023, 39828.4100,  3, 487.77, 23.139999999999418
279058, 39832.1600,  3, 525.30, 26.869999999995343
279059, 39832.2700,  3, 526.59, 26.970000000001164
279067, 39833.1200,  3, 545.86, 27.80999999999767
279090, 39835.5900,  3, 621.88, 30.220000000001164
279187, 39860.4100,  1, 63.43, 10.310000000004948
279187, 39860.4100,  1, 0.82, 10.310000000004948
279233, 39865.3400,  1, 58.66, 15.239999999997963
279314, 39874.0200,  3, 454.36, 23.81999999999971
279323, 39874.9800,  3, 532.09, 24.80000000000291
279333, 39876.0500,  3, 583.84, 25.919999999998254
279340, 39876.8000,  3, 599.56, 26.69000000000233
279346, 39877.4400,  3, 528.79, 27.239999999997963
279465, 39904.6200,  1, 106.13, 12.650000000001455
279465, 39904.6200,  1, 72.92, 12.650000000001455
279558, 39914.5900,  3, 513.83, 22.510000000002037
279581, 39917.0500,  3, 509.19, 25.040000000000873
279582, 39917.1600,  3, 520.44, 25.150000000001455
279603, 39919.4100,  3, 503.48, 27.360000000000582
279605, 39919.6200,  3, 480.64, 27.56999999999971
279609, 39920.0500,  3, 581.65, 28.0199999999968
279724, 39946.9100,  1, 79.80, 12.210000000006403
279724, 39946.9100,  1, 106.71, 12.210000000006403
279813, 39956.4400,  3, 470.55, 21.67000000000553
279825, 39957.7300,  3, 524.62, 22.970000000001164
279856, 39961.0500,  3, 553.68, 26.31999999999971
279860, 39961.4800,  3, 547.91, 26.770000000004075
279893, 39965.0200,  3, 521.63, 30.210000000006403
279915, 39967.3700,  3, 564.94, 32.59000000000378
280054, 39996.6200,  1, 25.50, 14.790000000000873
280054, 39996.6200,  1, 135.48, 14.790000000000873
280104, 40001.9800,  3, 453.85, 20.110000000000582
280172, 40009.2700,  3, 548.48, 27.43000000000029
280178, 40009.9100,  3, 543.32, 28.0
280190, 40011.1900,  3, 508.62, 29.339999999996508
280197, 40011.9400,  3, 583.68, 30.06999999999971
280208, 40013.1200,  3, 538.15, 31.2699999999968
280306, 40037.9100,  1, 38.94, 10.410000000003492
280306, 40037.9100,  1, 59.51, 10.410000000003492
280335, 40041.0200,  1, 156.31, 13.519999999996799
280371, 40044.8700,  1, 141.37, 17.37000000000262
280371, 40044.8700,  1, 200.11, 17.37000000000262
280439, 40052.1600,  3, 449.78, 24.55000000000291
280457, 40054.0900,  3, 514.69, 26.5
280486, 40057.1900,  3, 534.14, 29.639999999999418
280670, 40091.4400,  3, 445.31, 19.520000000004075
280672, 40091.6600,  3, 451.94, 19.74000000000524
280720, 40096.8000,  3, 570.57, 24.94000000000233
280729, 40097.7700,  3, 512.95, 25.840000000003783
280738, 40098.7300,  3, 490.81, 26.840000000003783
280740, 40098.9400,  3, 539.94, 27.060000000004948
280768, 40101.9400,  3, 572.72, 30.020000000004075
280804, 40105.8000,  3, 642.74, 33.91000000000349
281014, 40142.7700,  3, 491.36, 22.349999999998545
281019, 40143.3000,  3, 544.83, 22.889999999999418
281019, 40143.3000,  3, 475.88, 22.89999999999418
281021, 40143.5200,  3, 503.84, 23.119999999995343
281075, 40149.3000,  3, 605.73, 28.869999999995343
281079, 40149.7300,  3, 612.53, 29.299999999995634
281106, 40152.6200,  3, 549.37, 32.229999999995925
281109, 40152.9400,  3, 693.51, 32.54000000000087
281166, 40173.3700,  1, -42.42, 6.0
281166, 40173.3700,  1, -12.91, 6.0
281302, 40187.9400,  3, 484.03, 20.5
281328, 40190.7300,  3, 519.05, 23.32999999999447
281346, 40192.6600,  3, 498.22, 25.189999999995052
281348, 40192.8700,  3, 453.74, 25.409999999996217
281366, 40194.8000,  3, 502.97, 27.32999999999447
281405, 40198.9800,  3, 620.50, 31.50999999999476
281585, 40232.6600,  3, 415.90, 19.150000000001455
281655, 40240.1600,  3, 456.01, 26.669999999998254
281660, 40240.6900,  3, 544.46, 27.12999999999738
281693, 40244.2300,  3, 516.27, 30.68000000000029
281695, 40244.4400,  3, 611.45, 30.94000000000233
281704, 40245.4100,  3, 577.13, 31.900000000001455
281726, 40247.7700,  3, 624.12, 34.229999999995925
281726, 40247.7700,  3, 555.24, 34.220000000001164
281923, 40283.1200,  3, 457.19, 20.970000000001164
281934, 40284.3000,  3, 478.23, 22.169999999998254
281953, 40286.3400,  3, 469.89, 24.139999999999418
281974, 40288.5900,  3, 441.60, 26.389999999999418
281975, 40288.6900,  3, 537.22, 26.560000000004948
281985, 40289.7700,  3, 538.46, 27.580000000001746
282013, 40292.7700,  3, 456.87, 30.599999999998545
282045, 40296.1900,  3, 578.72, 34.0
282236, 40332.1200,  3, 507.63, 20.280000000006112
282240, 40332.5500,  3, 423.45, 20.760000000002037
282259, 40334.5900,  3, 491.21, 22.780000000006112
282269, 40335.6600,  3, 520.30, 23.80000000000291
282276, 40336.4100,  3, 443.18, 24.540000000000873
282278, 40336.6200,  3, 487.49, 24.780000000006112
282299, 40338.8700,  3, 553.32, 27.020000000004075
282324, 40341.5500,  3, 572.07, 29.770000000004075
282525, 40378.2700,  3, 476.87, 21.369999999995343
282546, 40380.5200,  3, 515.09, 23.589999999996508
282552, 40381.1600,  3, 527.69, 24.30999999999767
282557, 40381.6900,  3, 492.77, 24.80999999999767
282566, 40382.6600,  3, 484.14, 25.720000000001164
282576, 40383.7300,  3, 526.73, 26.889999999999418
282594, 40385.6600,  3, 545.02, 28.739999999997963
282601, 40386.4100,  3, 628.90, 29.529999999998836
282728, 40415.3000,  1, 77.48, 13.5
282728, 40415.3000,  1, 79.74, 13.5
282850, 40428.3700,  3, 558.10, 26.50999999999476
282854, 40428.8000,  3, 530.61, 26.909999999996217
282861, 40429.5500,  3, 407.72, 27.689999999995052
282862, 40429.6600,  3, 535.09, 27.75
282866, 40430.0900,  3, 389.62, 28.239999999997963
282904, 40434.1600,  3, 518.69, 32.32999999999447
283107, 40470.3400,  3, 468.18, 21.599999999998545
283114, 40471.0900,  3, 456.64, 22.400000000001455
283115, 40471.1900,  3, 476.58, 22.44999999999709
283117, 40471.4100,  3, 484.48, 22.69999999999709
283131, 40472.9100,  3, 403.36, 24.169999999998254
283135, 40473.3400,  3, 496.08, 24.650000000001455
283136, 40473.4400,  3, 557.64, 24.68000000000029
283158, 40475.8000,  3, 492.78, 27.110000000000582
283371, 40513.9400,  3, 512.18, 22.669999999998254
283373, 40514.1600,  3, 533.26, 22.93000000000029
283385, 40515.4400,  3, 486.14, 24.169999999998254
283402, 40517.2700,  3, 499.53, 25.970000000001164
283414, 40518.5500,  3, 496.07, 27.239999999997963
283440, 40521.3400,  3, 475.21, 30.099999999998545
283447, 40522.0900,  3, 542.51, 30.770000000004075
283453, 40522.7300,  3, 564.78, 31.470000000001164
283595, 40552.0900,  1, 80.55, 15.109999999993306
283595, 40552.0900,  1, 97.36, 15.109999999993306
283660, 40559.0500,  3, 434.63, 21.989999999997963
283665, 40559.5900,  3, 482.01, 22.56999999999971
283668, 40559.9100,  3, 502.46, 22.859999999993306
283669, 40560.0200,  3, 498.29, 22.959999999999127
283698, 40563.1200,  1, 101.68, 26.139999999999418
283699, 40563.2300,  3, 502.75, 26.159999999996217
283900, 40599.4800,  3, 477.89, 21.389999999999418
283914, 40600.9800,  3, 488.57, 22.81999999999971
283920, 40601.6200,  3, 514.83, 23.55000000000291
283925, 40602.1600,  3, 455.04, 24.010000000002037
283931, 40602.8000,  3, 555.33, 24.720000000001164
283959, 40605.8000,  3, 611.94, 27.639999999999418
283972, 40607.1900,  3, 514.12, 29.110000000000582
283994, 40609.5500,  3, 573.17, 31.470000000001164
284167, 40642.4800,  1, 154.61, 18.450000000004366
284167, 40642.4800,  1, 247.46, 18.450000000004366
284186, 40644.5200,  3, 509.42, 20.389999999999418
284212, 40647.3000,  3, 436.04, 23.25
284215, 40647.6200,  3, 419.79, 23.529999999998836
284241, 40650.4100,  3, 459.48, 26.37000000000262
284262, 40652.6600,  3, 556.76, 28.590000000003783
284278, 40654.3700,  3, 598.89, 30.25
284423, 40684.1600,  1, 133.66, 15.450000000004366
284423, 40684.1600,  1, 24.11, 15.450000000004366
284501, 40692.5200,  3, 488.57, 23.709999999999127
284524, 40694.9800,  3, 412.91, 26.2300000000032
284526, 40695.1900,  3, 441.40, 26.419999999998254
284529, 40695.5200,  3, 521.77, 26.760000000002037
284534, 40696.0500,  3, 569.91, 27.330000000001746
284543, 40697.0200,  3, 624.67, 28.260000000002037
284656, 40723.6900,  1, 110.18, 12.020000000004075
284656, 40723.6900,  1, 65.47, 12.020000000004075
284656, 40723.6900,  1, 103.00, 12.020000000004075
284656, 40723.6900,  1, 101.56, 12.020000000004075
284759, 40734.7300,  3, 492.43, 22.99000000000524
284764, 40735.2700,  3, 493.00, 23.56999999999971
284768, 40735.6900,  3, 439.26, 23.950000000004366
284783, 40737.3000,  3, 457.16, 25.590000000003783
284972, 40771.9800,  3, 493.80, 20.049999999995634
284995, 40774.4400,  3, 454.25, 22.580000000001746
284998, 40774.7700,  3, 451.31, 22.900000000001455
285018, 40776.9100,  3, 573.95, 25.040000000000873
285044, 40779.6900,  3, 646.74, 27.81999999999971
285053, 40780.6600,  3, 462.49, 28.81999999999971
285065, 40781.9400,  3, 527.89, 30.099999999998545
285083, 40783.8700,  3, 560.66, 31.94999999999709
285189, 40809.3700,  1, 92.67, 11.270000000004075
285285, 40819.6600,  3, 460.05, 21.450000000004366
285291, 40820.3000,  3, 514.92, 22.12000000000262
285314, 40822.7700,  3, 544.27, 24.560000000004948
285317, 40823.0900,  3, 490.79, 24.970000000001164
285319, 40823.3000,  3, 504.64, 25.099999999998545
285324, 40823.8400,  3, 598.87, 25.709999999999127
285336, 40825.1200,  3, 466.90, 26.93000000000029
285537, 40861.1200,  3, 494.31, 21.349999999998545
285544, 40861.8700,  3, 500.16, 22.160000000003492
285549, 40862.4100,  3, 456.95, 22.660000000003492
285578, 40865.5200,  3, 520.39, 25.760000000002037
285599, 40867.7700,  3, 489.86, 28.0
285611, 40869.0500,  3, 622.59, 29.310000000004948
285631, 40871.1900,  3, 521.82, 31.4800000000032
285643, 40872.4800,  3, 714.63, 32.700000000004366
285781, 40901.3000,  1, 142.42, 14.700000000004366
285781, 40901.3000,  1, 67.33, 14.700000000004366
285853, 40909.0200,  3, 452.15, 22.389999999999418
285872, 40911.0500,  3, 504.54, 24.360000000000582
285877, 40911.5900,  3, 554.78, 24.910000000003492
285879, 40911.8000,  3, 432.62, 25.19000000000233
285888, 40912.7700,  3, 558.63, 26.130000000004657
285916, 40915.7700,  3, 534.88, 29.06999999999971
286016, 40940.8400,  1, 94.05, 10.62999999999738
286016, 40940.8400,  1, 62.87, 10.62999999999738
286066, 40946.1900,  1, 29.54, 15.980000000003201
286114, 40951.3400,  3, 459.93, 21.099999999998545
286116, 40951.5500,  3, 462.21, 21.25
286135, 40953.5900,  3, 430.41, 23.30999999999767
286185, 40958.9400,  3, 547.60, 28.709999999999127
286228, 40963.5500,  3, 555.54, 33.30999999999767
286318, 40987.5900,  1, 47.66, 9.559999999997672
286318, 40987.5900,  1, -2.52, 9.559999999997672
286406, 40997.0200,  3, 443.80, 18.950000000004366
286434, 41000.0200,  3, 471.89, 21.970000000001164
286458, 41002.5900,  3, 478.05, 24.459999999999127
286506, 41007.7300,  3, 578.39, 29.639999999999418
286514, 41008.5900,  3, 601.83, 30.540000000000873
286540, 41011.3700,  3, 496.16, 33.330000000001746
286661, 41038.5900,  1, 98.52, 12.87999999999738
286661, 41038.5900,  1, 99.93, 12.87999999999738
286675, 41040.0900,  1, 132.63, 14.37999999999738
286675, 41040.0900,  1, 127.78, 14.37999999999738
286701, 41042.8700,  1, 116.83, 17.160000000003492
286706, 41043.4100,  1, 118.78, 17.700000000004366
286706, 41043.4100,  1, 101.50, 17.700000000004366
286788, 41052.1900,  3, 506.17, 26.450000000004366
286967, 41087.0900,  3, 477.21, 19.05999999999767
286981, 41088.5900,  3, 472.49, 20.580000000001746
286992, 41089.7700,  3, 480.89, 21.7300000000032
287010, 41091.6900,  3, 492.73, 23.639999999999418
287010, 41091.6900,  3, 533.27, 23.660000000003492
287014, 41092.1200,  3, 425.77, 24.06999999999971
287014, 41092.1200,  3, 524.22, 24.05999999999767
287093, 41100.5900,  3, 641.90, 32.55000000000291
287254, 41132.0200,  1, 228.35, 17.139999999999418
287254, 41132.0200,  1, 258.70, 17.139999999999418
287302, 41137.1600,  3, 480.54, 22.19000000000233
287348, 41142.0900,  3, 537.24, 27.19000000000233
287348, 41142.0900,  3, 509.76, 27.160000000003492
287353, 41142.6200,  3, 568.70, 27.720000000001164
287373, 41144.7700,  3, 568.06, 29.810000000004948
287387, 41146.2700,  3, 598.83, 31.280000000006112
287449, 41167.6200,  1, -16.88, 6.55000000000291
287449, 41167.6200,  1, -7.52, 6.55000000000291
287588, 41182.5200,  1, 275.42, 21.44999999999709
287588, 41182.5200,  1, 245.44, 21.44999999999709
287591, 41182.8400,  3, 540.70, 21.68000000000029
287623, 41186.2700,  3, 529.25, 25.099999999998545
287643, 41188.4100,  3, 460.97, 27.239999999997963
287645, 41188.6200,  3, 442.90, 27.529999999998836
287761, 41215.6200,  1, 67.70, 12.319999999999709
287761, 41215.6200,  1, 61.00, 12.319999999999709
287764, 41215.9400,  1, 62.46, 12.639999999999418
287850, 41225.1600,  3, 495.07, 21.75999999999476
287893, 41229.7700,  3, 586.97, 26.39999999999418
287894, 41229.8700,  3, 445.07, 26.469999999993888
287895, 41229.9800,  3, 471.93, 26.610000000000582
287904, 41230.9400,  3, 500.27, 27.62999999999738
288004, 41255.9100,  1, 48.93, 10.610000000000582
288004, 41255.9100,  1, 74.19, 10.610000000000582
288096, 41265.7700,  3, 503.46, 20.369999999995343
288108, 41267.0500,  3, 486.34, 21.719999999993888
288120, 41268.3400,  3, 464.38, 22.969999999993888
288125, 41268.8700,  3, 478.78, 23.50999999999476
288137, 41270.1600,  3, 438.65, 24.7699999999968
288137, 41270.1600,  3, 486.01, 24.799999999995634
288261, 41297.6900,  1, 92.66, 13.17000000000553
288327, 41304.7700,  3, 458.07, 20.17000000000553
288354, 41307.6600,  3, 549.02, 23.030000000006112
288356, 41307.8700,  3, 517.62, 23.330000000001746
288374, 41309.8000,  3, 602.82, 25.220000000001164
288382, 41310.6600,  3, 539.38, 26.030000000006112
288413, 41313.9800,  3, 545.70, 29.42000000000553
288429, 41315.6900,  3, 567.64, 31.160000000003492
288555, 41343.1900,  1, 22.78, 13.389999999999418
288555, 41343.1900,  1, 67.72, 13.389999999999418
288643, 41352.6200,  3, 413.28, 22.789999999993597
288654, 41353.8000,  3, 522.35, 23.959999999999127
288656, 41354.0200,  3, 484.97, 24.169999999998254
288676, 41356.1600,  3, 426.53, 26.25999999999476
288680, 41356.5900,  3, 451.00, 26.69999999999709
288707, 41359.4800,  3, 545.61, 29.62999999999738
288785, 41382.3400,  1, 24.55, 8.269999999996799
288785, 41382.3400,  1, 7.86, 8.269999999996799
288879, 41392.4100,  1, 197.42, 18.340000000003783
288879, 41392.4100,  1, 122.78, 18.340000000003783
288940, 41398.9400,  3, 500.65, 24.80999999999767
288970, 41402.1600,  3, 542.10, 28.0
288970, 41402.1600,  3, 651.89, 28.0199999999968
288979, 41403.1200,  3, 646.82, 29.0199999999968
289185, 41439.4800,  3, 511.51, 21.93000000000029
289206, 41441.7300,  3, 547.65, 24.17000000000553
289212, 41442.3700,  3, 493.35, 24.790000000000873
289220, 41443.2300,  3, 550.69, 25.67000000000553
289245, 41445.9100,  3, 626.94, 28.360000000000582
289253, 41446.7700,  3, 649.39, 29.140000000006694
289257, 41447.1900,  3, 506.49, 29.630000000004657
289300, 41451.8000,  3, 613.99, 34.25
289374, 41474.1900,  1, 1.14, 7.830000000001746
289374, 41474.1900,  1, -26.60, 7.830000000001746
289471, 41484.5900,  3, 406.17, 18.209999999999127
289524, 41490.2700,  3, 555.58, 23.860000000000582
289533, 41491.2300,  3, 499.35, 24.81999999999971
289550, 41493.0500,  3, 562.81, 26.659999999996217
289564, 41494.5500,  3, 441.06, 28.099999999998545
289595, 41497.8700,  3, 630.73, 31.479999999995925
289749, 41528.5200,  1, 98.97, 16.409999999996217
289749, 41528.5200,  1, 120.31, 16.409999999996217
289788, 41532.6900,  3, 510.56, 20.489999999997963
289825, 41536.6600,  3, 398.09, 24.459999999999127
289832, 41537.4100,  3, 505.93, 25.19999999999709
289846, 41538.9100,  3, 497.44, 26.7699999999968
289854, 41539.7700,  3, 454.67, 27.610000000000582
289880, 41542.5500,  3, 534.00, 30.37999999999738
289991, 41568.6900,  1, 128.51, 11.779999999998836
289991, 41568.6900,  1, 6.95, 11.779999999998836
290028, 41572.6600,  1, 153.69, 15.75
290028, 41572.6600,  1, 185.76, 15.75
290095, 41579.8400,  3, 387.21, 22.81999999999971
290114, 41581.8700,  3, 465.16, 24.94999999999709
290117, 41582.1900,  3, 457.64, 25.19999999999709
290134, 41584.0200,  3, 499.20, 27.039999999993597
290337, 41620.4800,  3, 511.28, 21.56999999999971
290341, 41620.9100,  3, 514.63, 21.989999999997963
290355, 41622.4100,  3, 436.15, 23.55999999999767
290359, 41622.8400,  3, 566.43, 23.959999999999127
290362, 41623.1600,  3, 526.44, 24.330000000001746
290369, 41623.9100,  3, 583.29, 25.06999999999971
290387, 41625.8400,  3, 582.58, 26.989999999997963
290405, 41627.7700,  3, 586.82, 28.860000000000582
290526, 41655.1200,  1, 80.23, 12.85000000000582
290526, 41655.1200,  1, 86.77, 12.85000000000582
290587, 41661.6600,  1, 83.53, 19.390000000006694
290606, 41663.6900,  3, 480.73, 21.35000000000582
290611, 41664.2300,  3, 484.56, 21.93000000000029
290652, 41668.6200,  1, 313.04, 26.35000000000582
290658, 41669.2700,  3, 501.42, 26.92000000000553
290676, 41671.1900,  3, 552.53, 28.840000000003783
290804, 41699.1900,  1, 45.93, 13.60000000000582
290864, 41705.6200,  3, 462.74, 19.94000000000233
290879, 41707.2300,  3, 471.87, 21.540000000000873
290899, 41709.3700,  3, 457.17, 23.720000000001164
290910, 41710.5500,  3, 570.81, 24.87000000000262
290925, 41712.1600,  3, 510.38, 26.49000000000524
290935, 41713.2300,  3, 504.38, 27.610000000000582
290953, 41715.1600,  3, 497.60, 29.49000000000524
291150, 41750.5200,  3, 452.91, 20.989999999997963
291163, 41751.9100,  3, 470.27, 22.349999999998545
291177, 41753.4100,  3, 524.86, 23.839999999996508
291177, 41753.4100,  3, 510.91, 23.81999999999971
291185, 41754.2700,  3, 475.92, 24.689999999995052
291210, 41756.9400,  3, 496.61, 27.369999999995343
291222, 41758.2300,  3, 575.97, 28.669999999998254
291246, 41760.8000,  3, 505.21, 31.19999999999709
291403, 41792.0900,  1, 130.19, 16.729999999995925
291403, 41792.0900,  1, 84.43, 16.729999999995925
291420, 41793.9100,  1, 204.16, 18.55000000000291
291420, 41793.9100,  1, 130.75, 18.55000000000291
291441, 41796.1600,  3, 473.09, 20.69999999999709
291444, 41796.4800,  3, 461.02, 21.05000000000291
291459, 41798.0900,  3, 530.11, 22.659999999996217
291522, 41804.8400,  3, 515.50, 29.400000000001455
291610, 41828.8000,  1, 36.29, 9.319999999999709
291610, 41828.8000,  1, -20.74, 9.319999999999709
291674, 41835.6600,  1, 188.98, 16.18000000000029
291674, 41835.6600,  1, 205.84, 16.18000000000029
291721, 41840.6900,  3, 510.42, 21.159999999996217
291736, 41842.3000,  3, 470.01, 22.779999999998836
291755, 41844.3400,  3, 469.48, 24.80999999999767
291782, 41847.2300,  3, 489.60, 27.68000000000029
291910, 41875.5200,  1, 88.80, 13.619999999995343
291910, 41875.5200,  1, 24.22, 13.619999999995343
291975, 41882.4800,  3, 481.87, 20.5
291987, 41883.7700,  3, 470.56, 21.7699999999968
292002, 41885.3700,  3, 557.13, 23.389999999999418
292006, 41885.8000,  3, 501.79, 23.839999999996508
292020, 41887.3000,  3, 567.60, 25.299999999995634
292088, 41894.5900,  3, 493.37, 32.58999999999651
292199, 41920.8700,  1, 89.83, 11.80000000000291
292199, 41920.8700,  1, 113.38, 11.80000000000291
292298, 41931.4800,  3, 480.71, 22.37999999999738
292310, 41932.7700,  3, 516.04, 23.590000000003783
292310, 41932.7700,  3, 481.38, 23.650000000001455
292343, 41936.3000,  3, 501.24, 27.18000000000029
292359, 41938.0200,  3, 573.01, 28.94000000000233
292431, 41945.7300,  3, 708.56, 36.580000000001746
292503, 41967.6200,  1, 6.57, 7.620000000002619
292503, 41967.6200,  1, -48.70, 7.620000000002619
292554, 41973.0900,  1, 134.43, 13.089999999996508
292566, 41974.3700,  1, 118.51, 14.37000000000262
292566, 41974.3700,  1, 71.37, 14.37000000000262
292624, 41980.5900,  3, 491.53, 20.540000000000873
292635, 41981.7700,  3, 467.15, 21.720000000001164
292659, 41984.3400,  3, 530.90, 24.2699999999968
292847, 42018.9100,  3, 427.57, 20.029999999998836
292864, 42020.7300,  3, 414.29, 21.839999999996508
292879, 42022.3400,  3, 500.34, 23.459999999999127
292881, 42022.5500,  3, 545.20, 23.639999999999418
292881, 42022.5500,  3, 498.78, 23.650000000001455
292889, 42023.4100,  3, 557.72, 24.540000000000873
292894, 42023.9400,  3, 374.04, 25.029999999998836
292948, 42029.7300,  3, 522.76, 30.80000000000291
293068, 42056.9800,  1, -9.93, 12.760000000002037
293114, 42061.9100,  1, 143.37, 17.69000000000233
293146, 42065.3400,  3, 501.90, 21.05999999999767
293151, 42065.8700,  3, 443.55, 21.56999999999971
293176, 42068.5500,  3, 546.61, 24.30999999999767
293195, 42070.5900,  3, 490.49, 26.360000000000582
293220, 42073.2700,  3, 498.89, 29.010000000002037
293236, 42074.9800,  3, 577.14, 30.669999999998254
293426, 42109.6900,  3, 469.57, 20.220000000001164
293442, 42111.4100,  3, 438.32, 21.959999999999127
293449, 42112.1600,  3, 528.60, 22.720000000001164
293460, 42113.3400,  3, 582.65, 23.900000000001455
293467, 42114.0900,  3, 509.50, 24.55999999999767
293494, 42116.9800,  3, 627.02, 27.44000000000233
293496, 42117.1900,  3, 627.81, 27.69999999999709
293504, 42118.0500,  3, 555.25, 28.529999999998836
293621, 42145.0500,  1, 113.41, 12.430000000000291
293621, 42145.0500,  1, 96.33, 12.430000000000291
293730, 42156.7300,  3, 501.40, 24.05999999999767
293738, 42157.5900,  3, 585.39, 24.87999999999738
293763, 42160.2700,  3, 615.66, 27.62999999999738
293802, 42164.4400,  3, 587.40, 31.799999999995634
293804, 42164.6600,  3, 607.13, 31.959999999999127
293852, 42169.8000,  3, 545.22, 37.169999999998254
293930, 42192.6200,  1, 43.65, 8.25
293930, 42192.6200,  1, 21.16, 8.25
294004, 42200.5500,  1, 147.65, 16.18000000000029
294004, 42200.5500,  1, 214.95, 16.18000000000029
294069, 42207.5200,  3, 534.92, 23.119999999995343
294071, 42207.7300,  3, 548.43, 23.25999999999476
294110, 42211.9100,  3, 463.09, 27.43000000000029
294117, 42212.6600,  3, 559.43, 28.209999999999127
294249, 42241.2700,  1, 21.24, 14.039999999993597
294249, 42241.2700,  1, 116.81, 14.039999999993597
294278, 42244.3700,  1, 124.70, 17.139999999999418
294318, 42248.6600,  3, 460.88, 21.31999999999971
294330, 42249.9400,  3, 553.64, 22.639999999999418
294340, 42251.0200,  3, 557.72, 23.739999999997963
294341, 42251.1200,  3, 513.57, 23.839999999996508
294342, 42251.2300,  3, 552.42, 23.94999999999709
294424, 42274.7700,  1, -33.52, 8.69999999999709
294424, 42274.7700,  1, 21.96, 8.69999999999709
294438, 42276.2700,  1, 87.24, 10.19999999999709
294438, 42276.2700,  1, -3.73, 10.19999999999709
294546, 42287.8400,  3, 471.51, 21.739999999997963
294582, 42291.6900,  3, 499.42, 25.55000000000291
294595, 42293.0900,  3, 554.47, 26.959999999999127
294653, 42299.3000,  3, 603.81, 33.169999999998254
294786, 42327.7300,  1, 141.85, 14.140000000006694
294786, 42327.7300,  1, 71.35, 14.140000000006694
294800, 42329.2300,  1, 71.08, 15.640000000006694
294873, 42337.0500,  3, 518.87, 23.44000000000233
294880, 42337.8000,  3, 466.92, 24.150000000001455
294882, 42338.0200,  3, 557.64, 24.390000000006694
294920, 42342.0900,  3, 643.14, 28.42000000000553
294934, 42343.5900,  3, 571.84, 29.900000000001455
295152, 42381.3000,  3, 492.95, 23.25
295162, 42382.3700,  3, 527.49, 24.279999999998836
295165, 42382.6900,  1, 319.40, 24.660000000003492
295165, 42382.6900,  1, 244.44, 24.660000000003492
295174, 42383.6600,  3, 500.01, 25.529999999998836
295184, 42384.7300,  3, 539.96, 26.599999999998545
295188, 42385.1600,  3, 589.20, 27.05999999999767
295225, 42389.1200,  3, 528.67, 31.040000000000873
295414, 42423.7300,  1, 258.38, 20.160000000003492
295414, 42423.7300,  1, 261.37, 20.160000000003492
295429, 42425.3400,  3, 521.50, 21.720000000001164
295435, 42425.9800,  3, 478.12, 22.330000000001746
295445, 42427.0500,  3, 523.90, 23.43000000000029
295452, 42427.8000,  3, 477.89, 24.18000000000029
295476, 42430.3700,  3, 496.04, 26.7300000000032
295482, 42431.0200,  3, 563.43, 27.410000000003492
295684, 42467.1600,  3, 460.58, 21.5199999999968
295706, 42469.5200,  3, 562.72, 23.81999999999971
295709, 42469.8400,  3, 443.57, 24.139999999999418
295721, 42471.1200,  3, 541.50, 25.39999999999418
295727, 42471.7700,  3, 470.75, 26.06999999999971
295736, 42472.7300,  3, 424.59, 27.06999999999971
295741, 42473.2700,  3, 534.89, 27.599999999998545
295749, 42474.1200,  3, 629.39, 28.409999999996217
295846, 42499.8400,  1, -56.27, 10.289999999993597
295846, 42499.8400,  1, 24.06, 10.289999999993597
295879, 42503.3700,  1, 141.16, 13.819999999999709
295944, 42510.3400,  3, 424.87, 20.689999999995052
295952, 42511.1900,  3, 463.96, 21.619999999995343
295964, 42512.4800,  3, 511.72, 22.839999999996508
295985, 42514.7300,  3, 499.36, 25.139999999999418
295997, 42516.0200,  3, 540.37, 26.439999999995052
296094, 42540.9100,  1, 53.31, 10.290000000000873
296094, 42540.9100,  1, 67.29, 10.290000000000873
296138, 42545.6200,  1, 33.50, 15.0
296138, 42545.6200,  1, 80.73, 15.0
296193, 42551.5200,  1, 171.35, 20.89999999999418
296217, 42554.0900,  3, 526.77, 23.43000000000029
296227, 42555.1600,  3, 458.09, 24.44999999999709
296256, 42558.2700,  3, 547.99, 27.610000000000582
296459, 42594.5200,  3, 452.07, 21.55000000000291
296476, 42596.3400,  3, 503.48, 23.419999999998254
296489, 42597.7300,  3, 506.04, 24.779999999998836
296493, 42598.1600,  3, 489.36, 25.229999999995925
296523, 42601.3700,  3, 607.68, 28.44000000000233
296526, 42601.6900,  3, 525.93, 28.739999999997963
296530, 42602.1200,  3, 538.20, 29.159999999996217
296573, 42606.7300,  3, 550.59, 33.79000000000087
296667, 42631.9800,  1, -15.11, 9.960000000006403
296667, 42631.9800,  1, 10.54, 9.960000000006403
296750, 42640.8700,  3, 380.33, 18.810000000004948
296788, 42644.9400,  3, 567.11, 22.830000000001746
296790, 42645.1600,  3, 493.80, 23.110000000000582
296821, 42648.4800,  3, 426.00, 26.42000000000553
296825, 42648.9100,  3, 568.36, 26.87000000000262
296878, 42654.5900,  3, 652.69, 32.4600000000064
296958, 42677.5200,  1, -3.78, 8.469999999993888
296958, 42677.5200,  1, 49.33, 8.469999999993888
296986, 42680.5200,  1, 80.21, 11.469999999993888
296986, 42680.5200,  1, 92.71, 11.469999999993888
296988, 42680.7300,  1, 104.41, 11.680000000000291
296988, 42680.7300,  1, 22.15, 11.680000000000291
297105, 42693.2700,  3, 470.07, 24.169999999998254
297122, 42695.0900,  3, 560.66, 25.989999999997963
297191, 42717.4800,  1, 16.61, 7.280000000006112
297191, 42717.4800,  1, -43.69, 7.280000000006112
297236, 42722.3000,  1, 110.35, 12.10000000000582
297236, 42722.3000,  1, 79.74, 12.10000000000582
297296, 42728.7300,  3, 452.28, 18.4800000000032
297330, 42732.3700,  3, 516.70, 22.10000000000582
297344, 42733.8700,  3, 517.68, 23.610000000000582
297372, 42736.8700,  3, 530.40, 26.639999999999418
297462, 42761.5500,  1, 50.93, 9.55000000000291
297462, 42761.5500,  1, 50.59, 9.55000000000291
297575, 42773.6600,  3, 503.15, 21.62000000000262
297613, 42777.7300,  3, 508.86, 25.669999999998254
297619, 42778.3700,  3, 499.38, 26.290000000000873
297636, 42780.1900,  3, 521.27, 28.099999999998545
297643, 42780.9400,  3, 562.13, 28.900000000001455
297658, 42782.5500,  3, 465.49, 30.489999999997963
297798, 42811.9400,  1, 98.26, 14.880000000004657
297798, 42811.9400,  1, 105.75, 14.880000000004657
297841, 42816.5500,  3, 417.84, 19.400000000001455
297860, 42818.5900,  3, 482.76, 21.43000000000029
297866, 42819.2300,  3, 439.37, 22.10000000000582
297889, 42821.6900,  3, 467.24, 24.55000000000291
297910, 42823.9400,  3, 535.96, 26.87000000000262
297919, 42824.9100,  3, 542.63, 27.770000000004075
298030, 42852.0500,  1, 35.16, 11.80000000000291
298030, 42852.0500,  1, 82.03, 11.80000000000291
298112, 42860.8400,  3, 463.02, 20.540000000000873
298113, 42860.9400,  3, 472.13, 20.650000000001455
298115, 42861.1600,  3, 531.14, 20.80000000000291
298117, 42861.3700,  3, 507.47, 21.040000000000873
298139, 42863.7300,  3, 444.19, 23.419999999998254
298152, 42865.1200,  3, 465.89, 24.779999999998836
298227, 42887.4400,  1, -26.14, 7.950000000004366
298227, 42887.4400,  1, 6.17, 7.950000000004366
298342, 42899.7700,  3, 498.12, 20.220000000001164
298375, 42903.3000,  3, 561.90, 23.7300000000032
298378, 42903.6200,  3, 502.02, 24.06999999999971
298382, 42904.0500,  3, 491.26, 24.49000000000524
298401, 42906.0900,  3, 466.90, 26.510000000002037
298423, 42908.4400,  3, 617.73, 28.94000000000233
298612, 42943.1200,  3, 434.99, 20.080000000001746
298619, 42943.8700,  3, 496.96, 20.81999999999971
298632, 42945.2700,  3, 432.52, 22.30000000000291
298634, 42945.4800,  3, 497.33, 22.450000000004366
298655, 42947.7300,  3, 553.91, 24.669999999998254
298658, 42948.0500,  3, 483.92, 25.05000000000291
298659, 42948.1600,  3, 555.51, 25.099999999998545
298693, 42951.8000,  3, 521.29, 28.80999999999767
298814, 42979.3400,  1, 68.91, 12.869999999995343
298814, 42979.3400,  1, 102.86, 12.869999999995343
298885, 42986.9400,  3, 468.20, 20.369999999995343
298908, 42989.4100,  3, 523.81, 22.839999999996508
298944, 42993.2700,  3, 607.22, 26.790000000000873
298959, 42994.8700,  3, 533.79, 28.30999999999767
298968, 42995.8400,  3, 623.00, 29.279999999998836
298990, 42998.1900,  3, 622.56, 31.659999999996217
299108, 43025.4100,  1, -21.68, 12.55000000000291
299108, 43025.4100,  1, 125.33, 12.55000000000291
299219, 43037.3000,  3, 568.56, 24.339999999996508
299233, 43038.8000,  3, 545.53, 25.919999999998254
299262, 43041.9100,  3, 518.50, 28.979999999995925
299278, 43043.6200,  3, 469.34, 30.709999999999127
299349, 43051.2300,  3, 597.46, 38.33999999999651
299383, 43054.8700,  3, 786.35, 41.919999999998254
299574, 43089.5200,  3, 445.91, 20.270000000004075
299586, 43090.8000,  3, 486.87, 21.639999999999418
299590, 43091.2300,  3, 452.27, 22.06999999999971
299600, 43092.3000,  3, 521.51, 23.12999999999738
299620, 43094.4400,  3, 522.02, 25.2300000000032
299632, 43095.7300,  3, 509.90, 26.55000000000291
299639, 43096.4800,  3, 529.49, 27.239999999997963
299696, 43102.5900,  3, 548.84, 33.38999999999942
299866, 43135.3400,  3, 424.01, 18.00999999999476
299902, 43139.1900,  3, 521.02, 21.859999999993306
299903, 43139.3000,  3, 469.56, 22.049999999995634
299918, 43140.9100,  3, 476.98, 23.62999999999738
299921, 43141.2300,  3, 508.02, 23.919999999998254
299921, 43141.2300,  3, 533.20, 23.89999999999418
299933, 43142.5200,  3, 535.21, 25.25999999999476
299959, 43145.3000,  3, 558.38, 28.05999999999767
300062, 43170.5500,  1, 101.84, 10.940000000002328
300062, 43170.5500,  1, 63.83, 10.940000000002328
300062, 43170.5500,  1, 63.12, 10.940000000002328
300062, 43170.5500,  1, 65.09, 10.940000000002328
300162, 43181.2700,  3, 504.28, 21.639999999999418
300188, 43184.0500,  3, 540.84, 24.419999999998254
300190, 43184.2700,  3, 407.00, 24.580000000001746
300191, 43184.3700,  3, 571.65, 24.669999999998254
300271, 43208.1600,  1, 4.24, 8.460000000006403
300271, 43208.1600,  1, 5.10, 8.460000000006403
300307, 43212.0200,  1, 136.49, 12.319999999999709
300307, 43212.0200,  1, 66.94, 12.319999999999709
300387, 43220.5900,  3, 516.28, 20.81999999999971
300392, 43221.1200,  3, 463.94, 21.340000000003783
300399, 43221.8700,  3, 484.60, 22.090000000003783
300416, 43223.6900,  3, 539.73, 23.960000000006403
300613, 43259.2300,  3, 526.61, 20.93000000000029
300622, 43260.1900,  3, 547.14, 21.869999999995343
300622, 43260.1900,  1, 118.87, 21.970000000001164
300624, 43260.4100,  3, 424.43, 22.139999999999418
300640, 43262.1200,  3, 469.17, 23.839999999996508
300647, 43262.8700,  3, 504.08, 24.589999999996508
300658, 43264.0500,  3, 451.76, 25.729999999995925
300672, 43265.5500,  3, 559.94, 27.25
300864, 43300.4800,  3, 437.82, 20.459999999999127
300898, 43304.1200,  3, 493.95, 24.060000000004948
300904, 43304.7700,  3, 467.56, 24.760000000002037
300912, 43305.6200,  3, 591.40, 25.610000000000582
300915, 43305.9400,  3, 527.33, 25.87000000000262
300916, 43306.0500,  3, 534.47, 25.959999999999127
300922, 43306.6900,  3, 551.46, 26.639999999999418
300944, 43309.0500,  3, 578.88, 29.0
301049, 43334.7700,  1, 122.47, 11.159999999996217
301049, 43334.7700,  1, 70.93, 11.159999999996217
301142, 43344.7300,  3, 474.93, 21.110000000000582
301166, 43347.3000,  3, 457.06, 23.669999999998254
301168, 43347.5200,  3, 516.37, 23.87000000000262
301182, 43349.0200,  3, 489.77, 25.37999999999738
301191, 43349.9800,  1, 399.04, 26.37000000000262
301192, 43350.0900,  3, 497.18, 26.389999999999418
301308, 43376.8000,  1, 65.95, 12.340000000003783
301395, 43386.1200,  3, 486.50, 21.590000000003783
301401, 43386.7700,  3, 519.95, 22.2300000000032
301404, 43387.0900,  3, 533.14, 22.56999999999971
301405, 43387.1900,  3, 436.46, 22.62999999999738
301411, 43387.8400,  3, 533.09, 23.349999999998545
301437, 43390.6200,  3, 467.80, 26.05999999999767
301461, 43393.1900,  3, 569.95, 28.62999999999738
301654, 43428.4400,  3, 470.78, 20.540000000000873
301671, 43430.2700,  3, 504.85, 22.389999999999418
301677, 43430.9100,  3, 529.18, 23.029999999998836
301684, 43431.6600,  3, 549.88, 23.75
301686, 43431.8700,  3, 561.04, 23.979999999995925
301700, 43433.3700,  3, 576.33, 25.409999999996217
301712, 43434.6600,  3, 602.84, 26.739999999997963
301718, 43435.3000,  3, 520.43, 27.409999999996217
301903, 43469.4100,  3, 493.16, 19.700000000004366
301909, 43470.0500,  3, 504.14, 20.280000000006112
301936, 43472.9400,  3, 515.80, 23.2300000000032
301938, 43473.1600,  3, 542.69, 23.450000000004366
301954, 43474.8700,  3, 535.64, 25.06999999999971
301955, 43474.9800,  3, 503.29, 25.200000000004366
301958, 43475.3000,  3, 468.56, 25.56999999999971
301967, 43476.2700,  3, 509.51, 26.560000000004948
302097, 43504.5500,  1, 85.79, 13.819999999999709
302097, 43504.5500,  1, 122.10, 13.819999999999709
302184, 43513.8700,  3, 465.12, 23.12999999999738
302193, 43514.8400,  3, 395.70, 24.07999999999447
302196, 43515.1600,  3, 504.22, 24.39999999999418
302202, 43515.8000,  3, 529.07, 24.979999999995925
302204, 43516.0200,  3, 589.59, 25.25
302215, 43517.1900,  3, 507.26, 26.43000000000029
302410, 43552.6600,  3, 454.28, 20.709999999999127
302419, 43553.6200,  3, 510.23, 21.68000000000029
302427, 43554.4800,  3, 494.47, 22.610000000000582
302430, 43554.8000,  3, 482.16, 22.900000000001455
302432, 43555.0200,  3, 504.67, 23.150000000001455
302433, 43555.1200,  3, 570.21, 23.19000000000233
302447, 43556.6200,  3, 553.47, 24.69999999999709
302449, 43556.8400,  3, 553.98, 24.909999999996217
302564, 43583.6200,  1, 69.77, 12.220000000001164
302564, 43583.6200,  1, 130.48, 12.220000000001164
302657, 43593.5900,  3, 467.59, 22.080000000001746
302659, 43593.8000,  3, 500.20, 22.299999999995634
302686, 43596.6900,  3, 555.57, 25.229999999995925
302691, 43597.2300,  3, 529.69, 25.80999999999767
302706, 43598.8400,  3, 507.56, 27.400000000001455
302731, 43601.5200,  3, 631.77, 30.05999999999767
302926, 43636.8700,  3, 466.13, 20.779999999998836
302938, 43638.1600,  3, 481.14, 22.029999999998836
302953, 43639.7700,  3, 480.84, 23.639999999999418
302957, 43640.1900,  3, 425.42, 24.040000000000873
302972, 43641.8000,  3, 518.16, 25.62999999999738
302974, 43642.0200,  3, 552.01, 25.900000000001455
303005, 43645.3400,  3, 448.38, 29.2300000000032
303023, 43647.2700,  3, 517.80, 31.12999999999738
303141, 43674.4100,  1, 83.57, 12.540000000000873
303141, 43674.4100,  1, 87.78, 12.540000000000873
303186, 43679.2300,  1, 118.63, 17.360000000000582
303215, 43682.3400,  3, 465.70, 20.409999999996217
303239, 43684.9100,  3, 521.87, 23.029999999998836
303246, 43685.6600,  3, 469.10, 23.68000000000029
303254, 43686.5200,  3, 469.65, 24.610000000000582
303292, 43690.5900,  3, 528.73, 28.669999999998254
303411, 43717.8700,  1, 125.20, 12.650000000001455
303411, 43717.8700,  1, 17.66, 12.650000000001455
303415, 43718.3000,  1, 24.11, 13.080000000001746
303415, 43718.3000,  1, 106.27, 13.080000000001746
303431, 43720.0200,  1, 101.19, 14.799999999995634
303431, 43720.0200,  1, 68.98, 14.799999999995634
303503, 43727.7300,  3, 501.84, 22.44999999999709
303547, 43732.4400,  3, 455.47, 27.150000000001455
303653, 43758.3400,  1, 86.09, 11.269999999996799
303653, 43758.3400,  1, -2.30, 11.269999999996799
303747, 43768.4100,  3, 497.59, 21.30999999999767
303761, 43769.9100,  3, 473.19, 22.790000000000873
303771, 43770.9800,  3, 550.93, 23.889999999999418
303794, 43773.4400,  3, 555.23, 26.290000000000873
303794, 43773.4400,  3, 556.63, 26.340000000003783
303852, 43779.6600,  3, 616.43, 32.56999999999971
304034, 43813.6200,  1, 87.79, 19.400000000001455
304034, 43813.6200,  1, 144.38, 19.400000000001455
304038, 43814.0500,  3, 448.36, 19.760000000002037
304046, 43814.9100,  3, 489.93, 20.599999999998545
304056, 43815.9800,  3, 502.19, 21.729999999995925
304084, 43818.9800,  3, 553.50, 24.69999999999709
304117, 43822.5200,  3, 666.21, 28.220000000001164
304126, 43823.4800,  3, 611.31, 29.25
304329, 43859.3400,  3, 485.47, 21.56999999999971
304337, 43860.1900,  3, 508.03, 22.489999999997963
304343, 43860.8400,  3, 488.02, 23.040000000000873
304359, 43862.5500,  3, 573.97, 24.81999999999971
304362, 43862.8700,  3, 566.37, 25.099999999998545
304363, 43862.9800,  3, 523.61, 25.229999999995925
304364, 43863.0900,  3, 520.07, 25.30999999999767
304400, 43866.9400,  3, 577.46, 29.18000000000029
304575, 43900.0200,  3, 457.81, 18.62000000000262
304603, 43903.0200,  3, 531.46, 21.589999999996508
304606, 43903.3400,  3, 457.62, 21.919999999998254
304617, 43904.5200,  3, 503.76, 23.089999999996508
304620, 43904.8400,  3, 486.45, 23.419999999998254
304659, 43909.0200,  3, 583.13, 27.55000000000291
304659, 43909.0200,  3, 503.60, 27.62999999999738
304684, 43911.6900,  3, 508.12, 30.31999999999971
304876, 43946.4100,  3, 480.62, 20.37999999999738
304877, 43946.5200,  3, 486.86, 20.529999999998836
304901, 43949.0900,  3, 393.16, 23.12999999999738
304911, 43950.1600,  3, 488.33, 24.169999999998254
304914, 43950.4800,  3, 477.69, 24.510000000002037
304920, 43951.1200,  3, 482.19, 25.150000000001455
304935, 43952.7300,  3, 629.93, 26.779999999998836
304941, 43953.3700,  3, 550.49, 27.43000000000029
305007, 43974.8000,  1, -9.21, 6.980000000003201
305007, 43974.8000,  1, -11.86, 6.980000000003201
305155, 43990.6600,  3, 510.89, 22.7300000000032
305164, 43991.6200,  3, 563.07, 23.790000000000873
305164, 43991.6200,  3, 506.97, 23.709999999999127
305175, 43992.8000,  3, 614.38, 24.87000000000262
305189, 43994.3000,  3, 573.11, 26.44000000000233
305230, 43998.6900,  3, 467.64, 30.830000000001746
305407, 44032.1200,  3, 450.40, 18.75999999999476
305416, 44033.0900,  3, 454.97, 19.720000000001164
305434, 44035.0200,  3, 472.59, 21.75
305437, 44035.3400,  3, 441.73, 22.00999999999476
305438, 44035.4400,  3, 438.85, 22.12999999999738
305473, 44039.1900,  3, 520.63, 25.919999999998254
305531, 44045.4100,  3, 519.99, 32.11000000000058
305532, 44045.5200,  3, 435.13, 32.150000000001455
305649, 44072.5200,  1, 38.02, 12.44999999999709
305649, 44072.5200,  1, 79.21, 12.44999999999709
305732, 44081.4100,  3, 438.56, 21.30999999999767
305733, 44081.5200,  3, 515.52, 21.340000000003783
305747, 44083.0200,  3, 483.36, 22.860000000000582
305763, 44084.7300,  3, 514.68, 24.650000000001455
305790, 44087.6200,  3, 469.27, 27.459999999999127
305795, 44088.1600,  3, 480.02, 28.029999999998836
306009, 44126.3400,  3, 494.84, 22.790000000000873
306021, 44127.6200,  3, 536.37, 24.110000000000582
306024, 44127.9400,  3, 391.37, 24.400000000001455
306050, 44130.7300,  3, 507.24, 27.17000000000553
306069, 44132.7700,  3, 619.89, 29.18000000000029
306087, 44134.6900,  3, 570.32, 31.19000000000233
306106, 44136.7300,  3, 704.11, 33.20999999999913
306141, 44140.4800,  3, 647.36, 36.95999999999913
306268, 44168.1200,  1, 109.30, 13.520000000004075
306268, 44168.1200,  1, 80.23, 13.520000000004075
306339, 44175.7300,  3, 439.69, 21.080000000001746
306355, 44177.4400,  3, 499.35, 22.779999999998836
306376, 44179.6900,  3, 524.71, 25.010000000002037
306393, 44181.5200,  3, 488.72, 26.830000000001746
306402, 44182.4800,  3, 577.78, 27.860000000000582
306513, 44194.3700,  3, 682.88, 39.76000000000204
306610, 44219.1600,  1, 86.34, 10.310000000004948
306677, 44226.3400,  3, 403.13, 17.380000000004657
306712, 44230.0900,  3, 451.74, 21.139999999999418
306718, 44230.7300,  3, 484.49, 21.830000000001746
306728, 44231.8000,  3, 534.48, 22.900000000001455
306739, 44232.9800,  3, 548.37, 24.05000000000291
306743, 44233.4100,  3, 505.88, 24.510000000002037
306750, 44234.1600,  3, 495.48, 25.290000000000873
306881, 44262.5200,  1, 63.23, 13.94999999999709
306881, 44262.5200,  1, 70.61, 13.94999999999709
306932, 44267.9800,  3, 448.54, 19.340000000003783
306936, 44268.4100,  1, 152.70, 19.840000000003783
306963, 44271.3000,  3, 460.35, 22.69999999999709
306973, 44272.3700,  3, 523.14, 23.709999999999127
306995, 44274.7300,  3, 570.59, 26.12999999999738
307027, 44278.1600,  3, 673.42, 29.55999999999767
307148, 44305.4800,  1, 135.98, 12.880000000004657
307148, 44305.4800,  1, 123.60, 12.880000000004657
307234, 44314.6900,  3, 536.60, 22.020000000004075
307236, 44314.9100,  3, 491.36, 22.2300000000032
307243, 44315.6600,  3, 516.54, 22.959999999999127
307257, 44317.1600,  3, 487.25, 24.55000000000291
307267, 44318.2300,  3, 494.73, 25.590000000003783
307402, 44332.6900,  3, 676.97, 40.01000000000204
307519, 44359.4400,  1, 128.76, 12.450000000004366
307519, 44359.4400,  1, 113.80, 12.450000000004366
307584, 44366.4100,  3, 450.40, 19.31999999999971
307608, 44368.9800,  3, 452.76, 21.900000000001455
307625, 44370.8000,  3, 520.45, 23.75
307633, 44371.6600,  3, 570.91, 24.599999999998545
307641, 44372.5200,  3, 484.78, 25.459999999999127
307643, 44372.7300,  3, 509.10, 25.68000000000029
307746, 44398.0500,  1, 47.62, 10.930000000000291
307746, 44398.0500,  1, 74.01, 10.930000000000291
307843, 44408.4400,  3, 456.77, 21.229999999995925
307850, 44409.1900,  3, 398.40, 21.969999999993888
307878, 44412.1900,  3, 510.80, 25.0199999999968
307886, 44413.0500,  3, 614.45, 25.919999999998254
307888, 44413.2700,  3, 599.90, 26.049999999995634
307904, 44414.9800,  3, 585.54, 27.75999999999476
308090, 44450.0900,  3, 434.31, 19.7300000000032
308097, 44450.8400,  3, 455.28, 20.55000000000291
308120, 44453.3000,  3, 530.49, 22.93000000000029
308130, 44454.3700,  3, 475.06, 24.06999999999971
308134, 44454.8000,  3, 522.00, 24.460000000006403
308143, 44455.7700,  3, 440.62, 25.42000000000553
308197, 44461.5500,  3, 707.08, 31.2300000000032
308206, 44462.5200,  3, 487.91, 32.200000000004366
308328, 44490.8000,  1, 106.49, 12.980000000003201
308402, 44498.7300,  3, 496.66, 20.840000000003783
308421, 44500.7700,  3, 461.08, 22.910000000003492
308425, 44501.1900,  3, 533.21, 23.290000000000873
308430, 44501.7300,  3, 486.75, 23.80000000000291
308458, 44504.7300,  3, 625.70, 26.900000000001455
308461, 44505.0500,  3, 513.55, 27.220000000001164
308463, 44505.2700,  3, 523.74, 27.44000000000233
308646, 44539.3700,  3, 404.06, 19.409999999996217
308656, 44540.4400,  3, 459.06, 20.5199999999968
308671, 44542.0500,  3, 513.60, 22.080000000001746
308677, 44542.6900,  3, 550.20, 22.779999999998836
308682, 44543.2300,  3, 528.35, 23.349999999998545
308690, 44544.0900,  3, 469.38, 24.12999999999738
308693, 44544.4100,  3, 503.04, 24.459999999999127
308702, 44545.3700,  3, 589.01, 25.409999999996217
308887, 44579.5900,  3, 485.40, 19.689999999995052
308906, 44581.6200,  3, 493.21, 21.739999999997963
308908, 44581.8400,  3, 487.45, 21.869999999995343
308919, 44583.0200,  3, 490.36, 23.089999999996508
308922, 44583.3400,  3, 520.56, 23.360000000000582
308933, 44584.5200,  3, 487.96, 24.55999999999767
308946, 44585.9100,  3, 576.64, 26.0
308947, 44586.0200,  3, 570.59, 26.07999999999447
309069, 44613.6200,  1, 51.56, 12.970000000001164
309069, 44613.6200,  1, 75.71, 12.970000000001164
309146, 44621.8700,  3, 458.12, 21.209999999999127
309155, 44622.8400,  3, 516.13, 22.110000000000582
309158, 44623.1600,  3, 537.86, 22.419999999998254
309160, 44623.3700,  3, 473.41, 22.709999999999127
309180, 44625.5200,  3, 500.33, 24.7699999999968
309231, 44630.9800,  3, 622.23, 30.279999999998836
309385, 44661.6900,  1, 128.82, 16.380000000004657
309385, 44661.6900,  1, 82.13, 16.380000000004657
309390, 44662.2300,  1, 155.18, 16.92000000000553
309390, 44662.2300,  1, 198.48, 16.92000000000553
309439, 44667.4800,  3, 468.06, 22.110000000000582
309456, 44669.3000,  3, 480.69, 23.889999999999418
309486, 44672.5200,  3, 530.25, 27.12000000000262
309504, 44674.4400,  3, 607.84, 29.090000000003783
309568, 44696.5900,  1, 9.24, 6.759999999994761
309568, 44696.5900,  1, -2.89, 6.759999999994761
309642, 44704.5200,  1, 70.29, 14.689999999995052
309642, 44704.5200,  1, 166.34, 14.689999999995052
309704, 44711.1600,  3, 502.46, 21.279999999998836
309711, 44711.9100,  3, 455.29, 21.970000000001164
309741, 44715.1200,  3, 531.08, 25.220000000001164
309782, 44719.5200,  1, 197.12, 29.689999999995052
309913, 44747.9800,  1, 66.79, 13.819999999999709
309913, 44747.9800,  1, 149.50, 13.819999999999709
309971, 44754.1900,  3, 485.18, 19.939999999995052
310006, 44757.9400,  3, 454.56, 23.7699999999968
310021, 44759.5500,  3, 432.96, 25.31999999999971
310023, 44759.7700,  3, 576.54, 25.55999999999767
310027, 44760.1900,  3, 584.62, 26.00999999999476
310030, 44760.5200,  1, 341.29, 26.359999999993306
310227, 44796.8000,  3, 493.54, 20.919999999998254
310284, 44802.9100,  3, 495.45, 27.00999999999476
310285, 44803.0200,  3, 484.74, 27.169999999998254
310286, 44803.1200,  1, 231.93, 27.31999999999971
310286, 44803.1200,  1, 136.52, 27.31999999999971
310298, 44804.4100,  3, 497.31, 28.539999999993597
310333, 44808.1600,  3, 455.41, 32.25
310337, 44808.5900,  3, 465.61, 32.68000000000029
310497, 44840.0200,  1, 79.78, 17.039999999993597
310497, 44840.0200,  1, 134.41, 17.039999999993597
310549, 44845.5900,  3, 500.26, 22.56999999999971
310555, 44846.2300,  3, 564.93, 23.18000000000029
310564, 44847.1900,  3, 461.85, 24.189999999995052
310583, 44849.2300,  3, 489.10, 26.209999999999127
310585, 44849.4400,  3, 591.16, 26.409999999996217
310610, 44852.1200,  3, 575.28, 29.12999999999738
310714, 44877.4100,  1, 20.38, 11.030000000006112
310714, 44877.4100,  1, 63.79, 11.030000000006112
310812, 44887.9100,  3, 482.55, 21.43000000000029
310821, 44888.8700,  3, 499.93, 22.410000000003492
310834, 44890.2700,  3, 522.54, 23.80000000000291
310844, 44891.3400,  3, 541.98, 24.87000000000262
310844, 44891.3400,  3, 447.50, 24.87000000000262
310913, 44898.7300,  3, 553.87, 32.34000000000378
310993, 44921.4800,  1, -9.76, 8.470000000001164
310993, 44921.4800,  1, 10.73, 8.470000000001164
311102, 44933.1600,  3, 457.50, 20.139999999999418
311106, 44933.5900,  3, 506.10, 20.50999999999476
311116, 44934.6600,  3, 499.57, 21.57999999999447
311139, 44937.1200,  3, 487.69, 24.05999999999767
311145, 44937.7700,  3, 470.94, 24.68000000000029
311161, 44939.4800,  3, 532.96, 26.400000000001455
311348, 44973.6900,  3, 477.70, 19.849999999998545
311351, 44974.0200,  3, 484.05, 20.2300000000032
311366, 44975.6200,  3, 519.28, 21.81999999999971
311382, 44977.3400,  3, 459.34, 23.55000000000291
311410, 44980.3400,  3, 530.89, 26.5199999999968
311421, 44981.5200,  3, 483.17, 27.720000000001164
311421, 44981.5200,  3, 489.47, 27.75
311450, 44984.6200,  3, 634.04, 30.790000000000873
311563, 45012.0200,  1, 138.12, 12.0
311563, 45012.0200,  1, 97.25, 12.0
311649, 45021.2300,  3, 489.22, 21.12000000000262
311658, 45022.1900,  3, 490.03, 22.12000000000262
311659, 45022.3000,  3, 512.55, 22.17000000000553
311682, 45024.7700,  3, 452.12, 24.74000000000524
311709, 45027.6600,  3, 463.30, 27.540000000000873
311717, 45028.5200,  3, 608.74, 28.470000000001164
311902, 45062.7700,  3, 470.38, 19.709999999999127
311917, 45064.3700,  3, 443.59, 21.31999999999971
311923, 45065.0200,  3, 466.34, 21.959999999999127
311926, 45065.3400,  3, 505.45, 22.30000000000291
311943, 45067.1600,  3, 445.73, 24.12000000000262
311967, 45069.7300,  3, 572.62, 26.68000000000029
311973, 45070.3700,  3, 582.28, 27.25
311988, 45071.9800,  3, 476.47, 28.849999999998545
312178, 45106.5500,  3, 417.48, 20.220000000001164
312197, 45108.5900,  3, 496.82, 22.270000000004075
312207, 45109.6600,  3, 410.16, 23.260000000002037
312211, 45110.0900,  3, 480.68, 23.770000000004075
312222, 45111.2700,  3, 499.30, 24.860000000000582
312245, 45113.7300,  3, 507.18, 27.340000000003783
312261, 45115.4400,  3, 585.05, 29.080000000001746
312283, 45117.8000,  3, 537.62, 31.43000000000029
312394, 45144.2700,  1, 71.63, 11.799999999995634
312394, 45144.2700,  1, 94.56, 11.799999999995634
312424, 45147.4800,  1, 52.87, 15.010000000002037
312424, 45147.4800,  1, 3.41, 15.010000000002037
312482, 45153.6900,  3, 472.32, 21.169999999998254
312487, 45154.2300,  3, 464.90, 21.69000000000233
312495, 45155.0900,  3, 454.88, 22.549999999995634
312531, 45158.9400,  3, 554.08, 26.419999999998254
312630, 45183.9800,  1, 33.31, 10.520000000004075
312630, 45183.9800,  1, 99.38, 10.520000000004075
312725, 45194.1600,  3, 459.51, 20.68000000000029
312731, 45194.8000,  3, 492.54, 21.260000000002037
312754, 45197.2700,  3, 487.66, 23.720000000001164
312760, 45197.9100,  3, 501.18, 24.349999999998545
312808, 45203.0500,  3, 576.45, 29.580000000001746
312811, 45203.3700,  3, 632.59, 29.900000000001455
312856, 45222.4100,  1, -168.39, 4.710000000006403
312913, 45228.5200,  1, 92.41, 10.819999999999709
312913, 45228.5200,  1, 90.77, 10.819999999999709
312998, 45237.6200,  3, 404.65, 19.900000000001455
313024, 45240.4100,  3, 528.04, 22.650000000001455
313024, 45240.4100,  3, 497.46, 22.610000000000582
313049, 45243.0900,  3, 510.14, 25.360000000000582
313088, 45247.2700,  3, 625.80, 29.520000000004075
313198, 45273.5500,  1, 89.16, 11.680000000000291
313198, 45273.5500,  1, 36.68, 11.680000000000291
313291, 45283.5200,  3, 513.31, 21.599999999998545
313331, 45287.8000,  3, 450.33, 25.81999999999971
313339, 45288.6600,  3, 466.33, 26.75
313349, 45289.7300,  3, 531.11, 27.799999999995634
313419, 45297.2300,  3, 538.10, 35.25999999999476
313451, 45300.6600,  3, 564.73, 38.69999999999709
313521, 45322.5200,  1, -29.57, 7.419999999998254
313521, 45322.5200,  1, 21.42, 7.419999999998254
313561, 45326.8000,  1, 109.23, 11.700000000004366
313561, 45326.8000,  1, 52.59, 11.700000000004366
313652, 45336.5500,  3, 480.19, 21.43000000000029
313652, 45336.5500,  3, 515.19, 21.410000000003492
313693, 45340.9400,  3, 609.16, 25.810000000004948
313786, 45350.9100,  3, 559.46, 35.700000000004366
313884, 45375.8700,  1, 54.22, 10.389999999999418
313884, 45375.8700,  1, 25.27, 10.389999999999418
314002, 45388.5200,  3, 446.66, 23.0
314002, 45388.5200,  3, 487.42, 23.00999999999476
314020, 45390.4400,  3, 471.59, 24.909999999996217
314033, 45391.8400,  3, 488.22, 26.32999999999447
314043, 45392.9100,  3, 612.58, 27.339999999996508
314044, 45393.0200,  3, 577.32, 27.489999999997963
314225, 45426.8400,  3, 470.35, 19.220000000001164
314255, 45430.0500,  3, 452.10, 22.400000000001455
314257, 45430.2700,  3, 512.12, 22.62000000000262
314257, 45430.2700,  3, 493.76, 22.62000000000262
314259, 45430.4800,  3, 505.81, 22.909999999996217
314274, 45432.0900,  3, 496.81, 24.510000000002037
314310, 45435.9400,  3, 576.09, 28.31999999999971
314368, 45442.1600,  3, 478.04, 34.580000000001746
314468, 45467.1200,  1, 83.70, 10.62000000000262
314468, 45467.1200,  1, 74.32, 10.62000000000262
314569, 45477.9400,  3, 467.05, 21.37999999999738
314577, 45478.8000,  3, 528.09, 22.260000000002037
314588, 45479.9800,  3, 420.02, 23.37999999999738
314617, 45483.0900,  3, 510.11, 26.4800000000032
314622, 45483.6200,  3, 574.42, 27.05000000000291
314638, 45485.3400,  3, 537.82, 28.779999999998836
314799, 45516.7700,  1, 36.66, 17.159999999996217
314799, 45516.7700,  1, 135.19, 17.159999999996217
314840, 45521.1600,  3, 443.93, 21.44999999999709
314879, 45525.3400,  3, 534.01, 25.68000000000029
314891, 45526.6200,  3, 524.68, 26.94999999999709
314905, 45528.1200,  3, 590.40, 28.489999999997963
314913, 45528.9800,  3, 536.61, 29.279999999998836
314939, 45531.7700,  3, 699.68, 32.05999999999767
315051, 45558.9400,  1, 75.90, 11.880000000004657
315051, 45558.9400,  1, 81.01, 11.880000000004657
315054, 45559.2700,  1, 52.94, 12.209999999999127
315054, 45559.2700,  1, 100.34, 12.209999999999127
315135, 45567.9400,  3, 433.44, 20.87000000000262
315183, 45573.0900,  3, 499.77, 25.92000000000553
315203, 45575.2300,  3, 609.63, 28.130000000004657
315223, 45577.3700,  3, 480.22, 30.209999999999127
315304, 45601.2700,  1, -24.66, 8.57999999999447
315304, 45601.2700,  1, 14.27, 8.57999999999447
315418, 45613.4800,  3, 445.27, 20.779999999998836
315444, 45616.2700,  3, 414.00, 23.479999999995925
315445, 45616.3700,  3, 500.22, 23.589999999996508
315457, 45617.6600,  3, 569.21, 24.87999999999738
315486, 45620.7700,  3, 511.56, 28.00999999999476
315488, 45620.9800,  3, 497.54, 28.189999999995052
315619, 45649.4100,  1, 95.24, 13.950000000004366
315620, 45649.5200,  1, 87.79, 14.059999999997672
315693, 45657.3400,  3, 453.46, 21.80000000000291
315694, 45657.4400,  3, 469.81, 21.970000000001164
315711, 45659.2700,  3, 459.46, 23.779999999998836
315722, 45660.4400,  3, 499.54, 24.970000000001164
315738, 45662.1600,  3, 542.41, 26.599999999998545
315749, 45663.3400,  3, 638.81, 27.87000000000262
315819, 45685.1200,  1, -39.26, 7.4100000000034925
315819, 45685.1200,  1, -3.20, 7.4100000000034925
315882, 45691.8700,  1, 132.99, 14.160000000003492
315882, 45691.8700,  1, 139.37, 14.160000000003492
316003, 45704.8400,  3, 532.51, 27.040000000000873
316006, 45705.1600,  3, 538.04, 27.400000000001455
316027, 45707.4100,  3, 517.33, 29.62000000000262
316057, 45710.6200,  3, 531.03, 32.849999999998545
316200, 45740.3700,  1, 110.28, 15.209999999999127
316200, 45740.3700,  1, 26.48, 15.209999999999127
316281, 45749.0500,  3, 530.90, 23.849999999998545
316287, 45749.6900,  3, 542.13, 24.459999999999127
316289, 45749.9100,  3, 474.60, 24.64999999999418
316310, 45752.1600,  3, 555.71, 26.919999999998254
316316, 45752.8000,  3, 471.40, 27.539999999993597
316326, 45753.8700,  3, 536.42, 28.669999999998254
316415, 45778.4400,  1, 53.27, 9.430000000000291
316415, 45778.4400,  1, 49.91, 9.430000000000291
316463, 45783.5900,  1, 55.16, 14.57999999999447
316533, 45791.0900,  3, 457.02, 22.00999999999476
316542, 45792.0500,  3, 483.41, 22.989999999997963
316556, 45793.5500,  3, 479.78, 24.44999999999709
316575, 45795.5900,  3, 550.75, 26.540000000000873
316586, 45796.7700,  3, 591.92, 27.659999999996217
316785, 45832.4100,  3, 410.06, 21.160000000003492
316804, 45834.4400,  1, 37.74, 23.270000000004075
316805, 45834.5500,  3, 496.17, 23.31999999999971
316809, 45834.9800,  3, 435.23, 23.720000000001164
316819, 45836.0500,  3, 536.99, 24.779999999998836
316830, 45837.2300,  3, 517.81, 26.020000000004075
316862, 45840.6600,  3, 478.98, 29.450000000004366
316869, 45841.4100,  3, 598.79, 30.209999999999127
317010, 45871.0200,  1, 134.73, 15.0
317073, 45877.7700,  3, 476.05, 21.68000000000029
317103, 45880.9800,  3, 483.79, 24.900000000001455
317105, 45881.1900,  3, 483.09, 25.10000000000582
317115, 45882.2700,  3, 526.71, 26.200000000004366
317119, 45882.6900,  3, 584.44, 26.650000000001455
317121, 45882.9100,  3, 499.38, 26.880000000004657
317149, 45885.9100,  3, 514.50, 29.840000000003783
317248, 45910.9800,  1, 53.29, 10.510000000002037
317336, 45920.4100,  1, 195.54, 19.94000000000233
317354, 45922.3400,  3, 472.85, 21.849999999998545
317358, 45922.7700,  3, 454.11, 22.229999999995925
317363, 45923.3000,  3, 392.63, 22.720000000001164
317387, 45925.8700,  3, 514.59, 25.30999999999767
317412, 45928.5500,  3, 479.24, 28.05999999999767
317413, 45928.6600,  3, 483.01, 28.089999999996508
317486, 45950.9100,  1, -27.70, 7.720000000001164
317486, 45950.9100,  1, -41.42, 7.720000000001164
317604, 45963.5500,  3, 446.28, 20.279999999998836
317616, 45964.8400,  3, 495.75, 21.610000000000582
317648, 45968.2700,  3, 476.65, 25.06999999999971
317683, 45972.0200,  3, 657.52, 28.80999999999767
317703, 45974.1600,  3, 532.85, 30.919999999998254
317705, 45974.3700,  3, 480.32, 31.099999999998545
317823, 46001.4100,  1, 73.15, 12.530000000006112
317823, 46001.4100,  1, 68.58, 12.530000000006112
317918, 46011.5900,  3, 394.50, 22.69000000000233
317922, 46012.0200,  3, 452.59, 23.06999999999971
317962, 46016.3000,  3, 551.55, 27.410000000003492
317970, 46017.1600,  3, 466.69, 28.260000000002037
317981, 46018.3400,  3, 507.70, 29.400000000001455
317989, 46019.1900,  3, 531.38, 30.25
318131, 46049.5500,  1, 141.28, 15.130000000004657
318131, 46049.5500,  1, 40.20, 15.130000000004657
318208, 46057.8000,  3, 412.25, 23.340000000003783
318211, 46058.1200,  3, 418.27, 23.630000000004657
318226, 46059.7300,  3, 555.65, 25.260000000002037
318227, 46059.8400,  3, 437.46, 25.349999999998545
318229, 46060.0500,  3, 443.89, 25.62000000000262
318236, 46060.8000,  3, 453.78, 26.279999999998836
318433, 46096.4800,  3, 418.01, 20.94999999999709
318436, 46096.8000,  3, 446.75, 21.290000000000873
318439, 46097.1200,  3, 467.63, 21.589999999996508
318441, 46097.3400,  3, 450.71, 21.799999999995634
318445, 46097.7700,  3, 530.91, 22.229999999995925
318456, 46098.9400,  3, 443.44, 23.43000000000029
318481, 46101.6200,  3, 524.35, 26.12999999999738
318521, 46105.9100,  3, 567.97, 30.369999999995343
318591, 46127.6200,  1, -59.86, 7.4100000000034925
318591, 46127.6200,  1, 1.91, 7.4100000000034925
318602, 46128.8000,  1, -19.03, 8.590000000003783
318653, 46134.2700,  1, 170.41, 14.059999999997672
318711, 46140.4800,  3, 462.75, 20.19000000000233
318749, 46144.5500,  3, 386.54, 24.290000000000873
318761, 46145.8400,  3, 513.00, 25.55000000000291
318781, 46147.9800,  3, 459.33, 27.660000000003492
318979, 46184.3700,  3, 434.50, 21.00999999999476
318980, 46184.4800,  3, 492.31, 21.18000000000029
318993, 46185.8700,  3, 381.47, 22.55999999999767
319000, 46186.6200,  3, 427.86, 23.349999999998545
319010, 46187.6900,  3, 437.47, 24.409999999996217
319018, 46188.5500,  3, 517.88, 25.229999999995925
319020, 46188.7700,  3, 521.57, 25.419999999998254
319052, 46192.1900,  3, 466.33, 28.900000000001455
319159, 46218.2300,  1, 38.45, 11.37000000000262
319275, 46230.6600,  3, 538.29, 23.709999999999127
319281, 46231.3000,  3, 456.39, 24.400000000001455
319296, 46232.9100,  3, 448.41, 25.94999999999709
319297, 46233.0200,  3, 518.82, 26.139999999999418
319328, 46236.3400,  3, 481.12, 29.400000000001455
319337, 46237.3000,  3, 560.88, 30.360000000000582
319364, 46240.1900,  3, 562.16, 33.2699999999968
319565, 46275.9400,  3, 407.01, 21.419999999998254
319585, 46278.0900,  3, 398.89, 23.56999999999971
319591, 46278.7300,  3, 433.59, 24.12000000000262
319595, 46279.1600,  3, 424.96, 24.580000000001746
319598, 46279.4800,  3, 460.50, 24.87000000000262
319601, 46279.8000,  3, 479.29, 25.2300000000032
319605, 46280.2300,  3, 472.09, 25.709999999999127
319629, 46282.8000,  3, 570.64, 28.239999999997963
319727, 46307.8700,  1, 60.33, 10.400000000001455
319727, 46307.8700,  1, 33.00, 10.400000000001455
319777, 46313.2300,  1, 95.19, 15.760000000002037
319777, 46313.2300,  1, 90.20, 15.760000000002037
319836, 46319.5500,  3, 421.02, 22.049999999995634
319837, 46319.6600,  3, 439.10, 22.169999999998254
319861, 46322.2300,  3, 388.55, 24.729999999995925
319897, 46326.0900,  3, 473.70, 28.599999999998545
320117, 46363.7700,  3, 478.27, 23.439999999995052
320118, 46363.8700,  3, 451.16, 23.55999999999767
320120, 46364.0900,  3, 406.46, 23.779999999998836
320123, 46364.4100,  3, 443.68, 24.0199999999968
320129, 46365.0500,  3, 449.91, 24.659999999996217
320135, 46365.6900,  3, 516.99, 25.299999999995634
320142, 46366.4400,  3, 533.23, 26.06999999999971
320146, 46366.8700,  3, 439.11, 26.55999999999767
320362, 46404.0200,  3, 489.42, 22.989999999997963
320377, 46405.6200,  3, 402.32, 24.539999999993597
320386, 46406.5900,  3, 506.38, 25.57999999999447
320386, 46406.5900,  3, 402.87, 25.539999999993597
320398, 46407.8700,  3, 459.00, 26.789999999993597
320410, 46409.1600,  3, 550.21, 28.14999999999418
320429, 46411.1900,  3, 427.50, 30.109999999993306
320434, 46411.7300,  3, 576.32, 30.669999999998254
320540, 46437.5200,  1, 67.56, 11.259999999994761
320540, 46437.5200,  1, -71.87, 11.259999999994761
320560, 46439.6600,  1, 135.32, 13.400000000001455
320560, 46439.6600,  1, 62.23, 13.400000000001455
320630, 46447.1600,  3, 443.41, 20.87999999999738
320665, 46450.9100,  3, 470.55, 24.57999999999447
320676, 46452.0900,  3, 494.62, 25.799999999995634
320682, 46452.7300,  3, 521.87, 26.409999999996217
320760, 46475.4400,  1, -11.00, 8.270000000004075
320881, 46488.4100,  3, 436.64, 21.200000000004366
320884, 46488.7300,  3, 467.84, 21.529999999998836
320920, 46492.5900,  3, 505.11, 25.31999999999971
320922, 46492.8000,  3, 422.38, 25.520000000004075
320952, 46496.0200,  3, 550.86, 28.840000000003783
320971, 46498.0500,  3, 597.64, 30.840000000003783
320984, 46499.4400,  3, 518.33, 32.18000000000029
321158, 46532.6200,  1, 100.01, 18.55000000000291
321186, 46535.6200,  3, 476.94, 21.5
321187, 46535.7300,  3, 439.52, 21.599999999998545
321191, 46536.1600,  3, 411.83, 22.05000000000291
321195, 46536.5900,  3, 476.80, 22.4800000000032
321200, 46537.1200,  3, 474.33, 22.989999999997963
321210, 46538.1900,  3, 446.97, 24.090000000003783
321210, 46538.1900,  3, 503.13, 24.0199999999968
321383, 46571.3000,  1, 147.25, 18.44000000000233
321409, 46574.0900,  3, 420.13, 21.150000000001455
321420, 46575.2700,  3, 455.20, 22.349999999998545
321434, 46576.7700,  3, 506.98, 23.87999999999738
321455, 46579.0200,  3, 458.17, 26.05000000000291
321458, 46579.3400,  3, 478.34, 26.43000000000029
321474, 46581.0500,  3, 545.02, 28.089999999996508
321617, 46596.3700,  3, 428.49, 43.44999999999709
321799, 46630.3400,  1, 114.99, 19.409999999996217
321827, 46633.3400,  3, 473.12, 22.389999999999418
321846, 46635.3700,  3, 493.82, 24.360000000000582
321859, 46636.7700,  3, 402.65, 25.80999999999767
321868, 46637.7300,  3, 543.39, 26.75
321873, 46638.2700,  3, 468.97, 27.30999999999767
321882, 46639.2300,  3, 451.38, 28.19999999999709
321951, 46646.6200,  3, 590.61, 35.599999999998545
322030, 46669.6200,  1, -5.37, 8.35000000000582
322030, 46669.6200,  1, 13.89, 8.35000000000582
322089, 46675.9400,  1, 14.55, 14.67000000000553
322089, 46675.9400,  1, 110.81, 14.67000000000553
322163, 46683.8700,  3, 532.22, 22.510000000002037
322164, 46683.9800,  3, 486.37, 22.640000000006694
322189, 46686.6600,  3, 538.55, 25.35000000000582
322199, 46687.7300,  3, 390.76, 26.450000000004366
322315, 46714.3400,  1, 24.57, 12.319999999999709
322315, 46714.3400,  1, 25.06, 12.319999999999709
322323, 46715.1900,  1, 109.54, 13.17000000000553
322333, 46716.2700,  1, 76.42, 14.25
322333, 46716.2700,  1, 66.54, 14.25
322401, 46723.5500,  3, 465.35, 21.5
322425, 46726.1200,  3, 479.59, 24.020000000004075
322435, 46727.1900,  3, 422.37, 25.110000000000582
322520, 46750.6900,  1, -5.80, 8.990000000005239
322520, 46750.6900,  1, -3.29, 8.990000000005239
322546, 46753.4800,  1, 98.12, 11.780000000006112
322566, 46755.6200,  1, 98.86, 13.92000000000553
322645, 46764.0900,  3, 467.89, 22.340000000003783
322647, 46764.3000,  3, 436.96, 22.520000000004075
322658, 46765.4800,  3, 443.74, 23.69000000000233
322688, 46768.6900,  3, 478.55, 26.950000000004366
322791, 46794.2300,  1, 80.45, 10.950000000004366
322791, 46794.2300,  1, 83.35, 10.950000000004366
322801, 46795.3000,  1, 95.16, 12.020000000004075
322801, 46795.3000,  1, 77.38, 12.020000000004075
322840, 46799.4800,  1, 33.66, 16.200000000004366
322884, 46804.1900,  3, 459.51, 20.830000000001746
322957, 46812.0200,  3, 594.11, 28.720000000001164
322992, 46815.7700,  3, 639.67, 32.4800000000032
323068, 46838.3400,  1, -5.90, 8.059999999997672
323068, 46838.3400,  1, 7.94, 8.059999999997672
323233, 46856.0200,  3, 438.70, 25.7300000000032
323237, 46856.4400,  3, 566.04, 26.099999999998545
323247, 46857.5200,  3, 472.57, 27.169999999998254
323270, 46859.9800,  3, 517.36, 29.62000000000262
323278, 46860.8400,  3, 610.34, 30.4800000000032
323315, 46864.8000,  3, 572.91, 34.470000000001164
323409, 46889.3700,  1, 64.33, 9.980000000003201
323409, 46889.3700,  1, 80.00, 9.980000000003201
323524, 46901.6900,  3, 470.10, 22.25
323526, 46901.9100,  3, 432.61, 22.5
323529, 46902.2300,  3, 418.00, 22.7300000000032
323578, 46907.4800,  3, 546.78, 28.0
323624, 46912.4100,  3, 561.65, 32.919999999998254
323718, 46922.4800,  3, 506.24, 43.029999999998836
323820, 46947.4100,  1, 69.33, 10.830000000001746
323820, 46947.4100,  1, 93.54, 10.830000000001746
323920, 46958.1200,  3, 474.04, 21.489999999997963
323939, 46960.1600,  3, 498.10, 23.489999999997963
323949, 46961.2300,  3, 586.35, 24.55999999999767
323949, 46961.2300,  3, 483.53, 24.610000000000582
323950, 46961.3400,  3, 473.20, 24.68000000000029
323953, 46961.6600,  3, 584.52, 25.00999999999476
324114, 46993.4100,  1, 134.99, 17.140000000006694
324114, 46993.4100,  1, 34.41, 17.140000000006694
324153, 46997.5900,  3, 469.53, 21.290000000000873
324154, 46997.6900,  3, 498.91, 21.31999999999971
324170, 46999.4100,  3, 497.24, 23.090000000003783
324195, 47002.0900,  3, 365.04, 25.710000000006403
324214, 47004.1200,  3, 511.03, 27.790000000000873
324233, 47006.1600,  3, 443.90, 29.87000000000262
324310, 47028.8000,  1, -81.42, 8.150000000001455
324310, 47028.8000,  1, -18.27, 8.150000000001455
324335, 47031.4800,  1, 15.55, 10.830000000001746
324442, 47042.9400,  3, 509.01, 22.25
324461, 47044.9800,  3, 479.97, 24.30999999999767
324465, 47045.4100,  3, 489.81, 24.669999999998254
324468, 47045.7300,  3, 505.23, 25.049999999995634
324469, 47045.8400,  3, 456.29, 25.110000000000582
324579, 47072.1600,  1, 16.65, 11.690000000002328
324579, 47072.1600,  1, 8.20, 11.690000000002328
324583, 47072.5900,  1, 102.99, 12.119999999995343
324583, 47072.5900,  1, 110.04, 12.119999999995343
324664, 47081.2700,  3, 415.17, 20.7699999999968
324687, 47083.7300,  3, 478.89, 23.150000000001455
324708, 47085.9800,  3, 460.17, 25.419999999998254
324765, 47092.0900,  3, 469.92, 31.589999999996508
324968, 47127.9800,  3, 509.30, 21.56999999999971
324973, 47128.5200,  3, 497.83, 22.139999999999418
324974, 47128.6200,  3, 466.84, 22.209999999999127
324986, 47129.9100,  3, 421.99, 23.580000000001746
324989, 47130.2300,  3, 364.68, 23.889999999999418
324995, 47130.8700,  3, 521.50, 24.470000000001164
325009, 47132.3700,  3, 522.87, 25.959999999999127
325017, 47133.2300,  3, 456.86, 26.80999999999767
325111, 47157.8400,  1, 7.59, 9.979999999995925
325111, 47157.8400,  1, 21.18, 9.979999999995925
325225, 47170.0500,  3, 498.34, 22.089999999996508
325227, 47170.2700,  3, 477.67, 22.30000000000291
325241, 47171.7700,  3, 411.97, 23.849999999998545
325255, 47173.2700,  3, 497.60, 25.31999999999971
325277, 47175.6200,  3, 513.04, 27.739999999997963
325316, 47179.8000,  3, 563.79, 31.889999999999418
325426, 47206.1600,  1, 100.08, 11.690000000002328
325426, 47206.1600,  1, 38.51, 11.690000000002328
325445, 47208.1900,  1, 110.90, 13.720000000001164
325510, 47215.1600,  3, 421.92, 20.650000000001455
325514, 47215.5900,  3, 467.87, 21.029999999998836
325534, 47217.7300,  3, 478.55, 23.159999999996217
325540, 47218.3700,  3, 419.11, 23.80999999999767
325576, 47222.2300,  3, 465.72, 27.669999999998254
325731, 47254.1200,  1, 56.46, 16.520000000004075
325731, 47254.1200,  1, 104.20, 16.520000000004075
325790, 47260.4400,  3, 546.82, 22.81999999999971
325800, 47261.5200,  3, 486.38, 23.880000000004657
325801, 47261.6200,  3, 499.19, 24.010000000002037
325805, 47262.0500,  3, 473.85, 24.360000000000582
325858, 47267.7300,  3, 585.62, 30.080000000001746
325859, 47267.8400,  3, 428.93, 30.139999999999418
325962, 47293.3700,  1, 64.80, 10.950000000004366
325962, 47293.3700,  1, 98.98, 10.950000000004366
326008, 47298.3000,  1, 24.94, 15.880000000004657
326021, 47299.6900,  1, 71.89, 17.270000000004075
326114, 47309.6600,  3, 518.22, 27.130000000004657
326116, 47309.8700,  3, 513.34, 27.400000000001455
326123, 47310.6200,  3, 440.90, 28.160000000003492
326156, 47314.1600,  3, 570.59, 31.639999999999418
326357, 47350.0500,  3, 493.21, 21.339999999996508
326369, 47351.3400,  3, 516.42, 22.669999999998254
326369, 47351.3400,  3, 467.62, 22.610000000000582
326382, 47352.7300,  3, 491.08, 24.029999999998836
326393, 47353.9100,  3, 472.89, 25.18000000000029
326404, 47355.0900,  3, 428.83, 26.369999999995343
326404, 47355.0900,  3, 475.68, 26.37999999999738
326470, 47362.1600,  3, 516.86, 33.43999999999505
326569, 47387.0200,  1, 90.68, 10.509999999994761
326569, 47387.0200,  1, 57.13, 10.509999999994761
326585, 47388.7300,  1, 8.37, 12.220000000001164
326679, 47398.8000,  3, 513.36, 22.239999999997963
326689, 47399.8700,  3, 490.71, 23.339999999996508
326716, 47402.7700,  3, 459.36, 26.25
326718, 47402.9800,  3, 534.94, 26.37999999999738
326740, 47405.3400,  3, 656.87, 28.80999999999767
326932, 47440.0500,  3, 440.33, 20.44000000000233
326932, 47440.0500,  3, 490.65, 20.360000000000582
326932, 47440.0500,  1, 312.34, 20.460000000006403
326932, 47440.0500,  1, 317.21, 20.460000000006403
326957, 47442.7300,  3, 537.70, 23.090000000003783
326978, 47444.9800,  3, 600.33, 25.360000000000582
326983, 47445.5200,  3, 547.81, 25.880000000004657
327010, 47448.4100,  3, 438.40, 28.780000000006112
327195, 47484.5900,  3, 479.91, 19.62999999999738
327229, 47488.2300,  3, 522.62, 23.2699999999968
327232, 47488.5500,  3, 492.72, 23.599999999998545
327239, 47489.3000,  3, 472.69, 24.339999999996508
327249, 47490.3700,  3, 542.83, 25.44000000000233
327260, 47491.5500,  3, 370.66, 26.62000000000262
327290, 47494.7700,  3, 637.93, 29.830000000001746
327291, 47494.8700,  3, 499.15, 29.989999999997963
327392, 47520.5900,  1, 34.64, 10.709999999999127
327392, 47520.5900,  1, 56.77, 10.709999999999127
327417, 47523.2700,  1, 134.38, 13.389999999999418
327485, 47530.5500,  3, 438.97, 20.639999999999418
327507, 47532.9100,  3, 469.23, 23.0
327521, 47534.4100,  3, 559.30, 24.459999999999127
327527, 47535.0500,  3, 452.37, 25.12000000000262
327540, 47536.4400,  3, 579.84, 26.520000000004075
327734, 47571.7300,  3, 474.53, 20.669999999998254
327740, 47572.3700,  3, 438.12, 21.30999999999767
327745, 47572.9100,  3, 521.54, 21.7699999999968
327766, 47575.1600,  3, 560.89, 24.029999999998836
327771, 47575.6900,  3, 564.75, 24.599999999998545
327771, 47575.6900,  3, 502.61, 24.62000000000262
327787, 47577.4100,  3, 477.64, 26.290000000000873
327825, 47581.4800,  3, 588.22, 30.360000000000582
327902, 47603.8400,  1, 44.76, 8.139999999999418
327902, 47603.8400,  1, -40.24, 8.139999999999418
327952, 47609.1900,  1, 84.76, 13.490000000005239
327952, 47609.1900,  1, 63.92, 13.490000000005239
328055, 47620.2300,  3, 541.12, 24.470000000001164
328082, 47623.1200,  3, 586.60, 27.400000000001455
328083, 47623.2300,  3, 596.57, 27.49000000000524
328102, 47625.2700,  3, 651.80, 29.5
328173, 47647.5900,  1, 8.37, 7.519999999996799
328173, 47647.5900,  1, -10.01, 7.519999999996799
328207, 47651.2300,  1, 99.65, 11.160000000003492
328207, 47651.2300,  1, -11.06, 11.160000000003492
328217, 47652.3000,  1, 37.22, 12.230000000003201
328217, 47652.3000,  1, 132.52, 12.230000000003201
328327, 47664.0900,  3, 588.03, 24.0
328332, 47664.6200,  3, 510.53, 24.459999999999127
328438, 47690.5500,  1, 85.25, 11.25
328438, 47690.5500,  1, 18.66, 11.25
328460, 47692.9100,  1, 17.23, 13.610000000000582
328460, 47692.9100,  1, 64.87, 13.610000000000582
328461, 47693.0200,  1, 139.38, 13.719999999993888
328461, 47693.0200,  1, 5.93, 13.719999999993888
328537, 47701.1600,  3, 494.00, 21.849999999998545
328561, 47703.7300,  3, 584.48, 24.349999999998545
328670, 47729.8000,  1, 85.79, 11.590000000003783
328670, 47729.8000,  1, 36.73, 11.590000000003783
328691, 47732.0500,  1, 79.33, 13.840000000003783
328691, 47732.0500,  1, 101.47, 13.840000000003783
328754, 47738.8000,  3, 485.55, 20.4800000000032
328758, 47739.2300,  3, 428.22, 20.93000000000029
328780, 47741.5900,  3, 564.08, 23.349999999998545
328826, 47746.5200,  3, 516.06, 28.270000000004075
329003, 47779.8700,  3, 434.88, 18.80999999999767
329031, 47782.8700,  3, 467.82, 21.790000000000873
329038, 47783.6200,  3, 519.19, 22.529999999998836
329047, 47784.5900,  3, 462.52, 23.489999999997963
329052, 47785.1200,  3, 474.35, 24.0199999999968
329062, 47786.1900,  3, 588.60, 25.110000000000582
329083, 47788.4400,  3, 444.75, 27.349999999998545
329084, 47788.5500,  3, 551.10, 27.439999999995052
329206, 47815.8700,  1, 43.45, 12.959999999999127
329206, 47815.8700,  1, 12.75, 12.959999999999127
329216, 47816.9400,  1, 78.23, 14.029999999998836
329296, 47825.5200,  3, 538.95, 22.589999999996508
329309, 47826.9100,  1, 59.37, 24.0
329322, 47828.3000,  3, 458.95, 25.279999999998836
329328, 47828.9400,  3, 579.91, 25.94999999999709
329366, 47833.0200,  3, 547.17, 30.05999999999767
329472, 47859.6900,  1, -22.90, 11.260000000002037
329472, 47859.6900,  1, 24.23, 11.260000000002037
329569, 47870.0900,  3, 468.98, 21.589999999996508
329588, 47872.1200,  3, 477.21, 23.639999999999418
329598, 47873.1900,  3, 528.46, 24.69999999999709
329605, 47873.9400,  3, 438.94, 25.419999999998254
329605, 47873.9400,  3, 497.71, 25.44000000000233
329643, 47878.0200,  3, 502.11, 29.5
329770, 47906.1200,  1, 102.09, 13.510000000002037
329770, 47906.1200,  1, -6.61, 13.510000000002037
329825, 47912.0200,  3, 449.69, 19.339999999996508
329850, 47914.6900,  3, 449.87, 22.010000000002037
329866, 47916.4100,  3, 433.12, 23.69999999999709
329908, 47920.9100,  3, 508.16, 28.19999999999709
329909, 47921.0200,  3, 508.79, 28.37000000000262
329911, 47921.2300,  3, 512.40, 28.540000000000873
330023, 47947.7700,  1, 131.61, 11.89999999999418
330023, 47947.7700,  1, 0.86, 11.89999999999418
330027, 47948.1900,  1, 103.32, 12.319999999999709
330027, 47948.1900,  1, 98.97, 12.319999999999709
330102, 47956.2300,  3, 439.04, 20.349999999998545
330111, 47957.1900,  3, 471.61, 21.290000000000873
330122, 47958.3700,  3, 533.53, 22.489999999997963
330146, 47960.9400,  3, 546.87, 25.0199999999968
330322, 47993.9400,  3, 440.85, 18.69000000000233
330335, 47995.3400,  3, 467.78, 20.130000000004657
330342, 47996.0900,  3, 376.36, 20.860000000000582
330352, 47997.1600,  3, 466.19, 21.92000000000553
330352, 47997.1600,  3, 463.57, 21.87000000000262
330384, 48000.5900,  3, 467.34, 25.35000000000582
330408, 48003.1600,  3, 535.44, 27.860000000000582
330474, 48010.2300,  3, 590.78, 34.94000000000233
330610, 48039.3400,  1, 22.57, 14.469999999993888
330610, 48039.3400,  1, 177.92, 14.469999999993888
330679, 48046.7300,  3, 483.74, 21.849999999998545
330693, 48048.2300,  3, 488.30, 23.31999999999971
330700, 48048.9800,  3, 475.61, 24.040000000000873
330721, 48051.2300,  3, 526.83, 26.25
330735, 48052.7300,  3, 496.61, 27.7699999999968
330740, 48053.2700,  3, 474.43, 28.37999999999738
330939, 48088.9800,  3, 493.95, 21.10000000000582
330950, 48090.1600,  3, 499.16, 22.35000000000582
330951, 48090.2700,  3, 515.22, 22.4800000000032
330952, 48090.3700,  3, 517.60, 22.55000000000291
330964, 48091.6600,  3, 586.42, 23.830000000001746
330975, 48092.8400,  3, 542.14, 24.99000000000524
330975, 48092.8400,  3, 568.38, 25.0
331082, 48104.3000,  3, 602.80, 36.5
331132, 48123.8400,  1, -45.58, 5.25
331132, 48123.8400,  1, -66.99, 5.25
331171, 48128.0200,  1, 14.57, 9.430000000000291
331171, 48128.0200,  1, -31.37, 9.430000000000291
331289, 48140.6600,  3, 458.38, 22.040000000000873
331315, 48143.4400,  3, 541.41, 24.760000000002037
331335, 48145.5900,  3, 428.53, 26.9800000000032
331550, 48168.6200,  2, 416.33,  50
331661, 48194.8400,  1, 65.14, 11.679999999993015
331661, 48194.8400,  1, 112.21, 11.679999999993015
331663, 48195.0500,  1, 92.36, 11.889999999999418
331663, 48195.0500,  1, 80.35, 11.889999999999418
331744, 48203.7300,  3, 401.59, 20.469999999993888
331756, 48205.0200,  3, 493.99, 21.81999999999971
331776, 48207.1600,  3, 525.33, 23.979999999995925
331781, 48207.6900,  3, 533.28, 24.5199999999968
331930, 48238.7700,  1, 28.91, 15.87999999999738
331930, 48238.7700,  1, 99.09, 15.87999999999738
331996, 48245.8400,  3, 523.98, 22.87999999999738
332000, 48246.2700,  3, 502.16, 23.330000000001746
332015, 48247.8700,  3, 440.41, 24.970000000001164
332025, 48248.9400,  3, 570.79, 26.020000000004075
332068, 48253.5500,  3, 602.56, 30.56999999999971
332088, 48255.6900,  3, 765.42, 32.779999999998836
332212, 48283.3000,  1, 101.01, 13.200000000004366
332212, 48283.3000,  1, 131.43, 13.200000000004366
332283, 48290.9100,  3, 492.75, 20.700000000004366
332291, 48291.7700,  3, 538.41, 21.580000000001746
332293, 48291.9800,  3, 480.23, 21.840000000003783
332295, 48292.1900,  3, 501.50, 22.06999999999971
332304, 48293.1600,  3, 547.96, 22.970000000001164
332319, 48294.7700,  3, 547.67, 24.599999999998545
332499, 48328.4400,  3, 452.46, 19.07999999999447
332514, 48330.0500,  3, 454.22, 20.68000000000029
332528, 48331.5500,  3, 430.01, 22.2699999999968
332531, 48331.8700,  3, 497.21, 22.5199999999968
332538, 48332.6200,  3, 467.94, 23.32999999999447
332563, 48335.3000,  3, 486.05, 25.93000000000029
332565, 48335.5200,  3, 443.43, 26.189999999995052
332583, 48337.4400,  3, 540.07, 28.139999999999418
332713, 48365.8700,  1, 96.51, 13.810000000004948
332713, 48365.8700,  1, 54.38, 13.810000000004948
332786, 48373.6900,  3, 508.62, 21.56999999999971
332786, 48373.6900,  3, 435.31, 21.55000000000291
332812, 48376.4800,  3, 493.02, 24.410000000003492
332831, 48378.5200,  3, 431.84, 26.44000000000233
332838, 48379.2700,  3, 527.51, 27.18000000000029
332860, 48381.6200,  3, 519.67, 29.529999999998836
333050, 48416.2700,  3, 500.57, 20.169999999998254
333061, 48417.4400,  3, 517.32, 21.410000000003492
333070, 48418.4100,  3, 465.35, 22.349999999998545
333082, 48419.6900,  3, 577.62, 23.68000000000029
333114, 48423.1200,  3, 561.38, 27.05000000000291
333124, 48424.1900,  3, 460.24, 28.099999999998545
333147, 48426.6600,  3, 596.29, 30.62000000000262
333170, 48429.1200,  3, 599.45, 33.05000000000291
333304, 48458.5500,  1, 66.07, 14.25
333304, 48458.5500,  1, 38.03, 14.25
333349, 48463.3700,  3, 456.91, 18.969999999993888
333370, 48465.6200,  3, 467.45, 21.299999999995634
333374, 48466.0500,  3, 492.68, 21.64999999999418
333399, 48468.7300,  3, 331.81, 24.39999999999418
333413, 48470.2300,  3, 495.20, 25.869999999995343
333638, 48494.3400,  2, 264.55,  50
333834, 48529.8700,  1, 245.41, 20.80000000000291
333834, 48529.8700,  1, 213.48, 20.80000000000291
333838, 48530.3000,  3, 511.81, 21.19999999999709
333871, 48533.8400,  3, 443.77, 24.660000000003492
333873, 48534.0500,  3, 570.25, 24.919999999998254
333885, 48535.3400,  3, 586.77, 26.260000000002037
333890, 48535.8700,  3, 519.69, 26.779999999998836
333893, 48536.1900,  3, 555.33, 27.0199999999968
333952, 48556.8400,  1, -152.46, 6.219999999993888
334063, 48568.7300,  3, 412.27, 18.0
334112, 48573.9800,  3, 449.64, 23.32999999999447
334126, 48575.4800,  3, 561.81, 24.849999999998545
334140, 48576.9800,  3, 489.54, 26.349999999998545
334170, 48580.1900,  3, 623.85, 29.5199999999968
334180, 48581.2700,  3, 663.40, 30.62999999999738
334193, 48582.6600,  3, 533.29, 32.0
334334, 48612.2300,  1, 133.74, 15.0
334334, 48612.2300,  1, 106.87, 15.0
334410, 48620.3700,  3, 429.40, 23.089999999996508
334416, 48621.0200,  3, 534.27, 23.69999999999709
334422, 48621.6600,  3, 559.01, 24.31999999999971
334430, 48622.5200,  3, 559.07, 25.189999999995052
334431, 48622.6200,  3, 551.48, 25.349999999998545
334458, 48625.5200,  3, 568.96, 28.229999999995925
334596, 48654.5500,  1, 108.50, 14.700000000004366
334596, 48654.5500,  1, -4.27, 14.700000000004366
334659, 48661.3000,  3, 459.64, 21.400000000001455
334685, 48664.0900,  3, 467.08, 24.209999999999127
334691, 48664.7300,  3, 415.02, 24.81999999999971
334692, 48664.8400,  3, 542.45, 24.900000000001455
334694, 48665.0500,  3, 522.01, 25.130000000004657
334733, 48669.2300,  3, 479.38, 29.270000000004075
334839, 48695.3000,  1, 90.33, 11.270000000004075
334839, 48695.3000,  1, 94.17, 11.270000000004075
334972, 48709.5500,  3, 443.01, 25.510000000002037
334976, 48709.9800,  3, 513.10, 25.87000000000262
334982, 48710.6200,  3, 570.84, 26.56999999999971
335008, 48713.4100,  3, 552.94, 29.330000000001746
335011, 48713.7300,  3, 472.38, 29.69000000000233
335201, 48734.0900,  2, 388.52,  50
335328, 48761.9800,  1, 130.96, 13.390000000006694
335329, 48762.0900,  1, 5.97, 13.5
335388, 48768.4100,  3, 417.75, 19.75
335410, 48770.7700,  3, 473.00, 22.080000000001746
335417, 48771.5200,  3, 523.93, 22.900000000001455
335425, 48772.3700,  3, 463.35, 23.75
335481, 48778.3700,  3, 511.86, 29.74000000000524
335660, 48797.5500,  3, 679.81, 48.94000000000233
335862, 48833.3400,  3, 460.81, 21.510000000002037
335866, 48833.7700,  3, 456.89, 21.9800000000032
335876, 48834.8400,  3, 493.52, 23.040000000000873
335881, 48835.3700,  3, 532.41, 23.529999999998836
335889, 48836.2300,  3, 522.60, 24.410000000003492
335892, 48836.5500,  3, 505.04, 24.720000000001164
335901, 48837.5200,  3, 492.02, 25.720000000001164
335914, 48838.9100,  3, 404.70, 27.080000000001746
336004, 48863.7700,  1, -0.65, 9.559999999997672
336004, 48863.7700,  1, 27.73, 9.559999999997672
336061, 48869.8700,  1, 125.40, 15.660000000003492
336114, 48875.5500,  3, 433.94, 21.2300000000032
336163, 48880.8000,  3, 533.28, 26.580000000001746
336207, 48885.5200,  3, 592.85, 31.209999999999127
336209, 48885.7300,  3, 580.62, 31.459999999999127
336219, 48886.8000,  3, 511.70, 32.529999999998836
336318, 48911.8400,  1, 21.12, 10.519999999996799
336318, 48911.8400,  1, 75.77, 10.519999999996799
336410, 48921.6900,  3, 440.46, 20.279999999998836
336451, 48926.0900,  3, 570.63, 24.739999999997963
336455, 48926.5200,  3, 499.83, 25.12999999999738
336469, 48928.0200,  3, 461.54, 26.590000000003783
336471, 48928.2300,  3, 607.30, 26.889999999999418
336503, 48931.6600,  3, 557.73, 30.31999999999971
336586, 48955.0900,  1, -9.79, 8.779999999998836
336586, 48955.0900,  1, 12.49, 8.779999999998836
336605, 48957.1200,  1, 20.25, 10.810000000004948
336605, 48957.1200,  1, 69.91, 10.810000000004948
336692, 48966.4400,  3, 411.13, 20.110000000000582
336701, 48967.4100,  3, 414.03, 21.0
336703, 48967.6200,  3, 491.31, 21.24000000000524
336715, 48968.9100,  3, 452.03, 22.580000000001746
336817, 48994.0200,  1, 18.53, 10.839999999996508
336819, 48994.2300,  1, 58.59, 11.05000000000291
336819, 48994.2300,  1, 91.92, 11.05000000000291
336822, 48994.5500,  1, 108.34, 11.37000000000262
336822, 48994.5500,  1, 63.84, 11.37000000000262
336917, 49004.7300,  3, 435.42, 21.5199999999968
336941, 49007.3000,  3, 463.14, 24.080000000001746
337167, 49031.5200,  3, 674.65, 48.30000000000291
337265, 49056.3000,  1, 50.80, 10.389999999999418
337265, 49056.3000,  1, 48.44, 10.389999999999418
337266, 49056.4100,  1, -2.27, 10.5
337300, 49060.0500,  1, 144.37, 14.139999999999418
337300, 49060.0500,  1, 21.94, 14.139999999999418
337378, 49068.4100,  3, 428.11, 22.389999999999418
337436, 49074.6200,  3, 424.42, 28.679999999993015
337497, 49081.1600,  3, 627.62, 35.14999999999418
337632, 49109.9800,  1, 45.31, 14.35000000000582
337632, 49109.9800,  1, 28.00, 14.35000000000582
337700, 49117.2700,  3, 498.70, 21.630000000004657
337713, 49118.6600,  3, 445.79, 22.959999999999127
337716, 49118.9800,  3, 491.28, 23.290000000000873
337722, 49119.6200,  3, 515.80, 23.94000000000233
337736, 49121.1200,  3, 453.99, 25.400000000001455
337736, 49121.1200,  3, 548.53, 25.42000000000553
337863, 49149.1600,  1, 63.82, 13.510000000002037
337863, 49149.1600,  1, 110.87, 13.510000000002037
337947, 49158.1600,  3, 463.47, 22.419999999998254
337952, 49158.6900,  3, 454.41, 22.959999999999127
337981, 49161.8000,  3, 489.63, 26.139999999999418
337986, 49162.3400,  3, 528.63, 26.619999999995343
337992, 49162.9800,  3, 436.22, 27.239999999997963
338015, 49165.4400,  3, 483.86, 29.689999999995052
338119, 49191.0500,  1, 48.26, 11.060000000004948
338119, 49191.0500,  1, 73.89, 11.060000000004948
338127, 49191.9100,  1, 33.78, 11.92000000000553
338127, 49191.9100,  1, 86.90, 11.92000000000553
338239, 49203.9100,  3, 466.05, 23.830000000001746
338243, 49204.3400,  3, 423.59, 24.310000000004948
338250, 49205.0900,  3, 524.47, 25.090000000003783
338251, 49205.1900,  3, 512.22, 25.110000000000582
338311, 49225.8400,  1, -13.85, 6.3399999999965075
338311, 49225.8400,  1, -25.00, 6.3399999999965075
338467, 49242.5500,  3, 446.25, 23.0
338470, 49242.8700,  3, 513.41, 23.30000000000291
338471, 49242.9800,  3, 430.85, 23.37999999999738
338497, 49245.7700,  3, 558.36, 26.19999999999709
338505, 49246.6200,  3, 455.75, 27.05999999999767
338516, 49247.8000,  3, 430.14, 28.2699999999968
338590, 49270.3000,  1, -7.95, 7.8400000000037835
338590, 49270.3000,  1, 21.26, 7.8400000000037835
338657, 49277.4800,  1, 125.26, 15.020000000004075
338730, 49285.3000,  3, 468.15, 22.830000000001746
338737, 49286.0500,  3, 491.93, 23.55999999999767
338769, 49289.4800,  3, 534.74, 26.919999999998254
338771, 49289.6900,  3, 415.11, 27.18000000000029
338817, 49294.6200,  3, 388.60, 32.05999999999767
339023, 49331.1900,  3, 437.01, 21.859999999993306
339025, 49331.4100,  3, 404.67, 22.159999999996217
339026, 49331.5200,  3, 520.82, 22.219999999993888
339045, 49333.5500,  3, 479.92, 24.30999999999767
339052, 49334.3000,  3, 503.31, 25.039999999993597
339092, 49338.5900,  3, 539.73, 29.25999999999476
339096, 49339.0200,  3, 543.28, 29.739999999997963
339133, 49342.9800,  3, 419.92, 33.64999999999418
339331, 49378.4100,  3, 477.84, 21.089999999996508
339332, 49378.5200,  3, 426.83, 21.189999999995052
339334, 49378.7300,  3, 437.47, 21.419999999998254
339336, 49378.9400,  3, 505.45, 21.62999999999738
339343, 49379.6900,  3, 400.38, 22.289999999993597
339383, 49383.9800,  3, 431.87, 26.599999999998545
339385, 49384.1900,  3, 484.81, 26.799999999995634
339464, 49392.6600,  3, 513.97, 35.32999999999447
339558, 49416.9800,  1, 50.05, 9.970000000001164
339569, 49418.1600,  1, 73.48, 11.150000000001455
339660, 49427.9100,  3, 438.12, 20.799999999995634
339661, 49428.0200,  3, 510.30, 20.979999999995925
339697, 49431.8700,  3, 449.84, 24.80999999999767
339703, 49432.5200,  3, 502.07, 25.409999999996217
339717, 49434.0200,  3, 536.51, 26.919999999998254
339773, 49440.0200,  3, 604.81, 32.970000000001164
339880, 49465.9800,  1, 10.68, 11.380000000004657
339880, 49465.9800,  1, 56.57, 11.380000000004657
339891, 49467.1600,  1, 19.81, 12.560000000004948
339957, 49474.2300,  3, 403.01, 19.529999999998836
339970, 49475.6200,  3, 469.87, 20.9800000000032
339988, 49477.5500,  3, 479.58, 22.94000000000233
339995, 49478.3000,  3, 469.11, 23.650000000001455
340007, 49479.5900,  3, 447.74, 24.900000000001455
340119, 49505.8400,  1, 102.47, 11.919999999998254
340119, 49505.8400,  1, 16.07, 11.919999999998254
340184, 49512.8000,  3, 425.18, 18.81999999999971
340214, 49516.0200,  3, 469.23, 22.029999999998836
340242, 49519.0200,  3, 545.71, 25.010000000002037
340256, 49520.5200,  3, 438.38, 26.56999999999971
340271, 49522.1200,  3, 499.42, 28.099999999998545
340286, 49523.7300,  3, 512.89, 29.700000000004366
340426, 49552.9800,  1, 142.59, 14.910000000003492
340488, 49559.6200,  3, 472.95, 21.459999999999127
340510, 49561.9800,  3, 542.22, 23.80000000000291
340517, 49562.7300,  3, 512.43, 24.580000000001746
340528, 49563.9100,  3, 520.02, 25.830000000001746
340529, 49564.0200,  3, 535.80, 25.840000000003783
340541, 49565.3000,  3, 439.33, 27.12000000000262
340554, 49566.6900,  3, 492.05, 28.540000000000873
340637, 49589.9100,  1, -15.24, 8.810000000004948
340637, 49589.9100,  1, -44.37, 8.810000000004948
340652, 49591.5200,  1, 30.04, 10.419999999998254
340741, 49601.0500,  3, 487.58, 19.919999999998254
340752, 49602.2300,  3, 466.23, 21.090000000003783
340784, 49605.6600,  3, 450.61, 24.520000000004075
340809, 49608.3400,  3, 469.51, 27.169999999998254
340838, 49611.4400,  3, 470.87, 30.30000000000291
340925, 49635.3000,  1, 6.22, 9.230000000003201
340925, 49635.3000,  1, 68.60, 9.230000000003201
341045, 49648.1600,  3, 529.60, 21.989999999997963
341049, 49648.5900,  3, 442.01, 22.4800000000032
341065, 49650.3000,  3, 391.59, 24.150000000001455
341066, 49650.4100,  3, 476.29, 24.290000000000873
341072, 49651.0500,  3, 440.06, 24.87999999999738
341080, 49651.9100,  3, 549.46, 25.779999999998836
341168, 49675.5900,  1, 13.42, 9.349999999998545
341168, 49675.5900,  1, 22.39, 9.349999999998545
341280, 49687.5900,  3, 482.58, 21.330000000001746
341296, 49689.3000,  3, 400.19, 22.959999999999127
341311, 49690.9100,  3, 463.47, 24.610000000000582
341313, 49691.1200,  3, 476.36, 24.810000000004948
341319, 49691.7700,  3, 553.36, 25.44000000000233
341341, 49694.1200,  3, 491.59, 27.87000000000262
341540, 49729.6900,  3, 453.00, 21.220000000001164
341543, 49730.0200,  3, 456.51, 21.510000000002037
341549, 49730.6600,  3, 527.98, 22.12000000000262
341552, 49730.9800,  3, 507.91, 22.5
341552, 49730.9800,  3, 455.59, 22.4800000000032
341568, 49732.6900,  3, 516.02, 24.209999999999127
341587, 49734.7300,  3, 561.14, 26.220000000001164
341593, 49735.3700,  3, 506.99, 26.80999999999767
341715, 49762.6200,  1, 121.41, 12.970000000001164
341781, 49769.6900,  1, 185.26, 20.040000000000873
341781, 49769.6900,  1, 189.14, 20.040000000000873
341804, 49772.1600,  3, 471.41, 22.409999999996217
341818, 49773.6600,  3, 523.98, 23.979999999995925
341823, 49774.1900,  3, 563.51, 24.459999999999127
341853, 49777.4100,  3, 470.17, 27.709999999999127
341955, 49788.3400,  3, 520.82, 38.68000000000029
342026, 49810.2300,  1, 24.28, 7.5
342026, 49810.2300,  1, -9.19, 7.5
342158, 49824.3700,  3, 516.09, 21.56999999999971
342163, 49824.9100,  3, 503.96, 22.139999999999418
342167, 49825.3400,  3, 533.47, 22.56999999999971
342177, 49826.4100,  3, 445.71, 23.62999999999738
342178, 49826.5200,  3, 394.62, 23.689999999995052
342238, 49832.9400,  3, 584.41, 30.169999999998254
342322, 49856.3400,  1, 54.07, 8.89999999999418
342322, 49856.3400,  1, 11.54, 8.89999999999418
342417, 49866.5200,  3, 452.30, 19.040000000000873
342443, 49869.3000,  3, 439.07, 21.80999999999767
342457, 49870.8000,  3, 447.86, 23.30999999999767
342465, 49871.6600,  3, 461.56, 24.119999999995343
342472, 49872.4100,  3, 551.06, 24.939999999995052
342481, 49873.3700,  3, 588.67, 25.89999999999418
342617, 49902.1600,  1, 115.76, 14.460000000006403
342617, 49902.1600,  1, 132.40, 14.460000000006403
342655, 49906.2300,  3, 446.75, 18.520000000004075
342662, 49906.9800,  3, 429.90, 19.19000000000233
342684, 49909.3400,  3, 461.36, 21.60000000000582
342704, 49911.4800,  3, 544.61, 23.760000000002037
342713, 49912.4400,  3, 465.22, 24.660000000003492
342767, 49918.2300,  3, 444.52, 30.510000000002037
342842, 49940.8000,  1, -4.97, 7.930000000000291
342842, 49940.8000,  1, 24.83, 7.930000000000291
342876, 49944.4400,  1, 114.35, 11.569999999999709
342876, 49944.4400,  1, 28.37, 11.569999999999709
342962, 49953.6600,  3, 427.42, 20.69999999999709
342973, 49954.8400,  3, 529.39, 21.939999999995052
342975, 49955.0500,  3, 487.90, 22.12999999999738
343003, 49958.0500,  3, 552.52, 25.169999999998254
343217, 49995.5500,  3, 526.18, 22.779999999998836
343223, 49996.1900,  3, 548.78, 23.409999999996217
343236, 49997.5900,  3, 606.40, 24.7699999999968
343236, 49997.5900,  3, 524.87, 24.860000000000582
343240, 49998.0200,  3, 510.14, 25.229999999995925
343277, 50001.9800,  3, 531.14, 29.25
343281, 50002.4100,  3, 527.64, 29.580000000001746
343320, 50006.5900,  3, 445.98, 33.7699999999968
343432, 50032.8700,  1, 110.70, 11.910000000003492
343432, 50032.8700,  1, 25.40, 11.910000000003492
343517, 50041.9800,  3, 441.51, 21.010000000002037
343523, 50042.6200,  3, 512.72, 21.62000000000262
343528, 50043.1600,  3, 508.79, 22.12999999999738
343568, 50047.4400,  3, 513.16, 26.400000000001455
343583, 50049.0500,  3, 614.15, 28.020000000004075
343663, 50057.6200,  3, 514.20, 36.59000000000378
343754, 50081.9100,  1, 53.92, 9.640000000006694
343754, 50081.9100,  1, 12.24, 9.640000000006694
343862, 50093.4800,  3, 502.15, 21.160000000003492
343877, 50095.0900,  3, 497.61, 22.780000000006112
343893, 50096.8000,  3, 528.26, 24.49000000000524
343899, 50097.4400,  3, 453.08, 25.12000000000262
343901, 50097.6600,  3, 466.41, 25.35000000000582
343918, 50099.4800,  3, 471.78, 27.10000000000582
344000, 50122.3400,  1, 25.09, 8.679999999993015
344000, 50122.3400,  1, 31.16, 8.679999999993015
344126, 50135.8400,  3, 504.89, 22.119999999995343
344139, 50137.2300,  3, 498.33, 23.50999999999476
344144, 50137.7700,  3, 494.48, 24.00999999999476
344150, 50138.4100,  3, 562.29, 24.709999999999127
344159, 50139.3700,  3, 588.41, 25.669999999998254
344219, 50145.8000,  3, 524.66, 32.049999999995634
344329, 50172.1600,  1, 61.98, 11.680000000000291
344329, 50172.1600,  1, 111.07, 11.680000000000291
344394, 50179.1200,  3, 460.24, 18.55999999999767
344408, 50180.6200,  3, 469.54, 20.12999999999738
344408, 50180.6200,  3, 425.65, 20.05999999999767
344422, 50182.1200,  3, 461.31, 21.55999999999767
344484, 50188.7700,  3, 513.99, 28.219999999993888
344487, 50189.0900,  3, 432.31, 28.529999999998836
344586, 50213.8000,  1, 11.59, 10.510000000002037
344586, 50213.8000,  1, 32.03, 10.510000000002037
344601, 50215.4100,  1, 96.03, 12.12000000000262
344601, 50215.4100,  1, 89.71, 12.12000000000262
344685, 50224.4100,  3, 529.27, 21.049999999995634
344689, 50224.8400,  3, 505.25, 21.5
344709, 50226.9800,  3, 481.22, 23.62000000000262
344747, 50231.0500,  3, 499.83, 27.709999999999127
344942, 50266.4100,  3, 511.87, 20.69999999999709
344966, 50268.9800,  3, 523.35, 23.339999999996508
344972, 50269.6200,  3, 510.21, 23.969999999993888
344973, 50269.7300,  3, 488.98, 24.040000000000873
344982, 50270.6900,  3, 508.86, 25.029999999998836
345014, 50274.1200,  3, 612.93, 28.469999999993888
345024, 50275.1900,  3, 488.68, 29.549999999995634
345134, 50286.9800,  3, 544.71, 41.32999999999447
345236, 50312.0900,  1, 54.30, 10.82999999999447
345236, 50312.0900,  1, 85.96, 10.82999999999447
345240, 50312.5200,  1, 71.51, 11.259999999994761
345240, 50312.5200,  1, 90.27, 11.259999999994761
345318, 50320.8700,  1, 117.17, 19.610000000000582
345338, 50323.0200,  3, 439.54, 21.650000000001455
345352, 50324.5200,  3, 552.05, 23.189999999995052
345359, 50325.2700,  3, 566.74, 23.970000000001164
345463, 50350.8000,  1, 9.25, 11.030000000006112
345463, 50350.8000,  1, 17.63, 11.030000000006112
345569, 50362.1600,  3, 519.99, 22.30000000000291
345606, 50366.1200,  3, 537.31, 26.330000000001746
345620, 50367.6200,  3, 508.35, 27.840000000003783
345622, 50367.8400,  3, 523.26, 28.060000000004948
345632, 50368.9100,  3, 616.95, 29.10000000000582
345648, 50370.6200,  3, 556.88, 30.760000000002037
345789, 50401.1600,  1, 204.86, 15.020000000004075
345789, 50401.1600,  1, 185.69, 15.020000000004075
345841, 50406.7300,  3, 471.14, 20.5
345844, 50407.0500,  3, 475.70, 20.80999999999767
345869, 50409.7300,  3, 519.17, 23.55999999999767
345886, 50411.5500,  3, 545.90, 25.389999999999418
345911, 50414.2300,  3, 507.55, 28.06999999999971
345924, 50415.6200,  3, 469.82, 29.459999999999127
345992, 50437.4400,  1, -17.14, 7.17000000000553
345992, 50437.4400,  1, -0.28, 7.17000000000553
346036, 50442.1600,  1, 104.58, 11.890000000006694
346036, 50442.1600,  1, 77.94, 11.890000000006694
346073, 50446.1200,  1, 115.49, 15.85000000000582
346145, 50453.8400,  3, 531.04, 23.49000000000524
346190, 50458.6600,  3, 562.70, 28.37000000000262
346246, 50464.6600,  3, 571.83, 34.31999999999971
346328, 50487.9400,  1, -2.56, 8.700000000004366
346328, 50487.9400,  1, 44.81, 8.700000000004366
346360, 50491.3700,  1, 95.12, 12.130000000004657
346360, 50491.3700,  1, 40.51, 12.130000000004657
346432, 50499.0900,  3, 468.26, 19.770000000004075
346466, 50502.7300,  3, 544.36, 23.4800000000032
346469, 50503.0500,  3, 507.81, 23.700000000004366
346473, 50503.4800,  3, 592.67, 24.130000000004657
346563, 50527.1600,  1, 48.99, 9.560000000004948
346563, 50527.1600,  1, 1.52, 9.560000000004948
346580, 50528.9800,  1, 110.12, 11.380000000004657
346580, 50528.9800,  1, 105.18, 11.380000000004657
346677, 50539.3700,  3, 485.99, 21.709999999999127
346695, 50541.3000,  3, 505.46, 23.69000000000233
346697, 50541.5200,  3, 473.30, 23.860000000000582
346714, 50543.3400,  3, 588.43, 25.720000000001164
346866, 50574.0500,  1, 13.74, 16.17000000000553
346866, 50574.0500,  1, 94.37, 16.17000000000553
346912, 50578.9800,  3, 450.61, 21.0
346916, 50579.4100,  3, 477.35, 21.450000000004366
346930, 50580.9100,  3, 515.69, 22.9800000000032
346943, 50582.3000,  3, 472.61, 24.310000000004948
346968, 50584.9800,  3, 586.98, 27.080000000001746
346982, 50586.4800,  3, 439.49, 28.590000000003783
347175, 50621.3000,  3, 389.86, 20.56999999999971
347186, 50622.4800,  3, 439.10, 21.669999999998254
347219, 50626.0200,  3, 518.52, 25.279999999998836
347223, 50626.4400,  3, 584.91, 25.639999999999418
347249, 50629.2300,  3, 588.85, 28.44000000000233
347260, 50630.4100,  3, 495.98, 29.68000000000029
347263, 50630.7300,  3, 392.33, 29.93000000000029
347282, 50632.7700,  3, 485.60, 32.020000000004075
347344, 50653.5200,  1, -11.52, 6.539999999993597
347344, 50653.5200,  1, -10.10, 6.539999999993597
347485, 50668.6200,  3, 478.92, 21.599999999998545
347485, 50668.6200,  3, 466.12, 21.599999999998545
347489, 50669.0500,  3, 473.01, 21.969999999993888
347588, 50679.6600,  3, 667.58, 32.64999999999418
347640, 50685.2300,  3, 431.91, 38.21999999999389
347734, 50695.3000,  3, 439.69, 48.2899999999936
347870, 50724.0500,  1, 135.71, 14.470000000001164
347934, 50730.9100,  3, 489.27, 21.220000000001164
347942, 50731.7700,  3, 457.36, 22.080000000001746
347960, 50733.6900,  3, 582.25, 24.0199999999968
347979, 50735.7300,  3, 453.17, 26.110000000000582
347986, 50736.4800,  3, 463.48, 26.799999999995634
347988, 50736.6900,  3, 490.67, 27.099999999998545
347998, 50737.7700,  3, 571.82, 28.169999999998254
348069, 50759.7700,  1, -40.71, 7.509999999994761
348069, 50759.7700,  1, 20.30, 7.509999999994761
348071, 50759.9800,  1, -1.57, 7.720000000001164
348071, 50759.9800,  1, -27.61, 7.720000000001164
348101, 50763.1900,  1, 60.67, 10.930000000000291
348101, 50763.1900,  1, 93.68, 10.930000000000291
348202, 50774.0200,  3, 535.94, 21.669999999998254
348224, 50776.3700,  3, 501.45, 24.089999999996508
348308, 50799.6200,  1, 26.12, 8.900000000001455
348308, 50799.6200,  1, 27.32, 8.900000000001455
348414, 50810.9800,  3, 442.89, 20.229999999995925
348425, 50812.1600,  3, 471.44, 21.360000000000582
348425, 50812.1600,  3, 534.12, 21.349999999998545
348430, 50812.6900,  3, 492.06, 21.900000000001455
348436, 50813.3400,  3, 535.18, 22.610000000000582
348461, 50816.0200,  3, 513.28, 25.209999999999127
348664, 50852.3400,  3, 495.22, 21.610000000000582
348671, 50853.0900,  3, 511.48, 22.389999999999418
348683, 50854.3700,  3, 486.53, 23.639999999999418
348685, 50854.5900,  3, 513.49, 23.860000000000582
348689, 50855.0200,  3, 410.81, 24.330000000001746
348690, 50855.1200,  3, 536.03, 24.419999999998254
348708, 50857.0500,  3, 443.06, 26.30000000000291
348743, 50860.8000,  3, 585.87, 30.080000000001746
348939, 50897.1600,  3, 499.89, 20.900000000001455
348944, 50897.6900,  3, 527.29, 21.389999999999418
348946, 50897.9100,  3, 521.64, 21.639999999999418
348969, 50900.3700,  3, 504.64, 24.040000000000873
348977, 50901.2300,  3, 500.36, 24.93000000000029
348984, 50901.9800,  3, 440.53, 25.69000000000233
348991, 50902.7300,  3, 607.61, 26.42000000000553
349006, 50904.3400,  3, 520.46, 28.029999999998836
349082, 50926.7300,  1, -6.15, 8.060000000004948
349082, 50926.7300,  1, -17.54, 8.060000000004948
349202, 50939.5900,  3, 489.70, 20.889999999999418
349208, 50940.2300,  3, 513.37, 21.510000000002037
349208, 50940.2300,  3, 484.10, 21.459999999999127
349242, 50943.8700,  3, 453.49, 25.160000000003492
349257, 50945.4800,  3, 530.01, 26.790000000000873
349312, 50951.3700,  3, 458.17, 32.63999999999942
349438, 50979.0900,  1, -8.80, 13.39999999999418
349438, 50979.0900,  1, 85.85, 13.39999999999418
349493, 50984.9800,  1, 110.24, 19.290000000000873
349493, 50984.9800,  1, 137.75, 19.290000000000873
349540, 50990.0200,  3, 481.24, 24.30999999999767
349549, 50990.9800,  3, 569.33, 25.209999999999127
349556, 50991.7300,  3, 471.84, 25.94999999999709
349576, 50993.8700,  3, 628.36, 28.169999999998254
349774, 51029.2300,  3, 506.04, 21.040000000000873
349779, 51029.7700,  3, 466.37, 21.599999999998545
349810, 51033.0900,  3, 535.58, 24.939999999995052
349814, 51033.5200,  3, 584.39, 25.37999999999738
349815, 51033.6200,  3, 395.21, 25.469999999993888
349816, 51033.7300,  3, 433.14, 25.55999999999767
349824, 51034.5900,  3, 497.56, 26.419999999998254
349856, 51038.0200,  3, 433.17, 29.80999999999767
349916, 51059.0200,  1, -33.04, 6.349999999998545
349916, 51059.0200,  1, -9.42, 6.349999999998545
349945, 51062.1200,  1, -1.20, 9.450000000004366
349945, 51062.1200,  1, 75.40, 9.450000000004366
350041, 51072.4100,  3, 490.99, 19.660000000003492
350061, 51074.5500,  3, 402.61, 21.860000000000582
350084, 51077.0200,  3, 557.97, 24.31999999999971
350098, 51078.5200,  3, 448.39, 25.75
350189, 51102.6900,  1, 35.85, 9.639999999999418
350189, 51102.6900,  1, 54.36, 9.639999999999418
350286, 51113.0900,  3, 484.86, 20.00999999999476
350309, 51115.5500,  3, 509.51, 22.39999999999418
350327, 51117.4800,  3, 481.25, 24.39999999999418
350335, 51118.3400,  3, 596.32, 25.219999999993888
350335, 51118.3400,  3, 529.87, 25.279999999998836
350373, 51122.4100,  3, 453.47, 29.279999999998836
350467, 51147.0500,  1, 47.73, 9.980000000003201
350488, 51149.3000,  1, 91.82, 12.230000000003201
350511, 51151.7700,  1, 72.38, 14.69999999999709
350511, 51151.7700,  1, 157.63, 14.69999999999709
350560, 51157.0200,  3, 452.29, 19.87999999999738
350597, 51160.9800,  3, 510.67, 23.81999999999971
350602, 51161.5200,  3, 544.73, 24.340000000003783
350628, 51164.3000,  3, 531.82, 27.18000000000029
350724, 51188.9100,  1, 66.95, 10.180000000000291
350724, 51188.9100,  1, -63.04, 10.180000000000291
350742, 51190.8400,  1, 146.04, 12.109999999993306
350742, 51190.8400,  1, -3.47, 12.109999999993306
350820, 51199.1900,  3, 481.35, 20.439999999995052
350834, 51200.6900,  3, 548.03, 21.87999999999738
350861, 51203.5900,  3, 542.91, 24.779999999998836
351053, 51224.1600,  3, 538.24, 45.359999999993306
351081, 51242.3400,  1, -160.56, 2.9199999999982538
351143, 51248.9800,  1, 57.44, 9.560000000004948
351167, 51251.5500,  1, 51.86, 12.130000000004657
351167, 51251.5500,  1, 107.17, 12.130000000004657
351180, 51252.9400,  1, 62.66, 13.520000000004075
351180, 51252.9400,  1, 105.39, 13.520000000004075
351274, 51263.0200,  3, 514.08, 23.529999999998836
351328, 51268.8000,  3, 540.77, 29.279999999998836
351433, 51294.5500,  1, 110.04, 11.160000000003492
351433, 51294.5500,  1, 39.31, 11.160000000003492
351525, 51304.4100,  3, 491.59, 20.93000000000029
351529, 51304.8400,  3, 483.82, 21.44000000000233
351540, 51306.0200,  3, 499.65, 22.599999999998545
351557, 51307.8400,  3, 559.75, 24.419999999998254
351571, 51309.3400,  3, 522.32, 25.87999999999738
351572, 51309.4400,  3, 613.81, 26.029999999998836
351684, 51335.9400,  1, 103.27, 11.880000000004657
351684, 51335.9400,  1, 117.46, 11.880000000004657
351746, 51342.5900,  3, 413.73, 18.520000000004075
351824, 51350.9400,  3, 663.62, 26.810000000004948
351832, 51351.8000,  3, 558.04, 27.709999999999127
351848, 51353.5200,  3, 496.89, 29.360000000000582
351872, 51356.0900,  3, 617.95, 32.0
352009, 51370.7700,  3, 407.35, 46.66000000000349
352118, 51396.7300,  1, 98.79, 11.590000000003783
352118, 51396.7300,  1, 125.61, 11.590000000003783
352196, 51405.0900,  3, 476.39, 19.889999999999418
352214, 51407.0200,  3, 477.99, 21.81999999999971
352225, 51408.1900,  3, 488.92, 23.029999999998836
352246, 51410.4400,  3, 478.12, 25.209999999999127
352273, 51413.3400,  3, 531.19, 28.160000000003492
352305, 51416.7700,  3, 499.46, 31.520000000004075
352410, 51442.2700,  1, -26.26, 11.159999999996217
352410, 51442.2700,  1, 106.25, 11.159999999996217
352442, 51445.6900,  1, 146.94, 14.580000000001746
352442, 51445.6900,  1, 164.52, 14.580000000001746
352530, 51455.1200,  3, 479.22, 24.0
352611, 51463.8000,  3, 599.09, 32.58999999999651
352650, 51467.9800,  3, 584.89, 36.81999999999971
352773, 51481.1600,  2, 643.55,  50
352900, 51509.1600,  1, 73.79, 13.390000000006694
352900, 51509.1600,  1, 54.98, 13.390000000006694
352957, 51515.2700,  3, 427.95, 19.49000000000524
352960, 51515.5900,  3, 466.32, 19.7300000000032
352998, 51519.6600,  3, 440.82, 23.860000000000582
352999, 51519.7700,  3, 430.44, 23.910000000003492
353037, 51523.8400,  3, 501.37, 28.040000000000873
353070, 51527.3700,  3, 555.81, 31.520000000004075
353257, 51561.6600,  3, 473.98, 19.87000000000262
353288, 51564.9800,  3, 485.32, 23.169999999998254
353291, 51565.3000,  3, 580.52, 23.580000000001746
353297, 51565.9400,  3, 567.07, 24.160000000003492
353299, 51566.1600,  3, 496.44, 24.349999999998545
353302, 51566.4800,  3, 480.50, 24.68000000000029
353319, 51568.3000,  3, 473.04, 26.4800000000032
353375, 51574.3000,  3, 560.87, 32.5
353479, 51599.9100,  1, 105.82, 11.060000000004948
353479, 51599.9100,  1, 119.22, 11.060000000004948
353582, 51610.9400,  3, 483.35, 22.040000000000873
353584, 51611.1600,  3, 434.39, 22.25
353598, 51612.6600,  3, 522.08, 23.720000000001164
353604, 51613.3000,  3, 508.66, 24.419999999998254
353620, 51615.0200,  3, 467.91, 26.150000000001455
353843, 51638.9100,  2, 555.63,  50
353947, 51664.5200,  1, 38.09, 10.94999999999709
353947, 51664.5200,  1, -21.40, 10.94999999999709
354050, 51675.5500,  3, 482.97, 21.93000000000029
354052, 51675.7700,  3, 462.31, 22.110000000000582
354052, 51675.7700,  3, 548.35, 22.099999999998545
354053, 51675.8700,  3, 483.13, 22.209999999999127
354071, 51677.8000,  3, 431.26, 24.18000000000029
354108, 51681.7700,  3, 505.38, 28.12000000000262
354228, 51708.8700,  1, 153.99, 12.770000000004075
354228, 51708.8700,  1, 77.40, 12.770000000004075
354314, 51718.0900,  3, 412.84, 21.919999999998254
354316, 51718.3000,  3, 501.57, 22.169999999998254
354344, 51721.3000,  3, 544.94, 25.139999999999418
354347, 51721.6200,  3, 472.38, 25.450000000004366
354359, 51722.9100,  3, 525.30, 26.709999999999127
354362, 51723.2300,  3, 493.86, 27.060000000004948
354490, 51751.4800,  1, 61.42, 13.62000000000262
354490, 51751.4800,  1, 76.09, 13.62000000000262
354514, 51754.0500,  1, 109.38, 16.19000000000233
354534, 51756.1900,  3, 454.18, 18.290000000000873
354545, 51757.3700,  3, 475.46, 19.5
354562, 51759.1900,  3, 481.02, 21.290000000000873
354698, 51773.7700,  3, 663.71, 35.86000000000058
354830, 51787.9100,  2, 497.13,  50
354947, 51814.9400,  1, -32.92, 12.319999999999709
354947, 51814.9400,  1, 39.84, 12.319999999999709
355018, 51822.5500,  3, 489.83, 19.89999999999418
355036, 51824.4800,  3, 472.28, 21.799999999995634
355072, 51828.3400,  3, 375.68, 25.68000000000029
355085, 51829.7300,  3, 476.83, 27.029999999998836
355099, 51831.2300,  3, 470.49, 28.56999999999971
355199, 51841.9400,  3, 538.81, 39.25
355313, 51868.3400,  1, 102.65, 12.12999999999738
355313, 51868.3400,  1, 111.36, 12.12999999999738
355321, 51869.1900,  1, 157.88, 12.980000000003201
355321, 51869.1900,  1, 170.53, 12.980000000003201
355458, 51883.8700,  3, 426.68, 27.650000000001455
355494, 51887.7300,  3, 461.78, 31.470000000001164
355505, 51888.9100,  3, 618.61, 32.68000000000029
355527, 51891.2700,  3, 710.72, 34.95999999999913
355614, 51914.9100,  1, 15.83, 9.210000000006403
355614, 51914.9100,  1, 9.22, 9.210000000006403
355721, 51926.3700,  3, 435.96, 20.630000000004657
355740, 51928.4100,  3, 487.57, 22.639999999999418
355741, 51928.5200,  3, 497.71, 22.770000000004075
355757, 51930.2300,  3, 536.63, 24.42000000000553
355768, 51931.4100,  3, 488.23, 25.67000000000553
355771, 51931.7300,  3, 465.82, 25.970000000001164
355902, 51960.1900,  1, 77.60, 13.930000000000291
355902, 51960.1900,  1, 118.88, 13.930000000000291
355951, 51965.4400,  1, 104.36, 19.18000000000029
355951, 51965.4400,  1, 82.47, 19.18000000000029
355963, 51966.7300,  3, 398.61, 20.43000000000029
355980, 51968.5500,  3, 468.67, 22.220000000001164
355987, 51969.3000,  3, 527.03, 23.00999999999476
355992, 51969.8400,  3, 462.20, 23.540000000000873
356096, 51995.5200,  1, 85.52, 11.049999999995634
356096, 51995.5200,  1, 68.44, 11.049999999995634
356176, 52004.0900,  3, 428.76, 19.55999999999767
356180, 52004.5200,  3, 448.66, 20.0
356181, 52004.6200,  3, 466.48, 20.110000000000582
356187, 52005.2700,  3, 449.96, 20.75
356222, 52009.0200,  3, 487.12, 24.510000000002037
356233, 52010.1900,  3, 468.89, 25.69999999999709
356423, 52044.9400,  3, 468.60, 20.25
356432, 52045.9100,  3, 498.23, 21.19000000000233
356433, 52046.0200,  3, 445.03, 21.279999999998836
356441, 52046.8700,  3, 490.03, 22.160000000003492
356460, 52048.9100,  3, 572.19, 24.2300000000032
356473, 52050.3000,  3, 564.06, 25.62000000000262
356492, 52052.3400,  3, 498.23, 27.580000000001746
356506, 52053.8400,  3, 548.41, 29.12000000000262
356692, 52088.0200,  3, 441.95, 19.790000000000873
356701, 52088.9800,  3, 474.99, 20.779999999998836
356715, 52090.4800,  3, 504.09, 22.279999999998836
356723, 52091.3400,  3, 490.99, 23.119999999995343
356736, 52092.7300,  3, 491.99, 24.479999999995925
356771, 52096.4800,  3, 564.79, 28.19999999999709
356783, 52097.7700,  3, 587.37, 29.56999999999971
356803, 52099.9100,  3, 622.44, 31.68000000000029
357007, 52135.9800,  3, 493.00, 21.639999999999418
357016, 52136.9400,  3, 501.14, 22.689999999995052
357035, 52138.9800,  3, 471.51, 24.669999999998254
357046, 52140.1600,  3, 493.07, 25.839999999996508
357047, 52140.2700,  3, 532.07, 25.93000000000029
357063, 52141.9800,  3, 615.53, 27.719999999993888
357081, 52143.9100,  3, 466.80, 29.639999999999418
357089, 52144.7700,  3, 542.33, 30.43000000000029
357209, 52171.9100,  1, -2.99, 12.760000000002037
357209, 52171.9100,  1, 115.87, 12.760000000002037
357295, 52181.1200,  3, 535.97, 21.93000000000029
357301, 52181.7700,  3, 478.63, 22.589999999996508
357308, 52182.5200,  3, 448.73, 23.330000000001746
357317, 52183.4800,  3, 488.36, 24.30999999999767
357332, 52185.0900,  3, 454.66, 25.93000000000029
357346, 52186.5900,  3, 551.45, 27.349999999998545
357467, 52213.7700,  1, 68.24, 12.869999999995343
357467, 52213.7700,  1, 85.96, 12.869999999995343
357545, 52222.1200,  3, 480.73, 21.18000000000029
357571, 52224.9100,  3, 466.68, 23.989999999997963
357574, 52225.2300,  3, 510.80, 24.220000000001164
357606, 52228.6600,  3, 416.53, 27.689999999995052
357680, 52236.5900,  3, 592.12, 35.68000000000029
357704, 52239.1600,  3, 511.87, 38.20999999999913
357772, 52261.4400,  1, 4.04, 7.17000000000553
357772, 52261.4400,  1, -14.44, 7.17000000000553
357808, 52265.3000,  1, 96.65, 11.030000000006112
357808, 52265.3000,  1, 44.95, 11.030000000006112
357919, 52277.1900,  3, 496.20, 22.860000000000582
357952, 52280.7300,  3, 500.19, 26.410000000003492
357965, 52282.1200,  3, 493.07, 27.770000000004075
358172, 52304.3000,  2, 552.38,  50
358241, 52327.1900,  1, 12.76, 7.17000000000553
358241, 52327.1900,  1, -29.58, 7.17000000000553
358370, 52341.0200,  3, 479.76, 20.890000000006694
358380, 52342.0900,  3, 517.78, 22.060000000004948
358395, 52343.6900,  3, 509.38, 23.640000000006694
358419, 52346.2700,  3, 567.36, 26.210000000006403
358467, 52351.4100,  3, 574.90, 31.360000000000582
358641, 52370.0500,  2, 409.95,  50
358747, 52395.6200,  1, 41.62, 11.150000000001455
358852, 52406.8700,  3, 495.40, 22.389999999999418
358856, 52407.3000,  3, 478.88, 22.799999999995634
358869, 52408.6900,  3, 536.96, 24.139999999999418
358913, 52413.4100,  3, 564.19, 28.839999999996508
358959, 52418.3400,  3, 581.48, 33.7699999999968
358999, 52422.6200,  3, 629.96, 38.080000000001746
359047, 52427.7700,  3, 508.68, 43.29000000000087
359155, 52453.5900,  1, 64.61, 11.489999999997963
359155, 52453.5900,  1, 99.61, 11.489999999997963
359167, 52454.8700,  1, 72.06, 12.770000000004075
359229, 52461.5200,  3, 428.74, 19.380000000004657
359251, 52463.8700,  3, 465.70, 21.709999999999127
359268, 52465.6900,  3, 492.02, 23.560000000004948
359270, 52465.9100,  3, 457.82, 23.75
359280, 52466.9800,  3, 455.69, 24.860000000000582
359334, 52486.9800,  1, -36.91, 5.67000000000553
359334, 52486.9800,  1, -15.84, 5.67000000000553
359413, 52495.4400,  1, 161.57, 14.130000000004657
359413, 52495.4400,  1, 56.11, 14.130000000004657
359422, 52496.4100,  1, 88.89, 15.10000000000582
359471, 52501.6600,  3, 433.29, 20.270000000004075
359509, 52505.7300,  3, 500.54, 24.400000000001455
359556, 52510.7700,  3, 524.38, 29.389999999999418
359726, 52543.3700,  1, 82.13, 18.10000000000582
359739, 52544.7700,  3, 415.57, 19.400000000001455
359740, 52544.8700,  3, 464.56, 19.55000000000291
359747, 52545.6200,  3, 458.56, 20.310000000004948
359750, 52545.9400,  3, 515.68, 20.610000000000582
359751, 52546.0500,  3, 503.98, 20.760000000002037
359780, 52549.1600,  3, 461.19, 23.830000000001746
360024, 52575.3000,  2, 572.99,  50
360233, 52612.2700,  3, 470.80, 22.090000000003783
360247, 52613.7700,  3, 536.79, 23.68000000000029
360251, 52614.1900,  3, 497.49, 24.05999999999767
360260, 52615.1600,  3, 516.55, 25.029999999998836
360290, 52618.3700,  3, 555.37, 28.279999999998836
360293, 52618.6900,  3, 568.71, 28.599999999998545
360303, 52619.7700,  3, 503.64, 29.610000000000582
360332, 52622.8700,  3, 397.54, 32.79000000000087
360391, 52643.3000,  1, -13.27, 6.230000000003201
360391, 52643.3000,  1, -34.20, 6.230000000003201
360454, 52650.0500,  1, 120.47, 12.980000000003201
360529, 52658.0900,  3, 494.01, 20.910000000003492
360542, 52659.4800,  3, 509.45, 22.400000000001455
360553, 52660.6600,  3, 491.72, 23.4800000000032
360586, 52664.1900,  3, 540.62, 27.05000000000291
360800, 52687.1200,  2, 478.69,  50
360915, 52713.9100,  1, 108.82, 12.110000000000582
360915, 52713.9100,  1, -18.80, 12.110000000000582
360950, 52717.6600,  1, 72.98, 15.860000000000582
360950, 52717.6600,  1, 172.91, 15.860000000000582
361022, 52725.3700,  3, 464.64, 23.489999999997963
361025, 52725.6900,  3, 515.17, 23.82999999999447
361035, 52726.7700,  3, 508.06, 24.87999999999738
361065, 52729.9800,  3, 557.28, 28.099999999998545
361176, 52757.0900,  1, 46.30, 11.799999999995634
361176, 52757.0900,  1, 120.99, 11.799999999995634
361282, 52768.4400,  3, 535.44, 23.06999999999971
361283, 52768.5500,  3, 504.38, 23.25
361284, 52768.6600,  3, 451.21, 23.2699999999968
361287, 52768.9800,  3, 510.90, 23.580000000001746
361296, 52769.9400,  3, 467.28, 24.639999999999418
361311, 52771.5500,  3, 518.51, 26.19000000000233
361383, 52793.5200,  1, -112.00, 7.609999999993306
361383, 52793.5200,  1, -5.26, 7.609999999993306
361401, 52795.4400,  1, 73.46, 9.529999999998836
361401, 52795.4400,  1, 7.90, 9.529999999998836
361498, 52805.8400,  3, 444.18, 19.839999999996508
361520, 52808.1900,  3, 532.26, 22.25
361546, 52810.9800,  3, 501.07, 24.959999999999127
361633, 52820.3000,  3, 594.22, 34.37999999999738
361733, 52845.0900,  1, -8.28, 10.619999999995343
361733, 52845.0900,  1, 8.26, 10.619999999995343
361806, 52852.9100,  3, 433.61, 18.43000000000029
361831, 52855.5900,  3, 508.24, 21.080000000001746
361838, 52856.3400,  3, 515.63, 21.7699999999968
361874, 52860.1900,  3, 517.15, 25.709999999999127
361943, 52867.5900,  3, 561.46, 33.04000000000087
361944, 52867.6900,  3, 661.49, 33.19999999999709
362033, 52891.5200,  1, 36.92, 9.44999999999709
362033, 52891.5200,  1, -98.07, 9.44999999999709
362071, 52895.5900,  1, 145.38, 13.519999999996799
362071, 52895.5900,  1, 150.07, 13.519999999996799
362106, 52899.3400,  1, 186.88, 17.2699999999968
362106, 52899.3400,  1, 203.41, 17.2699999999968
362165, 52905.6600,  3, 499.09, 23.55000000000291
362216, 52911.1200,  3, 514.49, 29.0
362329, 52937.5900,  1, 64.35, 12.019999999996799
362329, 52937.5900,  1, 130.76, 12.019999999996799
362332, 52937.9100,  1, 118.12, 12.340000000003783
362332, 52937.9100,  1, 81.28, 12.340000000003783
362407, 52945.9400,  3, 450.70, 20.30999999999767
362440, 52949.4800,  3, 414.03, 23.87999999999738
362465, 52952.1600,  3, 559.90, 26.5199999999968
362684, 52975.6200,  2, 520.34,  50
362815, 53004.0900,  1, -5.70, 13.82999999999447
362871, 53010.0900,  3, 417.43, 19.729999999995925
362882, 53011.2700,  3, 422.31, 20.939999999995052
362898, 53012.9800,  3, 441.93, 22.619999999995343
362907, 53013.9400,  3, 404.83, 23.639999999999418
362916, 53014.9100,  3, 467.50, 24.599999999998545
362918, 53015.1200,  3, 511.47, 24.839999999996508
362944, 53017.9100,  3, 565.02, 27.589999999996508
363013, 53040.5200,  1, -0.88, 7.289999999993597
363013, 53040.5200,  1, 2.53, 7.289999999993597
363052, 53044.6900,  1, 94.41, 11.459999999999127
363052, 53044.6900,  1, 42.75, 11.459999999999127
363172, 53057.5500,  3, 538.77, 24.289999999993597
363191, 53059.5900,  3, 529.08, 26.25
363222, 53062.9100,  3, 551.11, 29.619999999995343
363235, 53064.3000,  3, 658.97, 31.039999999993597
363337, 53090.4800,  1, 76.53, 10.840000000003783
363337, 53090.4800,  1, 44.86, 10.840000000003783
363411, 53098.4100,  3, 411.23, 18.739999999997963
363432, 53100.6600,  3, 505.56, 20.989999999997963
363436, 53101.0900,  3, 498.78, 21.43000000000029
363449, 53102.4800,  3, 423.21, 22.779999999998836
363452, 53102.8000,  3, 530.25, 23.139999999999418
363478, 53105.5900,  3, 471.87, 25.93000000000029
363617, 53135.6600,  1, 195.95, 14.810000000004948
363617, 53135.6600,  1, 12.53, 14.810000000004948
363676, 53141.9800,  3, 413.21, 21.05000000000291
363696, 53144.1200,  3, 549.90, 23.239999999997963
363725, 53147.2300,  3, 543.76, 26.330000000001746
363726, 53147.3400,  3, 515.26, 26.450000000004366
363734, 53148.1900,  3, 516.07, 27.239999999997963
363776, 53152.6900,  3, 594.06, 31.779999999998836
363880, 53177.9400,  1, 52.02, 11.029999999998836
363880, 53177.9400,  1, 92.83, 11.029999999998836
363976, 53188.2300,  3, 459.09, 21.279999999998836
363987, 53189.4100,  3, 527.24, 22.439999999995052
363994, 53190.1600,  3, 526.86, 23.159999999996217
364015, 53192.4100,  3, 414.71, 25.419999999998254
364023, 53193.2700,  3, 564.59, 26.349999999998545
364029, 53193.9100,  3, 592.55, 26.889999999999418
364136, 53219.5500,  1, 62.03, 11.35000000000582
364136, 53219.5500,  1, 86.97, 11.35000000000582
364146, 53220.6200,  1, 61.33, 12.42000000000553
364247, 53231.4400,  3, 475.89, 23.200000000004366
364256, 53232.4100,  3, 495.84, 24.110000000000582
364284, 53235.4100,  3, 544.55, 27.19000000000233
364306, 53237.7700,  3, 498.53, 29.470000000001164
364307, 53237.8700,  3, 567.58, 29.650000000001455
364416, 53263.5900,  1, 44.28, 11.57999999999447
364416, 53263.5900,  1, 76.12, 11.57999999999447
364472, 53269.5900,  1, 20.64, 17.57999999999447
364493, 53271.8400,  3, 430.62, 19.739999999997963
364494, 53271.9400,  3, 396.31, 19.849999999998545
364501, 53272.6900,  3, 431.66, 20.610000000000582
364533, 53276.1200,  3, 370.13, 24.07999999999447
364546, 53277.5200,  3, 498.86, 25.400000000001455
364666, 53306.5500,  1, 29.08, 12.75
364666, 53306.5500,  1, 70.31, 12.75
364706, 53310.8400,  1, 98.67, 17.039999999993597
364769, 53317.5900,  3, 528.96, 23.7699999999968
364780, 53318.7700,  3, 493.86, 24.959999999999127
364781, 53318.8700,  3, 559.55, 24.969999999993888
364787, 53319.5200,  3, 485.70, 25.709999999999127
364924, 53334.1900,  3, 542.18, 40.31999999999971
365007, 53357.4100,  1, 19.61, 8.790000000000873
365007, 53357.4100,  1, 26.65, 8.790000000000873
365043, 53361.2700,  1, 22.34, 12.64999999999418
365043, 53361.2700,  1, 60.18, 12.64999999999418
365118, 53369.3000,  3, 508.38, 20.56999999999971
365182, 53376.1600,  3, 435.71, 27.439999999995052
365218, 53380.0200,  3, 588.76, 31.299999999995634
365235, 53381.8400,  3, 530.75, 33.12999999999738
365348, 53408.3000,  1, 101.21, 12.0
365348, 53408.3000,  1, 48.28, 12.0
365363, 53409.9100,  1, 96.96, 13.610000000000582
365363, 53409.9100,  1, 100.10, 13.610000000000582
365385, 53412.2700,  1, 126.74, 15.969999999993888
365418, 53415.8000,  3, 465.82, 19.419999999998254
365432, 53417.3000,  3, 410.97, 20.919999999998254
365493, 53423.8400,  3, 599.67, 27.50999999999476
365585, 53448.1200,  1, 35.39, 9.75
365585, 53448.1200,  1, 64.54, 9.75
365585, 53448.1200,  1, 6.86, 9.75
365595, 53449.1900,  1, 26.66, 10.819999999999709
365595, 53449.1900,  1, 70.39, 10.819999999999709
365650, 53455.0900,  1, 38.95, 16.719999999993888
365769, 53467.8400,  3, 450.41, 29.43000000000029
365961, 53488.4100,  2, 120.77,  50
366084, 53516.0500,  1, 64.43, 12.970000000001164
366084, 53516.0500,  1, 8.56, 12.970000000001164
366148, 53522.9100,  3, 437.36, 19.799999999995634
366175, 53525.8000,  3, 486.20, 22.650000000001455
366181, 53526.4400,  3, 491.06, 23.299999999995634
366187, 53527.0900,  3, 485.42, 23.959999999999127
366192, 53527.6200,  3, 503.74, 24.459999999999127
366218, 53530.4100,  3, 511.49, 27.25999999999476
366350, 53559.0500,  1, 167.73, 14.030000000006112
366392, 53563.5500,  3, 416.36, 18.520000000004075
366416, 53566.1200,  3, 497.11, 21.06999999999971
366417, 53566.2300,  3, 500.95, 21.17000000000553
366420, 53566.5500,  3, 474.94, 21.460000000006403
366495, 53574.5900,  3, 456.18, 29.470000000001164
366505, 53575.6600,  3, 456.55, 30.60000000000582
366523, 53577.5900,  3, 491.42, 32.49000000000524
366710, 53611.7700,  3, 496.38, 19.860000000000582
366760, 53617.1200,  3, 522.42, 25.2699999999968
366769, 53618.0900,  3, 510.42, 26.25
366783, 53619.5900,  3, 487.06, 27.7300000000032
366787, 53620.0200,  3, 568.97, 28.099999999998545
366789, 53620.2300,  3, 502.81, 28.37000000000262
366807, 53622.1600,  3, 532.41, 30.239999999997963
366812, 53622.6900,  3, 500.04, 30.790000000000873
366927, 53649.1900,  1, 81.21, 12.220000000001164
366927, 53649.1900,  1, 71.72, 12.220000000001164
366996, 53656.5900,  3, 447.27, 19.580000000001746
367029, 53660.1200,  3, 522.43, 23.139999999999418
367033, 53660.5500,  3, 515.93, 23.55999999999767
367054, 53662.8000,  3, 557.73, 25.729999999995925
367069, 53664.4100,  3, 432.52, 27.37999999999738
367278, 53686.8000,  3, 393.65, 49.75
367401, 53714.3400,  1, 22.80, 13.069999999999709
367448, 53719.3700,  3, 411.67, 18.020000000004075
367472, 53721.9400,  3, 463.95, 20.580000000001746
367489, 53723.7700,  3, 469.66, 22.450000000004366
367516, 53726.6600,  3, 447.12, 25.340000000003783
367538, 53729.0200,  3, 538.50, 27.720000000001164
367555, 53730.8400,  3, 500.39, 29.55000000000291
367569, 53732.3400,  3, 567.20, 30.960000000006403
367677, 53758.0900,  1, 43.66, 11.489999999997963
367681, 53758.5200,  1, 70.84, 11.919999999998254
367681, 53758.5200,  1, 71.86, 11.919999999998254
367763, 53767.3000,  3, 485.15, 20.639999999999418
367778, 53768.9100,  3, 453.22, 22.270000000004075
367838, 53775.3400,  3, 579.99, 28.650000000001455
367840, 53775.5500,  3, 530.02, 28.889999999999418
367850, 53776.6200,  3, 574.41, 29.94000000000233
367983, 53805.3000,  1, 37.92, 14.139999999999418
367983, 53805.3000,  1, 32.75, 14.139999999999418
367990, 53806.0500,  1, 99.05, 14.889999999999418
368055, 53813.0200,  3, 478.01, 21.789999999993597
368081, 53815.8000,  3, 491.42, 24.589999999996508
368084, 53816.1200,  3, 505.46, 24.929999999993015
368161, 53824.3700,  3, 563.82, 33.13999999999942
368180, 53826.4100,  3, 568.95, 35.19999999999709
368324, 53856.1900,  1, 105.17, 15.330000000001746
368324, 53856.1900,  1, 57.41, 15.330000000001746
368398, 53864.1200,  3, 488.48, 23.229999999995925
368403, 53864.6600,  3, 553.77, 23.739999999997963
368431, 53867.6600,  3, 442.15, 26.75
368437, 53868.3000,  3, 433.06, 27.389999999999418
368477, 53872.5900,  3, 502.53, 31.720000000001164
368506, 53875.6900,  3, 425.23, 34.7699999999968
368621, 53902.2300,  1, 101.54, 12.220000000001164
368621, 53902.2300,  1, 109.19, 12.220000000001164
368690, 53909.6200,  3, 438.41, 19.529999999998836
368732, 53914.1200,  3, 473.16, 24.06999999999971
368752, 53916.2700,  3, 520.62, 26.19999999999709
368756, 53916.6900,  3, 484.24, 26.650000000001455
368797, 53921.0900,  3, 553.16, 31.0
368809, 53922.3700,  3, 529.60, 32.2699999999968
369007, 53957.9800,  3, 519.36, 21.029999999998836
369017, 53959.0500,  3, 444.50, 22.099999999998545
369034, 53960.8700,  3, 487.81, 23.93000000000029
369042, 53961.7300,  3, 547.43, 24.830000000001746
369045, 53962.0500,  3, 592.19, 25.110000000000582
369055, 53963.1200,  3, 589.96, 26.239999999997963
369062, 53963.8700,  3, 440.31, 27.010000000002037
369087, 53966.5500,  3, 468.70, 29.68000000000029
369230, 53996.0900,  1, 96.66, 15.209999999999127
369314, 54005.0900,  3, 467.48, 24.200000000004366
369314, 54005.0900,  3, 467.44, 24.110000000000582
369324, 54006.1600,  3, 478.95, 25.200000000004366
369331, 54006.9100,  3, 409.99, 25.99000000000524
369352, 54009.1600,  3, 509.57, 28.25
369371, 54011.1900,  3, 434.89, 30.25
369430, 54017.5200,  3, 618.42, 36.60000000000582
369641, 54054.4100,  3, 497.54, 22.470000000001164
369650, 54055.3700,  3, 518.93, 23.37999999999738
369656, 54056.0200,  3, 496.40, 24.06999999999971
369656, 54056.0200,  3, 541.21, 24.06999999999971
369659, 54056.3400,  3, 440.26, 24.349999999998545
369676, 54058.1600,  3, 466.90, 26.159999999996217
369685, 54059.1200,  3, 532.92, 27.139999999999418
369860, 54077.8700,  3, 492.40, 45.87999999999738
369957, 54102.3000,  1, 80.60, 10.30000000000291
369957, 54102.3000,  1, 75.73, 10.30000000000291
370062, 54113.5500,  3, 456.61, 21.5
370064, 54113.7700,  3, 355.91, 21.709999999999127
370071, 54114.5200,  3, 539.87, 22.4800000000032
370078, 54115.2700,  3, 428.41, 23.160000000003492
370085, 54116.0200,  3, 534.45, 23.93000000000029
370116, 54119.3400,  3, 464.67, 27.290000000000873
370250, 54149.0200,  1, 75.48, 14.259999999994761
370250, 54149.0200,  1, 77.59, 14.259999999994761
370308, 54155.2300,  3, 381.44, 20.409999999996217
370322, 54156.7300,  3, 513.63, 21.93000000000029
370333, 54157.9100,  3, 480.01, 23.119999999995343
370336, 54158.2300,  3, 434.78, 23.43000000000029
370338, 54158.4400,  3, 543.72, 23.619999999995343
370550, 54181.1600,  3, 449.75, 46.29000000000087
370657, 54206.7300,  1, 69.26, 11.37000000000262
370657, 54206.7300,  1, 54.79, 11.37000000000262
370740, 54215.6200,  3, 489.39, 20.19999999999709
370743, 54215.9400,  3, 472.59, 20.479999999995925
370749, 54216.5900,  3, 499.98, 21.19999999999709
370800, 54222.0500,  3, 578.59, 26.639999999999418
370804, 54222.4800,  3, 470.08, 27.05999999999767
370808, 54222.9100,  3, 454.13, 27.5199999999968
371007, 54258.5200,  3, 504.08, 21.18000000000029
371024, 54260.3400,  3, 519.50, 23.00999999999476
371028, 54260.7700,  3, 527.78, 23.43000000000029
371033, 54261.3000,  3, 450.78, 23.889999999999418
371070, 54265.2700,  3, 499.31, 27.909999999996217
371084, 54266.7700,  3, 627.66, 29.459999999999127
371093, 54267.7300,  3, 514.13, 30.349999999998545
371101, 54268.5900,  3, 540.09, 31.239999999997963
371239, 54297.5900,  1, 83.72, 14.689999999995052
371239, 54297.5900,  1, 132.05, 14.689999999995052
371288, 54302.8400,  1, 193.30, 19.939999999995052
371288, 54302.8400,  1, 209.02, 19.939999999995052
371289, 54302.9400,  3, 453.91, 20.0199999999968
371329, 54307.2300,  3, 479.56, 24.260000000002037
371356, 54310.1200,  3, 456.53, 27.19999999999709
371400, 54314.8400,  3, 487.12, 31.839999999996508
371509, 54340.8000,  1, 56.60, 11.590000000003783
371509, 54340.8000,  1, 60.81, 11.590000000003783
371573, 54347.6600,  1, 269.70, 18.450000000004366
371573, 54347.6600,  1, 171.89, 18.450000000004366
371640, 54354.8400,  3, 473.58, 25.580000000001746
371645, 54355.3700,  3, 515.35, 26.139999999999418
371654, 54356.3400,  3, 411.26, 27.080000000001746
371867, 54379.1600,  1, 126.17, 49.950000000004366
371971, 54405.5200,  1, 44.16, 11.049999999995634
371971, 54405.5200,  1, 96.00, 11.049999999995634
372070, 54416.1200,  3, 434.67, 21.549999999995634
372074, 54416.5500,  3, 463.60, 22.06999999999971
372075, 54416.6600,  3, 461.17, 22.12999999999738
372076, 54416.7700,  3, 428.26, 22.279999999998836
372094, 54418.6900,  3, 573.10, 24.12999999999738
372096, 54418.9100,  3, 418.93, 24.409999999996217
372217, 54446.0500,  1, 131.63, 12.880000000004657
372217, 54446.0500,  1, 19.87, 12.880000000004657
372277, 54452.4800,  3, 444.07, 19.290000000000873
372291, 54453.9800,  3, 428.10, 20.770000000004075
372319, 54456.9800,  3, 522.27, 23.7300000000032
372346, 54459.8700,  3, 526.72, 26.639999999999418
372366, 54462.0200,  3, 531.98, 28.75
372370, 54462.4400,  3, 639.19, 29.18000000000029
372494, 54490.2700,  1, 1.33, 13.189999999995052
372575, 54498.9400,  3, 476.88, 21.81999999999971
372586, 54500.1200,  3, 522.85, 23.029999999998836
372602, 54501.8400,  3, 518.47, 24.709999999999127
372605, 54502.1600,  3, 395.19, 25.0
372637, 54505.5900,  3, 488.58, 28.400000000001455
372660, 54508.0500,  3, 606.53, 30.900000000001455
372730, 54515.5500,  3, 591.45, 38.36999999999534
372831, 54540.5200,  1, 23.31, 10.719999999993888
372831, 54540.5200,  1, 85.48, 10.719999999993888
372880, 54545.7700,  1, 176.33, 15.969999999993888
372880, 54545.7700,  1, 149.78, 15.969999999993888
372910, 54548.9800,  1, -98.69, 19.18000000000029
372962, 54554.5500,  3, 494.28, 24.719999999993888
372978, 54556.2700,  3, 550.91, 26.409999999996217
372984, 54556.9100,  3, 652.08, 27.049999999995634
373180, 54592.1900,  3, 495.50, 20.839999999996508
373186, 54592.8400,  3, 523.12, 21.439999999995052
373214, 54595.8400,  3, 467.85, 24.5
373220, 54596.4800,  3, 607.64, 25.07999999999447
373241, 54598.7300,  3, 561.11, 27.31999999999971
373241, 54598.7300,  3, 416.56, 27.349999999998545
373251, 54599.8000,  3, 468.50, 28.489999999997963
373273, 54602.1600,  3, 501.96, 30.839999999996508
373389, 54628.8400,  1, 65.66, 12.319999999999709
373389, 54628.8400,  1, 87.54, 12.319999999999709
373483, 54638.9100,  3, 524.18, 22.380000000004657
373494, 54640.0900,  3, 545.85, 23.540000000000873
373500, 54640.7300,  3, 494.30, 24.160000000003492
373508, 54641.5900,  3, 536.75, 24.9800000000032
373520, 54642.8700,  3, 517.35, 26.260000000002037
373533, 54644.2700,  3, 510.00, 27.660000000003492
373715, 54679.1900,  3, 449.30, 19.330000000001746
373748, 54682.7300,  3, 463.38, 22.830000000001746
373758, 54683.8000,  3, 534.80, 23.92000000000553
373759, 54683.9100,  3, 578.84, 24.010000000002037
373773, 54685.4100,  3, 523.63, 25.540000000000873
373785, 54686.6900,  3, 537.99, 26.790000000000873
373787, 54686.9100,  3, 477.92, 27.090000000003783
373810, 54689.3700,  3, 484.74, 29.4800000000032
373888, 54711.8700,  1, -24.74, 8.260000000002037
373888, 54711.8700,  1, 27.88, 8.260000000002037
373967, 54720.3400,  1, 225.61, 16.729999999995925
373967, 54720.3400,  1, 62.29, 16.729999999995925
373985, 54722.2700,  3, 466.54, 18.62000000000262
374016, 54725.5900,  3, 516.99, 21.889999999999418
374024, 54726.4400,  3, 532.42, 22.80999999999767
374050, 54729.2300,  3, 424.38, 25.55000000000291
374163, 54755.8700,  1, 110.02, 12.010000000002037
374163, 54755.8700,  1, 58.19, 12.010000000002037
374262, 54766.4800,  3, 495.43, 22.529999999998836
374279, 54768.3000,  3, 548.74, 24.389999999999418
374285, 54768.9400,  3, 483.96, 25.029999999998836
374299, 54770.4400,  3, 480.02, 26.479999999995925
374322, 54772.9100,  3, 492.35, 28.959999999999127
374323, 54773.0200,  3, 500.53, 29.080000000001746
374419, 54797.8700,  1, 16.77, 10.200000000004366
374419, 54797.8700,  1, -16.42, 10.200000000004366
374436, 54799.6900,  1, 27.45, 12.020000000004075
374436, 54799.6900,  1, 120.81, 12.020000000004075
374521, 54808.8000,  3, 451.35, 21.060000000004948
374539, 54810.7300,  3, 373.01, 23.0
374564, 54813.4100,  3, 576.59, 25.639999999999418
374571, 54814.1600,  3, 536.99, 26.43000000000029
374672, 54839.1600,  1, 89.61, 10.740000000005239
374672, 54839.1600,  1, 49.68, 10.740000000005239
374691, 54841.1900,  1, -55.02, 12.770000000004075
374691, 54841.1900,  1, 59.74, 12.770000000004075
374701, 54842.2700,  1, 98.23, 13.849999999998545
374767, 54849.3400,  1, 111.72, 20.919999999998254
374773, 54849.9800,  3, 420.52, 21.49000000000524
374851, 54858.3400,  3, 552.57, 29.910000000003492
374996, 54888.2700,  1, -59.48, 15.430000000000291
