   180, 45.4500,  1, -596.04, 19.370000000000005
   266, 54.6700,  1, -624.69, 28.590000000000003
   273, 55.4200,  1, -587.36, 29.340000000000003
   331, 61.6300,  1, -694.40, 35.550000000000004
   545, 84.9800,  1, -725.98, 58.900000000000006
   575, 88.2600,  1, -657.28, 62.18000000000001
   921, 126.1100,  2, -223.16, 100
   921, 126.1100,  2, -303.69, 100
  1013, 150.8300,  1, -497.17, 9.840000000000003
  1145, 165.2700,  1, -581.15, 24.28
  1166, 167.5700,  1, -564.08, 26.579999999999984
  1166, 167.5700,  1, -654.84, 26.579999999999984
  1332, 185.7200,  1, -740.46, 44.72999999999999
  1526, 206.9400,  1, -595.86, 65.94999999999999
  1838, 241.0700,  2, -367.93, 100
  1838, 241.0700,  2, -328.34, 100
  1986, 271.3100,  1, -621.52, 15.20999999999998
  2042, 277.1500,  1, -529.15, 21.049999999999955
  2057, 278.7100,  1, -575.13, 22.609999999999957
  2174, 290.9000,  1, -620.50, 34.799999999999955
  2234, 297.1500,  1, -722.06, 41.049999999999955
  2304, 304.4300,  1, -747.66, 48.329999999999984
  2348, 309.0200,  1, -768.06, 52.91999999999996
  2466, 321.3100,  1, -683.42, 65.20999999999998
  2762, 367.9300,  1, -666.88, 30.629999999999995
  2879, 380.1200,  1, -766.68, 42.81999999999999
  3144, 407.7200,  1, -713.46, 70.42000000000002
  3204, 413.9700,  1, -783.19, 76.67000000000002
  3213, 414.9100,  1, -796.93, 77.61000000000001
  3223, 415.9600,  1, -807.53, 78.65999999999997
  3428, 437.3100,  2, -280.19, 100
  3428, 437.3100,  2, -260.03, 100
  3578, 468.5000,  1, -596.03, 15.410000000000025
  3712, 482.4600,  1, -599.29, 29.370000000000005
  4001, 512.5500,  1, -655.74, 59.45999999999998
  4038, 516.3500,  1, -744.32, 63.26000000000005
  4257, 538.9000,  1, -765.99, 85.81
  4383, 551.8600,  1, -832.76, 98.77000000000004
  4395, 553.1000,  2, -349.22, 100
  4395, 553.1000,  2, -308.03, 100
  4534, 582.2600,  1, -529.41, 14.090000000000032
  4664, 595.6500,  1, -650.84, 27.480000000000018
  4779, 607.4800,  1, -590.09, 39.31000000000006
  4823, 612.0100,  1, -750.13, 43.84000000000003
  4863, 616.1300,  1, -684.81, 47.960000000000036
  5369, 668.2100,  2, -353.15, 100
  5369, 668.2100,  2, -358.05, 100
  5369, 668.2100,  2, -268.69, 100
  5533, 699.6600,  1, -561.47, 16.66999999999996
  5644, 711.0800,  1, -677.19, 28.090000000000032
  5705, 717.3600,  1, -587.18, 34.370000000000005
  5725, 719.4300,  1, -647.84, 36.43999999999994
  5757, 722.7100,  1, -676.14, 39.72000000000003
  5816, 728.8000,  1, -596.05, 45.809999999999945
  5874, 734.7600,  1, -642.99, 51.76999999999998
  6234, 771.8200,  1, -886.90, 88.83000000000004
  6269, 790.1100,  1, -514.30, 3.490000000000009
  6307, 794.0300,  1, -561.00, 7.409999999999968
  6408, 804.4300,  1, -502.38, 17.809999999999945
  6521, 816.0600,  1, -612.67, 29.43999999999994
  6740, 838.6000,  1, -741.19, 51.98000000000002
  6760, 840.6600,  1, -640.37, 54.039999999999964
  7207, 886.6800,  2, -257.61, 100
  7207, 886.6800,  2, -370.38, 100
  7446, 926.0000,  1, -602.40, 24.399999999999977
  7544, 936.0800,  1, -623.40, 34.48000000000002
  7574, 939.1800,  1, -686.91, 37.57999999999993
  7598, 941.6500,  1, -712.80, 40.049999999999955
  7784, 960.8000,  1, -634.96, 59.19999999999993
  8181, 1001.6600,  2, -370.69, 100
  8181, 1001.6600,  2, -354.62, 100
  8181, 1001.6600,  2, -325.22, 100
  8342, 1033.8100,  1, -603.86, 16.729999999999905
  8574, 1058.6600,  1, -682.22, 41.58000000000004
  8585, 1059.8500,  1, -576.30, 42.76999999999987
  8959, 1099.9100,  1, -735.31, 82.83000000000004
  9077, 1112.5600,  1, -808.17, 95.4799999999999
  9120, 1117.1600,  2, -282.32, 100
  9120, 1117.1600,  2, -285.17, 100
  9120, 1117.1600,  2, -254.78, 100
  9559, 1178.6000,  1, -748.23, 46.82999999999993
  9775, 1201.7400,  1, -697.44, 69.97000000000003
 10038, 1229.9100,  1, -883.55, 98.1400000000001
 10056, 1231.8500,  2, -344.68, 100
 10056, 1231.8500,  2, -281.48, 100
 10056, 1231.8500,  2, -381.47, 100
 10056, 1231.8500,  2, -344.64, 100
 10056, 1231.8500,  2, -369.77, 100
 10927, 1339.6000,  1, -901.48, 93.08999999999992
 10965, 1343.6600,  1, -790.78, 97.15000000000009
 10992, 1346.5600,  2, -385.95, 100
 10992, 1346.5600,  2, -277.00, 100
 10992, 1346.5600,  2, -393.76, 100
 10992, 1346.5600,  2, -134.48, 100
 10992, 1346.5600,  2, -399.23, 100
 10992, 1346.5600,  2, -315.18, 100
 11221, 1385.6600,  1, -594.95, 24.29000000000019
 11259, 1389.7400,  1, -672.44, 28.37000000000012
 11336, 1397.9900,  1, -666.31, 36.62000000000012
 11640, 1430.5600,  1, -760.63, 69.19000000000005
 11700, 1436.9900,  1, -796.25, 75.62000000000012
 11804, 1448.1300,  1, -870.18, 86.76000000000022
 11928, 1461.4100,  2, -329.96, 100
 11928, 1461.4100,  2, -383.22, 100
 12320, 1517.9500,  1, -718.74, 41.75999999999999
 12396, 1526.1000,  1, -786.02, 49.909999999999854
 12483, 1535.4100,  1, -739.44, 59.22000000000003
 12697, 1558.3500,  1, -745.29, 82.15999999999985
 12714, 1560.1600,  1, -863.48, 83.97000000000003
 12864, 1576.2400,  2, -353.20, 100
 12864, 1576.2400,  2, -147.09, 100
 12864, 1576.2400,  2, -339.31, 100
 12951, 1600.1000,  1, -572.63, 9.099999999999909
 13055, 1611.2400,  1, -629.86, 20.24000000000001
 13147, 1621.1000,  1, -591.53, 30.09999999999991
 13290, 1636.4100,  1, -621.95, 45.41000000000008
 13476, 1656.3500,  1, -808.87, 65.34999999999991
 13504, 1659.3500,  1, -713.26, 68.34999999999991
 13800, 1691.0600,  2, -264.25, 100
 13800, 1691.0600,  2, -184.19, 100
 13888, 1714.8800,  1, -530.19, 9.210000000000036
 14170, 1745.1000,  1, -601.26, 39.429999999999836
 14201, 1748.4100,  1, -692.65, 42.74000000000001
 14221, 1750.5600,  1, -723.48, 44.88999999999987
 14450, 1775.1000,  1, -854.95, 69.42999999999984
 14565, 1787.4100,  1, -696.79, 81.74000000000001
 14613, 1792.5600,  1, -864.35, 86.88999999999987
 14736, 1805.7400,  2, -388.27, 100
 14924, 1841.4100,  1, -633.17, 19.910000000000082
 15047, 1854.6000,  1, -678.75, 33.09999999999991
 15070, 1857.0600,  1, -682.64, 35.559999999999945
 15185, 1869.3800,  1, -700.64, 47.88000000000011
 15299, 1881.6000,  1, -778.14, 60.09999999999991
 15348, 1886.8500,  1, -752.42, 65.34999999999991
 15672, 1921.5600,  2, -307.74, 100
 15672, 1921.5600,  2, -357.71, 100
 16256, 1998.6300,  1, -634.25, 62.36000000000013
 16390, 2012.9900,  1, -652.70, 76.72000000000003
 16446, 2018.9900,  1, -817.05, 82.72000000000003
 16452, 2019.6300,  1, -818.93, 83.36000000000013
 16608, 2036.3500,  2, -200.21, 100
 16608, 2036.3500,  2, -392.31, 100
 16608, 2036.3500,  2, -308.36, 100
 16608, 2036.3500,  2, -329.50, 100
 16751, 2066.2800,  1, -547.89, 15.110000000000127
 16818, 2073.4700,  1, -572.52, 22.299999999999727
 17038, 2097.0300,  1, -701.70, 45.86000000000013
 17153, 2109.3600,  1, -752.36, 58.190000000000055
 17412, 2137.1100,  1, -812.57, 85.94000000000005
 17478, 2144.1800,  1, -818.84, 93.00999999999976
 17544, 2151.2500,  2, -266.86, 100
 17544, 2151.2500,  2, -371.06, 100
 17614, 2174.1200,  1, -506.95, 7.279999999999745
 17677, 2180.8700,  1, -533.20, 14.029999999999745
 17897, 2204.4500,  1, -673.87, 37.60999999999967
 18117, 2228.0100,  1, -775.14, 61.17000000000007
 18222, 2239.2600,  1, -760.64, 72.42000000000007
 18290, 2246.5500,  1, -720.51, 79.71000000000004
 18462, 2264.9800,  1, -793.64, 98.13999999999987
 18480, 2266.9100,  2, -156.93, 100
 18827, 2318.8200,  1, -700.51, 36.960000000000036
 19159, 2354.3900,  1, -815.67, 72.52999999999975
 19379, 2377.9700,  1, -748.99, 96.10999999999967
 19416, 2381.9300,  2, -364.78, 100
 19416, 2381.9300,  2, -342.00, 100
 19416, 2381.9300,  2, -282.00, 100
 19416, 2381.9300,  2, -262.54, 100
 19416, 2381.9300,  2, -375.67, 100
 19922, 2450.8000,  1, -774.65, 54.0
 19932, 2451.8700,  1, -689.51, 55.06999999999971
 20047, 2464.2000,  1, -801.90, 67.39999999999964
 20238, 2484.6600,  1, -895.20, 87.85999999999967
 20352, 2496.8700,  2, -401.18, 100
 20352, 2496.8700,  2, -338.26, 100
 20352, 2496.8700,  2, -275.12, 100
 20352, 2496.8700,  2, -382.57, 100
 20457, 2522.7300,  1, -528.23, 11.0300000000002
 20542, 2531.8400,  1, -619.92, 20.140000000000327
 20612, 2539.3400,  1, -676.80, 27.640000000000327
 21012, 2582.2000,  1, -844.75, 70.5
 21174, 2599.5500,  1, -764.82, 87.85000000000036
 21288, 2611.7600,  2, -379.23, 100
 21288, 2611.7600,  2, -235.21, 100
 21288, 2611.7600,  2, -357.21, 100
 21527, 2651.9800,  1, -610.65, 25.389999999999873
 21977, 2700.2000,  1, -810.39, 73.60999999999967
 22053, 2708.3400,  1, -700.77, 81.75
 22196, 2723.6600,  1, -757.98, 97.06999999999971
 22224, 2726.6600,  2, -266.53, 100
 22224, 2726.6600,  2, -320.35, 100
 22224, 2726.6600,  2, -378.38, 100
 22224, 2726.6600,  2, -379.91, 100
 22407, 2760.6800,  1, -625.86, 19.399999999999636
 22757, 2798.1800,  1, -650.62, 56.899999999999636
 22765, 2799.0300,  1, -729.54, 57.75
 22836, 2806.6400,  1, -819.22, 65.35999999999967
 22989, 2823.0300,  1, -846.30, 81.75
 23056, 2830.2200,  1, -792.38, 88.9399999999996
 23160, 2841.3600,  2, -179.32, 100
 23160, 2841.3600,  2, -494.13, 100
 23500, 2893.2600,  1, -687.94, 36.210000000000036
 23753, 2920.3700,  1, -809.22, 63.31999999999971
 23858, 2931.6200,  1, -781.73, 74.56999999999971
 24096, 2957.1200,  2, -360.24, 100
 24096, 2957.1200,  2, -188.01, 100
 24096, 2957.1200,  2, -250.59, 100
 24096, 2957.1200,  2, -286.74, 100
 24096, 2957.1200,  2, -284.20, 100
 24884, 3056.2000,  1, -721.87, 84.2199999999998
 25032, 3072.0500,  2, -391.31, 100
 25032, 3072.0500,  2, -398.95, 100
 25032, 3072.0500,  2, -333.44, 100
 25032, 3072.0500,  2, -228.07, 100
 25032, 3072.0500,  2, -415.78, 100
 25032, 3072.0500,  2, -358.20, 100
 25032, 3072.0500,  2, -386.43, 100
 25816, 3170.3700,  1, -818.70, 83.78999999999996
 25968, 3186.6600,  2, -254.75, 100
 25968, 3186.6600,  2, -143.96, 100
 25968, 3186.6600,  2, -429.43, 100
 25968, 3186.6600,  2, -356.79, 100
 25968, 3186.6600,  2, -275.30, 100
 25968, 3186.6600,  2, -318.80, 100
 25968, 3186.6600,  2, -356.24, 100
 26904, 3301.3700,  2, -331.78, 100
 26904, 3301.3700,  2, -282.33, 100
 26904, 3301.3700,  2, -386.32, 100
 26904, 3301.3700,  2, -313.28, 100
 26904, 3301.3700,  2, -246.87, 100
 26904, 3301.3700,  2, -387.89, 100
 26904, 3301.3700,  2, -310.40, 100
 26904, 3301.3700,  2, -260.88, 100
 27525, 3382.3000,  1, -670.21, 66.3100000000004
 27602, 3390.5500,  1, -793.89, 74.5600000000004
 27802, 3411.9800,  1, -827.20, 95.99000000000024
 27823, 3414.2300,  1, -889.80, 98.24000000000024
 27840, 3416.0500,  2, -212.34, 100
 27840, 3416.0500,  2, -336.54, 100
 27840, 3416.0500,  2, -325.85, 100
 27840, 3416.0500,  2, -325.03, 100
 28423, 3493.0100,  1, -766.95, 62.25
 28519, 3503.3000,  1, -785.14, 72.53999999999996
 28605, 3512.5100,  1, -834.51, 81.75
 28776, 3530.8400,  2, -323.60, 100
 28776, 3530.8400,  2, -312.01, 100
 28776, 3530.8400,  2, -256.41, 100
 28776, 3530.8400,  2, -307.51, 100
 28776, 3530.8400,  2, -268.18, 100
 29637, 3637.4500,  1, -718.85, 92.04999999999973
 29712, 3645.4800,  2, -212.66, 100
 29712, 3645.4800,  2, -303.51, 100
 29712, 3645.4800,  2, -339.11, 100
 29712, 3645.4800,  2, -347.32, 100
 29712, 3645.4800,  2, -241.05, 100
 29712, 3645.4800,  2, -316.88, 100
 29712, 3645.4800,  2, -302.34, 100
 30222, 3714.4500,  1, -636.18, 54.429999999999836
 30648, 3760.0900,  2, -348.08, 100
 30648, 3760.0900,  2, -347.87, 100
 30648, 3760.0900,  2, -253.65, 100
 30648, 3760.0900,  2, -318.47, 100
 30648, 3760.0900,  2, -268.21, 100
 30648, 3760.0900,  2, -267.54, 100
 30648, 3760.0900,  2, -394.69, 100
 31584, 3874.9800,  2, -290.65, 100
 31584, 3874.9800,  2, -396.54, 100
 31584, 3874.9800,  2, -384.47, 100
 31584, 3874.9800,  2, -372.05, 100
 31584, 3874.9800,  2, -238.65, 100
 31584, 3874.9800,  2, -205.78, 100
 31584, 3874.9800,  2, -351.38, 100
 31584, 3874.9800,  2, -360.09, 100
 32520, 3989.7300,  2, -349.07, 100
 32520, 3989.7300,  2, -356.75, 100
 32520, 3989.7300,  2, -324.70, 100
 32520, 3989.7300,  2, -327.80, 100
 32520, 3989.7300,  2, -225.52, 100
 32520, 3989.7300,  2, -346.00, 100
 32520, 3989.7300,  2, -371.88, 100
 32520, 3989.7300,  2, -348.21, 100
 33457, 4104.5400,  2, -309.18, 100
 33457, 4104.5400,  2, -202.63, 100
 33457, 4104.5400,  2, -332.91, 100
 33457, 4104.5400,  2, -329.48, 100
 33457, 4104.5400,  2, -309.61, 100
 33457, 4104.5400,  2, -247.23, 100
 33457, 4104.5400,  2, -263.00, 100
 33457, 4104.5400,  2, -273.87, 100
 34409, 4219.1800,  2, -326.17, 100
 34409, 4219.1800,  2, -187.32, 100
 34409, 4219.1800,  2, -310.59, 100
 34409, 4219.1800,  2, -353.45, 100
 34409, 4219.1800,  2, -327.79, 100
 34409, 4219.1800,  2, -274.35, 100
 34409, 4219.1800,  2, -330.52, 100
 34409, 4219.1800,  2, -290.06, 100
 35361, 4333.9100,  2, -265.34, 100
 35361, 4333.9100,  2, -157.86, 100
 35361, 4333.9100,  2, -362.62, 100
 35361, 4333.9100,  2, -304.98, 100
 35361, 4333.9100,  2, -297.43, 100
 35361, 4333.9100,  2, -333.39, 100
 35361, 4333.9100,  2, -304.34, 100
 35361, 4333.9100,  2, -356.45, 100
 36314, 4448.9600,  2, -332.14, 100
 36314, 4448.9600,  2, -319.16, 100
 36314, 4448.9600,  2, -259.90, 100
 36314, 4448.9600,  2, -244.05, 100
 36314, 4448.9600,  2, -354.86, 100
 36314, 4448.9600,  2, -326.88, 100
 36314, 4448.9600,  2, -305.59, 100
 36314, 4448.9600,  2, -301.86, 100
 36878, 4522.7600,  1, -602.35, 59.150000000000546
 37267, 4563.7100,  2, -303.74, 100
 37267, 4563.7100,  2, -324.19, 100
 37267, 4563.7100,  2, -324.70, 100
 37267, 4563.7100,  2, -387.51, 100
 37267, 4563.7100,  2, -331.91, 100
 37267, 4563.7100,  2, -294.07, 100
 37267, 4563.7100,  2, -397.07, 100
 37927, 4647.8100,  1, -687.51, 69.26000000000022
 38219, 4678.5500,  2, -387.53, 100
 38219, 4678.5500,  2, -323.95, 100
 38219, 4678.5500,  2, -331.91, 100
 38219, 4678.5500,  2, -306.26, 100
 38219, 4678.5500,  2, -409.34, 100
 38219, 4678.5500,  2, -358.09, 100
 38219, 4678.5500,  2, -417.25, 100
 39171, 4793.4700,  2, -211.58, 100
 39171, 4793.4700,  2, -386.09, 100
 39171, 4793.4700,  2, -324.25, 100
 39171, 4793.4700,  2, -350.47, 100
 39171, 4793.4700,  2, -328.45, 100
 39171, 4793.4700,  2, -344.32, 100
 39171, 4793.4700,  2, -392.50, 100
 39171, 4793.4700,  2, -317.60, 100
 39542, 4846.8100,  1, -642.68, 38.83000000000084
 40124, 4908.0800,  2, -377.35, 100
 40124, 4908.0800,  2, -295.69, 100
 40124, 4908.0800,  2, -341.49, 100
 40124, 4908.0800,  2, -385.92, 100
 40124, 4908.0800,  2, -399.58, 100
 40124, 4908.0800,  2, -262.68, 100
 40124, 4908.0800,  2, -256.95, 100
 41076, 5022.9100,  2, -206.30, 100
 41076, 5022.9100,  2, -307.65, 100
 41076, 5022.9100,  2, -338.80, 100
 41076, 5022.9100,  2, -281.70, 100
 41076, 5022.9100,  2, -381.17, 100
 41076, 5022.9100,  2, -388.93, 100
 41076, 5022.9100,  2, -279.65, 100
 41076, 5022.9100,  2, -413.31, 100
 41806, 5114.4100,  1, -695.92, 76.63000000000011
 42029, 5137.8800,  2, -376.24, 100
 42029, 5137.8800,  2, -366.31, 100
 42029, 5137.8800,  2, -344.33, 100
 42029, 5137.8800,  2, -301.07, 100
 42029, 5137.8800,  2, -375.07, 100
 42029, 5137.8800,  2, -287.53, 100
 42029, 5137.8800,  2, -391.47, 100
 42308, 5181.9300,  1, -553.54, 29.159999999999854
 42981, 5252.7700,  2, -371.61, 100
 42981, 5252.7700,  2, -382.78, 100
 42981, 5252.7700,  2, -399.11, 100
 42981, 5252.7700,  2, -363.64, 100
 42981, 5252.7700,  2, -276.52, 100
 42981, 5252.7700,  2, -297.10, 100
 42981, 5252.7700,  2, -377.70, 100
 43331, 5304.0400,  1, -697.69, 36.63000000000011
 43838, 5357.4100,  1, -694.80, 90.0
 43887, 5362.5600,  1, -868.95, 95.15000000000055
 43933, 5367.4100,  2, -287.50, 100
 43933, 5367.4100,  2, -341.92, 100
 43933, 5367.4100,  2, -341.91, 100
 43933, 5367.4100,  2, -328.96, 100
 43933, 5367.4100,  2, -355.49, 100
 44093, 5399.6600,  1, -563.34, 16.63000000000011
 44147, 5405.3400,  1, -574.25, 22.3100000000004
 44604, 5453.4500,  1, -808.68, 70.42000000000007
 44644, 5457.6600,  1, -817.40, 74.63000000000011
 44702, 5463.7600,  1, -724.43, 80.73000000000047
 44867, 5481.1300,  1, -900.86, 98.10000000000036
 44886, 5483.1300,  2, -345.41, 100
 44886, 5483.1300,  2, -432.03, 100
 45303, 5541.5900,  1, -603.57, 43.68000000000029
 45405, 5552.3300,  1, -664.65, 54.42000000000007
 45557, 5568.3300,  1, -721.69, 70.42000000000007
 45723, 5585.8000,  1, -864.08, 87.89000000000033
 45838, 5597.9100,  2, -316.43, 100
 45838, 5597.9100,  2, -363.77, 100
 45838, 5597.9100,  2, -208.19, 100
 45838, 5597.9100,  2, -256.71, 100
 46460, 5678.0600,  1, -786.41, 65.26000000000022
 46733, 5706.8000,  1, -792.92, 94.0
 46790, 5712.8000,  2, -337.50, 100
 46790, 5712.8000,  2, -328.07, 100
 46790, 5712.8000,  2, -365.99, 100
 46790, 5712.8000,  2, -270.23, 100
 46790, 5712.8000,  2, -201.17, 100
 46790, 5712.8000,  2, -379.36, 100
 47028, 5752.3700,  1, -558.10, 24.849999999999454
 47081, 5757.9500,  1, -626.78, 30.42999999999938
 47420, 5793.6300,  1, -738.80, 66.10999999999967
 47438, 5795.5200,  1, -651.66, 68.0
 47727, 5825.9500,  1, -808.19, 98.42999999999938
 47742, 5827.5200,  2, -333.92, 100
 47742, 5827.5200,  2, -379.61, 100
 47742, 5827.5200,  2, -409.51, 100
 47882, 5856.9200,  1, -489.92, 14.520000000000437
 48348, 5905.9700,  1, -675.91, 63.57000000000062
 48394, 5910.8100,  1, -781.21, 68.41000000000076
 48695, 5942.5000,  2, -336.13, 100
 48695, 5942.5000,  2, -343.11, 100
 48695, 5942.5000,  2, -357.82, 100
 48695, 5942.5000,  2, -193.59, 100
 48695, 5942.5000,  2, -301.77, 100
 48898, 5978.3500,  1, -559.90, 21.150000000000546
 48972, 5986.1400,  1, -652.78, 28.94000000000051
 49590, 6051.2000,  1, -862.66, 94.0
 49647, 6057.2000,  2, -175.49, 100
 49647, 6057.2000,  2, -341.28, 100
 49647, 6057.2000,  2, -322.60, 100
 49647, 6057.2000,  2, -287.23, 100
 49647, 6057.2000,  2, -339.93, 100
 49779, 6085.5000,  1, -582.05, 13.6899999999996
 49929, 6101.2900,  1, -579.30, 29.479999999999563
 50055, 6114.5500,  1, -708.60, 42.73999999999978
 50065, 6115.6000,  1, -704.23, 43.789999999999964
 50234, 6133.3900,  1, -776.49, 61.57999999999993
 50289, 6139.1800,  1, -790.96, 67.36999999999989
 50599, 6171.8100,  2, -300.18, 100
 50599, 6171.8100,  2, -331.97, 100
 51098, 6239.7500,  1, -697.80, 52.31999999999971
 51397, 6271.2200,  1, -845.66, 83.78999999999996
 51551, 6287.4300,  2, -411.95, 100
 51551, 6287.4300,  2, -213.61, 100
 51551, 6287.4300,  2, -238.95, 100
 51551, 6287.4300,  2, -193.95, 100
 51551, 6287.4300,  2, -379.81, 100
 51551, 6287.4300,  2, -351.14, 100
 51882, 6337.7100,  1, -704.31, 34.63000000000011
 52447, 6397.1800,  1, -876.36, 94.10000000000036
 52503, 6403.0800,  2, -350.60, 100
 52503, 6403.0800,  2, -320.40, 100
 52503, 6403.0800,  2, -299.49, 100
 52503, 6403.0800,  2, -216.50, 100
 52503, 6403.0800,  2, -307.53, 100
 52503, 6403.0800,  2, -357.81, 100
 52770, 6445.9600,  1, -592.09, 27.899999999999636
 53073, 6477.8500,  1, -644.10, 59.789999999999964
 53232, 6494.5900,  1, -735.60, 76.52999999999975
 53275, 6499.1200,  1, -606.00, 81.05999999999949
 53379, 6510.0600,  1, -779.01, 92.0
 53455, 6518.0600,  2, -419.73, 100
 53455, 6518.0600,  2, -382.49, 100
 53455, 6518.0600,  2, -177.54, 100
 53549, 6542.3900,  1, -526.15, 9.680000000000291
 53618, 6549.6600,  1, -628.50, 16.949999999999818
 53760, 6564.6000,  1, -686.53, 31.890000000000327
 53771, 6565.7600,  1, -595.32, 33.05000000000018
 54116, 6602.0800,  1, -704.37, 69.36999999999989
 54153, 6605.9700,  1, -718.74, 73.26000000000022
 54382, 6630.0800,  1, -754.51, 97.36999999999989
 54407, 6632.7100,  2, -266.18, 100
 54613, 6669.1200,  1, -643.53, 21.470000000000255
 54825, 6691.4300,  1, -697.62, 43.780000000000655
 54860, 6695.1200,  1, -629.72, 47.470000000000255
 54970, 6706.7000,  1, -749.36, 59.05000000000018
 55029, 6712.9100,  1, -746.70, 65.26000000000022
 55080, 6718.2700,  1, -694.39, 70.6200000000008
 55351, 6746.8000,  1, -848.30, 99.15000000000055
 55360, 6747.7500,  2, -308.06, 100
 55611, 6788.8100,  1, -664.30, 26.210000000000036
 55797, 6808.3900,  1, -585.67, 45.789999999999964
 55817, 6810.5000,  1, -724.24, 47.899999999999636
 55836, 6812.5000,  1, -723.60, 49.899999999999636
 56312, 6862.6000,  2, -245.84, 100
 56312, 6862.6000,  2, -295.07, 100
 56312, 6862.6000,  2, -271.15, 100
 56312, 6862.6000,  2, -374.66, 100
 56520, 6899.0000,  1, -536.60, 21.68000000000029
 56557, 6902.8900,  1, -529.92, 25.57000000000062
 56707, 6918.6800,  1, -612.43, 41.36000000000058
 56749, 6923.1000,  1, -712.98, 45.780000000000655
 56837, 6932.3700,  1, -721.34, 55.05000000000018
 57072, 6957.1000,  1, -731.94, 79.78000000000065
 57265, 6977.4200,  2, -334.82, 100
 57265, 6977.4200,  2, -322.25, 100
 57406, 7006.8900,  1, -585.92, 14.63000000000011
 57442, 7010.6800,  1, -598.29, 18.420000000000073
 57548, 7021.8400,  1, -663.39, 29.579999999999927
 57715, 7039.4200,  1, -613.24, 47.159999999999854
 57719, 7039.8400,  1, -733.49, 47.57999999999993
 57732, 7041.2100,  1, -587.18, 48.94999999999982
 57781, 7046.3700,  1, -735.91, 54.10999999999967
 58217, 7092.2600,  2, -443.91, 100
 58406, 7127.3700,  1, -599.96, 19.68000000000029
 58508, 7138.1000,  1, -651.55, 30.410000000000764
 58518, 7139.1600,  1, -707.72, 31.470000000000255
 58547, 7142.2100,  1, -660.45, 34.52000000000044
 58679, 7156.1000,  1, -658.99, 48.410000000000764
 59054, 7195.5800,  1, -895.97, 87.89000000000033
 59170, 7207.7900,  2, -293.84, 100
 59170, 7207.7900,  2, -249.88, 100
 59295, 7235.3400,  1, -546.48, 12.949999999999818
 59404, 7246.8100,  1, -588.70, 24.420000000000073
 59480, 7254.8100,  1, -715.50, 32.42000000000007
 59585, 7265.8700,  1, -599.84, 43.47999999999956
 59715, 7279.5500,  1, -809.03, 57.159999999999854
 59845, 7293.2400,  1, -658.70, 70.84999999999945
 60004, 7309.9700,  1, -764.15, 87.57999999999993
 60075, 7317.4500,  1, -880.77, 95.05999999999949
 60305, 7357.2100,  1, -583.83, 24.109999999999673
 60320, 7358.7900,  1, -679.63, 25.6899999999996
 60326, 7359.4200,  1, -670.38, 26.31999999999971
 60346, 7361.5200,  1, -663.51, 28.420000000000073
 60462, 7373.7400,  1, -702.08, 40.63999999999942
 60479, 7375.5200,  1, -696.56, 42.42000000000007
 60574, 7385.5200,  1, -754.18, 52.42000000000007
 61026, 7433.1000,  2, -252.84, 100
 61234, 7469.5000,  1, -644.88, 21.6899999999996
 61240, 7470.1300,  1, -512.88, 22.31999999999971
 61306, 7477.0800,  1, -592.20, 29.269999999999527
 61353, 7482.0200,  1, -658.47, 34.210000000000036
 61502, 7497.7100,  1, -656.15, 49.899999999999636
 61565, 7504.3400,  1, -644.07, 56.529999999999745
 61590, 7506.9700,  1, -720.76, 59.159999999999854
 61618, 7509.9200,  1, -670.15, 62.10999999999967
 61781, 7541.7000,  1, -547.53, 17.05999999999949
 61819, 7545.7000,  1, -602.67, 21.05999999999949
 61869, 7550.9600,  1, -556.71, 26.31999999999971
 61918, 7556.1200,  1, -666.96, 31.479999999999563
 61925, 7556.8500,  1, -682.49, 32.210000000000036
 62015, 7566.3300,  1, -727.80, 41.6899999999996
 62091, 7574.3300,  1, -588.68, 49.6899999999996
 62357, 7602.3300,  1, -824.44, 77.6899999999996
 62532, 7635.2900,  1, -589.50, 18.3100000000004
 62725, 7655.6000,  1, -699.83, 38.6200000000008
 62735, 7656.6600,  1, -698.14, 39.68000000000029
 62797, 7663.1800,  1, -717.88, 46.20000000000073
 62811, 7664.6600,  1, -694.69, 47.68000000000029
 62924, 7676.5500,  1, -492.21, 59.57000000000062
 63018, 7686.4500,  1, -821.56, 69.47000000000025
 63271, 7713.0800,  1, -798.64, 96.10000000000036
 63349, 7735.7100,  1, -533.75, 8.100000000000364
 63435, 7744.7600,  1, -628.10, 17.150000000000546
 63435, 7744.7600,  1, -647.55, 17.150000000000546
 63453, 7746.6600,  1, -603.70, 19.050000000000182
 63552, 7757.0800,  1, -645.92, 29.470000000000255
 63620, 7764.2400,  1, -688.03, 36.63000000000011
 63688, 7771.3900,  1, -585.50, 43.780000000000655
 63990, 7803.1800,  1, -750.08, 75.57000000000062
 64168, 7837.6600,  1, -636.13, 18.639999999999418
 64183, 7839.2400,  1, -638.34, 20.219999999999345
 64219, 7843.0200,  1, -640.84, 24.0
 64247, 7845.9700,  1, -677.84, 26.949999999999818
 64690, 7892.6000,  1, -812.85, 73.57999999999993
 64824, 7906.7100,  1, -735.52, 87.6899999999996
 64826, 7906.9200,  1, -739.50, 87.89999999999964
 64941, 7919.0200,  2, -330.84, 100
 65026, 7942.5600,  1, -539.85, 8.730000000000473
 65090, 7949.3000,  1, -621.15, 15.470000000000255
 65120, 7952.4600,  1, -574.05, 18.63000000000011
 65304, 7971.8300,  1, -513.31, 38.0
 65330, 7974.5600,  1, -634.37, 40.73000000000047
 65731, 8016.7700,  1, -694.41, 82.94000000000051
 65893, 8033.8300,  2, -364.44, 100
 65893, 8033.8300,  2, -131.77, 100
 66018, 8061.5100,  1, -621.98, 12.94000000000051
 66060, 8065.9300,  1, -652.96, 17.360000000000582
 66135, 8073.8300,  1, -657.82, 25.26000000000022
 66184, 8078.9900,  1, -591.57, 30.420000000000073
 66290, 8090.1400,  1, -701.58, 41.57000000000062
 66418, 8103.6200,  1, -777.39, 55.05000000000018
 66419, 8103.7200,  1, -776.47, 55.150000000000546
 66749, 8138.4600,  1, -787.29, 89.89000000000033
 66884, 8167.3700,  1, -558.03, 14.109999999999673
 66947, 8174.0000,  1, -495.07, 20.73999999999978
 66961, 8175.4700,  1, -640.80, 22.210000000000036
 67318, 8212.4500,  1, -775.91, 59.19000000000051
 67717, 8253.2600,  2, -378.63, 100
 67717, 8253.2600,  2, -341.34, 100
 67717, 8253.2600,  2, -208.33, 100
 67717, 8253.2600,  2, -173.22, 100
 67882, 8285.3700,  1, -549.07, 16.670000000000073
 67936, 8290.9000,  1, -646.15, 22.19999999999891
 67996, 8297.0300,  1, -564.23, 28.329999999999927
 68027, 8300.2000,  1, -580.44, 31.5
 68096, 8307.2600,  1, -707.59, 38.55999999999949
 68143, 8312.0700,  1, -689.96, 43.36999999999898
 68697, 8368.7300,  2, -338.84, 100
 68697, 8368.7300,  2, -371.22, 100
 69278, 8442.8200,  1, -760.73, 59.219999999999345
 69307, 8445.7800,  1, -749.88, 62.18000000000029
 69569, 8472.5800,  1, -897.74, 88.97999999999956
 69677, 8483.6200,  2, -356.09, 100
 69677, 8483.6200,  2, -254.17, 100
 69677, 8483.6200,  2, -331.66, 100
 69677, 8483.6200,  2, -244.74, 100
 69677, 8483.6200,  2, -390.68, 100
 69871, 8518.1000,  1, -534.31, 19.63000000000102
 70498, 8582.2300,  1, -821.72, 83.76000000000022
 70657, 8598.4900,  2, -292.06, 100
 70657, 8598.4900,  2, -318.95, 100
 70657, 8598.4900,  2, -271.65, 100
 70657, 8598.4900,  2, -164.16, 100
 70657, 8598.4900,  2, -344.91, 100
 70657, 8598.4900,  2, -306.60, 100
 70786, 8627.2700,  1, -595.02, 12.989999999999782
 71237, 8673.4000,  1, -692.17, 59.11999999999898
 71418, 8691.9100,  1, -789.64, 77.6299999999992
 71531, 8703.4700,  1, -720.89, 89.18999999999869
 71637, 8714.3100,  2, -357.18, 100
 71637, 8714.3100,  2, -345.03, 100
 71637, 8714.3100,  2, -338.84, 100
 71637, 8714.3100,  2, -363.69, 100
 71740, 8740.4000,  1, -544.50, 10.329999999999927
 72136, 8780.9000,  1, -677.49, 50.82999999999993
 72308, 8798.4900,  1, -810.64, 68.42000000000007
 72538, 8822.0100,  1, -877.23, 91.94000000000051
 72538, 8822.0100,  1, -860.53, 91.94000000000051
 72617, 8830.0900,  2, -334.15, 100
 72617, 8830.0900,  2, -397.40, 100
 72617, 8830.0900,  2, -408.48, 100
 73597, 8946.9000,  2, -279.49, 100
 73597, 8946.9000,  2, -315.23, 100
 73597, 8946.9000,  2, -291.72, 100
 73597, 8946.9000,  2, -371.93, 100
 73597, 8946.9000,  2, -339.48, 100
 73597, 8946.9000,  2, -226.64, 100
 73597, 8946.9000,  2, -372.18, 100
 73597, 8946.9000,  2, -380.74, 100
 74408, 9045.3200,  1, -853.32, 82.73999999999978
 74438, 9048.3900,  1, -877.95, 85.80999999999949
 74569, 9061.7800,  1, -759.95, 99.20000000000073
 74577, 9062.6000,  2, -401.07, 100
 74577, 9062.6000,  2, -283.50, 100
 74577, 9062.6000,  2, -331.65, 100
 74577, 9062.6000,  2, -392.96, 100
 74577, 9062.6000,  2, -249.93, 100
 74977, 9118.0000,  1, -667.47, 40.70000000000073
 74978, 9118.1000,  1, -658.54, 40.80000000000109
 75539, 9175.4800,  1, -883.83, 98.18000000000029
 75557, 9177.3200,  2, -321.85, 100
 75557, 9177.3200,  2, -359.24, 100
 75557, 9177.3200,  2, -221.59, 100
 75557, 9177.3200,  2, -407.96, 100
 75557, 9177.3200,  2, -284.15, 100
 75850, 9221.8200,  1, -695.34, 29.76000000000022
 76358, 9273.7700,  1, -866.44, 81.71000000000095
 76537, 9292.0800,  2, -339.02, 100
 76537, 9292.0800,  2, -231.69, 100
 76537, 9292.0800,  2, -319.42, 100
 76537, 9292.0800,  2, -309.29, 100
 76537, 9292.0800,  2, -361.82, 100
 76537, 9292.0800,  2, -304.09, 100
 76729, 9326.0100,  1, -609.74, 19.43000000000029
 77258, 9380.1100,  1, -805.71, 73.53000000000065
 77369, 9391.4700,  1, -798.66, 84.88999999999942
 77517, 9406.6000,  2, -357.47, 100
 77517, 9406.6000,  2, -452.10, 100
 77517, 9406.6000,  2, -295.23, 100
 77517, 9406.6000,  2, -361.90, 100
 77517, 9406.6000,  2, -326.62, 100
 77644, 9435.0600,  1, -601.98, 12.789999999999054
 77721, 9442.9300,  1, -568.82, 20.659999999999854
 78118, 9483.5300,  1, -783.43, 61.26000000000022
 78160, 9487.8300,  1, -708.60, 65.55999999999949
 78497, 9522.2900,  2, -420.00, 100
 78497, 9522.2900,  2, -454.36, 100
 78497, 9522.2900,  2, -376.78, 100
 78497, 9522.2900,  2, -141.67, 100
 78867, 9574.8100,  1, -732.87, 37.63999999999942
 78989, 9587.2800,  1, -690.66, 50.11000000000058
 79165, 9605.2800,  1, -699.06, 68.11000000000058
 79319, 9621.0300,  1, -822.81, 83.86000000000058
 79477, 9637.1900,  2, -339.93, 100
 79477, 9637.1900,  2, -95.53, 100
 79477, 9637.1900,  2, -323.86, 100
 79477, 9637.1900,  2, -418.66, 100
 79979, 9703.2000,  1, -701.32, 51.13000000000102
 79987, 9704.0200,  1, -712.20, 51.95000000000073
 80208, 9726.6200,  1, -816.69, 74.55000000000109
 80298, 9735.8300,  1, -890.36, 83.76000000000022
 80457, 9752.0900,  2, -347.84, 100
 80457, 9752.0900,  2, -471.62, 100
 80457, 9752.0900,  2, -292.00, 100
 80457, 9752.0900,  2, -398.84, 100
 80621, 9783.4900,  1, -649.58, 16.56999999999971
 81198, 9842.5000,  1, -850.25, 75.57999999999993
 81358, 9858.8600,  1, -756.31, 91.94000000000051
 81437, 9866.9400,  2, -337.51, 100
 81437, 9866.9400,  2, -344.82, 100
 81437, 9866.9400,  2, -353.89, 100
 81437, 9866.9400,  2, -322.18, 100
 81437, 9866.9400,  2, -384.77, 100
 81677, 9906.1400,  1, -638.35, 24.349999999998545
 82286, 9968.4200,  1, -766.19, 86.6299999999992
 82417, 9981.8200,  2, -256.58, 100
 82417, 9981.8200,  2, -320.38, 100
 82417, 9981.8200,  2, -392.34, 100
 82417, 9981.8200,  2, -267.64, 100
 82417, 9981.8200,  2, -384.57, 100
 82417, 9981.8200,  2, -406.82, 100
 82747, 10030.2000,  1, -706.52, 33.54000000000087
 82797, 10035.3200,  1, -724.77, 38.659999999999854
 82880, 10043.8100,  1, -795.28, 47.149999999999636
 83003, 10056.3900,  1, -782.69, 59.72999999999956
 83094, 10065.6900,  1, -726.64, 69.03000000000065
 83168, 10073.2600,  1, -865.60, 76.60000000000036
 83298, 10086.5600,  1, -747.82, 89.89999999999964
 83397, 10096.6800,  2, -384.23, 100
 83663, 10138.5900,  1, -673.32, 27.0
 84058, 10178.9900,  1, -642.45, 67.39999999999964
 84107, 10184.0000,  1, -802.53, 72.40999999999985
 84219, 10195.4500,  1, -888.49, 83.86000000000058
 84334, 10207.2200,  1, -761.46, 95.6299999999992
 84377, 10211.6100,  2, -313.39, 100
 84377, 10211.6100,  2, -374.56, 100
 84377, 10211.6100,  2, -312.32, 100
 84531, 10241.9200,  1, -646.09, 15.549999999999272
 84927, 10282.4200,  1, -735.31, 56.04999999999927
 85357, 10326.4000,  2, -328.11, 100
 85357, 10326.4000,  2, -368.19, 100
 85357, 10326.4000,  2, -327.60, 100
 85357, 10326.4000,  2, -349.27, 100
 85357, 10326.4000,  2, -287.30, 100
 85357, 10326.4000,  2, -300.15, 100
 85607, 10366.4900,  1, -685.45, 25.36999999999898
 85807, 10386.9400,  1, -708.11, 45.81999999999971
 86123, 10419.2600,  1, -773.15, 78.13999999999942
 86337, 10441.1500,  2, -283.61, 100
 86337, 10441.1500,  2, -367.28, 100
 86337, 10441.1500,  2, -316.64, 100
 86337, 10441.1500,  2, -311.53, 100
 86337, 10441.1500,  2, -362.59, 100
 86714, 10494.4200,  1, -595.99, 38.350000000000364
 86978, 10521.4200,  1, -759.94, 65.35000000000036
 87037, 10527.4500,  1, -820.38, 71.38000000000102
 87317, 10556.0900,  2, -385.18, 100
 87317, 10556.0900,  2, -267.72, 100
 87317, 10556.0900,  2, -328.67, 100
 87317, 10556.0900,  2, -329.02, 100
 87317, 10556.0900,  2, -383.15, 100
 88058, 10646.5000,  1, -782.32, 75.57999999999993
 88158, 10656.7300,  1, -859.51, 85.80999999999949
 88297, 10670.9400,  2, -321.74, 100
 88297, 10670.9400,  2, -367.70, 100
 88297, 10670.9400,  2, -398.65, 100
 88297, 10670.9400,  2, -363.15, 100
 88297, 10670.9400,  2, -206.63, 100
 88297, 10670.9400,  2, -322.72, 100
 88395, 10695.6000,  1, -586.60, 9.819999999999709
 88510, 10707.3600,  1, -570.72, 21.579999999999927
 88767, 10733.6500,  1, -737.48, 47.86999999999898
 88866, 10743.7700,  1, -784.44, 57.98999999999978
 89078, 10765.4500,  1, -852.92, 79.67000000000007
 89277, 10785.8100,  2, -293.49, 100
 89277, 10785.8100,  2, -315.46, 100
 89277, 10785.8100,  2, -339.25, 100
 89564, 10829.8100,  1, -557.55, 29.149999999999636
 89651, 10838.7000,  1, -576.00, 38.04000000000087
 90257, 10900.6800,  2, -239.19, 100
 90257, 10900.6800,  2, -283.96, 100
 90257, 10900.6800,  2, -305.45, 100
 90257, 10900.6800,  2, -375.26, 100
 90257, 10900.6800,  2, -331.74, 100
 90257, 10900.6800,  2, -394.13, 100
 90486, 10938.9000,  1, -682.98, 23.219999999999345
 90697, 10960.4800,  1, -678.67, 44.79999999999927
 90775, 10968.4500,  1, -666.13, 52.77000000000044
 91237, 11015.7000,  2, -368.30, 100
 91237, 11015.7000,  2, -361.02, 100
 91237, 11015.7000,  2, -281.58, 100
 91237, 11015.7000,  2, -352.84, 100
 91237, 11015.7000,  2, -321.22, 100
 91839, 11091.9500,  1, -663.22, 61.36000000000058
 92217, 11130.6100,  2, -336.09, 100
 92217, 11130.6100,  2, -288.95, 100
 92217, 11130.6100,  2, -392.85, 100
 92217, 11130.6100,  2, -380.82, 100
 92217, 11130.6100,  2, -326.41, 100
 92217, 11130.6100,  2, -384.35, 100
 92217, 11130.6100,  2, -370.48, 100
 92587, 11182.8700,  1, -706.06, 37.63000000000102
 92747, 11199.2400,  1, -751.18, 54.0
 93197, 11245.2600,  2, -312.87, 100
 93197, 11245.2600,  2, -332.72, 100
 93197, 11245.2600,  2, -417.67, 100
 93197, 11245.2600,  2, -216.70, 100
 93197, 11245.2600,  2, -289.70, 100
 93197, 11245.2600,  2, -338.90, 100
 93567, 11297.4200,  1, -690.51, 37.63999999999942
 93707, 11311.7400,  1, -777.78, 51.95999999999913
 93787, 11319.9200,  1, -740.86, 60.13999999999942
 94159, 11357.9700,  1, -831.23, 98.18999999999869
 94177, 11359.8100,  2, -307.15, 100
 94177, 11359.8100,  2, -364.85, 100
 94177, 11359.8100,  2, -386.44, 100
 94177, 11359.8100,  2, -371.15, 100
 94341, 11391.0100,  1, -565.41, 16.56999999999971
 94361, 11393.0600,  1, -642.42, 18.61999999999898
 94679, 11425.5800,  1, -656.54, 51.13999999999942
 94708, 11428.5400,  1, -767.26, 54.100000000000364
 94888, 11446.9500,  1, -763.08, 72.51000000000022
 94971, 11455.4400,  1, -834.45, 81.0
 95108, 11469.4500,  1, -862.38, 95.01000000000022
 95157, 11474.4700,  2, -349.57, 100
 95316, 11505.2300,  1, -558.39, 16.05999999999949
 95420, 11515.8600,  1, -674.93, 26.69000000000051
 95587, 11532.9400,  1, -721.11, 43.77000000000044
 95840, 11558.8200,  1, -501.25, 69.64999999999964
 95928, 11567.8200,  1, -785.78, 78.64999999999964
 96137, 11589.1900,  2, -291.97, 100
 96137, 11589.1900,  2, -321.32, 100
 96137, 11589.1900,  2, -320.65, 100
 96163, 11606.3200,  1, -514.61, 2.459999999999127
 96426, 11633.2200,  1, -583.31, 29.359999999998763
 96607, 11651.7300,  1, -771.01, 47.86999999999898
 96697, 11660.9300,  1, -785.51, 57.06999999999971
 96813, 11672.7900,  1, -753.74, 68.93000000000029
 96999, 11691.8200,  1, -881.33, 87.95999999999913
 97117, 11703.8900,  2, -334.12, 100
 97117, 11703.8900,  2, -242.88, 100
 97178, 11724.8500,  1, -573.35, 6.030000000000655
 97204, 11727.5100,  1, -526.09, 8.69000000000051
 97401, 11747.6600,  1, -562.25, 28.840000000000146
 97608, 11768.8300,  1, -603.49, 50.01000000000022
 97988, 11807.6900,  1, -842.09, 88.8700000000008
 98039, 11812.9100,  1, -803.31, 94.09000000000015
 98097, 11818.8400,  2, -397.01, 100
 98097, 11818.8400,  2, -365.43, 100
 98230, 11846.9900,  1, -600.79, 13.399999999999636
 98310, 11855.1700,  1, -642.93, 21.579999999999927
 98314, 11855.5800,  1, -701.37, 21.98999999999978
 98457, 11870.2000,  1, -720.41, 36.61000000000058
 98487, 11873.2700,  1, -688.05, 39.68000000000029
 98658, 11890.7600,  1, -572.38, 57.17000000000007
 98918, 11917.3500,  1, -807.73, 83.76000000000022
 98957, 11921.3400,  1, -790.72, 87.75
 99023, 11942.9200,  1, -467.53, 6.549999999999272
 99115, 11952.3300,  1, -642.05, 15.959999999999127
 99295, 11970.7400,  1, -695.79, 34.36999999999898
 99537, 11995.4900,  1, -698.50, 59.11999999999898
 99618, 12003.7700,  1, -829.36, 67.39999999999964
 99807, 12023.1000,  1, -742.29, 86.72999999999956
 99937, 12036.4000,  2, -356.12, 100
 99937, 12036.4000,  2, -332.10, 100
 99986, 12056.6800,  1, -568.80, 4.800000000001091
100108, 12069.1600,  1, -647.00, 17.280000000000655
100178, 12076.3200,  1, -590.39, 24.44000000000051
100230, 12081.6400,  1, -626.15, 29.76000000000022
100267, 12085.4200,  1, -517.37, 33.54000000000087
100551, 12114.4700,  1, -808.42, 62.590000000000146
100917, 12151.9000,  2, -364.75, 100
100917, 12151.9000,  2, -374.44, 100
101095, 12184.7000,  1, -545.19, 17.9900000000016
101114, 12186.6500,  1, -598.13, 19.94000000000051
101141, 12189.4100,  1, -638.86, 22.700000000000728
101196, 12195.0300,  1, -653.33, 28.320000000001528
101407, 12216.6100,  1, -769.96, 49.900000000001455
101446, 12220.6000,  1, -584.89, 53.89000000000124
101893, 12266.3200,  1, -935.79, 99.61000000000058
101897, 12266.7300,  2, -203.30, 100
101997, 12292.7000,  1, -587.87, 10.020000000000437
102046, 12297.7200,  1, -533.56, 15.039999999999054
102465, 12340.5700,  1, -695.32, 57.88999999999942
102598, 12354.1700,  1, -703.04, 71.48999999999978
102699, 12364.5000,  1, -776.33, 81.81999999999971
102877, 12382.7000,  2, -339.36, 100
102877, 12382.7000,  2, -424.93, 100
102877, 12382.7000,  2, -391.46, 100
102916, 12401.3900,  1, -523.15, 3.789999999999054
103079, 12418.0600,  1, -667.34, 20.459999999999127
103164, 12426.7500,  1, -628.22, 29.149999999999636
103384, 12449.2500,  1, -717.07, 51.649999999999636
103497, 12460.8100,  1, -737.88, 63.20999999999913
103717, 12483.3100,  1, -877.20, 85.70999999999913
103857, 12497.6200,  2, -332.43, 100
103857, 12497.6200,  2, -272.99, 100
103964, 12523.1100,  1, -601.82, 10.739999999999782
103985, 12525.2600,  1, -644.44, 12.889999999999418
104057, 12532.6200,  1, -621.44, 20.25
104093, 12536.3100,  1, -693.60, 23.93999999999869
104157, 12542.8500,  1, -719.32, 30.479999999999563
104210, 12548.2700,  1, -715.51, 35.899999999999636
104387, 12566.3700,  1, -753.00, 54.0
104678, 12596.1400,  1, -888.94, 83.76999999999862
104758, 12618.8500,  1, -477.69, 8.079999999999927
104885, 12631.8400,  1, -635.51, 21.06999999999971
104885, 12631.8400,  1, -693.32, 21.06999999999971
104987, 12642.2700,  1, -667.66, 31.5
105006, 12644.2200,  1, -663.63, 33.44999999999891
105488, 12693.5100,  1, -841.97, 82.73999999999978
105598, 12704.7600,  1, -865.28, 93.98999999999978
105657, 12710.7900,  2, -331.89, 100
105854, 12745.4700,  1, -643.03, 19.94999999999891
105945, 12754.7700,  1, -607.52, 29.25
105977, 12758.0400,  1, -530.82, 32.52000000000044
105999, 12760.2900,  1, -654.60, 34.77000000000044
106050, 12765.5100,  1, -638.79, 39.98999999999978
106094, 12770.0100,  1, -673.42, 44.48999999999978
106418, 12803.1500,  1, -837.35, 77.6299999999992
106518, 12813.3700,  1, -896.96, 87.85000000000036
106539, 12830.2500,  1, -504.17, 2.0499999999992724
106609, 12837.4100,  1, -504.20, 9.209999999999127
106731, 12849.8900,  1, -582.68, 21.68999999999869
106734, 12850.1900,  1, -525.75, 21.98999999999978
107018, 12879.2400,  1, -730.59, 51.039999999999054
107238, 12901.7400,  1, -807.00, 73.53999999999905
107479, 12926.3900,  1, -858.92, 98.18999999999869
107497, 12928.2300,  2, -474.29, 100
107521, 12946.1200,  1, -515.71, 2.25
107583, 12952.4700,  1, -597.42, 8.599999999998545
107620, 12956.2500,  1, -478.60, 12.3799999999992
107891, 12983.9700,  1, -670.25, 40.099999999998545
108078, 13003.0900,  1, -766.77, 59.219999999999345
108138, 13009.2300,  1, -812.98, 65.35999999999876
108263, 13022.0100,  1, -761.13, 78.13999999999942
108477, 13043.9000,  2, -307.96, 100
108518, 13063.6900,  1, -562.31, 3.9899999999997817
108546, 13066.5600,  1, -567.92, 6.859999999998763
108676, 13079.8500,  1, -492.15, 20.149999999999636
108785, 13091.0000,  1, -590.19, 31.299999999999272
108949, 13107.7700,  1, -625.79, 48.06999999999971
109032, 13116.2600,  1, -698.59, 56.55999999999949
109177, 13131.0900,  1, -845.33, 71.38999999999942
109457, 13159.7300,  2, -354.88, 100
109574, 13186.3900,  1, -639.98, 11.760000000000218
109585, 13187.5100,  1, -520.92, 12.880000000001019
109631, 13192.2200,  1, -524.88, 17.590000000000146
109659, 13195.0800,  1, -551.85, 20.450000000000728
109728, 13202.1400,  1, -569.35, 27.51000000000022
109756, 13205.0000,  1, -694.64, 30.3700000000008
109923, 13222.0800,  1, -525.29, 47.45000000000073
110011, 13231.0800,  1, -793.52, 56.45000000000073
110104, 13255.0700,  1, -572.81, 9.30999999999949
110212, 13266.1100,  1, -503.28, 20.350000000000364
110218, 13266.7300,  1, -627.88, 20.969999999999345
110241, 13269.0800,  1, -536.29, 23.31999999999971
110290, 13274.0900,  1, -417.62, 28.329999999999927
110582, 13303.9500,  1, -643.67, 58.19000000000051
110721, 13318.1700,  1, -833.45, 72.40999999999985
110991, 13345.7800,  2, -398.88, 100
111057, 13366.9700,  1, -487.25, 6.549999999999272
111110, 13372.3900,  1, -508.55, 11.969999999999345
111171, 13378.6200,  1, -592.70, 18.200000000000728
111246, 13386.2900,  1, -543.18, 25.8700000000008
111311, 13392.9400,  1, -734.70, 32.52000000000044
111331, 13394.9900,  1, -590.46, 34.56999999999971
111537, 13416.0600,  1, -605.50, 55.63999999999942
111971, 13460.4400,  2, -406.06, 100
111995, 13477.5200,  1, -527.71, 2.25
112192, 13497.6700,  1, -507.06, 22.399999999999636
112367, 13515.5700,  1, -581.75, 40.29999999999927
112512, 13530.4000,  1, -515.35, 55.1299999999992
112672, 13546.7600,  1, -692.07, 71.48999999999978
112951, 13575.2900,  2, -92.67, 100
112951, 13575.2900,  2, -365.14, 100
112951, 13575.2900,  2, -388.58, 100
113177, 13613.1700,  1, -531.51, 22.909999999999854
113317, 13627.4900,  1, -565.86, 37.22999999999956
113429, 13638.9400,  1, -600.72, 48.68000000000029
113732, 13669.9300,  1, -822.72, 79.67000000000007
113931, 13690.2800,  2, -375.06, 100
113931, 13690.2800,  2, -287.99, 100
113931, 13690.2800,  2, 21.25, 100
113931, 13690.2800,  2, -240.42, 100
113958, 13708.4400,  1, -520.82, 2.5500000000010914
114091, 13722.0400,  1, -519.39, 16.150000000001455
114251, 13738.4100,  1, -543.18, 32.52000000000044
114911, 13805.9100,  2, -306.23, 100
114911, 13805.9100,  2, -455.75, 100
114911, 13805.9100,  2, -460.32, 100
114911, 13805.9100,  2, -185.26, 100
114911, 13805.9100,  2, -463.77, 100
115018, 13831.4900,  1, -495.10, 10.739999999999782
115401, 13870.6600,  1, -681.28, 49.909999999999854
115562, 13887.1200,  1, -847.64, 66.3700000000008
115572, 13888.1500,  1, -605.31, 67.39999999999964
115891, 13920.7700,  2, -219.60, 100
115891, 13920.7700,  2, -180.96, 100
115891, 13920.7700,  2, -397.24, 100
115891, 13920.7700,  2, -141.17, 100
116651, 14013.6000,  1, -736.71, 77.52000000000044
116651, 14013.6000,  1, -836.94, 77.52000000000044
116871, 14036.1000,  2, -393.63, 100
116871, 14036.1000,  2, -175.58, 100
116871, 14036.1000,  2, -392.84, 100
116871, 14036.1000,  2, -258.90, 100
116871, 14036.1000,  2, -358.09, 100
116871, 14036.1000,  2, -255.61, 100
117472, 14111.6400,  1, -847.56, 61.26999999999862
117662, 14131.0700,  1, -789.73, 80.69999999999891
117753, 14140.3700,  1, -951.40, 90.0
117851, 14150.4000,  2, -469.77, 100
117851, 14150.4000,  2, -399.48, 100
117851, 14150.4000,  2, -443.01, 100
117851, 14150.4000,  2, -457.44, 100
117851, 14150.4000,  2, -338.05, 100
118181, 14198.5400,  1, -581.14, 33.54000000000087
118421, 14223.0900,  1, -775.66, 58.090000000000146
118673, 14248.8600,  1, -721.69, 83.86000000000058
118681, 14249.6800,  1, -812.70, 84.68000000000029
118831, 14265.0200,  2, -365.67, 100
118831, 14265.0200,  2, -409.40, 100
118831, 14265.0200,  2, -487.40, 100
118831, 14265.0200,  2, -417.82, 100
119762, 14374.5900,  1, -983.00, 95.01000000000022
119811, 14379.6000,  2, -291.79, 100
119811, 14379.6000,  2, -361.21, 100
119811, 14379.6000,  2, -439.28, 100
119811, 14379.6000,  2, -243.86, 100
119811, 14379.6000,  2, -125.10, 100
119811, 14379.6000,  2, -238.65, 100
119811, 14379.6000,  2, -72.69, 100
119851, 14398.0900,  1, -484.32, 3.889999999999418
120406, 14454.8500,  1, -713.46, 60.649999999999636
120406, 14454.8500,  1, -704.39, 60.649999999999636
120501, 14464.5700,  1, -848.85, 70.36999999999898
120722, 14487.1700,  1, -875.18, 92.96999999999935
120791, 14494.2300,  2, -127.87, 100
120791, 14494.2300,  2, -298.38, 100
120791, 14494.2300,  2, -276.31, 100
121763, 14607.9500,  1, -706.92, 99.20000000000073
121771, 14608.7700,  2, -418.41, 100
121771, 14608.7700,  2, -422.23, 100
121771, 14608.7700,  2, -228.50, 100
121771, 14608.7700,  2, -325.72, 100
121771, 14608.7700,  2, -386.33, 100
121771, 14608.7700,  2, -274.93, 100
121771, 14608.7700,  2, -426.71, 100
122229, 14670.1100,  1, -556.77, 46.63000000000102
122229, 14670.1100,  1, -523.03, 46.63000000000102
122662, 14714.4000,  1, -774.24, 90.92000000000007
122751, 14723.5000,  2, -501.49, 100
122751, 14723.5000,  2, -229.90, 100
122751, 14723.5000,  2, -157.57, 100
122751, 14723.5000,  2, -413.05, 100
122751, 14723.5000,  2, -372.17, 100
122773, 14740.2500,  1, -529.15, 2.0499999999992724
123731, 14838.2300,  2, -423.98, 100
123731, 14838.2300,  2, -353.99, 100
123731, 14838.2300,  2, -345.60, 100
123731, 14838.2300,  2, -339.04, 100
123731, 14838.2300,  2, -203.24, 100
123731, 14838.2300,  2, -358.19, 100
123731, 14838.2300,  2, -344.67, 100
124180, 14899.4200,  1, -622.58, 45.719999999999345
124180, 14899.4200,  1, -684.56, 45.719999999999345
124573, 14939.6100,  1, -968.05, 85.90999999999985
124711, 14953.7300,  2, -390.25, 100
124711, 14953.7300,  2, -553.33, 100
124711, 14953.7300,  2, -353.80, 100
124711, 14953.7300,  2, -468.08, 100
124711, 14953.7300,  2, -439.52, 100
125261, 15024.6500,  1, -843.77, 56.04999999999927
125691, 15068.6200,  2, -455.53, 100
125691, 15068.6200,  2, -294.81, 100
125691, 15068.6200,  2, -538.15, 100
125691, 15068.6200,  2, -530.42, 100
125691, 15068.6200,  2, -451.94, 100
125691, 15068.6200,  2, -400.51, 100
125691, 15068.6200,  2, -350.91, 100
126201, 15135.4200,  1, -756.17, 51.95000000000073
126259, 15141.3500,  1, -777.22, 57.88000000000102
126671, 15183.4900,  2, -517.71, 100
126671, 15183.4900,  2, -475.92, 100
126671, 15183.4900,  2, -311.91, 100
126671, 15183.4900,  2, -447.98, 100
126671, 15183.4900,  2, -248.52, 100
126671, 15183.4900,  2, -550.00, 100
126820, 15213.2300,  1, -517.14, 15.039999999999054
126931, 15224.5800,  1, -691.53, 26.389999999999418
127161, 15248.1000,  1, -731.39, 49.909999999999854
127267, 15258.9400,  1, -776.01, 60.75
127272, 15259.4500,  1, -816.07, 61.26000000000022
127572, 15290.1400,  1, -951.02, 91.94999999999891
127651, 15298.2200,  2, -499.26, 100
127651, 15298.2200,  2, -443.00, 100
127810, 15329.1400,  1, -639.59, 16.05999999999949
128001, 15348.6700,  1, -749.22, 35.590000000000146
128070, 15355.7300,  1, -718.84, 42.649999999999636
128158, 15364.7300,  1, -761.90, 51.649999999999636
128422, 15391.7300,  1, -928.19, 78.64999999999964
128631, 15413.1000,  2, -445.87, 100
128631, 15413.1000,  2, -333.00, 100
128631, 15413.1000,  2, -350.94, 100
128654, 15430.1100,  1, -493.67, 1.9400000000005093
128893, 15454.5600,  1, -667.90, 26.389999999999418
128897, 15454.9700,  1, -674.93, 26.799999999999272
128903, 15455.5800,  1, -641.62, 27.409999999999854
128932, 15458.5400,  1, -690.40, 30.3700000000008
128993, 15464.7800,  1, -679.04, 36.61000000000058
129333, 15499.5600,  1, -813.79, 71.38999999999942
129613, 15528.1900,  2, -394.21, 100
129673, 15548.8900,  1, -509.88, 5.93999999999869
129695, 15551.1400,  1, -504.05, 8.18999999999869
129777, 15559.5200,  1, -585.42, 16.56999999999971
129839, 15565.8600,  1, -529.17, 22.909999999999854
129884, 15570.4700,  1, -593.74, 27.519999999998618
129906, 15572.7200,  1, -709.61, 29.769999999998618
129909, 15573.0200,  1, -653.50, 30.06999999999971
130334, 15616.4900,  1, -811.68, 73.53999999999905
130359, 15633.2600,  1, -494.64, 2.4500000000007276
130432, 15640.7300,  1, -515.32, 9.920000000000073
130445, 15642.0600,  1, -617.65, 11.25
130513, 15649.0100,  1, -593.86, 18.200000000000728
130609, 15658.8300,  1, -628.14, 28.020000000000437
130703, 15668.4400,  1, -727.01, 37.63000000000102
130763, 15674.5800,  1, -665.61, 43.77000000000044
130837, 15682.1500,  1, -668.50, 51.340000000000146
131024, 15715.9100,  1, -678.00, 18.920000000000073
131207, 15734.6200,  1, -754.47, 37.63000000000102
131247, 15738.7200,  1, -733.75, 41.72999999999956
131308, 15744.9500,  1, -784.79, 47.960000000000946
131408, 15755.1800,  1, -759.39, 58.19000000000051
131408, 15755.1800,  1, -776.80, 58.19000000000051
131768, 15792.0000,  1, -911.40, 95.01000000000022
131817, 15797.0100,  2, -396.27, 100
131863, 15816.2900,  1, -556.54, 4.490000000001601
131880, 15818.0300,  1, -542.18, 6.230000000001382
131975, 15827.7500,  1, -587.82, 15.950000000000728
132137, 15844.3200,  1, -633.66, 32.52000000000044
132185, 15849.2300,  1, -681.50, 37.43000000000029
132347, 15865.7900,  1, -794.28, 53.9900000000016
132368, 15867.9400,  1, -754.51, 56.14000000000124
132444, 15875.7200,  1, -776.43, 63.92000000000007
132577, 15903.9900,  1, -463.83, 13.399999999999636
132595, 15905.8300,  1, -547.13, 15.239999999999782
132613, 15907.6700,  1, -661.41, 17.079999999999927
132693, 15915.8500,  1, -670.88, 25.26000000000022
132733, 15919.9400,  1, -663.63, 29.350000000000364
132753, 15921.9900,  1, -694.25, 31.399999999999636
132754, 15922.0900,  1, -707.28, 31.5
133075, 15954.9200,  1, -676.47, 64.32999999999993
133115, 15973.6700,  1, -545.78, 3.889999999999418
133281, 15990.6500,  1, -614.28, 20.86999999999898
133285, 15991.0600,  1, -557.77, 21.279999999998836
133321, 15994.7400,  1, -517.58, 24.959999999999127
133355, 15998.2200,  1, -500.96, 28.43999999999869
133421, 16004.9700,  1, -702.13, 35.18999999999869
133535, 16016.6200,  1, -745.02, 46.840000000000146
133535, 16016.6200,  1, -728.84, 46.840000000000146
133703, 16048.6500,  1, -631.01, 17.079999999999927
133828, 16061.4300,  1, -669.08, 29.860000000000582
133950, 16073.9100,  1, -576.85, 42.340000000000146
133954, 16074.3200,  1, -752.44, 42.75
134053, 16084.4400,  1, -525.78, 52.8700000000008
134132, 16092.5200,  1, -715.43, 60.95000000000073
134299, 16109.6000,  1, -663.29, 78.03000000000065
134383, 16118.1900,  1, -607.20, 86.6200000000008
134444, 16138.9500,  1, -558.01, 6.030000000000655
134588, 16153.6800,  1, -577.27, 20.76000000000022
134703, 16165.4400,  1, -683.23, 32.52000000000044
135032, 16199.0900,  1, -822.66, 66.17000000000007
135170, 16213.2000,  1, -726.43, 80.28000000000065
135274, 16223.8400,  1, -874.16, 90.92000000000007
135363, 16232.9400,  2, -365.81, 100
135363, 16232.9400,  2, -364.65, 100
135424, 16253.8100,  1, -574.54, 6.039999999999054
135496, 16261.1700,  1, -541.36, 13.399999999999636
135603, 16272.1100,  1, -663.44, 24.340000000000146
135633, 16275.1800,  1, -605.84, 27.409999999999854
135738, 16285.9200,  1, -580.55, 38.149999999999636
135800, 16292.2600,  1, -563.80, 44.48999999999978
135873, 16299.7300,  1, -716.20, 51.95999999999913
136343, 16347.7900,  2, -348.36, 100
136389, 16367.0800,  1, -569.89, 4.5
136494, 16377.8200,  1, -534.20, 15.239999999999782
136532, 16381.7000,  1, -509.05, 19.1200000000008
136535, 16382.0100,  1, -573.40, 19.43000000000029
136586, 16387.3800,  1, -610.53, 24.80000000000109
136731, 16402.9200,  1, -601.75, 40.33999999999833
136792, 16409.4500,  1, -642.94, 46.8700000000008
137288, 16462.6000,  2, -305.38, 100
137440, 16493.2600,  1, -434.50, 16.06999999999971
137441, 16493.3600,  1, -365.77, 16.17000000000189
137475, 16497.0100,  1, -491.62, 19.81999999999971
137488, 16498.4000,  1, -455.73, 21.210000000002765
137693, 16520.3600,  1, -345.26, 43.17000000000189
137700, 16521.1100,  1, -547.51, 43.92000000000189
138091, 16563.0100,  1, -906.43, 85.81999999999971
138224, 16577.2600,  2, -383.49, 100
138306, 16600.5800,  1, -408.00, 8.570000000003347
138404, 16611.0800,  1, -623.55, 19.070000000003347
138745, 16647.6100,  1, -613.50, 55.60000000000218
138797, 16653.1900,  1, -754.97, 61.18000000000029
139160, 16692.0800,  2, -321.84, 100
139160, 16692.0800,  2, -438.64, 100
139160, 16692.0800,  2, -374.62, 100
139160, 16692.0800,  2, -424.84, 100
139715, 16766.2200,  1, -661.92, 59.25
140096, 16807.0400,  2, -182.08, 100
140096, 16807.0400,  2, -484.82, 100
140096, 16807.0400,  2, -352.89, 100
140096, 16807.0400,  2, -120.59, 100
140096, 16807.0400,  2, -332.15, 100
140096, 16807.0400,  2, -118.53, 100
140096, 16807.0400,  2, -320.45, 100
141032, 16921.7900,  2, -117.47, 100
141032, 16921.7900,  2, -374.39, 100
141032, 16921.7900,  2, -142.63, 100
141032, 16921.7900,  2, -212.67, 100
141032, 16921.7900,  2, -30.41, 100
141032, 16921.7900,  2, -392.74, 100
141032, 16921.7900,  2, -271.27, 100
141032, 16921.7900,  2, -218.14, 100
141968, 17036.5800,  2, -207.90, 100
141968, 17036.5800,  2, -377.77, 100
141968, 17036.5800,  2, -420.76, 100
141968, 17036.5800,  2, -409.65, 100
141968, 17036.5800,  2, -260.41, 100
141968, 17036.5800,  2, -367.22, 100
141968, 17036.5800,  2, -226.70, 100
141968, 17036.5800,  2, -299.58, 100
142866, 17147.2700,  1, -977.88, 96.0
142904, 17151.3500,  2, -283.59, 100
142904, 17151.3500,  2, -324.56, 100
142904, 17151.3500,  2, -333.18, 100
142904, 17151.3500,  2, -298.09, 100
142904, 17151.3500,  2, -419.95, 100
142904, 17151.3500,  2, -384.05, 100
142904, 17151.3500,  2, -335.94, 100
143267, 17205.5800,  1, -733.75, 38.68000000000029
143391, 17218.8600,  1, -793.54, 51.95999999999913
143420, 17221.9700,  1, -760.39, 55.06999999999971
143573, 17238.3600,  1, -827.25, 71.45999999999913
143784, 17260.9700,  1, -779.30, 94.06999999999971
143840, 17266.9700,  1, -886.98, 100.06999999999971
143840, 17266.9700,  2, -382.78, 100
143840, 17266.9700,  2, -378.53, 100
143874, 17285.1000,  1, -510.34, 3.4399999999986903
144260, 17326.4500,  1, -604.49, 44.79000000000087
144327, 17333.6300,  1, -620.06, 51.970000000001164
144490, 17351.1000,  1, -813.07, 69.43999999999869
144668, 17370.1700,  1, -623.10, 88.5099999999984
144776, 17381.7400,  2, -220.43, 100
144776, 17381.7400,  2, -315.23, 100
144776, 17381.7400,  2, -288.03, 100
144842, 17403.4200,  1, -506.93, 6.859999999996944
144947, 17414.6700,  1, -605.43, 18.109999999996944
144950, 17414.9900,  1, -556.19, 18.43000000000029
144966, 17416.7000,  1, -649.52, 20.139999999999418
144967, 17416.8100,  1, -664.34, 20.25
145015, 17421.9500,  1, -483.84, 25.389999999999418
145139, 17435.2400,  1, -553.09, 38.68000000000029
145712, 17496.6300,  2, -134.59, 100
146648, 17612.2900,  2, -360.83, 100
146648, 17612.2900,  2, -498.70, 100
146648, 17612.2900,  2, -433.35, 100
146648, 17612.2900,  2, -290.56, 100
146648, 17612.2900,  2, -71.50, 100
146648, 17612.2900,  2, -309.37, 100
146648, 17612.2900,  2, -488.52, 100
146648, 17612.2900,  2, -142.78, 100
147307, 17698.3600,  1, -777.13, 70.38999999999942
147346, 17702.5400,  1, -870.09, 74.56999999999971
147584, 17728.0400,  2, -440.69, 100
147584, 17728.0400,  2, -320.81, 100
147584, 17728.0400,  2, -424.63, 100
147584, 17728.0400,  2, -238.70, 100
147584, 17728.0400,  2, -481.56, 100
147584, 17728.0400,  2, -320.80, 100
148493, 17839.8100,  1, -972.08, 97.17000000000189
148520, 17842.7000,  2, -290.84, 100
148520, 17842.7000,  2, -228.70, 100
148520, 17842.7000,  2, -330.55, 100
148520, 17842.7000,  2, -212.41, 100
148520, 17842.7000,  2, -346.25, 100
148520, 17842.7000,  2, -360.62, 100
148520, 17842.7000,  2, -449.15, 100
149456, 17957.4500,  2, -396.60, 100
149456, 17957.4500,  2, -338.02, 100
149456, 17957.4500,  2, -280.13, 100
149456, 17957.4500,  2, -259.10, 100
149456, 17957.4500,  2, -351.94, 100
149456, 17957.4500,  2, -352.73, 100
149456, 17957.4500,  2, -301.42, 100
149456, 17957.4500,  2, -291.12, 100
150392, 18072.0800,  2, -292.38, 100
150392, 18072.0800,  2, -382.43, 100
150392, 18072.0800,  2, -323.87, 100
150392, 18072.0800,  2, -319.04, 100
150392, 18072.0800,  2, -328.10, 100
150392, 18072.0800,  2, -248.82, 100
150392, 18072.0800,  2, -344.15, 100
150392, 18072.0800,  2, -329.28, 100
151328, 18186.8600,  2, -377.53, 100
151328, 18186.8600,  2, -282.31, 100
151328, 18186.8600,  2, -332.47, 100
151328, 18186.8600,  2, -301.83, 100
151328, 18186.8600,  2, -355.84, 100
151328, 18186.8600,  2, -295.60, 100
151328, 18186.8600,  2, -338.63, 100
151328, 18186.8600,  2, -330.84, 100
152264, 18301.4500,  2, -350.01, 100
152264, 18301.4500,  2, -326.99, 100
152264, 18301.4500,  2, -318.34, 100
152264, 18301.4500,  2, -303.00, 100
152264, 18301.4500,  2, -293.12, 100
152264, 18301.4500,  2, -305.39, 100
152264, 18301.4500,  2, -329.27, 100
152264, 18301.4500,  2, -333.89, 100
153200, 18416.1100,  2, -300.61, 100
153200, 18416.1100,  2, -333.02, 100
153200, 18416.1100,  2, -368.19, 100
153200, 18416.1100,  2, -318.41, 100
153200, 18416.1100,  2, -364.63, 100
153200, 18416.1100,  2, -334.76, 100
153200, 18416.1100,  2, -366.35, 100
153200, 18416.1100,  2, -272.21, 100
154136, 18531.9400,  2, -295.97, 100
154136, 18531.9400,  2, -350.62, 100
154136, 18531.9400,  2, -341.97, 100
154136, 18531.9400,  2, -340.94, 100
154136, 18531.9400,  2, -306.50, 100
154136, 18531.9400,  2, -356.89, 100
154136, 18531.9400,  2, -295.84, 100
154136, 18531.9400,  2, -350.55, 100
155072, 18646.8500,  2, -368.36, 100
155072, 18646.8500,  2, -293.35, 100
155072, 18646.8500,  2, -312.63, 100
155072, 18646.8500,  2, -277.41, 100
155072, 18646.8500,  2, -321.02, 100
155072, 18646.8500,  2, -387.62, 100
155072, 18646.8500,  2, -402.64, 100
155072, 18646.8500,  2, -277.78, 100
156008, 18761.5200,  2, -312.38, 100
156008, 18761.5200,  2, -342.13, 100
156008, 18761.5200,  2, -395.85, 100
156008, 18761.5200,  2, -322.97, 100
156008, 18761.5200,  2, -345.95, 100
156008, 18761.5200,  2, -360.12, 100
156008, 18761.5200,  2, -364.05, 100
156008, 18761.5200,  2, -330.55, 100
156944, 18876.5400,  2, -350.69, 100
156944, 18876.5400,  2, -336.07, 100
156944, 18876.5400,  2, -343.58, 100
156944, 18876.5400,  2, -348.34, 100
156944, 18876.5400,  2, -338.79, 100
156944, 18876.5400,  2, -268.29, 100
156944, 18876.5400,  2, -358.69, 100
156944, 18876.5400,  2, -403.83, 100
157880, 18991.2400,  2, -286.15, 100
157880, 18991.2400,  2, -355.91, 100
157880, 18991.2400,  2, -365.17, 100
157880, 18991.2400,  2, -363.15, 100
157880, 18991.2400,  2, -365.41, 100
157880, 18991.2400,  2, -359.74, 100
157880, 18991.2400,  2, -312.40, 100
157880, 18991.2400,  2, -357.94, 100
158816, 19106.0200,  2, -369.30, 100
158816, 19106.0200,  2, -368.20, 100
158816, 19106.0200,  2, -333.00, 100
158816, 19106.0200,  2, -347.15, 100
158816, 19106.0200,  2, -270.70, 100
158816, 19106.0200,  2, -310.27, 100
158816, 19106.0200,  2, -298.21, 100
158816, 19106.0200,  2, -293.53, 100
159752, 19221.6000,  2, -332.22, 100
159752, 19221.6000,  2, -411.48, 100
159752, 19221.6000,  2, -337.24, 100
159752, 19221.6000,  2, -391.15, 100
159752, 19221.6000,  2, -353.33, 100
159752, 19221.6000,  2, -332.36, 100
159752, 19221.6000,  2, -373.42, 100
159752, 19221.6000,  2, -388.30, 100
160688, 19337.1500,  2, -346.14, 100
160688, 19337.1500,  2, -347.57, 100
160688, 19337.1500,  2, -360.92, 100
160688, 19337.1500,  2, -348.62, 100
160688, 19337.1500,  2, -356.70, 100
160688, 19337.1500,  2, -359.22, 100
160688, 19337.1500,  2, -299.29, 100
160688, 19337.1500,  2, -294.85, 100
161624, 19452.0400,  2, -330.23, 100
161624, 19452.0400,  2, -322.48, 100
161624, 19452.0400,  2, -384.70, 100
161624, 19452.0400,  2, -304.66, 100
161624, 19452.0400,  2, -376.69, 100
161624, 19452.0400,  2, -366.11, 100
161624, 19452.0400,  2, -395.51, 100
161624, 19452.0400,  2, -323.37, 100
162560, 19567.5800,  2, -419.90, 100
162560, 19567.5800,  2, -331.75, 100
162560, 19567.5800,  2, -320.95, 100
162560, 19567.5800,  2, -323.98, 100
162560, 19567.5800,  2, -326.65, 100
162560, 19567.5800,  2, -386.75, 100
162560, 19567.5800,  2, -363.48, 100
162560, 19567.5800,  2, -385.56, 100
163496, 19682.2600,  2, -310.83, 100
163496, 19682.2600,  2, -299.78, 100
163496, 19682.2600,  2, -356.09, 100
163496, 19682.2600,  2, -374.76, 100
163496, 19682.2600,  2, -325.47, 100
163496, 19682.2600,  2, -300.23, 100
163496, 19682.2600,  2, -317.00, 100
163496, 19682.2600,  2, -363.99, 100
164432, 19796.9900,  2, -385.71, 100
164432, 19796.9900,  2, -288.89, 100
164432, 19796.9900,  2, -268.31, 100
164432, 19796.9900,  2, -362.06, 100
164432, 19796.9900,  2, -327.53, 100
164432, 19796.9900,  2, -324.84, 100
164432, 19796.9900,  2, -341.84, 100
164432, 19796.9900,  2, -348.91, 100
165368, 19911.6700,  2, -306.81, 100
165368, 19911.6700,  2, -308.81, 100
165368, 19911.6700,  2, -301.49, 100
165368, 19911.6700,  2, -278.19, 100
165368, 19911.6700,  2, -362.42, 100
165368, 19911.6700,  2, -330.42, 100
165368, 19911.6700,  2, -378.32, 100
165368, 19911.6700,  2, -105.88, 100
166304, 20026.2600,  2, -332.70, 100
166304, 20026.2600,  2, -338.29, 100
166304, 20026.2600,  2, -336.66, 100
166304, 20026.2600,  2, -337.77, 100
166304, 20026.2600,  2, -352.24, 100
166304, 20026.2600,  2, -380.57, 100
166304, 20026.2600,  2, -336.24, 100
166304, 20026.2600,  2, -374.21, 100
167240, 20140.9400,  2, -377.97, 100
167240, 20140.9400,  2, -366.58, 100
167240, 20140.9400,  2, -281.54, 100
167240, 20140.9400,  2, -260.93, 100
167240, 20140.9400,  2, -268.32, 100
167240, 20140.9400,  2, -270.21, 100
167240, 20140.9400,  2, -369.84, 100
167240, 20140.9400,  2, -276.44, 100
168176, 20255.6700,  2, -365.14, 100
168176, 20255.6700,  2, -335.86, 100
168176, 20255.6700,  2, -290.90, 100
168176, 20255.6700,  2, -324.67, 100
168176, 20255.6700,  2, -241.59, 100
168176, 20255.6700,  2, -306.82, 100
168176, 20255.6700,  2, -376.04, 100
168176, 20255.6700,  2, -339.74, 100
169112, 20370.2600,  2, -379.04, 100
169112, 20370.2600,  2, -310.33, 100
169112, 20370.2600,  2, -327.11, 100
169112, 20370.2600,  2, -335.83, 100
169112, 20370.2600,  2, -351.49, 100
169112, 20370.2600,  2, -297.61, 100
169112, 20370.2600,  2, -290.08, 100
169112, 20370.2600,  2, -326.76, 100
169188, 20392.8100,  1, -542.36, 7.819999999999709
169744, 20452.3800,  1, -785.11, 67.38999999999942
170049, 20485.0600,  2, -270.86, 100
170049, 20485.0600,  2, -338.36, 100
170049, 20485.0600,  2, -368.06, 100
170049, 20485.0600,  2, -309.16, 100
170049, 20485.0600,  2, -269.33, 100
170049, 20485.0600,  2, -325.57, 100
170985, 20599.7400,  2, -365.03, 100
170985, 20599.7400,  2, -346.50, 100
170985, 20599.7400,  2, -385.03, 100
170985, 20599.7400,  2, -329.47, 100
170985, 20599.7400,  2, -382.72, 100
170985, 20599.7400,  2, -349.56, 100
170985, 20599.7400,  2, -381.80, 100
170985, 20599.7400,  2, -338.39, 100
171921, 20714.6500,  2, -361.99, 100
171921, 20714.6500,  2, -370.09, 100
171921, 20714.6500,  2, -334.66, 100
171921, 20714.6500,  2, -338.54, 100
171921, 20714.6500,  2, -370.84, 100
171921, 20714.6500,  2, -373.31, 100
171921, 20714.6500,  2, -295.91, 100
171921, 20714.6500,  2, -346.36, 100
172857, 20829.2700,  2, -390.12, 100
172857, 20829.2700,  2, -307.04, 100
172857, 20829.2700,  2, -374.21, 100
172857, 20829.2700,  2, -336.63, 100
172857, 20829.2700,  2, -345.41, 100
172857, 20829.2700,  2, -380.01, 100
172857, 20829.2700,  2, -389.72, 100
172857, 20829.2700,  2, -352.45, 100
173793, 20944.0800,  2, -300.07, 100
173793, 20944.0800,  2, -423.84, 100
173793, 20944.0800,  2, -381.07, 100
173793, 20944.0800,  2, -365.31, 100
173793, 20944.0800,  2, -346.76, 100
173793, 20944.0800,  2, -406.39, 100
173793, 20944.0800,  2, -351.86, 100
173793, 20944.0800,  2, -366.22, 100
174070, 20988.2600,  1, -673.34, 29.469999999997526
174577, 21042.5800,  1, -779.21, 83.79000000000087
174729, 21058.8600,  2, -392.97, 100
174729, 21058.8600,  2, -307.11, 100
174729, 21058.8600,  2, -277.01, 100
174729, 21058.8600,  2, -441.42, 100
174729, 21058.8600,  2, -374.07, 100
174729, 21058.8600,  2, -397.97, 100
175665, 21173.4500,  2, -389.77, 100
175665, 21173.4500,  2, -380.82, 100
175665, 21173.4500,  2, -340.88, 100
175665, 21173.4500,  2, -384.38, 100
175665, 21173.4500,  2, -323.53, 100
175665, 21173.4500,  2, -204.11, 100
175665, 21173.4500,  2, -402.93, 100
175665, 21173.4500,  2, -305.39, 100
176458, 21272.8100,  1, -902.00, 84.75
176601, 21288.1300,  2, -307.67, 100
176601, 21288.1300,  2, -256.68, 100
176601, 21288.1300,  2, -339.11, 100
176601, 21288.1300,  2, -408.84, 100
176601, 21288.1300,  2, -293.74, 100
176601, 21288.1300,  2, -322.07, 100
176601, 21288.1300,  2, -371.44, 100
177537, 21403.0400,  2, -385.27, 100
177537, 21403.0400,  2, -364.84, 100
177537, 21403.0400,  2, -358.83, 100
177537, 21403.0400,  2, -338.38, 100
177537, 21403.0400,  2, -317.92, 100
177537, 21403.0400,  2, -351.15, 100
177537, 21403.0400,  2, -377.88, 100
177537, 21403.0400,  2, -411.23, 100
178473, 21517.6500,  2, -340.17, 100
178473, 21517.6500,  2, -407.00, 100
178473, 21517.6500,  2, -371.05, 100
178473, 21517.6500,  2, -323.78, 100
178473, 21517.6500,  2, -349.38, 100
178473, 21517.6500,  2, -351.32, 100
178473, 21517.6500,  2, -384.02, 100
178473, 21517.6500,  2, -346.75, 100
179209, 21611.7200,  1, -838.56, 78.65000000000146
179409, 21633.1500,  2, -333.92, 100
179409, 21633.1500,  2, -284.71, 100
179409, 21633.1500,  2, -359.95, 100
179409, 21633.1500,  2, -366.59, 100
179409, 21633.1500,  2, -365.72, 100
179409, 21633.1500,  2, -367.25, 100
179409, 21633.1500,  2, -337.82, 100
180345, 21748.1500,  2, -344.79, 100
180345, 21748.1500,  2, -337.28, 100
180345, 21748.1500,  2, -350.15, 100
180345, 21748.1500,  2, -362.09, 100
180345, 21748.1500,  2, -354.11, 100
180345, 21748.1500,  2, -376.59, 100
180345, 21748.1500,  2, -281.20, 100
180345, 21748.1500,  2, -323.28, 100
181281, 21863.7700,  2, -310.73, 100
181281, 21863.7700,  2, -380.50, 100
181281, 21863.7700,  2, -354.11, 100
181281, 21863.7700,  2, -291.00, 100
181281, 21863.7700,  2, -338.43, 100
181281, 21863.7700,  2, -340.11, 100
181281, 21863.7700,  2, -326.59, 100
181281, 21863.7700,  2, -380.10, 100
182217, 21978.4500,  2, -368.58, 100
182217, 21978.4500,  2, -146.71, 100
182217, 21978.4500,  2, -354.62, 100
182217, 21978.4500,  2, -286.70, 100
182217, 21978.4500,  2, -296.01, 100
182217, 21978.4500,  2, -308.35, 100
182217, 21978.4500,  2, -307.57, 100
182217, 21978.4500,  2, -280.94, 100
183153, 22093.0800,  2, -393.26, 100
183153, 22093.0800,  2, -486.49, 100
183153, 22093.0800,  2, -362.73, 100
183153, 22093.0800,  2, -213.39, 100
183153, 22093.0800,  2, -355.76, 100
183153, 22093.0800,  2, -397.79, 100
183153, 22093.0800,  2, -296.43, 100
183153, 22093.0800,  2, -350.88, 100
184089, 22207.9700,  2, -360.30, 100
184089, 22207.9700,  2, -326.41, 100
184089, 22207.9700,  2, -339.50, 100
184089, 22207.9700,  2, -367.64, 100
184089, 22207.9700,  2, -398.29, 100
184089, 22207.9700,  2, -320.71, 100
184089, 22207.9700,  2, -371.77, 100
184089, 22207.9700,  2, -354.97, 100
185025, 22322.6500,  2, -368.09, 100
185025, 22322.6500,  2, -342.48, 100
185025, 22322.6500,  2, -375.45, 100
185025, 22322.6500,  2, -359.76, 100
185025, 22322.6500,  2, -335.49, 100
185025, 22322.6500,  2, -263.93, 100
185025, 22322.6500,  2, -385.01, 100
185025, 22322.6500,  2, -278.84, 100
185961, 22438.1500,  2, -261.36, 100
185961, 22438.1500,  2, -309.95, 100
185961, 22438.1500,  2, -330.30, 100
185961, 22438.1500,  2, -335.97, 100
185961, 22438.1500,  2, -336.76, 100
185961, 22438.1500,  2, -358.12, 100
185961, 22438.1500,  2, -392.95, 100
185961, 22438.1500,  2, -362.34, 100
186897, 22552.8500,  2, -317.61, 100
186897, 22552.8500,  2, -381.08, 100
186897, 22552.8500,  2, -400.25, 100
186897, 22552.8500,  2, -373.05, 100
186897, 22552.8500,  2, -391.27, 100
186897, 22552.8500,  2, -416.08, 100
186897, 22552.8500,  2, -271.37, 100
186897, 22552.8500,  2, -388.05, 100
187833, 22667.4700,  2, -236.08, 100
187833, 22667.4700,  2, -370.03, 100
187833, 22667.4700,  2, -402.42, 100
187833, 22667.4700,  2, -361.43, 100
187833, 22667.4700,  2, -165.96, 100
187833, 22667.4700,  2, -351.15, 100
187833, 22667.4700,  2, -305.01, 100
187833, 22667.4700,  2, -412.22, 100
188769, 22782.2700,  2, -334.78, 100
188769, 22782.2700,  2, -346.64, 100
188769, 22782.2700,  2, -215.13, 100
188769, 22782.2700,  2, -208.45, 100
188769, 22782.2700,  2, -191.76, 100
188769, 22782.2700,  2, -130.33, 100
188769, 22782.2700,  2, -369.66, 100
188769, 22782.2700,  2, -355.17, 100
189667, 22893.0200,  1, -773.99, 96.0
189705, 22897.1000,  2, -377.84, 100
189705, 22897.1000,  2, -539.05, 100
189705, 22897.1000,  2, -368.01, 100
189705, 22897.1000,  2, -424.91, 100
189705, 22897.1000,  2, -417.11, 100
189705, 22897.1000,  2, -359.73, 100
189705, 22897.1000,  2, -347.32, 100
190641, 23011.9900,  2, -435.32, 100
190641, 23011.9900,  2, -441.14, 100
190641, 23011.9900,  2, -374.59, 100
190641, 23011.9900,  2, -286.38, 100
190641, 23011.9900,  2, -412.84, 100
190641, 23011.9900,  2, -195.02, 100
190641, 23011.9900,  2, -448.03, 100
190641, 23011.9900,  2, -395.98, 100
191577, 23126.6900,  2, -465.96, 100
191577, 23126.6900,  2, -389.80, 100
191577, 23126.6900,  2, -294.83, 100
191577, 23126.6900,  2, -448.09, 100
191577, 23126.6900,  2, -367.81, 100
191577, 23126.6900,  2, -229.81, 100
191577, 23126.6900,  2, -251.15, 100
191577, 23126.6900,  2, -351.91, 100
192511, 23241.2400,  1, -927.74, 99.86000000000058
192513, 23241.4500,  2, -317.84, 100
192513, 23241.4500,  2, -397.25, 100
192513, 23241.4500,  2, -346.51, 100
192513, 23241.4500,  2, -310.33, 100
192513, 23241.4500,  2, -277.13, 100
192513, 23241.4500,  2, -117.94, 100
192513, 23241.4500,  2, -385.99, 100
193294, 23340.3600,  1, -723.56, 83.45999999999913
193449, 23356.9700,  2, -327.26, 100
193449, 23356.9700,  2, -354.66, 100
193449, 23356.9700,  2, -338.82, 100
193449, 23356.9700,  2, -317.35, 100
193449, 23356.9700,  2, -335.17, 100
193449, 23356.9700,  2, -317.68, 100
193449, 23356.9700,  2, -345.95, 100
194385, 23471.6700,  2, -395.99, 100
194385, 23471.6700,  2, -403.95, 100
194385, 23471.6700,  2, -483.92, 100
194385, 23471.6700,  2, -416.46, 100
194385, 23471.6700,  2, -318.23, 100
194385, 23471.6700,  2, -349.14, 100
194385, 23471.6700,  2, -279.33, 100
194385, 23471.6700,  2, -328.98, 100
194735, 23524.4000,  1, -612.96, 37.280000000002474
194738, 23524.7200,  1, -688.72, 37.60000000000218
195105, 23564.0400,  1, -788.86, 76.92000000000189
195246, 23579.1500,  1, -971.68, 92.03000000000247
195274, 23582.1500,  1, -844.69, 95.03000000000247
195321, 23587.1900,  2, -363.96, 100
195321, 23587.1900,  2, -205.77, 100
195321, 23587.1900,  2, -449.05, 100
195467, 23617.3100,  1, -504.88, 15.420000000001892
195933, 23667.2400,  1, -854.53, 65.35000000000218
196257, 23701.9500,  2, -422.68, 100
196257, 23701.9500,  2, -369.61, 100
196257, 23701.9500,  2, -294.10, 100
196257, 23701.9500,  2, -390.65, 100
196257, 23701.9500,  2, -348.47, 100
196257, 23701.9500,  2, -453.10, 100
197193, 23816.8500,  2, -295.84, 100
197193, 23816.8500,  2, -354.00, 100
197193, 23816.8500,  2, -351.35, 100
197193, 23816.8500,  2, -415.69, 100
197193, 23816.8500,  2, -389.21, 100
197193, 23816.8500,  2, -375.48, 100
197193, 23816.8500,  2, -429.70, 100
197193, 23816.8500,  2, -413.77, 100
198129, 23931.5800,  2, -402.89, 100
198129, 23931.5800,  2, -273.84, 100
198129, 23931.5800,  2, -200.38, 100
198129, 23931.5800,  2, -391.48, 100
198129, 23931.5800,  2, -369.71, 100
198129, 23931.5800,  2, -228.28, 100
198129, 23931.5800,  2, -122.85, 100
198129, 23931.5800,  2, -380.48, 100
199065, 24046.2700,  2, -383.17, 100
199065, 24046.2700,  2, -409.97, 100
199065, 24046.2700,  2, -411.44, 100
199065, 24046.2700,  2, -302.14, 100
199065, 24046.2700,  2, -277.45, 100
199065, 24046.2700,  2, -304.09, 100
199065, 24046.2700,  2, -383.24, 100
199065, 24046.2700,  2, -431.43, 100
200001, 24162.1100,  2, -439.99, 100
200001, 24162.1100,  2, -416.07, 100
200001, 24162.1100,  2, -294.80, 100
200001, 24162.1100,  2, -212.94, 100
200001, 24162.1100,  2, -282.49, 100
200001, 24162.1100,  2, -363.40, 100
200001, 24162.1100,  2, -238.00, 100
200001, 24162.1100,  2, -453.29, 100
200900, 24273.1900,  1, -848.98, 96.11999999999898
200937, 24277.1500,  2, -370.20, 100
200937, 24277.1500,  2, -318.47, 100
200937, 24277.1500,  2, -209.53, 100
200937, 24277.1500,  2, -560.55, 100
200937, 24277.1500,  2, -446.38, 100
200937, 24277.1500,  2, -444.40, 100
200937, 24277.1500,  2, -392.32, 100
201873, 24392.0400,  2, -271.83, 100
201873, 24392.0400,  2, -437.76, 100
201873, 24392.0400,  2, -332.33, 100
201873, 24392.0400,  2, -360.32, 100
201873, 24392.0400,  2, -540.44, 100
201873, 24392.0400,  2, -516.23, 100
201873, 24392.0400,  2, -317.04, 100
201873, 24392.0400,  2, -381.79, 100
202494, 24473.1100,  1, -656.01, 66.31999999999971
202809, 24506.8600,  2, -433.64, 100
202809, 24506.8600,  2, -538.79, 100
202809, 24506.8600,  2, -334.64, 100
202809, 24506.8600,  2, -456.54, 100
202809, 24506.8600,  2, -110.28, 100
202809, 24506.8600,  2, -491.16, 100
202809, 24506.8600,  2, -108.30, 100
203270, 24570.5600,  1, -668.36, 49.17000000000189
203270, 24570.5600,  1, -752.34, 49.17000000000189
203745, 24621.4500,  2, -330.51, 100
203745, 24621.4500,  2, -435.98, 100
203745, 24621.4500,  2, -538.56, 100
203745, 24621.4500,  2, -343.00, 100
203745, 24621.4500,  2, -255.56, 100
203745, 24621.4500,  2, -248.75, 100
204156, 24680.1000,  1, -694.74, 43.82999999999811
204361, 24702.0600,  1, -720.92, 65.79000000000087
204361, 24702.0600,  1, -674.63, 65.79000000000087
204577, 24725.2000,  1, -868.71, 88.93000000000029
204681, 24736.3500,  2, -506.10, 100
204681, 24736.3500,  2, -544.32, 100
204681, 24736.3500,  2, -349.82, 100
204681, 24736.3500,  2, -397.69, 100
205493, 24837.7900,  1, -954.85, 86.78000000000247
205617, 24851.0800,  2, -514.73, 100
205617, 24851.0800,  2, -550.10, 100
205617, 24851.0800,  2, -484.21, 100
205617, 24851.0800,  2, -471.30, 100
205617, 24851.0800,  2, -336.27, 100
205617, 24851.0800,  2, -477.12, 100
205617, 24851.0800,  2, -308.06, 100
206553, 24965.8500,  2, -410.04, 100
206553, 24965.8500,  2, -227.69, 100
206553, 24965.8500,  2, -302.78, 100
206553, 24965.8500,  2, -471.87, 100
206553, 24965.8500,  2, -230.19, 100
206553, 24965.8500,  2, -494.96, 100
206553, 24965.8500,  2, -489.90, 100
206553, 24965.8500,  2, -223.97, 100
207489, 25080.7400,  2, -417.20, 100
207489, 25080.7400,  2, -421.58, 100
207489, 25080.7400,  2, -456.81, 100
207489, 25080.7400,  2, -467.11, 100
207489, 25080.7400,  2, -491.21, 100
207489, 25080.7400,  2, -482.29, 100
207489, 25080.7400,  2, -346.23, 100
207489, 25080.7400,  2, -401.73, 100
208425, 25195.7400,  2, -376.57, 100
208425, 25195.7400,  2, -476.92, 100
208425, 25195.7400,  2, -428.46, 100
208425, 25195.7400,  2, -445.44, 100
208425, 25195.7400,  2, -349.11, 100
208425, 25195.7400,  2, -411.16, 100
208425, 25195.7400,  2, -333.70, 100
208425, 25195.7400,  2, -434.58, 100
209361, 25310.6500,  2, -463.42, 100
209361, 25310.6500,  2, -395.32, 100
209361, 25310.6500,  2, -359.19, 100
209361, 25310.6500,  2, -458.78, 100
209361, 25310.6500,  2, -335.40, 100
209361, 25310.6500,  2, -449.61, 100
209361, 25310.6500,  2, -376.27, 100
209361, 25310.6500,  2, -409.48, 100
210297, 25425.3600,  2, -317.77, 100
210297, 25425.3600,  2, -346.12, 100
210297, 25425.3600,  2, -379.39, 100
210297, 25425.3600,  2, -410.19, 100
210297, 25425.3600,  2, -437.54, 100
210297, 25425.3600,  2, -335.55, 100
210297, 25425.3600,  2, -360.47, 100
210297, 25425.3600,  2, -361.29, 100
211233, 25540.0800,  2, -400.31, 100
211233, 25540.0800,  2, -403.49, 100
211233, 25540.0800,  2, -388.54, 100
211233, 25540.0800,  2, -449.29, 100
211233, 25540.0800,  2, -427.81, 100
211233, 25540.0800,  2, -360.39, 100
211233, 25540.0800,  2, -379.96, 100
211233, 25540.0800,  2, -323.39, 100
211988, 25635.6000,  1, -873.73, 80.68999999999869
212169, 25654.9900,  2, -342.96, 100
212169, 25654.9900,  2, -357.18, 100
212169, 25654.9900,  2, -413.75, 100
212169, 25654.9900,  2, -315.43, 100
212169, 25654.9900,  2, -308.07, 100
212169, 25654.9900,  2, -312.58, 100
212169, 25654.9900,  2, -422.89, 100
213105, 25769.6500,  2, -360.60, 100
213105, 25769.6500,  2, -399.18, 100
213105, 25769.6500,  2, -397.58, 100
213105, 25769.6500,  2, -220.66, 100
213105, 25769.6500,  2, -338.06, 100
213105, 25769.6500,  2, -273.58, 100
213105, 25769.6500,  2, -383.97, 100
213105, 25769.6500,  2, -343.39, 100
214041, 25884.4500,  2, -446.01, 100
214041, 25884.4500,  2, -339.52, 100
214041, 25884.4500,  2, -360.50, 100
214041, 25884.4500,  2, -191.55, 100
214041, 25884.4500,  2, -258.49, 100
214041, 25884.4500,  2, -463.94, 100
214041, 25884.4500,  2, -314.95, 100
214041, 25884.4500,  2, -340.63, 100
214977, 25999.9400,  2, -433.86, 100
214977, 25999.9400,  2, -412.60, 100
214977, 25999.9400,  2, -287.54, 100
214977, 25999.9400,  2, -215.34, 100
214977, 25999.9400,  2, -314.10, 100
214977, 25999.9400,  2, -350.68, 100
214977, 25999.9400,  2, -426.52, 100
214977, 25999.9400,  2, -269.94, 100
215913, 26114.8500,  2, -327.20, 100
215913, 26114.8500,  2, -491.90, 100
215913, 26114.8500,  2, -328.24, 100
215913, 26114.8500,  2, -262.74, 100
215913, 26114.8500,  2, -84.84, 100
215913, 26114.8500,  2, -379.70, 100
215913, 26114.8500,  2, -452.32, 100
215913, 26114.8500,  2, -284.22, 100
216391, 26180.5400,  1, -690.24, 51.0
216849, 26229.6100,  2, -345.06, 100
216849, 26229.6100,  2, -312.39, 100
216849, 26229.6100,  2, -99.78, 100
216849, 26229.6100,  2, -397.54, 100
216849, 26229.6100,  2, -378.37, 100
216849, 26229.6100,  2, -159.43, 100
216849, 26229.6100,  2, -246.43, 100
217785, 26344.3300,  2, -334.02, 100
217785, 26344.3300,  2, -295.54, 100
217785, 26344.3300,  2, -323.53, 100
217785, 26344.3300,  2, -437.09, 100
217785, 26344.3300,  2, -256.53, 100
217785, 26344.3300,  2, -338.87, 100
217785, 26344.3300,  2, -466.96, 100
217785, 26344.3300,  2, -363.29, 100
218721, 26459.0800,  2, -339.92, 100
218721, 26459.0800,  2, -406.87, 100
218721, 26459.0800,  2, -452.04, 100
218721, 26459.0800,  2, -386.30, 100
218721, 26459.0800,  2, -407.69, 100
218721, 26459.0800,  2, -254.26, 100
218721, 26459.0800,  2, -431.34, 100
218721, 26459.0800,  2, -312.12, 100
219657, 26573.8600,  2, -307.56, 100
219657, 26573.8600,  2, -295.60, 100
219657, 26573.8600,  2, -272.94, 100
219657, 26573.8600,  2, -392.30, 100
219657, 26573.8600,  2, -311.95, 100
219657, 26573.8600,  2, -416.83, 100
219657, 26573.8600,  2, -504.70, 100
219657, 26573.8600,  2, -341.07, 100
220593, 26688.5400,  2, -290.21, 100
220593, 26688.5400,  2, -355.90, 100
220593, 26688.5400,  2, -325.75, 100
220593, 26688.5400,  2, -431.29, 100
220593, 26688.5400,  2, -309.16, 100
220593, 26688.5400,  2, -385.64, 100
220593, 26688.5400,  2, -435.62, 100
220593, 26688.5400,  2, -364.65, 100
221529, 26803.4400,  2, -412.88, 100
221529, 26803.4400,  2, -460.43, 100
221529, 26803.4400,  2, -401.89, 100
221529, 26803.4400,  2, -388.45, 100
221529, 26803.4400,  2, -359.15, 100
221529, 26803.4400,  2, -426.86, 100
221529, 26803.4400,  2, -455.01, 100
221529, 26803.4400,  2, -366.23, 100
222465, 26918.9900,  2, -366.38, 100
222465, 26918.9900,  2, -397.84, 100
222465, 26918.9900,  2, -344.61, 100
222465, 26918.9900,  2, -438.54, 100
222465, 26918.9900,  2, -411.39, 100
222465, 26918.9900,  2, -390.72, 100
222465, 26918.9900,  2, -450.91, 100
222465, 26918.9900,  2, -406.55, 100
223401, 27033.7400,  2, -376.94, 100
223401, 27033.7400,  2, -457.21, 100
223401, 27033.7400,  2, -414.05, 100
223401, 27033.7400,  2, -394.37, 100
223401, 27033.7400,  2, -368.88, 100
223401, 27033.7400,  2, -362.42, 100
223401, 27033.7400,  2, -361.99, 100
223401, 27033.7400,  2, -386.49, 100
224337, 27148.7400,  2, -371.14, 100
224337, 27148.7400,  2, -382.90, 100
224337, 27148.7400,  2, -405.51, 100
224337, 27148.7400,  2, -344.42, 100
224337, 27148.7400,  2, -364.01, 100
224337, 27148.7400,  2, -330.17, 100
224337, 27148.7400,  2, -320.60, 100
224337, 27148.7400,  2, -328.95, 100
225112, 27246.4900,  1, -886.47, 82.82000000000335
225273, 27263.7400,  2, -355.43, 100
225273, 27263.7400,  2, -345.32, 100
225273, 27263.7400,  2, -410.28, 100
225273, 27263.7400,  2, -378.15, 100
225273, 27263.7400,  2, -328.91, 100
225273, 27263.7400,  2, -374.71, 100
225273, 27263.7400,  2, -371.66, 100
226209, 27378.6000,  2, -381.92, 100
226209, 27378.6000,  2, -443.40, 100
226209, 27378.6000,  2, -373.96, 100
226209, 27378.6000,  2, -310.21, 100
226209, 27378.6000,  2, -412.16, 100
226209, 27378.6000,  2, -462.42, 100
226209, 27378.6000,  2, -451.53, 100
226209, 27378.6000,  2, -400.17, 100
227145, 27493.2600,  2, -366.52, 100
227145, 27493.2600,  2, -393.29, 100
227145, 27493.2600,  2, -460.55, 100
227145, 27493.2600,  2, -494.11, 100
227145, 27493.2600,  2, -447.42, 100
227145, 27493.2600,  2, -497.26, 100
227145, 27493.2600,  2, -417.58, 100
227145, 27493.2600,  2, -437.80, 100
228081, 27607.8500,  2, -556.57, 100
228081, 27607.8500,  2, -599.76, 100
228081, 27607.8500,  2, -448.25, 100
228081, 27607.8500,  2, -526.84, 100
228081, 27607.8500,  2, -534.80, 100
228081, 27607.8500,  2, -560.99, 100
228081, 27607.8500,  2, -647.74, 100
228081, 27607.8500,  2, -520.43, 100
229017, 27722.6000,  2, -566.25, 100
229017, 27722.6000,  2, -490.19, 100
229017, 27722.6000,  2, -530.04, 100
229017, 27722.6000,  2, -589.50, 100
229017, 27722.6000,  2, -541.49, 100
229017, 27722.6000,  2, -567.17, 100
229017, 27722.6000,  2, -695.11, 100
229017, 27722.6000,  2, -556.46, 100
229953, 27838.1900,  2, -547.22, 100
229953, 27838.1900,  2, -600.69, 100
229953, 27838.1900,  2, -526.51, 100
229953, 27838.1900,  2, -657.79, 100
229953, 27838.1900,  2, -645.32, 100
229953, 27838.1900,  2, -540.11, 100
229953, 27838.1900,  2, -607.48, 100
229953, 27838.1900,  2, -678.46, 100
230565, 27918.2200,  1, -910.68, 65.35000000000218
230889, 27952.9400,  2, -598.00, 100
230889, 27952.9400,  2, -584.61, 100
230889, 27952.9400,  2, -652.50, 100
230889, 27952.9400,  2, -582.53, 100
230889, 27952.9400,  2, -635.75, 100
230889, 27952.9400,  2, -559.38, 100
230889, 27952.9400,  2, -440.35, 100
231825, 28067.9200,  2, -497.49, 100
231825, 28067.9200,  2, -477.75, 100
231825, 28067.9200,  2, -477.81, 100
231825, 28067.9200,  2, -652.70, 100
231825, 28067.9200,  2, -558.99, 100
231825, 28067.9200,  2, -610.39, 100
231825, 28067.9200,  2, -673.59, 100
231825, 28067.9200,  2, -655.17, 100
232761, 28182.8300,  2, -503.16, 100
232761, 28182.8300,  2, -463.28, 100
232761, 28182.8300,  2, -529.50, 100
232761, 28182.8300,  2, -555.51, 100
232761, 28182.8300,  2, -521.88, 100
232761, 28182.8300,  2, -623.35, 100
232761, 28182.8300,  2, -616.39, 100
232761, 28182.8300,  2, -368.21, 100
232779, 28199.1900,  1, -509.50, 1.7199999999975262
233669, 28294.5400,  1, -904.65, 97.06999999999971
233697, 28297.5400,  2, -371.22, 100
233697, 28297.5400,  2, -575.69, 100
233697, 28297.5400,  2, -306.90, 100
233697, 28297.5400,  2, -508.56, 100
233697, 28297.5400,  2, -393.23, 100
233697, 28297.5400,  2, -418.73, 100
234633, 28412.3500,  2, -383.20, 100
234633, 28412.3500,  2, -434.14, 100
234633, 28412.3500,  2, -383.70, 100
234633, 28412.3500,  2, -315.90, 100
234633, 28412.3500,  2, -324.66, 100
234633, 28412.3500,  2, -434.62, 100
234633, 28412.3500,  2, -351.68, 100
234633, 28412.3500,  2, -408.13, 100
234689, 28432.8300,  1, -564.96, 5.790000000000873
235149, 28482.1100,  1, -683.35, 55.06999999999971
235569, 28527.1100,  2, -306.64, 100
235569, 28527.1100,  2, -379.14, 100
235569, 28527.1100,  2, -326.91, 100
235569, 28527.1100,  2, -402.98, 100
235569, 28527.1100,  2, -189.57, 100
235569, 28527.1100,  2, -293.09, 100
236031, 28591.2000,  1, -670.43, 49.29000000000087
236031, 28591.2000,  1, -794.78, 49.29000000000087
236505, 28641.9900,  2, -354.02, 100
236505, 28641.9900,  2, -178.76, 100
236505, 28641.9900,  2, -304.17, 100
236505, 28641.9900,  2, -259.88, 100
236505, 28641.9900,  2, -300.08, 100
236505, 28641.9900,  2, -122.08, 100
237441, 28756.7700,  2, -351.15, 100
237441, 28756.7700,  2, -252.30, 100
237441, 28756.7700,  2, -158.84, 100
237441, 28756.7700,  2, -239.50, 100
237441, 28756.7700,  2, -336.06, 100
237441, 28756.7700,  2, -256.70, 100
237441, 28756.7700,  2, -324.73, 100
237441, 28756.7700,  2, -185.43, 100
238114, 28843.2700,  1, -643.73, 71.88000000000102
238281, 28861.1700,  1, -883.23, 89.77999999999884
238292, 28862.3500,  1, -828.27, 90.95999999999913
238377, 28871.4500,  2, -371.84, 100
238377, 28871.4500,  2, -552.69, 100
238377, 28871.4500,  2, -485.35, 100
238377, 28871.4500,  2, -472.60, 100
238377, 28871.4500,  2, -363.58, 100
238582, 28907.7200,  1, -623.01, 21.7400000000016
238692, 28919.5100,  1, -642.57, 33.529999999998836
239286, 28983.1500,  1, -1174.15, 97.17000000000189
239305, 28985.1900,  1, -960.02, 99.20999999999913
239313, 28986.0400,  2, -624.92, 100
239313, 28986.0400,  2, -570.40, 100
239313, 28986.0400,  2, -488.09, 100
239313, 28986.0400,  2, -520.42, 100
239385, 29008.1000,  1, -529.64, 7.5
239542, 29024.9200,  1, -573.01, 24.31999999999971
239551, 29025.8800,  1, -719.80, 25.280000000002474
239647, 29036.1700,  1, -786.34, 35.56999999999971
239685, 29040.2400,  1, -839.20, 39.640000000003056
239695, 29041.3100,  1, -732.60, 40.710000000002765
239704, 29042.2700,  1, -775.98, 41.67000000000189
240249, 29100.6700,  2, -425.02, 100
240366, 29127.6000,  1, -542.82, 12.319999999999709
240554, 29147.7400,  1, -729.22, 32.460000000002765
240564, 29148.8100,  1, -630.64, 33.530000000002474
240620, 29154.8100,  1, -740.14, 39.530000000002474
240637, 29156.6300,  1, -769.26, 41.35000000000218
240659, 29158.9900,  1, -753.09, 43.710000000002765
240698, 29163.1700,  1, -800.97, 47.88999999999942
240906, 29185.4500,  1, -997.84, 70.17000000000189
240952, 29204.8500,  1, -583.41, 4.719999999997526
240976, 29207.4200,  1, -561.25, 7.289999999997235
240980, 29207.8500,  1, -589.02, 7.719999999997526
241087, 29219.3100,  1, -608.41, 19.18000000000029
241173, 29228.5200,  1, -737.44, 28.389999999999418
241221, 29233.6700,  1, -800.90, 33.539999999997235
241470, 29260.3500,  1, -824.85, 60.219999999997526
241518, 29265.4900,  1, -810.20, 65.36000000000058
241558, 29284.3300,  1, -538.89, 4.180000000000291
241569, 29285.5100,  1, -588.18, 5.359999999996944
242340, 29368.1100,  1, -1041.49, 87.95999999999913
242453, 29380.2200,  2, -619.09, 100
242453, 29380.2200,  2, -371.06, 100
242453, 29380.2200,  2, -388.09, 100
242453, 29380.2200,  2, -604.64, 100
242453, 29380.2200,  2, -424.83, 100
242772, 29428.9200,  1, -560.32, 33.95999999999913
242842, 29436.4200,  1, -770.08, 41.45999999999913
242865, 29438.8800,  1, -762.12, 43.92000000000189
242871, 29439.5200,  1, -928.50, 44.56000000000131
243111, 29465.2400,  1, -894.09, 70.28000000000247
243147, 29469.1000,  1, -787.25, 74.13999999999942
243152, 29469.6300,  1, -688.71, 74.67000000000189
243348, 29490.6300,  1, -991.69, 95.67000000000189
243540, 29525.7000,  1, -565.27, 20.350000000002183
243566, 29528.4900,  1, -593.02, 23.140000000003056
243584, 29530.4200,  1, -654.31, 25.06999999999971
243605, 29532.6700,  1, -579.44, 27.31999999999971
243788, 29552.2700,  1, -722.03, 46.92000000000189
243826, 29556.3500,  1, -782.32, 51.0
243859, 29559.8800,  1, -754.48, 54.530000000002474
243880, 29562.1300,  1, -775.59, 56.780000000002474
243922, 29581.2700,  1, -547.33, 4.279999999998836
243976, 29587.0600,  1, -592.45, 10.069999999999709
244023, 29592.1000,  1, -604.01, 15.109999999996944
244051, 29595.1000,  1, -590.74, 18.109999999996944
244223, 29613.5200,  1, -640.18, 36.529999999998836
244239, 29615.2400,  1, -674.05, 38.25
244320, 29623.9200,  1, -700.42, 46.92999999999665
244590, 29652.8500,  1, -943.03, 75.85999999999694
244627, 29671.2900,  1, -559.40, 3.75
244688, 29677.8300,  1, -488.10, 10.290000000000873
244720, 29681.2600,  1, -570.11, 13.719999999997526
244721, 29681.3600,  1, -548.58, 13.819999999999709
244783, 29688.0100,  1, -574.58, 20.469999999997526
245053, 29716.9400,  1, -808.71, 49.39999999999782
245526, 29767.6100,  2, -316.29, 100
245526, 29767.6100,  2, -467.54, 100
245549, 29784.4500,  1, -514.30, 2.2400000000016007
245659, 29796.2400,  1, -547.41, 14.030000000002474
245698, 29800.4200,  1, -658.03, 18.209999999999127
245715, 29802.2400,  1, -570.07, 20.030000000002474
246010, 29833.8500,  1, -548.80, 51.63999999999942
246027, 29835.6700,  1, -520.49, 53.45999999999913
246262, 29860.8500,  1, -674.95, 78.63999999999942
246343, 29869.5200,  1, -1162.37, 87.31000000000131
246446, 29895.2000,  1, -606.65, 10.819999999999709
246512, 29902.2700,  1, -572.13, 17.889999999999418
246620, 29913.8500,  1, -677.21, 29.469999999997526
246667, 29918.8800,  1, -727.02, 34.5
246807, 29933.8800,  1, -965.69, 49.5
246859, 29939.4500,  1, -796.43, 55.06999999999971
247279, 29984.4500,  2, -504.29, 100
247279, 29984.4500,  2, -551.40, 100
247319, 30003.0400,  1, -491.73, 4.069999999999709
247444, 30016.4400,  1, -516.00, 17.469999999997526
247445, 30016.5400,  1, -681.27, 17.56999999999971
247468, 30019.0100,  1, -569.80, 20.039999999997235
247518, 30024.3600,  1, -720.31, 25.389999999999418
247662, 30039.7900,  1, -784.69, 40.81999999999971
247969, 30072.6900,  1, -958.30, 73.71999999999753
248059, 30082.3300,  1, -584.67, 83.36000000000058
248110, 30102.2600,  1, -492.56, 5.259999999998399
248228, 30114.9000,  1, -612.66, 17.900000000001455
248249, 30117.1500,  1, -661.31, 20.150000000001455
248450, 30138.6900,  1, -792.55, 41.68999999999869
248699, 30165.3600,  1, -741.95, 68.36000000000058
248995, 30197.0800,  2, -207.82, 100
248995, 30197.0800,  2, -386.77, 100
248995, 30197.0800,  2, -874.74, 100
249032, 30215.3300,  1, -495.89, 3.75
249080, 30220.4700,  1, -620.48, 8.889999999999418
249138, 30226.6900,  1, -614.62, 15.109999999996944
249310, 30245.1100,  1, -725.23, 33.529999999998836
249386, 30253.2600,  1, -619.85, 41.67999999999665
249396, 30254.3300,  1, -812.17, 42.75
249613, 30277.5800,  1, -705.79, 66.0
249931, 30311.6500,  2, -265.08, 100
250106, 30344.7400,  1, -587.71, 18.530000000002474
250134, 30347.7400,  1, -518.90, 21.530000000002474
250150, 30349.4500,  1, -667.10, 23.2400000000016
250175, 30352.1300,  1, -734.04, 25.92000000000189
250180, 30352.6700,  1, -348.01, 26.459999999999127
250220, 30356.9500,  1, -609.09, 30.7400000000016
250223, 30357.2700,  1, -526.53, 31.06000000000131
250390, 30375.1700,  1, -569.40, 48.95999999999913
250510, 30402.5400,  1, -586.45, 12.639999999999418
250533, 30405.0100,  1, -587.40, 15.109999999996944
250617, 30414.0100,  1, -520.95, 24.109999999996944
250666, 30419.2600,  1, -713.46, 29.359999999996944
250677, 30420.4400,  1, -722.09, 30.539999999997235
251070, 30462.5400,  1, -659.89, 72.63999999999942
251268, 30483.7600,  1, -653.95, 93.85999999999694
251326, 30489.9700,  2, -260.48, 100
251380, 30510.8300,  1, -585.61, 5.570000000003347
251393, 30512.2200,  1, -606.78, 6.960000000002765
251411, 30514.1500,  1, -617.33, 8.890000000003056
251414, 30514.4700,  1, -623.87, 9.210000000002765
251417, 30514.7900,  1, -491.72, 9.530000000002474
251430, 30516.1900,  1, -562.39, 10.930000000000291
251456, 30518.9700,  1, -424.42, 13.710000000002765
251773, 30552.9400,  1, -750.84, 47.68000000000029
251813, 30571.8600,  1, -512.97, 4.06000000000131
251819, 30572.5100,  1, -581.67, 4.709999999999127
251871, 30578.0800,  1, -592.82, 10.280000000002474
251945, 30586.0100,  1, -696.41, 18.209999999999127
251968, 30588.4700,  1, -718.85, 20.67000000000189
252002, 30592.1100,  1, -708.27, 24.31000000000131
252244, 30618.0400,  1, -696.69, 50.2400000000016
252269, 30620.7200,  1, -848.57, 52.92000000000189
252289, 30637.2200,  1, -501.44, 2.030000000002474
252420, 30651.2600,  1, -700.19, 16.06999999999971
252497, 30659.5100,  1, -715.67, 24.31999999999971
252582, 30668.6100,  1, -871.39, 33.42000000000189
252583, 30668.7200,  1, -539.53, 33.530000000002474
252609, 30671.5100,  1, -757.00, 36.31999999999971
252619, 30672.5800,  1, -708.42, 37.390000000003056
252745, 30686.0800,  1, -849.22, 50.890000000003056
252821, 30708.6300,  1, -542.43, 8.040000000000873
252842, 30710.8800,  1, -466.08, 10.290000000000873
252848, 30711.5200,  1, -617.60, 10.930000000000291
252857, 30712.4900,  1, -488.40, 11.900000000001455
252858, 30712.6000,  1, -539.02, 12.0099999999984
252858, 30712.6000,  1, -640.06, 12.0099999999984
252897, 30716.7700,  1, -657.18, 16.18000000000029
253001, 30727.9200,  1, -742.14, 27.32999999999811
253075, 30751.1000,  1, -580.81, 7.819999999999709
253116, 30755.4900,  1, -626.85, 12.210000000002765
253210, 30765.5600,  1, -673.30, 22.280000000002474
253248, 30769.6300,  1, -706.73, 26.350000000002183
253320, 30777.3500,  1, -534.78, 34.06999999999971
253324, 30777.7700,  1, -680.33, 34.4900000000016
253373, 30783.0200,  1, -397.80, 39.7400000000016
253382, 30783.9900,  1, -839.82, 40.710000000002765
253420, 30803.6900,  1, -572.75, 3.959999999999127
253427, 30804.4400,  1, -584.31, 4.709999999999127
253482, 30810.3300,  1, -525.61, 10.600000000002183
253552, 30817.8300,  1, -634.53, 18.100000000002183
253552, 30817.8300,  1, -629.56, 18.100000000002183
253572, 30819.9700,  1, -675.70, 20.2400000000016
253664, 30829.8300,  1, -643.35, 30.100000000002183
253963, 30861.8600,  1, -882.94, 62.13000000000102
253991, 30879.5600,  1, -515.39, 2.890000000003056
254038, 30884.6000,  1, -608.29, 7.930000000000291
254045, 30885.3500,  1, -572.50, 8.680000000000291
254062, 30887.1700,  1, -548.29, 10.5
254152, 30896.8100,  1, -525.31, 20.140000000003056
254181, 30899.9200,  1, -707.58, 23.25
254229, 30905.0600,  1, -692.15, 28.390000000003056
254306, 30913.3100,  1, -704.92, 36.640000000003056
254403, 30938.9500,  1, -639.87, 10.290000000000873
254419, 30940.6700,  1, -596.16, 12.0099999999984
254438, 30942.7000,  1, -646.25, 14.040000000000873
254486, 30947.8500,  1, -648.20, 19.18999999999869
254487, 30947.9500,  1, -548.80, 19.290000000000873
254492, 30948.4900,  1, -660.45, 19.830000000001746
254498, 30949.1300,  1, -562.67, 20.470000000001164
255166, 31020.7000,  1, -701.54, 92.04000000000087
255258, 31045.0200,  1, -556.22, 9.639999999999418
255337, 31053.4900,  1, -597.51, 18.110000000000582
255356, 31055.5200,  1, -677.09, 20.139999999999418
255519, 31072.9900,  1, -518.88, 37.61000000000058
255606, 31082.3100,  1, -722.87, 46.93000000000029
255688, 31091.1000,  1, -958.03, 55.719999999997526
255806, 31103.7400,  1, -739.38, 68.36000000000058
256102, 31135.4500,  2, -419.77, 100
256245, 31165.1000,  1, -568.80, 15.109999999996944
256302, 31171.2000,  1, -597.07, 21.209999999999127
256312, 31172.2700,  1, -714.59, 22.279999999998836
256316, 31172.7000,  1, -560.35, 22.709999999999127
256331, 31174.3100,  1, -707.32, 24.31999999999971
256398, 31181.4900,  1, -697.85, 31.5
256492, 31191.5600,  1, -676.93, 41.56999999999971
256550, 31197.7700,  1, -813.18, 47.779999999998836
256616, 31219.3600,  1, -565.68, 6.850000000002183
256617, 31219.4700,  1, -576.02, 6.960000000002765
256623, 31220.1100,  1, -598.31, 7.600000000002183
256629, 31220.7600,  1, -619.04, 8.25
256753, 31234.0400,  1, -437.49, 21.530000000002474
256761, 31234.9000,  1, -446.72, 22.390000000003056
257124, 31273.7900,  1, -511.71, 61.280000000002474
257411, 31304.5400,  1, -933.21, 92.03000000000247
257525, 31332.2700,  1, -621.57, 11.9900000000016
257544, 31334.3100,  1, -628.63, 14.030000000002474
257601, 31340.4200,  1, -652.74, 20.139999999999418
257649, 31345.5600,  1, -740.32, 25.280000000002474
257649, 31345.5600,  1, -710.16, 25.280000000002474
257650, 31345.6700,  1, -681.88, 25.389999999999418
257960, 31378.8800,  1, -797.86, 58.60000000000218
258325, 31417.9900,  1, -829.04, 97.71000000000276
258419, 31442.4400,  1, -624.23, 9.859999999996944
258503, 31451.4400,  1, -616.28, 18.859999999996944
258544, 31455.8300,  1, -689.12, 23.25
258554, 31456.9000,  1, -790.98, 24.31999999999971
258678, 31470.1900,  1, -566.90, 37.609999999996944
258707, 31473.2900,  1, -704.67, 40.70999999999913
258751, 31478.0100,  1, -687.51, 45.42999999999665
259261, 31532.6500,  2, -304.83, 100
259337, 31555.1100,  1, -585.89, 7.930000000000291
259344, 31555.8600,  1, -582.06, 8.680000000000291
259423, 31564.3300,  1, -664.11, 17.150000000001455
259444, 31566.5800,  1, -695.22, 19.400000000001455
259623, 31585.7600,  1, -722.19, 38.57999999999811
259694, 31593.3600,  1, -716.72, 46.18000000000029
259734, 31597.6500,  1, -785.70, 50.470000000001164
260197, 31647.2600,  2, -204.67, 100
260234, 31665.6900,  1, -483.33, 3.7599999999983993
260406, 31684.1100,  1, -574.79, 22.18000000000029
260445, 31688.2900,  1, -694.45, 26.360000000000582
260704, 31716.0400,  1, -699.97, 54.11000000000058
260722, 31717.9700,  1, -873.52, 56.04000000000087
260857, 31732.4400,  1, -940.12, 70.5099999999984
261133, 31762.0100,  2, -496.00, 100
261133, 31762.0100,  2, -286.57, 100
261439, 31809.2900,  1, -723.26, 32.56999999999971
261457, 31811.2200,  1, -773.23, 34.5
261649, 31831.7900,  1, -817.04, 55.06999999999971
261677, 31834.7900,  1, -817.44, 58.06999999999971
261678, 31834.9000,  1, -822.48, 58.18000000000029
261782, 31846.0400,  1, -887.13, 69.31999999999971
262012, 31870.6900,  1, -863.98, 93.96999999999753
262069, 31876.7900,  2, -160.27, 100
262124, 31897.0800,  1, -466.99, 5.680000000000291
262142, 31899.0100,  1, -553.81, 7.609999999996944
262229, 31908.3300,  1, -509.39, 16.93000000000029
262278, 31913.5800,  1, -665.90, 22.18000000000029
262357, 31922.0400,  1, -648.34, 30.639999999999418
262403, 31926.9700,  1, -752.16, 35.56999999999971
263005, 31991.4700,  2, -487.59, 100
263005, 31991.4700,  2, -106.55, 100
263039, 32010.2900,  1, -533.40, 3.430000000000291
263061, 32012.6500,  1, -473.72, 5.790000000000873
263176, 32024.9700,  1, -651.45, 18.110000000000582
263187, 32026.1500,  1, -579.99, 19.290000000000873
263244, 32032.2600,  1, -577.57, 25.399999999997817
263310, 32039.3300,  1, -811.30, 32.470000000001164
263368, 32045.5400,  1, -789.73, 38.68000000000029
263425, 32051.6500,  1, -770.81, 44.79000000000087
263445, 32068.4200,  1, -512.37, 2.029999999998836
263525, 32076.9900,  1, -533.86, 10.600000000002183
263596, 32084.6000,  1, -601.63, 18.209999999999127
263759, 32102.0600,  1, -652.81, 35.67000000000189
263816, 32108.1700,  1, -722.15, 41.779999999998836
263979, 32125.6300,  1, -854.50, 59.2400000000016
264284, 32158.3100,  1, -1020.70, 91.92000000000189
264360, 32166.4500,  2, -533.41, 100
264413, 32186.6300,  1, -481.93, 5.460000000002765
264501, 32196.0600,  1, -627.91, 14.890000000003056
264577, 32204.2000,  1, -543.04, 23.030000000002474
264694, 32216.7400,  1, -752.67, 35.57000000000335
264752, 32222.9500,  1, -762.77, 41.780000000002474
265073, 32257.3500,  1, -642.01, 76.18000000000029
265296, 32281.2400,  2, -475.52, 100
265296, 32281.2400,  2, -426.78, 100
265554, 32323.2200,  1, -634.65, 27.43000000000029
265802, 32349.7900,  1, -683.57, 54.0
265809, 32350.5400,  1, -647.36, 54.75
266093, 32380.9700,  1, -836.53, 85.18000000000029
266232, 32395.8600,  2, -446.26, 100
266232, 32395.8600,  2, -417.34, 100
266232, 32395.8600,  2, -337.55, 100
266232, 32395.8600,  2, -395.15, 100
266476, 32436.4700,  1, -582.17, 25.92000000000189
266700, 32460.4700,  1, -806.91, 49.92000000000189
267168, 32510.6100,  2, -430.74, 100
267168, 32510.6100,  2, -161.70, 100
267168, 32510.6100,  2, -321.97, 100
267168, 32510.6100,  2, -517.61, 100
267168, 32510.6100,  2, -349.58, 100
267168, 32510.6100,  2, -256.02, 100
267406, 32550.5400,  1, -685.22, 25.280000000002474
267444, 32554.6100,  1, -606.29, 29.350000000002183
267636, 32575.1900,  1, -771.48, 49.93000000000029
268104, 32625.3300,  2, -196.46, 100
268104, 32625.3300,  2, -240.68, 100
268104, 32625.3300,  2, -291.33, 100
268104, 32625.3300,  2, -219.46, 100
268104, 32625.3300,  2, -365.11, 100
268333, 32664.2900,  1, -672.60, 24.31000000000131
268869, 32721.7200,  1, -943.68, 81.7400000000016
269040, 32740.0400,  2, -365.68, 100
269040, 32740.0400,  2, -291.21, 100
269040, 32740.0400,  2, -191.93, 100
269040, 32740.0400,  2, -227.41, 100
269040, 32740.0400,  2, -427.54, 100
269040, 32740.0400,  2, -190.30, 100
269335, 32786.0200,  1, -732.34, 31.429999999996653
269403, 32793.3000,  1, -541.84, 38.710000000002765
269431, 32796.3000,  1, -664.73, 41.710000000002765
269479, 32801.4400,  1, -757.44, 46.85000000000218
269556, 32809.6900,  1, -805.88, 55.10000000000218
269976, 32854.6900,  2, -398.50, 100
269976, 32854.6900,  2, -139.23, 100
269976, 32854.6900,  2, -218.77, 100
270243, 32897.9100,  1, -637.04, 28.390000000006694
270253, 32898.9800,  1, -699.81, 29.460000000006403
270339, 32908.1900,  1, -674.05, 38.67000000000553
270912, 32969.5900,  2, -179.96, 100
270912, 32969.5900,  2, -331.43, 100
270912, 32969.5900,  2, -416.10, 100
270912, 32969.5900,  2, -247.99, 100
270912, 32969.5900,  2, -450.20, 100
271284, 33023.9400,  1, -745.98, 39.63000000000466
271438, 33040.4400,  1, -688.02, 56.13000000000466
271848, 33084.3700,  2, -268.77, 100
271848, 33084.3700,  2, -283.35, 100
271848, 33084.3700,  2, -419.07, 100
271848, 33084.3700,  2, -186.39, 100
271848, 33084.3700,  2, -328.86, 100
271848, 33084.3700,  2, -334.84, 100
272460, 33165.2300,  1, -892.45, 65.35000000000582
272537, 33173.4800,  1, -758.03, 73.60000000000582
272784, 33199.9400,  2, -301.15, 100
272784, 33199.9400,  2, -218.92, 100
272784, 33199.9400,  2, -334.77, 100
272784, 33199.9400,  2, -220.51, 100
272784, 33199.9400,  2, -239.73, 100
272784, 33199.9400,  2, -433.92, 100
273014, 33239.0200,  1, -643.94, 24.43000000000029
273262, 33265.5900,  1, -619.91, 51.0
273720, 33314.6600,  2, -177.91, 100
273720, 33314.6600,  2, -144.63, 100
273720, 33314.6600,  2, -275.64, 100
273720, 33314.6600,  2, -122.91, 100
273720, 33314.6600,  2, -408.81, 100
273720, 33314.6600,  2, -33.72, 100
274246, 33385.4100,  1, -876.34, 56.150000000001455
274656, 33429.3400,  2, -267.69, 100
274656, 33429.3400,  2, -420.30, 100
274656, 33429.3400,  2, -273.67, 100
274656, 33429.3400,  2, -242.82, 100
274656, 33429.3400,  2, -431.55, 100
274656, 33429.3400,  2, -213.73, 100
274656, 33429.3400,  2, -200.32, 100
275191, 33501.3000,  1, -761.49, 57.12000000000262
275458, 33529.9100,  1, -727.29, 85.7300000000032
275563, 33541.1600,  1, -895.18, 96.9800000000032
275592, 33544.2700,  2, -155.32, 100
275592, 33544.2700,  2, 4.70, 100
275592, 33544.2700,  2, -94.99, 100
275592, 33544.2700,  2, -240.43, 100
275592, 33544.2700,  2, -463.56, 100
275955, 33597.4800,  1, -624.14, 38.68000000000029
276261, 33630.2700,  1, -884.39, 71.46999999999389
276439, 33649.3400,  1, -690.38, 90.5399999999936
276439, 33649.3400,  1, -703.42, 90.5399999999936
276528, 33658.8700,  2, -167.18, 100
276528, 33658.8700,  2, -348.98, 100
276528, 33658.8700,  2, -494.94, 100
276528, 33658.8700,  2, -231.14, 100
276805, 33703.0900,  1, -560.15, 29.459999999999127
277274, 33753.3400,  1, -795.88, 79.70999999999913
277456, 33772.8400,  1, -837.13, 99.20999999999913
277464, 33773.6900,  2, -285.18, 100
277464, 33773.6900,  2, -450.38, 100
277464, 33773.6900,  2, -108.49, 100
277464, 33773.6900,  2, -401.30, 100
277464, 33773.6900,  2, -174.19, 100
278315, 33880.4100,  1, -998.99, 90.9800000000032
278324, 33881.3700,  1, -848.52, 91.94000000000233
278400, 33889.5200,  2, -191.93, 100
278400, 33889.5200,  2, -403.28, 100
278400, 33889.5200,  2, -217.10, 100
278400, 33889.5200,  2, -142.17, 100
278400, 33889.5200,  2, -362.98, 100
278400, 33889.5200,  2, -202.05, 100
278810, 33950.0200,  1, -720.66, 43.73999999999796
278887, 33958.2700,  1, -813.98, 51.98999999999796
279050, 33975.7300,  1, -855.82, 69.45000000000437
279231, 33995.1200,  1, -763.34, 88.84000000000378
279308, 34003.3700,  1, -859.78, 97.09000000000378
279336, 34006.3700,  2, -355.68, 100
279336, 34006.3700,  2, -253.84, 100
279336, 34006.3700,  2, -148.04, 100
279642, 34053.4400,  1, -568.59, 32.56000000000495
279670, 34056.4400,  1, -542.23, 35.56000000000495
279766, 34066.7300,  1, -747.40, 45.85000000000582
279910, 34082.1600,  1, -723.46, 61.28000000000611
280167, 34109.6900,  1, -796.05, 88.81000000000495
280272, 34120.9400,  2, -367.58, 100
280272, 34120.9400,  2, -217.69, 100
280272, 34120.9400,  2, -308.17, 100
280702, 34181.6200,  1, -743.21, 45.85000000000582
280865, 34199.0900,  1, -835.35, 63.31999999999971
280874, 34200.0500,  1, -726.42, 64.28000000000611
280961, 34209.3700,  1, -616.61, 73.60000000000582
281208, 34235.8400,  2, -435.46, 100
281208, 34235.8400,  2, 108.33, 100
281208, 34235.8400,  2, -494.11, 100
281208, 34235.8400,  2, -331.93, 100
281408, 34271.6600,  1, -537.98, 21.220000000001164
281849, 34318.9100,  1, -816.44, 68.47000000000116
282144, 34350.5200,  2, -335.58, 100
282144, 34350.5200,  2, -142.49, 100
282144, 34350.5200,  2, -313.76, 100
282144, 34350.5200,  2, -347.90, 100
282144, 34350.5200,  2, -442.81, 100
282144, 34350.5200,  2, -428.81, 100
282583, 34412.0200,  1, -772.64, 46.81999999999971
282727, 34427.4400,  1, -720.57, 62.24000000000524
283014, 34458.1900,  1, -820.43, 92.99000000000524
283062, 34463.3400,  1, -730.93, 98.13999999999942
283080, 34465.2700,  2, -472.61, 100
283080, 34465.2700,  2, -394.89, 100
283080, 34465.2700,  2, -419.71, 100
283080, 34465.2700,  2, -258.80, 100
283433, 34517.4100,  1, -734.74, 37.61000000000058
283538, 34528.6600,  1, -788.00, 48.86000000000058
283692, 34545.1600,  1, -803.49, 65.36000000000058
283765, 34552.9800,  1, -592.02, 73.18000000000029
283765, 34552.9800,  1, -480.23, 73.18000000000029
284016, 34579.8700,  2, -232.07, 100
284016, 34579.8700,  2, -337.05, 100
284016, 34579.8700,  2, -440.58, 100
284375, 34632.8700,  1, -645.70, 38.25
284375, 34632.8700,  1, -517.71, 38.25
284704, 34668.1200,  1, -914.70, 73.5
284732, 34671.1200,  1, -827.39, 76.5
284952, 34694.6900,  2, -402.84, 100
284952, 34694.6900,  2, -205.67, 100
284952, 34694.6900,  2, -376.10, 100
284952, 34694.6900,  2, -109.38, 100
285334, 34750.1900,  1, -582.90, 40.720000000001164
285478, 34765.6200,  1, -605.82, 56.150000000001455
285478, 34765.6200,  1, -662.24, 56.150000000001455
285591, 34777.7300,  1, -757.80, 68.26000000000204
285822, 34802.4800,  1, -863.65, 93.01000000000204
285861, 34806.6600,  1, -882.77, 97.19000000000233
285888, 34809.5500,  2, -320.26, 100
285888, 34809.5500,  2, -434.72, 100
286327, 34871.0200,  1, -711.05, 46.83999999999651
286494, 34888.9100,  1, -830.71, 64.7300000000032
286652, 34905.8400,  1, -906.83, 81.65999999999622
286691, 34910.0200,  1, -775.59, 85.83999999999651
286787, 34920.3000,  1, -827.83, 96.12000000000262
286824, 34924.2700,  2, -450.48, 100
286824, 34924.2700,  2, -281.46, 100
286824, 34924.2700,  2, -431.04, 100
287254, 34984.6600,  1, -775.83, 45.85000000000582
287532, 35014.4400,  1, -920.91, 75.63000000000466
287760, 35038.8700,  2, -443.79, 100
287760, 35038.8700,  2, -404.63, 100
287760, 35038.8700,  2, -421.95, 100
287760, 35038.8700,  2, -358.92, 100
287760, 35038.8700,  2, -375.66, 100
287760, 35038.8700,  2, -388.88, 100
288283, 35109.8700,  1, -565.57, 55.830000000001746
288285, 35110.0900,  1, -746.63, 56.049999999995634
288304, 35112.1200,  1, -657.35, 58.080000000001746
288696, 35154.1200,  2, -363.17, 100
288696, 35154.1200,  2, -214.87, 100
288696, 35154.1200,  2, 127.37, 100
288696, 35154.1200,  2, -422.38, 100
288696, 35154.1200,  2, -301.00, 100
289499, 35254.6600,  1, -831.35, 85.83000000000175
289576, 35262.9100,  1, -906.17, 94.08000000000175
289585, 35263.8700,  1, -921.92, 95.04000000000087
289632, 35268.9100,  2, -355.28, 100
289632, 35268.9100,  2, -361.27, 100
289632, 35268.9100,  2, -187.20, 100
289632, 35268.9100,  2, -345.71, 100
289632, 35268.9100,  2, -304.76, 100
290301, 35355.0500,  1, -676.49, 71.4800000000032
290568, 35383.6600,  2, -389.21, 100
290568, 35383.6600,  2, -278.58, 100
290568, 35383.6600,  2, -406.76, 100
290568, 35383.6600,  2, -319.08, 100
290568, 35383.6600,  2, -253.92, 100
290568, 35383.6600,  2, -365.50, 100
290568, 35383.6600,  2, -346.19, 100
291504, 35498.4100,  2, -393.15, 100
291504, 35498.4100,  2, -384.93, 100
291504, 35498.4100,  2, -82.96, 100
291504, 35498.4100,  2, -333.91, 100
291504, 35498.4100,  2, -487.76, 100
291504, 35498.4100,  2, -400.13, 100
291504, 35498.4100,  2, -470.26, 100
291504, 35498.4100,  2, -407.61, 100
292440, 35613.1200,  2, -179.15, 100
292440, 35613.1200,  2, -233.68, 100
292440, 35613.1200,  2, -212.76, 100
292440, 35613.1200,  2, -269.07, 100
292440, 35613.1200,  2, -454.94, 100
292440, 35613.1200,  2, -305.50, 100
292440, 35613.1200,  2, -28.63, 100
292440, 35613.1200,  2, -438.95, 100
293179, 35707.6600,  1, -824.64, 78.9600000000064
293376, 35728.7700,  2, -209.99, 100
293376, 35728.7700,  2, -423.55, 100
293376, 35728.7700,  2, -406.35, 100
293376, 35728.7700,  2, -393.91, 100
293376, 35728.7700,  2, -465.14, 100
293376, 35728.7700,  2, -414.47, 100
293376, 35728.7700,  2, -343.08, 100
294208, 35831.9400,  1, -776.25, 88.94000000000233
294312, 35843.0900,  2, -405.39, 100
294312, 35843.0900,  2, -457.11, 100
294312, 35843.0900,  2, -459.59, 100
294312, 35843.0900,  2, -176.54, 100
294312, 35843.0900,  2, -459.97, 100
294312, 35843.0900,  2, -291.91, 100
294312, 35843.0900,  2, -406.48, 100
295248, 35957.8700,  2, -404.26, 100
295248, 35957.8700,  2, -477.05, 100
295248, 35957.8700,  2, -328.17, 100
295248, 35957.8700,  2, -348.62, 100
295248, 35957.8700,  2, -305.52, 100
295248, 35957.8700,  2, -311.57, 100
295248, 35957.8700,  2, -424.34, 100
295248, 35957.8700,  2, -467.97, 100
296184, 36072.6600,  2, -246.64, 100
296184, 36072.6600,  2, -431.27, 100
296184, 36072.6600,  2, -371.59, 100
296184, 36072.6600,  2, -431.60, 100
296184, 36072.6600,  2, -248.55, 100
296184, 36072.6600,  2, -278.61, 100
296184, 36072.6600,  2, -381.16, 100
296184, 36072.6600,  2, -336.24, 100
297120, 36187.5500,  2, -43.21, 100
297120, 36187.5500,  2, -344.21, 100
297120, 36187.5500,  2, -405.87, 100
297120, 36187.5500,  2, -424.77, 100
297120, 36187.5500,  2, -381.17, 100
297120, 36187.5500,  2, -199.13, 100
297120, 36187.5500,  2, -486.28, 100
297120, 36187.5500,  2, -312.25, 100
297999, 36296.1900,  1, -714.75, 93.9800000000032
298038, 36300.3700,  1, -686.21, 98.16000000000349
298056, 36302.3000,  2, -372.35, 100
298056, 36302.3000,  2, -331.91, 100
298056, 36302.3000,  2, -403.49, 100
298056, 36302.3000,  2, -433.46, 100
298056, 36302.3000,  2, -169.28, 100
298056, 36302.3000,  2, -272.93, 100
298992, 36417.3400,  2, -355.78, 100
298992, 36417.3400,  2, -390.27, 100
298992, 36417.3400,  2, -409.44, 100
298992, 36417.3400,  2, -536.19, 100
298992, 36417.3400,  2, -445.35, 100
298992, 36417.3400,  2, -452.27, 100
298992, 36417.3400,  2, -362.04, 100
298992, 36417.3400,  2, -380.88, 100
299037, 36437.6600,  1, -527.13, 4.610000000000582
299928, 36533.1200,  2, -474.95, 100
299928, 36533.1200,  2, -366.05, 100
299928, 36533.1200,  2, -408.69, 100
299928, 36533.1200,  2, -459.34, 100
299928, 36533.1200,  2, -482.62, 100
299928, 36533.1200,  2, -463.36, 100
299928, 36533.1200,  2, -523.99, 100
299989, 36554.2700,  1, -491.08, 6.349999999998545
300386, 36596.8000,  1, -783.89, 48.88000000000466
300511, 36610.1900,  1, -833.46, 62.270000000004075
300864, 36648.0200,  2, -444.30, 100
300864, 36648.0200,  2, -387.23, 100
300864, 36648.0200,  2, -418.72, 100
300864, 36648.0200,  2, -446.09, 100
300864, 36648.0200,  2, -366.07, 100
300938, 36670.3400,  1, -521.13, 7.739999999997963
301201, 36698.5200,  1, -620.77, 35.919999999998254
301207, 36699.1600,  1, -653.40, 36.56000000000495
301215, 36700.0200,  1, -696.95, 37.419999999998254
301800, 36762.6900,  2, -343.59, 100
301800, 36762.6900,  2, -388.75, 100
301800, 36762.6900,  2, -394.04, 100
301800, 36762.6900,  2, -393.57, 100
301824, 36779.7300,  1, -518.22, 2.3500000000058208
301884, 36786.1600,  1, -489.38, 8.780000000006112
301889, 36786.6900,  1, -534.44, 9.310000000004948
301926, 36790.6600,  1, -488.91, 13.280000000006112
301949, 36793.1200,  1, -544.08, 15.740000000005239
302736, 36877.4400,  2, -379.61, 100
302736, 36877.4400,  2, -370.80, 100
302736, 36877.4400,  2, -362.57, 100
302799, 36898.6600,  1, -479.38, 6.560000000004948
302825, 36901.4400,  1, -473.50, 9.340000000003783
302900, 36909.4800,  1, -472.96, 17.380000000004657
302929, 36912.5900,  1, -619.48, 20.489999999997963
303546, 36978.6900,  1, -747.87, 86.59000000000378
303672, 36992.1900,  2, -363.53, 100
303672, 36992.1900,  2, -399.90, 100
303672, 36992.1900,  2, -394.24, 100
303926, 37033.8000,  1, -417.94, 27.020000000004075
303983, 37039.9100,  1, -635.09, 33.13000000000466
304019, 37043.7700,  1, -591.79, 36.98999999999796
304178, 37060.8000,  1, -379.17, 54.020000000004075
304608, 37106.8700,  2, -343.48, 100
304608, 37106.8700,  2, -429.58, 100
304608, 37106.8700,  2, -374.99, 100
304608, 37106.8700,  2, -445.47, 100
304649, 37125.6600,  1, -531.46, 4.180000000000291
305038, 37167.3400,  1, -428.42, 45.859999999993306
305075, 37171.3000,  1, -458.08, 49.81999999999971
305544, 37221.5500,  2, -450.00, 100
305544, 37221.5500,  2, -406.80, 100
305544, 37221.5500,  2, -396.17, 100
305544, 37221.5500,  2, -419.72, 100
305544, 37221.5500,  2, -435.16, 100
305696, 37252.4400,  1, -507.97, 16.060000000004948
305778, 37261.2300,  1, -366.58, 24.85000000000582
305849, 37268.8400,  1, -588.48, 32.45999999999913
306480, 37336.4400,  2, -452.15, 100
306480, 37336.4400,  2, -380.33, 100
306480, 37336.4400,  2, -401.95, 100
306480, 37336.4400,  2, -412.38, 100
306480, 37336.4400,  2, -425.43, 100
307416, 37452.0200,  2, -326.87, 100
307416, 37452.0200,  2, -310.89, 100
307416, 37452.0200,  2, -427.40, 100
307416, 37452.0200,  2, -236.17, 100
307416, 37452.0200,  2, -371.53, 100
307416, 37452.0200,  2, -373.57, 100
307416, 37452.0200,  2, -435.21, 100
307416, 37452.0200,  2, -387.96, 100
308352, 37567.5500,  2, -367.77, 100
308352, 37567.5500,  2, -305.61, 100
308352, 37567.5500,  2, -229.51, 100
308352, 37567.5500,  2, -248.13, 100
308352, 37567.5500,  2, -362.57, 100
308352, 37567.5500,  2, -374.67, 100
308352, 37567.5500,  2, -252.22, 100
308352, 37567.5500,  2, -303.13, 100
309288, 37682.3400,  2, -425.32, 100
309288, 37682.3400,  2, -382.45, 100
309288, 37682.3400,  2, -396.83, 100
309288, 37682.3400,  2, -407.20, 100
309288, 37682.3400,  2, -284.64, 100
309288, 37682.3400,  2, -146.93, 100
309288, 37682.3400,  2, -423.12, 100
309288, 37682.3400,  2, -271.15, 100
310224, 37797.0500,  2, -383.45, 100
310224, 37797.0500,  2, -336.05, 100
310224, 37797.0500,  2, -371.92, 100
310224, 37797.0500,  2, -432.22, 100
310224, 37797.0500,  2, -164.41, 100
310224, 37797.0500,  2, -231.33, 100
310224, 37797.0500,  2, -345.45, 100
310224, 37797.0500,  2, -366.05, 100
311160, 37911.8000,  2, -458.08, 100
311160, 37911.8000,  2, -427.03, 100
311160, 37911.8000,  2, -410.91, 100
311160, 37911.8000,  2, -426.55, 100
311160, 37911.8000,  2, -522.20, 100
311160, 37911.8000,  2, -379.34, 100
311160, 37911.8000,  2, -240.48, 100
311160, 37911.8000,  2, -376.03, 100
312049, 38022.3400,  1, -925.24, 95.0399999999936
312096, 38027.3700,  2, -489.02, 100
312096, 38027.3700,  2, -446.23, 100
312096, 38027.3700,  2, -476.61, 100
312096, 38027.3700,  2, -395.50, 100
312096, 38027.3700,  2, -391.17, 100
312096, 38027.3700,  2, -438.61, 100
312096, 38027.3700,  2, -428.65, 100
313032, 38143.1200,  2, -481.05, 100
313032, 38143.1200,  2, -459.06, 100
313032, 38143.1200,  2, -444.74, 100
313032, 38143.1200,  2, -440.84, 100
313032, 38143.1200,  2, -500.34, 100
313032, 38143.1200,  2, -416.84, 100
313032, 38143.1200,  2, -469.43, 100
313032, 38143.1200,  2, -246.72, 100
313968, 38258.0200,  2, -461.48, 100
313968, 38258.0200,  2, -588.47, 100
313968, 38258.0200,  2, -460.47, 100
313968, 38258.0200,  2, -429.56, 100
313968, 38258.0200,  2, -452.09, 100
313968, 38258.0200,  2, -518.49, 100
313968, 38258.0200,  2, -458.34, 100
313968, 38258.0200,  2, -377.60, 100
314904, 38373.7300,  2, -398.97, 100
314904, 38373.7300,  2, -377.97, 100
314904, 38373.7300,  2, -407.08, 100
314904, 38373.7300,  2, -432.99, 100
314904, 38373.7300,  2, -363.30, 100
314904, 38373.7300,  2, -438.63, 100
314904, 38373.7300,  2, -467.69, 100
314904, 38373.7300,  2, -403.13, 100
315840, 38488.4800,  2, -477.50, 100
315840, 38488.4800,  2, -437.83, 100
315840, 38488.4800,  2, -424.80, 100
315840, 38488.4800,  2, -403.54, 100
315840, 38488.4800,  2, -563.57, 100
315840, 38488.4800,  2, -510.13, 100
315840, 38488.4800,  2, -464.55, 100
315840, 38488.4800,  2, -445.80, 100
316776, 38603.1600,  2, -436.59, 100
316776, 38603.1600,  2, -515.40, 100
316776, 38603.1600,  2, -473.60, 100
316776, 38603.1600,  2, -460.88, 100
316776, 38603.1600,  2, -503.91, 100
316776, 38603.1600,  2, -428.45, 100
316776, 38603.1600,  2, -439.22, 100
316776, 38603.1600,  2, -496.81, 100
317712, 38717.8700,  2, -389.89, 100
317712, 38717.8700,  2, -515.63, 100
317712, 38717.8700,  2, -469.39, 100
317712, 38717.8700,  2, -456.94, 100
317712, 38717.8700,  2, -439.58, 100
317712, 38717.8700,  2, -514.69, 100
317712, 38717.8700,  2, -410.84, 100
317712, 38717.8700,  2, -458.87, 100
318648, 38832.4800,  2, -417.08, 100
318648, 38832.4800,  2, -475.11, 100
318648, 38832.4800,  2, -544.33, 100
318648, 38832.4800,  2, -470.37, 100
318648, 38832.4800,  2, -448.29, 100
318648, 38832.4800,  2, -359.20, 100
318648, 38832.4800,  2, -493.90, 100
318648, 38832.4800,  2, -420.25, 100
319584, 38947.0500,  2, -408.04, 100
319584, 38947.0500,  2, -437.35, 100
319584, 38947.0500,  2, -474.37, 100
319584, 38947.0500,  2, -429.69, 100
319584, 38947.0500,  2, -442.18, 100
319584, 38947.0500,  2, -488.31, 100
319584, 38947.0500,  2, -443.51, 100
319584, 38947.0500,  2, -472.09, 100
320520, 39062.7700,  2, -481.75, 100
320520, 39062.7700,  2, -435.63, 100
320520, 39062.7700,  2, -430.49, 100
320520, 39062.7700,  2, -466.15, 100
320520, 39062.7700,  2, -402.10, 100
320520, 39062.7700,  2, -462.42, 100
320520, 39062.7700,  2, -470.07, 100
320520, 39062.7700,  2, -407.21, 100
321456, 39178.5200,  2, -455.45, 100
321456, 39178.5200,  2, -524.23, 100
321456, 39178.5200,  2, -455.14, 100
321456, 39178.5200,  2, -405.96, 100
321456, 39178.5200,  2, -404.68, 100
321456, 39178.5200,  2, -579.37, 100
321456, 39178.5200,  2, -418.35, 100
321456, 39178.5200,  2, -470.68, 100
322288, 39282.1200,  1, -991.98, 88.93000000000029
322392, 39293.2700,  2, -532.87, 100
322392, 39293.2700,  2, -464.54, 100
322392, 39293.2700,  2, -387.26, 100
322392, 39293.2700,  2, -392.78, 100
322392, 39293.2700,  2, -442.53, 100
322392, 39293.2700,  2, -474.09, 100
322392, 39293.2700,  2, -458.35, 100
323328, 39407.8400,  2, -530.33, 100
323328, 39407.8400,  2, -516.91, 100
323328, 39407.8400,  2, -443.82, 100
323328, 39407.8400,  2, -436.58, 100
323328, 39407.8400,  2, -491.04, 100
323328, 39407.8400,  2, -534.86, 100
323328, 39407.8400,  2, -580.78, 100
323328, 39407.8400,  2, -369.96, 100
324264, 39522.5900,  2, -391.83, 100
324264, 39522.5900,  2, -475.93, 100
324264, 39522.5900,  2, -405.09, 100
324264, 39522.5900,  2, -423.30, 100
324264, 39522.5900,  2, -555.57, 100
324264, 39522.5900,  2, -330.61, 100
324264, 39522.5900,  2, -472.70, 100
324264, 39522.5900,  2, -366.43, 100
324437, 39555.5200,  1, -457.84, 18.349999999998545
324437, 39555.5200,  1, -516.78, 18.349999999998545
324694, 39583.0500,  1, -536.61, 45.88000000000466
325200, 39637.2700,  2, -391.58, 100
325200, 39637.2700,  2, -449.93, 100
325200, 39637.2700,  2, -428.27, 100
325200, 39637.2700,  2, -362.86, 100
325200, 39637.2700,  2, -286.14, 100
326136, 39751.8700,  2, -373.63, 100
326136, 39751.8700,  2, -399.44, 100
326136, 39751.8700,  2, -410.83, 100
326136, 39751.8700,  2, -271.09, 100
326136, 39751.8700,  2, -507.62, 100
326136, 39751.8700,  2, -439.68, 100
326136, 39751.8700,  2, -482.83, 100
326136, 39751.8700,  2, -360.10, 100
327072, 39866.6600,  2, -548.66, 100
327072, 39866.6600,  2, -457.36, 100
327072, 39866.6600,  2, -396.97, 100
327072, 39866.6600,  2, -340.25, 100
327072, 39866.6600,  2, -367.71, 100
327072, 39866.6600,  2, -391.89, 100
327072, 39866.6600,  2, -467.02, 100
327072, 39866.6600,  2, -483.15, 100
328008, 39981.2700,  2, -462.68, 100
328008, 39981.2700,  2, -456.66, 100
328008, 39981.2700,  2, -475.36, 100
328008, 39981.2700,  2, -367.26, 100
328008, 39981.2700,  2, -442.86, 100
328008, 39981.2700,  2, -351.02, 100
328008, 39981.2700,  2, -499.31, 100
328008, 39981.2700,  2, -436.90, 100
328944, 40095.9400,  2, -421.63, 100
328944, 40095.9400,  2, -391.85, 100
328944, 40095.9400,  2, -450.71, 100
328944, 40095.9400,  2, -371.19, 100
328944, 40095.9400,  2, -473.20, 100
328944, 40095.9400,  2, -414.29, 100
328944, 40095.9400,  2, -593.45, 100
328944, 40095.9400,  2, -359.68, 100
329880, 40210.8000,  2, -352.97, 100
329880, 40210.8000,  2, -396.92, 100
329880, 40210.8000,  2, -257.58, 100
329880, 40210.8000,  2, -287.80, 100
329880, 40210.8000,  2, -248.34, 100
329880, 40210.8000,  2, -374.11, 100
329880, 40210.8000,  2, -427.23, 100
329880, 40210.8000,  2, -442.08, 100
330816, 40325.4800,  2, -264.19, 100
330816, 40325.4800,  2, -339.52, 100
330816, 40325.4800,  2, -393.36, 100
330816, 40325.4800,  2, -376.10, 100
330816, 40325.4800,  2, -429.83, 100
330816, 40325.4800,  2, -389.20, 100
330816, 40325.4800,  2, -500.26, 100
330816, 40325.4800,  2, -436.60, 100
331752, 40440.0900,  2, -409.35, 100
331752, 40440.0900,  2, -104.56, 100
331752, 40440.0900,  2, -547.03, 100
331752, 40440.0900,  2, -460.05, 100
331752, 40440.0900,  2, -414.53, 100
331752, 40440.0900,  2, -353.32, 100
331752, 40440.0900,  2, -388.76, 100
331752, 40440.0900,  2, -433.75, 100
332688, 40554.9400,  2, -315.88, 100
332688, 40554.9400,  2, -455.24, 100
332688, 40554.9400,  2, -456.02, 100
332688, 40554.9400,  2, -439.25, 100
332688, 40554.9400,  2, -388.42, 100
332688, 40554.9400,  2, -465.16, 100
332688, 40554.9400,  2, -412.92, 100
332688, 40554.9400,  2, -476.40, 100
333624, 40669.9400,  2, -360.97, 100
333624, 40669.9400,  2, -490.46, 100
333624, 40669.9400,  2, -401.36, 100
333624, 40669.9400,  2, -350.47, 100
333624, 40669.9400,  2, -441.43, 100
333624, 40669.9400,  2, -379.08, 100
333624, 40669.9400,  2, -398.50, 100
333624, 40669.9400,  2, -392.83, 100
334560, 40784.8400,  2, -427.01, 100
334560, 40784.8400,  2, -505.94, 100
334560, 40784.8400,  2, -489.45, 100
334560, 40784.8400,  2, -403.78, 100
334560, 40784.8400,  2, -407.68, 100
334560, 40784.8400,  2, -341.69, 100
334560, 40784.8400,  2, -419.06, 100
334560, 40784.8400,  2, -443.56, 100
334660, 40810.9800,  1, -517.28, 10.520000000004075
335496, 40900.5500,  2, -422.24, 100
335496, 40900.5500,  2, -393.41, 100
335496, 40900.5500,  2, -383.36, 100
335496, 40900.5500,  2, -455.56, 100
335496, 40900.5500,  2, -444.44, 100
335496, 40900.5500,  2, -468.00, 100
335496, 40900.5500,  2, -356.83, 100
336432, 41015.0500,  2, -362.10, 100
336432, 41015.0500,  2, -383.78, 100
336432, 41015.0500,  2, -409.23, 100
336432, 41015.0500,  2, -369.80, 100
336432, 41015.0500,  2, -440.56, 100
336432, 41015.0500,  2, -410.61, 100
336432, 41015.0500,  2, -517.23, 100
336432, 41015.0500,  2, -449.96, 100
337368, 41129.7700,  2, -412.05, 100
337368, 41129.7700,  2, -409.38, 100
337368, 41129.7700,  2, -428.71, 100
337368, 41129.7700,  2, -434.97, 100
337368, 41129.7700,  2, -358.05, 100
337368, 41129.7700,  2, -414.91, 100
337368, 41129.7700,  2, -380.57, 100
337368, 41129.7700,  2, -181.61, 100
337769, 41186.7700,  1, -758.45, 42.7699999999968
338304, 41244.0900,  2, -309.13, 100
338304, 41244.0900,  2, -403.26, 100
338304, 41244.0900,  2, -371.93, 100
338304, 41244.0900,  2, -397.99, 100
338304, 41244.0900,  2, -390.64, 100
338304, 41244.0900,  2, -371.94, 100
338304, 41244.0900,  2, -450.97, 100
339240, 41358.8400,  2, -376.95, 100
339240, 41358.8400,  2, -369.84, 100
339240, 41358.8400,  2, -413.46, 100
339240, 41358.8400,  2, -334.77, 100
339240, 41358.8400,  2, -405.96, 100
339240, 41358.8400,  2, -293.57, 100
339240, 41358.8400,  2, -450.26, 100
339240, 41358.8400,  2, -397.78, 100
340176, 41473.4800,  2, -349.67, 100
340176, 41473.4800,  2, -431.37, 100
340176, 41473.4800,  2, -458.31, 100
340176, 41473.4800,  2, -373.65, 100
340176, 41473.4800,  2, -460.25, 100
340176, 41473.4800,  2, -372.00, 100
340176, 41473.4800,  2, -451.42, 100
340176, 41473.4800,  2, -423.80, 100
341112, 41588.1600,  2, -263.55, 100
341112, 41588.1600,  2, -339.45, 100
341112, 41588.1600,  2, -285.44, 100
341112, 41588.1600,  2, -438.10, 100
341112, 41588.1600,  2, -381.32, 100
341112, 41588.1600,  2, -402.68, 100
341112, 41588.1600,  2, -287.31, 100
341112, 41588.1600,  2, -271.00, 100
342048, 41702.8700,  2, -339.21, 100
342048, 41702.8700,  2, -362.45, 100
342048, 41702.8700,  2, -398.29, 100
342048, 41702.8700,  2, -410.44, 100
342048, 41702.8700,  2, -447.08, 100
342048, 41702.8700,  2, -524.34, 100
342048, 41702.8700,  2, -287.44, 100
342048, 41702.8700,  2, -443.27, 100
342984, 41817.7300,  2, -411.20, 100
342984, 41817.7300,  2, -398.42, 100
342984, 41817.7300,  2, -401.82, 100
342984, 41817.7300,  2, -397.88, 100
342984, 41817.7300,  2, -240.82, 100
342984, 41817.7300,  2, -252.33, 100
342984, 41817.7300,  2, -390.14, 100
342984, 41817.7300,  2, -439.62, 100
343920, 41932.4400,  2, -454.66, 100
343920, 41932.4400,  2, -564.97, 100
343920, 41932.4400,  2, -408.48, 100
343920, 41932.4400,  2, -358.93, 100
343920, 41932.4400,  2, -388.53, 100
343920, 41932.4400,  2, -402.01, 100
343920, 41932.4400,  2, -421.42, 100
343920, 41932.4400,  2, -312.81, 100
344856, 42047.1900,  2, -504.93, 100
344856, 42047.1900,  2, -254.64, 100
344856, 42047.1900,  2, -421.76, 100
344856, 42047.1900,  2, -308.78, 100
344856, 42047.1900,  2, -302.63, 100
344856, 42047.1900,  2, -298.21, 100
344856, 42047.1900,  2, -337.95, 100
344856, 42047.1900,  2, -422.06, 100
345764, 42158.8700,  1, -908.75, 97.08000000000175
345792, 42161.8700,  2, -388.03, 100
345792, 42161.8700,  2, -298.89, 100
345792, 42161.8700,  2, -420.74, 100
345792, 42161.8700,  2, -363.91, 100
345792, 42161.8700,  2, -378.50, 100
345792, 42161.8700,  2, -466.28, 100
345792, 42161.8700,  2, -370.26, 100
346728, 42276.4400,  2, -303.57, 100
346728, 42276.4400,  2, -272.47, 100
346728, 42276.4400,  2, -374.52, 100
346728, 42276.4400,  2, -448.02, 100
346728, 42276.4400,  2, -404.32, 100
346728, 42276.4400,  2, -569.71, 100
346728, 42276.4400,  2, -407.10, 100
346728, 42276.4400,  2, -290.73, 100
347664, 42391.1900,  2, -362.35, 100
347664, 42391.1900,  2, -315.14, 100
347664, 42391.1900,  2, -527.76, 100
347664, 42391.1900,  2, -393.95, 100
347664, 42391.1900,  2, -418.26, 100
347664, 42391.1900,  2, -321.97, 100
347664, 42391.1900,  2, -188.21, 100
347664, 42391.1900,  2, -387.86, 100
348600, 42505.8400,  2, -283.55, 100
348600, 42505.8400,  2, -468.94, 100
348600, 42505.8400,  2, -216.00, 100
348600, 42505.8400,  2, -318.56, 100
348600, 42505.8400,  2, -388.55, 100
348600, 42505.8400,  2, -372.49, 100
348600, 42505.8400,  2, -494.37, 100
348600, 42505.8400,  2, -334.38, 100
349536, 42620.4800,  2, -326.20, 100
349536, 42620.4800,  2, -364.53, 100
349536, 42620.4800,  2, -211.97, 100
349536, 42620.4800,  2, -390.36, 100
349536, 42620.4800,  2, -471.80, 100
349536, 42620.4800,  2, -286.24, 100
349536, 42620.4800,  2, -444.67, 100
349536, 42620.4800,  2, -324.91, 100
350472, 42735.0900,  2, -212.06, 100
350472, 42735.0900,  2, -376.45, 100
350472, 42735.0900,  2, -304.18, 100
350472, 42735.0900,  2, -314.30, 100
350472, 42735.0900,  2, -353.05, 100
350472, 42735.0900,  2, -255.37, 100
350472, 42735.0900,  2, -372.02, 100
350472, 42735.0900,  2, -221.16, 100
351408, 42849.1900,  2, -358.78, 100
351408, 42849.1900,  2, -374.24, 100
351408, 42849.1900,  2, -243.39, 100
351408, 42849.1900,  2, -358.03, 100
351408, 42849.1900,  2, -336.54, 100
351408, 42849.1900,  2, -279.54, 100
351408, 42849.1900,  2, -331.99, 100
351408, 42849.1900,  2, -189.09, 100
352344, 42963.8700,  2, -378.60, 100
352344, 42963.8700,  2, -392.29, 100
352344, 42963.8700,  2, -395.99, 100
352344, 42963.8700,  2, -372.34, 100
352344, 42963.8700,  2, -301.00, 100
352344, 42963.8700,  2, -252.45, 100
352344, 42963.8700,  2, -468.93, 100
352344, 42963.8700,  2, -380.52, 100
353232, 43074.2300,  1, -938.63, 94.95000000000437
353280, 43079.3700,  2, -386.45, 100
353280, 43079.3700,  2, -332.62, 100
353280, 43079.3700,  2, -300.15, 100
353280, 43079.3700,  2, -338.85, 100
353280, 43079.3700,  2, -414.66, 100
353280, 43079.3700,  2, -429.19, 100
353280, 43079.3700,  2, -373.48, 100
354216, 43194.1200,  2, -353.25, 100
354216, 43194.1200,  2, -432.05, 100
354216, 43194.1200,  2, -389.18, 100
354216, 43194.1200,  2, -221.05, 100
354216, 43194.1200,  2, -443.57, 100
354216, 43194.1200,  2, -362.80, 100
354216, 43194.1200,  2, -427.92, 100
354216, 43194.1200,  2, -271.17, 100
355152, 43308.8700,  2, -339.87, 100
355152, 43308.8700,  2, -339.86, 100
355152, 43308.8700,  2, -305.58, 100
355152, 43308.8700,  2, -427.06, 100
355152, 43308.8700,  2, -362.93, 100
355152, 43308.8700,  2, -437.39, 100
355152, 43308.8700,  2, -355.21, 100
355152, 43308.8700,  2, -255.25, 100
356088, 43423.6600,  2, -335.60, 100
356088, 43423.6600,  2, -239.08, 100
356088, 43423.6600,  2, -441.42, 100
356088, 43423.6600,  2, -353.54, 100
356088, 43423.6600,  2, -285.23, 100
356088, 43423.6600,  2, -369.46, 100
356088, 43423.6600,  2, -362.64, 100
356088, 43423.6600,  2, -386.69, 100
357024, 43539.3400,  2, -360.66, 100
357024, 43539.3400,  2, -269.60, 100
357024, 43539.3400,  2, -340.43, 100
357024, 43539.3400,  2, -438.30, 100
357024, 43539.3400,  2, -448.69, 100
357024, 43539.3400,  2, -291.53, 100
357024, 43539.3400,  2, -354.39, 100
357024, 43539.3400,  2, -325.38, 100
357960, 43655.1600,  2, -429.54, 100
357960, 43655.1600,  2, -427.63, 100
357960, 43655.1600,  2, -275.90, 100
357960, 43655.1600,  2, -291.35, 100
357960, 43655.1600,  2, -318.60, 100
357960, 43655.1600,  2, -409.60, 100
357960, 43655.1600,  2, -570.91, 100
357960, 43655.1600,  2, -375.22, 100
358896, 43769.8700,  2, -429.27, 100
358896, 43769.8700,  2, -353.87, 100
358896, 43769.8700,  2, -442.04, 100
358896, 43769.8700,  2, -401.73, 100
358896, 43769.8700,  2, -407.04, 100
358896, 43769.8700,  2, -409.40, 100
358896, 43769.8700,  2, -390.49, 100
358896, 43769.8700,  2, -368.64, 100
359832, 43885.3400,  2, -341.84, 100
359832, 43885.3400,  2, -460.88, 100
359832, 43885.3400,  2, -258.03, 100
359832, 43885.3400,  2, -433.22, 100
359832, 43885.3400,  2, -419.41, 100
359832, 43885.3400,  2, -434.83, 100
359832, 43885.3400,  2, -383.46, 100
359832, 43885.3400,  2, -438.26, 100
360768, 44000.1900,  2, -381.51, 100
360768, 44000.1900,  2, -345.25, 100
360768, 44000.1900,  2, -451.10, 100
360768, 44000.1900,  2, -445.16, 100
360768, 44000.1900,  2, -327.76, 100
360768, 44000.1900,  2, -356.44, 100
360768, 44000.1900,  2, -485.21, 100
360768, 44000.1900,  2, -365.88, 100
361704, 44114.8700,  2, -394.53, 100
361704, 44114.8700,  2, -433.37, 100
361704, 44114.8700,  2, -142.01, 100
361704, 44114.8700,  2, -413.56, 100
361704, 44114.8700,  2, -431.58, 100
361704, 44114.8700,  2, -300.65, 100
361704, 44114.8700,  2, -385.43, 100
361704, 44114.8700,  2, -394.04, 100
362402, 44203.8700,  1, -882.86, 74.56000000000495
362640, 44229.3700,  2, -320.42, 100
362640, 44229.3700,  2, -390.32, 100
362640, 44229.3700,  2, -252.87, 100
362640, 44229.3700,  2, -428.51, 100
362640, 44229.3700,  2, -424.85, 100
362640, 44229.3700,  2, -413.00, 100
362640, 44229.3700,  2, -465.70, 100
363137, 44297.0500,  1, -520.02, 53.05000000000291
363548, 44341.0900,  1, -849.49, 97.08999999999651
363576, 44344.0900,  2, -465.79, 100
363576, 44344.0900,  2, -377.51, 100
363576, 44344.0900,  2, -364.61, 100
363576, 44344.0900,  2, -481.08, 100
363576, 44344.0900,  2, -363.90, 100
363576, 44344.0900,  2, -405.47, 100
364512, 44458.8700,  2, -476.28, 100
364512, 44458.8700,  2, -485.43, 100
364512, 44458.8700,  2, -551.15, 100
364512, 44458.8700,  2, -481.42, 100
364512, 44458.8700,  2, -539.08, 100
364512, 44458.8700,  2, -421.21, 100
364512, 44458.8700,  2, -385.18, 100
364512, 44458.8700,  2, -379.13, 100
365448, 44573.4800,  2, -504.89, 100
365448, 44573.4800,  2, -587.26, 100
365448, 44573.4800,  2, -337.81, 100
365448, 44573.4800,  2, -407.45, 100
365448, 44573.4800,  2, -470.95, 100
365448, 44573.4800,  2, -357.29, 100
365448, 44573.4800,  2, -287.63, 100
365448, 44573.4800,  2, -534.47, 100
366384, 44688.0900,  2, -418.67, 100
366384, 44688.0900,  2, -372.84, 100
366384, 44688.0900,  2, -391.09, 100
366384, 44688.0900,  2, -510.58, 100
366384, 44688.0900,  2, -173.23, 100
366384, 44688.0900,  2, -238.22, 100
366384, 44688.0900,  2, -462.42, 100
366384, 44688.0900,  2, -514.99, 100
367302, 44800.9400,  1, -813.67, 98.15000000000146
367320, 44802.8700,  2, -569.00, 100
367320, 44802.8700,  2, -356.11, 100
367320, 44802.8700,  2, -424.51, 100
367320, 44802.8700,  2, -298.45, 100
367320, 44802.8700,  2, -270.23, 100
367320, 44802.8700,  2, -546.18, 100
367320, 44802.8700,  2, -355.14, 100
368256, 44917.3700,  2, -485.24, 100
368256, 44917.3700,  2, -195.75, 100
368256, 44917.3700,  2, -343.57, 100
368256, 44917.3700,  2, -317.64, 100
368256, 44917.3700,  2, -475.07, 100
368256, 44917.3700,  2, -421.33, 100
368256, 44917.3700,  2, -411.57, 100
368256, 44917.3700,  2, -296.46, 100
369192, 45031.6900,  2, -334.65, 100
369192, 45031.6900,  2, -323.01, 100
369192, 45031.6900,  2, -476.00, 100
369192, 45031.6900,  2, -442.51, 100
369192, 45031.6900,  2, -294.23, 100
369192, 45031.6900,  2, -289.08, 100
369192, 45031.6900,  2, -424.92, 100
369192, 45031.6900,  2, -353.72, 100
369764, 45107.5200,  1, -783.96, 61.07999999999447
370128, 45146.5200,  2, -470.92, 100
370128, 45146.5200,  2, -573.72, 100
370128, 45146.5200,  2, -318.08, 100
370128, 45146.5200,  2, -517.50, 100
370128, 45146.5200,  2, -448.31, 100
370128, 45146.5200,  2, -492.76, 100
370128, 45146.5200,  2, -442.76, 100
371064, 45261.2700,  2, -414.43, 100
371064, 45261.2700,  2, -320.16, 100
371064, 45261.2700,  2, -375.70, 100
371064, 45261.2700,  2, -420.86, 100
371064, 45261.2700,  2, -303.10, 100
371064, 45261.2700,  2, -440.16, 100
371064, 45261.2700,  2, -597.61, 100
371064, 45261.2700,  2, -367.91, 100
