    86, 35.0200,  1, 69.15, 9.350000000000001
    86, 35.0200,  1, -7.39, 9.350000000000001
    96, 36.0900,  1, 61.83, 10.420000000000002
    96, 36.0900,  1, 92.40, 10.420000000000002
   192, 46.3800,  3, 469.58, 20.61
   205, 47.7700,  3, 464.48, 22.059999999999995
   227, 50.2000,  3, 497.90, 24.5
   285, 56.4900,  3, 479.85, 30.799999999999997
   383, 81.7300,  1, 86.08, 10.600000000000009
   383, 81.7300,  1, 81.20, 10.600000000000009
   411, 84.7900,  1, 44.62, 13.66000000000001
   411, 84.7900,  1, 125.99, 13.66000000000001
   459, 90.0400,  3, 447.67, 18.86
   504, 94.9700,  3, 447.78, 23.760000000000005
   519, 96.6100,  3, 529.15, 25.430000000000007
   553, 100.3300,  3, 503.68, 29.13000000000001
   738, 135.9900,  3, 483.00, 20.109999999999985
   747, 136.9700,  3, 503.03, 21.049999999999983
   749, 137.1900,  3, 508.22, 21.310000000000002
   763, 138.7200,  3, 411.16, 22.75999999999999
   773, 139.8200,  3, 512.57, 23.849999999999994
   778, 140.3600,  3, 522.54, 24.430000000000007
   780, 140.5800,  3, 545.00, 24.680000000000007
   792, 141.9000,  3, 533.99, 25.99000000000001
   903, 168.6900,  1, 120.72, 12.030000000000001
   903, 168.6900,  1, 74.50, 12.030000000000001
   969, 175.9100,  1, 189.40, 19.25
   969, 175.9100,  3, 468.31, 19.24000000000001
   981, 177.2200,  3, 500.70, 20.47
   988, 177.9900,  3, 414.42, 21.22999999999999
  1006, 179.9600,  3, 492.62, 23.210000000000008
  1017, 181.1600,  3, 565.44, 24.47999999999999
  1209, 216.4400,  3, 460.24, 20.859999999999985
  1222, 217.8600,  3, 458.68, 22.28
  1241, 219.9400,  3, 450.33, 24.370000000000005
  1278, 223.9900,  3, 453.99, 28.379999999999995
  1292, 225.5200,  3, 571.95, 29.859999999999985
  1295, 225.8500,  3, 473.10, 30.28
  1309, 227.3800,  3, 448.12, 31.80000000000001
  1334, 230.1100,  3, 490.13, 34.5
  1394, 252.2100,  1, -18.20, 6.450000000000017
  1394, 252.2100,  1, -56.54, 6.450000000000017
  1497, 263.1200,  3, 420.98, 17.319999999999993
  1509, 264.3700,  3, 438.64, 18.53000000000003
  1525, 266.0400,  3, 413.73, 20.180000000000007
  1534, 266.9700,  3, 527.52, 21.19999999999999
  1601, 273.9600,  3, 519.73, 28.180000000000007
  1622, 276.1500,  3, 567.71, 30.379999999999995
  1817, 310.9600,  3, 445.47, 20.180000000000007
  1825, 311.7900,  3, 437.51, 20.980000000000018
  1825, 311.7900,  3, 449.46, 20.95999999999998
  1839, 313.2500,  3, 518.51, 22.480000000000018
  1844, 313.7700,  3, 540.49, 22.930000000000007
  1849, 314.2900,  3, 434.04, 23.45999999999998
  1853, 314.7100,  3, 518.04, 23.920000000000016
  1855, 314.9100,  3, 459.87, 24.139999999999986
  2035, 348.1500,  3, 387.74, 18.629999999999995
  2047, 349.4000,  3, 438.68, 19.870000000000005
  2075, 352.3100,  3, 486.26, 22.74000000000001
  2083, 353.1500,  3, 446.67, 23.610000000000014
  2088, 353.6600,  3, 468.37, 24.089999999999975
  2100, 354.9100,  3, 568.92, 25.370000000000005
  2126, 358.0000,  3, 558.41, 28.439999999999998
  2306, 376.7500,  3, 471.58, 47.19
  2395, 400.6500,  1, 9.35, 9.17999999999995
  2395, 400.6500,  1, -18.72, 9.17999999999995
  2467, 408.1500,  1, 47.31, 16.67999999999995
  2467, 408.1500,  1, -46.76, 16.67999999999995
  2498, 411.3700,  3, 429.84, 19.809999999999945
  2522, 413.8700,  3, 488.06, 22.339999999999975
  2538, 415.5400,  3, 483.05, 23.96999999999997
  2707, 433.1500,  1, 26.80, 41.67999999999995
  2829, 461.4000,  1, 21.30, 12.509999999999991
  2829, 461.4000,  1, 79.71, 12.509999999999991
  2894, 468.1600,  3, 459.98, 19.170000000000016
  2946, 473.5800,  3, 493.43, 24.650000000000034
  2952, 474.2100,  3, 509.52, 25.24000000000001
  2963, 475.3500,  3, 509.00, 26.400000000000034
  2984, 477.5400,  3, 594.29, 28.610000000000014
  3008, 480.0400,  3, 422.11, 31.110000000000014
  3128, 507.1000,  1, 64.45, 12.400000000000034
  3128, 507.1000,  1, 124.53, 12.400000000000034
  3238, 518.4800,  3, 560.24, 23.70999999999998
  3238, 518.4800,  3, 460.63, 23.69999999999999
  3246, 519.3100,  3, 529.00, 24.579999999999984
  3256, 520.3300,  3, 390.62, 25.579999999999984
  3259, 520.6500,  3, 507.37, 25.920000000000016
  3291, 523.9400,  3, 524.30, 29.19999999999999
  3423, 551.9500,  1, 104.36, 13.490000000000009
  3423, 551.9500,  1, 168.95, 13.490000000000009
  3492, 559.0600,  3, 474.32, 20.5
  3497, 559.5700,  3, 498.68, 21.019999999999982
  3498, 559.6800,  3, 528.01, 21.209999999999923
  3516, 561.5300,  3, 434.16, 23.019999999999982
  3524, 562.3500,  3, 474.35, 23.809999999999945
  3554, 565.4400,  3, 486.45, 26.879999999999995
  3589, 583.6600,  1, -188.63, 3.490000000000009
  3639, 588.8100,  1, 49.86, 8.639999999999986
  3639, 588.8100,  1, 27.20, 8.639999999999986
  3736, 598.8000,  3, 374.56, 18.610000000000014
  3742, 599.4100,  3, 456.67, 19.15000000000009
  3749, 600.1300,  3, 439.51, 19.940000000000055
  3764, 601.6800,  3, 500.38, 21.5
  3773, 602.6000,  3, 522.72, 22.389999999999986
  3888, 629.2000,  1, 41.52, 11.730000000000018
  3892, 629.6100,  1, 69.91, 12.139999999999986
  3905, 630.9500,  1, 109.66, 13.480000000000018
  3989, 639.6000,  3, 494.88, 22.039999999999964
  4002, 640.9400,  3, 492.94, 23.409999999999968
  4015, 642.2800,  3, 452.86, 24.799999999999955
  4024, 643.2000,  3, 505.12, 25.720000000000027
  4028, 643.6100,  3, 429.72, 26.110000000000014
  4145, 671.4000,  1, 88.57, 11.949999999999932
  4145, 671.4000,  1, 99.31, 11.949999999999932
  4145, 671.4000,  1, 105.86, 11.949999999999932
  4145, 671.4000,  1, 51.46, 11.949999999999932
  4211, 678.1900,  3, 446.39, 18.719999999999914
  4259, 683.1300,  3, 464.62, 23.66999999999996
  4281, 685.4000,  3, 373.45, 25.870000000000005
  4345, 691.9800,  3, 487.96, 32.479999999999905
  4563, 729.1800,  3, 497.93, 22.25
  4566, 729.4800,  3, 487.51, 22.639999999999986
  4570, 729.9000,  3, 406.99, 23.019999999999982
  4570, 729.9000,  3, 561.75, 23.029999999999973
  4585, 731.4400,  3, 505.41, 24.5
  4624, 735.4500,  3, 577.40, 28.539999999999964
  4625, 735.5600,  3, 451.89, 28.67999999999995
  4654, 738.5500,  3, 643.53, 31.649999999999977
  4840, 772.1900,  1, 266.95, 19.180000000000064
  4845, 772.7000,  3, 426.31, 19.649999999999977
  4855, 773.7300,  3, 503.66, 20.700000000000045
  4855, 773.7300,  3, 474.08, 20.620000000000005
  4876, 775.9000,  3, 500.60, 22.799999999999955
  4899, 778.2600,  3, 548.74, 25.190000000000055
  4917, 780.1100,  3, 593.73, 27.07000000000005
  4983, 786.9100,  3, 485.88, 33.799999999999955
  5109, 814.5100,  1, -45.83, 12.860000000000014
  5111, 814.7100,  1, 109.83, 13.06000000000006
  5191, 822.9500,  3, 502.25, 21.24000000000001
  5196, 823.4600,  3, 472.51, 21.720000000000027
  5205, 824.4000,  3, 473.04, 22.730000000000018
  5218, 825.7300,  3, 541.02, 24.019999999999982
  5255, 829.5500,  3, 388.93, 27.81000000000006
  5262, 830.2600,  3, 531.27, 28.590000000000032
  5452, 864.2500,  3, 439.71, 19.40000000000009
  5464, 865.4800,  3, 441.10, 20.600000000000023
  5486, 867.7500,  3, 475.83, 22.879999999999995
  5488, 867.9500,  3, 587.86, 23.090000000000032
  5496, 868.7800,  3, 460.48, 23.8900000000001
  5548, 874.1300,  3, 526.75, 29.24000000000001
  5549, 874.2300,  3, 618.75, 29.340000000000032
  5556, 874.9500,  3, 541.48, 30.06000000000006
  5663, 900.3800,  1, 96.90, 10.919999999999959
  5663, 900.3800,  1, 98.21, 10.919999999999959
  5739, 908.2000,  3, 455.45, 18.67999999999995
  5741, 908.4100,  3, 441.69, 18.92999999999995
  5742, 908.5100,  3, 440.14, 19.029999999999973
  5754, 909.7500,  3, 438.12, 20.269999999999982
  5780, 912.4300,  3, 490.64, 22.909999999999968
  5796, 914.0700,  3, 535.49, 24.59999999999991
  5869, 937.0500,  1, -94.65, 7.419999999999959
  5869, 937.0500,  1, 19.32, 7.419999999999959
  5887, 938.9000,  1, 8.22, 9.269999999999982
  5887, 938.9000,  1, -8.69, 9.269999999999982
  5892, 939.4100,  1, -68.11, 9.779999999999973
  5892, 939.4100,  1, -28.33, 9.779999999999973
  6018, 952.3800,  3, 485.01, 22.730000000000018
  6055, 956.1900,  3, 472.07, 26.460000000000036
  6152, 980.9600,  1, -0.68, 9.870000000000005
  6245, 990.5500,  3, 405.55, 19.360000000000014
  6275, 993.6300,  3, 499.30, 22.449999999999932
  6278, 993.9400,  3, 549.04, 22.74000000000001
  6308, 997.0300,  3, 487.24, 25.909999999999968
  6326, 998.8800,  3, 629.92, 27.75999999999999
  6336, 999.9100,  3, 483.65, 28.789999999999964
  6343, 1000.6300,  3, 553.46, 29.529999999999973
  6423, 1023.6000,  1, -2.56, 8.129999999999995
  6423, 1023.6000,  1, 18.01, 8.129999999999995
  6454, 1026.8800,  1, 96.81, 11.410000000000082
  6454, 1026.8800,  1, 41.41, 11.410000000000082
  6558, 1038.0200,  3, 496.33, 22.470000000000027
  6564, 1038.6600,  3, 554.52, 23.09999999999991
  6588, 1041.2400,  3, 433.01, 25.710000000000036
  6609, 1043.4900,  3, 556.76, 27.910000000000082
  6808, 1079.3500,  3, 452.83, 21.11999999999989
  6812, 1079.7700,  3, 484.36, 21.62999999999988
  6819, 1080.5200,  3, 501.24, 22.309999999999945
  6820, 1080.6300,  3, 461.14, 22.429999999999836
  6828, 1081.4900,  3, 498.00, 23.329999999999927
  6837, 1082.4500,  3, 500.43, 24.309999999999945
  6867, 1085.6600,  3, 562.56, 27.519999999999982
  6920, 1091.3500,  3, 466.16, 33.149999999999864
  7111, 1126.3800,  3, 411.05, 20.269999999999982
  7121, 1127.4500,  3, 466.49, 21.330000000000155
  7122, 1127.5600,  3, 525.76, 21.40000000000009
  7159, 1131.5200,  3, 600.98, 25.360000000000127
  7160, 1131.6300,  3, 513.44, 25.470000000000027
  7168, 1132.4900,  3, 590.96, 26.350000000000136
  7174, 1133.1300,  3, 488.15, 27.059999999999945
  7217, 1137.7400,  3, 618.08, 31.6400000000001
  7290, 1159.8800,  1, -33.59, 7.7000000000000455
  7290, 1159.8800,  1, 32.08, 7.7000000000000455
  7435, 1175.4100,  3, 495.25, 23.149999999999864
  7437, 1175.6300,  3, 523.57, 23.3599999999999
  7446, 1176.6000,  3, 517.20, 24.329999999999927
  7461, 1178.2000,  3, 485.59, 25.929999999999836
  7471, 1179.2700,  3, 527.70, 27.039999999999964
  7504, 1182.8100,  3, 564.07, 30.539999999999964
  7713, 1219.9500,  3, 409.80, 22.269999999999982
  7713, 1219.9500,  3, 414.57, 22.220000000000027
  7716, 1220.2700,  3, 527.23, 22.529999999999973
  7735, 1222.3100,  3, 451.32, 24.589999999999918
  7745, 1223.3800,  3, 565.09, 25.679999999999836
  7752, 1224.1300,  3, 536.28, 26.45999999999981
  7787, 1227.8800,  3, 581.62, 30.179999999999836
  7857, 1235.3800,  3, 724.16, 37.669999999999845
  7943, 1259.1000,  1, -67.07, 9.089999999999918
  7943, 1259.1000,  1, 34.79, 9.089999999999918
  7999, 1265.1000,  1, -9.14, 15.089999999999918
  8076, 1273.3500,  3, 511.98, 23.299999999999955
  8092, 1275.0600,  3, 499.14, 24.950000000000045
  8105, 1276.4500,  3, 510.33, 26.3599999999999
  8172, 1283.6300,  3, 577.74, 33.57999999999993
  8219, 1288.6600,  3, 485.24, 38.559999999999945
  8351, 1317.1000,  1, -58.70, 14.039999999999964
  8351, 1317.1000,  1, 96.46, 14.039999999999964
  8361, 1318.1600,  1, 119.03, 15.100000000000136
  8361, 1318.1600,  1, 38.46, 15.100000000000136
  8448, 1327.4900,  3, 465.11, 24.360000000000127
  8467, 1329.5200,  3, 508.54, 26.40000000000009
  8473, 1330.1600,  3, 557.65, 27.090000000000146
  8481, 1331.0200,  3, 579.68, 27.850000000000136
  8559, 1353.9500,  1, 30.10, 8.220000000000027
  8559, 1353.9500,  1, -26.71, 8.220000000000027
  8599, 1358.2400,  1, 23.96, 12.509999999999991
  8599, 1358.2400,  1, 117.14, 12.509999999999991
  8662, 1364.9900,  3, 422.84, 19.220000000000027
  8724, 1371.6300,  3, 459.09, 25.87999999999988
  8739, 1373.2400,  3, 489.63, 27.430000000000064
  8745, 1373.8800,  3, 531.91, 28.039999999999964
  8854, 1401.1600,  1, 68.51, 11.550000000000182
  8854, 1401.1600,  1, 113.06, 11.550000000000182
  8942, 1410.6000,  3, 455.78, 20.960000000000036
  8968, 1413.3800,  3, 533.29, 23.710000000000036
  8968, 1413.3800,  3, 503.52, 23.74000000000001
  8971, 1413.7000,  3, 426.30, 23.99000000000001
  8993, 1416.0600,  3, 505.36, 26.3900000000001
  9009, 1417.7700,  3, 510.21, 28.060000000000173
  9114, 1443.6300,  1, 12.40, 11.13000000000011
  9114, 1443.6300,  1, 101.42, 11.13000000000011
  9117, 1443.9500,  1, 85.62, 11.450000000000045
  9117, 1443.9500,  1, 119.02, 11.450000000000045
  9147, 1447.1600,  1, 17.46, 14.660000000000082
  9224, 1455.4100,  3, 475.93, 22.86999999999989
  9249, 1458.1000,  3, 461.05, 25.49000000000001
  9257, 1458.9500,  3, 533.08, 26.34999999999991
  9388, 1487.3800,  1, 167.12, 13.910000000000082
  9388, 1487.3800,  1, 84.90, 13.910000000000082
  9433, 1492.2000,  3, 457.04, 18.720000000000027
  9479, 1497.1300,  3, 462.84, 23.579999999999927
  9480, 1497.2400,  3, 567.01, 23.75999999999999
  9484, 1497.6600,  3, 463.14, 24.180000000000064
  9488, 1498.1000,  3, 442.63, 24.59999999999991
  9540, 1503.6600,  3, 535.05, 30.160000000000082
  9653, 1530.4500,  1, 94.80, 11.990000000000009
  9709, 1536.4500,  3, 439.01, 17.909999999999854
  9725, 1538.1600,  3, 497.94, 19.690000000000055
  9754, 1541.2700,  3, 550.52, 22.700000000000045
  9756, 1541.4900,  3, 483.74, 22.99000000000001
  9757, 1541.6000,  3, 469.81, 23.089999999999918
  9778, 1543.8500,  3, 430.37, 25.3599999999999
  9804, 1546.6300,  3, 375.20, 28.149999999999864
  9884, 1569.9100,  1, -33.88, 8.440000000000055
  9884, 1569.9100,  1, 11.38, 8.440000000000055
  9917, 1573.4500,  1, 65.60, 11.980000000000018
  9917, 1573.4500,  1, 46.90, 11.980000000000018
 10015, 1583.9500,  3, 514.07, 22.430000000000064
 10036, 1586.2000,  3, 477.80, 24.690000000000055
 10090, 1591.9900,  3, 497.23, 30.410000000000082
 10093, 1592.3100,  3, 395.10, 30.789999999999964
 10215, 1619.7400,  1, 106.41, 12.940000000000055
 10215, 1619.7400,  1, 16.37, 12.940000000000055
 10259, 1624.4500,  3, 435.80, 17.6400000000001
 10298, 1628.6300,  3, 450.44, 21.730000000000018
 10311, 1630.0200,  3, 502.40, 23.190000000000055
 10314, 1630.3500,  3, 504.41, 23.539999999999964
 10330, 1632.0600,  3, 526.12, 25.210000000000036
 10423, 1642.0200,  3, 641.90, 35.16000000000008
 10523, 1667.1600,  1, 72.00, 10.570000000000164
 10628, 1678.4100,  3, 456.78, 21.769999999999982
 10646, 1680.3500,  3, 562.23, 23.75
 10648, 1680.5600,  3, 525.03, 23.950000000000045
 10654, 1681.2000,  3, 531.28, 24.519999999999982
 10661, 1681.9500,  3, 433.58, 25.350000000000136
 10664, 1682.2700,  3, 459.74, 25.65000000000009
 10683, 1684.3100,  3, 427.60, 27.710000000000036
 10805, 1711.7700,  1, 21.73, 12.940000000000055
 10805, 1711.7700,  1, 13.17, 12.940000000000055
 10808, 1712.1000,  1, 56.86, 13.269999999999982
 10808, 1712.1000,  1, 140.33, 13.269999999999982
 10871, 1718.8500,  3, 447.98, 19.970000000000027
 10884, 1720.2400,  3, 389.28, 21.340000000000146
 10903, 1722.2700,  3, 497.84, 23.330000000000155
 10920, 1724.1000,  3, 545.05, 25.24000000000001
 11044, 1751.9500,  1, 108.43, 13.180000000000064
 11044, 1751.9500,  1, 121.42, 13.180000000000064
 11094, 1757.3100,  3, 431.56, 18.430000000000064
 11108, 1758.8100,  3, 413.81, 19.980000000000018
 11114, 1759.4500,  3, 497.66, 20.6400000000001
 11120, 1760.1000,  3, 515.08, 21.299999999999955
 11180, 1766.5200,  3, 453.47, 27.74000000000001
 11183, 1766.8500,  3, 533.22, 28.029999999999973
 11301, 1794.2000,  1, 134.60, 12.529999999999973
 11301, 1794.2000,  1, 143.28, 12.529999999999973
 11326, 1796.8800,  1, 150.56, 15.210000000000036
 11326, 1796.8800,  1, 195.23, 15.210000000000036
 11340, 1798.3800,  1, 48.15, 16.710000000000036
 11398, 1804.6000,  3, 451.47, 22.84999999999991
 11417, 1806.6300,  3, 481.34, 24.929999999999836
 11489, 1814.3500,  3, 616.46, 32.61999999999989
 11666, 1847.9100,  3, 458.05, 18.830000000000155
 11677, 1849.1000,  3, 465.33, 19.980000000000018
 11693, 1850.8100,  3, 482.97, 21.710000000000036
 11702, 1851.7700,  3, 460.33, 22.680000000000064
 11705, 1852.1000,  3, 465.30, 22.930000000000064
 11758, 1857.7700,  3, 489.32, 28.600000000000136
 11759, 1857.8800,  3, 495.21, 28.799999999999955
 11842, 1866.7700,  3, 426.13, 37.600000000000136
 12031, 1901.4100,  3, 500.70, 20.080000000000155
 12034, 1901.7400,  3, 495.86, 20.350000000000136
 12043, 1902.7000,  3, 476.91, 21.319999999999936
 12066, 1905.1600,  3, 448.06, 23.850000000000136
 12075, 1906.1300,  3, 453.16, 24.779999999999973
 12103, 1909.1300,  3, 506.03, 27.779999999999973
 12144, 1913.5200,  3, 547.96, 32.12000000000012
 12147, 1913.8500,  3, 493.82, 32.51999999999998
 12213, 1936.5600,  1, -67.03, 6.960000000000036
 12213, 1936.5600,  1, -5.36, 6.960000000000036
 12250, 1940.5200,  1, 86.49, 10.920000000000073
 12250, 1940.5200,  1, 109.77, 10.920000000000073
 12355, 1951.7700,  3, 516.11, 22.080000000000155
 12358, 1952.1000,  3, 450.52, 22.470000000000027
 12394, 1955.9500,  3, 570.78, 26.269999999999982
 12400, 1956.6000,  3, 504.13, 26.950000000000045
 12516, 1983.8500,  1, -10.24, 12.309999999999945
 12549, 1987.3800,  1, 114.99, 15.840000000000146
 12549, 1987.3800,  1, 204.66, 15.840000000000146
 12616, 1994.5600,  3, 433.04, 22.970000000000027
 12631, 1996.1600,  3, 494.95, 24.539999999999964
 12633, 1996.3800,  3, 494.41, 24.75999999999999
 12655, 1998.7400,  3, 442.25, 27.190000000000055
 12665, 1999.8100,  3, 479.38, 28.160000000000082
 12774, 2026.2400,  1, 98.83, 11.579999999999927
 12774, 2026.2400,  1, 109.99, 11.579999999999927
 12795, 2028.4900,  1, 30.69, 13.829999999999927
 12795, 2028.4900,  1, 28.47, 13.829999999999927
 12830, 2032.2400,  1, 69.33, 17.579999999999927
 12874, 2036.9500,  3, 500.24, 22.279999999999973
 12900, 2039.7400,  3, 554.35, 25.019999999999982
 12908, 2040.6000,  3, 526.53, 25.929999999999836
 12930, 2057.6600,  1, -166.51, 2.2599999999997635
 13004, 2065.5900,  1, 50.54, 10.190000000000055
 13004, 2065.5900,  1, 51.24, 10.190000000000055
 13108, 2076.7300,  3, 521.47, 21.299999999999727
 13117, 2077.7000,  3, 454.07, 22.210000000000036
 13121, 2078.1200,  3, 483.86, 22.690000000000055
 13157, 2081.9800,  3, 474.12, 26.549999999999727
 13376, 2105.4500,  2, 627.09,  50
 13538, 2137.4100,  1, 218.65, 17.149999999999636
 13557, 2139.4500,  3, 476.94, 19.139999999999873
 13582, 2142.1200,  3, 446.31, 21.829999999999927
 13612, 2145.3400,  3, 487.12, 25.039999999999964
 13617, 2145.8700,  3, 618.95, 25.529999999999745
 13619, 2146.0900,  3, 497.40, 25.73999999999978
 13642, 2148.5500,  3, 534.35, 28.229999999999563
 13655, 2149.9500,  3, 579.04, 29.629999999999654
 13771, 2177.0000,  1, 89.99, 12.329999999999927
 13771, 2177.0000,  1, 60.08, 12.329999999999927
 13858, 2186.3200,  3, 529.83, 21.59999999999991
 13866, 2187.1800,  3, 424.91, 22.480000000000018
 13872, 2187.8200,  3, 456.96, 23.09999999999991
 13873, 2187.9300,  3, 534.66, 23.15000000000009
 13902, 2191.0300,  3, 518.77, 26.31999999999971
 13903, 2191.1400,  3, 482.61, 26.38000000000011
 14046, 2220.7800,  1, 145.63, 15.210000000000036
 14046, 2220.7800,  1, 140.66, 15.210000000000036
 14143, 2231.1800,  3, 496.23, 25.58999999999969
 14153, 2232.2500,  3, 405.70, 26.659999999999854
 14175, 2234.6100,  3, 481.25, 28.960000000000036
 14176, 2234.7200,  3, 606.64, 29.08999999999969
 14220, 2239.4300,  3, 453.87, 33.82999999999993
 14285, 2246.3900,  3, 486.73, 40.7199999999998
 14423, 2275.8700,  1, 54.49, 14.670000000000073
 14423, 2275.8700,  1, 60.25, 14.670000000000073
 14484, 2282.4100,  3, 473.50, 21.18000000000029
 14507, 2284.8700,  3, 497.78, 23.620000000000346
 14534, 2287.7600,  3, 649.92, 26.51000000000022
 14536, 2287.9800,  3, 471.93, 26.68000000000029
 14547, 2289.1600,  3, 617.61, 27.88000000000011
 14554, 2289.9100,  3, 534.44, 28.600000000000364
 14756, 2326.2000,  3, 524.80, 21.490000000000236
 14758, 2326.4100,  3, 541.39, 21.720000000000255
 14773, 2328.0100,  3, 502.24, 23.289999999999964
 14780, 2328.7600,  3, 476.61, 24.0300000000002
 14788, 2329.6200,  3, 542.10, 24.940000000000055
 14802, 2331.1200,  3, 579.17, 26.41000000000031
 14812, 2332.2000,  3, 434.40, 27.5
 14838, 2334.9800,  3, 652.19, 30.230000000000018
 15019, 2369.0000,  1, 75.74, 19.2800000000002
 15019, 2369.0000,  1, 99.54, 19.2800000000002
 15022, 2369.3200,  3, 473.58, 19.5300000000002
 15069, 2374.3600,  3, 500.95, 24.63000000000011
 15108, 2378.5300,  3, 513.58, 28.800000000000182
 15113, 2379.0700,  3, 524.38, 29.25
 15129, 2380.7800,  3, 516.99, 30.970000000000255
 15134, 2381.3200,  3, 456.51, 31.580000000000382
 15259, 2409.1600,  1, 157.33, 13.279999999999745
 15334, 2417.2000,  3, 491.84, 21.230000000000018
 15345, 2418.3700,  3, 488.20, 22.409999999999854
 15367, 2420.7300,  3, 591.91, 24.799999999999727
 15394, 2423.6200,  3, 440.54, 27.710000000000036
 15396, 2423.8400,  3, 473.99, 27.920000000000073
 15398, 2424.0500,  3, 587.97, 28.109999999999673
 15416, 2425.9800,  3, 582.49, 30.0
 15498, 2449.4100,  1, 26.62, 8.679999999999836
 15498, 2449.4100,  1, 28.01, 8.679999999999836
 15611, 2461.5100,  3, 478.69, 20.710000000000036
 15613, 2461.7300,  3, 460.99, 20.940000000000055
 15621, 2462.5900,  3, 546.29, 21.829999999999927
 15659, 2466.6600,  3, 572.06, 25.88000000000011
 15683, 2469.2300,  3, 488.86, 28.449999999999818
 15884, 2490.7600,  2, 465.16,  50
 16097, 2528.0300,  3, 416.35, 22.559999999999945
 16098, 2528.1400,  3, 471.17, 22.670000000000073
 16101, 2528.4700,  3, 544.79, 23.039999999999964
 16105, 2528.8900,  3, 500.88, 23.409999999999854
 16107, 2529.1100,  3, 477.90, 23.670000000000073
 16110, 2529.4300,  3, 468.15, 23.9699999999998
 16113, 2529.7500,  3, 568.42, 24.299999999999727
 16194, 2538.4300,  3, 403.48, 32.90000000000009
 16307, 2565.2600,  1, 101.85, 12.0
 16317, 2566.3400,  1, 17.16, 13.079999999999927
 16317, 2566.3400,  1, 76.93, 13.079999999999927
 16411, 2576.4100,  3, 533.08, 23.09999999999991
 16416, 2576.9500,  3, 493.82, 23.649999999999636
 16419, 2577.2600,  3, 469.56, 23.949999999999818
 16473, 2583.0500,  3, 644.92, 29.75
 16514, 2587.4500,  3, 519.21, 34.10999999999967
 16697, 2621.6800,  3, 488.63, 19.490000000000236
 16716, 2623.7200,  3, 489.45, 21.480000000000018
 16723, 2624.4700,  3, 534.66, 22.2800000000002
 16739, 2626.1800,  3, 511.36, 23.980000000000018
 16742, 2626.5000,  3, 492.18, 24.230000000000018
 16748, 2627.1400,  3, 468.07, 24.920000000000073
 16755, 2627.8900,  3, 458.82, 25.610000000000127
 16770, 2629.5000,  3, 544.28, 27.289999999999964
 16955, 2663.7200,  3, 494.71, 19.690000000000055
 16979, 2666.2800,  3, 485.55, 22.26000000000022
 16987, 2667.1400,  1, 253.24, 23.139999999999873
 16987, 2667.1400,  1, 321.06, 23.139999999999873
 16988, 2667.2500,  3, 445.69, 23.190000000000055
 17016, 2670.2500,  3, 550.63, 26.199999999999818
 17019, 2670.5700,  3, 411.03, 26.5300000000002
 17027, 2671.4300,  3, 568.86, 27.40000000000009
 17142, 2698.2600,  1, 118.27, 12.210000000000036
 17142, 2698.2600,  1, 32.55, 12.210000000000036
 17249, 2709.7300,  3, 471.05, 23.669999999999618
 17249, 2709.7300,  3, 465.66, 23.649999999999636
 17252, 2710.0500,  3, 511.98, 23.9699999999998
 17259, 2710.8000,  3, 464.27, 24.73999999999978
 17277, 2712.7300,  3, 569.00, 26.579999999999927
 17453, 2731.5900,  3, 423.62, 45.4699999999998
 17622, 2764.2500,  3, 424.69, 17.9699999999998
 17641, 2766.2800,  3, 464.96, 19.9699999999998
 17680, 2770.4700,  3, 502.66, 24.170000000000073
 17682, 2770.6800,  3, 537.87, 24.38000000000011
 17728, 2775.6100,  3, 559.00, 29.34999999999991
 17737, 2776.5700,  3, 444.40, 30.25
 17748, 2777.7500,  3, 487.67, 31.440000000000055
 17761, 2779.1400,  3, 466.97, 32.86999999999989
 17941, 2812.7800,  3, 485.83, 19.079999999999927
 17963, 2815.1400,  3, 512.05, 21.490000000000236
 17972, 2816.1100,  3, 413.03, 22.41000000000031
 17982, 2817.1800,  3, 574.17, 23.559999999999945
 17986, 2817.6100,  3, 519.91, 23.960000000000036
 18029, 2822.2200,  3, 486.85, 28.590000000000146
 18036, 2822.9700,  3, 543.68, 29.340000000000146
 18190, 2839.4700,  3, 350.43, 45.789999999999964
 18323, 2869.1600,  1, 52.30, 14.139999999999873
 18370, 2874.2000,  3, 440.97, 19.15000000000009
 18375, 2874.7300,  3, 465.89, 19.699999999999818
 18388, 2876.1200,  3, 434.71, 21.0
 18388, 2876.1200,  3, 484.23, 21.079999999999927
 18395, 2876.8700,  3, 508.18, 21.809999999999945
 18419, 2879.4500,  3, 457.69, 24.340000000000146
 18438, 2881.4800,  3, 498.69, 26.34999999999991
 18544, 2907.2200,  1, 43.04, 11.25
 18544, 2907.2200,  1, 81.26, 11.25
 18644, 2917.9300,  3, 445.11, 21.860000000000127
 18646, 2918.1400,  3, 476.82, 22.140000000000327
 18659, 2919.5300,  3, 504.38, 23.480000000000018
 18671, 2920.8200,  3, 522.08, 24.769999999999982
 18673, 2921.0300,  3, 595.67, 25.0300000000002
 18694, 2923.2800,  3, 504.26, 27.2800000000002
 18855, 2955.0000,  1, 88.66, 17.139999999999873
 18855, 2955.0000,  1, 141.18, 17.139999999999873
 18912, 2961.1100,  3, 493.20, 23.2199999999998
 18929, 2962.9300,  3, 510.03, 25.029999999999745
 18937, 2963.7800,  3, 525.72, 25.83999999999969
 18962, 2966.4700,  3, 581.85, 28.5
 18967, 2967.0000,  3, 590.57, 29.049999999999727
 19038, 2974.6100,  3, 513.47, 36.679999999999836
 19153, 3002.4500,  1, 90.03, 12.210000000000036
 19153, 3002.4500,  1, 37.68, 12.210000000000036
 19219, 3009.5100,  3, 485.21, 19.190000000000055
 19237, 3011.4500,  3, 501.87, 21.120000000000346
 19263, 3014.2300,  3, 512.81, 23.940000000000055
 19263, 3014.2300,  3, 442.22, 23.91000000000031
 19269, 3014.8700,  3, 506.02, 24.520000000000437
 19392, 3028.0500,  3, 387.39, 37.79000000000042
 19529, 3057.2800,  1, 109.15, 14.570000000000164
 19613, 3066.2800,  3, 485.93, 23.559999999999945
 19628, 3067.8900,  3, 497.88, 25.079999999999927
 19629, 3068.0000,  3, 603.70, 25.210000000000036
 19630, 3068.1100,  3, 493.85, 25.38000000000011
 19631, 3068.2200,  3, 465.83, 25.4699999999998
 19642, 3069.3900,  3, 591.66, 26.570000000000164
 19665, 3071.8600,  3, 556.23, 29.059999999999945
 19781, 3098.8700,  1, 98.48, 12.329999999999927
 19781, 3098.8700,  1, 16.43, 12.329999999999927
 19879, 3109.3700,  3, 452.41, 22.730000000000018
 19884, 3109.9100,  3, 503.55, 23.360000000000127
 19913, 3113.0100,  3, 507.47, 26.449999999999818
 19924, 3114.2000,  3, 531.55, 27.63000000000011
 19933, 3115.1600,  3, 435.93, 28.610000000000127
 20057, 3128.4500,  3, 482.97, 41.820000000000164
 20155, 3153.6100,  1, 64.86, 10.390000000000327
 20155, 3153.6100,  1, 73.20, 10.390000000000327
 20185, 3156.8200,  1, 43.33, 13.600000000000364
 20185, 3156.8200,  1, 31.37, 13.600000000000364
 20190, 3157.3600,  1, 122.48, 14.140000000000327
 20190, 3157.3600,  1, 25.76, 14.140000000000327
 20268, 3165.7200,  3, 562.36, 22.470000000000255
 20279, 3166.8900,  3, 497.34, 23.65000000000009
 20469, 3201.8900,  3, 457.90, 20.200000000000273
 20475, 3202.5300,  3, 458.72, 20.829999999999927
 20479, 3202.9700,  3, 456.47, 21.230000000000018
 20502, 3205.4300,  3, 482.25, 23.76000000000022
 20507, 3205.9700,  3, 499.48, 24.26000000000022
 20525, 3207.8900,  3, 473.64, 26.230000000000018
 20533, 3208.7500,  3, 484.23, 27.059999999999945
 20585, 3214.3200,  3, 571.22, 32.620000000000346
 20778, 3250.5300,  3, 524.43, 20.559999999999945
 20779, 3250.6400,  3, 432.38, 20.590000000000146
 20788, 3251.6100,  3, 515.98, 21.550000000000182
 20809, 3253.8600,  3, 505.49, 23.809999999999945
 20822, 3255.2500,  3, 533.24, 25.230000000000018
 20827, 3255.7800,  3, 398.18, 25.730000000000018
 20836, 3256.7500,  3, 479.82, 26.7199999999998
 20838, 3256.9700,  3, 556.46, 26.909999999999854
 21024, 3291.2800,  3, 458.13, 19.75
 21041, 3293.1100,  3, 507.65, 21.620000000000346
 21043, 3293.3200,  3, 466.77, 21.840000000000146
 21044, 3293.4300,  3, 497.79, 21.920000000000073
 21063, 3295.4700,  3, 541.77, 23.940000000000055
 21080, 3297.2800,  3, 529.79, 25.720000000000255
 21089, 3298.2500,  3, 535.50, 26.68000000000029
 21096, 3299.0000,  3, 411.00, 27.5
 21174, 3322.1100,  1, 43.70, 8.25
 21174, 3322.1100,  1, 37.42, 8.25
 21264, 3331.7500,  3, 433.01, 17.789999999999964
 21304, 3336.0300,  3, 425.48, 22.159999999999854
 21312, 3336.8900,  3, 503.43, 22.980000000000018
 21337, 3339.5700,  3, 498.97, 25.61999999999989
 21346, 3340.5300,  3, 464.90, 26.61999999999989
 21468, 3353.6100,  3, 480.54, 39.659999999999854
 21656, 3389.3400,  3, 490.59, 19.949999999999818
 21665, 3390.3000,  3, 521.97, 20.980000000000018
 21695, 3393.5100,  3, 503.01, 24.15000000000009
 21695, 3393.5100,  3, 459.96, 24.139999999999873
 21715, 3395.6600,  3, 453.04, 26.34999999999991
 21722, 3396.4100,  3, 455.56, 27.090000000000146
 21760, 3400.4800,  3, 570.39, 31.139999999999873
 21776, 3402.2000,  3, 568.42, 32.809999999999945
 21967, 3437.2800,  3, 493.91, 20.340000000000146
 22009, 3441.7800,  3, 539.12, 24.840000000000146
 22024, 3443.3900,  3, 546.24, 26.460000000000036
 22031, 3444.1400,  3, 528.71, 27.210000000000036
 22039, 3445.0000,  3, 430.07, 28.0
 22041, 3445.2200,  3, 493.48, 28.279999999999745
 22090, 3450.4700,  3, 634.20, 33.48000000000002
 22244, 3466.9700,  2, 475.66,  50
 22437, 3502.0300,  3, 502.85, 20.359999999999673
 22442, 3502.5700,  3, 529.60, 20.980000000000018
 22449, 3503.3200,  3, 486.22, 21.710000000000036
 22450, 3503.4300,  3, 467.34, 21.829999999999927
 22499, 3508.6800,  3, 478.91, 27.009999999999764
 22534, 3512.4300,  3, 472.26, 30.84999999999991
 22540, 3513.0700,  3, 560.71, 31.48999999999978
 22642, 3524.0000,  3, 394.34, 42.34999999999991
 22724, 3547.5500,  1, 3.21, 8.680000000000291
 22724, 3547.5500,  1, -15.31, 8.680000000000291
 22736, 3548.8400,  1, 84.39, 9.970000000000255
 22736, 3548.8400,  1, 26.95, 9.970000000000255
 22819, 3557.7300,  3, 471.15, 18.75
 22846, 3560.6200,  3, 452.10, 21.670000000000073
 22894, 3565.7600,  3, 598.18, 26.88000000000011
 22910, 3567.4800,  3, 598.22, 28.579999999999927
 23104, 3602.9100,  3, 490.94, 20.63000000000011
 23118, 3604.4100,  3, 470.09, 22.090000000000146
 23131, 3605.8000,  3, 471.61, 23.48999999999978
 23133, 3606.0100,  3, 560.38, 23.73999999999978
 23136, 3606.3400,  3, 521.51, 24.090000000000146
 23158, 3608.7000,  3, 525.55, 26.420000000000073
 23168, 3609.7600,  3, 593.16, 27.440000000000055
 23177, 3610.7300,  3, 474.27, 28.40000000000009
 23364, 3645.3900,  3, 504.43, 19.870000000000346
 23373, 3646.3600,  3, 504.65, 20.88000000000011
 23376, 3646.6800,  3, 460.08, 21.200000000000273
 23384, 3647.5300,  3, 547.05, 22.04000000000042
 23412, 3650.5300,  3, 555.75, 25.01000000000022
 23422, 3651.6100,  3, 517.67, 26.100000000000364
 23439, 3653.4300,  3, 467.57, 27.90000000000009
 23443, 3653.8600,  3, 591.04, 28.370000000000346
 23627, 3688.1100,  3, 451.71, 19.519999999999982
 23630, 3688.4300,  3, 484.56, 19.840000000000146
 23637, 3689.1800,  3, 498.71, 20.670000000000073
 23640, 3689.5000,  3, 473.79, 20.909999999999854
 23657, 3691.3200,  3, 542.08, 22.789999999999964
 23670, 3692.7200,  3, 590.38, 24.210000000000036
 23753, 3701.6100,  3, 454.11, 33.01000000000022
 23911, 3718.5300,  2, 400.96,  50
 24042, 3747.1400,  1, 56.42, 13.829999999999927
 24042, 3747.1400,  1, 75.91, 13.829999999999927
 24113, 3754.7500,  3, 432.79, 21.409999999999854
 24120, 3755.5000,  3, 513.28, 22.159999999999854
 24121, 3755.6100,  3, 504.57, 22.289999999999964
 24177, 3761.6100,  3, 492.87, 28.269999999999982
 24182, 3762.1400,  3, 487.81, 28.720000000000255
 24380, 3783.3600,  2, 363.11,  50
 24604, 3821.9800,  3, 511.83, 23.710000000000036
 24609, 3822.5100,  3, 544.71, 24.309999999999945
 24615, 3823.1600,  3, 492.14, 24.920000000000073
 24638, 3825.6200,  3, 513.36, 27.34999999999991
 24641, 3825.9500,  3, 464.08, 27.730000000000018
 24647, 3826.5900,  3, 596.22, 28.340000000000146
 24649, 3826.8000,  3, 534.71, 28.529999999999745
 24686, 3830.7600,  3, 537.81, 32.51999999999998
 24754, 3852.3600,  1, -81.61, 7.180000000000291
 24754, 3852.3600,  1, -20.96, 7.180000000000291
 24893, 3867.2500,  3, 529.22, 21.980000000000018
 24897, 3867.6800,  3, 496.48, 22.40000000000009
 24907, 3868.7500,  3, 525.46, 23.5
 24912, 3869.2800,  3, 493.14, 24.039999999999964
 24928, 3871.0000,  3, 479.22, 25.789999999999964
 25154, 3895.2200,  2, 403.66,  50
 25257, 3920.8900,  1, 82.30, 10.829999999999927
 25257, 3920.8900,  1, 57.02, 10.829999999999927
 25348, 3930.6400,  1, 123.99, 20.579999999999927
 25353, 3931.1800,  3, 499.76, 21.01000000000022
 25372, 3933.2200,  1, 119.75, 23.159999999999854
 25377, 3933.7500,  3, 464.63, 23.679999999999836
 25396, 3935.7800,  3, 629.60, 25.639999999999873
 25396, 3935.7800,  3, 537.34, 25.639999999999873
 25563, 3968.4100,  1, -2.72, 17.779999999999745
 25584, 3970.6600,  3, 476.81, 19.929999999999836
 25615, 3973.9800,  3, 404.68, 23.299999999999727
 25626, 3975.1600,  3, 478.22, 24.429999999999836
 25635, 3976.1200,  3, 525.49, 25.449999999999818
 25638, 3976.4500,  3, 518.18, 25.73999999999978
 25736, 3986.9500,  3, 667.47, 36.26999999999998
 25749, 3988.3400,  3, 414.14, 37.63999999999987
 25972, 4026.8200,  3, 522.17, 23.759999999999764
 25981, 4027.7800,  3, 515.21, 24.649999999999636
 26027, 4032.7200,  3, 627.12, 29.679999999999836
 26041, 4034.2200,  3, 584.76, 31.139999999999873
 26059, 4036.1400,  3, 714.95, 33.00999999999976
 26163, 4047.2800,  3, 372.79, 44.23999999999978
 26173, 4048.3600,  3, 464.22, 45.23000000000002
 26217, 4053.0700,  2, 403.60,  50
 26412, 4088.4800,  3, 472.79, 20.579999999999927
 26427, 4090.0900,  3, 490.74, 22.279999999999745
 26435, 4090.9500,  3, 495.33, 23.08999999999969
 26438, 4091.2600,  3, 415.78, 23.359999999999673
 26454, 4092.9800,  3, 455.99, 25.079999999999927
 26468, 4094.4800,  3, 527.67, 26.669999999999618
 26474, 4095.1200,  3, 418.76, 27.279999999999745
 26514, 4099.3500,  3, 507.32, 31.5
 26639, 4126.8400,  1, 128.82, 13.050000000000182
 26639, 4126.8400,  1, 83.17, 13.050000000000182
 26708, 4134.1000,  3, 456.53, 20.230000000000473
 26729, 4136.3100,  3, 472.92, 22.51000000000022
 26746, 4138.1000,  3, 472.78, 24.289999999999964
 26750, 4138.5200,  3, 433.17, 24.649999999999636
 26752, 4138.7400,  3, 489.42, 24.859999999999673
 26756, 4139.1600,  3, 512.34, 25.359999999999673
 26879, 4166.6800,  1, 145.44, 12.840000000000146
 26879, 4166.6800,  1, 53.92, 12.840000000000146
 26946, 4173.7400,  3, 497.83, 19.789999999999964
 26958, 4175.0000,  3, 456.82, 21.05999999999949
 26971, 4176.3700,  3, 454.29, 22.449999999999818
 26978, 4177.1000,  3, 487.14, 23.18000000000029
 26983, 4177.6300,  3, 481.52, 23.73999999999978
 26992, 4178.5800,  3, 458.28, 24.670000000000073
 27191, 4214.3100,  3, 515.64, 20.790000000000873
 27204, 4215.6800,  3, 519.07, 22.160000000000764
 27207, 4216.0000,  3, 541.79, 22.410000000000764
 27209, 4216.2100,  3, 497.92, 22.650000000000546
 27220, 4217.3700,  3, 553.89, 23.8700000000008
 27231, 4218.5200,  3, 485.10, 24.99000000000069
 27231, 4218.5200,  3, 449.01, 24.970000000000255
 27249, 4220.4200,  3, 531.64, 26.93000000000029
 27343, 4244.9900,  1, 31.39, 9.789999999999964
 27343, 4244.9900,  1, 29.50, 9.789999999999964
 27384, 4249.3000,  1, 87.45, 14.100000000000364
 27384, 4249.3000,  1, 113.63, 14.100000000000364
 27452, 4256.4600,  3, 509.05, 21.210000000000036
 27469, 4258.2500,  3, 491.31, 23.01000000000022
 27470, 4258.3500,  3, 530.19, 23.100000000000364
 27490, 4260.4600,  3, 467.89, 25.150000000000546
 27551, 4281.5500,  1, -5.48, 6.3100000000004
 27551, 4281.5500,  1, -44.07, 6.3100000000004
 27577, 4284.2900,  1, 68.45, 9.050000000000182
 27691, 4296.2900,  3, 502.97, 21.01000000000022
 27697, 4296.9200,  3, 505.38, 21.590000000000146
 27711, 4298.3900,  3, 572.65, 23.11999999999989
 27715, 4298.8100,  3, 481.98, 23.530000000000655
 27717, 4299.0200,  3, 466.12, 23.699999999999818
 27778, 4320.1800,  1, -19.15, 6.3100000000004
 27778, 4320.1800,  1, -10.54, 6.3100000000004
 27834, 4326.0800,  1, 76.69, 12.210000000000036
 27834, 4326.0800,  1, 104.20, 12.210000000000036
 27855, 4328.2900,  1, 193.41, 14.420000000000073
 27960, 4339.3400,  3, 563.60, 25.38000000000011
 27978, 4341.2400,  3, 464.05, 27.329999999999927
 27983, 4341.7600,  3, 445.73, 27.859999999999673
 28009, 4359.1000,  1, -159.84, 2.630000000000109
 28102, 4368.8900,  1, 53.32, 12.420000000000073
 28116, 4370.3700,  1, 57.42, 13.899999999999636
 28248, 4384.2600,  3, 446.72, 27.75999999999931
 28251, 4384.5800,  3, 541.72, 28.079999999999927
 28265, 4386.0500,  3, 522.83, 29.529999999999745
 28266, 4386.1600,  3, 537.74, 29.590000000000146
 28459, 4406.4700,  2, 377.40,  50
 28590, 4435.0400,  1, 87.43, 13.579999999999927
 28675, 4443.9900,  3, 497.18, 22.5
 28685, 4445.0400,  3, 547.24, 23.51000000000022
 28696, 4446.2000,  3, 553.11, 24.640000000000327
 28711, 4447.7700,  3, 588.83, 26.300000000000182
 28747, 4451.5600,  3, 552.09, 30.079999999999927
 28758, 4452.7200,  3, 601.69, 31.159999999999854
 28936, 4471.4600,  2, 372.55,  50
 29126, 4506.6800,  3, 444.65, 19.779999999999745
 29138, 4507.9500,  3, 464.16, 21.019999999999527
 29142, 4508.3700,  3, 522.74, 21.460000000000036
 29150, 4509.2100,  3, 551.14, 22.279999999999745
 29159, 4510.1600,  3, 450.81, 23.17999999999938
 29172, 4511.5200,  3, 496.87, 24.549999999999272
 29180, 4512.3700,  3, 479.07, 25.389999999999418
 29187, 4513.1000,  3, 437.06, 26.170000000000073
 29374, 4547.1600,  3, 460.38, 19.470000000000255
 29419, 4551.8900,  3, 463.54, 24.300000000000182
 29420, 4552.0000,  3, 495.00, 24.31999999999971
 29440, 4554.1000,  3, 555.84, 26.48999999999978
 29443, 4554.4200,  3, 649.11, 26.8100000000004
 29448, 4554.9500,  3, 537.56, 27.329999999999927
 29486, 4558.9500,  3, 463.53, 31.300000000000182
 29663, 4577.5800,  2, 362.70,  50
 29869, 4613.6400,  3, 475.78, 21.43000000000029
 29877, 4614.4900,  3, 478.33, 22.26000000000022
 29887, 4615.5400,  3, 543.48, 23.289999999999964
 29895, 4616.3800,  3, 579.86, 24.109999999999673
 29912, 4618.1700,  3, 536.38, 25.949999999999818
 29930, 4620.0600,  3, 449.32, 27.88000000000011
 29949, 4622.0600,  3, 499.20, 29.829999999999927
 29952, 4622.3800,  3, 412.69, 30.18000000000029
 30132, 4656.0800,  3, 431.26, 18.829999999999927
 30149, 4657.8700,  3, 473.87, 20.550000000000182
 30154, 4658.3900,  3, 458.46, 21.079999999999927
 30172, 4660.2900,  3, 506.60, 22.949999999999818
 30185, 4661.6600,  3, 458.34, 24.360000000000582
 30203, 4663.5500,  3, 566.75, 26.300000000000182
 30207, 4663.9700,  3, 600.02, 26.69000000000051
 30248, 4668.2900,  1, 60.23, 31.050000000000182
 30327, 4691.3500,  1, -7.83, 8.100000000000364
 30327, 4691.3500,  1, -17.04, 8.100000000000364
 30451, 4704.4100,  3, 516.58, 21.100000000000364
 30470, 4706.4100,  3, 554.46, 23.109999999999673
 30478, 4707.2500,  3, 523.81, 23.890000000000327
 30481, 4707.5600,  3, 498.57, 24.210000000000036
 30482, 4707.6700,  3, 532.81, 24.36999999999989
 30598, 4719.8800,  3, 613.23, 36.590000000000146
 30802, 4755.8700,  3, 514.78, 21.340000000000146
 30819, 4757.6600,  3, 513.25, 23.050000000000182
 30826, 4758.3900,  3, 484.97, 23.8100000000004
 30841, 4759.9700,  3, 476.68, 25.38000000000011
 30858, 4761.7600,  3, 479.90, 27.1899999999996
 30863, 4762.2900,  3, 530.53, 27.76000000000022
 30902, 4766.3900,  3, 478.44, 31.850000000000364
 30965, 4773.0200,  3, 401.37, 38.5
 31171, 4809.4300,  3, 496.55, 21.5600000000004
 31182, 4810.5900,  3, 471.21, 22.68000000000029
 31185, 4810.9100,  3, 499.14, 22.94000000000051
 31195, 4811.9600,  3, 523.88, 24.039999999999964
 31234, 4816.0600,  3, 458.63, 28.11999999999989
 31243, 4817.0100,  3, 475.63, 29.110000000000582
 31256, 4818.3800,  3, 624.38, 30.5
 31256, 4818.3800,  1, 318.09, 30.520000000000437
 31375, 4845.5200,  1, 62.66, 12.420000000000073
 31375, 4845.5200,  1, 56.46, 12.420000000000073
 31446, 4853.0000,  3, 463.30, 19.8799999999992
 31466, 4855.1000,  3, 422.13, 21.909999999999854
 31481, 4856.6800,  3, 445.65, 23.50999999999931
 31519, 4860.6800,  3, 466.79, 27.519999999999527
 31520, 4860.7900,  3, 480.60, 27.659999999999854
 31534, 4862.2600,  3, 575.75, 29.1299999999992
 31609, 4884.8500,  1, -13.95, 7.789999999999964
 31609, 4884.8500,  1, -30.67, 7.789999999999964
 31635, 4887.5900,  1, -29.48, 10.529999999999745
 31635, 4887.5900,  1, 93.46, 10.529999999999745
 31733, 4897.9100,  3, 503.69, 20.839999999999236
 31743, 4898.9600,  3, 466.73, 21.80999999999949
 31769, 4901.7000,  3, 526.27, 24.579999999999927
 31825, 4907.5900,  3, 481.39, 30.4399999999996
 31891, 4929.0600,  1, 7.64, 6.830000000000837
 31891, 4929.0600,  1, -36.92, 6.830000000000837
 32019, 4942.5400,  3, 435.13, 20.280000000000655
 32055, 4946.3300,  3, 458.84, 24.020000000000437
 32078, 4948.7500,  3, 475.20, 26.44000000000051
 32081, 4949.0600,  3, 466.75, 26.74000000000069
 32094, 4950.4300,  3, 437.55, 28.150000000000546
 32104, 4951.4900,  3, 477.42, 29.25
 32210, 4977.3100,  1, 38.70, 11.050000000000182
 32210, 4977.3100,  1, 88.17, 11.050000000000182
 32298, 4986.5800,  3, 441.81, 20.210000000000036
 32309, 4987.7400,  3, 483.58, 21.389999999999418
 32322, 4989.1000,  3, 455.84, 22.80999999999949
 32333, 4990.2600,  3, 557.69, 23.960000000000036
 32338, 4990.7900,  3, 564.07, 24.420000000000073
 32347, 4991.7400,  3, 468.98, 25.42999999999938
 32477, 5020.0200,  1, 107.29, 13.570000000000618
 32477, 5020.0200,  1, 56.62, 13.570000000000618
 32544, 5027.0800,  3, 471.86, 20.61999999999989
 32567, 5029.5000,  3, 509.93, 22.94000000000051
 32583, 5031.1800,  3, 464.53, 24.640000000000327
 32584, 5031.2900,  3, 535.62, 24.8100000000004
 32599, 5032.8700,  3, 550.65, 26.409999999999854
 32621, 5035.1800,  3, 477.76, 28.720000000000255
 32756, 5064.1700,  1, 38.13, 14.100000000000364
 32756, 5064.1700,  1, 131.10, 14.100000000000364
 32799, 5068.7000,  3, 442.05, 18.550000000000182
 32825, 5071.4300,  3, 454.69, 21.32000000000062
 32853, 5074.3800,  3, 554.58, 24.25
 32867, 5075.8500,  3, 573.19, 25.69000000000051
 32868, 5075.9600,  3, 502.23, 25.88000000000011
 32935, 5083.0100,  3, 444.38, 32.86999999999989
 33121, 5117.3300,  3, 437.61, 19.450000000000728
 33124, 5117.6400,  3, 416.31, 19.700000000000728
 33129, 5118.1700,  3, 421.25, 20.289999999999964
 33131, 5118.3800,  3, 462.63, 20.450000000000728
 33138, 5119.1200,  3, 503.61, 21.160000000000764
 33147, 5120.0600,  3, 525.88, 22.160000000000764
 33150, 5120.3800,  3, 487.74, 22.43000000000029
 33155, 5120.9100,  3, 451.50, 23.020000000000437
 33270, 5148.4300,  1, 45.76, 12.0
 33270, 5148.4300,  1, 76.22, 12.0
 33283, 5149.8000,  1, 96.56, 13.36999999999989
 33283, 5149.8000,  1, 118.84, 13.36999999999989
 33343, 5156.1200,  3, 459.48, 19.670000000000073
 33355, 5157.3800,  3, 434.96, 20.92999999999938
 33450, 5167.3800,  3, 650.40, 30.859999999999673
 33609, 5184.1200,  3, 795.81, 47.60999999999967
 33818, 5220.5200,  3, 502.25, 21.849999999999454
 33833, 5222.1000,  3, 483.59, 23.43000000000029
 33838, 5222.6300,  3, 420.65, 23.920000000000073
 33854, 5224.3100,  3, 533.70, 25.649999999999636
 33866, 5225.5800,  3, 494.42, 26.840000000000146
 33906, 5229.7900,  3, 513.24, 31.140000000000327
 33917, 5230.9500,  3, 743.54, 32.220000000000255
 33938, 5233.1600,  3, 592.12, 34.51000000000022
 34071, 5262.5000,  1, 79.74, 13.899999999999636
 34071, 5262.5000,  1, 94.13, 13.899999999999636
 34122, 5267.8700,  3, 435.27, 19.1899999999996
 34138, 5269.5500,  3, 420.73, 20.86999999999989
 34146, 5270.3900,  3, 476.07, 21.719999999999345
 34162, 5272.0800,  3, 477.21, 23.409999999999854
 34165, 5272.3900,  3, 489.46, 23.699999999999818
 34227, 5278.9200,  3, 516.92, 30.269999999999527
 34417, 5313.3900,  3, 416.90, 19.8100000000004
 34422, 5313.9200,  3, 488.74, 20.390000000000327
 34422, 5313.9200,  3, 465.74, 20.38000000000011
 34424, 5314.1300,  3, 446.02, 20.5600000000004
 34438, 5315.6000,  3, 473.98, 22.039999999999964
 34467, 5318.6600,  3, 446.85, 25.100000000000364
 34492, 5321.2900,  3, 540.96, 27.75
 34681, 5341.1800,  3, 566.81, 47.63000000000011
 34800, 5368.2200,  1, 81.03, 12.420000000000073
 34800, 5368.2200,  1, 45.83, 12.420000000000073
 34866, 5375.1700,  3, 443.54, 19.269999999999527
 34897, 5378.4300,  3, 508.48, 22.539999999999964
 34914, 5380.2200,  3, 518.31, 24.399999999999636
 34921, 5380.9600,  3, 377.33, 25.06999999999971
 34930, 5381.9100,  3, 536.03, 26.0
 35007, 5390.0100,  3, 598.68, 34.13999999999942
 35222, 5427.3400,  3, 521.81, 22.5
 35224, 5427.5500,  3, 549.21, 22.669999999999163
 35228, 5427.9700,  3, 514.12, 23.109999999999673
 35260, 5431.3400,  3, 566.77, 26.460000000000036
 35266, 5431.9700,  3, 567.47, 27.149999999999636
 35269, 5432.2900,  3, 476.87, 27.460000000000036
 35292, 5434.7100,  3, 534.74, 29.839999999999236
 35330, 5438.7100,  3, 582.32, 33.839999999999236
 35464, 5467.2000,  1, -9.89, 14.0
 35489, 5469.8300,  1, 83.14, 16.63000000000011
 35540, 5475.2000,  3, 379.67, 21.920000000000073
 35563, 5477.6200,  3, 496.75, 24.38000000000011
 35564, 5477.7200,  3, 542.16, 24.5
 35575, 5478.8800,  3, 486.52, 25.670000000000073
 35674, 5489.3000,  3, 545.02, 36.07999999999993
 35787, 5501.2000,  3, 541.69, 47.98999999999978
 35975, 5535.7600,  3, 481.02, 19.649999999999636
 35983, 5536.6000,  3, 484.76, 20.51000000000022
 36020, 5540.5000,  3, 472.14, 24.31999999999971
 36023, 5540.8100,  3, 487.93, 24.670000000000073
 36029, 5541.4500,  3, 488.61, 25.3100000000004
 36043, 5542.9200,  3, 588.33, 26.800000000000182
 36074, 5546.1800,  3, 446.11, 30.039999999999964
 36079, 5546.7100,  3, 600.68, 30.56999999999971
 36200, 5574.7000,  1, 81.43, 12.63000000000011
 36200, 5574.7000,  1, 100.77, 12.63000000000011
 36251, 5580.0600,  3, 411.84, 17.93000000000029
 36280, 5583.1200,  3, 483.87, 21.01000000000022
 36289, 5584.0600,  3, 516.26, 21.890000000000327
 36302, 5585.4300,  3, 415.07, 23.340000000000146
 36302, 5585.4300,  3, 541.46, 23.340000000000146
 36305, 5585.7500,  3, 499.42, 23.640000000000327
 36445, 5614.9100,  1, 98.59, 14.639999999999418
 36445, 5614.9100,  1, 23.92, 14.639999999999418
 36508, 5621.5400,  3, 443.88, 21.229999999999563
 36514, 5622.1700,  3, 430.41, 21.829999999999927
 36561, 5627.1200,  3, 445.67, 26.789999999999964
 36565, 5627.5400,  3, 618.45, 27.199999999999818
 36568, 5627.8500,  3, 537.28, 27.48999999999978
 36578, 5628.9100,  3, 506.19, 28.609999999999673
 36675, 5653.6300,  1, 45.99, 10.100000000000364
 36675, 5653.6300,  1, 94.29, 10.100000000000364
 36756, 5662.1600,  3, 427.64, 18.57000000000062
 36806, 5667.4200,  3, 492.55, 23.86999999999989
 36808, 5667.6300,  3, 534.38, 24.079999999999927
 36826, 5669.5200,  3, 426.57, 25.94000000000051
 36832, 5670.1600,  3, 571.90, 26.61999999999989
 36863, 5673.4200,  3, 512.53, 29.860000000000582
 36998, 5703.2000,  1, 94.90, 14.109999999999673
 37059, 5709.6200,  3, 490.45, 20.51000000000022
 37085, 5712.3500,  3, 483.97, 23.25
 37099, 5713.8300,  3, 445.18, 24.729999999999563
 37118, 5715.8300,  3, 521.61, 26.710000000000036
 37127, 5716.7700,  3, 514.60, 27.63000000000011
 37145, 5718.6700,  3, 524.55, 29.519999999999527
 37152, 5719.4100,  3, 555.35, 30.23999999999978
 37275, 5746.8300,  1, -24.10, 12.840000000000146
 37345, 5754.2000,  3, 449.47, 20.19000000000051
 37356, 5755.3500,  3, 427.43, 21.280000000000655
 37382, 5758.0900,  3, 431.19, 24.01000000000022
 37391, 5759.0400,  3, 414.38, 25.030000000000655
 37427, 5762.8300,  3, 531.56, 28.76000000000022
 37441, 5764.3000,  3, 615.43, 30.23999999999978
 37463, 5766.6200,  3, 514.76, 32.600000000000364
 37578, 5793.2400,  1, 51.32, 12.0
 37578, 5793.2400,  1, 74.39, 12.0
 37667, 5802.6000,  3, 483.57, 21.26000000000022
 37707, 5806.8100,  3, 465.98, 25.5600000000004
 37715, 5807.6600,  3, 542.49, 26.36999999999989
 37720, 5808.1800,  3, 541.75, 26.850000000000364
 37739, 5810.1800,  3, 540.65, 28.909999999999854
 37769, 5813.3400,  3, 520.73, 32.030000000000655
 37913, 5842.9200,  1, 23.44, 15.050000000000182
 37979, 5849.8700,  3, 506.78, 21.980000000000473
 37981, 5850.0800,  3, 525.76, 22.140000000000327
 37997, 5851.7600,  3, 498.02, 23.800000000000182
 38005, 5852.6000,  3, 514.50, 24.68000000000029
 38006, 5852.7100,  3, 529.15, 24.730000000000473
 38010, 5853.1300,  3, 506.61, 25.23999999999978
 38018, 5853.9700,  3, 505.67, 26.06999999999971
 38155, 5882.7100,  1, 38.42, 14.319999999999709
 38155, 5882.7100,  1, -32.30, 14.319999999999709
 38212, 5888.7100,  3, 440.15, 20.25999999999931
 38216, 5889.1300,  3, 444.96, 20.710000000000036
 38228, 5890.3900,  3, 452.10, 21.969999999999345
 38241, 5891.7600,  3, 569.44, 23.279999999999745
 38244, 5892.0800,  3, 568.43, 23.639999999999418
 38270, 5894.8100,  3, 421.50, 26.38000000000011
 38466, 5930.1800,  3, 413.20, 20.5
 38469, 5930.5000,  3, 490.95, 20.81999999999971
 38505, 5934.2900,  3, 544.54, 24.590000000000146
 38515, 5935.3400,  3, 460.68, 25.650000000000546
 38530, 5936.9200,  3, 587.36, 27.199999999999818
 38530, 5936.9200,  3, 493.88, 27.23999999999978
 38563, 5940.3900,  3, 557.17, 30.670000000000073
 38595, 5943.7600,  3, 598.32, 34.01000000000022
 38728, 5972.1600,  1, 113.75, 13.899999999999636
 38728, 5972.1600,  1, 48.56, 13.899999999999636
 38742, 5973.6300,  1, 34.61, 15.36999999999989
 38742, 5973.6300,  1, 98.13, 15.36999999999989
 38773, 5976.8900,  3, 403.75, 18.529999999999745
 38796, 5979.3100,  3, 401.82, 20.98999999999978
 38836, 5983.5200,  3, 476.11, 25.170000000000073
 38842, 5984.1600,  3, 490.22, 25.849999999999454
 38991, 6014.2700,  1, 110.17, 15.570000000000618
 38991, 6014.2700,  1, 45.59, 15.570000000000618
 39046, 6020.0600,  3, 469.87, 21.32000000000062
 39047, 6020.1700,  3, 514.46, 21.449999999999818
 39049, 6020.3800,  3, 445.98, 21.650000000000546
 39062, 6021.7500,  3, 566.32, 22.970000000000255
 39092, 6024.9100,  3, 528.89, 26.159999999999854
 39097, 6025.4300,  3, 460.90, 26.650000000000546
 39167, 6047.5200,  1, -5.19, 7.260000000000218
 39167, 6047.5200,  1, -9.12, 7.260000000000218
 39187, 6049.6300,  1, 27.53, 9.36999999999989
 39187, 6049.6300,  1, -8.63, 9.36999999999989
 39297, 6061.2100,  3, 461.18, 20.889999999999418
 39302, 6061.7400,  3, 491.52, 21.399999999999636
 39352, 6067.0000,  1, -76.41, 26.73999999999978
 39392, 6071.2100,  3, 525.21, 30.909999999999854
 39515, 6098.9100,  1, -12.41, 12.840000000000146
 39589, 6106.7000,  3, 394.81, 20.600000000000364
 39609, 6108.8000,  3, 479.07, 22.710000000000036
 39621, 6110.0600,  3, 406.74, 23.93000000000029
 39628, 6110.8000,  3, 452.04, 24.720000000000255
 39633, 6111.3300,  3, 565.65, 25.230000000000473
 39653, 6113.4300,  3, 584.34, 27.26000000000022
 39680, 6116.2700,  3, 572.62, 30.140000000000327
 39793, 6142.5600,  1, 114.80, 11.789999999999964
 39793, 6142.5600,  1, 24.58, 11.789999999999964
 39804, 6143.7200,  1, 9.35, 12.949999999999818
 39893, 6153.0900,  3, 549.20, 22.229999999999563
 39900, 6153.8300,  3, 549.68, 23.00999999999931
 39901, 6153.9300,  3, 486.57, 23.109999999999673
 39917, 6155.6200,  3, 539.31, 24.75999999999931
 39942, 6158.2500,  3, 530.00, 27.389999999999418
 40119, 6191.5900,  1, 15.67, 18.520000000000437
 40141, 6193.9100,  3, 487.69, 20.789999999999964
 40143, 6194.1200,  3, 494.20, 21.039999999999964
 40161, 6196.0100,  3, 420.15, 22.86999999999989
 40163, 6196.2200,  3, 510.49, 23.140000000000327
 40182, 6198.2200,  3, 536.16, 25.079999999999927
 40184, 6198.4300,  3, 437.71, 25.3100000000004
 40206, 6200.7500,  3, 613.24, 27.640000000000327
 40388, 6234.4900,  3, 471.20, 19.019999999999527
 40430, 6238.9100,  3, 413.57, 23.399999999999636
 40432, 6239.1200,  3, 509.39, 23.659999999999854
 40438, 6239.7500,  3, 502.15, 24.299999999999272
 40480, 6244.1700,  3, 434.22, 28.649999999999636
 40486, 6244.8000,  3, 580.92, 29.359999999999673
 40526, 6249.0100,  3, 545.62, 33.48999999999978
 40593, 6256.0600,  3, 660.17, 40.590000000000146
 40798, 6292.1600,  3, 464.53, 21.360000000000582
 40800, 6292.3700,  3, 446.08, 21.6200000000008
 40804, 6292.7900,  3, 478.18, 22.0600000000004
 40814, 6293.8400,  3, 479.97, 23.140000000000327
 40823, 6294.7900,  3, 565.53, 23.99000000000069
 40835, 6296.0500,  3, 443.66, 25.32000000000062
 40873, 6300.0500,  3, 563.42, 29.3100000000004
 40891, 6301.9500,  3, 459.43, 31.150000000000546
 41052, 6334.1300,  1, 93.96, 16.840000000000146
 41103, 6339.5000,  3, 397.08, 22.140000000000327
 41107, 6339.9200,  3, 459.23, 22.600000000000364
 41119, 6341.1800,  3, 580.40, 23.859999999999673
 41122, 6341.5000,  3, 549.30, 24.100000000000364
 41133, 6342.6600,  3, 507.43, 25.300000000000182
 41137, 6343.0800,  3, 521.60, 25.68000000000029
 41161, 6345.6000,  3, 555.10, 28.300000000000182
 41221, 6366.6700,  1, -61.54, 6.210000000000036
 41221, 6366.6700,  1, -4.73, 6.210000000000036
 41276, 6372.4600,  1, 65.38, 12.0
 41276, 6372.4600,  1, 58.02, 12.0
 41361, 6381.4100,  3, 499.14, 20.890000000000327
 41363, 6381.6200,  3, 504.48, 21.090000000000146
 41413, 6386.8800,  3, 513.06, 26.359999999999673
 41423, 6387.9300,  3, 380.81, 27.409999999999854
 41619, 6423.0200,  3, 458.99, 20.479999999999563
 41624, 6423.5500,  3, 493.74, 20.960000000000036
 41628, 6423.9700,  3, 465.03, 21.38000000000011
 41630, 6424.1800,  3, 501.40, 21.609999999999673
 41641, 6425.3400,  3, 535.03, 22.770000000000437
 41645, 6425.7600,  3, 446.57, 23.25
 41660, 6427.3400,  3, 516.32, 24.8100000000004
 41660, 6427.3400,  3, 468.83, 24.789999999999964
 41868, 6463.6600,  1, 57.03, 21.789999999999964
 41872, 6464.0800,  3, 480.98, 22.11999999999989
 41881, 6465.0200,  3, 513.13, 23.13000000000011
 41884, 6465.3400,  3, 457.12, 23.38000000000011
 41911, 6468.1800,  3, 519.66, 26.23999999999978
 41914, 6468.5000,  3, 501.83, 26.520000000000437
 41951, 6472.3900,  3, 506.25, 30.43000000000029
 41954, 6472.7100,  3, 584.21, 30.829999999999927
 42079, 6500.4900,  1, 111.96, 13.05999999999949
 42079, 6500.4900,  1, 25.46, 13.05999999999949
 42145, 6507.4300,  3, 437.54, 19.949999999999818
 42171, 6510.1700,  3, 525.75, 22.710000000000036
 42197, 6512.9100,  3, 591.26, 25.42999999999938
 42204, 6513.6400,  3, 518.16, 26.11999999999989
 42205, 6513.7500,  3, 536.70, 26.269999999999527
 42430, 6537.4300,  2, 181.85,  50
 42613, 6571.0800,  3, 429.76, 18.980000000000473
 42628, 6572.6600,  3, 455.96, 20.520000000000437
 42644, 6574.3400,  3, 468.50, 22.24000000000069
 42646, 6574.5500,  3, 503.56, 22.480000000000473
 42648, 6574.7600,  3, 515.45, 22.670000000000073
 42654, 6575.3900,  3, 482.42, 23.270000000000437
 42690, 6579.1800,  3, 501.78, 27.100000000000364
 42763, 6586.8700,  3, 622.31, 34.82999999999993
 42885, 6614.1300,  1, 101.78, 12.739999999999782
 42885, 6614.1300,  1, 74.49, 12.739999999999782
 42966, 6622.6600,  3, 474.72, 21.219999999999345
 42985, 6624.6600,  3, 448.94, 23.25999999999931
 43007, 6626.9700,  3, 559.84, 25.529999999999745
 43013, 6627.6000,  3, 461.62, 26.1899999999996
 43054, 6631.9200,  3, 644.24, 30.449999999999818
 43081, 6634.7600,  3, 686.15, 33.31999999999971
 43198, 6661.4600,  1, 105.59, 12.210000000000036
 43198, 6661.4600,  1, 58.45, 12.210000000000036
 43289, 6671.0400,  3, 511.46, 21.68000000000029
 43295, 6671.6700,  3, 516.57, 22.329999999999927
 43296, 6671.7700,  3, 501.18, 22.4399999999996
 43305, 6672.7200,  3, 475.86, 23.4399999999996
 43312, 6673.4600,  3, 401.77, 24.18000000000029
 43322, 6674.5100,  3, 431.71, 25.220000000000255
 43516, 6709.3800,  3, 380.71, 20.300000000000182
 43554, 6713.3800,  3, 492.50, 24.24000000000069
 43568, 6714.8500,  3, 510.29, 25.69000000000051
 43574, 6715.4900,  3, 435.05, 26.360000000000582
 43579, 6716.0100,  3, 475.10, 26.920000000000073
 43581, 6716.2200,  3, 523.36, 27.13000000000011
 43589, 6717.0600,  3, 612.97, 27.94000000000051
 43622, 6720.5400,  1, 252.76, 31.470000000000255
 43734, 6746.7500,  1, 36.81, 11.680000000000291
 43734, 6746.7500,  1, 72.84, 11.680000000000291
 43815, 6755.2700,  1, 149.55, 20.200000000000728
 43838, 6757.7000,  3, 442.38, 22.610000000000582
 43856, 6759.5900,  3, 538.48, 24.49000000000069
 43871, 6761.1700,  3, 506.20, 26.0600000000004
 43921, 6766.4300,  3, 661.74, 31.289999999999964
 43943, 6768.7500,  3, 617.98, 33.64000000000033
 44150, 6805.1600,  3, 469.03, 21.649999999999636
 44160, 6806.2100,  3, 448.97, 22.67999999999938
 44163, 6806.5200,  3, 529.75, 22.949999999999818
 44172, 6807.4700,  3, 411.57, 23.979999999999563
 44179, 6808.2100,  3, 515.97, 24.67999999999938
 44202, 6810.6300,  3, 587.90, 27.11999999999989
 44219, 6812.4200,  3, 472.20, 28.909999999999854
 44272, 6818.0000,  3, 566.60, 34.51999999999953
 44474, 6854.0100,  3, 443.88, 21.110000000000582
 44485, 6855.1700,  3, 501.67, 22.24000000000069
 44495, 6856.2200,  3, 514.43, 23.289999999999964
 44501, 6856.8500,  3, 494.70, 23.970000000000255
 44505, 6857.2700,  3, 528.41, 24.390000000000327
 44544, 6861.3800,  3, 430.53, 28.420000000000073
 44577, 6864.8500,  3, 513.93, 31.890000000000327
 44583, 6865.4900,  3, 476.92, 32.5600000000004
 44646, 6886.6600,  1, 6.17, 6.529999999999745
 44646, 6886.6600,  1, -64.55, 6.529999999999745
 44715, 6893.9200,  1, 168.92, 13.789999999999964
 44715, 6893.9200,  1, 156.48, 13.789999999999964
 44771, 6899.8100,  3, 474.62, 19.590000000000146
 44783, 6901.0800,  3, 491.22, 20.920000000000073
 44816, 6904.5500,  3, 536.89, 24.340000000000146
 44835, 6906.5500,  3, 505.47, 26.390000000000327
 45034, 6941.9100,  3, 466.52, 20.76000000000022
 45042, 6942.7500,  3, 411.40, 21.659999999999854
 45060, 6944.6400,  3, 512.42, 23.49000000000069
 45067, 6945.3800,  3, 495.90, 24.289999999999964
 45085, 6947.2700,  3, 539.03, 26.11999999999989
 45096, 6948.4300,  3, 485.42, 27.270000000000437
 45102, 6949.0600,  3, 576.08, 27.94000000000051
 45135, 6952.5400,  3, 535.66, 31.390000000000327
 45260, 6980.3300,  1, 115.61, 13.05999999999949
 45260, 6980.3300,  1, 51.07, 13.05999999999949
 45322, 6986.8500,  3, 475.37, 19.48999999999978
 45335, 6988.2200,  3, 457.25, 20.919999999999163
 45345, 6989.2700,  3, 476.28, 21.919999999999163
 45396, 6994.6400,  3, 547.36, 27.359999999999673
 45404, 6995.4900,  3, 435.16, 28.11999999999989
 45462, 7001.5900,  3, 558.44, 34.25999999999931
 45574, 7029.0500,  1, 71.16, 11.680000000000291
 45574, 7029.0500,  1, 107.63, 11.680000000000291
 45662, 7038.3100,  3, 469.05, 20.920000000000073
 45672, 7039.3700,  3, 488.24, 21.949999999999818
 45693, 7041.5800,  3, 412.59, 24.150000000000546
 45697, 7042.0000,  3, 535.26, 24.61999999999989
 45713, 7043.6800,  3, 514.17, 26.270000000000437
 45722, 7044.6300,  3, 459.82, 27.199999999999818
 45951, 7083.4300,  3, 459.24, 23.900000000000546
 45952, 7083.5400,  3, 419.76, 24.0600000000004
 45956, 7083.9600,  3, 503.51, 24.480000000000473
 45969, 7085.3300,  3, 508.37, 25.800000000000182
 45974, 7085.8500,  3, 415.70, 26.38000000000011
 45980, 7086.4900,  3, 541.31, 27.0
 45984, 7086.9100,  3, 596.67, 27.460000000000036
 46001, 7088.7000,  3, 612.29, 29.230000000000473
 46067, 7111.0500,  1, -68.93, 6.8400000000001455
 46067, 7111.0500,  1, 5.78, 6.8400000000001455
 46096, 7114.1000,  1, 7.66, 9.890000000000327
 46207, 7125.7900,  3, 475.35, 21.529999999999745
 46208, 7125.8900,  3, 526.76, 21.590000000000146
 46224, 7127.5800,  3, 493.91, 23.269999999999527
 46241, 7129.3700,  3, 379.80, 25.13000000000011
 46313, 7136.9500,  3, 615.25, 32.68000000000029
 46428, 7163.1700,  1, 98.21, 12.0
 46428, 7163.1700,  1, 54.93, 12.0
 46506, 7171.3800,  3, 450.29, 20.159999999999854
 46529, 7173.8000,  3, 432.50, 22.590000000000146
 46543, 7175.2700,  3, 484.41, 24.079999999999927
 46584, 7179.5900,  3, 618.73, 28.359999999999673
 46625, 7183.9100,  3, 383.68, 32.710000000000036
 46663, 7187.9100,  3, 522.15, 36.72999999999956
 46795, 7216.2200,  1, 92.41, 13.780000000000655
 46823, 7219.1700,  1, -19.16, 16.730000000000473
 46849, 7221.9100,  3, 419.68, 19.460000000000036
 46886, 7225.8000,  3, 457.20, 23.32000000000062
 46895, 7226.7500,  3, 521.95, 24.25
 46903, 7227.5900,  3, 497.13, 25.100000000000364
 46917, 7229.0600,  3, 587.14, 26.600000000000364
 46944, 7231.9100,  3, 577.66, 29.400000000000546
 47071, 7259.7400,  1, -4.85, 13.269999999999527
 47141, 7267.1000,  3, 450.15, 20.599999999999454
 47148, 7267.8400,  3, 464.94, 21.279999999999745
 47148, 7267.8400,  3, 520.70, 21.279999999999745
 47150, 7268.0500,  3, 462.64, 21.50999999999931
 47167, 7269.8400,  3, 497.52, 23.300000000000182
 47167, 7269.8400,  3, 469.21, 23.340000000000146
 47218, 7275.2100,  3, 480.12, 28.670000000000073
 47255, 7293.8100,  1, -186.32, 3.780000000000655
 47318, 7300.4500,  1, 65.90, 10.420000000000073
 47318, 7300.4500,  1, 101.14, 10.420000000000073
 47405, 7309.6000,  3, 440.83, 19.5
 47416, 7310.7600,  3, 393.05, 20.659999999999854
 47438, 7313.0800,  3, 491.90, 22.970000000000255
 47448, 7314.1300,  3, 496.94, 24.0600000000004
 47501, 7319.7100,  3, 575.82, 29.579999999999927
 47695, 7354.6300,  3, 467.47, 20.30999999999949
 47710, 7356.2100,  3, 486.03, 21.86999999999989
 47712, 7356.4200,  3, 465.04, 22.039999999999964
 47719, 7357.1600,  3, 464.26, 22.81999999999971
 47719, 7357.1600,  3, 551.29, 22.789999999999964
 47734, 7358.7400,  3, 466.44, 24.31999999999971
 47757, 7361.1600,  3, 428.28, 26.829999999999927
 47781, 7363.6800,  3, 472.98, 29.279999999999745
 47914, 7392.0800,  1, 73.04, 13.899999999999636
 47914, 7392.0800,  1, 80.40, 13.899999999999636
 47984, 7399.4500,  3, 450.90, 21.25999999999931
 47992, 7400.2900,  3, 510.74, 22.00999999999931
 47998, 7400.9200,  3, 435.27, 22.719999999999345
 48003, 7401.4500,  3, 513.10, 23.25999999999931
 48023, 7403.5500,  3, 489.92, 25.31999999999971
 48039, 7405.2400,  3, 608.29, 27.019999999999527
 48142, 7430.6300,  1, 79.72, 10.739999999999782
 48142, 7430.6300,  1, 92.32, 10.739999999999782
 48219, 7438.7400,  3, 367.91, 18.81999999999971
 48243, 7441.2600,  3, 460.67, 21.30999999999949
 48267, 7443.7900,  3, 520.55, 23.789999999999964
 48272, 7444.3100,  3, 502.09, 24.349999999999454
 48296, 7446.8400,  3, 547.49, 26.92999999999938
 48309, 7448.2100,  3, 524.64, 28.23999999999978
 48433, 7475.9900,  1, 90.00, 12.949999999999818
 48433, 7475.9900,  1, 53.83, 12.949999999999818
 48505, 7483.5600,  3, 392.65, 20.449999999999818
 48509, 7483.9900,  3, 481.45, 20.859999999999673
 48511, 7484.2000,  3, 488.87, 21.109999999999673
 48526, 7485.7700,  3, 502.50, 22.640000000000327
 48553, 7488.6200,  3, 527.16, 25.529999999999745
 48574, 7490.8300,  3, 526.24, 27.720000000000255
 48687, 7517.3100,  1, 9.93, 11.780000000000655
 48687, 7517.3100,  1, -12.18, 11.780000000000655
 48749, 7523.8400,  3, 435.79, 18.220000000000255
 48764, 7525.4200,  3, 443.68, 19.88000000000011
 48785, 7527.6300,  3, 494.15, 22.090000000000146
 48789, 7528.0500,  3, 436.20, 22.51000000000022
 48804, 7529.6300,  3, 474.45, 24.050000000000182
 48841, 7533.5200,  3, 389.74, 27.909999999999854
 48939, 7559.1000,  1, 65.48, 10.210000000000036
 49029, 7568.5800,  3, 411.21, 19.670000000000073
 49071, 7573.0000,  3, 382.08, 24.049999999999272
 49077, 7573.6300,  3, 545.02, 24.639999999999418
 49078, 7573.7400,  3, 533.15, 24.839999999999236
 49079, 7573.8400,  3, 441.85, 24.899999999999636
 49090, 7575.0000,  3, 518.17, 26.039999999999964
 49139, 7580.1600,  3, 523.68, 31.219999999999345
 49264, 7607.6700,  1, 61.64, 13.050000000000182
 49264, 7607.6700,  1, 84.62, 13.050000000000182
 49331, 7614.7200,  3, 460.44, 20.090000000000146
 49344, 7616.0900,  3, 501.93, 21.390000000000327
 49361, 7617.8800,  3, 459.07, 23.199999999999818
 49378, 7619.6700,  3, 451.56, 24.94000000000051
 49384, 7620.3000,  3, 415.83, 25.650000000000546
 49389, 7620.8300,  3, 520.13, 26.150000000000546
 49503, 7647.5900,  1, 56.39, 11.890000000000327
 49503, 7647.5900,  1, 48.94, 11.890000000000327
 49516, 7648.9600,  1, 92.00, 13.260000000000218
 49591, 7656.8500,  3, 497.24, 21.100000000000364
 49605, 7658.3300,  3, 473.62, 22.529999999999745
 49636, 7661.5900,  3, 457.38, 25.829999999999927
 49655, 7663.5900,  3, 466.34, 27.789999999999964
 49668, 7664.9600,  3, 605.66, 29.159999999999854
 49859, 7699.4700,  3, 448.80, 19.899999999999636
 49896, 7703.3700,  3, 489.32, 23.889999999999418
 49905, 7704.3100,  3, 444.94, 24.779999999999745
 49910, 7704.8400,  3, 507.32, 25.269999999999527
 49910, 7704.8400,  3, 494.75, 25.30999999999949
 49929, 7706.8400,  3, 564.25, 27.289999999999964
 49939, 7707.8900,  3, 539.21, 28.409999999999854
 50144, 7729.4700,  2, 45.70,  50
 50330, 7763.4200,  3, 462.75, 19.349999999999454
 50336, 7764.0500,  3, 483.00, 19.909999999999854
 50367, 7767.3100,  3, 464.82, 23.220000000000255
 50369, 7767.5200,  3, 473.97, 23.420000000000073
 50382, 7768.8900,  3, 501.70, 24.73999999999978
 50390, 7769.7400,  3, 525.14, 25.599999999999454
 50403, 7771.1000,  3, 486.93, 26.98999999999978
 50405, 7771.3100,  3, 427.33, 27.210000000000036
 50501, 7795.8700,  1, 72.00, 10.0
 50501, 7795.8700,  1, 67.11, 10.0
 50620, 7808.3900,  3, 488.26, 22.43000000000029
 50638, 7810.2900,  3, 524.31, 24.409999999999854
 50650, 7811.5500,  3, 470.91, 25.600000000000364
 50651, 7811.6600,  3, 506.96, 25.779999999999745
 50680, 7814.7100,  3, 427.37, 28.779999999999745
 50683, 7815.0200,  3, 469.34, 29.0600000000004
 50863, 7848.7400,  3, 429.14, 18.789999999999964
 50863, 7848.7400,  3, 421.23, 18.780000000000655
 50873, 7849.7900,  3, 446.90, 19.850000000000364
 50879, 7850.4200,  3, 468.89, 20.450000000000728
 50900, 7852.6300,  3, 524.76, 22.670000000000073
 50904, 7853.0500,  3, 508.41, 23.079999999999927
 50910, 7853.6800,  3, 475.82, 23.710000000000036
 50921, 7854.8400,  3, 454.94, 24.850000000000364
 51074, 7885.6400,  1, 182.18, 15.990000000000691
 51074, 7885.6400,  1, 117.80, 15.990000000000691
 51132, 7891.7500,  3, 485.32, 22.090000000000146
 51139, 7892.4900,  3, 460.08, 22.789999999999964
 51147, 7893.3300,  3, 458.97, 23.650000000000546
 51154, 7894.0600,  3, 474.58, 24.3700000000008
 51192, 7898.0600,  3, 587.03, 28.3700000000008
 51201, 7899.0100,  3, 452.95, 29.26000000000022
 51373, 7931.8500,  1, 66.62, 18.0
 51400, 7934.7000,  3, 414.29, 20.75
 51404, 7935.1200,  3, 469.35, 21.1899999999996
 51412, 7935.9600,  3, 457.04, 22.019999999999527
 51416, 7936.3800,  1, 233.93, 22.529999999999745
 51416, 7936.3800,  1, 57.53, 22.529999999999745
 51491, 7944.2700,  3, 561.73, 30.389999999999418
 51524, 7947.7500,  3, 531.03, 33.85999999999967
 51613, 7971.5800,  1, 29.86, 9.269999999999527
 51613, 7971.5800,  1, 60.12, 9.269999999999527
 51625, 7972.8400,  1, 38.53, 10.529999999999745
 51625, 7972.8400,  1, -77.32, 10.529999999999745
 51748, 7985.7900,  3, 482.56, 23.42999999999938
 51753, 7986.3100,  3, 470.01, 23.919999999999163
 51763, 7987.3700,  3, 447.57, 25.00999999999931
 51768, 7987.8900,  3, 465.07, 25.5
 51952, 8021.9100,  3, 445.30, 19.170000000000073
 51983, 8025.1700,  3, 436.77, 22.51000000000022
 51989, 8025.8000,  3, 433.07, 23.079999999999927
 52002, 8027.1700,  3, 494.84, 24.410000000000764
 52009, 8027.9100,  3, 483.10, 25.220000000000255
 52014, 8028.4300,  3, 496.84, 25.69000000000051
 52021, 8029.1700,  3, 433.56, 26.44000000000051
 52071, 8034.4300,  3, 444.87, 31.75
 52160, 8058.5200,  1, 1.06, 9.260000000000218
 52160, 8058.5200,  1, -23.74, 9.260000000000218
 52175, 8060.1000,  1, 16.96, 10.840000000000146
 52175, 8060.1000,  1, 85.94, 10.840000000000146
 52270, 8070.1000,  3, 468.82, 20.829999999999927
 52282, 8071.3700,  3, 495.71, 22.019999999999527
 52284, 8071.5800,  3, 448.04, 22.219999999999345
 52307, 8074.0000,  3, 431.94, 24.710000000000036
 52502, 8109.2900,  3, 467.77, 20.350000000000364
 52514, 8110.5500,  3, 474.08, 21.63000000000011
 52541, 8113.3900,  3, 454.47, 24.5
 52546, 8113.9200,  3, 518.77, 24.94000000000051
 52548, 8114.1300,  3, 507.81, 25.159999999999854
 52552, 8114.5500,  3, 512.48, 25.659999999999854
 52560, 8115.3900,  3, 439.89, 26.470000000000255
 52569, 8116.3400,  3, 448.67, 27.449999999999818
 52765, 8151.5500,  3, 465.70, 20.470000000000255
 52783, 8153.4500,  3, 494.64, 22.36999999999989
 52809, 8156.1800,  3, 404.88, 25.140000000000327
 52830, 8158.3900,  3, 442.03, 27.300000000000182
 52832, 8158.6000,  3, 433.31, 27.5600000000004
 52835, 8158.9200,  3, 460.35, 27.840000000000146
 52872, 8162.8100,  3, 521.28, 31.699999999999818
 53046, 8181.1300,  2, 298.94,  50
 53190, 8210.5900,  1, 87.30, 14.520000000000437
 53190, 8210.5900,  1, 18.12, 14.520000000000437
 53234, 8215.0900,  3, 390.41, 18.960000000000946
 53235, 8215.1900,  1, 262.88, 19.1200000000008
 53235, 8215.1900,  1, 285.54, 19.1200000000008
 53279, 8219.6900,  3, 480.37, 23.520000000000437
 53281, 8219.9000,  3, 458.79, 23.720000000001164
 53304, 8222.2500,  3, 517.71, 26.090000000000146
 53486, 8255.5900,  1, 72.58, 18.51000000000022
 53495, 8256.5100,  3, 437.38, 19.350000000000364
 53526, 8259.6800,  3, 460.82, 22.590000000000146
 53534, 8260.5000,  3, 401.48, 23.3799999999992
 53541, 8261.2200,  3, 491.96, 24.049999999999272
 53559, 8263.0600,  3, 465.68, 25.93000000000029
 53561, 8263.2600,  3, 507.45, 26.1299999999992
 53562, 8263.3600,  3, 469.40, 26.270000000000437
 53686, 8291.2500,  1, 78.95, 12.579999999999927
 53686, 8291.2500,  1, 105.24, 12.579999999999927
 53769, 8299.7400,  3, 444.94, 21.020000000000437
 53793, 8302.1900,  3, 478.27, 23.5
 53826, 8305.5700,  3, 533.90, 26.8799999999992
 53841, 8307.1000,  3, 501.13, 28.389999999999418
 53859, 8308.9400,  3, 566.53, 30.200000000000728
 53888, 8311.9100,  3, 651.01, 33.159999999999854
 53956, 8333.3200,  1, -75.86, 6.850000000000364
 54045, 8342.4200,  1, 143.20, 15.950000000000728
 54104, 8348.4500,  3, 474.53, 21.890000000001237
 54111, 8349.1700,  3, 371.18, 22.69000000000051
 54113, 8349.3700,  3, 464.40, 22.890000000001237
 54130, 8351.1100,  3, 443.77, 24.6200000000008
 54136, 8351.7300,  3, 441.58, 25.19000000000051
 54143, 8352.4400,  3, 492.60, 25.93000000000029
 54293, 8382.3500,  1, 183.05, 15.239999999999782
 54370, 8390.2300,  3, 459.88, 23.079999999999927
 54371, 8390.3300,  3, 521.84, 23.18000000000029
 54378, 8391.0400,  3, 454.87, 23.8799999999992
 54404, 8393.7000,  3, 526.91, 26.56999999999971
 54414, 8394.7300,  3, 507.38, 27.56999999999971
 54449, 8398.3100,  3, 580.81, 31.109999999998763
 54458, 8399.2300,  3, 594.84, 32.06999999999971
 54661, 8434.6600,  3, 450.29, 20.590000000000146
 54678, 8436.4000,  3, 513.93, 22.340000000000146
 54693, 8437.9300,  3, 532.19, 23.8700000000008
 54697, 8438.3400,  3, 557.88, 24.290000000000873
 54698, 8438.4400,  3, 514.06, 24.389999999999418
 54716, 8440.2800,  3, 428.91, 26.23999999999978
 54738, 8442.5300,  3, 415.71, 28.479999999999563
 54759, 8444.6800,  3, 471.07, 30.649999999999636
 54959, 8479.2800,  3, 482.37, 20.270000000000437
 54971, 8480.5100,  3, 423.50, 21.529999999998836
 54973, 8480.7200,  3, 461.98, 21.75
 54976, 8481.0200,  3, 443.88, 22.0
 54982, 8481.6400,  3, 511.09, 22.61999999999898
 55034, 8486.9500,  3, 460.98, 27.94999999999891
 55038, 8487.3600,  3, 530.19, 28.360000000000582
 55043, 8487.8700,  3, 575.85, 28.840000000000146
 55162, 8514.3300,  1, 20.18, 12.069999999999709
 55167, 8514.8400,  1, 67.33, 12.579999999999927
 55167, 8514.8400,  1, 50.99, 12.579999999999927
 55263, 8524.6600,  3, 463.52, 22.30999999999949
 55271, 8525.4800,  3, 483.09, 23.19000000000051
 55296, 8528.0300,  3, 506.40, 25.76000000000022
 55300, 8528.4400,  3, 620.51, 26.090000000000146
 55306, 8529.0600,  3, 454.72, 26.709999999999127
 55391, 8552.4900,  1, -23.20, 8.590000000000146
 55391, 8552.4900,  1, 21.71, 8.590000000000146
 55504, 8564.0400,  3, 450.34, 20.05999999999949
 55515, 8565.1700,  3, 492.55, 21.229999999999563
 55525, 8566.1900,  3, 432.67, 22.210000000000946
 55537, 8567.4200,  3, 417.33, 23.5
 55541, 8567.8300,  3, 484.97, 23.840000000000146
 55618, 8575.7000,  3, 479.23, 31.76000000000022
 55704, 8598.9200,  1, 37.21, 8.69000000000051
 55704, 8598.9200,  1, -83.21, 8.69000000000051
 55814, 8610.1700,  3, 461.40, 19.850000000000364
 55830, 8611.8100,  3, 473.75, 21.520000000000437
 55850, 8613.8500,  3, 478.89, 23.520000000000437
 55860, 8614.8700,  3, 502.94, 24.55000000000109
 55884, 8617.3300,  3, 461.45, 27.01000000000022
 55886, 8617.5300,  3, 550.06, 27.25
 55953, 8639.0100,  1, -2.58, 6.75
 55953, 8639.0100,  1, -6.07, 6.75
 56117, 8655.7800,  3, 512.31, 23.420000000000073
 56123, 8656.4000,  3, 474.55, 24.079999999999927
 56139, 8658.0300,  3, 465.52, 25.719999999999345
 56177, 8661.9200,  3, 510.24, 29.600000000000364
 56185, 8662.7400,  3, 526.69, 30.43000000000029
 56283, 8672.7600,  3, 644.97, 40.409999999999854
 56385, 8698.4500,  1, 81.85, 10.320000000001528
 56385, 8698.4500,  1, 83.35, 10.320000000001528
 56388, 8698.7600,  1, 47.91, 10.630000000001019
 56388, 8698.7600,  1, 4.59, 10.630000000001019
 56488, 8708.9900,  3, 490.74, 20.770000000000437
 56514, 8711.6500,  3, 464.97, 23.480000000001382
 56546, 8714.9200,  3, 572.29, 26.76000000000022
 56550, 8715.3300,  3, 511.79, 27.150000000001455
 56739, 8749.1400,  3, 471.69, 19.19000000000051
 56763, 8751.5900,  3, 419.96, 21.649999999999636
 56765, 8751.7900,  3, 448.34, 21.799999999999272
 56775, 8752.8200,  3, 436.58, 22.80999999999949
 56792, 8754.5600,  3, 545.76, 24.590000000000146
 56792, 8754.5600,  3, 460.76, 24.6200000000008
 56802, 8755.5800,  3, 381.62, 25.63000000000102
 56839, 8759.3600,  3, 536.98, 29.3700000000008
 56911, 8781.9200,  1, -43.22, 7.260000000000218
 56911, 8781.9200,  1, -67.76, 7.260000000000218
 56927, 8783.5600,  1, -16.75, 8.899999999999636
 56927, 8783.5600,  1, -45.22, 8.899999999999636
 57054, 8796.5400,  3, 516.39, 21.829999999999927
 57073, 8798.4900,  3, 501.81, 23.75
 57165, 8807.9000,  3, 455.78, 33.19000000000051
 57234, 8814.9500,  3, 492.20, 40.27000000000044
 57303, 8836.4500,  1, 8.53, 6.950000000000728
 57303, 8836.4500,  1, -12.64, 6.950000000000728
 57370, 8843.3100,  1, 109.41, 13.80999999999949
 57370, 8843.3100,  1, 75.28, 13.80999999999949
 57445, 8850.9800,  3, 461.86, 21.469999999999345
 57464, 8852.9200,  3, 473.12, 23.360000000000582
 57471, 8853.6400,  3, 544.03, 24.090000000000146
 57474, 8853.9400,  3, 507.96, 24.340000000000146
 57516, 8873.5700,  1, -163.88, 4.190000000000509
 57540, 8876.0200,  1, 1.92, 6.640000000001237
 57540, 8876.0200,  1, -50.76, 6.640000000001237
 57669, 8889.2200,  3, 433.73, 19.7400000000016
 57708, 8893.2000,  3, 443.40, 23.730000000001382
 57723, 8894.7400,  3, 403.95, 25.290000000000873
 57735, 8895.9700,  3, 562.30, 26.520000000000437
 57736, 8896.0700,  3, 421.66, 26.6200000000008
 57815, 8918.6000,  1, 19.66, 7.979999999999563
 57881, 8925.3500,  1, 125.15, 14.729999999999563
 57881, 8925.3500,  1, 163.65, 14.729999999999563
 57892, 8926.4800,  1, 56.33, 15.859999999998763
 57892, 8926.4800,  1, 148.78, 15.859999999998763
 57935, 8930.8700,  3, 477.80, 20.229999999999563
 57965, 8933.9400,  3, 456.95, 23.23999999999978
 58000, 8937.5200,  3, 445.61, 26.80999999999949
 58142, 8966.3900,  1, 50.50, 14.420000000000073
 58172, 8969.4500,  1, 120.82, 17.480000000001382
 58195, 8971.8100,  1, -7.98, 19.840000000000146
 58215, 8973.8500,  3, 466.35, 21.840000000000146
 58218, 8974.1600,  3, 444.79, 22.1200000000008
 58265, 8978.9700,  3, 548.28, 26.970000000001164
 58308, 8983.3600,  3, 499.24, 31.350000000000364
 58317, 8984.2800,  3, 601.94, 32.23000000000138
 58352, 9002.3700,  1, -189.48, 3.470000000001164
 58454, 9012.8100,  1, 142.39, 13.909999999999854
 58539, 9021.5000,  3, 438.28, 22.590000000000146
 58542, 9021.8100,  3, 470.04, 22.860000000000582
 58548, 9022.4200,  3, 484.89, 23.48999999999978
 58560, 9023.6500,  3, 509.14, 24.649999999999636
 58566, 9024.2600,  3, 464.27, 25.30000000000109
 58606, 9028.3500,  3, 582.03, 29.350000000000364
 58660, 9049.1000,  1, -60.34, 5.420000000000073
 58660, 9049.1000,  1, -41.52, 5.420000000000073
 58793, 9062.7000,  3, 457.07, 19.01000000000022
 58861, 9069.6600,  3, 528.87, 25.959999999999127
 58862, 9069.7600,  3, 510.24, 25.98999999999978
 58891, 9072.7300,  3, 540.87, 28.959999999999127
 58935, 9077.2300,  3, 547.02, 33.52000000000044
 59096, 9093.6900,  2, 266.93,  50
 59185, 9117.5400,  1, -18.75, 8.890000000001237
 59185, 9117.5400,  1, -48.59, 8.890000000001237
 59301, 9129.4100,  3, 463.87, 20.69000000000051
 59317, 9131.0400,  3, 448.29, 22.290000000000873
 59326, 9131.9700,  3, 482.12, 23.25
 59336, 9132.9900,  3, 520.59, 24.30000000000109
 59338, 9133.1900,  3, 428.46, 24.530000000000655
 59369, 9136.3600,  3, 534.56, 27.63000000000102
 59470, 9161.0100,  1, 49.42, 10.229999999999563
 59470, 9161.0100,  1, 10.94, 10.229999999999563
 59509, 9165.0000,  1, 92.07, 14.219999999999345
 59509, 9165.0000,  1, 65.33, 14.219999999999345
 59567, 9170.9300,  3, 454.34, 20.079999999999927
 59581, 9172.3600,  3, 466.20, 21.519999999998618
 59587, 9172.9800,  3, 444.75, 22.18999999999869
 59653, 9179.7300,  3, 499.27, 28.840000000000146
 59761, 9205.3100,  1, 40.44, 10.949999999998909
 59761, 9205.3100,  1, 85.17, 10.949999999998909
 59785, 9207.7600,  1, 13.11, 13.399999999999636
 59785, 9207.7600,  1, 99.22, 13.399999999999636
 59849, 9214.3100,  3, 473.51, 19.8799999999992
 59852, 9214.6100,  3, 450.98, 20.23999999999978
 59854, 9214.8200,  3, 416.12, 20.44999999999891
 59874, 9216.8600,  3, 389.66, 22.409999999999854
 59977, 9242.8700,  1, 81.40, 10.430000000000291
 59977, 9242.8700,  1, 16.84, 10.430000000000291
 60066, 9251.9800,  3, 416.12, 19.469999999999345
 60131, 9258.6200,  3, 483.34, 26.1299999999992
 60134, 9258.9300,  3, 520.31, 26.479999999999563
 60135, 9259.0300,  3, 479.64, 26.579999999999927
 60137, 9259.2400,  3, 526.37, 26.76000000000022
 60158, 9261.3900,  3, 517.34, 28.86999999999898
 60279, 9288.3300,  1, -44.20, 12.270000000000437
 60285, 9288.9400,  1, 123.50, 12.880000000001019
 60285, 9288.9400,  1, 99.07, 12.880000000001019
 60350, 9295.5900,  3, 457.56, 19.44000000000051
 60372, 9297.8400,  3, 526.69, 21.75
 60387, 9299.3700,  3, 481.08, 23.280000000000655
 60423, 9303.0600,  3, 565.53, 26.920000000000073
 60451, 9305.9200,  3, 575.53, 29.840000000000146
 60548, 9330.2600,  1, 85.16, 9.819999999999709
 60548, 9330.2600,  1, 15.02, 9.819999999999709
 60592, 9334.7600,  1, 64.19, 14.319999999999709
 60592, 9334.7600,  1, 86.94, 14.319999999999709
 60685, 9344.2700,  3, 433.35, 23.80999999999949
 60688, 9344.5800,  3, 450.51, 24.100000000000364
 60689, 9344.6800,  3, 514.09, 24.229999999999563
 60749, 9350.8200,  3, 591.63, 30.31999999999971
 60861, 9376.8600,  1, 108.80, 11.350000000000364
 60861, 9376.8600,  1, 83.52, 11.350000000000364
 60875, 9378.2900,  1, 115.92, 12.780000000000655
 60952, 9386.1700,  3, 467.50, 20.56999999999971
 60953, 9386.2700,  3, 432.58, 20.75
 60980, 9389.0300,  3, 497.39, 23.44999999999891
 60983, 9389.3400,  3, 435.05, 23.73999999999978
 60984, 9389.4400,  3, 505.01, 23.860000000000582
 61076, 9413.3500,  1, 16.92, 9.300000000001091
 61076, 9413.3500,  1, -4.89, 9.300000000001091
 61211, 9427.1600,  3, 459.58, 23.079999999999927
 61239, 9430.0200,  1, 212.83, 25.970000000001164
 61268, 9432.9900,  3, 539.75, 28.850000000000364
 61304, 9436.6700,  3, 561.56, 32.56000000000131
 61307, 9436.9800,  3, 561.20, 32.8700000000008
 61474, 9454.0600,  2, 355.98,  50
 61671, 9488.6700,  3, 466.35, 19.920000000000073
 61682, 9489.7900,  3, 445.40, 21.020000000000437
 61689, 9490.5100,  3, 489.65, 21.76000000000022
 61694, 9491.0200,  3, 518.74, 22.280000000000655
 61713, 9492.9700,  3, 457.92, 24.19000000000051
 61713, 9492.9700,  3, 507.97, 24.19000000000051
 61736, 9495.3200,  3, 479.84, 26.579999999999927
 61749, 9496.6500,  3, 499.14, 27.899999999999636
 61866, 9523.3300,  1, 99.43, 11.860000000000582
 61866, 9523.3300,  1, 106.12, 11.860000000000582
 61887, 9525.4800,  1, 2.86, 14.010000000000218
 61887, 9525.4800,  1, 99.41, 14.010000000000218
 61947, 9531.6100,  3, 470.72, 20.110000000000582
 61967, 9533.6600,  3, 456.68, 22.090000000000146
 61992, 9536.2200,  3, 467.58, 24.700000000000728
 61992, 9536.2200,  3, 538.36, 24.730000000001382
 62221, 9574.2800,  3, 489.16, 23.30000000000109
 62226, 9574.7900,  3, 519.90, 23.73999999999978
 62233, 9575.5100,  3, 484.11, 24.44000000000051
 62234, 9575.6100,  3, 495.17, 24.590000000000146
 62239, 9576.1200,  3, 389.32, 25.100000000000364
 62241, 9576.3300,  3, 528.79, 25.329999999999927
 62244, 9576.6400,  3, 294.57, 25.640000000001237
 62251, 9577.3500,  3, 437.66, 26.31000000000131
 62362, 9603.9400,  1, 66.97, 11.25
 62362, 9603.9400,  1, 57.56, 11.25
 62445, 9612.4300,  3, 445.05, 19.68999999999869
 62456, 9613.5600,  3, 406.44, 20.779999999998836
 62472, 9615.1900,  3, 513.35, 22.469999999999345
 62492, 9617.2400,  3, 554.21, 24.459999999999127
 62508, 9618.8700,  3, 496.02, 26.149999999999636
 62586, 9626.8500,  3, 515.38, 34.13999999999942
 62664, 9649.5100,  1, -7.92, 7.8700000000008
 62717, 9654.9300,  1, 62.17, 13.290000000000873
 62717, 9654.9300,  1, 146.70, 13.290000000000873
 62717, 9654.9300,  1, 105.74, 13.290000000000873
 62717, 9654.9300,  1, 6.98, 13.290000000000873
 62778, 9661.1700,  1, 113.74, 19.530000000000655
 62796, 9663.0100,  3, 397.31, 21.329999999999927
 62804, 9663.8300,  3, 482.49, 22.150000000001455
 62846, 9682.8100,  1, -170.13, 4.199999999998909
 62990, 9697.5300,  3, 435.56, 18.840000000000146
 63015, 9700.0900,  3, 466.98, 21.43000000000029
 63022, 9700.8100,  3, 466.88, 22.170000000000073
 63029, 9701.5200,  3, 464.74, 22.829999999999927
 63045, 9703.1600,  3, 459.16, 24.529999999998836
 63054, 9704.0800,  3, 506.65, 25.43000000000029
 63065, 9705.2000,  3, 505.95, 26.48999999999978
 63293, 9743.0200,  3, 494.17, 23.18000000000029
 63297, 9743.4300,  3, 518.92, 23.590000000000146
 63301, 9743.8400,  3, 456.21, 23.98999999999978
 63313, 9745.0700,  3, 513.71, 25.230000000001382
 63328, 9746.6000,  3, 497.43, 26.710000000000946
 63329, 9746.7000,  3, 522.44, 26.81000000000131
 63354, 9749.2600,  3, 516.79, 29.399999999999636
 63555, 9769.8200,  2, 579.38,  50
 63667, 9796.5200,  1, 61.00, 11.25
 63740, 9803.9900,  1, 142.04, 18.719999999999345
 63740, 9803.9900,  1, 39.82, 18.719999999999345
 63791, 9809.2000,  3, 477.15, 23.859999999998763
 63809, 9811.0400,  3, 485.26, 25.69999999999891
 63845, 9814.7300,  3, 596.11, 29.409999999999854
 63865, 9816.7700,  3, 507.07, 31.469999999999345
 63872, 9817.4900,  3, 534.26, 32.13999999999942
 64045, 9849.8200,  3, 408.00, 17.55000000000109
 64067, 9852.0700,  3, 445.71, 19.829999999999927
 64089, 9854.3200,  3, 424.61, 22.079999999999927
 64091, 9854.5200,  3, 511.89, 22.26000000000022
 64094, 9854.8300,  3, 439.82, 22.579999999999927
 64096, 9855.0300,  3, 355.79, 22.770000000000437
 64108, 9856.2600,  3, 517.44, 24.0
 64129, 9858.4100,  3, 420.39, 26.170000000000073
 64238, 9884.1000,  1, 51.53, 11.040000000000873
 64352, 9895.7600,  3, 510.97, 22.610000000000582
 64354, 9895.9700,  3, 495.85, 22.88000000000102
 64356, 9896.1700,  3, 467.53, 23.020000000000437
 64375, 9898.1100,  3, 503.45, 24.950000000000728
 64383, 9898.9300,  3, 517.78, 25.840000000000146
 64393, 9899.9500,  3, 539.57, 26.88000000000102
 64403, 9900.9800,  3, 416.12, 27.81000000000131
 64612, 9937.5700,  3, 464.66, 21.18000000000029
 64631, 9939.5100,  3, 545.34, 23.110000000000582
 64644, 9940.8400,  3, 416.29, 24.51000000000022
 64649, 9941.3500,  3, 554.25, 25.040000000000873
 64660, 9942.4800,  3, 481.62, 26.170000000000073
 64663, 9942.7800,  3, 394.48, 26.38000000000102
 64671, 9943.6000,  3, 553.95, 27.2400000000016
 64689, 9945.4400,  3, 602.84, 29.1200000000008
 64780, 9970.2300,  1, 53.05, 9.209999999999127
 64780, 9970.2300,  1, 14.75, 9.209999999999127
 64830, 9975.3400,  1, 80.34, 14.319999999999709
 64839, 9976.2600,  1, 174.93, 15.239999999999782
 64896, 9982.0900,  3, 431.33, 21.049999999999272
 64905, 9983.0100,  3, 449.01, 21.93999999999869
 64930, 9985.5700,  3, 458.19, 24.459999999999127
 64950, 9987.6100,  3, 481.32, 26.5
 65147, 10024.2900,  3, 448.63, 19.98999999999978
 65152, 10024.8100,  3, 481.02, 20.530000000000655
 65165, 10026.1400,  3, 486.70, 21.8799999999992
 65189, 10028.5900,  3, 505.58, 24.31999999999971
 65201, 10029.8200,  3, 433.08, 25.469999999999345
 65214, 10031.1500,  3, 514.29, 26.790000000000873
 65221, 10031.8600,  3, 469.17, 27.590000000000146
 65267, 10036.5700,  3, 561.67, 32.23999999999978
 65457, 10070.4000,  3, 458.40, 19.270000000000437
 65479, 10072.6500,  3, 472.22, 21.51000000000022
 65480, 10072.7500,  3, 436.29, 21.6200000000008
 65494, 10074.1800,  3, 444.32, 23.040000000000873
 65503, 10075.1000,  3, 486.58, 23.93000000000029
 65509, 10075.7200,  3, 448.14, 24.55000000000109
 65517, 10076.5300,  3, 416.32, 25.360000000000582
 65529, 10077.7600,  3, 446.34, 26.590000000000146
 65599, 10099.2500,  1, -34.15, 7.059999999999491
 65599, 10099.2500,  1, -56.91, 7.059999999999491
 65746, 10114.2800,  3, 480.20, 22.0
 65750, 10114.6900,  3, 498.49, 22.420000000000073
 65760, 10115.7200,  3, 418.80, 23.44999999999891
 65771, 10116.8400,  3, 483.46, 24.549999999999272
 65834, 10123.2800,  3, 627.42, 31.079999999999927
 65860, 10125.9400,  3, 684.01, 33.659999999999854
 66024, 10157.1000,  1, 105.24, 16.670000000000073
 66024, 10157.1000,  1, 137.77, 16.670000000000073
 66083, 10163.1400,  3, 456.06, 22.69000000000051
 66084, 10163.2400,  3, 449.73, 22.779999999998836
 66091, 10163.9500,  3, 486.25, 23.479999999999563
 66113, 10166.2000,  3, 470.21, 25.719999999999345
 66125, 10167.4300,  3, 472.13, 26.98999999999978
 66149, 10169.8900,  3, 458.11, 29.389999999999418
 66360, 10205.8600,  3, 476.55, 21.38000000000102
 66367, 10206.5800,  3, 448.01, 22.090000000000146
 66379, 10207.8100,  3, 453.15, 23.390000000001237
 66383, 10208.2200,  3, 530.08, 23.790000000000873
 66385, 10208.4200,  3, 487.67, 23.970000000001164
 66407, 10210.6700,  3, 562.63, 26.18000000000029
 66407, 10210.6700,  3, 533.94, 26.200000000000728
 66422, 10212.2000,  3, 467.90, 27.710000000000946
 66627, 10247.9100,  3, 485.98, 20.829999999999927
 66647, 10249.9500,  3, 498.63, 22.840000000000146
 66665, 10251.7900,  3, 472.94, 24.720000000001164
 66668, 10252.1000,  3, 515.68, 24.960000000000946
 66673, 10252.6100,  3, 484.21, 25.460000000000946
 66692, 10254.5600,  3, 554.11, 27.460000000000946
 66716, 10257.0100,  3, 494.73, 29.950000000000728
 66743, 10259.7700,  3, 490.42, 32.659999999999854
 66900, 10290.1200,  1, 115.09, 15.950000000000728
 66941, 10294.3200,  3, 491.19, 20.110000000000582
 66956, 10295.8500,  3, 353.06, 21.639999999999418
 66970, 10297.2800,  3, 394.45, 23.06999999999971
 66985, 10298.8200,  3, 487.18, 24.6200000000008
 67028, 10303.2200,  3, 397.79, 29.020000000000437
 67036, 10304.0300,  3, 396.73, 29.770000000000437
 67233, 10324.1800,  2, 570.19,  50
 67365, 10352.0600,  1, 57.14, 13.299999999999272
 67365, 10352.0600,  1, 150.28, 13.299999999999272
 67442, 10359.9300,  3, 464.79, 21.110000000000582
 67454, 10361.1600,  3, 434.98, 22.299999999999272
 67470, 10362.7900,  3, 368.60, 23.94000000000051
 67498, 10365.6600,  3, 570.33, 26.86999999999898
 67507, 10366.5800,  3, 491.19, 27.799999999999272
 67513, 10367.1900,  3, 661.09, 28.420000000000073
 67624, 10393.1800,  1, 54.84, 11.25
 67624, 10393.1800,  1, 97.01, 11.25
 67713, 10402.2800,  3, 453.35, 20.26000000000022
 67718, 10402.7900,  3, 515.33, 20.81999999999971
 67737, 10404.7400,  3, 418.53, 22.770000000000437
 67862, 10417.5200,  1, 188.42, 35.590000000000146
 68003, 10431.9400,  2, 355.66,  50
 68003, 10431.9400,  2, 135.65,  50
 68107, 10457.1400,  1, 88.09, 10.43999999999869
 68107, 10457.1400,  1, -1.84, 10.43999999999869
 68203, 10466.9500,  3, 472.39, 20.170000000000073
 68211, 10467.7700,  3, 324.86, 21.0
 68227, 10469.4100,  3, 500.48, 22.6299999999992
 68271, 10473.9100,  3, 539.41, 27.139999999999418
 68307, 10477.5900,  3, 544.88, 30.789999999999054
 68494, 10496.7200,  2, 567.48,  50
 68630, 10525.3600,  1, 62.35, 13.700000000000728
 68630, 10525.3600,  1, 60.41, 13.700000000000728
 68658, 10528.2300,  1, 53.46, 16.56999999999971
 68699, 10532.4200,  3, 467.42, 20.68000000000029
 68733, 10535.9000,  3, 485.10, 24.139999999999418
 68739, 10536.5100,  3, 405.31, 24.799999999999272
 68753, 10537.9400,  3, 440.83, 26.19000000000051
 68756, 10538.2500,  3, 600.13, 26.549999999999272
 68849, 10562.4500,  1, 59.57, 9.400000000001455
 68849, 10562.4500,  1, 66.78, 9.400000000001455
 68943, 10572.0700,  3, 457.92, 19.01000000000022
 68967, 10574.5200,  3, 487.96, 21.43000000000029
 68975, 10575.3400,  3, 473.02, 22.26000000000022
 69003, 10578.2000,  3, 517.90, 25.140000000001237
 69035, 10581.4800,  3, 458.01, 28.390000000001237
 69039, 10581.8900,  3, 554.79, 28.75
 69241, 10617.0000,  3, 464.45, 20.529999999998836
 69262, 10619.1500,  3, 466.89, 22.61999999999898
 69267, 10619.6600,  3, 459.46, 23.18999999999869
 69291, 10622.1100,  3, 495.05, 25.639999999999418
 69309, 10623.9500,  3, 535.88, 27.43999999999869
 69318, 10624.8700,  3, 602.66, 28.340000000000146
 69321, 10625.1800,  3, 593.74, 28.659999999999854
 69421, 10635.4100,  3, 462.72, 38.909999999999854
 69635, 10671.7700,  3, 481.83, 21.75
 69641, 10672.3900,  3, 452.31, 22.329999999999927
 69642, 10672.4900,  3, 494.83, 22.469999999999345
 69644, 10672.6900,  3, 421.09, 22.659999999999854
 69656, 10673.9200,  3, 493.55, 23.899999999999636
 69667, 10675.0400,  3, 435.73, 25.030000000000655
 69694, 10677.8100,  3, 447.22, 27.780000000000655
 69696, 10678.0100,  3, 469.27, 27.93000000000029
 69814, 10704.6500,  1, 60.40, 11.969999999999345
 69814, 10704.6500,  1, 135.35, 11.969999999999345
 69905, 10713.9500,  3, 486.27, 21.229999999999563
 69912, 10714.6700,  3, 403.37, 21.959999999999127
 69931, 10716.6100,  3, 472.05, 23.850000000000364
 69977, 10721.3200,  3, 438.81, 28.600000000000364
 70025, 10726.2300,  3, 412.38, 33.539999999999054
 70062, 10730.0100,  3, 394.75, 37.289999999999054
 70257, 10764.7000,  3, 479.16, 19.73999999999978
 70257, 10764.7000,  3, 468.07, 19.81999999999971
 70269, 10765.9300,  3, 382.06, 21.029999999998836
 70280, 10767.0600,  3, 419.90, 22.099999999998545
 70289, 10767.9800,  3, 376.91, 23.019999999998618
 70299, 10769.0000,  3, 469.22, 24.099999999998545
 70306, 10769.7200,  3, 504.33, 24.849999999998545
 70357, 10774.9300,  3, 385.55, 30.0
 70477, 10802.4700,  1, 63.63, 12.179999999998472
 70477, 10802.4700,  1, 109.11, 12.179999999998472
 70558, 10810.7500,  3, 448.01, 20.409999999999854
 70564, 10811.3600,  3, 484.00, 20.98999999999978
 70568, 10811.7700,  1, 69.21, 21.479999999999563
 70570, 10811.9800,  3, 422.63, 21.659999999999854
 70606, 10815.6600,  3, 426.75, 25.359999999998763
 70643, 10819.4400,  3, 424.90, 29.099999999998545
 70874, 10858.6100,  3, 497.55, 23.44000000000051
 70877, 10858.9200,  3, 499.98, 23.73999999999978
 70881, 10859.3300,  3, 386.84, 24.209999999999127
 70885, 10859.7400,  3, 487.45, 24.579999999999927
 70893, 10860.5600,  3, 548.59, 25.399999999999636
 70899, 10861.1700,  3, 544.24, 26.039999999999054
 70917, 10863.0100,  3, 414.24, 27.909999999999854
 70931, 10864.4400,  3, 440.61, 29.289999999999054
 71125, 10898.7700,  3, 459.28, 19.639999999999418
 71127, 10898.9800,  3, 417.07, 19.889999999999418
 71160, 10902.3500,  3, 540.10, 23.23999999999978
 71171, 10903.4800,  3, 543.60, 24.359999999998763
 71172, 10903.5800,  3, 460.60, 24.469999999999345
 71183, 10904.7000,  3, 467.66, 25.649999999999636
 71190, 10905.4200,  3, 445.51, 26.359999999998763
 71194, 10905.8300,  3, 482.93, 26.75
 71333, 10934.4900,  1, 114.51, 14.110000000000582
 71400, 10941.3400,  3, 469.73, 20.94000000000051
 71413, 10942.6700,  3, 486.70, 22.26000000000022
 71422, 10943.5900,  3, 485.76, 23.110000000000582
 71437, 10945.1200,  3, 487.33, 24.68000000000029
 71445, 10945.9400,  3, 403.10, 25.4900000000016
 71472, 10948.7000,  3, 434.06, 28.270000000000437
 71553, 10956.9900,  3, 516.96, 36.600000000000364
 71679, 10984.4800,  1, 51.32, 12.789999999999054
 71679, 10984.4800,  1, -13.98, 12.789999999999054
 71712, 10987.8500,  1, 93.43, 16.159999999999854
 71762, 10992.9700,  3, 459.98, 21.229999999999563
 71797, 10996.5400,  3, 448.05, 24.80999999999949
 71843, 11001.2500,  3, 485.93, 29.469999999999345
 71853, 11002.2700,  3, 584.49, 30.529999999998836
 71999, 11017.2000,  3, 518.55, 45.43999999999869
 72127, 11044.8100,  1, 15.83, 12.989999999999782
 72127, 11044.8100,  1, 154.24, 12.989999999999782
 72202, 11052.4800,  3, 439.66, 20.610000000000582
 72225, 11054.8300,  3, 420.08, 22.950000000000728
 72229, 11055.2400,  3, 450.20, 23.31999999999971
 72241, 11056.4700,  3, 576.00, 24.56999999999971
 72242, 11056.5700,  3, 506.00, 24.73999999999978
 72283, 11060.7600,  3, 467.43, 28.909999999999854
 72480, 11095.5000,  3, 429.06, 19.950000000000728
 72495, 11097.0300,  3, 404.25, 21.4900000000016
 72532, 11100.8200,  3, 447.78, 25.280000000000655
 72532, 11100.8200,  3, 485.01, 25.280000000000655
 72537, 11101.3300,  3, 497.30, 25.780000000000655
 72549, 11102.5600,  3, 510.14, 27.030000000000655
 72550, 11102.6600,  3, 479.26, 27.170000000000073
 72577, 11105.4200,  3, 459.78, 29.920000000000073
 72774, 11140.1600,  3, 396.52, 19.98999999999978
 72799, 11142.7200,  3, 414.77, 22.539999999999054
 72801, 11142.9200,  3, 462.93, 22.75
 72828, 11145.6800,  3, 419.74, 25.48999999999978
 72832, 11146.0900,  3, 504.64, 25.93999999999869
 72853, 11148.2400,  3, 541.11, 28.029999999998836
 72871, 11150.0800,  3, 364.18, 29.959999999999127
 72877, 11150.6900,  3, 512.45, 30.48999999999978
 73000, 11177.7400,  1, 67.85, 12.479999999999563
 73000, 11177.7400,  1, 94.04, 12.479999999999563
 73076, 11185.5100,  3, 381.23, 20.18000000000029
 73088, 11186.7400,  3, 458.44, 21.399999999999636
 73092, 11187.1500,  3, 457.15, 21.829999999999927
 73099, 11187.8600,  3, 524.15, 22.549999999999272
 73107, 11188.6800,  3, 449.18, 23.389999999999418
 73144, 11192.4700,  3, 503.87, 27.11999999999898
 73216, 11214.2500,  1, -33.03, 7.260000000000218
 73216, 11214.2500,  1, 19.27, 7.260000000000218
 73298, 11222.6400,  1, 143.01, 15.649999999999636
 73298, 11222.6400,  1, 0.15, 15.649999999999636
 73331, 11226.0100,  3, 428.68, 19.01000000000022
 73376, 11230.6100,  3, 505.70, 23.579999999999927
 73417, 11234.8100,  3, 468.56, 27.76000000000022
 73421, 11235.2200,  3, 556.65, 28.219999999999345
 73501, 11258.1200,  1, -26.77, 8.070000000001528
 73501, 11258.1200,  1, -24.86, 8.070000000001528
 73626, 11270.9100,  3, 478.76, 20.820000000001528
 73641, 11272.4400,  3, 458.33, 22.38000000000102
 73669, 11275.3100,  3, 465.01, 25.220000000001164
 73703, 11278.7800,  3, 540.04, 28.63000000000102
 73721, 11280.6200,  3, 482.05, 30.4900000000016
 73911, 11300.0600,  2, 78.74,  50
 74000, 11323.5700,  1, -28.19, 8.899999999999636
 74020, 11325.6100,  1, 20.80, 10.94000000000051
 74020, 11325.6100,  1, 85.42, 10.94000000000051
 74139, 11337.7800,  3, 502.86, 23.01000000000022
 74170, 11340.9500,  3, 528.54, 26.26000000000022
 74197, 11343.7200,  3, 492.84, 29.020000000000437
 74235, 11347.6000,  3, 515.84, 32.82999999999993
 74368, 11361.2000,  3, 984.30, 46.44000000000051
 74579, 11397.3200,  3, 406.60, 21.420000000000073
 74580, 11397.4200,  3, 477.62, 21.549999999999272
 74581, 11397.5200,  3, 447.23, 21.61999999999898
 74592, 11398.6500,  3, 490.36, 22.709999999999127
 74593, 11398.7500,  3, 448.21, 22.899999999999636
 74595, 11398.9500,  3, 545.56, 23.020000000000437
 74621, 11401.6100,  3, 439.71, 25.73999999999978
 74622, 11401.7200,  3, 438.56, 25.86999999999898
 74727, 11426.9100,  1, 85.71, 10.639999999999418
 74727, 11426.9100,  1, 62.69, 10.639999999999418
 74733, 11427.5200,  1, 74.53, 11.25
 74733, 11427.5200,  1, 48.28, 11.25
 74813, 11435.7000,  3, 445.19, 19.389999999999418
 74859, 11440.4100,  3, 362.21, 24.090000000000146
 74882, 11442.7600,  3, 424.47, 26.409999999999854
 74932, 11447.8700,  1, 42.41, 31.600000000000364
 75006, 11469.8500,  1, -5.08, 7.360000000000582
 75006, 11469.8500,  1, 1.70, 7.360000000000582
 75010, 11470.2600,  1, -40.14, 7.770000000000437
 75010, 11470.2600,  1, -38.76, 7.770000000000437
 75091, 11478.5400,  1, 56.14, 16.05000000000109
 75166, 11486.2200,  3, 434.24, 23.710000000000946
 75199, 11489.5900,  3, 444.93, 27.05000000000109
 75222, 11491.9400,  3, 481.95, 29.389999999999418
 75300, 11514.2600,  1, -15.24, 7.8700000000008
 75300, 11514.2600,  1, -17.09, 7.8700000000008
 75329, 11517.2300,  1, 34.28, 10.840000000000146
 75329, 11517.2300,  1, 15.21, 10.840000000000146
 75420, 11526.5300,  3, 459.50, 20.06999999999971
 75454, 11530.0100,  3, 546.08, 23.579999999999927
 75483, 11532.9800,  3, 523.12, 26.48999999999978
 75503, 11535.0200,  3, 524.03, 28.55000000000109
 75613, 11561.8200,  1, -19.98, 11.149999999999636
 75613, 11561.8200,  1, 15.62, 11.149999999999636
 75662, 11566.8300,  1, 50.49, 16.159999999999854
 75662, 11566.8300,  1, 74.71, 16.159999999999854
 75722, 11572.9700,  3, 512.18, 22.270000000000437
 75740, 11574.8100,  3, 453.80, 24.049999999999272
 75743, 11575.1100,  3, 432.26, 24.399999999999636
 75790, 11579.9200,  3, 439.69, 29.149999999999636
 75809, 11596.4900,  1, -177.03, 1.8400000000001455
 75914, 11607.2300,  1, 116.73, 12.579999999999927
 75914, 11607.2300,  1, -5.62, 12.579999999999927
 75953, 11611.2200,  1, 130.81, 16.56999999999971
 75953, 11611.2200,  1, 40.11, 16.56999999999971
 76003, 11616.3300,  3, 516.49, 21.590000000000146
 76051, 11621.2400,  3, 559.33, 26.5
 76060, 11622.1600,  3, 480.69, 27.460000000000946
 76209, 11652.0000,  1, 46.09, 15.139999999999418
 76219, 11653.0200,  1, 86.13, 16.159999999999854
 76219, 11653.0200,  1, 144.03, 16.159999999999854
 76229, 11654.0400,  1, 19.99, 17.18000000000029
 76263, 11657.5200,  3, 442.72, 20.599999999998545
 76264, 11657.6200,  3, 381.60, 20.69999999999891
 76276, 11658.8500,  3, 428.41, 21.899999999999636
 76328, 11664.1700,  3, 450.90, 27.219999999999345
 76368, 11683.4700,  1, -196.82, 3.9899999999997817
 76523, 11699.3200,  3, 449.73, 19.80000000000109
 76546, 11701.6700,  3, 464.28, 22.170000000000073
 76547, 11701.7700,  3, 475.25, 22.25
 76570, 11704.1200,  3, 460.12, 24.590000000000146
 76590, 11706.1700,  3, 393.59, 26.610000000000582
 76590, 11706.1700,  3, 537.69, 26.600000000000364
 76740, 11721.5100,  3, 459.18, 42.01000000000022
 76928, 11755.3900,  3, 397.58, 19.05999999999949
 76951, 11757.7400,  3, 434.51, 21.469999999999345
 76961, 11758.7600,  3, 474.57, 22.48999999999978
 76961, 11758.7600,  3, 413.92, 22.479999999999563
 76965, 11759.1700,  3, 473.98, 22.860000000000582
 76969, 11759.5800,  3, 482.94, 23.229999999999563
 76971, 11759.7800,  3, 445.56, 23.43000000000029
 76980, 11760.7000,  3, 397.47, 24.350000000000364
 77147, 11792.1500,  1, 149.02, 16.979999999999563
 77147, 11792.1500,  1, 111.93, 16.979999999999563
 77199, 11797.4700,  3, 429.52, 22.289999999999054
 77209, 11798.4900,  3, 477.27, 23.299999999999272
 77215, 11799.1000,  3, 503.59, 23.909999999999854
 77242, 11801.8600,  3, 530.14, 26.6299999999992
 77282, 11805.9500,  3, 638.05, 30.68000000000029
 77328, 11810.6600,  3, 548.23, 35.43000000000029
 77491, 11842.8400,  1, 126.95, 16.56999999999971
 77491, 11842.8400,  1, -8.55, 16.56999999999971
 77495, 11843.2500,  1, 60.01, 16.979999999999563
 77531, 11846.9300,  3, 435.45, 20.609999999998763
 77536, 11847.4400,  3, 471.83, 21.1299999999992
 77545, 11848.3600,  3, 484.57, 22.020000000000437
 77556, 11849.4900,  3, 519.84, 23.18999999999869
 77618, 11855.8300,  3, 573.04, 29.469999999999345
 77728, 11882.6100,  1, -14.55, 11.140000000001237
 77845, 11894.5800,  3, 475.43, 23.040000000000873
 77845, 11894.5800,  3, 520.17, 23.079999999999927
 77857, 11895.8100,  3, 466.97, 24.25
 77872, 11897.3400,  3, 456.77, 25.820000000001528
 77892, 11899.3900,  3, 446.93, 27.900000000001455
 77897, 11899.9000,  3, 494.46, 28.350000000000364
 77930, 11903.2700,  3, 586.14, 31.73999999999978
 78034, 11928.4300,  1, 38.41, 10.530000000000655
 78034, 11928.4300,  1, 33.47, 10.530000000000655
 78050, 11930.0700,  1, 13.49, 12.170000000000073
 78050, 11930.0700,  1, 94.84, 12.170000000000073
 78130, 11938.2500,  3, 432.90, 20.25
 78159, 11941.2200,  3, 466.03, 23.30999999999949
 78159, 11941.2200,  3, 484.89, 23.229999999999563
 78254, 11950.9300,  3, 506.06, 32.95000000000073
 78372, 11977.3400,  1, 43.14, 11.960000000000946
 78389, 11979.0800,  1, -9.03, 13.700000000000728
 78389, 11979.0800,  1, 109.85, 13.700000000000728
 78476, 11987.9800,  3, 462.82, 22.51000000000022
 78477, 11988.0800,  3, 452.81, 22.63000000000102
 78498, 11990.2300,  3, 414.23, 24.75
 78498, 11990.2300,  3, 466.74, 24.770000000000437
 78584, 11999.0200,  3, 716.23, 33.63000000000102
 78783, 12034.7000,  3, 428.28, 20.23999999999978
 78801, 12036.5400,  3, 522.43, 22.019999999998618
 78803, 12036.7500,  3, 496.15, 22.279999999998836
 78805, 12036.9500,  3, 498.72, 22.48999999999978
 78815, 12037.9800,  3, 476.14, 23.5099999999984
 78847, 12041.2500,  3, 572.32, 26.769999999998618
 78867, 12043.2900,  3, 438.02, 28.829999999999927
 78868, 12043.4000,  3, 520.76, 28.8799999999992
 78950, 12066.2800,  1, -23.28, 8.280000000000655
 78950, 12066.2800,  1, 11.41, 8.280000000000655
 79097, 12081.3200,  3, 548.48, 23.30999999999949
 79102, 12081.8300,  3, 417.02, 23.75
 79102, 12081.8300,  3, 448.37, 23.770000000000437
 79104, 12082.0300,  3, 471.97, 24.020000000000437
 79106, 12082.2400,  3, 477.30, 24.149999999999636
 79113, 12082.9500,  3, 485.88, 24.909999999999854
 79325, 12119.2400,  3, 496.57, 21.540000000000873
 79329, 12119.6500,  3, 445.70, 21.899999999999636
 79337, 12120.4700,  3, 470.99, 22.719999999999345
 79361, 12122.9200,  3, 458.40, 25.25
 79376, 12124.4500,  3, 405.36, 26.780000000000655
 79386, 12125.4800,  3, 453.68, 27.80999999999949
 79398, 12126.7000,  3, 487.16, 28.950000000000728
 79543, 12141.5300,  3, 495.82, 43.840000000000146
 79745, 12177.5900,  3, 400.69, 20.469999999999345
 79746, 12177.6900,  3, 427.55, 20.55999999999949
 79747, 12177.7900,  3, 459.84, 20.719999999999345
 79753, 12178.4100,  3, 440.86, 21.279999999998836
 79755, 12178.6100,  3, 401.90, 21.55999999999949
 79769, 12180.0400,  3, 495.78, 22.959999999999127
 79800, 12183.2200,  3, 398.99, 26.11999999999898
 79826, 12185.8700,  3, 447.09, 28.769999999998618
 79971, 12214.9400,  1, 82.95, 14.720000000001164
 79971, 12214.9400,  1, 115.61, 14.720000000001164
 79971, 12214.9400,  1, 128.73, 14.720000000001164
 79971, 12214.9400,  1, 151.37, 14.720000000001164
 80050, 12223.0200,  3, 478.03, 22.73999999999978
 80052, 12223.2300,  3, 420.40, 22.970000000001164
 80103, 12228.4400,  3, 569.89, 28.170000000000073
 80119, 12230.0800,  3, 553.04, 29.76000000000022
 80252, 12257.9500,  1, 54.97, 13.5
 80252, 12257.9500,  1, 126.42, 13.5
 80325, 12265.4200,  1, 7.32, 20.969999999999345
 80346, 12267.5700,  3, 461.41, 23.029999999998836
 80349, 12267.8700,  3, 502.34, 23.36999999999898
 80350, 12267.9800,  3, 503.83, 23.44999999999891
 80350, 12267.9800,  3, 468.68, 23.479999999999563
 80355, 12268.4900,  3, 453.42, 24.029999999998836
 80434, 12291.0800,  1, 39.92, 7.979999999999563
 80434, 12291.0800,  1, -50.28, 7.979999999999563
 80568, 12304.7800,  3, 458.65, 21.600000000000364
 80571, 12305.0900,  3, 468.19, 21.920000000000073
 80572, 12305.1900,  3, 469.78, 22.0
 80585, 12306.5200,  3, 452.69, 23.3799999999992
 80593, 12307.3400,  3, 520.60, 24.159999999999854
 80755, 12323.9100,  3, 386.85, 40.76000000000022
 80993, 12362.6400,  3, 506.16, 24.140000000001237
 81010, 12364.3700,  3, 465.66, 25.93000000000029
 81022, 12365.6000,  3, 510.69, 27.100000000000364
 81028, 12366.2200,  3, 561.34, 27.780000000000655
 81031, 12366.5200,  3, 487.49, 28.079999999999927
 81062, 12369.6900,  3, 454.59, 31.200000000000728
 81073, 12370.8200,  3, 580.08, 32.3700000000008
 81245, 12388.4100,  2, 381.28,  50
 81397, 12419.2200,  1, 83.81, 15.349999999998545
 81397, 12419.2200,  1, 128.02, 15.349999999998545
 81485, 12428.2200,  3, 466.65, 24.289999999999054
 81488, 12428.5200,  3, 389.38, 24.609999999998763
 81493, 12429.0300,  3, 473.93, 25.1299999999992
 81513, 12431.0800,  3, 587.64, 27.11999999999898
 81515, 12431.2800,  3, 325.21, 27.36999999999898
 81522, 12432.0000,  3, 517.47, 28.109999999998763
 81756, 12471.2900,  3, 500.56, 23.80000000000109
 81767, 12472.4200,  3, 483.24, 24.88000000000102
 81770, 12472.7300,  3, 439.97, 25.18000000000029
 81777, 12473.4400,  3, 511.22, 25.920000000000073
 81787, 12474.4700,  3, 447.93, 26.950000000000728
 81795, 12475.2800,  3, 378.71, 27.710000000000946
 81821, 12477.9400,  3, 524.96, 30.409999999999854
 81824, 12478.2500,  3, 547.27, 30.76000000000022
 81943, 12504.8500,  1, -25.49, 12.069999999999709
 81943, 12504.8500,  1, 59.67, 12.069999999999709
 82034, 12514.1600,  3, 490.58, 21.289999999999054
 82037, 12514.4700,  3, 414.89, 21.61999999999898
 82038, 12514.5700,  3, 479.99, 21.769999999998618
 82069, 12517.7400,  3, 521.98, 24.929999999998472
 82074, 12518.2500,  3, 373.67, 25.3799999999992
 82086, 12519.4800,  3, 463.14, 26.68999999999869
 82295, 12555.1000,  3, 405.25, 21.19000000000051
 82307, 12556.3300,  3, 494.28, 22.450000000000728
 82310, 12556.6400,  3, 470.19, 22.799999999999272
 82311, 12556.7400,  3, 431.34, 22.889999999999418
 82316, 12557.2500,  3, 464.23, 23.399999999999636
 82324, 12558.0700,  3, 525.70, 24.219999999999345
 82329, 12558.5800,  3, 470.76, 24.729999999999563
 82338, 12559.5000,  3, 491.37, 25.639999999999418
 82535, 12594.1100,  3, 501.27, 19.979999999999563
 82560, 12596.6700,  3, 434.99, 22.55999999999949
 82569, 12597.5900,  3, 485.42, 23.460000000000946
 82606, 12601.3700,  3, 496.36, 27.23999999999978
 82606, 12601.3700,  3, 575.26, 27.210000000000946
 82651, 12605.9800,  3, 592.61, 31.860000000000582
 82663, 12607.2000,  3, 511.63, 33.05000000000109
 82678, 12608.7400,  3, 645.87, 34.61000000000058
 82807, 12636.3600,  1, 0.12, 13.090000000000146
 82807, 12636.3600,  1, 124.77, 13.090000000000146
 82826, 12638.3100,  1, 48.20, 15.039999999999054
 82920, 12647.9200,  3, 504.96, 24.600000000000364
 82924, 12648.3300,  3, 469.84, 24.959999999999127
 82926, 12648.5300,  3, 424.93, 25.19999999999891
 82932, 12649.1500,  3, 508.10, 25.799999999999272
 82972, 12653.2400,  3, 524.17, 29.909999999999854
 83085, 12680.2900,  1, 55.24, 11.450000000000728
 83169, 12688.8900,  3, 422.29, 19.979999999999563
 83176, 12689.6000,  3, 388.11, 20.719999999999345
 83187, 12690.7300,  3, 429.94, 21.780000000000655
 83199, 12691.9500,  3, 464.45, 23.05999999999949
 83206, 12692.6700,  3, 521.71, 23.81999999999971
 83279, 12700.1400,  3, 441.88, 31.23999999999978
 83293, 12701.5700,  3, 556.25, 32.719999999999345
 83407, 12727.5200,  1, 69.54, 11.550000000001091
 83407, 12727.5200,  1, 43.00, 11.550000000001091
 83489, 12735.9100,  3, 432.92, 19.920000000000073
 83504, 12737.4400,  3, 413.59, 21.44000000000051
 83507, 12737.7500,  3, 424.94, 21.710000000000946
 83541, 12741.2300,  3, 450.52, 25.170000000000073
 83541, 12741.2300,  3, 434.95, 25.23999999999978
 83541, 12741.2300,  3, 563.51, 25.25
 83758, 12778.9400,  3, 448.44, 22.079999999999927
 83764, 12779.5600,  3, 446.54, 22.61999999999898
 83766, 12779.7600,  3, 463.39, 22.899999999999636
 83775, 12780.6800,  3, 398.25, 23.73999999999978
 83780, 12781.1900,  3, 504.53, 24.25
 83780, 12781.1900,  3, 432.02, 24.30999999999949
 83809, 12784.1600,  3, 408.54, 27.219999999999345
 83841, 12787.4300,  3, 427.96, 30.549999999999272
 83980, 12816.3700,  1, 58.28, 14.110000000000582
 83980, 12816.3700,  1, 49.43, 14.110000000000582
 84050, 12823.5300,  3, 392.60, 21.219999999999345
 84064, 12824.9700,  3, 479.42, 22.670000000000073
 84074, 12825.9900,  3, 454.52, 23.719999999999345
 84086, 12827.2200,  3, 417.92, 24.860000000000582
 84105, 12829.1600,  3, 499.21, 26.829999999999927
 84293, 12848.3900,  3, 426.10, 46.11000000000058
 84410, 12874.9500,  1, -6.69, 11.860000000000582
 84417, 12875.6700,  1, 88.84, 12.579999999999927
 84500, 12884.1600,  3, 390.70, 21.020000000000437
 84512, 12885.3900,  3, 457.11, 22.200000000000728
 84525, 12886.7200,  3, 478.85, 23.61999999999898
 84528, 12887.0200,  3, 463.87, 23.8799999999992
 84539, 12888.1500,  3, 495.34, 24.969999999999345
 84566, 12890.9100,  3, 349.07, 27.780000000000655
 84664, 12915.4300,  1, 19.46, 9.920000000000073
 84664, 12915.4300,  1, 13.38, 9.920000000000073
 84755, 12924.7400,  3, 439.45, 19.159999999999854
 84785, 12927.8100,  3, 530.07, 22.229999999999563
 84811, 12930.4700,  3, 456.16, 24.860000000000582
 84816, 12930.9800,  3, 416.58, 25.3799999999992
 84846, 12934.0400,  3, 545.19, 28.5
 84935, 12943.1500,  3, 336.47, 37.56999999999971
 85132, 12977.8900,  3, 361.01, 19.959999999999127
 85142, 12978.9100,  3, 381.96, 21.030000000000655
 85144, 12979.1100,  3, 441.72, 21.200000000000728
 85148, 12979.5200,  3, 351.57, 21.590000000000146
 85153, 12980.0300,  3, 440.17, 22.18000000000029
 85164, 12981.1600,  3, 416.60, 23.280000000000655
 85181, 12982.9000,  3, 529.31, 25.0
 85184, 12983.2000,  3, 531.30, 25.299999999999272
 85373, 13017.1700,  3, 419.38, 19.219999999999345
 85395, 13019.4200,  3, 498.26, 21.459999999999127
 85417, 13021.6700,  3, 442.47, 23.670000000000073
 85433, 13023.3100,  3, 503.77, 25.350000000000364
 85446, 13024.6400,  3, 375.79, 26.659999999999854
 85460, 13026.0700,  3, 549.43, 28.039999999999054
 85486, 13028.7300,  3, 429.31, 30.779999999998836
 85590, 13039.3600,  3, 422.12, 41.36999999999898
 85610, 13055.7700,  1, -132.27, 1.9400000000005093
 85726, 13067.6400,  1, 148.95, 13.80999999999949
 85726, 13067.6400,  1, 108.42, 13.80999999999949
 85735, 13068.5600,  1, -43.55, 14.729999999999563
 85735, 13068.5600,  1, 119.31, 14.729999999999563
 85798, 13075.0000,  3, 467.42, 21.090000000000146
 85829, 13078.1700,  3, 466.89, 24.290000000000873
 85881, 13083.4900,  3, 467.21, 29.579999999999927
 86092, 13120.3500,  3, 470.88, 21.389999999999418
 86096, 13120.7600,  3, 428.68, 21.799999999999272
 86106, 13121.7800,  3, 456.27, 22.829999999999927
 86109, 13122.0900,  3, 424.27, 23.159999999999854
 86116, 13122.8100,  3, 530.55, 23.839999999998327
 86120, 13123.2200,  3, 480.43, 24.329999999999927
 86134, 13124.6500,  3, 478.17, 25.7599999999984
 86137, 13124.9500,  3, 361.33, 26.06999999999971
 86248, 13151.5300,  1, 39.76, 11.25
 86248, 13151.5300,  1, 11.42, 11.25
 86347, 13161.6600,  3, 387.74, 21.36999999999898
 86361, 13163.0900,  3, 431.65, 22.799999999999272
 86376, 13164.6200,  3, 413.61, 24.31999999999971
 86390, 13166.0600,  3, 543.54, 25.709999999999127
 86416, 13168.7200,  3, 483.68, 28.409999999999854
 86461, 13173.3200,  1, 71.17, 33.039999999999054
 86562, 13198.3400,  1, 11.30, 10.1200000000008
 86562, 13198.3400,  1, 25.05, 10.1200000000008
 86694, 13211.8400,  3, 457.64, 23.540000000000873
 86713, 13213.7800,  3, 555.60, 25.540000000000873
 86722, 13214.7000,  3, 543.66, 26.470000000001164
 86722, 13214.7000,  3, 427.96, 26.38000000000102
 86737, 13216.2400,  3, 465.57, 27.960000000000946
 86747, 13217.2600,  3, 428.40, 29.020000000000437
 86808, 13238.1600,  1, -40.73, 6.139999999999418
 86956, 13253.2900,  3, 503.72, 21.219999999999345
 86976, 13255.3400,  3, 451.76, 23.229999999999563
 86976, 13255.3400,  3, 408.26, 23.299999999999272
 86994, 13257.1800,  3, 502.31, 25.11999999999898
 86995, 13257.2800,  3, 473.44, 25.229999999999563
 87092, 13267.2000,  3, 543.95, 35.090000000000146
 87227, 13281.0100,  3, 459.79, 48.909999999999854
 87335, 13306.6500,  1, 94.35, 10.949999999998909
 87335, 13306.6500,  1, 19.15, 10.949999999998909
 87411, 13314.4200,  3, 376.85, 18.68999999999869
 87474, 13320.8600,  3, 504.19, 25.099999999998545
 87492, 13322.7000,  3, 537.15, 26.909999999999854
 87513, 13324.8500,  3, 536.13, 29.079999999999927
 87538, 13327.4100,  3, 530.60, 31.69999999999891
 87550, 13328.6400,  3, 488.37, 32.840000000000146
 87693, 13358.0100,  1, 4.94, 14.520000000000437
 87693, 13358.0100,  1, 120.37, 14.520000000000437
 87763, 13365.1700,  3, 418.37, 21.600000000000364
 87781, 13367.0100,  3, 507.77, 23.44000000000051
 87785, 13367.4200,  3, 417.58, 23.840000000000146
 87795, 13368.4400,  3, 440.08, 24.889999999999418
 87806, 13369.5700,  3, 561.46, 26.05999999999949
 87861, 13375.1900,  3, 572.12, 31.6200000000008
 87971, 13401.0600,  1, 83.84, 11.149999999999636
 87971, 13401.0600,  1, 81.35, 11.149999999999636
 88053, 13409.4400,  3, 436.56, 19.44000000000051
 88075, 13411.6900,  3, 435.21, 21.75
 88092, 13413.4300,  3, 513.98, 23.479999999999563
 88099, 13414.1500,  3, 461.92, 24.210000000000946
 88105, 13414.7600,  3, 489.71, 24.770000000000437
 88138, 13418.1400,  3, 397.24, 28.1200000000008
 88268, 13445.9000,  1, 13.66, 13.19000000000051
 88268, 13445.9000,  1, 107.40, 13.19000000000051
 88359, 13455.2000,  3, 416.57, 22.470000000001164
 88369, 13456.2300,  3, 514.40, 23.460000000000946
 88396, 13458.9900,  3, 469.75, 26.19000000000051
 88417, 13461.1400,  3, 433.89, 28.420000000000073
 88422, 13461.6500,  3, 547.25, 28.830000000001746
 88426, 13462.0600,  3, 505.05, 29.26000000000022
 88623, 13496.7600,  3, 429.99, 19.970000000001164
 88625, 13496.9700,  3, 432.40, 20.18000000000029
 88656, 13500.1400,  3, 518.72, 23.320000000001528
 88685, 13503.1000,  3, 416.21, 26.280000000000655
 88750, 13509.7500,  3, 509.14, 32.98999999999978
 88828, 13517.7300,  3, 384.68, 40.92000000000007
 88903, 13525.4000,  3, 396.74, 48.600000000000364
 88916, 13526.7300,  2, 399.21,  50
 89125, 13563.6000,  3, 404.04, 21.079999999999927
 89134, 13564.5200,  3, 460.51, 22.05999999999949
 89141, 13565.2400,  3, 400.15, 22.76000000000022
 89152, 13566.3600,  3, 495.79, 23.920000000000073
 89176, 13568.8200,  3, 376.93, 26.340000000000146
 89182, 13569.4300,  3, 407.66, 26.959999999999127
 89199, 13571.1700,  3, 559.33, 28.659999999999854
 89219, 13573.2200,  3, 452.23, 30.770000000000437
 89346, 13600.9000,  1, 61.03, 12.889999999999418
 89346, 13600.9000,  1, 101.35, 12.889999999999418
 89454, 13611.9400,  3, 503.08, 23.840000000000146
 89459, 13612.4500,  3, 512.74, 24.399999999999636
 89470, 13613.5800,  3, 477.96, 25.530000000000655
 89474, 13613.9900,  3, 384.65, 25.909999999999854
 89499, 13616.5400,  3, 500.55, 28.469999999999345
 89531, 13619.8200,  3, 516.48, 31.75
 89622, 13643.8400,  1, 37.68, 9.200000000000728
 89622, 13643.8400,  1, 22.55, 9.200000000000728
 89715, 13653.3500,  3, 391.36, 18.63000000000102
 89757, 13657.6500,  3, 522.77, 22.980000000001382
 89775, 13659.4900,  3, 507.85, 24.829999999999927
 89780, 13660.0000,  3, 455.43, 25.329999999999927
 89784, 13660.4100,  3, 458.31, 25.68000000000029
 89792, 13661.2300,  3, 439.22, 26.579999999999927
 89988, 13695.8500,  3, 431.12, 19.909999999999854
 90000, 13697.0800,  3, 444.19, 21.110000000000582
 90002, 13697.2800,  3, 464.80, 21.280000000000655
 90022, 13699.3300,  3, 423.76, 23.3700000000008
 90046, 13701.7800,  3, 478.89, 25.790000000000873
 90055, 13702.7000,  3, 459.85, 26.780000000000655
 90075, 13704.7500,  3, 557.73, 28.76000000000022
 90087, 13705.9800,  3, 443.17, 30.020000000000437
 90214, 13733.5400,  1, 33.38, 12.880000000001019
 90295, 13741.8300,  3, 507.99, 21.06999999999971
 90301, 13742.4400,  1, 136.30, 21.780000000000655
 90305, 13742.8500,  3, 500.57, 22.13000000000102
 90331, 13745.5100,  3, 463.92, 24.790000000000873
 90338, 13746.2300,  3, 483.32, 25.540000000000873
 90352, 13747.6600,  3, 468.64, 26.93000000000029
 90384, 13750.9300,  3, 529.46, 30.18000000000029
 90484, 13775.5300,  1, -62.41, 10.1200000000008
 90494, 13776.5600,  1, 56.91, 11.149999999999636
 90494, 13776.5600,  1, 25.18, 11.149999999999636
 90586, 13785.9700,  3, 444.55, 20.479999999999563
 90597, 13787.0900,  3, 471.98, 21.6200000000008
 90615, 13788.9300,  3, 442.70, 23.460000000000946
 90649, 13792.4100,  3, 417.38, 26.920000000000073
 90665, 13794.0400,  3, 500.40, 28.579999999999927
 90751, 13817.2600,  1, 42.29, 8.69000000000051
 90793, 13821.5600,  1, 45.77, 12.989999999999782
 90793, 13821.5600,  1, 70.19, 12.989999999999782
 90874, 13829.8400,  3, 467.82, 21.23999999999978
 90887, 13831.1700,  3, 446.46, 22.55999999999949
 90900, 13832.5000,  3, 455.23, 23.899999999999636
 90933, 13835.8700,  3, 518.38, 27.210000000000946
 90943, 13836.9000,  3, 422.40, 28.220000000001164
 91154, 13872.9800,  3, 434.70, 21.44000000000051
 91158, 13873.3900,  3, 472.33, 21.840000000000146
 91177, 13875.3300,  3, 538.03, 23.73999999999978
 91181, 13875.7400,  3, 459.56, 24.19000000000051
 91197, 13877.3700,  3, 442.54, 25.790000000000873
 91207, 13878.4000,  3, 439.23, 26.829999999999927
 91217, 13879.4200,  3, 560.62, 27.899999999999636
 91229, 13880.6500,  3, 500.62, 29.049999999999272
 91355, 13908.2400,  1, 46.35, 12.780000000000655
 91355, 13908.2400,  1, 101.78, 12.780000000000655
 91418, 13914.6800,  3, 469.72, 19.200000000000728
 91451, 13918.0600,  3, 500.31, 22.570000000001528
 91457, 13918.6700,  3, 498.64, 23.110000000000582
 91461, 13919.0800,  3, 575.45, 23.540000000000873
 91490, 13922.0400,  3, 395.21, 26.55000000000109
 91504, 13923.4800,  3, 507.20, 27.920000000000073
 91606, 13948.3600,  1, 89.23, 10.329999999999927
 91606, 13948.3600,  1, 22.85, 10.329999999999927
 91680, 13955.9300,  3, 442.75, 17.840000000000146
 91715, 13959.5100,  3, 473.17, 21.459999999999127
 91733, 13961.3500,  3, 543.54, 23.279999999998836
 91740, 13962.0700,  3, 471.27, 24.019999999998618
 91763, 13964.4200,  3, 552.37, 26.36999999999898
 91775, 13965.6500,  3, 655.97, 27.579999999999927
 91871, 13991.0700,  1, 16.64, 9.719999999999345
 91871, 13991.0700,  1, 30.55, 9.719999999999345
 91916, 13995.6700,  1, 94.21, 14.319999999999709
 91916, 13995.6700,  1, 31.95, 14.319999999999709
 91987, 14002.9300,  3, 506.81, 21.520000000000437
 91992, 14003.4400,  3, 443.00, 22.0
 91998, 14004.0600,  3, 383.69, 22.639999999999418
 92011, 14005.3900,  3, 527.14, 24.020000000000437
 92174, 14036.6900,  1, 207.90, 16.56000000000131
 92174, 14036.6900,  1, 201.35, 16.56000000000131
 92200, 14039.3500,  3, 429.40, 19.200000000000728
 92212, 14040.5800,  3, 497.85, 20.43000000000029
 92220, 14041.4000,  3, 426.27, 21.200000000000728
 92230, 14042.4200,  3, 529.82, 22.26000000000022
 92260, 14045.4900,  3, 416.42, 25.31000000000131
 92270, 14046.5100,  3, 461.62, 26.340000000000146
 92331, 14067.0600,  1, -22.96, 6.139999999999418
 92331, 14067.0600,  1, -19.04, 6.139999999999418
 92339, 14067.8700,  1, -70.37, 6.950000000000728
 92339, 14067.8700,  1, -100.57, 6.950000000000728
 92485, 14082.8100,  3, 437.14, 21.850000000000364
 92514, 14085.7700,  3, 466.90, 24.829999999999927
 92529, 14087.3100,  3, 470.00, 26.360000000000582
 92533, 14087.7200,  3, 507.87, 26.709999999999127
 92703, 14119.5700,  1, 76.69, 17.289999999999054
 92703, 14119.5700,  1, 9.25, 17.289999999999054
 92750, 14124.3700,  3, 518.12, 22.06999999999971
 92770, 14126.4200,  3, 477.96, 24.05999999999949
 92771, 14126.5200,  1, 120.49, 24.23999999999978
 92775, 14126.9300,  3, 457.71, 24.599999999998545
 92777, 14127.1400,  3, 509.22, 24.840000000000146
 92791, 14128.5700,  3, 553.37, 26.19999999999891
 92902, 14154.2800,  1, 28.58, 11.25
 92902, 14154.2800,  1, 12.18, 11.25
 92997, 14164.0000,  3, 486.63, 20.86999999999898
 93011, 14165.4300,  3, 450.36, 22.359999999998763
 93013, 14165.6400,  3, 449.37, 22.579999999999927
 93028, 14167.1700,  3, 513.59, 24.1299999999992
 93060, 14170.4400,  3, 473.28, 27.359999999998763
 93078, 14172.2800,  3, 534.44, 29.23999999999978
 93187, 14197.8900,  1, 4.29, 11.049999999999272
 93187, 14197.8900,  1, 104.13, 11.049999999999272
 93253, 14204.6400,  1, 216.22, 17.799999999999272
 93303, 14209.7500,  3, 461.76, 22.829999999999927
 93307, 14210.1600,  3, 506.45, 23.219999999999345
 93316, 14211.0800,  3, 488.78, 24.209999999999127
 93357, 14215.2700,  3, 468.43, 28.3799999999992
 93362, 14215.7800,  3, 433.96, 28.850000000000364
 93566, 14251.4200,  1, 3.78, 20.76000000000022
 93577, 14252.5400,  3, 460.50, 21.780000000000655
 93578, 14252.6500,  3, 527.54, 21.899999999999636
 93579, 14252.7500,  3, 441.40, 22.01000000000022
 93591, 14253.9800,  3, 563.16, 23.229999999999563
 93608, 14255.7200,  3, 548.54, 24.979999999999563
 93626, 14257.5600,  3, 409.93, 26.850000000000364
 93635, 14258.4800,  3, 590.84, 27.710000000000946
 93711, 14280.3700,  1, -8.23, 7.670000000000073
 93711, 14280.3700,  1, 0.40, 7.670000000000073
 93744, 14283.7500,  1, 112.16, 11.049999999999272
 93744, 14283.7500,  1, 90.48, 11.049999999999272
 93750, 14284.3600,  1, 90.18, 11.659999999999854
 93846, 14294.1800,  3, 485.38, 21.43999999999869
 93872, 14296.8400,  3, 557.63, 24.049999999999272
 93917, 14301.4400,  3, 588.62, 28.68999999999869
 94018, 14326.4400,  1, 83.36, 10.220000000001164
 94018, 14326.4400,  1, 83.52, 10.220000000001164
 94059, 14330.6400,  1, 43.69, 14.420000000000073
 94059, 14330.6400,  1, 93.86, 14.420000000000073
 94127, 14337.5900,  3, 422.95, 21.280000000000655
 94127, 14337.5900,  3, 494.75, 21.290000000000873
 94157, 14340.6600,  3, 464.64, 24.38000000000102
 94168, 14341.7800,  3, 487.78, 25.470000000001164
 94288, 14368.8100,  1, 77.00, 12.170000000000073
 94288, 14368.8100,  1, 61.57, 12.170000000000073
 94366, 14376.7800,  3, 474.65, 20.06000000000131
 94368, 14376.9900,  3, 493.82, 20.25
 94414, 14381.6900,  3, 550.02, 25.020000000000437
 94428, 14383.1200,  3, 536.10, 26.390000000001237
 94440, 14384.3500,  3, 484.84, 27.700000000000728
 94499, 14390.3900,  3, 475.23, 33.68000000000029
 94714, 14427.0600,  3, 476.12, 21.799999999999272
 94719, 14427.5700,  3, 469.94, 22.329999999999927
 94725, 14428.1800,  3, 530.32, 22.920000000000073
 94726, 14428.2800,  3, 526.84, 23.079999999999927
 94726, 14428.2800,  3, 545.06, 23.049999999999272
 94742, 14429.9200,  3, 481.61, 24.719999999999345
 94762, 14431.9700,  3, 527.46, 26.75
 94834, 14439.3300,  3, 589.23, 34.100000000000364
 95038, 14474.5600,  3, 412.00, 20.719999999999345
 95051, 14475.8900,  3, 473.26, 22.039999999999054
 95067, 14477.5200,  3, 500.33, 23.679999999998472
 95079, 14478.7500,  3, 609.76, 24.859999999998763
 95086, 14479.4700,  3, 504.11, 25.589999999998327
 95106, 14481.5100,  3, 606.00, 27.639999999999418
 95114, 14482.3300,  3, 549.98, 28.5
 95130, 14483.9700,  3, 633.48, 30.139999999999418
 95262, 14511.7800,  1, -35.37, 13.390000000001237
 95350, 14520.7800,  3, 492.42, 22.360000000000582
 95351, 14520.8900,  3, 547.25, 22.44000000000051
 95368, 14522.6200,  3, 475.00, 24.140000000001237
 95372, 14523.0300,  3, 497.95, 24.610000000000582
 95400, 14525.9000,  3, 562.78, 27.48999999999978
 95420, 14527.9400,  3, 637.44, 29.540000000000873
 95467, 14532.7500,  3, 737.02, 34.280000000000655
 95581, 14558.8300,  1, 60.27, 11.55999999999949
 95581, 14558.8300,  1, 27.16, 11.55999999999949
 95599, 14560.6700,  1, 150.04, 13.399999999999636
 95599, 14560.6700,  1, 164.35, 13.399999999999636
 95615, 14562.3100,  1, -60.78, 15.039999999999054
 95653, 14566.1900,  1, 185.32, 18.920000000000073
 95653, 14566.1900,  1, 288.97, 18.920000000000073
 95684, 14569.3600,  3, 466.56, 22.0
 95783, 14594.0700,  1, 24.36, 10.020000000000437
 95794, 14595.1900,  1, 36.98, 11.140000000001237
 95794, 14595.1900,  1, 58.38, 11.140000000001237
 95809, 14596.7300,  1, 85.54, 12.680000000000291
 95809, 14596.7300,  1, 146.96, 12.680000000000291
 95917, 14607.7700,  3, 484.62, 23.68000000000029
 95951, 14611.2500,  3, 676.28, 27.1200000000008
 95962, 14612.3700,  3, 515.52, 28.290000000000873
 96075, 14638.3200,  1, -5.88, 11.459999999999127
 96159, 14646.9100,  3, 427.27, 20.029999999998836
 96175, 14648.5400,  3, 488.64, 21.659999999999854
 96189, 14649.9800,  3, 449.09, 23.06999999999971
 96196, 14650.6900,  3, 487.78, 23.81999999999971
 96210, 14652.1200,  3, 477.69, 25.23999999999978
 96215, 14652.6400,  3, 503.86, 25.73999999999978
 96231, 14654.2700,  3, 459.69, 27.329999999999927
 96421, 14688.1200,  1, 150.27, 19.329999999999927
 96435, 14689.5600,  3, 466.26, 20.73999999999978
 96453, 14691.4000,  3, 524.04, 22.579999999999927
 96461, 14692.2200,  3, 419.32, 23.3799999999992
 96525, 14698.7600,  3, 698.08, 29.8799999999992
 96527, 14698.9700,  3, 562.58, 30.109999999998763
 96535, 14699.7800,  3, 592.90, 30.909999999999854
 96671, 14713.6900,  1, -71.57, 44.899999999999636
 96743, 14735.6500,  1, -1.81, 7.1599999999998545
 96743, 14735.6500,  1, -3.75, 7.1599999999998545
 96867, 14748.3300,  3, 463.20, 19.80000000000109
 96868, 14748.4300,  3, 481.46, 19.899999999999636
 96869, 14748.5300,  3, 490.50, 20.01000000000022
 96879, 14749.5600,  3, 503.85, 20.98999999999978
 96903, 14752.0100,  3, 514.42, 23.5
 96948, 14756.6100,  3, 446.31, 28.05999999999949
 97139, 14790.9000,  1, 173.51, 19.43000000000029
 97157, 14792.7400,  3, 451.64, 21.220000000001164
 97157, 14792.7400,  3, 451.74, 21.23999999999978
 97165, 14793.5600,  3, 535.78, 21.980000000001382
 97167, 14793.7600,  3, 404.12, 22.26000000000022
 97178, 14794.8900,  3, 499.23, 23.329999999999927
 97189, 14796.0100,  3, 553.70, 24.51000000000022
 97196, 14796.7300,  3, 438.06, 25.220000000001164
 97398, 14831.7600,  3, 483.19, 20.470000000001164
 97421, 14834.1100,  3, 579.48, 22.820000000001528
 97426, 14834.6200,  3, 508.32, 23.320000000001528
 97429, 14834.9300,  3, 384.87, 23.670000000000073
 97431, 14835.1400,  3, 505.01, 23.820000000001528
 97447, 14836.7700,  3, 548.55, 25.4900000000016
 97511, 14843.3200,  3, 554.43, 32.080000000001746
 97526, 14844.8500,  3, 535.93, 33.54000000000087
 97636, 14870.5700,  1, 12.95, 11.149999999999636
 97636, 14870.5700,  1, 46.88, 11.149999999999636
 97642, 14871.1800,  1, 71.56, 11.760000000000218
 97642, 14871.1800,  1, 56.28, 11.760000000000218
 97731, 14880.2800,  3, 474.70, 20.829999999999927
 97765, 14883.7600,  3, 522.94, 24.25
 97799, 14887.2400,  3, 477.55, 27.76000000000022
 97818, 14889.1800,  3, 506.64, 29.68000000000029
 97992, 14921.3500,  1, 114.30, 17.69000000000051
 98041, 14926.3600,  3, 531.29, 22.659999999999854
 98054, 14927.6900,  3, 472.38, 23.98999999999978
 98064, 14928.7200,  3, 564.54, 24.960000000000946
 98091, 14931.4800,  3, 428.50, 27.799999999999272
 98119, 14934.3400,  3, 532.49, 30.670000000000073
 98235, 14946.2000,  3, 555.79, 42.47999999999956
 98290, 14951.8300,  3, 681.20, 48.11000000000058
 98482, 14986.1900,  1, 225.57, 19.530000000000655
 98482, 14986.1900,  1, 245.91, 19.530000000000655
 98531, 14991.2000,  3, 435.60, 24.460000000000946
 98545, 14992.6400,  3, 495.15, 25.960000000000946
 98545, 14992.6400,  3, 452.45, 25.960000000000946
 98555, 14993.6600,  3, 484.10, 26.93000000000029
 98595, 14997.7500,  3, 503.77, 31.079999999999927
 98624, 15000.7200,  3, 498.57, 33.969999999999345
 98745, 15027.4900,  1, 38.21, 12.270000000000437
 98823, 15035.4700,  1, 221.76, 20.25
 98855, 15038.7400,  3, 524.00, 23.43000000000029
 98860, 15039.2500,  3, 382.41, 23.960000000000946
 98872, 15040.4800,  3, 448.72, 25.159999999999854
 98886, 15041.9100,  3, 417.86, 26.68000000000029
 98897, 15043.0300,  3, 599.00, 27.75
 98918, 15045.1800,  3, 529.65, 29.93000000000029
 99041, 15072.1500,  1, 54.59, 12.479999999999563
 99041, 15072.1500,  1, 15.81, 12.479999999999563
 99104, 15078.5900,  3, 395.37, 18.840000000000146
 99124, 15080.6400,  3, 480.82, 20.909999999999854
 99162, 15084.5200,  3, 487.09, 24.80999999999949
 99178, 15086.1600,  3, 588.83, 26.409999999999854
 99184, 15086.7700,  3, 539.33, 27.049999999999272
 99385, 15107.3300,  1, -7.80, 47.659999999999854
 99485, 15132.0000,  1, 10.89, 10.020000000000437
 99485, 15132.0000,  1, 31.67, 10.020000000000437
 99508, 15134.3500,  1, 11.20, 12.3700000000008
 99508, 15134.3500,  1, 45.96, 12.3700000000008
 99535, 15137.1100,  1, 120.58, 15.130000000001019
 99610, 15144.7800,  3, 423.63, 22.75
 99636, 15147.4400,  3, 509.04, 25.38000000000102
 99688, 15152.7600,  3, 573.33, 30.68000000000029
 99752, 15173.7400,  1, -18.63, 6.440000000000509
 99752, 15173.7400,  1, -80.70, 6.440000000000509
 99798, 15178.4400,  1, 64.97, 11.140000000001237
 99837, 15182.4300,  1, 69.02, 15.130000000001019
 99837, 15182.4300,  1, 19.17, 15.130000000001019
 99928, 15191.7400,  3, 507.77, 24.350000000000364
 99933, 15192.2500,  3, 596.82, 24.860000000000582
100036, 15202.7800,  3, 684.05, 35.460000000000946
100193, 15233.5900,  1, 76.88, 15.950000000000728
100193, 15233.5900,  1, 19.95, 15.950000000000728
100224, 15236.7600,  3, 460.14, 19.06999999999971
100247, 15239.1100,  3, 542.58, 21.420000000000073
100288, 15243.3100,  3, 497.08, 25.659999999999854
100319, 15246.4800,  3, 411.04, 28.790000000000873
100357, 15250.3600,  3, 533.43, 32.63000000000102
100388, 15253.5300,  3, 499.27, 35.81000000000131
100496, 15279.0100,  1, 3.55, 10.94000000000051
100506, 15280.0300,  1, 52.29, 11.960000000000946
100506, 15280.0300,  1, 101.17, 11.960000000000946
100520, 15281.4700,  1, 122.78, 13.399999999999636
100520, 15281.4700,  1, 145.26, 13.399999999999636
100595, 15289.1400,  3, 501.10, 20.960000000000946
100595, 15289.1400,  3, 467.48, 21.01000000000022
100682, 15298.0300,  3, 614.54, 29.920000000000073
100816, 15326.1800,  1, 159.24, 13.600000000000364
100816, 15326.1800,  1, -9.91, 13.600000000000364
100906, 15335.3900,  3, 452.38, 22.770000000000437
100916, 15336.4100,  3, 428.25, 23.80999999999949
100926, 15337.4300,  3, 549.42, 24.799999999999272
100945, 15339.3700,  3, 454.52, 26.69000000000051
100952, 15340.0900,  3, 608.24, 27.48999999999978
100982, 15343.1600,  3, 706.54, 30.5
101063, 15366.8100,  1, 8.25, 8.18999999999869
101063, 15366.8100,  1, 26.83, 8.18999999999869
101070, 15367.5200,  1, 10.16, 8.899999999999636
101070, 15367.5200,  1, 2.48, 8.899999999999636
101189, 15379.6900,  3, 513.50, 21.05999999999949
101195, 15380.3100,  3, 499.06, 21.589999999998327
101202, 15381.0200,  3, 551.90, 22.31999999999971
101235, 15384.4000,  3, 571.51, 25.729999999999563
101451, 15421.1900,  3, 535.56, 21.920000000000073
101453, 15421.4000,  3, 512.79, 22.18000000000029
101453, 15421.4000,  3, 440.59, 22.080000000001746
101454, 15421.5000,  3, 522.95, 22.25
101485, 15424.6700,  3, 578.91, 25.3700000000008
101507, 15426.9200,  3, 497.43, 27.640000000001237
101517, 15427.9400,  3, 630.90, 28.640000000001237
101524, 15428.6600,  3, 535.53, 29.43000000000029
101632, 15454.1500,  1, 35.00, 10.949999999998909
101632, 15454.1500,  1, 87.51, 10.949999999998909
101752, 15466.4200,  3, 491.65, 23.1299999999992
101761, 15467.3400,  1, 191.21, 24.139999999999418
101777, 15468.9800,  3, 528.08, 25.719999999999345
101789, 15470.2000,  3, 512.47, 26.98999999999978
101791, 15470.4100,  3, 493.46, 27.18999999999869
101810, 15472.3500,  3, 476.93, 29.06999999999971
102005, 15506.8500,  3, 463.83, 19.799999999999272
102008, 15507.1600,  3, 402.46, 20.05999999999949
102046, 15511.0400,  3, 505.76, 24.0
102052, 15511.6600,  3, 527.05, 24.590000000000146
102054, 15511.8600,  3, 474.23, 24.799999999999272
102056, 15512.0700,  3, 564.16, 24.98999999999978
102069, 15513.4000,  3, 387.11, 26.3799999999992
102071, 15513.6000,  3, 389.24, 26.520000000000437
102279, 15549.4700,  3, 469.87, 21.090000000000146
102286, 15550.1800,  3, 464.29, 21.850000000000364
102307, 15552.3300,  3, 454.66, 23.9900000000016
102320, 15553.6600,  3, 488.13, 25.270000000000437
102325, 15554.1700,  3, 531.16, 25.840000000000146
102326, 15554.2700,  3, 436.26, 25.8700000000008
102326, 15554.2700,  3, 475.36, 25.920000000000073
102335, 15555.1900,  3, 445.34, 26.850000000000364
102523, 15589.0100,  1, 150.17, 19.1200000000008
102523, 15589.0100,  1, 216.76, 19.1200000000008
102541, 15590.8500,  3, 418.22, 20.909999999999854
102549, 15591.6700,  3, 424.32, 21.69000000000051
102599, 15596.7800,  3, 447.78, 26.860000000000582
102602, 15597.0900,  3, 547.93, 27.19000000000051
102610, 15597.9100,  3, 501.35, 27.950000000000728
102624, 15599.3400,  3, 619.65, 29.44000000000051
102795, 15631.1800,  3, 441.06, 17.349999999998545
102831, 15634.8600,  3, 435.17, 21.0
102864, 15638.2400,  3, 436.36, 24.409999999999854
102865, 15638.3400,  3, 442.63, 24.479999999999563
102888, 15640.6900,  3, 603.26, 26.80999999999949
102898, 15641.7200,  3, 592.55, 27.8799999999992
102932, 15645.1900,  3, 531.84, 31.30999999999949
102937, 15645.7000,  3, 446.26, 31.829999999999927
103076, 15674.3700,  1, 39.72, 14.110000000000582
103076, 15674.3700,  1, 103.80, 14.110000000000582
103126, 15679.4900,  3, 406.03, 19.1299999999992
103140, 15680.9200,  3, 493.38, 20.61999999999898
103166, 15683.5800,  3, 503.62, 23.23999999999978
103186, 15685.6200,  3, 489.87, 25.31999999999971
103187, 15685.7300,  3, 522.63, 25.44000000000051
103238, 15690.9400,  3, 516.50, 30.610000000000582
103450, 15727.0900,  3, 492.34, 21.479999999999563
103454, 15727.5000,  3, 483.90, 21.979999999999563
103457, 15727.8100,  3, 457.96, 22.270000000000437
103469, 15729.0300,  3, 427.24, 23.43000000000029
103482, 15730.3600,  3, 443.79, 24.75
103484, 15730.5700,  3, 423.12, 25.020000000000437
103485, 15730.6700,  3, 539.16, 25.06999999999971
103519, 15734.1500,  3, 476.16, 28.6299999999992
103715, 15768.6200,  3, 470.91, 19.93000000000029
103730, 15770.1600,  3, 498.33, 21.3799999999992
103741, 15771.2800,  3, 532.04, 22.590000000000146
103747, 15771.9000,  3, 441.60, 23.19000000000051
103749, 15772.1000,  3, 466.40, 23.399999999999636
103753, 15772.5100,  3, 433.80, 23.73999999999978
103777, 15774.9700,  3, 551.16, 26.26000000000022
103791, 15776.4000,  3, 569.97, 27.659999999999854
103943, 15806.5200,  1, 191.60, 15.44000000000051
103943, 15806.5200,  1, 27.60, 15.44000000000051
103986, 15810.9200,  3, 455.54, 19.81999999999971
103993, 15811.6400,  3, 418.25, 20.479999999999563
104036, 15816.0300,  3, 452.21, 24.889999999999418
104047, 15817.1600,  3, 572.20, 26.01000000000022
104056, 15818.0800,  3, 534.57, 26.909999999999854
104119, 15824.5200,  3, 486.05, 33.43000000000029
104241, 15852.3900,  1, 30.40, 12.3799999999992
104241, 15852.3900,  1, 20.20, 12.3799999999992
104318, 15860.2600,  3, 457.61, 20.149999999999636
104330, 15861.4900,  3, 481.03, 21.469999999999345
104337, 15862.2000,  3, 493.99, 22.1299999999992
104341, 15862.6100,  3, 516.87, 22.51000000000022
104356, 15864.1500,  3, 443.31, 24.039999999999054
104361, 15864.6600,  3, 520.02, 24.579999999999927
104480, 15891.4500,  1, 74.45, 12.06000000000131
104566, 15900.2500,  3, 459.99, 20.780000000000655
104588, 15902.5000,  3, 498.52, 23.06999999999971
104588, 15902.5000,  3, 455.33, 23.040000000000873
104604, 15904.1400,  3, 466.20, 24.710000000000946
104611, 15904.8500,  3, 489.38, 25.43000000000029
104617, 15905.4700,  3, 425.39, 26.030000000000655
104637, 15907.5100,  3, 507.38, 28.040000000000873
104761, 15934.6800,  1, 40.98, 12.579999999999927
104842, 15942.9700,  3, 413.03, 20.799999999999272
104849, 15943.6800,  3, 463.09, 21.51000000000022
104872, 15946.0300,  3, 444.84, 23.899999999999636
104872, 15946.0300,  3, 445.20, 23.909999999999854
104922, 15951.1500,  3, 520.37, 29.039999999999054
104924, 15951.3500,  3, 476.37, 29.18000000000029
104930, 15951.9700,  3, 456.71, 29.840000000000146
105029, 15976.4900,  1, 67.44, 10.020000000000437
105029, 15976.4900,  1, 36.36, 10.020000000000437
105122, 15986.0000,  3, 431.61, 19.44000000000051
105137, 15987.5300,  3, 460.01, 20.980000000001382
105168, 15990.7000,  3, 446.71, 24.210000000000946
105174, 15991.3200,  3, 485.87, 24.76000000000022
105175, 15991.4200,  3, 473.70, 24.900000000001455
105203, 15994.2800,  3, 488.12, 27.780000000000655
105330, 16021.6800,  1, 93.27, 12.889999999999418
105330, 16021.6800,  1, 111.24, 12.889999999999418
105393, 16028.1200,  3, 482.10, 19.2599999999984
105403, 16029.1500,  3, 469.97, 20.349999999998545
105408, 16029.6600,  3, 439.16, 20.789999999999054
105438, 16032.7300,  3, 445.88, 23.929999999998472
105448, 16033.7500,  3, 536.27, 24.909999999999854
105506, 16039.6800,  3, 576.93, 30.8799999999992
105590, 16062.7300,  1, 53.44, 8.489999999999782
105590, 16062.7300,  1, 10.97, 8.489999999999782
105726, 16076.6400,  3, 418.54, 22.30000000000109
105745, 16078.5800,  3, 494.51, 24.30999999999949
105752, 16079.2900,  3, 516.88, 24.979999999999563
105759, 16080.0100,  3, 599.60, 25.76000000000022
105774, 16081.5400,  3, 470.30, 27.200000000000728
105801, 16084.3100,  3, 449.58, 30.030000000000655
106009, 16120.0400,  3, 475.22, 21.1299999999992
106013, 16120.4500,  3, 504.58, 21.539999999999054
106019, 16121.0700,  3, 562.10, 22.1299999999992
106023, 16121.4800,  3, 455.76, 22.5099999999984
106032, 16122.4000,  3, 424.36, 23.429999999998472
106032, 16122.4000,  3, 526.72, 23.479999999999563
106058, 16125.0600,  3, 468.48, 26.099999999998545
106107, 16130.0700,  3, 667.23, 31.139999999999418
106227, 16157.7700,  1, 73.58, 12.170000000000073
106227, 16157.7700,  1, 119.51, 12.170000000000073
106323, 16167.5900,  3, 479.50, 21.94999999999891
106324, 16167.6900,  3, 455.55, 22.029999999998836
106328, 16168.1000,  3, 491.66, 22.469999999999345
106344, 16169.7400,  3, 447.16, 24.11999999999898
106365, 16171.8900,  3, 566.46, 26.19000000000051
106417, 16177.2000,  3, 489.91, 31.55999999999949
106637, 16214.1900,  3, 456.26, 22.329999999999927
106642, 16214.7000,  3, 497.59, 22.80000000000109
106648, 16215.3200,  3, 487.33, 23.460000000000946
106655, 16216.0300,  3, 535.95, 24.170000000000073
106683, 16218.9000,  3, 499.47, 27.0
106710, 16221.6600,  3, 510.86, 29.80000000000109
106748, 16225.5400,  3, 466.50, 33.659999999999854
106809, 16231.7800,  3, 538.15, 39.909999999999854
106965, 16262.2500,  1, 89.81, 15.850000000000364
106965, 16262.2500,  1, 109.74, 15.850000000000364
106966, 16262.3500,  1, 110.64, 15.950000000000728
106999, 16265.7300,  3, 435.91, 19.30999999999949
107023, 16268.1800,  3, 469.61, 21.710000000000946
107098, 16275.8500,  3, 524.26, 29.399999999999636
107103, 16276.3600,  3, 624.04, 29.860000000000582
107129, 16279.0200,  3, 524.74, 32.590000000000146
107315, 16312.6500,  3, 472.74, 18.81000000000131
107317, 16312.8500,  3, 437.72, 19.100000000000364
107351, 16316.3300,  3, 483.29, 22.55000000000109
107363, 16317.5600,  3, 461.68, 23.73999999999978
107365, 16317.7600,  3, 542.19, 24.020000000000437
107390, 16320.3200,  3, 506.46, 26.579999999999927
107394, 16320.7300,  3, 447.95, 26.920000000000073
107394, 16320.7300,  3, 489.94, 26.93000000000029
107593, 16356.3300,  3, 484.36, 20.19000000000051
107601, 16357.1500,  3, 431.53, 21.020000000000437
107607, 16357.7600,  3, 494.97, 21.579999999999927
107608, 16357.8600,  3, 425.43, 21.73999999999978
107615, 16358.5800,  3, 442.50, 22.399999999999636
107623, 16359.4000,  3, 466.61, 23.270000000000437
107646, 16361.7500,  3, 513.96, 25.659999999999854
107668, 16364.0000,  3, 494.42, 27.8700000000008
107849, 16397.6300,  3, 434.07, 18.950000000000728
107855, 16398.2700,  3, 488.01, 19.57999999999811
107862, 16399.0200,  3, 463.04, 20.409999999999854
107889, 16401.9200,  3, 412.02, 23.2599999999984
107898, 16402.8800,  3, 497.61, 24.2400000000016
107901, 16403.2000,  3, 480.19, 24.549999999999272
107910, 16404.1700,  3, 552.12, 25.540000000000873
107925, 16405.7700,  3, 431.58, 27.07999999999811
108114, 16440.3800,  3, 485.91, 20.07999999999811
108133, 16442.4200,  3, 473.67, 22.06999999999971
108149, 16444.1300,  3, 564.52, 23.82999999999811
108165, 16445.8500,  3, 498.71, 25.5199999999968
108175, 16446.9200,  3, 487.90, 26.62999999999738
108179, 16447.3500,  3, 494.31, 27.049999999999272
108189, 16448.4200,  3, 440.42, 28.159999999999854
108208, 16450.4500,  3, 526.60, 30.149999999997817
108309, 16475.6900,  1, 77.15, 10.709999999999127
108309, 16475.6900,  1, 93.67, 10.709999999999127
108384, 16483.7200,  1, 115.05, 18.7400000000016
108398, 16485.2200,  3, 474.55, 20.18000000000029
108418, 16487.3600,  3, 522.64, 22.279999999998836
108450, 16490.7900,  3, 567.03, 25.770000000000437
108472, 16493.1500,  3, 469.65, 28.13000000000102
108510, 16497.2200,  3, 526.33, 32.13999999999942
108710, 16533.2200,  3, 418.08, 21.30999999999767
108716, 16533.8600,  3, 502.00, 21.899999999997817
108724, 16534.7200,  3, 467.99, 22.789999999997235
108737, 16536.1100,  3, 506.43, 24.109999999996944
108746, 16537.0800,  3, 516.94, 25.139999999999418
108765, 16539.1100,  3, 449.56, 27.18000000000029
108786, 16541.3600,  3, 474.11, 29.43999999999869
108978, 16561.9400,  2, 495.15,  50
109129, 16592.6700,  1, 39.67, 15.959999999999127
109163, 16596.3100,  3, 456.86, 19.4900000000016
109174, 16597.4900,  3, 435.39, 20.760000000002037
109196, 16599.8500,  3, 480.09, 23.040000000000873
109215, 16601.8800,  3, 410.90, 25.090000000000146
109234, 16603.9200,  3, 493.79, 27.139999999999418
109276, 16608.4200,  3, 563.77, 31.68000000000029
109276, 16608.4200,  3, 618.41, 31.69000000000233
109462, 16642.8100,  3, 447.45, 19.7599999999984
109487, 16645.4900,  3, 507.25, 22.429999999996653
109499, 16646.7700,  3, 487.92, 23.709999999999127
109507, 16647.6300,  3, 519.98, 24.61999999999898
109523, 16649.3500,  3, 493.63, 26.340000000000146
109545, 16651.7000,  3, 488.00, 28.62999999999738
109551, 16652.3500,  3, 520.65, 29.2699999999968
109624, 16660.1700,  3, 555.47, 37.13999999999942
109797, 16693.0100,  3, 461.41, 18.32999999999811
109818, 16695.2600,  3, 398.05, 20.61999999999898
109826, 16696.1100,  3, 447.21, 21.489999999997963
109827, 16696.2200,  3, 504.42, 21.61999999999898
109863, 16700.0800,  3, 517.12, 25.479999999999563
109872, 16701.0400,  3, 475.53, 26.37999999999738
109902, 16704.2600,  3, 432.92, 29.639999999999418
109906, 16704.6900,  3, 457.63, 30.07999999999811
109943, 16723.0800,  1, -159.18, 3.850000000002183
110086, 16738.4000,  3, 428.36, 19.100000000002183
110099, 16739.7900,  3, 463.00, 20.4900000000016
110111, 16741.0800,  3, 517.85, 21.779999999998836
110117, 16741.7200,  3, 520.51, 22.43999999999869
110138, 16743.9700,  3, 481.47, 24.639999999999418
110139, 16744.0800,  3, 538.93, 24.779999999998836
110186, 16749.1100,  3, 470.19, 29.850000000002183
110373, 16783.5200,  3, 473.77, 19.88000000000102
110393, 16785.6700,  3, 407.35, 21.970000000001164
110396, 16785.9900,  3, 401.14, 22.290000000000873
110418, 16788.3500,  3, 442.17, 24.710000000002765
110440, 16790.7000,  3, 448.98, 27.080000000001746
110447, 16791.4500,  3, 466.88, 27.780000000002474
110493, 16796.3800,  3, 571.65, 32.76000000000204
110495, 16796.6000,  3, 610.24, 32.890000000003056
110632, 16825.8100,  1, -62.91, 14.569999999999709
110667, 16829.5600,  3, 380.61, 18.219999999997526
110685, 16831.4900,  3, 451.62, 20.169999999998254
110716, 16834.8100,  3, 431.36, 23.529999999998836
110725, 16835.7700,  3, 566.04, 24.44999999999709
110731, 16836.4200,  3, 517.70, 25.139999999999418
110734, 16836.7400,  3, 478.31, 25.409999999999854
110738, 16837.1700,  3, 510.96, 25.82999999999811
110852, 16864.5200,  1, 90.05, 12.100000000002183
110852, 16864.5200,  1, 62.08, 12.100000000002183
110936, 16873.5200,  3, 496.66, 21.040000000000873
110963, 16876.4200,  3, 500.23, 23.970000000001164
110995, 16879.8500,  3, 584.22, 27.410000000003492
111001, 16880.4900,  3, 447.73, 28.05000000000291
111005, 16880.9200,  3, 634.51, 28.400000000001455
111018, 16882.3100,  3, 466.04, 29.88000000000102
111148, 16910.6900,  1, 49.82, 13.819999999999709
111148, 16910.6900,  1, 70.11, 13.819999999999709
111241, 16920.6500,  3, 453.74, 23.720000000001164
111248, 16921.4000,  3, 489.34, 24.520000000000437
111259, 16922.5800,  3, 481.59, 25.62000000000262
111280, 16924.8300,  3, 516.88, 27.93000000000029
111303, 16927.2900,  3, 588.42, 30.360000000000582
111318, 16928.9000,  3, 560.48, 32.01000000000204
111339, 16945.5800,  1, -177.37, 2.150000000001455
111484, 16961.1100,  3, 437.51, 17.659999999999854
111486, 16961.3300,  3, 410.35, 17.849999999998545
111509, 16963.7900,  3, 477.46, 20.2599999999984
111527, 16965.7200,  3, 455.35, 22.2599999999984
111543, 16967.4400,  3, 456.24, 23.959999999999127
111545, 16967.6500,  3, 470.81, 24.18999999999869
111561, 16969.3600,  3, 598.07, 25.889999999999418
111630, 16991.0200,  1, -36.09, 7.279999999998836
111630, 16991.0200,  1, -0.23, 7.279999999998836
111734, 17002.1700,  3, 458.52, 18.359999999996944
111769, 17005.9200,  3, 452.91, 22.11999999999898
111776, 17006.6700,  3, 480.61, 22.840000000000146
111784, 17007.5200,  3, 483.71, 23.7699999999968
111791, 17008.2700,  3, 485.11, 24.5099999999984
111840, 17013.5200,  3, 431.75, 29.75
112030, 17048.3500,  3, 457.33, 20.17000000000189
112033, 17048.6700,  3, 440.67, 20.55000000000291
112047, 17050.1700,  3, 518.98, 22.040000000000873
112059, 17051.4500,  3, 420.31, 23.31000000000131
112087, 17054.4500,  3, 511.61, 26.280000000002474
112092, 17054.9900,  3, 445.63, 26.860000000000582
112098, 17055.6300,  3, 453.18, 27.520000000000437
112134, 17059.4900,  3, 484.94, 31.38000000000102
112273, 17088.7900,  1, 88.71, 14.790000000000873
112311, 17092.8600,  1, 38.17, 18.860000000000582
112350, 17097.0400,  3, 540.70, 22.959999999999127
112380, 17100.2600,  3, 485.17, 26.169999999998254
112386, 17100.9000,  3, 550.65, 26.799999999999272
112388, 17101.1100,  3, 436.20, 27.06000000000131
112427, 17105.2900,  3, 585.62, 31.25
112602, 17124.0400,  2, 422.41,  50
112674, 17146.1100,  1, 5.14, 7.5
112674, 17146.1100,  1, -42.00, 7.5
112794, 17158.9700,  3, 454.03, 20.2599999999984
112836, 17163.4700,  3, 527.24, 24.7599999999984
112857, 17165.7200,  3, 512.96, 27.06999999999971
112868, 17166.9000,  3, 485.24, 28.18999999999869
112894, 17169.6900,  3, 470.48, 31.05999999999767
112909, 17171.2900,  3, 438.76, 32.57999999999811
113092, 17205.2900,  3, 452.72, 19.479999999999563
113113, 17207.5400,  3, 430.23, 21.709999999999127
113131, 17209.4700,  3, 438.11, 23.61999999999898
113154, 17211.9400,  3, 513.51, 26.05999999999767
113174, 17214.0800,  3, 595.24, 28.2599999999984
113176, 17214.2900,  3, 510.98, 28.419999999998254
113176, 17214.2900,  3, 613.81, 28.43000000000029
113190, 17215.7900,  3, 510.30, 29.899999999997817
113293, 17241.3500,  1, 81.81, 10.930000000000291
113293, 17241.3500,  1, 34.61, 10.930000000000291
113395, 17252.2700,  3, 482.30, 21.81000000000131
113400, 17252.8100,  3, 483.78, 22.30000000000291
113443, 17257.4200,  3, 597.46, 26.950000000000728
113445, 17257.6300,  3, 416.05, 27.12000000000262
113470, 17260.3100,  3, 524.79, 29.81000000000131
113472, 17260.5200,  3, 488.21, 30.080000000001746
113592, 17288.6100,  1, -5.38, 12.75
113620, 17291.6100,  1, 179.12, 15.75
113620, 17291.6100,  1, 55.45, 15.75
113658, 17295.6900,  3, 449.08, 19.739999999997963
113672, 17297.1900,  3, 434.27, 21.290000000000873
113708, 17301.0400,  3, 426.51, 25.090000000000146
113731, 17303.5100,  3, 465.32, 27.549999999999272
113801, 17311.0100,  3, 525.99, 35.06999999999971
113923, 17339.5800,  1, 120.79, 12.960000000002765
113923, 17339.5800,  1, 36.32, 12.960000000002765
114005, 17348.3600,  3, 421.15, 21.650000000001455
114006, 17348.4700,  3, 479.43, 21.799999999999272
114007, 17348.5800,  3, 464.14, 21.88000000000102
114045, 17352.6500,  3, 485.88, 25.94000000000233
114075, 17355.8600,  3, 568.99, 29.200000000000728
114078, 17356.1900,  3, 542.79, 29.479999999999563
114150, 17378.1900,  1, 21.13, 7.609999999996944
114150, 17378.1900,  1, -13.87, 7.609999999996944
114194, 17382.9000,  1, 5.92, 12.319999999999709
114295, 17393.7200,  3, 487.50, 23.05999999999767
114312, 17395.5400,  3, 525.02, 24.909999999999854
114314, 17395.7600,  3, 445.39, 25.07999999999811
114335, 17398.0100,  3, 500.85, 27.359999999996944
114366, 17401.3300,  3, 562.67, 30.669999999998254
114497, 17430.6000,  1, 115.96, 13.930000000000291
114497, 17430.6000,  1, 70.02, 13.930000000000291
114568, 17438.2000,  3, 477.32, 21.510000000002037
114587, 17440.2400,  3, 464.36, 23.470000000001164
114609, 17442.6000,  3, 554.84, 25.900000000001455
114615, 17443.2400,  3, 432.39, 26.55000000000291
114620, 17443.7700,  3, 462.73, 27.010000000002037
114667, 17448.8100,  3, 527.01, 32.030000000002474
114826, 17480.3800,  1, 86.76, 16.92000000000189
114826, 17480.3800,  1, 57.35, 16.92000000000189
114867, 17484.7700,  3, 407.39, 21.229999999999563
114885, 17486.7000,  3, 380.03, 23.18000000000029
114907, 17489.0600,  3, 426.69, 25.540000000000873
114934, 17491.9500,  3, 469.43, 28.44000000000233
114980, 17496.8800,  3, 410.51, 33.31999999999971
114982, 17497.1000,  3, 643.18, 33.580000000001746
115199, 17534.7700,  3, 472.84, 23.049999999999272
115207, 17535.6300,  3, 496.45, 23.909999999999854
115211, 17536.0600,  3, 455.51, 24.360000000000582
115220, 17537.0200,  3, 422.79, 25.30999999999767
115243, 17539.4900,  3, 381.49, 27.82999999999811
115248, 17540.0200,  3, 502.59, 28.32999999999811
115258, 17541.1000,  3, 468.29, 29.43000000000029
115289, 17544.4200,  3, 436.79, 32.72999999999956
115486, 17580.1300,  3, 474.20, 20.889999999999418
115489, 17580.4500,  3, 503.31, 21.2599999999984
115492, 17580.7700,  3, 344.60, 21.590000000000146
115513, 17583.0200,  3, 470.15, 23.82999999999811
115520, 17583.7700,  3, 463.06, 24.55999999999767
115538, 17585.7000,  3, 441.37, 26.479999999999563
115569, 17589.0200,  3, 522.60, 29.82999999999811
115585, 17590.7400,  3, 490.16, 31.5099999999984
115782, 17626.1700,  3, 425.05, 20.93999999999869
115799, 17627.9900,  3, 363.39, 22.799999999999272
115809, 17629.0600,  3, 381.43, 23.81999999999971
115816, 17629.8100,  3, 551.26, 24.549999999999272
115842, 17632.6000,  3, 492.14, 27.360000000000582
115849, 17633.3500,  3, 476.06, 28.099999999998545
115881, 17636.7700,  3, 415.16, 31.540000000000873
115897, 17638.4900,  3, 441.76, 33.31999999999971
116007, 17664.7400,  1, 29.72, 11.680000000000291
116007, 17664.7400,  1, 79.75, 11.680000000000291
116020, 17666.1300,  1, 60.56, 13.069999999999709
116020, 17666.1300,  1, 77.74, 13.069999999999709
116093, 17673.9500,  3, 476.02, 20.789999999997235
116149, 17679.9500,  3, 469.71, 26.81999999999971
116163, 17681.4500,  3, 469.82, 28.30999999999767
116189, 17684.2400,  3, 549.06, 31.139999999999418
116277, 17709.1500,  1, -13.53, 9.330000000001746
116277, 17709.1500,  1, 4.17, 9.330000000001746
116305, 17712.1500,  1, 139.17, 12.330000000001746
116305, 17712.1500,  1, 94.66, 12.330000000001746
116316, 17713.3300,  1, 113.51, 13.510000000002037
116316, 17713.3300,  1, 107.56, 13.510000000002037
116404, 17722.7600,  3, 369.24, 22.840000000000146
116417, 17724.1500,  3, 355.53, 24.31999999999971
116619, 17760.4000,  3, 439.16, 21.450000000000728
116651, 17763.8300,  3, 457.52, 24.909999999999854
116664, 17765.2200,  3, 566.15, 26.31000000000131
116670, 17765.8600,  3, 378.84, 26.950000000000728
116679, 17766.8300,  3, 454.49, 27.909999999999854
116682, 17767.1500,  3, 600.08, 28.2400000000016
116685, 17767.4700,  3, 560.75, 28.56000000000131
116696, 17768.6500,  3, 596.59, 29.69000000000233
116766, 17790.8300,  1, 17.68, 7.400000000001455
116766, 17790.8300,  1, -64.54, 7.400000000001455
116875, 17802.5100,  3, 425.83, 19.040000000000873
116876, 17802.6100,  1, 246.54, 19.18000000000029
116909, 17806.1500,  3, 444.26, 22.650000000001455
116914, 17806.6900,  3, 477.06, 23.169999999998254
116914, 17806.6900,  3, 495.54, 23.159999999999854
116930, 17808.4000,  3, 518.11, 24.909999999999854
117013, 17832.0100,  1, 41.81, 8.779999999998836
117013, 17832.0100,  1, -48.45, 8.779999999998836
117102, 17841.5400,  1, 254.68, 18.31000000000131
117102, 17841.5400,  1, 113.44, 18.31000000000131
117116, 17843.0400,  3, 429.03, 19.7400000000016
117118, 17843.2600,  3, 480.09, 19.950000000000728
117175, 17849.3600,  3, 535.99, 26.040000000000873
117184, 17850.3300,  3, 463.72, 27.040000000000873
117395, 17887.3300,  3, 522.27, 22.479999999999563
117399, 17887.7600,  3, 344.18, 22.82999999999811
117422, 17890.2200,  3, 461.01, 25.339999999996508
117424, 17890.4400,  3, 468.21, 25.539999999997235
117447, 17892.9000,  3, 501.73, 27.969999999997526
117462, 17894.5100,  3, 365.99, 29.61999999999898
117532, 17902.0100,  3, 492.68, 37.13999999999942
117560, 17905.0100,  3, 330.55, 40.109999999996944
117760, 17940.9400,  3, 354.86, 21.25
117762, 17941.1500,  3, 438.17, 21.5099999999984
117767, 17941.6900,  3, 357.44, 22.040000000000873
117795, 17944.6900,  3, 411.77, 25.05999999999767
117795, 17944.6900,  3, 432.43, 25.040000000000873
117799, 17945.1100,  3, 440.90, 25.489999999997963
117804, 17945.6500,  3, 466.09, 26.0099999999984
118028, 17969.6500,  2, 368.38,  50
118200, 18002.5100,  3, 432.33, 18.159999999999854
118252, 18008.0800,  3, 509.67, 23.7400000000016
118269, 18009.9000,  3, 361.27, 25.56000000000131
118273, 18010.3300,  3, 504.22, 25.92000000000189
118277, 18010.7600,  3, 462.62, 26.360000000000582
118286, 18011.7200,  3, 494.51, 27.36999999999898
118314, 18014.7200,  3, 444.43, 30.31000000000131
118314, 18014.7200,  3, 443.01, 30.409999999999854
118439, 18042.5800,  1, 114.22, 13.280000000002474
118439, 18042.5800,  1, -40.06, 13.280000000002474
118484, 18047.4000,  1, 29.16, 18.100000000002183
118536, 18052.9700,  3, 451.52, 23.610000000000582
118539, 18053.2900,  3, 465.60, 23.92000000000189
118559, 18055.4400,  3, 527.69, 26.080000000001746
118576, 18057.2600,  3, 509.04, 27.94000000000233
118582, 18057.9000,  3, 474.10, 28.590000000000146
118706, 18085.7900,  1, 2.02, 13.170000000001892
118706, 18085.7900,  1, 62.13, 13.170000000001892
118709, 18086.1100,  1, 45.27, 13.4900000000016
118709, 18086.1100,  1, 51.13, 13.4900000000016
118774, 18093.0800,  3, 420.61, 20.400000000001455
118809, 18096.8300,  3, 481.21, 24.150000000001455
118866, 18102.9400,  3, 420.66, 30.280000000002474
119050, 18122.6500,  2, 344.60,  50
119174, 18150.5400,  1, 145.36, 13.069999999999709
119174, 18150.5400,  1, 63.06, 13.069999999999709
119259, 18159.6500,  3, 504.58, 22.07999999999811
119272, 18161.0400,  3, 506.95, 23.479999999999563
119272, 18161.0400,  3, 514.57, 23.479999999999563
119305, 18164.5800,  3, 530.81, 27.06999999999971
119320, 18166.1900,  3, 544.58, 28.62999999999738
119329, 18167.1500,  3, 501.58, 29.610000000000582
119537, 18203.8500,  3, 528.29, 22.070000000003347
119545, 18204.7000,  3, 490.17, 22.94000000000233
119552, 18205.4500,  3, 512.94, 23.760000000002037
119561, 18206.4200,  3, 441.77, 24.640000000003056
119565, 18206.8500,  3, 521.81, 25.070000000003347
119583, 18208.7700,  3, 430.12, 27.080000000001746
119588, 18209.3100,  3, 493.79, 27.63000000000102
119596, 18210.1700,  3, 469.27, 28.42000000000189
119797, 18246.0200,  3, 411.69, 21.409999999999854
119802, 18246.5600,  3, 527.57, 21.909999999999854
119804, 18246.7700,  3, 460.04, 22.150000000001455
119834, 18249.9900,  3, 503.06, 25.30000000000291
119865, 18253.3100,  3, 542.07, 28.700000000000728
119915, 18258.6700,  3, 449.51, 33.9800000000032
119926, 18259.8500,  3, 435.97, 35.159999999999854
120010, 18268.8500,  3, 623.90, 44.140000000003056
120133, 18296.5800,  1, 42.56, 13.080000000001746
120133, 18296.5800,  1, 38.53, 13.080000000001746
120224, 18306.3300,  3, 544.71, 22.770000000000437
120232, 18307.1900,  3, 482.18, 23.610000000000582
120234, 18307.4000,  3, 486.29, 23.88000000000102
120259, 18310.0800,  3, 524.36, 26.529999999998836
120326, 18317.2600,  3, 575.07, 33.720000000001164
120351, 18319.9400,  3, 531.03, 36.349999999998545
120480, 18348.9900,  1, 87.19, 13.720000000001164
120480, 18348.9900,  1, 98.69, 13.720000000001164
120525, 18353.8100,  1, 9.36, 18.540000000000873
120525, 18353.8100,  1, 47.28, 18.540000000000873
120545, 18355.9500,  3, 463.58, 20.63000000000102
120547, 18356.1700,  3, 494.98, 20.860000000000582
120553, 18356.8100,  3, 398.75, 21.529999999998836
120595, 18361.3100,  3, 466.15, 25.959999999999127
120776, 18396.0100,  3, 489.11, 19.200000000000728
120834, 18402.2200,  3, 491.54, 25.42000000000189
120834, 18402.2200,  3, 503.86, 25.450000000000728
120841, 18402.9700,  3, 499.16, 26.200000000000728
120847, 18403.6100,  3, 554.93, 26.799999999999272
120875, 18406.6100,  3, 405.11, 29.840000000000146
120894, 18408.6500,  3, 552.72, 31.840000000000146
120898, 18409.0800,  3, 597.92, 32.2400000000016
120983, 18432.6700,  1, -16.81, 9.0099999999984
120983, 18432.6700,  1, -24.28, 9.0099999999984
121007, 18435.2400,  1, 60.28, 11.580000000001746
121007, 18435.2400,  1, 109.30, 11.580000000001746
121088, 18443.9200,  3, 464.67, 20.17000000000189
121121, 18447.4500,  3, 522.78, 23.729999999999563
121144, 18449.9200,  3, 512.67, 26.18000000000029
121149, 18450.4500,  3, 506.29, 26.700000000000728
121256, 18476.5400,  1, 88.37, 11.350000000002183
121256, 18476.5400,  1, 67.79, 11.350000000002183
121374, 18489.1900,  3, 493.21, 23.94000000000233
121376, 18489.4000,  3, 435.64, 24.110000000000582
121381, 18489.9400,  3, 435.07, 24.710000000002765
121390, 18490.9000,  3, 489.16, 25.600000000002183
121411, 18493.1500,  3, 528.30, 27.87000000000262
121417, 18493.7900,  3, 590.72, 28.540000000000873
121511, 18518.5100,  1, 6.71, 9.969999999997526
121518, 18519.2600,  1, 94.40, 10.719999999997526
121518, 18519.2600,  1, 77.22, 10.719999999997526
121640, 18532.3300,  3, 483.72, 23.770000000000437
121648, 18533.1900,  3, 555.56, 24.56999999999971
121663, 18534.7900,  3, 552.00, 26.209999999999127
121695, 18538.2200,  3, 564.55, 29.659999999999854
121724, 18541.3300,  3, 614.40, 32.75
121894, 18573.9700,  1, 166.99, 18.100000000002183
121894, 18573.9700,  1, 213.39, 18.100000000002183
121925, 18577.2900,  3, 527.04, 21.350000000002183
121945, 18579.4400,  3, 475.84, 23.4900000000016
121967, 18581.7900,  3, 629.22, 25.830000000001746
121978, 18582.9700,  3, 485.46, 27.0
121978, 18582.9700,  3, 509.84, 26.9900000000016
122047, 18590.3600,  3, 491.14, 34.38999999999942
122237, 18625.0800,  3, 445.22, 20.18999999999869
122249, 18626.3600,  3, 438.72, 21.450000000000728
122270, 18628.6100,  3, 410.99, 23.75
122272, 18628.8300,  3, 601.90, 23.979999999999563
122303, 18632.1500,  3, 406.99, 27.279999999998836
122321, 18634.0800,  3, 577.20, 29.150000000001455
122357, 18637.9400,  3, 537.87, 33.11000000000058
122438, 18646.6100,  3, 518.05, 41.7400000000016
122637, 18683.3500,  3, 451.22, 21.110000000000582
122659, 18685.7000,  3, 493.58, 23.549999999999272
122668, 18686.6700,  3, 458.95, 24.43999999999869
122676, 18687.5200,  3, 555.70, 25.349999999998545
122684, 18688.3800,  3, 486.58, 26.169999999998254
122719, 18692.1300,  3, 612.08, 29.899999999997817
122723, 18692.5600,  3, 607.13, 30.360000000000582
122729, 18693.2000,  3, 465.31, 31.039999999997235
122847, 18720.4000,  1, 73.93, 12.540000000000873
122847, 18720.4000,  1, 84.22, 12.540000000000873
122849, 18720.6100,  1, 71.90, 12.75
122849, 18720.6100,  1, 76.01, 12.75
122926, 18728.8600,  3, 446.50, 20.989999999997963
122941, 18730.4700,  3, 410.88, 22.5
122988, 18735.5100,  3, 465.13, 27.61999999999898
122994, 18736.1500,  3, 442.26, 28.2599999999984
123091, 18760.9900,  1, 85.06, 10.290000000000873
123091, 18760.9900,  1, 82.63, 10.290000000000873
123180, 18770.5200,  3, 473.89, 19.7599999999984
123193, 18771.9200,  3, 474.57, 21.169999999998254
123195, 18772.1300,  3, 488.92, 21.360000000000582
123210, 18773.7400,  3, 541.86, 23.0
123220, 18774.8100,  3, 485.86, 24.06999999999971
123262, 18779.3100,  3, 528.58, 28.57999999999811
123455, 18814.6000,  3, 417.77, 20.5
123458, 18814.9200,  3, 442.22, 20.88000000000102
123477, 18816.9500,  3, 489.97, 22.840000000000146
123481, 18817.3800,  3, 565.39, 23.2400000000016
123495, 18818.8800,  3, 436.30, 24.840000000000146
123495, 18818.8800,  3, 462.85, 24.7400000000016
123501, 18819.5200,  3, 435.09, 25.450000000000728
123525, 18822.1000,  3, 512.99, 28.040000000000873
123718, 18857.2400,  3, 468.89, 20.5
123721, 18857.5600,  3, 424.27, 20.80000000000291
123726, 18858.1000,  3, 490.26, 21.350000000002183
123739, 18859.4900,  3, 464.83, 22.780000000002474
123759, 18861.6300,  3, 564.01, 24.94000000000233
123764, 18862.1700,  3, 514.56, 25.410000000003492
123767, 18862.4900,  3, 511.63, 25.80000000000291
123859, 18872.3500,  3, 436.95, 35.640000000003056
123926, 18893.9200,  1, -4.23, 7.079999999998108
123926, 18893.9200,  1, -63.23, 7.079999999998108
124041, 18906.2400,  3, 435.94, 19.31000000000131
124047, 18906.8800,  3, 433.29, 20.020000000000437
124106, 18913.2000,  3, 547.93, 26.349999999998545
124107, 18913.3100,  3, 472.34, 26.43000000000029
124121, 18914.8100,  3, 574.17, 27.93000000000029
124176, 18920.7000,  3, 569.07, 33.79999999999927
124289, 18947.2600,  1, -12.01, 12.0
124289, 18947.2600,  1, 84.91, 12.0
124386, 18957.6500,  3, 517.48, 22.330000000001746
124392, 18958.2900,  3, 470.26, 23.0
124401, 18959.2600,  3, 427.46, 23.890000000003056
124422, 18961.5100,  3, 456.15, 26.19000000000233
124433, 18962.6900,  3, 537.88, 27.37000000000262
124455, 18965.0400,  3, 725.43, 29.760000000002037
124538, 18988.5200,  1, 15.73, 8.779999999998836
124626, 18997.9500,  1, 48.21, 18.209999999999127
124626, 18997.9500,  1, 204.49, 18.209999999999127
124645, 18999.9900,  3, 457.18, 20.209999999999127
124659, 19001.4900,  3, 500.58, 21.68999999999869
124668, 19002.4500,  3, 503.53, 22.61999999999898
124714, 19007.3800,  3, 518.76, 27.549999999999272
124759, 19012.2000,  3, 565.62, 32.44999999999709
124880, 19040.4400,  1, 43.41, 12.869999999998981
124880, 19040.4400,  1, 64.03, 12.869999999998981
124888, 19041.2900,  1, 94.38, 13.720000000001164
124888, 19041.2900,  1, -33.44, 13.720000000001164
124952, 19048.1500,  3, 494.29, 20.4900000000016
124958, 19048.7900,  3, 450.58, 21.18999999999869
124960, 19049.0100,  3, 485.93, 21.349999999998545
124971, 19050.1900,  3, 397.94, 22.610000000000582
125179, 19087.2400,  3, 436.74, 22.159999999999854
125189, 19088.3100,  3, 508.44, 23.219999999997526
125197, 19089.1700,  3, 483.18, 24.05999999999767
125203, 19089.8100,  3, 501.23, 24.719999999997526
125227, 19092.3800,  3, 509.08, 27.229999999999563
125254, 19095.2700,  3, 572.31, 30.139999999999418
125258, 19095.7000,  3, 482.73, 30.61999999999898
125263, 19096.2400,  3, 585.54, 31.139999999999418
125351, 19121.1300,  1, 65.82, 9.330000000001746
125435, 19130.1300,  1, 34.52, 18.330000000001746
125481, 19135.0600,  3, 494.95, 23.229999999999563
125496, 19136.6700,  3, 431.98, 24.799999999999272
125506, 19137.7400,  3, 582.33, 25.889999999999418
125521, 19139.3500,  3, 435.56, 27.450000000000728
125521, 19139.3500,  3, 465.20, 27.44000000000233
125551, 19142.5600,  3, 572.77, 30.650000000001455
125774, 19180.7600,  3, 490.56, 23.75
125774, 19180.7600,  3, 511.58, 23.7599999999984
125776, 19180.9700,  3, 449.30, 23.969999999997526
125789, 19182.3600,  3, 403.74, 25.340000000000146
125794, 19182.9000,  3, 412.84, 25.889999999999418
125797, 19183.2200,  3, 453.42, 26.209999999999127
125799, 19183.4400,  3, 444.99, 26.360000000000582
125802, 19183.7600,  3, 446.27, 26.719999999997526
125891, 19207.6900,  1, 8.42, 9.430000000000291
125943, 19213.2600,  1, 61.78, 15.0
126003, 19219.6900,  3, 461.77, 21.42000000000189
126020, 19221.5100,  3, 436.11, 23.19000000000233
126050, 19224.7200,  3, 609.29, 26.44000000000233
126056, 19225.3600,  3, 551.63, 27.020000000000437
126072, 19227.0800,  3, 494.02, 28.720000000001164
126113, 19231.4700,  3, 593.96, 33.12000000000262
126199, 19254.9700,  1, 24.41, 9.110000000000582
126220, 19257.2200,  1, 117.02, 11.360000000000582
126220, 19257.2200,  1, 28.18, 11.360000000000582
126312, 19267.0800,  3, 468.91, 21.18999999999869
126319, 19267.8300,  3, 393.52, 21.899999999997817
126321, 19268.0400,  3, 473.15, 22.159999999999854
126332, 19269.2200,  3, 566.19, 23.290000000000873
126377, 19274.0400,  3, 444.57, 28.099999999998545
126565, 19308.7200,  3, 449.69, 19.950000000000728
126567, 19308.9400,  3, 445.35, 20.18999999999869
126592, 19311.6100,  3, 497.59, 22.889999999999418
126593, 19311.7200,  3, 427.24, 22.989999999997963
126604, 19312.9000,  3, 447.81, 24.18999999999869
126613, 19313.8600,  3, 564.85, 25.159999999999854
126633, 19316.0100,  3, 503.61, 27.229999999999563
126646, 19317.4000,  3, 590.38, 28.63000000000102
126669, 19334.4200,  1, -165.18, 2.359999999996944
126746, 19342.6700,  1, 22.90, 10.609999999996944
126746, 19342.6700,  1, 4.74, 10.609999999996944
126747, 19342.7700,  1, 97.95, 10.709999999999127
126754, 19343.5200,  1, 17.24, 11.459999999999127
126754, 19343.5200,  1, 119.16, 11.459999999999127
126765, 19344.7000,  1, 23.12, 12.639999999999418
126979, 19367.6300,  3, 681.56, 35.48999999999796
127083, 19393.4900,  1, 33.66, 11.040000000000873
127083, 19393.4900,  1, 90.03, 11.040000000000873
127093, 19394.5600,  1, 12.07, 12.110000000000582
127179, 19403.7700,  3, 489.96, 21.239999999997963
127180, 19403.8800,  3, 433.45, 21.399999999997817
127195, 19405.4900,  3, 407.97, 23.0099999999984
127217, 19407.8500,  3, 467.16, 25.389999999999418
127447, 19432.4900,  2, 89.20,  50
127506, 19453.2900,  1, -170.77, 6.110000000000582
127578, 19461.0100,  1, 33.87, 13.829999999998108
127640, 19467.6500,  3, 430.82, 20.38000000000102
127640, 19467.6500,  1, 92.25, 20.470000000001164
127648, 19468.5100,  3, 449.59, 21.31000000000131
127662, 19470.0100,  3, 505.28, 22.81999999999971
127669, 19470.7600,  3, 460.78, 23.529999999998836
127708, 19474.9400,  3, 527.27, 27.739999999997963
127908, 19510.7700,  3, 491.89, 21.239999999997963
127909, 19510.8800,  3, 433.32, 21.360000000000582
127923, 19512.3800,  3, 445.05, 22.86999999999898
127926, 19512.7000,  3, 488.74, 23.149999999997817
127927, 19512.8100,  3, 514.08, 23.30999999999767
127944, 19514.6300,  3, 501.30, 25.110000000000582
128024, 19523.2000,  3, 586.03, 33.719999999997526
128041, 19525.0200,  3, 557.09, 35.5
128177, 19554.1700,  1, -30.23, 14.469999999997526
128232, 19560.0600,  3, 383.61, 20.270000000000437
128256, 19562.6300,  3, 504.21, 22.82999999999811
128264, 19563.4900,  3, 459.34, 23.68999999999869
128265, 19563.6000,  3, 364.47, 23.790000000000873
128274, 19564.5600,  3, 471.05, 24.7599999999984
128344, 19572.0600,  3, 518.17, 32.279999999998836
128509, 19589.7400,  2, 39.95,  50
128627, 19616.9400,  1, 76.03, 12.430000000000291
128627, 19616.9400,  1, 50.71, 12.430000000000291
128644, 19618.7600,  1, -94.88, 14.25
128693, 19624.0100,  3, 450.96, 19.390000000003056
128700, 19624.7600,  3, 455.25, 20.17000000000189
128710, 19625.8300,  3, 445.59, 21.2300000000032
128726, 19627.5400,  3, 561.02, 23.010000000002037
128778, 19633.1100,  3, 401.02, 28.510000000002037
128847, 19655.9000,  1, -7.91, 7.290000000000873
128847, 19655.9000,  1, 13.98, 7.290000000000873
128880, 19659.4400,  1, 10.73, 10.829999999998108
128952, 19667.1500,  1, 100.94, 18.540000000000873
128982, 19670.3600,  3, 450.87, 21.700000000000728
128987, 19670.9000,  3, 464.66, 22.18999999999869
128993, 19671.5400,  3, 481.33, 22.88000000000102
129092, 19682.1500,  3, 398.91, 33.47999999999956
129273, 19716.0200,  3, 455.06, 19.19999999999709
129286, 19717.4200,  1, 184.62, 20.679999999996653
129286, 19717.4200,  1, 186.03, 20.679999999996653
129326, 19721.7000,  3, 519.94, 24.919999999998254
129328, 19721.9200,  3, 591.98, 25.099999999998545
129343, 19723.5200,  3, 515.21, 26.679999999996653
129411, 19730.8100,  3, 615.70, 34.04999999999927
129426, 19732.4200,  3, 624.67, 35.599999999998545
129467, 19751.2700,  1, -173.72, 4.279999999998836
129525, 19757.4900,  1, 19.84, 10.5
129612, 19766.8100,  3, 413.32, 19.80999999999767
129621, 19767.7700,  3, 444.36, 20.679999999996653
129632, 19768.9500,  3, 469.70, 21.86999999999898
129640, 19769.8100,  1, 155.48, 22.81999999999971
129665, 19772.4900,  3, 470.56, 25.389999999999418
129686, 19774.7400,  3, 440.74, 27.739999999997963
129868, 19808.5600,  3, 440.32, 19.360000000000582
129874, 19809.2000,  3, 444.83, 19.9900000000016
129889, 19810.8100,  3, 517.77, 21.570000000003347
129907, 19812.7400,  3, 424.88, 23.520000000000437
129918, 19813.9200,  3, 485.47, 24.720000000001164
129945, 19816.8100,  3, 668.45, 27.55000000000291
129981, 19820.6700,  3, 616.64, 31.400000000001455
129981, 19820.6700,  3, 470.52, 31.4800000000032
130010, 19838.2700,  1, -155.51, 3.0
130059, 19843.5200,  1, 16.76, 8.25
130059, 19843.5200,  1, 13.88, 8.25
130113, 19849.3100,  1, 140.19, 14.040000000000873
130177, 19856.1700,  3, 408.72, 20.88000000000102
130188, 19857.3500,  3, 430.68, 21.979999999999563
130279, 19867.1000,  3, 556.30, 31.790000000000873
130282, 19867.4200,  3, 471.62, 32.11999999999898
130368, 19891.2000,  1, 32.25, 9.100000000002183
130368, 19891.2000,  1, -27.86, 9.100000000002183
130384, 19892.9200,  1, 93.87, 10.819999999999709
130414, 19896.1300,  1, 89.08, 14.030000000002474
130480, 19903.2000,  3, 504.15, 21.010000000002037
130487, 19903.9500,  3, 458.81, 21.840000000000146
130552, 19910.9200,  3, 492.83, 28.780000000002474
130613, 19917.4500,  3, 574.16, 35.27000000000044
130805, 19952.7200,  3, 418.03, 20.43000000000029
130818, 19954.1100,  3, 398.99, 21.81000000000131
130826, 19954.9700,  3, 497.73, 22.63000000000102
130827, 19955.0800,  3, 402.54, 22.790000000000873
130851, 19957.6500,  3, 393.91, 25.360000000000582
130872, 19959.9000,  3, 461.96, 27.62000000000262
130932, 19966.3300,  1, 302.17, 34.07000000000335
130953, 19968.5800,  1, 152.47, 36.32000000000335
131161, 20005.2600,  3, 457.69, 22.0099999999984
131190, 20008.3600,  3, 462.08, 25.07999999999811
131196, 20009.0100,  3, 460.47, 25.799999999999272
131221, 20011.6900,  3, 646.22, 28.450000000000728
131240, 20013.7200,  3, 473.24, 30.479999999999563
131253, 20015.1100,  3, 479.58, 31.840000000000146
131255, 20015.3300,  3, 501.44, 32.04000000000087
131260, 20015.8600,  3, 409.93, 32.590000000000146
131434, 20049.0800,  3, 437.97, 18.520000000000437
131460, 20051.8600,  3, 490.99, 21.280000000002474
131472, 20053.1500,  3, 479.63, 22.5
131475, 20053.4700,  3, 416.78, 22.850000000002183
131503, 20056.4700,  3, 500.37, 25.850000000002183
131503, 20056.4700,  3, 451.40, 25.88000000000102
131529, 20059.2600,  3, 589.54, 28.600000000002183
131728, 20080.5800,  2, 366.17,  50
131851, 20108.1000,  1, 100.64, 12.959999999999127
131920, 20115.4900,  3, 485.07, 20.25
131944, 20118.0600,  3, 436.84, 22.889999999999418
131958, 20119.5600,  3, 379.46, 24.340000000000146
131981, 20122.0200,  3, 409.45, 26.840000000000146
132024, 20126.6300,  3, 438.86, 31.409999999999854
132041, 20128.4500,  3, 548.92, 33.29000000000087
132048, 20129.2000,  3, 501.65, 34.02000000000044
132170, 20156.7700,  1, -40.81, 12.959999999999127
132244, 20164.7000,  3, 446.23, 20.859999999996944
132250, 20165.3500,  3, 469.07, 21.44999999999709
132274, 20167.9200,  3, 488.19, 24.0
132323, 20173.1700,  3, 472.53, 29.349999999998545
132340, 20174.9900,  3, 538.23, 31.07999999999811
132344, 20175.4200,  3, 569.94, 31.590000000000146
132502, 20192.3500,  3, 449.80, 48.47999999999956
132572, 20214.2900,  1, -3.27, 7.389999999999418
132572, 20214.2900,  1, 9.03, 7.389999999999418
132621, 20219.5400,  1, 64.63, 12.639999999999418
132621, 20219.5400,  1, 58.26, 12.639999999999418
132666, 20224.3600,  1, 51.30, 17.459999999999127
132754, 20233.7900,  3, 441.58, 26.840000000000146
132760, 20234.4400,  3, 493.47, 27.5199999999968
132765, 20234.9700,  3, 493.18, 27.989999999997963
132973, 20271.5400,  3, 446.97, 22.13000000000102
132987, 20273.0400,  3, 498.55, 23.669999999998254
133010, 20275.5100,  3, 442.92, 26.110000000000582
133018, 20276.3600,  3, 426.15, 26.959999999999127
133048, 20279.5800,  3, 511.69, 30.11999999999898
133206, 20296.5100,  3, 286.83, 47.099999999998545
133233, 20299.4000,  2, 328.66,  50
133233, 20299.4000,  2, 85.98,  50
133332, 20324.4200,  1, 18.39, 10.389999999999418
133355, 20326.8800,  1, -56.81, 12.850000000002183
133398, 20331.4900,  3, 401.56, 17.450000000000728
133439, 20335.8800,  3, 477.41, 21.780000000002474
133451, 20337.1700,  3, 503.94, 23.040000000000873
133463, 20338.4500,  3, 497.35, 24.389999999999418
133493, 20341.6700,  3, 411.23, 27.600000000002183
133507, 20343.1700,  3, 396.79, 29.12000000000262
133626, 20370.2600,  1, -28.82, 12.649999999997817
133703, 20378.5100,  3, 437.46, 20.790000000000873
133716, 20379.9000,  3, 526.31, 22.229999999999563
133722, 20380.5400,  3, 382.11, 22.899999999997817
133757, 20384.2900,  3, 459.99, 26.649999999997817
133776, 20386.3300,  3, 556.17, 28.659999999999854
133783, 20387.0800,  3, 639.31, 29.43999999999869
133801, 20389.0100,  3, 465.09, 31.299999999999272
133881, 20412.1700,  1, 38.78, 8.459999999999127
133881, 20412.1700,  1, 36.38, 8.459999999999127
133900, 20414.2000,  1, -31.43, 10.4900000000016
133900, 20414.2000,  1, 85.59, 10.4900000000016
133934, 20417.8500,  1, 144.46, 14.139999999999418
134028, 20427.9200,  3, 482.05, 24.200000000000728
134069, 20432.3100,  3, 458.03, 28.4900000000016
134082, 20433.7000,  3, 556.51, 29.889999999999418
134213, 20462.1500,  1, 38.01, 13.920000000001892
134229, 20463.8600,  1, 85.72, 15.630000000001019
134288, 20470.1900,  3, 399.39, 21.93000000000029
134293, 20470.7200,  3, 380.92, 22.450000000000728
134320, 20473.6100,  3, 411.71, 25.340000000000146
134353, 20477.1500,  3, 470.14, 28.850000000002183
134409, 20483.1500,  3, 365.13, 34.88999999999942
134468, 20489.4700,  3, 445.00, 41.20999999999913
134661, 20524.4400,  3, 441.81, 20.5
134694, 20527.9700,  3, 362.84, 24.0
134703, 20528.9400,  3, 472.67, 25.030000000002474
134713, 20530.0100,  3, 425.30, 26.030000000002474
134720, 20530.7600,  3, 515.12, 26.87000000000262
134740, 20532.9000,  3, 493.25, 28.9900000000016
134753, 20534.2900,  3, 430.81, 30.360000000000582
134783, 20537.5100,  3, 555.42, 33.530000000002474
134963, 20571.1900,  3, 400.23, 19.080000000001746
134992, 20574.2900,  3, 500.70, 22.2400000000016
134999, 20575.0400,  3, 482.95, 23.0
135000, 20575.1500,  3, 466.35, 23.099999999998545
135007, 20575.9000,  3, 410.67, 23.799999999999272
135025, 20577.8300,  3, 565.10, 25.799999999999272
135086, 20584.3600,  3, 427.26, 32.349999999998545
135251, 20602.0400,  2, 67.56,  50
135365, 20628.6300,  1, 28.85, 12.0
135392, 20631.5200,  1, 74.61, 14.889999999999418
135462, 20639.0200,  3, 446.23, 22.360000000000582
135475, 20640.4200,  3, 427.55, 23.779999999998836
135482, 20641.1700,  3, 432.64, 24.43999999999869
135523, 20645.5600,  3, 547.11, 28.909999999999854
135541, 20647.4900,  3, 485.58, 30.80999999999767
135564, 20649.9500,  3, 456.77, 33.30999999999767
135660, 20674.6900,  1, 94.32, 10.180000000000291
135660, 20674.6900,  1, 25.91, 10.180000000000291
135665, 20675.2200,  1, 77.41, 10.710000000002765
135665, 20675.2200,  1, -16.12, 10.710000000002765
135682, 20677.0400,  1, 73.67, 12.530000000002474
135787, 20688.2900,  3, 474.20, 23.75
135845, 20694.5100,  3, 507.56, 29.9800000000032
136032, 20714.5400,  2, 64.57,  50
136229, 20750.2200,  3, 469.09, 20.799999999999272
136245, 20751.9400,  3, 386.52, 22.520000000000437
136257, 20753.2200,  1, -16.94, 23.900000000001455
136257, 20753.2200,  1, 118.12, 23.900000000001455
136307, 20758.5800,  3, 457.53, 29.2400000000016
136312, 20759.1100,  3, 403.34, 29.68999999999869
136357, 20763.9400,  3, 482.72, 34.599999999998545
136380, 20766.4000,  3, 561.40, 37.06999999999971
136415, 20784.6300,  1, -187.36, 3.639999999999418
136494, 20793.1000,  1, -17.47, 12.109999999996944
136591, 20803.4900,  3, 438.64, 22.389999999999418
136613, 20805.8500,  3, 436.88, 24.75
136620, 20806.6000,  3, 446.33, 25.5099999999984
136633, 20807.9900,  3, 502.21, 26.909999999999854
136636, 20808.3100,  3, 487.88, 27.219999999997526
136662, 20811.1000,  3, 463.29, 30.090000000000146
136852, 20845.8800,  3, 449.61, 20.159999999999854
136864, 20847.1700,  3, 505.21, 21.479999999999563
136875, 20848.3500,  3, 527.23, 22.68000000000029
136877, 20848.5600,  3, 466.85, 22.830000000001746
136883, 20849.2000,  3, 399.83, 23.4900000000016
136920, 20853.1700,  3, 493.30, 27.44000000000233
136936, 20854.8800,  3, 563.99, 29.150000000001455
136968, 20858.3100,  1, 299.09, 32.67000000000189
137067, 20883.5100,  1, 31.52, 10.389999999999418
137067, 20883.5100,  1, 44.52, 10.389999999999418
137092, 20886.1900,  1, 44.49, 13.069999999999709
137092, 20886.1900,  1, 21.86, 13.069999999999709
137120, 20889.1900,  1, 131.51, 16.06999999999971
137174, 20894.9700,  3, 520.75, 21.830000000001746
137226, 20900.5400,  3, 549.26, 27.389999999999418
137244, 20902.4700,  3, 530.88, 29.340000000000146
137351, 20928.1300,  1, 114.61, 11.360000000000582
137351, 20928.1300,  1, 49.81, 11.360000000000582
137375, 20930.7000,  1, 94.83, 13.930000000000291
137375, 20930.7000,  1, 5.55, 13.930000000000291
137440, 20937.6700,  3, 523.37, 20.840000000000146
137460, 20939.8100,  3, 458.84, 22.989999999997963
137482, 20942.1700,  3, 421.10, 25.290000000000873
137570, 20951.6000,  3, 632.66, 34.779999999998836
137656, 20975.3600,  1, 56.60, 9.110000000000582
137656, 20975.3600,  1, 67.28, 9.110000000000582
137718, 20982.0100,  1, 48.94, 15.7599999999984
137718, 20982.0100,  1, 159.50, 15.7599999999984
137751, 20985.5400,  3, 498.54, 19.279999999998836
137770, 20987.5800,  3, 468.49, 21.2400000000016
137773, 20987.9000,  3, 440.64, 21.549999999999272
137840, 20995.0800,  3, 451.29, 28.770000000000437
137902, 21016.8100,  1, -41.93, 6.540000000000873
137902, 21016.8100,  1, 2.98, 6.540000000000873
137940, 21020.8800,  1, -49.12, 10.610000000000582
137943, 21021.2000,  1, 70.70, 10.930000000000291
137943, 21021.2000,  1, 96.89, 10.930000000000291
138071, 21034.9200,  3, 463.40, 24.56000000000131
138104, 21038.4500,  3, 562.71, 28.149999999997817
138165, 21044.9900,  3, 351.10, 34.64999999999782
138229, 21066.5600,  1, -85.39, 6.75
138289, 21072.9900,  1, 115.48, 13.180000000000291
138289, 21072.9900,  1, 142.93, 13.180000000000291
138300, 21074.1700,  1, 101.25, 14.359999999996944
138337, 21078.1300,  3, 464.02, 18.270000000000437
138367, 21081.3500,  3, 522.11, 21.520000000000437
138421, 21087.1300,  3, 429.45, 27.279999999998836
138479, 21093.3500,  3, 501.13, 33.47999999999956
138503, 21110.3300,  1, -175.22, 2.460000000002765
138598, 21120.5100,  1, 18.32, 12.639999999999418
138598, 21120.5100,  1, 56.19, 12.639999999999418
138689, 21130.2600,  3, 550.98, 22.330000000001746
138699, 21131.3300,  3, 455.32, 23.450000000000728
138699, 21131.3300,  3, 507.04, 23.360000000000582
138736, 21135.2900,  3, 536.68, 27.360000000000582
138947, 21157.9000,  2, 161.88,  50
139033, 21182.4900,  1, 16.51, 9.0
139033, 21182.4900,  1, -40.28, 9.0
139141, 21194.0600,  3, 457.43, 20.5199999999968
139142, 21194.1700,  3, 373.15, 20.649999999997817
139151, 21195.1300,  3, 546.79, 21.609999999996944
139152, 21195.2400,  3, 479.15, 21.68999999999869
139158, 21195.8800,  3, 412.47, 22.289999999997235
139169, 21197.0600,  1, 75.72, 23.56999999999971
139275, 21223.7400,  1, -32.30, 11.150000000001455
139275, 21223.7400,  1, 60.39, 11.150000000001455
139354, 21232.2000,  3, 491.61, 19.590000000000146
139369, 21233.8100,  3, 491.91, 21.110000000000582
139389, 21235.9500,  3, 496.79, 23.32999999999811
139389, 21235.9500,  3, 487.54, 23.31999999999971
139417, 21238.9500,  3, 496.74, 26.32999999999811
139467, 21244.3100,  3, 631.20, 31.61999999999898
139601, 21274.0100,  1, 40.96, 14.2599999999984
139601, 21274.0100,  1, 29.71, 14.2599999999984
139663, 21280.6500,  3, 511.17, 20.849999999998545
139676, 21282.0400,  3, 413.97, 22.270000000000437
139680, 21282.4700,  3, 527.81, 22.669999999998254
139686, 21283.1100,  3, 506.28, 23.31999999999971
139720, 21286.7600,  3, 512.60, 26.950000000000728
139748, 21289.7600,  3, 588.74, 29.950000000000728
139862, 21316.3800,  1, 3.94, 12.100000000002183
139862, 21316.3800,  1, 56.16, 12.100000000002183
139931, 21323.7700,  3, 424.52, 19.409999999999854
139939, 21324.6300,  3, 424.75, 20.2400000000016
139992, 21330.3100,  3, 594.42, 25.9900000000016
140014, 21332.6700,  3, 476.02, 28.290000000000873
140017, 21332.9900,  3, 471.53, 28.610000000000582
140200, 21352.6000,  1, 5.33, 48.31999999999971
140310, 21378.7900,  1, 75.68, 11.56000000000131
140310, 21378.7900,  1, 89.67, 11.56000000000131
140383, 21386.6100,  3, 421.84, 19.340000000000146
140433, 21391.9700,  3, 513.85, 24.659999999999854
140435, 21392.1900,  3, 514.03, 24.93000000000029
140448, 21393.5800,  3, 488.10, 26.330000000001746
140448, 21393.5800,  3, 490.79, 26.340000000000146
140469, 21395.8300,  3, 625.09, 28.520000000000437
140632, 21428.7200,  1, -1.11, 17.360000000000582
140632, 21428.7200,  1, 77.02, 17.360000000000582
140637, 21429.2600,  3, 455.37, 17.82999999999811
140664, 21432.1500,  3, 482.25, 20.779999999998836
140669, 21432.6900,  3, 445.46, 21.299999999999272
140700, 21436.0100,  3, 487.09, 24.549999999999272
140707, 21436.7600,  3, 463.54, 25.299999999999272
140734, 21439.6500,  3, 519.89, 28.220000000001164
140958, 21478.1500,  3, 528.11, 23.81000000000131
140959, 21478.2600,  3, 501.15, 23.93000000000029
140962, 21478.5800,  3, 476.89, 24.299999999999272
140971, 21479.5400,  3, 493.00, 25.18999999999869
140978, 21480.2900,  3, 524.60, 26.0099999999984
140985, 21481.0400,  3, 530.05, 26.709999999999127
141009, 21483.6100,  3, 523.60, 29.340000000000146
141091, 21492.4000,  3, 572.10, 38.04999999999927
141271, 21526.2600,  1, 115.89, 19.18999999999869
141299, 21529.2600,  3, 484.24, 22.159999999999854
141312, 21530.6500,  3, 470.99, 23.479999999999563
141321, 21531.6100,  3, 549.90, 24.529999999998836
141338, 21533.4400,  3, 426.94, 26.349999999998545
141351, 21534.8300,  1, 332.99, 27.760000000002037
141353, 21535.0400,  3, 451.91, 27.86999999999898
141404, 21540.5100,  1, 120.13, 33.43999999999869
141598, 21575.8500,  3, 424.37, 20.5
141604, 21576.4900,  3, 494.08, 21.12000000000262
141617, 21577.8800,  3, 511.21, 22.590000000000146
141628, 21579.0600,  3, 528.34, 23.75
141647, 21581.1000,  3, 516.35, 25.80000000000291
141655, 21581.9500,  3, 524.78, 26.63000000000102
141678, 21584.4200,  3, 502.59, 29.030000000002474
141728, 21589.7700,  3, 465.39, 34.44000000000233
141911, 21623.4700,  3, 443.08, 19.399999999997817
141912, 21623.5800,  3, 441.62, 19.57999999999811
141950, 21627.6500,  3, 447.59, 23.610000000000582
141990, 21631.9400,  3, 420.60, 27.909999999999854
142016, 21634.7200,  3, 568.58, 30.669999999998254
142034, 21636.6500,  3, 462.22, 32.62999999999738
142089, 21642.5400,  3, 417.13, 38.47999999999956
142196, 21654.0100,  2, 432.19,  50
142395, 21689.7600,  3, 459.23, 21.099999999998545
142400, 21690.2900,  3, 457.74, 21.599999999998545
142451, 21695.7600,  3, 536.76, 27.06999999999971
142474, 21698.2200,  3, 561.88, 29.5
142482, 21699.0800,  3, 684.93, 30.409999999999854
142493, 21700.2600,  3, 493.23, 31.599999999998545
142504, 21701.4400,  3, 560.27, 32.72999999999956
142665, 21718.6900,  2, 74.82,  50
142857, 21753.8300,  3, 494.68, 20.2599999999984
142872, 21755.4400,  3, 490.88, 21.94999999999709
142887, 21757.0400,  3, 571.71, 23.529999999998836
142896, 21758.0100,  3, 512.88, 24.5099999999984
142899, 21758.3300,  3, 533.98, 24.75
142929, 21761.5400,  3, 552.95, 28.0099999999984
142945, 21763.2600,  3, 519.78, 29.7599999999984
143043, 21773.7600,  3, 619.23, 40.20999999999913
143154, 21799.9500,  1, 87.82, 11.780000000002474
143154, 21799.9500,  1, 128.55, 11.780000000002474
143168, 21801.4500,  1, 127.09, 13.280000000002474
143168, 21801.4500,  1, 94.61, 13.280000000002474
143256, 21810.8800,  3, 528.35, 22.63000000000102
143286, 21814.1000,  3, 582.41, 25.92000000000189
143404, 21826.7400,  1, -41.99, 38.57000000000335
143511, 21838.2000,  2, 508.65,  50
143722, 21875.2000,  3, 518.97, 22.32999999999811
143732, 21876.2700,  3, 529.61, 23.37999999999738
143746, 21877.7700,  3, 479.52, 24.899999999997817
143753, 21878.5200,  3, 474.70, 25.61999999999898
143760, 21879.2700,  3, 566.20, 26.409999999999854
143770, 21880.3500,  3, 504.71, 27.43000000000029
143770, 21880.3500,  3, 441.66, 27.44999999999709
143807, 21884.3100,  3, 379.88, 31.44999999999709
143932, 21912.0800,  1, 100.29, 13.280000000002474
143932, 21912.0800,  1, 108.85, 13.280000000002474
143995, 21918.8300,  3, 492.20, 19.93000000000029
144005, 21919.9000,  3, 505.01, 21.090000000000146
144008, 21920.2200,  3, 414.57, 21.409999999999854
144036, 21923.2200,  3, 514.01, 24.389999999999418
144046, 21924.2900,  3, 621.36, 25.42000000000189
144083, 21928.2600,  3, 543.39, 29.36999999999898
144284, 21964.3100,  3, 463.26, 21.389999999999418
144286, 21964.5200,  3, 501.42, 21.540000000000873
144291, 21965.0600,  3, 541.33, 22.100000000002183
144293, 21965.2700,  3, 489.52, 22.299999999999272
144303, 21966.3500,  3, 494.49, 23.389999999999418
144307, 21966.7700,  3, 463.52, 23.81999999999971
144480, 21985.3100,  1, 78.02, 42.42000000000189
144551, 21992.9200,  2, 152.61,  50
144732, 22026.8800,  3, 484.16, 19.100000000002183
144759, 22029.7700,  3, 457.06, 22.0
144773, 22031.2700,  3, 489.42, 23.530000000002474
144812, 22035.4500,  3, 570.55, 27.69000000000233
144819, 22036.2000,  3, 507.47, 28.470000000001164
144843, 22038.7700,  3, 516.08, 31.020000000000437
144896, 22044.4500,  3, 522.90, 36.70999999999913
145010, 22056.6700,  3, 421.70, 48.88999999999942
145075, 22079.0800,  1, -37.48, 6.850000000002183
145075, 22079.0800,  1, -69.10, 6.850000000002183
145216, 22094.1900,  3, 476.12, 21.860000000000582
145224, 22095.0400,  3, 501.04, 22.7400000000016
145260, 22098.9000,  3, 439.16, 26.61999999999898
145317, 22105.0100,  3, 523.26, 32.72999999999956
145381, 22111.8600,  1, 177.03, 39.63000000000102
145388, 22112.6100,  3, 469.03, 40.31000000000131
145474, 22136.2900,  1, 62.55, 9.100000000002183
145474, 22136.2900,  1, 31.04, 9.100000000002183
145589, 22148.6100,  3, 468.94, 21.400000000001455
145612, 22151.0800,  3, 479.22, 23.860000000000582
145633, 22153.3300,  3, 375.21, 26.100000000002183
145642, 22154.2900,  3, 422.10, 27.0
145643, 22154.4000,  3, 449.72, 27.159999999999854
145728, 22163.5100,  3, 564.32, 36.30000000000291
145946, 22202.0800,  3, 494.43, 23.159999999999854
145973, 22204.9700,  3, 380.62, 26.11999999999898
145992, 22207.0100,  3, 518.17, 28.12999999999738
145992, 22207.0100,  3, 515.40, 28.159999999999854
145993, 22207.1100,  3, 475.09, 28.219999999997526
146012, 22209.1500,  3, 502.35, 30.229999999999563
146047, 22212.9000,  3, 545.82, 34.029999999998836
146091, 22217.6100,  3, 412.62, 38.70999999999913
146223, 22246.3100,  1, 92.03, 14.040000000000873
146264, 22250.7000,  1, 27.15, 18.43000000000029
146322, 22256.9200,  3, 496.44, 24.610000000000582
146322, 22256.9200,  3, 476.46, 24.610000000000582
146330, 22257.7700,  3, 485.24, 25.43999999999869
146342, 22259.0600,  3, 444.93, 26.700000000000728
146367, 22261.7400,  3, 592.68, 29.450000000000728
146559, 22282.3100,  2, 385.34,  50
146741, 22316.3800,  1, 39.63, 19.280000000002474
146741, 22316.3800,  1, 108.95, 19.280000000002474
146751, 22317.4500,  3, 457.62, 20.290000000000873
146770, 22319.4900,  3, 435.02, 22.30000000000291
146779, 22320.4500,  1, 89.49, 23.350000000002183
146823, 22325.1700,  3, 499.99, 28.0
146880, 22331.2700,  3, 463.84, 34.11000000000058
146910, 22334.4900,  3, 577.87, 37.38000000000102
147058, 22365.0100,  1, 123.20, 15.75
147058, 22365.0100,  1, 36.74, 15.75
147124, 22372.0800,  3, 490.68, 22.75
147126, 22372.2900,  3, 544.43, 22.950000000000728
147134, 22373.1500,  3, 413.47, 23.80000000000291
147138, 22373.5800,  3, 500.59, 24.2300000000032
147171, 22377.1100,  3, 481.53, 27.81000000000131
147192, 22379.3600,  3, 405.83, 30.070000000003347
147311, 22406.5100,  1, 58.62, 12.649999999997817
147349, 22410.5800,  1, 20.16, 16.720000000001164
147385, 22414.4400,  3, 455.98, 20.489999999997963
147389, 22414.8600,  3, 513.01, 20.950000000000728
147400, 22416.0400,  3, 508.94, 22.13000000000102
147427, 22418.9400,  3, 497.42, 24.989999999997963
147430, 22419.2600,  3, 454.81, 25.36999999999898
147659, 22443.7900,  1, 158.97, 49.93000000000029
147770, 22470.2200,  1, -37.95, 11.790000000000873
147770, 22470.2200,  1, -56.79, 11.790000000000873
147859, 22479.7600,  3, 496.56, 21.299999999999272
147860, 22479.8600,  3, 513.87, 21.349999999998545
147864, 22480.2900,  3, 431.38, 21.81999999999971
147914, 22485.6500,  3, 462.18, 27.159999999999854
147927, 22487.0400,  3, 530.29, 28.520000000000437
147953, 22489.8300,  3, 564.52, 31.38000000000102
148048, 22514.5200,  1, 27.74, 10.069999999999709
148048, 22514.5200,  1, 27.93, 10.069999999999709
148172, 22527.8100,  3, 512.78, 23.2599999999984
148187, 22529.4200,  3, 502.07, 24.93999999999869
148226, 22533.6000,  3, 469.92, 29.07999999999811
148243, 22535.4200,  3, 552.75, 30.93000000000029
148256, 22536.8100,  3, 553.98, 32.32999999999811
148420, 22554.3800,  3, 690.10, 49.88999999999942
148645, 22593.1300,  3, 483.81, 23.950000000000728
148647, 22593.3500,  3, 437.18, 24.149999999997817
148656, 22594.3100,  3, 394.30, 25.139999999999418
148658, 22594.5200,  3, 477.22, 25.31999999999971
148671, 22595.9200,  3, 478.86, 26.700000000000728
148688, 22597.7400,  3, 422.49, 28.55999999999767
148735, 22602.7700,  3, 463.88, 33.55999999999767
148741, 22603.4200,  3, 486.58, 34.18000000000029
148832, 22627.6100,  1, 44.06, 9.630000000001019
148832, 22627.6100,  1, 55.60, 9.630000000001019
148848, 22629.3300,  1, 96.36, 11.350000000002183
148885, 22633.2900,  1, 174.19, 15.31000000000131
148885, 22633.2900,  1, 118.96, 15.31000000000131
148958, 22641.1100,  3, 519.55, 23.040000000000873
148982, 22643.6900,  3, 509.05, 25.600000000002183
149065, 22652.5800,  3, 483.39, 34.56999999999971
149265, 22688.3800,  3, 475.52, 21.299999999999272
149281, 22690.1000,  3, 519.49, 22.94999999999709
149295, 22691.6000,  3, 584.04, 24.43000000000029
149311, 22693.3100,  1, 117.22, 26.25
149330, 22695.3500,  3, 459.49, 28.219999999997526
149338, 22696.2000,  3, 466.65, 29.049999999999272
149353, 22697.8100,  3, 394.94, 30.69999999999709
149364, 22698.9900,  3, 626.76, 31.909999999999854
149465, 22724.3800,  1, 39.60, 10.710000000002765
149465, 22724.3800,  1, 50.76, 10.710000000002765
149563, 22734.8800,  3, 436.83, 21.110000000000582
149567, 22735.3100,  3, 506.92, 21.610000000000582
149594, 22738.2000,  3, 524.42, 24.460000000002765
149622, 22741.2000,  1, 293.93, 27.530000000002474
149674, 22746.7700,  1, 47.12, 33.10000000000218
149693, 22748.8100,  1, 73.21, 35.140000000003056
149818, 22776.6900,  1, -8.31, 13.18999999999869
149916, 22787.1900,  3, 526.93, 23.590000000000146
149932, 22788.9000,  3, 466.56, 25.330000000001746
149936, 22789.3300,  3, 493.98, 25.729999999999563
149940, 22789.7600,  3, 567.93, 26.25
149945, 22790.2900,  3, 540.84, 26.770000000000437
150002, 22796.4000,  3, 649.09, 32.81999999999971
150017, 22798.0100,  3, 527.73, 34.45999999999913
150139, 22825.5600,  1, 129.24, 12.960000000002765
150139, 22825.5600,  1, 39.57, 12.960000000002765
150220, 22834.2400,  3, 539.01, 21.56999999999971
150250, 22837.4500,  3, 430.21, 24.75
150272, 22839.8100,  3, 466.57, 27.110000000000582
150316, 22844.5200,  3, 572.13, 31.860000000000582
150437, 22857.4900,  3, 649.21, 44.80000000000291
150475, 22861.5600,  3, 892.94, 48.94000000000233
150660, 22895.8300,  3, 465.08, 19.709999999999127
150690, 22899.0400,  3, 567.65, 22.840000000000146
150717, 22901.9400,  3, 449.72, 25.790000000000873
150722, 22902.4700,  3, 520.30, 26.31999999999971
150722, 22902.4700,  3, 448.30, 26.30999999999767
150725, 22902.7900,  3, 440.38, 26.639999999999418
150802, 22911.0400,  3, 476.67, 34.89999999999782
150809, 22911.7900,  3, 593.45, 35.63000000000102
150944, 22940.7700,  1, 105.65, 14.360000000000582
151007, 22947.5200,  3, 526.43, 21.06999999999971
151041, 22951.1700,  3, 372.68, 24.659999999999854
151044, 22951.4900,  3, 462.45, 25.049999999999272
151051, 22952.2400,  3, 434.75, 25.720000000001164
151094, 22956.8500,  3, 444.31, 30.43000000000029
151237, 22972.1700,  3, 499.26, 45.7400000000016
151264, 22975.0600,  3, 463.29, 48.599999999998545
151435, 23007.9200,  3, 466.25, 18.159999999999854
151469, 23011.5600,  3, 521.69, 21.7599999999984
151481, 23012.8500,  3, 583.57, 23.11999999999898
151503, 23015.2000,  3, 482.31, 25.43000000000029
151507, 23015.6300,  3, 537.08, 25.909999999999854
151516, 23016.6000,  3, 351.16, 26.88000000000102
151530, 23018.1000,  1, 390.52, 28.399999999997817
151638, 23029.6700,  3, 533.30, 39.95000000000073
151756, 23056.7400,  1, 93.80, 12.540000000000873
151756, 23056.7400,  1, -14.89, 12.540000000000873
151824, 23064.0200,  3, 508.60, 19.729999999999563
151825, 23064.1300,  3, 431.57, 19.899999999997817
151850, 23066.8100,  3, 496.48, 22.56999999999971
151852, 23067.0200,  3, 496.31, 22.739999999997963
151883, 23070.3500,  3, 514.66, 26.05999999999767
152094, 23092.9500,  3, 480.76, 48.68000000000029
152293, 23128.7200,  3, 462.28, 21.18000000000029
152307, 23130.2200,  3, 494.89, 22.68000000000029
152313, 23130.8600,  3, 449.86, 23.31000000000131
152322, 23131.8300,  3, 508.65, 24.220000000001164
152325, 23132.1500,  3, 477.24, 24.639999999999418
152379, 23137.9400,  3, 513.04, 30.38000000000102
152405, 23140.7200,  3, 400.88, 33.159999999999854
152415, 23141.7900,  3, 526.16, 34.25
152597, 23175.8100,  3, 470.73, 19.31999999999971
152623, 23178.6000,  3, 534.64, 22.11999999999898
152664, 23182.9900,  3, 473.85, 26.549999999999272
152672, 23183.8500,  3, 514.93, 27.36999999999898
152691, 23185.8800,  3, 423.68, 29.43999999999869
152723, 23189.3100,  3, 498.28, 32.81000000000131
152749, 23192.1000,  3, 588.20, 35.63999999999942
152771, 23194.4500,  3, 536.69, 37.9900000000016
152912, 23224.1000,  1, 91.15, 15.0
152975, 23230.8500,  3, 453.10, 21.68000000000029
153009, 23234.4900,  3, 499.41, 25.31999999999971
153030, 23236.7400,  3, 478.31, 27.600000000002183
153065, 23240.4900,  3, 676.18, 31.330000000001746
153075, 23241.5600,  3, 567.38, 32.409999999999854
153099, 23244.1300,  3, 523.69, 34.960000000002765
153101, 23244.3500,  3, 556.76, 35.2300000000032
153285, 23278.4700,  3, 450.11, 19.549999999999272
153289, 23278.9000,  3, 425.66, 19.950000000000728
153304, 23280.5100,  3, 405.11, 21.590000000000146
153310, 23281.1500,  3, 511.17, 22.2400000000016
153314, 23281.5800,  3, 465.22, 22.68000000000029
153321, 23282.3300,  3, 417.98, 23.450000000000728
153334, 23283.7200,  3, 436.84, 24.830000000001746
153337, 23284.0400,  3, 574.83, 25.06999999999971
153475, 23313.3800,  1, 187.33, 14.670000000001892
153475, 23313.3800,  1, 39.84, 14.670000000001892
153564, 23322.9200,  3, 462.05, 24.19000000000233
153583, 23324.9500,  3, 479.32, 26.150000000001455
153595, 23326.2400,  3, 456.71, 27.43000000000029
153614, 23328.2700,  3, 462.04, 29.479999999999563
153619, 23328.8100,  3, 516.18, 30.049999999999272
153805, 23348.7400,  2, 445.13,  50
153919, 23375.5800,  1, 71.01, 12.010000000002037
153919, 23375.5800,  1, 22.02, 12.010000000002037
153990, 23383.1900,  3, 500.89, 19.610000000000582
154005, 23384.7900,  3, 491.44, 21.11999999999898
154007, 23385.0100,  3, 504.56, 21.360000000000582
154038, 23388.3300,  3, 455.46, 24.700000000000728
154060, 23390.6900,  3, 475.29, 27.090000000000146
154073, 23392.0800,  3, 464.45, 28.43999999999869
154181, 23418.1000,  1, 113.94, 11.469999999997526
154181, 23418.1000,  1, -16.89, 11.469999999997526
154262, 23426.7700,  3, 463.46, 20.05999999999767
154275, 23428.1700,  3, 536.88, 21.459999999999127
154284, 23429.1300,  3, 469.39, 22.409999999999854
154309, 23431.8100,  3, 410.83, 25.11999999999898
154338, 23434.9200,  3, 525.94, 28.2599999999984
154344, 23435.5600,  3, 530.19, 28.899999999997817
154441, 23460.2600,  1, -69.11, 10.289999999997235
154568, 23473.8600,  3, 543.85, 23.82999999999811
154570, 23474.0800,  3, 501.63, 24.039999999997235
154574, 23474.5100,  3, 493.05, 24.520000000000437
154580, 23475.1500,  3, 491.09, 25.07999999999811
154606, 23477.9400,  3, 505.92, 27.860000000000582
154659, 23483.6100,  3, 611.98, 33.61000000000058
154812, 23500.0100,  2, 79.96,  50
155008, 23535.4200,  3, 512.35, 20.69000000000233
155022, 23536.9200,  3, 510.76, 22.209999999999127
155058, 23540.7700,  3, 523.48, 26.040000000000873
155073, 23542.3800,  3, 380.77, 27.729999999999563
155087, 23543.8800,  3, 409.93, 29.13000000000102
155281, 23564.6700,  2, 463.54,  50
155281, 23564.6700,  2, 416.36,  50
155281, 23564.6700,  2, 363.10,  50
155354, 23586.8800,  1, -24.38, 7.600000000002183
155354, 23586.8800,  1, 33.05, 7.600000000002183
155377, 23589.3500,  1, 23.94, 10.069999999999709
155377, 23589.3500,  1, 66.71, 10.069999999999709
155517, 23604.3500,  3, 529.55, 24.960000000002765
155546, 23607.4500,  3, 518.93, 28.12000000000262
155634, 23616.8800,  3, 804.52, 37.51000000000204
155702, 23624.1700,  3, 334.03, 44.79000000000087
155845, 23654.0600,  1, 144.69, 15.220000000001164
155845, 23654.0600,  1, 125.32, 15.220000000001164
155947, 23664.9900,  3, 457.90, 26.110000000000582
155960, 23666.3800,  3, 526.15, 27.479999999999563
155967, 23667.1300,  3, 482.80, 28.2400000000016
155983, 23668.8500,  3, 491.73, 30.0
155988, 23669.3800,  3, 466.00, 30.470000000001164
156013, 23672.0600,  3, 560.65, 33.13999999999942
156118, 23697.8600,  1, 53.64, 11.130000000001019
156118, 23697.8600,  1, 72.94, 11.130000000001019
156208, 23707.5100,  3, 495.47, 20.729999999999563
156277, 23714.9000,  3, 547.86, 28.11999999999898
156314, 23718.8600,  3, 600.15, 32.10000000000218
156315, 23718.9700,  3, 557.74, 32.18000000000029
156320, 23719.5100,  3, 535.18, 32.7400000000016
156334, 23721.0100,  3, 470.57, 34.17000000000189
156517, 23755.1000,  3, 433.87, 19.44000000000233
156537, 23757.2400,  3, 544.67, 21.56000000000131
156549, 23758.5200,  3, 481.91, 22.850000000002183
156563, 23760.0200,  3, 462.12, 24.350000000002183
156564, 23760.1300,  3, 505.74, 24.4800000000032
156597, 23763.6700,  3, 520.48, 28.0
156599, 23763.8800,  3, 484.79, 28.25
156699, 23774.6000,  3, 553.51, 38.94000000000233
156820, 23802.0600,  1, 117.51, 12.860000000000582
156820, 23802.0600,  1, 111.16, 12.860000000000582
156883, 23808.8100,  3, 448.76, 19.590000000000146
156893, 23809.8800,  3, 474.02, 20.61999999999898
156896, 23810.2000,  3, 523.14, 20.919999999998254
156925, 23813.3100,  3, 495.17, 24.020000000000437
156928, 23813.6300,  3, 491.77, 24.340000000000146
156947, 23815.6700,  3, 494.17, 26.38000000000102
156987, 23835.4000,  1, -165.27, 4.180000000000291
157061, 23843.3300,  1, 73.15, 12.110000000000582
157061, 23843.3300,  1, 109.39, 12.110000000000582
157070, 23844.2900,  1, 48.58, 13.069999999999709
157070, 23844.2900,  1, 102.64, 13.069999999999709
157079, 23845.2600,  1, 108.28, 14.039999999997235
157079, 23845.2600,  1, 77.60, 14.039999999997235
157174, 23855.4400,  3, 460.04, 24.139999999999418
157282, 23881.5600,  1, 89.14, 11.460000000002765
157282, 23881.5600,  1, 75.11, 11.460000000002765
157368, 23890.7700,  3, 477.79, 20.650000000001455
157369, 23890.8800,  3, 435.45, 20.67000000000189
157392, 23893.3500,  3, 462.12, 23.19000000000233
157398, 23893.9900,  3, 513.55, 23.87000000000262
157418, 23896.1300,  3, 531.17, 26.0
157418, 23896.1300,  3, 421.20, 26.0
157537, 23923.3100,  1, 42.39, 12.640000000003056
157537, 23923.3100,  1, 101.79, 12.640000000003056
157611, 23931.2400,  3, 407.69, 20.510000000002037
157624, 23932.6300,  3, 459.12, 21.88000000000102
157639, 23934.2400,  3, 472.90, 23.4800000000032
157680, 23938.6300,  3, 444.13, 27.900000000001455
157692, 23939.9200,  3, 575.30, 29.160000000003492
157693, 23940.0200,  3, 658.36, 29.280000000002474
157808, 23967.8100,  1, 52.83, 12.210000000002765
157808, 23967.8100,  1, 70.78, 12.210000000002765
157888, 23976.3800,  3, 487.58, 20.770000000000437
157936, 23981.5200,  3, 490.80, 25.909999999999854
157939, 23981.8500,  3, 477.96, 26.2400000000016
157951, 23983.1300,  3, 534.33, 27.450000000000728
157956, 23983.6700,  3, 478.34, 28.010000000002037
157991, 23987.4200,  3, 597.08, 31.790000000000873
158176, 24021.6900,  3, 460.65, 19.68999999999869
158182, 24022.3300,  1, 79.81, 20.350000000002183
158185, 24022.6500,  3, 509.71, 20.590000000000146
158188, 24022.9700,  3, 430.43, 20.889999999999418
158200, 24024.2600,  3, 496.34, 22.18999999999869
158203, 24024.5800,  3, 503.98, 22.520000000000437
158203, 24024.5800,  3, 491.99, 22.4900000000016
158302, 24035.1900,  3, 352.76, 33.17000000000189
158501, 24070.7400,  3, 502.40, 21.19000000000233
158529, 24073.7400,  3, 474.56, 24.100000000002183
158538, 24074.7000,  3, 501.40, 25.12000000000262
158543, 24075.2400,  3, 553.70, 25.62000000000262
158546, 24075.5600,  3, 534.03, 25.9900000000016
158556, 24076.6300,  3, 477.14, 27.06000000000131
158558, 24076.8500,  3, 528.02, 27.220000000001164
158587, 24079.9500,  1, 321.41, 30.42000000000189
158717, 24108.3300,  1, 59.35, 13.830000000001746
158717, 24108.3300,  1, 125.80, 13.830000000001746
158809, 24118.1900,  3, 466.69, 23.639999999999418
158810, 24118.2900,  3, 423.50, 23.720000000001164
158814, 24118.7200,  3, 503.85, 24.18999999999869
158824, 24119.7900,  3, 459.60, 25.200000000000728
158894, 24127.2900,  3, 420.50, 32.779999999998836
158952, 24133.5100,  3, 450.83, 38.95000000000073
159063, 24159.8600,  1, 70.85, 11.779999999998836
159063, 24159.8600,  1, 67.20, 11.779999999998836
159129, 24166.9400,  3, 435.19, 18.789999999997235
159129, 24166.9400,  3, 457.31, 18.7599999999984
159138, 24167.9000,  3, 451.23, 19.789999999997235
159150, 24169.1900,  3, 538.99, 21.039999999997235
159155, 24169.7200,  3, 534.79, 21.599999999998545
159224, 24177.1100,  3, 597.42, 29.0199999999968
159343, 24205.0600,  1, 58.14, 12.650000000001455
159343, 24205.0600,  1, 101.54, 12.650000000001455
159355, 24206.3500,  1, 22.33, 13.93999999999869
159355, 24206.3500,  1, 77.92, 13.93999999999869
159361, 24206.9900,  1, 21.38, 14.580000000001746
159457, 24217.2700,  3, 479.15, 24.840000000000146
159478, 24219.5200,  3, 538.68, 27.080000000001746
159526, 24224.6700,  3, 678.03, 32.20999999999913
159594, 24246.4700,  1, -52.12, 7.170000000001892
159594, 24246.4700,  1, 16.58, 7.170000000001892
159720, 24259.9700,  3, 519.38, 20.56999999999971
159774, 24265.7600,  3, 547.63, 26.389999999999418
159776, 24265.9700,  3, 641.17, 26.63000000000102
159779, 24266.2900,  3, 568.62, 26.950000000000728
159801, 24268.6500,  3, 525.61, 29.260000000002037
159816, 24270.2600,  3, 639.46, 30.909999999999854
160005, 24306.1000,  3, 492.22, 20.080000000001746
160020, 24307.7000,  3, 521.12, 21.720000000001164
160023, 24308.0200,  3, 493.99, 21.959999999999127
160053, 24311.2400,  3, 431.07, 25.200000000000728
160062, 24312.2000,  3, 490.94, 26.209999999999127
160072, 24313.2700,  3, 529.59, 27.299999999999272
160081, 24314.2400,  3, 515.95, 28.19000000000233
160094, 24315.6300,  3, 468.24, 29.639999999999418
160175, 24338.7600,  1, 12.09, 8.569999999999709
160175, 24338.7600,  1, 30.56, 8.569999999999709
160215, 24343.0400,  1, 95.01, 12.850000000002183
160215, 24343.0400,  1, 97.74, 12.850000000002183
160268, 24348.7200,  3, 428.73, 18.520000000000437
160272, 24349.1500,  3, 423.00, 18.900000000001455
160308, 24353.0100,  3, 505.16, 22.729999999999563
160551, 24379.0400,  1, 50.66, 48.85000000000218
160749, 24414.6300,  3, 461.60, 20.93000000000029
160754, 24415.1700,  3, 525.70, 21.459999999999127
160816, 24421.8100,  3, 505.80, 28.139999999999418
160830, 24423.3100,  3, 539.50, 29.659999999999854
160831, 24423.4200,  3, 492.38, 29.68999999999869
160854, 24425.8800,  3, 460.51, 32.23999999999796
160854, 24425.8800,  3, 505.88, 32.169999999998254
160971, 24438.4200,  1, 193.92, 44.789999999997235
161161, 24473.3300,  3, 446.68, 20.200000000000728
161178, 24475.1500,  3, 480.23, 22.06000000000131
161185, 24475.9000,  3, 535.17, 22.799999999999272
161194, 24476.8600,  3, 535.02, 23.720000000001164
161198, 24477.2900,  3, 440.93, 24.209999999999127
161208, 24478.3600,  3, 544.94, 25.2400000000016
161242, 24482.0100,  3, 457.63, 28.92000000000189
161262, 24484.1500,  3, 607.72, 30.9900000000016
161386, 24511.7700,  1, -11.37, 13.180000000000291
161481, 24521.9500,  3, 455.61, 23.32999999999811
161496, 24523.5600,  3, 582.70, 24.959999999999127
161499, 24523.8800,  3, 470.69, 25.18000000000029
161505, 24524.5200,  3, 494.95, 25.86999999999898
161506, 24524.6300,  3, 581.20, 25.979999999999563
161514, 24525.4900,  3, 485.68, 26.81999999999971
161626, 24537.4900,  3, 601.87, 38.86999999999898
161816, 24572.1100,  3, 477.54, 20.18000000000029
161841, 24574.7900,  3, 514.02, 22.850000000002183
161850, 24575.7600,  3, 539.88, 23.88000000000102
161861, 24576.9400,  3, 464.89, 25.049999999999272
161887, 24579.7200,  3, 689.32, 27.830000000001746
161911, 24582.2900,  3, 518.66, 30.330000000001746
161918, 24583.0400,  3, 517.89, 31.12000000000262
161945, 24585.9400,  3, 487.24, 34.04000000000087
162133, 24620.4900,  3, 405.72, 19.93999999999869
162133, 24620.4900,  3, 505.68, 20.020000000000437
162145, 24621.7700,  3, 465.62, 21.290000000000873
162169, 24624.3500,  3, 502.16, 23.849999999998545
162223, 24630.1300,  3, 564.52, 29.61999999999898
162225, 24630.3500,  3, 565.52, 29.790000000000873
162241, 24632.0600,  3, 577.95, 31.540000000000873
162250, 24633.0200,  3, 482.74, 32.55999999999767
162327, 24655.8100,  1, -17.02, 8.140000000003056
162327, 24655.8100,  1, -9.21, 8.140000000003056
162348, 24658.0600,  1, -79.21, 10.390000000003056
162430, 24666.8500,  3, 485.87, 19.160000000003492
162451, 24669.1000,  3, 454.89, 21.410000000003492
162478, 24671.9900,  3, 522.42, 24.280000000002474
162495, 24673.8100,  3, 509.77, 26.110000000000582
162497, 24674.0200,  3, 635.85, 26.260000000002037
162668, 24707.0800,  1, 82.33, 18.220000000001164
162704, 24710.9400,  3, 465.73, 21.970000000001164
162713, 24711.9000,  3, 545.10, 23.0099999999984
162740, 24714.7900,  3, 558.64, 25.840000000000146
162746, 24715.4400,  3, 457.46, 26.479999999999563
162746, 24715.4400,  3, 434.95, 26.489999999997963
162761, 24717.0400,  3, 544.00, 28.07999999999811
162767, 24717.6900,  3, 497.15, 28.80999999999767
162877, 24743.7700,  1, -55.82, 11.670000000001892
162951, 24751.7000,  3, 455.99, 19.520000000000437
162952, 24751.8100,  3, 478.48, 19.63000000000102
162956, 24752.2400,  3, 489.22, 20.090000000000146
162985, 24755.3500,  3, 515.33, 23.17000000000189
162997, 24756.6300,  3, 553.21, 24.4900000000016
162997, 24756.6300,  3, 533.64, 24.510000000002037
163086, 24766.1700,  3, 464.33, 34.05000000000291
163149, 24787.2400,  1, 6.38, 6.640000000003056
163149, 24787.2400,  1, -45.97, 6.640000000003056
163265, 24799.6700,  3, 431.39, 19.020000000000437
163284, 24801.7000,  3, 467.03, 21.040000000000873
163296, 24802.9900,  3, 438.87, 22.350000000002183
163309, 24804.3800,  3, 529.34, 23.710000000002765
163327, 24806.3100,  3, 484.43, 25.62000000000262
163345, 24808.2400,  3, 491.14, 27.63000000000102
163534, 24843.0400,  3, 489.46, 20.06999999999971
163534, 24843.0400,  3, 509.06, 20.06999999999971
163562, 24846.0400,  3, 524.82, 23.039999999997235
163569, 24846.7900,  3, 413.97, 23.789999999997235
163575, 24847.4400,  3, 457.78, 24.5099999999984
163595, 24849.5800,  3, 447.30, 26.61999999999898
163627, 24853.0100,  3, 493.22, 30.0199999999968
163813, 24872.9400,  2, 184.02,  50
163949, 24901.9500,  1, 157.61, 14.350000000002183
163949, 24901.9500,  1, 89.48, 14.350000000002183
163983, 24905.6000,  3, 454.28, 17.909999999999854
164014, 24908.9200,  3, 514.87, 21.31000000000131
164048, 24912.5600,  3, 514.76, 24.94000000000233
164062, 24914.0600,  3, 413.06, 26.42000000000189
164075, 24915.4500,  3, 612.80, 27.830000000001746
164087, 24916.7400,  3, 484.34, 29.05000000000291
164202, 24944.4400,  1, 24.94, 12.209999999999127
164202, 24944.4400,  1, 4.31, 12.209999999999127
164273, 24952.0400,  3, 465.18, 19.770000000000437
164321, 24957.1900,  3, 443.03, 24.92000000000189
164325, 24957.6100,  3, 489.88, 25.36999999999898
164331, 24958.2600,  3, 638.67, 26.010000000002037
164359, 24961.2600,  3, 418.91, 28.970000000001164
164366, 24962.0100,  3, 517.41, 29.68999999999869
164475, 24988.1500,  1, 96.40, 11.580000000001746
164475, 24988.1500,  1, 121.23, 11.580000000001746
164481, 24988.7900,  1, 55.12, 12.220000000001164
164481, 24988.7900,  1, 27.07, 12.220000000001164
164557, 24996.9400,  3, 455.52, 20.340000000000146
164559, 24997.1500,  3, 409.28, 20.549999999999272
164579, 24999.2900,  3, 477.48, 22.639999999999418
164605, 25002.0800,  3, 467.29, 25.409999999999854
164730, 25029.9500,  1, 58.42, 13.280000000002474
164730, 25029.9500,  1, 59.77, 13.280000000002474
164827, 25040.3500,  3, 467.56, 23.610000000000582
164833, 25040.9900,  3, 473.44, 24.290000000000873
164835, 25041.2000,  3, 478.59, 24.520000000000437
164835, 25041.2000,  3, 455.78, 24.520000000000437
164844, 25042.1700,  3, 464.39, 25.42000000000189
164861, 25043.9900,  3, 542.46, 27.260000000002037
165056, 25080.3600,  3, 473.98, 20.75
165084, 25083.3600,  3, 449.59, 23.770000000000437
165105, 25085.6100,  3, 549.19, 25.9900000000016
165111, 25086.2600,  3, 584.92, 26.61999999999898
165132, 25088.5100,  3, 589.93, 28.889999999999418
165136, 25088.9400,  3, 470.96, 29.31999999999971
165136, 25088.9400,  3, 458.05, 29.349999999998545
165139, 25089.2600,  3, 549.02, 29.650000000001455
165273, 25118.0400,  1, 125.18, 14.25
165273, 25118.0400,  1, 110.37, 14.25
165339, 25125.1100,  3, 418.77, 21.270000000000437
165365, 25127.9000,  3, 515.38, 24.090000000000146
165366, 25128.0100,  3, 408.35, 24.12999999999738
165374, 25128.8600,  3, 573.28, 25.049999999999272
165384, 25129.9400,  3, 512.27, 26.090000000000146
165384, 25129.9400,  3, 504.33, 26.090000000000146
165483, 25154.9200,  1, 36.86, 10.5
165483, 25154.9200,  1, 101.86, 10.5
165507, 25157.4900,  1, 58.33, 13.070000000003347
165507, 25157.4900,  1, 55.95, 13.070000000003347
165589, 25166.2700,  3, 496.20, 21.790000000000873
165594, 25166.8100,  3, 477.22, 22.38000000000102
165628, 25170.4500,  3, 456.09, 25.9800000000032
165655, 25173.3500,  3, 486.73, 28.860000000000582
165744, 25197.2600,  1, -39.20, 9.429999999996653
165782, 25201.3300,  1, -49.72, 13.5
165842, 25207.7600,  3, 464.86, 19.87999999999738
165860, 25209.6900,  3, 546.75, 21.849999999998545
165870, 25210.7600,  3, 442.86, 22.849999999998545
165898, 25213.7600,  1, 340.00, 25.929999999996653
165914, 25215.4700,  3, 605.95, 27.61999999999898
165924, 25216.5400,  3, 565.94, 28.649999999997817
166027, 25241.9200,  1, 74.35, 10.929999999996653
166027, 25241.9200,  1, 42.74, 10.929999999996653
166032, 25242.4500,  1, -1.72, 11.459999999999127
166032, 25242.4500,  1, 83.26, 11.459999999999127
166106, 25250.3800,  3, 461.86, 19.349999999998545
166134, 25253.3800,  3, 499.39, 22.30999999999767
166210, 25261.5200,  3, 519.69, 30.5199999999968
166219, 25262.4900,  3, 487.78, 31.479999999999563
166421, 25298.6100,  3, 401.93, 21.5199999999968
166430, 25299.5800,  3, 457.81, 22.43999999999869
166436, 25300.2200,  3, 532.95, 23.11999999999898
166437, 25300.3300,  3, 500.27, 23.149999999997817
166451, 25301.8300,  3, 429.51, 24.69999999999709
166453, 25302.0400,  3, 516.08, 24.94999999999709
166469, 25303.7600,  3, 467.14, 26.61999999999898
166524, 25309.6500,  3, 587.89, 32.529999999998836
166601, 25332.3300,  1, 2.21, 8.140000000003056
166601, 25332.3300,  1, -26.37, 8.140000000003056
166725, 25345.6100,  3, 479.42, 21.340000000000146
166763, 25349.6900,  3, 618.48, 25.479999999999563
166784, 25351.9400,  3, 628.79, 27.729999999999563
166790, 25352.5800,  3, 514.82, 28.360000000000582
166807, 25354.4000,  3, 525.12, 30.12000000000262
166894, 25363.7200,  3, 552.52, 39.45000000000073
167013, 25390.8500,  1, 47.07, 12.639999999999418
167044, 25394.1700,  1, 148.61, 15.959999999999127
167044, 25394.1700,  1, 162.61, 15.959999999999127
167071, 25397.0600,  3, 433.81, 18.81000000000131
167085, 25398.5600,  3, 439.26, 20.290000000000873
167096, 25399.7400,  3, 414.65, 21.520000000000437
167124, 25402.7400,  3, 576.31, 24.510000000002037
167152, 25405.7400,  3, 458.67, 27.459999999999127
167272, 25432.9500,  1, 60.10, 12.7400000000016
167272, 25432.9500,  1, 114.20, 12.7400000000016
167304, 25436.3800,  1, 77.49, 16.17000000000189
167304, 25436.3800,  1, 43.57, 16.17000000000189
167342, 25440.4500,  3, 470.05, 20.209999999999127
167379, 25444.4200,  3, 532.19, 24.12000000000262
167382, 25444.7400,  3, 473.63, 24.520000000000437
167405, 25447.2000,  3, 502.61, 26.959999999999127
167500, 25471.9200,  1, -20.13, 10.069999999999709
167524, 25474.4900,  1, 43.64, 12.640000000003056
167524, 25474.4900,  1, 75.01, 12.640000000003056
167602, 25482.8500,  3, 496.51, 20.9800000000032
167613, 25484.0200,  3, 423.70, 22.110000000000582
167620, 25484.7700,  3, 436.04, 22.840000000000146
167655, 25488.5200,  3, 502.55, 26.56999999999971
167662, 25489.2700,  3, 554.24, 27.38000000000102
167839, 25522.5200,  3, 406.65, 18.830000000001746
167842, 25522.8500,  3, 429.03, 19.160000000003492
167850, 25523.7000,  3, 397.30, 20.010000000002037
167855, 25524.2400,  3, 459.66, 20.460000000002765
167865, 25525.3100,  3, 433.61, 21.540000000000873
167885, 25527.4500,  3, 411.14, 23.760000000002037
167893, 25528.3100,  3, 460.68, 24.590000000000146
167930, 25532.2700,  3, 468.27, 28.590000000000146
168014, 25555.3100,  1, 60.88, 8.900000000001455
168014, 25555.3100,  1, 29.23, 8.900000000001455
168107, 25565.2700,  3, 394.57, 18.770000000000437
168128, 25567.5200,  3, 455.26, 21.029999999998836
168147, 25569.5600,  3, 511.02, 23.110000000000582
168159, 25570.8500,  3, 441.87, 24.400000000001455
168163, 25571.2700,  3, 402.16, 24.7599999999984
168163, 25571.2700,  3, 543.43, 24.790000000000873
168286, 25598.7400,  1, 98.87, 13.080000000001746
168286, 25598.7400,  1, 149.63, 13.080000000001746
168323, 25602.7000,  1, 166.81, 17.040000000000873
168323, 25602.7000,  1, 78.98, 17.040000000000873
168354, 25606.0200,  3, 472.52, 20.299999999999272
168370, 25607.7400,  3, 473.52, 22.0
168447, 25615.9900,  3, 457.27, 30.270000000000437
168452, 25616.5200,  1, 364.41, 30.860000000000582
168643, 25651.7400,  3, 467.98, 20.18999999999869
168665, 25654.1000,  3, 425.10, 22.549999999999272
168667, 25654.3100,  3, 505.84, 22.799999999999272
168693, 25657.1000,  3, 555.22, 25.549999999999272
168696, 25657.4200,  3, 412.78, 25.909999999999854
168706, 25658.4900,  3, 440.05, 26.929999999996653
168728, 25660.8500,  3, 598.33, 29.349999999998545
168741, 25662.2400,  3, 497.34, 30.709999999999127
168795, 25682.6900,  1, -197.52, 5.680000000000291
168855, 25689.1100,  1, 54.27, 12.100000000002183
168922, 25696.2900,  3, 460.55, 19.270000000000437
168931, 25697.2600,  3, 438.65, 20.150000000001455
168941, 25698.3300,  3, 474.28, 21.280000000002474
168954, 25699.7200,  3, 511.36, 22.68000000000029
168986, 25703.1500,  3, 517.98, 26.070000000003347
169209, 25727.0400,  2, 316.56,  50
169333, 25754.7400,  1, -47.81, 13.070000000003347
169413, 25763.3100,  3, 445.19, 21.590000000000146
169440, 25766.2000,  3, 457.76, 24.4900000000016
169466, 25768.9900,  3, 521.35, 27.25
169466, 25768.9900,  3, 455.42, 27.2300000000032
169476, 25770.0600,  3, 451.12, 28.290000000000873
169505, 25773.1700,  1, 62.17, 31.5
169614, 25784.8500,  3, 695.32, 43.11000000000058
169704, 25808.9900,  1, 13.16, 9.530000000002474
169816, 25820.9900,  3, 422.59, 21.4900000000016
169821, 25821.5200,  3, 448.97, 21.959999999999127
169823, 25821.7400,  3, 432.63, 22.229999999999563
169846, 25824.2000,  3, 482.92, 24.67000000000189
169849, 25824.5200,  3, 477.15, 24.959999999999127
169934, 25833.6300,  3, 572.85, 34.13000000000102
170082, 25849.4900,  2, 331.73,  50
170241, 25880.7900,  1, 40.13, 16.81999999999971
170241, 25880.7900,  1, 14.64, 16.81999999999971
170310, 25888.1900,  3, 471.40, 24.159999999999854
170335, 25890.8600,  3, 483.08, 26.86999999999898
170345, 25891.9400,  3, 464.66, 27.909999999999854
170348, 25892.2600,  3, 428.01, 28.270000000000437
170369, 25894.5100,  3, 586.95, 30.529999999998836
170413, 25899.2200,  1, -162.17, 35.25
170499, 25922.8600,  1, -116.74, 8.9900000000016
170637, 25937.6500,  3, 425.68, 23.75
170638, 25937.7600,  3, 445.23, 23.88000000000102
170662, 25940.3300,  1, 233.52, 26.460000000002765
170664, 25940.5400,  3, 325.67, 26.580000000001746
170681, 25942.3600,  3, 456.43, 28.400000000001455
170796, 25954.6900,  3, 419.65, 40.72999999999956
170882, 25963.9000,  2, 312.52,  50
170980, 25988.9500,  1, -109.37, 10.290000000000873
171042, 25995.6000,  1, 58.79, 16.93999999999869
171061, 25997.6300,  3, 387.20, 18.900000000001455
171100, 26001.8100,  3, 451.41, 23.139999999999418
171116, 26003.5200,  3, 443.36, 24.81999999999971
171351, 26028.7000,  2, 129.83,  50
171351, 26028.7000,  2, 488.20,  50
171351, 26028.7000,  2, 193.73,  50
171527, 26062.0400,  1, -30.00, 18.639999999999418
171558, 26065.3600,  3, 477.66, 21.93000000000029
171560, 26065.5800,  3, 451.70, 22.109999999996944
171560, 26065.5800,  3, 422.08, 22.169999999998254
171635, 26073.6100,  3, 498.09, 30.18000000000029
171655, 26075.7600,  3, 503.48, 32.349999999998545
171746, 26085.5100,  3, 368.24, 42.099999999998545
171820, 26093.4400,  2, 322.81,  50
171978, 26124.6700,  1, 98.47, 16.709999999999127
172014, 26128.5200,  3, 453.96, 20.470000000001164
172024, 26129.6000,  3, 403.72, 21.63000000000102
172063, 26133.7700,  3, 385.33, 25.760000000002037
172065, 26133.9900,  3, 528.55, 25.9900000000016
172114, 26139.2400,  3, 429.99, 31.229999999999563
172289, 26157.9900,  2, 319.64,  50
172289, 26157.9900,  2, 350.74,  50
172502, 26195.2400,  3, 458.10, 22.510000000002037
172503, 26195.3500,  3, 517.36, 22.659999999999854
172510, 26196.1000,  3, 462.63, 23.44000000000233
172523, 26197.4900,  3, 525.38, 24.760000000002037
172530, 26198.2400,  3, 415.13, 25.529999999998836
172581, 26203.7000,  1, 325.02, 31.06000000000131
172587, 26204.3500,  1, -83.73, 31.709999999999127
172758, 26222.6700,  2, 410.04,  50
172874, 26250.4200,  1, 18.86, 12.219999999997526
172970, 26260.7000,  3, 532.78, 22.469999999997526
172983, 26262.1000,  3, 404.27, 23.86999999999898
172993, 26263.1700,  3, 489.22, 24.860000000000582
172995, 26263.3800,  1, 261.20, 25.18000000000029
173002, 26264.1300,  3, 509.26, 25.860000000000582
173021, 26266.1700,  3, 451.98, 27.909999999999854
173076, 26272.0600,  3, 434.01, 33.7599999999984
173218, 26301.8300,  1, 43.45, 15.110000000000582
173256, 26305.9000,  3, 390.98, 19.07999999999811
173274, 26307.8300,  3, 505.10, 21.06999999999971
173286, 26309.1100,  3, 423.25, 22.289999999997235
173299, 26310.5100,  3, 459.12, 23.719999999997526
173414, 26322.8300,  3, 535.35, 36.0099999999984
173544, 26336.7600,  2, 339.56,  50
173544, 26336.7600,  2, 243.96,  50
173677, 26365.5100,  1, 116.36, 14.039999999997235
173732, 26371.4000,  3, 462.91, 19.849999999998545
173765, 26374.9400,  3, 447.93, 23.360000000000582
173767, 26375.1500,  3, 408.49, 23.56999999999971
173796, 26378.2600,  3, 581.55, 26.729999999999563
173808, 26379.5400,  1, 326.26, 28.06999999999971
173819, 26380.7200,  3, 507.38, 29.18999999999869
173848, 26383.8300,  3, 471.05, 32.340000000000146
174038, 26418.7600,  3, 439.51, 20.17000000000189
174046, 26419.6100,  1, 25.10, 21.100000000002183
174049, 26419.9400,  1, 79.01, 21.43000000000029
174051, 26420.1500,  3, 440.40, 21.610000000000582
174080, 26423.2600,  3, 495.12, 24.69000000000233
174095, 26424.8600,  3, 468.95, 26.270000000000437
174100, 26425.4000,  3, 456.30, 26.80000000000291
174182, 26434.1900,  3, 454.01, 35.67000000000189
174353, 26466.8300,  3, 446.57, 18.18000000000029
174383, 26470.0400,  3, 460.13, 21.349999999998545
174388, 26470.5800,  3, 507.63, 21.950000000000728
174426, 26474.6500,  3, 616.57, 26.020000000000437
174426, 26474.6500,  3, 426.85, 25.950000000000728
174445, 26476.6900,  3, 495.09, 27.979999999999563
174506, 26483.2200,  3, 367.41, 34.599999999998545
174650, 26498.6500,  2, 475.26,  50
174752, 26524.7400,  1, 66.69, 10.720000000001164
174752, 26524.7400,  1, 48.08, 10.720000000001164
174765, 26526.1300,  1, 26.98, 12.110000000000582
174765, 26526.1300,  1, -102.79, 12.110000000000582
174777, 26527.4200,  1, 3.88, 13.399999999997817
174874, 26537.8100,  3, 502.10, 23.68000000000029
174901, 26540.7000,  3, 496.20, 26.57999999999811
175038, 26555.3800,  1, -2.29, 41.36000000000058
175105, 26577.0100,  1, -11.39, 6.969999999997526
175105, 26577.0100,  1, 12.94, 6.969999999997526
175151, 26581.9400,  1, 29.80, 11.899999999997817
175180, 26585.0400,  1, -11.55, 15.0
175235, 26590.9400,  3, 435.29, 20.82999999999811
175242, 26591.6900,  3, 492.38, 21.639999999999418
175322, 26600.2600,  3, 649.42, 30.18000000000029
175507, 26620.0800,  2, 322.14,  50
175618, 26646.3300,  1, -72.60, 11.680000000000291
175701, 26655.2200,  3, 454.06, 20.489999999997963
175710, 26656.1900,  3, 390.49, 21.5
175715, 26656.7200,  3, 518.89, 22.0099999999984
175742, 26659.6100,  3, 456.21, 24.87999999999738
175750, 26660.4700,  3, 503.83, 25.7699999999968
175785, 26664.2200,  3, 561.83, 29.55999999999767
175976, 26684.6900,  2, -5.74,  50
176160, 26718.9200,  3, 480.56, 19.5
176163, 26719.2400,  3, 440.14, 19.7400000000016
176175, 26720.5200,  3, 477.10, 21.049999999999272
176248, 26728.3500,  3, 547.87, 28.93000000000029
176269, 26730.6000,  3, 403.09, 31.110000000000582
176324, 26736.4900,  3, 443.73, 37.02000000000044
176411, 26745.8100,  1, 275.40, 46.400000000001455
176445, 26749.4500,  2, 435.54,  50
176593, 26779.6100,  1, 76.12, 15.639999999999418
176635, 26784.1100,  3, 482.96, 20.12999999999738
176666, 26787.4400,  3, 489.08, 23.44999999999709
176671, 26787.9700,  3, 535.07, 23.889999999999418
176699, 26790.9700,  3, 485.21, 26.959999999999127
176721, 26793.3300,  3, 460.38, 29.270000000000437
176800, 26801.7900,  3, 446.24, 37.779999999998836
176868, 26809.0800,  3, 431.12, 45.07999999999811
177060, 26844.1300,  3, 417.28, 20.400000000001455
177075, 26845.7400,  3, 421.85, 22.010000000002037
177080, 26846.2700,  3, 450.14, 22.580000000001746
177088, 26847.1300,  3, 448.62, 23.400000000001455
177129, 26851.5200,  3, 527.55, 27.820000000003347
177154, 26854.2000,  3, 469.53, 30.44000000000233
177174, 26856.3500,  3, 642.04, 32.590000000000146
177336, 26873.7000,  2, 381.78,  50
177468, 26902.3500,  1, 60.83, 13.93999999999869
177479, 26903.5200,  1, 72.66, 15.110000000000582
177479, 26903.5200,  1, 58.35, 15.110000000000582
177546, 26910.7000,  3, 444.76, 22.25
177576, 26913.9200,  3, 494.10, 25.459999999999127
177587, 26915.1000,  3, 502.61, 26.580000000001746
177605, 26917.0200,  1, 111.05, 28.610000000000582
177655, 26922.3800,  1, 279.05, 33.970000000001164
177722, 26944.9500,  1, -91.93, 6.959999999999127
177778, 26950.9500,  1, 45.89, 12.959999999999127
177778, 26950.9500,  1, 92.11, 12.959999999999127
177786, 26951.8100,  1, 109.49, 13.819999999999709
177786, 26951.8100,  1, 105.88, 13.819999999999709
177852, 26958.8800,  3, 516.76, 20.87999999999738
177909, 26964.9900,  3, 439.73, 26.989999999997963
177961, 26970.5600,  3, 713.65, 32.47999999999956
178056, 26996.0800,  1, 52.71, 10.070000000003347
178056, 26996.0800,  1, 72.64, 10.070000000003347
178154, 27006.5800,  3, 523.00, 20.540000000000873
178174, 27008.7200,  3, 421.68, 22.62000000000262
178203, 27011.8300,  3, 489.09, 25.770000000000437
178236, 27015.3600,  3, 518.39, 29.31000000000131
178288, 27020.9400,  1, 294.26, 34.93000000000029
178429, 27036.0400,  3, 495.80, 50.01000000000204
178643, 27073.5400,  3, 408.48, 22.770000000000437
178650, 27074.2900,  3, 491.61, 23.549999999999272
178657, 27075.0400,  3, 469.35, 24.239999999997963
178678, 27077.2900,  3, 442.30, 26.539999999997235
178703, 27079.9700,  3, 555.27, 29.19999999999709
178717, 27081.4700,  3, 529.50, 30.68000000000029
178752, 27085.2200,  1, 146.46, 34.5
178827, 27093.2600,  3, 424.90, 42.44999999999709
178898, 27116.1300,  1, -2.90, 7.5
178898, 27116.1300,  1, -12.65, 7.5
178985, 27125.4500,  1, -69.27, 16.81999999999971
179005, 27127.6000,  3, 448.71, 18.860000000000582
179005, 27127.6000,  3, 455.01, 18.860000000000582
179015, 27128.6700,  3, 431.92, 19.969999999997526
179040, 27131.3500,  3, 484.24, 22.649999999997817
179295, 27158.6700,  2, 154.15,  50
179369, 27181.0400,  1, 5.88, 7.720000000001164
179369, 27181.0400,  1, 32.55, 7.720000000001164
179441, 27188.7600,  1, 137.72, 15.43999999999869
179502, 27195.2900,  1, 242.60, 21.970000000001164
179502, 27195.2900,  1, 238.39, 21.970000000001164
179503, 27195.4000,  3, 504.42, 21.9900000000016
179535, 27198.8300,  3, 510.62, 25.470000000001164
179642, 27210.2900,  3, 331.03, 36.93000000000029
179819, 27243.7400,  3, 461.05, 18.779999999998836
179830, 27244.9200,  3, 473.40, 19.94000000000233
179834, 27245.3500,  3, 428.98, 20.42000000000189
179849, 27246.9500,  3, 500.43, 21.9900000000016
179861, 27248.2400,  3, 501.43, 23.270000000000437
179871, 27249.3100,  3, 564.82, 24.31999999999971
179874, 27249.6300,  3, 477.67, 24.63000000000102
179899, 27252.3100,  3, 528.40, 27.400000000001455
180013, 27278.8300,  1, -41.70, 12.110000000000582
180013, 27278.8300,  1, 55.53, 12.110000000000582
180100, 27288.1500,  3, 422.57, 21.349999999998545
180117, 27289.9700,  1, 66.73, 23.25
180119, 27290.1900,  3, 499.62, 23.43999999999869
180122, 27290.5100,  3, 463.89, 23.69999999999709
180137, 27292.1100,  3, 426.08, 25.349999999998545
180367, 27316.7600,  2, 52.56,  50
180521, 27348.7200,  1, 80.95, 16.290000000000873
180560, 27352.9000,  3, 410.30, 20.43000000000029
180581, 27355.1500,  3, 458.43, 22.639999999999418
180592, 27356.3300,  3, 503.59, 23.860000000000582
180614, 27358.6900,  3, 461.09, 26.229999999999563
180631, 27360.5100,  3, 545.61, 28.06999999999971
180687, 27366.5100,  3, 641.96, 34.04000000000087
180743, 27372.5100,  3, 673.07, 39.98999999999796
180848, 27398.9700,  1, 33.45, 11.139999999999418
180848, 27398.9700,  1, 80.28, 11.139999999999418
180954, 27410.3300,  3, 460.20, 22.389999999999418
181000, 27415.2600,  3, 529.11, 27.36999999999898
181004, 27415.6900,  3, 471.45, 27.82999999999811
181048, 27420.4000,  3, 551.54, 32.47999999999956
181054, 27421.0400,  3, 434.53, 33.12999999999738
181082, 27424.0400,  3, 672.84, 36.159999999999854
181102, 27440.7000,  1, -171.13, 2.030000000002474
181128, 27443.4900,  1, -163.20, 4.820000000003347
181245, 27456.0200,  3, 434.71, 17.320000000003347
181276, 27459.3500,  3, 469.05, 20.650000000001455
181310, 27462.9900,  3, 546.01, 24.280000000002474
181325, 27464.6000,  3, 528.09, 25.850000000002183
181326, 27464.7000,  3, 619.38, 25.9800000000032
181379, 27470.3800,  3, 643.49, 31.68000000000029
181448, 27492.1700,  1, 23.56, 7.289999999997235
181448, 27492.1700,  1, -16.71, 7.289999999997235
181586, 27506.9500,  3, 523.07, 21.969999999997526
181587, 27507.0600,  3, 493.22, 22.07999999999811
181593, 27507.7000,  3, 506.19, 22.770000000000437
181594, 27507.8100,  3, 531.61, 22.909999999999854
181611, 27509.6300,  3, 563.38, 24.739999999997963
181652, 27514.0200,  3, 544.64, 29.110000000000582
181761, 27540.2700,  1, 51.24, 11.56000000000131
181791, 27543.4900,  1, 72.18, 14.780000000002474
181849, 27549.7000,  3, 484.89, 20.959999999999127
181867, 27551.6300,  3, 437.29, 22.909999999999854
181883, 27553.3500,  3, 528.92, 24.56000000000131
181888, 27553.8800,  3, 426.38, 25.06999999999971
181903, 27555.4900,  3, 486.63, 26.69000000000233
182024, 27568.4500,  3, 484.33, 39.70999999999913
182205, 27602.3600,  3, 484.55, 19.25
182233, 27605.3600,  3, 463.24, 22.25
182239, 27606.0100,  3, 541.55, 22.88000000000102
182241, 27606.2200,  3, 485.42, 23.13000000000102
182257, 27607.9400,  3, 531.53, 24.790000000000873
182279, 27610.2900,  3, 503.21, 27.13000000000102
182310, 27613.6100,  3, 583.05, 30.470000000001164
182354, 27618.3300,  3, 664.36, 35.20999999999913
182552, 27653.9400,  3, 465.53, 21.0099999999984
182556, 27654.3600,  3, 439.37, 21.5099999999984
182575, 27656.4000,  3, 526.79, 23.469999999997526
182589, 27657.9000,  3, 475.65, 25.0199999999968
182600, 27659.0800,  3, 444.58, 26.149999999997817
182643, 27663.6900,  3, 540.45, 30.7599999999984
182650, 27664.4400,  3, 519.94, 31.549999999999272
182655, 27664.9700,  3, 555.06, 32.05999999999767
182854, 27701.4900,  3, 517.67, 21.13000000000102
182865, 27702.6700,  3, 526.94, 22.36999999999898
182884, 27704.7000,  3, 442.09, 24.340000000000146
182891, 27705.4500,  3, 505.06, 25.149999999997817
182892, 27705.5600,  3, 471.50, 25.279999999998836
182895, 27705.8800,  3, 529.01, 25.57999999999811
182898, 27706.2000,  3, 486.62, 25.82999999999811
182949, 27711.6700,  3, 517.05, 31.38000000000102
183142, 27746.7600,  3, 445.50, 20.530000000002474
183164, 27749.1100,  3, 478.52, 22.890000000003056
183170, 27749.7600,  3, 485.56, 23.56000000000131
183180, 27750.8300,  3, 509.96, 24.63000000000102
183185, 27751.3600,  3, 580.57, 25.06999999999971
183210, 27754.0400,  3, 584.87, 27.770000000000437
183213, 27754.3600,  3, 538.21, 28.080000000001746
183243, 27757.5800,  3, 593.31, 31.360000000000582
183445, 27793.8100,  3, 435.54, 21.529999999998836
183452, 27794.5600,  3, 486.09, 22.239999999997963
183453, 27794.6700,  3, 558.57, 22.360000000000582
183455, 27794.8800,  3, 476.28, 22.520000000000437
183460, 27795.4200,  3, 478.63, 23.11999999999898
183467, 27796.1700,  3, 537.24, 23.860000000000582
183472, 27796.7000,  3, 478.66, 24.349999999998545
183483, 27797.8800,  3, 499.01, 25.520000000000437
183675, 27832.5200,  3, 447.89, 20.359999999996944
183690, 27834.1300,  3, 390.23, 21.979999999999563
183694, 27834.5600,  3, 450.39, 22.489999999997963
183706, 27835.8500,  3, 497.61, 23.709999999999127
183723, 27837.6700,  3, 522.43, 25.599999999998545
183734, 27838.8500,  3, 423.61, 26.709999999999127
183739, 27839.3800,  3, 482.77, 27.229999999999563
183747, 27840.2400,  3, 606.57, 28.139999999999418
183782, 27858.4400,  1, -192.18, 3.649999999997817
183931, 27874.4000,  1, 76.27, 19.610000000000582
183972, 27878.7900,  3, 497.16, 23.909999999999854
183972, 27878.7900,  3, 434.28, 23.979999999999563
183979, 27879.5400,  3, 451.46, 24.719999999997526
183994, 27881.1500,  1, 253.60, 26.360000000000582
184020, 27883.9400,  3, 547.27, 29.139999999999418
184023, 27884.2600,  3, 419.84, 29.459999999999127
184131, 27910.3600,  1, 13.72, 11.459999999999127
184131, 27910.3600,  1, 33.99, 11.459999999999127
184212, 27919.0400,  3, 420.32, 20.12999999999738
184219, 27919.7900,  3, 368.20, 20.82999999999811
184235, 27921.5100,  3, 480.05, 22.599999999998545
184291, 27927.5100,  3, 483.34, 28.549999999999272
184319, 27930.5100,  3, 455.44, 31.5199999999968
184372, 27936.1900,  3, 613.08, 37.23999999999796
184494, 27964.4500,  1, 95.20, 12.959999999999127
184494, 27964.4500,  1, 79.41, 12.959999999999127
184583, 27973.9900,  3, 505.55, 22.479999999999563
184606, 27976.4500,  3, 474.24, 24.889999999999418
184607, 27976.5600,  3, 480.04, 25.0099999999984
184614, 27977.3100,  1, 343.27, 25.81999999999971
184614, 27977.3100,  3, 514.45, 25.709999999999127
184624, 27978.3800,  3, 494.47, 26.86999999999898
184819, 28013.7900,  3, 395.87, 20.7599999999984
184820, 28013.9000,  3, 421.59, 20.889999999999418
184833, 28015.2900,  3, 396.52, 22.18999999999869
184844, 28016.4700,  3, 510.09, 23.43999999999869
184891, 28021.5100,  3, 580.14, 28.4900000000016
184891, 28021.5100,  3, 625.84, 28.450000000000728
184896, 28022.0400,  3, 426.56, 28.979999999999563
184907, 28023.2200,  3, 578.21, 30.200000000000728
185033, 28051.2000,  1, 87.13, 13.389999999999418
185033, 28051.2000,  1, 114.28, 13.389999999999418
185051, 28053.1300,  1, 148.89, 15.319999999999709
185078, 28056.0200,  1, 22.37, 18.209999999999127
185110, 28059.4500,  3, 452.98, 21.539999999997235
185146, 28063.3100,  3, 558.66, 25.399999999997817
185189, 28067.9200,  3, 482.46, 30.07999999999811
185220, 28071.2400,  3, 356.44, 33.32999999999811
185312, 28095.6300,  1, -12.40, 9.7400000000016
185395, 28104.5200,  3, 383.39, 18.61999999999898
185423, 28107.5200,  3, 404.82, 21.590000000000146
185444, 28109.7700,  3, 497.82, 23.790000000000873
185447, 28110.1000,  3, 517.63, 24.100000000002183
185463, 28111.8100,  1, 308.30, 25.92000000000189
185464, 28111.9200,  3, 523.39, 25.979999999999563
185492, 28114.9200,  3, 457.46, 29.010000000002037
185683, 28149.6500,  3, 399.76, 20.290000000000873
185700, 28151.4700,  3, 433.20, 22.110000000000582
185706, 28152.1100,  3, 487.04, 22.720000000001164
185723, 28153.9400,  3, 351.16, 24.600000000002183
185727, 28154.3600,  3, 482.46, 24.9900000000016
185750, 28156.8300,  3, 417.46, 27.459999999999127
185750, 28156.8300,  3, 533.60, 27.450000000000728
185778, 28159.8300,  3, 517.00, 30.44000000000233
185886, 28185.8500,  1, 7.26, 11.469999999997526
185886, 28185.8500,  1, 89.11, 11.469999999997526
185971, 28194.9500,  3, 439.02, 20.5099999999984
185982, 28196.1300,  3, 492.04, 21.639999999999418
186005, 28198.6000,  3, 453.16, 24.149999999997817
186017, 28199.8800,  3, 382.91, 25.43999999999869
186035, 28201.8100,  3, 596.42, 27.419999999998254
186199, 28219.3800,  3, 577.76, 44.89999999999782
186303, 28245.8600,  1, 51.95, 11.040000000000873
186303, 28245.8600,  1, 105.48, 11.040000000000873
186349, 28250.7900,  1, 113.85, 15.970000000001164
186349, 28250.7900,  1, 78.33, 15.970000000001164
186408, 28257.1100,  3, 518.30, 22.209999999999127
186408, 28257.1100,  3, 487.78, 22.270000000000437
186434, 28259.9000,  3, 472.95, 25.040000000000873
186494, 28266.3300,  1, 242.17, 31.510000000002037
186581, 28290.3300,  1, 33.27, 9.110000000000582
186687, 28301.6900,  3, 425.11, 20.36999999999898
186688, 28301.7900,  3, 462.78, 20.520000000000437
186702, 28303.2900,  3, 506.49, 22.05999999999767
186706, 28303.7200,  3, 426.13, 22.399999999997817
186720, 28305.2200,  3, 454.06, 23.969999999997526
186759, 28309.4000,  3, 509.93, 28.139999999999418
186776, 28311.2200,  3, 465.16, 29.909999999999854
186901, 28339.9700,  1, 84.33, 13.290000000000873
186964, 28346.7200,  3, 431.76, 19.959999999999127
187006, 28351.2200,  3, 430.46, 24.43999999999869
187020, 28352.7200,  3, 389.09, 26.0
187031, 28353.9000,  3, 458.77, 27.169999999998254
187052, 28356.1500,  3, 452.15, 29.450000000000728
187067, 28357.7600,  3, 359.64, 30.989999999997963
187174, 28369.2200,  3, 439.04, 42.47999999999956
187288, 28395.9500,  1, 94.20, 12.110000000000582
187288, 28395.9500,  1, -0.27, 12.110000000000582
187370, 28404.7400,  3, 438.68, 20.840000000000146
187381, 28405.9200,  3, 383.83, 21.979999999999563
187413, 28409.3500,  3, 392.70, 25.43999999999869
187426, 28410.7400,  3, 467.06, 26.81000000000131
187431, 28411.2700,  3, 432.59, 27.400000000001455
187484, 28416.9500,  3, 366.58, 33.099999999998545
187513, 28434.5100,  1, -162.28, 3.0099999999983993
187602, 28444.0400,  1, 4.26, 12.540000000000873
187602, 28444.0400,  1, 77.36, 12.540000000000873
187724, 28457.1100,  3, 534.62, 25.56999999999971
187741, 28458.9400,  3, 478.80, 27.389999999999418
187755, 28460.4400,  3, 583.54, 28.909999999999854
187835, 28469.0100,  3, 635.25, 37.43000000000029
187846, 28470.1900,  3, 513.88, 38.63999999999942
188051, 28506.5200,  3, 528.42, 21.790000000000873
188056, 28507.0600,  3, 447.01, 22.320000000003347
188074, 28508.9900,  3, 355.32, 24.220000000001164
188078, 28509.4200,  3, 458.23, 24.710000000002765
188079, 28509.5200,  3, 452.88, 24.830000000001746
188108, 28512.6300,  3, 460.61, 27.910000000003492
188134, 28515.4200,  3, 491.76, 30.720000000001164
188169, 28519.1700,  3, 425.16, 34.400000000001455
188290, 28546.4700,  1, 102.46, 12.850000000002183
188316, 28549.2600,  1, 73.46, 15.639999999999418
188316, 28549.2600,  1, 97.31, 15.639999999999418
188362, 28554.1900,  3, 462.06, 20.530000000002474
188373, 28555.3600,  3, 446.21, 21.69000000000233
188385, 28556.6500,  3, 487.59, 22.950000000000728
188414, 28559.7600,  3, 451.34, 26.100000000002183
188431, 28561.5800,  3, 504.75, 27.88000000000102
188622, 28596.4200,  3, 433.62, 20.30999999999767
188638, 28598.1300,  3, 454.94, 22.049999999999272
188668, 28601.3500,  3, 411.84, 25.19999999999709
188675, 28602.1000,  3, 395.51, 25.94999999999709
188687, 28603.3800,  3, 463.52, 27.30999999999767
188703, 28605.1000,  3, 489.28, 28.989999999997963
188710, 28605.8500,  3, 440.66, 29.739999999997963
188751, 28610.2400,  3, 518.18, 34.090000000000146
188951, 28646.1700,  3, 465.14, 21.270000000000437
188991, 28650.4500,  3, 408.26, 25.510000000002037
189000, 28651.4200,  3, 428.52, 26.510000000002037
189011, 28652.6000,  3, 439.70, 27.7400000000016
189028, 28654.4200,  3, 534.68, 29.530000000002474
189042, 28655.9200,  3, 507.02, 31.040000000000873
189104, 28662.5600,  3, 754.71, 37.650000000001455
189219, 28674.8800,  2, 336.04,  50
189312, 28699.4200,  1, 62.90, 9.7599999999984
189312, 28699.4200,  1, 90.23, 9.7599999999984
189424, 28711.4200,  3, 398.53, 21.68000000000029
189429, 28711.9500,  3, 531.65, 22.25
189442, 28713.3500,  3, 488.86, 23.68000000000029
189470, 28716.3500,  3, 543.97, 26.61999999999898
189482, 28717.6300,  3, 420.03, 27.88000000000102
189504, 28719.9900,  3, 501.68, 30.279999999998836
189709, 28756.4400,  3, 503.10, 21.81000000000131
189715, 28757.0800,  1, -26.80, 22.510000000002037
189725, 28758.1500,  3, 525.35, 23.510000000002037
189735, 28759.2200,  3, 463.10, 24.580000000001746
189736, 28759.3300,  3, 506.47, 24.659999999999854
189758, 28761.6900,  3, 460.27, 27.040000000000873
189781, 28764.1500,  3, 500.73, 29.5
189836, 28770.0400,  3, 560.73, 35.38999999999942
190023, 28804.5800,  3, 440.62, 19.840000000000146
190059, 28808.4400,  3, 487.27, 23.68000000000029
190061, 28808.6500,  3, 467.55, 23.94999999999709
190063, 28808.8600,  3, 552.77, 24.18000000000029
190068, 28809.4000,  3, 467.70, 24.68999999999869
190073, 28809.9400,  3, 501.40, 25.239999999997963
190086, 28811.3300,  3, 542.56, 26.609999999996944
190098, 28812.6100,  3, 560.19, 27.86999999999898
190189, 28836.8300,  1, -30.61, 9.640000000003056
190189, 28836.8300,  1, 38.04, 9.640000000003056
190291, 28847.7600,  3, 476.67, 20.5
190330, 28851.9400,  3, 481.75, 24.69000000000233
190354, 28854.5100,  3, 430.23, 27.270000000000437
190369, 28856.1100,  3, 580.98, 28.900000000001455
190382, 28857.5100,  3, 441.02, 30.30000000000291
190392, 28858.5800,  3, 451.71, 31.38000000000102
190466, 28880.9900,  1, -9.18, 7.820000000003347
190466, 28880.9900,  1, -28.24, 7.820000000003347
190568, 28891.9200,  3, 458.75, 18.650000000001455
190626, 28898.1300,  3, 558.13, 24.88000000000102
190628, 28898.3500,  3, 519.49, 25.13000000000102
190633, 28898.8800,  3, 396.44, 25.640000000003056
190653, 28901.0200,  3, 514.78, 27.770000000000437
190654, 28901.1300,  1, 141.36, 27.960000000002765
190839, 28935.3800,  3, 470.29, 19.580000000001746
190859, 28937.5200,  3, 489.04, 21.720000000001164
190874, 28939.1300,  3, 519.76, 23.270000000000437
190899, 28941.8100,  3, 457.23, 26.020000000000437
190903, 28942.2400,  3, 547.05, 26.409999999999854
190914, 28943.4200,  3, 491.33, 27.540000000000873
190925, 28944.6000,  3, 584.91, 28.729999999999563
190946, 28946.8500,  3, 574.26, 31.05000000000291
191042, 28971.6000,  1, 77.60, 10.18999999999869
191042, 28971.6000,  1, 23.16, 10.18999999999869
191064, 28973.9500,  1, 11.51, 12.540000000000873
191064, 28973.9500,  1, 63.98, 12.540000000000873
191136, 28981.6700,  3, 423.64, 20.229999999999563
191191, 28987.5600,  3, 445.65, 26.049999999999272
191214, 28990.0200,  3, 472.33, 28.529999999998836
191234, 28992.1700,  3, 550.69, 30.68000000000029
191371, 29021.1500,  1, 128.23, 14.580000000001746
191371, 29021.1500,  1, 6.76, 14.580000000001746
191427, 29027.1500,  3, 484.92, 20.520000000000437
191491, 29034.0100,  3, 518.70, 27.389999999999418
191506, 29035.6100,  3, 646.63, 28.959999999999127
191508, 29035.8300,  3, 490.13, 29.150000000001455
191521, 29037.2200,  3, 606.27, 30.580000000001746
191543, 29039.5800,  3, 405.63, 32.9900000000016
191743, 29075.5100,  3, 485.25, 21.290000000000873
191765, 29077.8600,  3, 501.88, 23.669999999998254
191769, 29078.2900,  3, 563.01, 24.06999999999971
191770, 29078.4000,  3, 466.68, 24.139999999999418
191777, 29079.1500,  3, 524.24, 24.909999999999854
191800, 29081.6100,  3, 618.90, 27.409999999999854
191826, 29084.4000,  3, 581.54, 30.169999999998254
191836, 29085.4700,  3, 498.88, 31.18999999999869
191911, 29107.7700,  1, 42.21, 7.930000000000291
191911, 29107.7700,  1, -8.44, 7.930000000000291
192019, 29119.3500,  3, 438.85, 19.4900000000016
192021, 29119.5600,  3, 424.39, 19.610000000000582
192068, 29124.6000,  3, 602.02, 24.669999999998254
192071, 29124.9200,  3, 517.39, 25.06999999999971
192073, 29125.1300,  3, 562.30, 25.200000000000728
192102, 29128.2400,  3, 527.01, 28.36999999999898
192213, 29154.6300,  1, 79.28, 11.780000000002474
192213, 29154.6300,  1, 95.22, 11.780000000002474
192223, 29155.7000,  1, 91.36, 12.850000000002183
192223, 29155.7000,  1, 121.77, 12.850000000002183
192285, 29162.3500,  3, 454.01, 19.44000000000233
192310, 29165.0200,  3, 400.64, 22.12000000000262
192319, 29165.9900,  3, 493.27, 23.100000000002183
192327, 29166.8500,  3, 463.54, 23.960000000002765
192418, 29191.1700,  1, 65.15, 9.649999999997817
192418, 29191.1700,  1, 57.45, 9.649999999997817
192462, 29195.8800,  1, 86.96, 14.360000000000582
192462, 29195.8800,  1, 52.24, 14.360000000000582
192522, 29202.3100,  3, 466.45, 20.700000000000728
192542, 29204.4500,  3, 497.45, 22.88000000000102
192558, 29206.1700,  3, 463.96, 24.56000000000131
192585, 29209.0600,  3, 559.25, 27.43000000000029
192778, 29244.2600,  1, 145.21, 20.56999999999971
192778, 29244.2600,  1, 190.98, 20.56999999999971
192789, 29245.4400,  3, 491.21, 21.659999999999854
192793, 29245.8600,  3, 539.86, 22.159999999999854
192807, 29247.3600,  3, 513.90, 23.650000000001455
192815, 29248.2200,  3, 559.29, 24.510000000002037
192824, 29249.1900,  3, 596.33, 25.400000000001455
192858, 29252.8300,  3, 621.20, 29.030000000002474
193045, 29288.2600,  3, 501.37, 19.859999999996944
193046, 29288.3600,  3, 490.21, 19.93999999999869
193075, 29291.4700,  3, 454.65, 23.06999999999971
193081, 29292.1100,  3, 522.71, 23.68999999999869
193081, 29292.1100,  3, 541.08, 23.69999999999709
193095, 29293.6100,  3, 513.49, 25.209999999999127
193100, 29294.1500,  3, 441.61, 25.75
193113, 29295.5400,  3, 572.23, 27.139999999999418
193241, 29323.6700,  1, 115.90, 13.609999999996944
193241, 29323.6700,  1, 171.09, 13.609999999996944
193306, 29330.6300,  3, 450.57, 20.469999999997526
193308, 29330.8500,  3, 439.55, 20.729999999999563
193331, 29333.3100,  3, 421.18, 23.18999999999869
193344, 29334.7000,  3, 463.78, 24.599999999998545
193355, 29335.8800,  3, 487.29, 25.739999999997963
193358, 29336.2000,  3, 512.92, 26.07999999999811
193529, 29369.9000,  3, 375.68, 18.12000000000262
193534, 29370.4400,  3, 457.83, 18.68000000000029
193558, 29373.0100,  3, 446.27, 21.290000000000873
193577, 29375.0400,  3, 545.24, 23.280000000002474
193577, 29375.0400,  3, 588.41, 23.270000000000437
193590, 29376.4400,  3, 472.62, 24.720000000001164
193603, 29377.8300,  3, 469.27, 26.110000000000582
193610, 29378.5800,  3, 568.41, 26.780000000002474
193692, 29401.7700,  1, -59.48, 8.670000000001892
193692, 29401.7700,  1, -15.93, 8.670000000001892
193711, 29403.8100,  1, 30.91, 10.710000000002765
193711, 29403.8100,  1, 88.43, 10.710000000002765
193739, 29406.8100,  1, 6.18, 13.710000000002765
193739, 29406.8100,  1, 140.64, 13.710000000002765
193804, 29413.7700,  3, 452.89, 20.600000000002183
193840, 29417.6300,  3, 579.64, 24.4900000000016
193939, 29442.7600,  1, 42.03, 10.5
193939, 29442.7600,  1, 74.89, 10.5
193957, 29444.6900,  1, 36.51, 12.430000000000291
194012, 29450.5800,  3, 461.05, 18.30000000000291
194024, 29451.8600,  3, 450.18, 19.510000000002037
194025, 29451.9700,  3, 494.20, 19.67000000000189
194042, 29453.7900,  3, 474.92, 21.470000000001164
194075, 29457.3300,  3, 463.38, 25.020000000000437
194228, 29488.1300,  1, 50.67, 16.290000000000873
194271, 29492.7400,  3, 433.00, 20.849999999998545
194307, 29496.6000,  3, 444.78, 24.7400000000016
194316, 29497.5600,  3, 544.79, 25.61999999999898
194321, 29498.1000,  3, 556.83, 26.209999999999127
194347, 29500.8800,  3, 663.02, 28.959999999999127
194347, 29500.8800,  3, 506.08, 29.029999999998836
194385, 29504.9500,  3, 532.30, 33.04999999999927
194481, 29529.6100,  1, -18.95, 10.180000000000291
194500, 29531.6500,  1, 69.29, 12.220000000001164
194500, 29531.6500,  1, 56.27, 12.220000000001164
194502, 29531.8600,  1, 80.96, 12.430000000000291
194502, 29531.8600,  1, 79.58, 12.430000000000291
194581, 29540.3300,  3, 477.32, 20.799999999999272
194581, 29540.3300,  3, 504.58, 20.88000000000102
194674, 29550.2900,  3, 524.43, 30.779999999998836
194767, 29574.6300,  1, 15.53, 9.860000000000582
194767, 29574.6300,  1, 4.10, 9.860000000000582
194818, 29580.1000,  1, 104.87, 15.329999999998108
194865, 29585.1300,  3, 501.20, 20.299999999999272
194879, 29586.6300,  3, 488.24, 21.849999999998545
194879, 29586.6300,  3, 551.61, 21.770000000000437
194883, 29587.0600,  3, 475.33, 22.209999999999127
194898, 29588.6700,  3, 494.63, 23.799999999999272
195111, 29626.0200,  3, 476.18, 22.639999999999418
195117, 29626.6700,  3, 481.38, 23.2599999999984
195125, 29627.5200,  3, 456.06, 24.11999999999898
195128, 29627.8500,  3, 549.82, 24.5
195154, 29630.6300,  3, 498.91, 27.289999999997235
195156, 29630.8500,  3, 523.27, 27.520000000000437
195159, 29631.1700,  3, 443.98, 27.799999999999272
195170, 29632.3500,  3, 570.27, 29.020000000000437
195273, 29657.8300,  1, -6.66, 10.930000000000291
195367, 29667.9000,  3, 498.50, 20.969999999997526
195384, 29669.7200,  3, 464.27, 22.7699999999968
195387, 29670.0400,  3, 524.56, 23.099999999998545
195399, 29671.3300,  3, 466.41, 24.409999999999854
195403, 29671.7600,  3, 526.17, 24.80999999999767
195418, 29673.3600,  3, 450.12, 26.36999999999898
195451, 29676.9000,  3, 659.57, 29.959999999999127
195525, 29699.2600,  1, 7.96, 7.829999999998108
195525, 29699.2600,  1, -8.74, 7.829999999998108
195647, 29712.3300,  1, 137.59, 20.900000000001455
195693, 29717.2600,  3, 523.36, 25.75
195711, 29719.1900,  3, 482.67, 27.720000000001164
195713, 29719.4000,  3, 499.10, 27.919999999998254
195715, 29719.6100,  3, 500.76, 28.13000000000102
195719, 29720.0400,  3, 470.25, 28.540000000000873
195788, 29742.0400,  1, -11.59, 7.280000000002474
195788, 29742.0400,  1, -16.62, 7.280000000002474
195831, 29746.6500,  1, 58.89, 11.890000000003056
195831, 29746.6500,  1, 78.13, 11.890000000003056
195920, 29756.1900,  3, 467.21, 21.340000000000146
195937, 29758.0100,  3, 564.51, 23.2300000000032
195954, 29759.8300,  3, 479.85, 25.030000000002474
195992, 29763.9000,  3, 552.52, 29.110000000000582
196140, 29794.2000,  1, 19.13, 15.7400000000016
196140, 29794.2000,  1, 100.20, 15.7400000000016
196175, 29797.9500,  3, 439.45, 19.479999999999563
196185, 29799.0200,  3, 462.85, 20.4900000000016
196187, 29799.2400,  3, 494.47, 20.709999999999127
196251, 29806.1000,  3, 489.53, 27.530000000002474
196277, 29808.8800,  3, 554.85, 30.360000000000582
196363, 29818.1000,  1, 377.23, 39.63999999999942
196433, 29840.8600,  1, -48.42, 7.389999999999418
196433, 29840.8600,  1, 23.47, 7.389999999999418
196477, 29845.5800,  1, 115.59, 12.110000000000582
196477, 29845.5800,  1, 91.83, 12.110000000000582
196544, 29852.7600,  3, 420.44, 19.239999999997963
196582, 29856.8300,  3, 411.25, 23.340000000000146
196583, 29856.9400,  3, 479.15, 23.44999999999709
196654, 29864.5400,  3, 579.66, 31.020000000000437
196842, 29899.0100,  3, 492.64, 19.9900000000016
196848, 29899.6500,  3, 470.21, 20.610000000000582
196852, 29900.0800,  3, 459.24, 21.080000000001746
196859, 29900.8300,  3, 497.42, 21.770000000000437
196860, 29900.9400,  3, 474.64, 21.86999999999898
196898, 29905.0100,  3, 485.01, 25.93999999999869
196905, 29905.7600,  3, 544.06, 26.770000000000437
196905, 29905.7600,  3, 544.12, 26.700000000000728
197052, 29935.9000,  1, 193.19, 15.640000000003056
197052, 29935.9000,  1, 163.97, 15.640000000003056
197080, 29938.9000,  3, 462.67, 18.62000000000262
197086, 29939.5400,  3, 466.66, 19.270000000000437
197114, 29942.5400,  3, 500.04, 22.220000000001164
197114, 29942.5400,  3, 491.54, 22.2300000000032
197124, 29943.6100,  3, 507.82, 23.320000000003347
197174, 29948.9700,  3, 592.57, 28.650000000001455
197341, 29981.2900,  1, -0.42, 17.790000000000873
197341, 29981.2900,  1, 37.06, 17.790000000000873
197375, 29984.9400,  3, 475.73, 21.409999999999854
197375, 29984.9400,  3, 473.05, 21.400000000001455
197384, 29985.9000,  3, 470.27, 22.38000000000102
197410, 29988.6900,  3, 525.83, 25.110000000000582
197463, 29994.3600,  3, 419.14, 30.7599999999984
197485, 29996.7200,  3, 491.40, 33.169999999998254
197551, 30018.1500,  1, -60.89, 6.960000000002765
197551, 30018.1500,  1, -8.40, 6.960000000002765
197630, 30026.6100,  1, 169.64, 15.420000000001892
197630, 30026.6100,  1, 27.64, 15.420000000001892
197696, 30033.6900,  3, 479.00, 22.479999999999563
197710, 30035.1900,  3, 473.80, 23.9900000000016
197710, 30035.1900,  3, 451.58, 23.950000000000728
197758, 30040.3300,  3, 540.31, 29.12000000000262
197897, 30070.4700,  1, 105.62, 14.790000000000873
197897, 30070.4700,  1, 39.05, 14.790000000000873
197977, 30079.0400,  3, 547.76, 23.279999999998836
197985, 30079.9000,  3, 496.97, 24.110000000000582
197993, 30080.7600,  3, 497.78, 25.06999999999971
197997, 30081.1900,  3, 535.54, 25.43999999999869
198014, 30083.0100,  3, 580.17, 27.229999999999563
198029, 30084.6100,  3, 563.33, 28.900000000001455
198233, 30120.9500,  3, 464.09, 21.68000000000029
198237, 30121.3800,  3, 432.76, 22.13000000000102
198242, 30121.9200,  3, 555.36, 22.709999999999127
198259, 30123.7400,  3, 447.16, 24.5099999999984
198278, 30125.7700,  3, 523.32, 26.529999999998836
198281, 30126.1000,  3, 506.74, 26.88000000000102
198286, 30126.6300,  3, 455.65, 27.349999999998545
198373, 30135.9500,  3, 625.65, 36.719999999997526
198483, 30162.9400,  1, -57.91, 11.680000000000291
198520, 30166.9000,  1, 9.19, 15.640000000003056
198520, 30166.9000,  1, 208.58, 15.640000000003056
198583, 30173.6500,  3, 486.11, 22.330000000001746
198594, 30174.8300,  3, 490.17, 23.55000000000291
198597, 30175.1500,  3, 487.47, 23.820000000003347
198606, 30176.1100,  3, 552.62, 24.760000000002037
198693, 30185.4400,  3, 642.08, 34.080000000001746
198866, 30219.3800,  3, 453.07, 18.349999999998545
198878, 30220.6700,  3, 441.63, 19.63000000000102
198884, 30221.3100,  3, 488.04, 20.340000000000146
198908, 30223.8800,  3, 498.19, 22.899999999997817
198908, 30223.8800,  3, 531.65, 22.82999999999811
198917, 30224.8500,  3, 438.45, 23.82999999999811
198939, 30227.2000,  3, 561.98, 26.229999999999563
198958, 30229.2400,  3, 536.40, 28.25
199147, 30264.7600,  3, 473.10, 20.080000000001746
199149, 30264.9700,  3, 472.94, 20.31000000000131
199151, 30265.1900,  3, 490.34, 20.549999999999272
199164, 30266.5800,  3, 533.74, 21.860000000000582
199190, 30269.3600,  3, 447.78, 24.659999999999854
199192, 30269.5800,  3, 370.15, 24.88000000000102
199193, 30269.6900,  3, 479.31, 24.9900000000016
199206, 30271.0800,  3, 452.97, 26.360000000000582
199334, 30299.0800,  1, 161.91, 13.610000000000582
199334, 30299.0800,  1, 36.58, 13.610000000000582
199372, 30303.1500,  1, 111.82, 17.68000000000029
199372, 30303.1500,  1, 50.23, 17.68000000000029
199405, 30306.6900,  3, 495.16, 21.11999999999898
199408, 30307.0100,  3, 479.96, 21.5
199451, 30311.6100,  3, 499.57, 26.110000000000582
199491, 30315.9000,  3, 574.65, 30.389999999999418
199604, 30342.5200,  1, 97.50, 11.9900000000016
199604, 30342.5200,  1, 116.54, 11.9900000000016
199687, 30351.4200,  3, 453.59, 20.860000000000582
199688, 30351.5200,  3, 516.21, 20.900000000001455
199700, 30352.8100,  3, 513.17, 22.200000000000728
199711, 30353.9900,  3, 508.47, 23.350000000002183
199714, 30354.3100,  3, 438.78, 23.7400000000016
199765, 30359.7700,  3, 554.59, 29.17000000000189
199876, 30386.0600,  1, 64.75, 11.790000000000873
199876, 30386.0600,  1, 86.12, 11.790000000000873
199897, 30388.3100,  1, 78.00, 14.040000000000873
199897, 30388.3100,  1, 121.14, 14.040000000000873
199906, 30389.2700,  1, 140.51, 15.0
199906, 30389.2700,  1, -28.00, 15.0
199982, 30397.4200,  3, 534.57, 23.07999999999811
200012, 30400.6300,  3, 481.54, 26.31000000000131
200126, 30427.3300,  1, 68.70, 12.100000000002183
200126, 30427.3300,  1, 91.62, 12.100000000002183
200210, 30436.3300,  3, 437.13, 21.040000000000873
200218, 30437.1900,  3, 516.51, 21.900000000001455
200252, 30440.8300,  3, 532.14, 25.520000000000437
200252, 30440.8300,  3, 590.26, 25.5
200263, 30442.0100,  3, 630.56, 26.729999999999563
200396, 30456.2600,  3, 533.64, 40.93000000000029
200506, 30482.4700,  1, 36.36, 11.680000000000291
200506, 30482.4700,  1, 99.66, 11.680000000000291
200521, 30484.0800,  1, 116.88, 13.290000000000873
200521, 30484.0800,  1, -19.21, 13.290000000000873
200601, 30492.6500,  3, 484.16, 21.770000000000437
200605, 30493.0800,  3, 533.99, 22.2599999999984
200628, 30495.5400,  3, 466.04, 24.700000000000728
200692, 30502.4000,  3, 554.95, 31.599999999998545
200811, 30529.9200,  1, 70.22, 12.649999999997817
200865, 30535.7000,  3, 450.84, 18.389999999999418
200895, 30538.9200,  3, 386.44, 21.549999999999272
200918, 30541.3800,  3, 517.55, 24.06999999999971
200920, 30541.6000,  3, 534.05, 24.239999999997963
200922, 30541.8100,  3, 378.76, 24.529999999998836
200923, 30541.9200,  3, 529.28, 24.63000000000102
200950, 30544.8100,  3, 611.84, 27.43999999999869
201058, 30571.6900,  1, 117.55, 11.459999999999127
201058, 30571.6900,  1, 115.63, 11.459999999999127
201145, 30581.0100,  3, 474.05, 20.7400000000016
201162, 30582.8300,  3, 481.57, 22.590000000000146
201187, 30585.5100,  3, 453.37, 25.270000000000437
201194, 30586.2600,  3, 435.49, 25.92000000000189
201196, 30586.4700,  3, 467.91, 26.209999999999127
201234, 30590.5400,  3, 531.11, 30.2400000000016
201410, 30623.7700,  3, 456.59, 18.720000000001164
201460, 30629.1300,  3, 502.13, 24.06999999999971
201464, 30629.5600,  3, 599.06, 24.43000000000029
201469, 30630.1000,  3, 524.91, 24.970000000001164
201469, 30630.1000,  3, 523.47, 25.030000000002474
201471, 30630.3100,  3, 348.81, 25.18000000000029
201488, 30632.1300,  3, 445.19, 27.030000000002474
201524, 30635.9900,  3, 572.50, 30.860000000000582
201715, 30671.8300,  3, 451.57, 20.32999999999811
201724, 30672.7900,  3, 485.93, 21.270000000000437
201729, 30673.3300,  3, 427.48, 21.789999999997235
201733, 30673.7600,  3, 486.87, 22.239999999997963
201743, 30674.8300,  3, 538.84, 23.32999999999811
201744, 30674.9400,  3, 545.12, 23.409999999999854
201770, 30677.7200,  3, 482.99, 26.149999999997817
201781, 30678.9000,  3, 512.50, 27.360000000000582
201964, 30712.9500,  3, 459.62, 19.400000000001455
202036, 30720.6700,  3, 456.88, 27.12000000000262
202045, 30721.6300,  3, 460.23, 28.100000000002183
202051, 30722.2700,  3, 586.26, 28.75
202058, 30723.0200,  3, 465.30, 29.510000000002037
202067, 30723.9900,  3, 531.00, 30.5
202084, 30725.8100,  3, 556.56, 32.26000000000204
202102, 30727.7400,  3, 671.88, 34.20999999999913
202207, 30753.4000,  1, 68.74, 11.140000000003056
202207, 30753.4000,  1, 69.63, 11.140000000003056
202312, 30764.6500,  3, 499.44, 22.330000000001746
202314, 30764.8600,  3, 464.50, 22.55000000000291
202328, 30766.3600,  3, 513.89, 24.020000000000437
202341, 30767.7600,  3, 581.82, 25.450000000000728
202355, 30769.2600,  3, 504.70, 26.9800000000032
202365, 30770.3300,  3, 468.23, 27.9900000000016
202494, 30798.5800,  1, 162.24, 13.720000000001164
202494, 30798.5800,  1, 162.77, 13.720000000001164
202573, 30807.0400,  3, 498.89, 22.139999999999418
202594, 30809.2900,  3, 473.28, 24.32999999999811
202598, 30809.7200,  3, 505.01, 24.779999999998836
202649, 30815.1900,  3, 386.76, 30.229999999999563
202690, 30819.5800,  3, 470.85, 34.63999999999942
202806, 30832.0100,  3, 460.35, 47.04999999999927
202881, 30854.6000,  1, -38.26, 7.93999999999869
202881, 30854.6000,  1, 25.20, 7.93999999999869
202992, 30866.4900,  3, 461.20, 19.7599999999984
203004, 30867.7700,  3, 462.31, 21.06999999999971
203012, 30868.6300,  3, 460.43, 21.950000000000728
203012, 30868.6300,  1, 242.57, 21.970000000001164
203078, 30875.7000,  3, 599.66, 28.950000000000728
203171, 30885.6700,  3, 448.40, 38.95999999999913
203318, 30915.9500,  1, 85.35, 15.639999999999418
203405, 30925.2700,  3, 539.44, 24.86999999999898
203408, 30925.6000,  3, 457.55, 25.18999999999869
203417, 30926.5600,  3, 547.07, 26.159999999999854
203419, 30926.7700,  3, 515.84, 26.43999999999869
203424, 30927.3100,  3, 527.24, 26.989999999997963
203501, 30935.5600,  3, 647.87, 35.18000000000029
203621, 30948.4200,  1, 246.61, 48.109999999996944
203714, 30972.8300,  1, 60.78, 9.75
203726, 30974.1100,  1, 115.60, 11.029999999998836
203726, 30974.1100,  1, -6.65, 11.029999999998836
203832, 30985.4700,  3, 545.93, 22.279999999998836
203853, 30987.7200,  3, 606.07, 24.62999999999738
203858, 30988.2600,  3, 543.99, 25.169999999998254
203877, 30990.2900,  3, 408.08, 27.109999999996944
203896, 30992.3300,  3, 420.52, 29.209999999999127
203997, 31018.3300,  1, 55.91, 10.720000000001164
203997, 31018.3300,  1, 101.11, 10.720000000001164
204075, 31026.6900,  3, 457.57, 19.0
204088, 31028.0800,  3, 483.82, 20.38000000000102
204092, 31028.5100,  1, 123.23, 20.899999999997817
204112, 31030.6500,  3, 518.70, 23.0099999999984
204144, 31034.0800,  3, 455.18, 26.399999999997817
204174, 31037.2900,  3, 482.06, 29.659999999999854
204373, 31073.0800,  3, 433.21, 21.110000000000582
204385, 31074.3600,  3, 435.66, 22.42000000000189
204388, 31074.6900,  3, 415.65, 22.81000000000131
204389, 31074.7900,  3, 480.74, 22.860000000000582
204399, 31075.8600,  3, 498.39, 23.93000000000029
204409, 31076.9400,  3, 497.57, 25.030000000002474
204417, 31077.7900,  3, 490.03, 25.909999999999854
204463, 31082.7200,  3, 485.07, 30.81999999999971
204661, 31118.3800,  3, 433.99, 21.020000000000437
204677, 31120.1000,  3, 500.52, 22.720000000001164
204688, 31121.2700,  3, 490.87, 23.959999999999127
204700, 31122.5600,  3, 523.05, 25.18999999999869
204703, 31122.8800,  3, 430.70, 25.5099999999984
204724, 31125.1300,  3, 559.89, 27.81000000000131
204747, 31127.6000,  3, 592.63, 30.220000000001164
204752, 31128.1300,  3, 471.25, 30.81000000000131
204856, 31153.5600,  1, -64.76, 11.030000000002474
204878, 31155.9200,  1, 14.61, 13.389999999999418
204878, 31155.9200,  1, 83.06, 13.389999999999418
204907, 31159.0200,  1, -35.22, 16.4900000000016
204972, 31165.9900,  1, 313.89, 23.460000000002765
204982, 31167.0600,  3, 467.62, 24.520000000000437
205018, 31170.9200,  3, 610.14, 28.360000000000582
205019, 31171.0200,  3, 441.24, 28.400000000001455
205133, 31197.9000,  1, 95.00, 12.100000000002183
205133, 31197.9000,  1, 109.79, 12.100000000002183
205217, 31206.9000,  3, 411.45, 21.090000000000146
205219, 31207.1100,  3, 529.87, 21.25
205229, 31208.1900,  3, 434.87, 22.290000000000873
205236, 31208.9400,  3, 493.51, 23.090000000000146
205253, 31210.7600,  3, 441.25, 24.88000000000102
205332, 31219.2200,  3, 684.80, 33.36000000000058
205460, 31247.4200,  1, 158.75, 13.609999999996944
205460, 31247.4200,  1, 99.45, 13.609999999996944
205525, 31254.3800,  3, 472.34, 20.55999999999767
205548, 31256.8500,  3, 512.70, 22.959999999999127
205581, 31260.3800,  3, 468.60, 26.5
205584, 31260.7000,  3, 492.36, 26.840000000000146
205634, 31266.0600,  3, 544.44, 32.20999999999913
205687, 31271.7400,  3, 688.98, 37.87999999999738
205804, 31298.6000,  1, 23.16, 12.430000000000291
205873, 31305.9900,  3, 476.90, 19.720000000001164
205891, 31307.9200,  3, 437.97, 21.700000000000728
205898, 31308.6700,  3, 477.57, 22.42000000000189
205899, 31308.7700,  3, 493.17, 22.570000000003347
205918, 31310.8100,  3, 524.48, 24.62000000000262
205918, 31310.8100,  3, 551.31, 24.580000000001746
205919, 31310.9200,  3, 530.35, 24.710000000002765
206116, 31346.1700,  3, 435.07, 20.94000000000233
206129, 31347.5600,  3, 505.98, 22.320000000003347
206132, 31347.8800,  3, 411.25, 22.610000000000582
206133, 31347.9900,  3, 474.13, 22.770000000000437
206133, 31347.9900,  3, 477.62, 22.790000000000873
206183, 31353.3500,  3, 611.07, 28.110000000000582
206207, 31355.9200,  3, 439.87, 30.7400000000016
206236, 31359.0200,  3, 577.04, 33.76000000000204
206437, 31396.0600,  3, 398.40, 21.360000000000582
206441, 31396.4900,  3, 506.84, 21.770000000000437
206454, 31397.8800,  3, 489.45, 23.209999999999127
206455, 31397.9900,  3, 498.47, 23.270000000000437
206458, 31398.3100,  3, 472.16, 23.639999999999418
206499, 31402.7000,  3, 482.60, 27.969999999997526
206509, 31403.7700,  3, 553.63, 29.049999999999272
206576, 31410.9500,  3, 425.90, 36.279999999998836
206767, 31445.7200,  3, 478.92, 20.31999999999971
206771, 31446.1500,  3, 449.94, 20.770000000000437
206786, 31447.7600,  3, 521.68, 22.290000000000873
206806, 31449.9000,  3, 544.79, 24.479999999999563
206828, 31452.2600,  3, 499.88, 26.88000000000102
206840, 31453.5400,  3, 546.66, 28.13000000000102
206849, 31454.5100,  3, 483.91, 29.090000000000146
206891, 31459.0100,  3, 412.29, 33.590000000000146
206950, 31479.8300,  1, -14.94, 6.210000000002765
206950, 31479.8300,  1, -5.82, 6.210000000002765
207086, 31494.4000,  3, 481.91, 20.7400000000016
207086, 31494.4000,  3, 436.98, 20.760000000002037
207101, 31496.0100,  3, 513.57, 22.31999999999971
207150, 31501.2600,  3, 564.34, 27.530000000002474
207180, 31504.4700,  3, 531.46, 30.830000000001746
207359, 31523.6500,  2, 475.87,  50
207562, 31559.7900,  3, 451.71, 21.529999999998836
207569, 31560.5400,  3, 475.71, 22.279999999998836
207571, 31560.7600,  3, 504.45, 22.5
207575, 31561.1900,  3, 449.55, 22.909999999999854
207582, 31561.9400,  3, 560.50, 23.669999999998254
207587, 31562.4700,  3, 523.68, 24.110000000000582
207601, 31563.9700,  3, 501.75, 25.639999999999418
207828, 31588.2900,  2, 341.17,  50
207914, 31612.0100,  1, 38.85, 9.0
207914, 31612.0100,  1, -23.17, 9.0
208015, 31622.8300,  3, 447.51, 19.7300000000032
208042, 31625.7200,  3, 513.07, 22.68000000000029
208050, 31626.5800,  3, 460.97, 23.530000000002474
208092, 31631.0800,  3, 437.39, 28.020000000000437
208120, 31634.0800,  3, 445.50, 30.970000000001164
208134, 31635.5800,  3, 504.64, 32.54000000000087
208182, 31655.2900,  1, -197.27, 5.040000000000873
208257, 31663.3300,  1, 120.39, 13.080000000001746
208257, 31663.3300,  1, 93.79, 13.080000000001746
208346, 31672.8600,  3, 458.59, 22.580000000001746
208354, 31673.7200,  3, 461.51, 23.450000000000728
208413, 31680.0400,  3, 492.29, 29.770000000000437
208456, 31684.6500,  3, 390.47, 34.349999999998545
208472, 31686.3600,  3, 489.34, 36.02000000000044
208561, 31711.0600,  1, 71.84, 9.430000000000291
208561, 31711.0600,  1, 71.28, 9.430000000000291
208680, 31723.8100,  3, 513.64, 22.07999999999811
208681, 31723.9200,  3, 525.72, 22.25
208695, 31725.4200,  3, 478.95, 23.68000000000029
208729, 31729.0600,  3, 477.09, 27.37999999999738
208739, 31730.1300,  3, 514.41, 28.389999999999418
208739, 31730.1300,  3, 516.68, 28.459999999999127
208798, 31750.8100,  1, -29.22, 6.210000000002765
208798, 31750.8100,  1, -5.55, 6.210000000002765
208957, 31767.8500,  1, 143.92, 23.25
208963, 31768.4900,  3, 493.08, 23.790000000000873
208968, 31769.0200,  3, 499.07, 24.400000000001455
208970, 31769.2400,  3, 506.85, 24.580000000001746
209012, 31773.7400,  3, 559.34, 29.090000000000146
209055, 31778.3500,  3, 540.13, 33.68000000000029
209131, 31800.7900,  1, -16.82, 8.030000000002474
209131, 31800.7900,  1, 41.23, 8.030000000002474
209135, 31801.2200,  1, 15.04, 8.460000000002765
209135, 31801.2200,  1, 34.76, 8.460000000002765
209269, 31815.5800,  3, 459.71, 22.720000000001164
209270, 31815.6900,  3, 502.69, 22.860000000000582
209329, 31822.0100,  3, 611.57, 29.159999999999854
209523, 31842.7900,  2, 399.69,  50
209707, 31876.8500,  3, 433.04, 19.5
209731, 31879.4200,  3, 505.85, 22.0099999999984
209736, 31879.9500,  3, 417.78, 22.599999999998545
209739, 31880.2700,  3, 570.84, 22.849999999998545
209744, 31880.8100,  3, 528.14, 23.400000000001455
209746, 31881.0200,  3, 471.40, 23.639999999999418
209764, 31882.9500,  3, 341.27, 25.520000000000437
209804, 31887.2400,  3, 484.75, 29.88000000000102
209905, 31912.5400,  1, 39.71, 10.709999999999127
209905, 31912.5400,  1, 79.28, 10.709999999999127
210011, 31923.9000,  3, 502.31, 22.039999999997235
210018, 31924.6500,  3, 526.49, 22.719999999997526
210020, 31924.8600,  3, 406.77, 22.979999999999563
210022, 31925.0800,  3, 489.26, 23.139999999999418
210050, 31928.0800,  3, 435.72, 26.219999999997526
210081, 31931.4000,  3, 453.13, 29.5099999999984
210174, 31956.6700,  1, 18.25, 9.859999999996944
210174, 31956.6700,  1, 21.67, 9.859999999996944
210266, 31966.5200,  1, 98.94, 19.709999999999127
210266, 31966.5200,  1, 28.90, 19.709999999999127
210313, 31971.5600,  3, 506.74, 24.719999999997526
210317, 31971.9900,  3, 507.70, 25.139999999999418
210322, 31972.5200,  3, 542.68, 25.68999999999869
210549, 31996.8500,  2, 422.81,  50
210626, 32020.4000,  1, -99.05, 8.040000000000873
210626, 32020.4000,  1, -2.20, 8.040000000000873
210807, 32039.7900,  3, 607.74, 27.409999999999854
210815, 32040.6500,  3, 451.88, 28.220000000001164
210817, 32040.8600,  3, 468.24, 28.450000000000728
210833, 32042.5800,  3, 492.20, 30.110000000000582
210854, 32044.8300,  1, 206.18, 32.470000000001164
210916, 32051.4700,  3, 481.55, 39.090000000000146
210997, 32074.4200,  1, 10.17, 8.579999999998108
210997, 32074.4200,  1, -8.66, 8.579999999998108
211047, 32079.7700,  1, 133.16, 13.930000000000291
211047, 32079.7700,  1, 125.17, 13.930000000000291
211122, 32087.8100,  3, 484.64, 21.959999999999127
211126, 32088.2400,  3, 509.07, 22.38000000000102
211178, 32093.8100,  3, 525.06, 27.900000000001455
211202, 32096.3800,  1, 361.35, 30.540000000000873
211336, 32125.3500,  1, 187.47, 14.139999999999418
211336, 32125.3500,  1, 89.49, 14.139999999999418
211343, 32126.1000,  1, 72.71, 14.889999999999418
211343, 32126.1000,  1, 111.29, 14.889999999999418
211430, 32135.4200,  3, 461.28, 24.200000000000728
211472, 32139.9200,  3, 520.75, 28.659999999999854
211476, 32140.3500,  3, 500.83, 29.06999999999971
211485, 32141.3100,  3, 508.96, 30.010000000002037
211555, 32163.2400,  1, -28.58, 7.390000000003056
211555, 32163.2400,  1, -34.00, 7.390000000003056
211702, 32178.9900,  3, 477.34, 23.080000000001746
211704, 32179.2000,  3, 497.07, 23.280000000002474
211728, 32181.7700,  3, 472.59, 25.909999999999854
211728, 32181.7700,  3, 495.56, 25.830000000001746
211746, 32183.7000,  3, 562.17, 27.81000000000131
211758, 32184.9900,  3, 492.14, 29.100000000002183
211860, 32210.4400,  1, 32.21, 10.829999999998108
211860, 32210.4400,  1, 60.27, 10.829999999998108
211879, 32212.4700,  1, 70.52, 12.860000000000582
211879, 32212.4700,  1, 148.24, 12.860000000000582
211958, 32220.9400,  3, 432.86, 21.290000000000873
211971, 32222.3300,  3, 481.48, 22.649999999997817
212082, 32234.2200,  3, 438.41, 34.54000000000087
212211, 32248.0400,  3, 719.76, 48.38999999999942
212328, 32275.0600,  1, 95.35, 12.430000000000291
212328, 32275.0600,  1, 110.24, 12.430000000000291
212331, 32275.3800,  1, 109.95, 12.75
212331, 32275.3800,  1, 90.06, 12.75
212408, 32283.6300,  3, 409.65, 20.979999999999563
212414, 32284.2700,  3, 382.09, 21.57999999999811
212416, 32284.4900,  3, 488.69, 21.849999999998545
212481, 32291.4500,  3, 586.12, 28.7599999999984
212662, 32325.3300,  3, 445.43, 19.239999999997963
212700, 32329.4000,  3, 440.32, 23.340000000000146
212729, 32332.5100,  3, 419.33, 26.37999999999738
212730, 32332.6100,  3, 514.10, 26.479999999999563
212732, 32332.8300,  3, 437.01, 26.68000000000029
212740, 32333.6900,  3, 410.67, 27.56999999999971
212753, 32335.0800,  3, 468.89, 29.020000000000437
212770, 32336.9000,  3, 571.57, 30.82999999999811
212834, 32357.9400,  1, -29.92, 6.759999999998399
212834, 32357.9400,  1, -23.44, 6.759999999998399
212912, 32366.2900,  1, 144.02, 15.110000000000582
212912, 32366.2900,  1, 173.65, 15.110000000000582
213004, 32376.1500,  3, 441.99, 24.93999999999869
213023, 32378.1900,  3, 543.80, 27.0
213104, 32386.8600,  3, 570.65, 35.650000000001455
213107, 32387.1900,  3, 465.15, 35.95999999999913
213251, 32416.9900,  1, 18.04, 15.330000000001746
213251, 32416.9900,  1, 157.02, 15.330000000001746
213321, 32424.4900,  3, 524.87, 22.7599999999984
213331, 32425.5600,  3, 431.49, 23.860000000000582
213332, 32425.6700,  3, 496.58, 23.93999999999869
213346, 32427.1700,  3, 543.19, 25.43999999999869
213349, 32427.4900,  3, 454.57, 25.81999999999971
213412, 32434.2400,  3, 718.98, 32.54000000000087
213501, 32458.2600,  1, 64.95, 9.429999999996653
213501, 32458.2600,  1, 72.73, 9.429999999996653
213603, 32469.1900,  3, 477.00, 20.2699999999968
213607, 32469.6100,  3, 474.10, 20.739999999997963
213645, 32473.6900,  3, 424.31, 24.7699999999968
213658, 32475.0800,  3, 450.22, 26.18999999999869
213665, 32475.8300,  3, 485.82, 26.899999999997817
213666, 32475.9400,  3, 542.41, 27.06999999999971
213722, 32497.1700,  1, -73.26, 5.889999999999418
213722, 32497.1700,  1, -42.50, 5.889999999999418
213852, 32511.1000,  3, 412.85, 19.7400000000016
213865, 32512.4900,  3, 526.18, 21.100000000002183
213868, 32512.8100,  3, 486.54, 21.460000000002765
213874, 32513.4500,  3, 541.39, 22.150000000001455
213913, 32517.6300,  3, 546.92, 26.31999999999971
213920, 32518.3800,  3, 512.38, 27.020000000000437
214073, 32549.0800,  1, 172.84, 16.280000000002474
214096, 32551.5400,  3, 435.81, 18.69000000000233
214127, 32554.8600,  3, 436.99, 22.020000000000437
214146, 32556.9000,  3, 441.71, 23.9900000000016
214154, 32557.7600,  3, 492.16, 24.900000000001455
214162, 32558.6100,  3, 393.29, 25.709999999999127
214182, 32560.7600,  3, 471.02, 27.94000000000233
214182, 32560.7600,  3, 511.53, 27.909999999999854
214280, 32585.6700,  1, 26.88, 10.399999999997817
214280, 32585.6700,  1, 74.77, 10.399999999997817
214380, 32596.3800,  3, 432.47, 21.049999999999272
214382, 32596.6000,  3, 453.48, 21.290000000000873
214389, 32597.3500,  3, 484.27, 22.040000000000873
214403, 32598.8500,  3, 493.26, 23.5099999999984
214405, 32599.0600,  3, 491.74, 23.700000000000728
214419, 32600.5600,  3, 418.74, 25.220000000001164
214617, 32636.1500,  3, 491.49, 21.040000000000873
214619, 32636.3600,  3, 475.11, 21.270000000000437
214621, 32636.5800,  3, 465.07, 21.4900000000016
214634, 32637.9700,  3, 487.78, 22.81000000000131
214645, 32639.1500,  3, 545.66, 24.0
214653, 32640.0100,  3, 524.49, 24.92000000000189
214657, 32640.4400,  3, 491.82, 25.31999999999971
214712, 32646.3300,  3, 491.55, 31.18000000000029
214886, 32679.3500,  3, 413.54, 18.43000000000029
214920, 32682.9900,  3, 535.34, 22.12999999999738
214924, 32683.4200,  3, 541.90, 22.549999999999272
214931, 32684.1700,  3, 514.15, 23.270000000000437
214941, 32685.2400,  3, 490.50, 24.37999999999738
214959, 32687.1700,  3, 472.32, 26.2599999999984
214986, 32690.0600,  3, 469.73, 29.229999999999563
214999, 32691.4500,  3, 518.03, 30.599999999998545
215182, 32726.3600,  3, 475.06, 19.399999999997817
215193, 32727.5400,  3, 490.30, 20.659999999999854
215197, 32727.9700,  3, 484.72, 21.07999999999811
215224, 32730.8600,  3, 443.77, 23.93000000000029
215224, 32730.8600,  3, 542.29, 23.950000000000728
215262, 32734.9400,  3, 568.96, 28.049999999999272
215276, 32736.4400,  3, 371.78, 29.479999999999563
215467, 32756.9000,  2, 437.37,  50
215681, 32794.4100,  3, 454.85, 22.69999999999709
215683, 32794.6200,  3, 496.94, 22.889999999999418
215685, 32794.8400,  3, 474.59, 23.089999999996508
215687, 32795.0500,  3, 359.88, 23.30999999999767
215694, 32795.8000,  3, 468.72, 24.06999999999971
215711, 32797.6200,  3, 468.81, 25.919999999998254
215712, 32797.7300,  3, 482.11, 25.959999999999127
215731, 32799.7700,  3, 541.32, 28.040000000000873
215803, 32821.7300,  1, 2.96, 7.620000000002619
215803, 32821.7300,  1, -3.41, 7.620000000002619
215912, 32833.4100,  3, 441.72, 19.260000000002037
215933, 32835.6600,  3, 455.86, 21.5
215975, 32840.1600,  3, 450.98, 26.0
215997, 32842.5200,  3, 512.25, 28.37000000000262
216001, 32842.9400,  3, 498.71, 28.760000000002037
216012, 32844.1200,  3, 508.50, 29.94999999999709
216107, 32870.5500,  1, 85.57, 10.090000000003783
216107, 32870.5500,  1, 20.01, 10.090000000003783
216209, 32881.4800,  3, 489.13, 20.9800000000032
216211, 32881.6900,  3, 498.31, 21.12999999999738
216232, 32883.9400,  3, 508.56, 23.470000000001164
216236, 32884.3700,  3, 541.27, 23.87000000000262
216266, 32887.5900,  3, 481.16, 27.110000000000582
216281, 32889.1900,  3, 574.00, 28.68000000000029
216459, 32922.8400,  1, 146.13, 18.959999999999127
216459, 32922.8400,  1, 28.35, 18.959999999999127
216464, 32923.3700,  3, 422.70, 19.43000000000029
216480, 32925.0900,  3, 453.86, 21.200000000004366
216498, 32927.0200,  3, 507.50, 23.12000000000262
216511, 32928.4100,  3, 488.41, 24.520000000004075
216544, 32931.9400,  3, 523.08, 27.9800000000032
216556, 32933.2300,  3, 531.21, 29.330000000001746
216635, 32956.1200,  1, 5.13, 8.35000000000582
216635, 32956.1200,  1, -66.05, 8.35000000000582
216665, 32959.3400,  1, 88.49, 11.569999999999709
216665, 32959.3400,  1, 83.13, 11.569999999999709
216753, 32968.7700,  3, 473.73, 20.93000000000029
216798, 32973.5900,  3, 473.19, 25.75
216804, 32974.2300,  3, 512.17, 26.42000000000553
216829, 32976.9100,  3, 566.53, 29.05000000000291
216914, 33000.3700,  1, 31.79, 8.990000000005239
216914, 33000.3700,  1, 6.12, 8.990000000005239
216969, 33006.2700,  1, 54.96, 14.889999999999418
217016, 33011.3000,  3, 387.85, 19.81999999999971
217062, 33016.2300,  3, 602.78, 24.81999999999971
217090, 33019.2300,  3, 481.44, 27.790000000000873
217093, 33019.5500,  3, 393.65, 28.090000000003783
217139, 33024.4800,  3, 610.79, 32.99000000000524
217236, 33049.1200,  1, 82.53, 10.30000000000291
217296, 33055.5500,  1, 51.92, 16.7300000000032
217335, 33059.7300,  3, 490.63, 20.849999999998545
217350, 33061.3400,  3, 459.22, 22.4800000000032
217360, 33062.4100,  3, 476.22, 23.580000000001746
217375, 33064.0200,  3, 444.11, 25.19000000000233
217377, 33064.2300,  3, 437.83, 25.30999999999767
217488, 33076.1200,  3, 556.68, 37.279999999998836
217688, 33111.8400,  3, 452.77, 21.2699999999968
217700, 33113.1200,  3, 456.22, 22.589999999996508
217702, 33113.3400,  3, 451.19, 22.7699999999968
217716, 33114.8400,  3, 492.35, 24.229999999995925
217720, 33115.2700,  3, 412.49, 24.739999999997963
217731, 33116.4400,  3, 533.40, 25.909999999996217
217744, 33117.8400,  3, 519.72, 27.239999999997963
217823, 33126.3000,  3, 588.35, 35.68999999999505
218026, 33162.3400,  3, 532.36, 21.62000000000262
218028, 33162.5500,  3, 465.35, 21.790000000000873
218053, 33165.2300,  3, 470.47, 24.5
218054, 33165.3400,  3, 421.94, 24.60000000000582
218056, 33165.5500,  3, 542.06, 24.75
218062, 33166.1900,  3, 635.02, 25.389999999999418
218063, 33166.3000,  3, 535.46, 25.56999999999971
218087, 33168.8700,  3, 601.11, 28.06999999999971
218270, 33203.5500,  3, 456.18, 19.44000000000233
218284, 33205.0500,  3, 498.77, 20.93000000000029
218284, 33205.0500,  3, 494.49, 20.959999999999127
218296, 33206.3400,  3, 510.83, 22.290000000000873
218305, 33207.3000,  3, 522.75, 23.2300000000032
218356, 33212.7700,  3, 468.63, 28.639999999999418
218375, 33214.8000,  3, 514.94, 30.68000000000029
218387, 33216.0900,  3, 477.60, 32.0
218584, 33251.4400,  3, 476.37, 20.950000000004366
218587, 33251.7700,  3, 446.83, 21.279999999998836
218594, 33252.5200,  3, 520.00, 22.06999999999971
218597, 33252.8400,  3, 461.49, 22.360000000000582
218622, 33255.5200,  3, 572.62, 24.99000000000524
218631, 33256.4800,  3, 575.85, 25.959999999999127
218650, 33258.5200,  3, 443.69, 28.080000000001746
218671, 33260.7700,  3, 531.68, 30.330000000001746
218831, 33292.2700,  1, -56.80, 17.049999999995634
218831, 33292.2700,  1, 119.03, 17.049999999995634
218890, 33298.5900,  3, 495.27, 23.2699999999968
218891, 33298.6900,  3, 441.10, 23.389999999999418
218899, 33299.5500,  3, 501.51, 24.30999999999767
218918, 33301.5900,  3, 618.36, 26.330000000001746
218923, 33302.1200,  3, 482.37, 26.849999999998545
218937, 33303.6200,  3, 531.34, 28.339999999996508
219163, 33342.3400,  3, 542.50, 24.089999999996508
219165, 33342.5500,  3, 539.75, 24.279999999998836
219174, 33343.5200,  3, 438.83, 25.239999999997963
219201, 33346.4100,  3, 497.13, 28.139999999999418
219208, 33347.1600,  3, 433.35, 28.87999999999738
219213, 33347.6900,  3, 539.60, 29.419999999998254
219281, 33354.9800,  3, 453.07, 36.64999999999418
219283, 33355.1900,  3, 418.49, 36.859999999993306
219494, 33392.3700,  3, 459.51, 22.459999999999127
219501, 33393.1200,  3, 568.37, 23.14999999999418
219507, 33393.7700,  3, 439.83, 23.889999999999418
219508, 33393.8700,  3, 433.35, 23.919999999998254
219513, 33394.4100,  3, 429.35, 24.489999999997963
219529, 33396.1200,  3, 538.46, 26.159999999996217
219545, 33397.8400,  3, 590.07, 27.869999999995343
219612, 33405.0200,  3, 593.35, 35.099999999998545
219726, 33431.8000,  1, 108.82, 12.130000000004657
219726, 33431.8000,  1, 2.94, 12.130000000004657
219807, 33440.4800,  3, 450.32, 20.709999999999127
219809, 33440.6900,  3, 453.71, 20.93000000000029
219820, 33441.8700,  3, 459.36, 22.18000000000029
219854, 33445.5200,  3, 536.98, 25.75
219855, 33445.6200,  3, 491.73, 25.880000000004657
219936, 33454.3000,  3, 555.67, 34.599999999998545
220123, 33489.5500,  3, 486.91, 19.93000000000029
220148, 33492.2300,  3, 550.50, 22.610000000000582
220176, 33495.2300,  3, 560.29, 25.56999999999971
220180, 33495.6600,  3, 590.30, 25.959999999999127
220189, 33496.6200,  3, 458.12, 26.970000000001164
220191, 33496.8400,  3, 415.18, 27.150000000001455
220196, 33497.3700,  3, 521.38, 27.75
220217, 33499.6200,  3, 499.16, 29.959999999999127
220354, 33528.6900,  1, 155.79, 14.590000000003783
220354, 33528.6900,  1, 75.80, 14.590000000003783
220421, 33535.8700,  3, 459.48, 21.669999999998254
220435, 33537.3700,  3, 493.95, 23.260000000002037
220447, 33538.6600,  3, 517.33, 24.470000000001164
220457, 33539.7300,  3, 406.14, 25.520000000004075
220458, 33539.8400,  3, 446.92, 25.69000000000233
220471, 33541.2300,  3, 394.13, 27.080000000001746
220576, 33566.9800,  1, 2.67, 11.160000000003492
220584, 33567.8400,  1, 119.98, 12.019999999996799
220584, 33567.8400,  1, 113.11, 12.019999999996799
220593, 33568.8000,  1, 14.78, 12.980000000003201
220677, 33577.8000,  3, 435.82, 21.900000000001455
220680, 33578.1200,  3, 449.81, 22.25
220725, 33582.9400,  3, 498.11, 27.110000000000582
220773, 33588.0900,  3, 594.53, 32.18000000000029
221004, 33627.0500,  3, 521.74, 24.549999999995634
221006, 33627.2700,  3, 494.53, 24.790000000000873
221010, 33627.6900,  3, 524.15, 25.209999999999127
221023, 33629.0900,  3, 557.65, 26.669999999998254
221034, 33630.2700,  3, 475.95, 27.799999999995634
221049, 33631.8700,  3, 444.71, 29.369999999995343
221079, 33635.0900,  3, 571.73, 32.68000000000029
221093, 33636.5900,  3, 487.15, 34.080000000001746
221201, 33663.2700,  1, 33.61, 11.469999999993888
221201, 33663.2700,  1, 21.06, 11.469999999993888
221209, 33664.1200,  1, 70.05, 12.319999999999709
221209, 33664.1200,  1, 22.80, 12.319999999999709
221285, 33672.2700,  1, 75.31, 20.469999999993888
221288, 33672.5900,  3, 431.87, 20.779999999998836
221297, 33673.5500,  3, 449.88, 21.669999999998254
221383, 33682.7700,  3, 317.70, 30.860000000000582
221455, 33704.8700,  1, -6.38, 7.610000000000582
221455, 33704.8700,  1, 10.72, 7.610000000000582
221606, 33721.0500,  3, 482.94, 23.69999999999709
221615, 33722.0200,  3, 489.72, 24.689999999995052
221618, 33722.3400,  3, 510.10, 24.979999999995925
221628, 33723.4100,  3, 509.73, 26.119999999995343
221641, 33724.8000,  3, 564.26, 27.44999999999709
221643, 33725.0200,  3, 449.83, 27.669999999998254
221771, 33753.0200,  1, 96.82, 13.619999999995343
221776, 33753.5500,  1, 2.11, 14.150000000001455
221776, 33753.5500,  1, 59.80, 14.150000000001455
221820, 33758.2700,  3, 415.75, 18.81999999999971
221840, 33760.4100,  3, 463.59, 20.989999999997963
221869, 33763.5200,  3, 582.00, 24.049999999995634
221873, 33763.9400,  3, 366.35, 24.459999999999127
221918, 33768.7700,  3, 487.58, 29.2699999999968
222019, 33793.9800,  1, 72.19, 10.720000000001164
222019, 33793.9800,  1, -18.76, 10.720000000001164
222030, 33795.1600,  1, 69.72, 11.900000000001455
222030, 33795.1600,  1, 51.24, 11.900000000001455
222088, 33801.3700,  1, 80.45, 18.110000000000582
222150, 33808.0200,  3, 461.59, 24.729999999995925
222194, 33812.7300,  3, 434.43, 29.419999999998254
222195, 33812.8400,  3, 513.41, 29.549999999995634
222370, 33846.3000,  1, 233.32, 18.660000000003492
222370, 33846.3000,  1, 176.21, 18.660000000003492
222400, 33849.5200,  3, 517.62, 21.80999999999767
222436, 33853.3700,  3, 449.25, 25.709999999999127
222452, 33855.0900,  3, 536.41, 27.43000000000029
222459, 33855.8400,  3, 561.94, 28.169999999998254
222484, 33858.5200,  3, 477.09, 30.87000000000262
222530, 33863.4400,  3, 619.02, 35.779999999998836
222708, 33897.0900,  3, 463.51, 18.87000000000262
222741, 33900.6200,  3, 461.13, 22.389999999999418
222760, 33902.6600,  3, 471.41, 24.4800000000032
222760, 33902.6600,  3, 524.79, 24.470000000001164
222779, 33904.6900,  3, 528.68, 26.55000000000291
222780, 33904.8000,  3, 493.55, 26.62000000000262
222831, 33910.2700,  3, 629.09, 32.13000000000466
222841, 33911.3400,  3, 619.16, 33.17000000000553
222930, 33935.1600,  1, 66.50, 9.430000000000291
222930, 33935.1600,  1, 82.75, 9.430000000000291
222952, 33937.5200,  1, 78.21, 11.789999999993597
222952, 33937.5200,  1, 71.73, 11.789999999993597
223049, 33947.9100,  3, 462.72, 22.099999999998545
223088, 33952.0900,  3, 490.26, 26.279999999998836
223108, 33954.2300,  3, 526.82, 28.39999999999418
223144, 33958.0900,  3, 611.32, 32.2699999999968
223341, 33993.4400,  3, 372.54, 20.9800000000032
223350, 33994.4100,  3, 465.65, 21.910000000003492
223353, 33994.7300,  3, 540.68, 22.220000000001164
223357, 33995.1600,  3, 493.66, 22.68000000000029
223363, 33995.8000,  3, 526.41, 23.30000000000291
223374, 33996.9800,  3, 481.01, 24.44000000000233
223411, 34000.9400,  3, 523.88, 28.44000000000233
223471, 34007.3700,  3, 480.18, 34.88999999999942
223562, 34031.5200,  1, 1.74, 9.659999999996217
223562, 34031.5200,  1, 9.39, 9.659999999996217
223669, 34042.9800,  3, 468.44, 21.029999999998836
223680, 34044.1600,  3, 482.14, 22.220000000001164
223686, 34044.8000,  3, 505.70, 22.830000000001746
223698, 34046.0900,  3, 416.19, 24.19999999999709
223706, 34046.9400,  3, 509.57, 25.0
223791, 34056.0500,  3, 638.72, 34.08999999999651
223875, 34079.4800,  1, 0.99, 8.910000000003492
223875, 34079.4800,  1, -4.23, 8.910000000003492
223920, 34084.3000,  1, 80.75, 13.730000000003201
223983, 34091.0500,  3, 449.70, 20.419999999998254
224013, 34094.2700,  3, 498.17, 23.62000000000262
224016, 34094.5900,  3, 457.96, 24.0
224027, 34095.7700,  3, 528.93, 25.169999999998254
224032, 34096.3000,  3, 507.30, 25.69999999999709
224213, 34130.1600,  3, 457.93, 19.219999999993888
224236, 34132.6200,  3, 516.15, 21.659999999996217
224250, 34134.1200,  3, 508.47, 23.209999999999127
224250, 34134.1200,  3, 453.35, 23.169999999998254
224255, 34134.6600,  3, 492.67, 23.709999999999127
224273, 34136.5900,  3, 515.23, 25.68000000000029
224275, 34136.8000,  3, 452.11, 25.839999999996508
224358, 34145.6900,  3, 612.80, 34.71999999999389
224454, 34170.2700,  1, 8.88, 10.19999999999709
224472, 34172.1900,  1, 84.43, 12.12000000000262
224472, 34172.1900,  1, 53.89, 12.12000000000262
224553, 34180.8700,  3, 490.81, 20.720000000001164
224571, 34182.8000,  3, 472.68, 22.62000000000262
224579, 34183.6600,  3, 508.13, 23.56999999999971
224587, 34184.5200,  3, 567.85, 24.410000000003492
224618, 34187.8400,  3, 468.81, 27.739999999997963
224698, 34211.6900,  1, -7.39, 8.459999999999127
224698, 34211.6900,  1, -29.29, 8.459999999999127
224793, 34221.8700,  3, 417.96, 18.609999999993306
224821, 34224.8700,  3, 431.95, 21.619999999995343
224850, 34227.9800,  3, 528.89, 24.719999999993888
224884, 34231.6200,  3, 513.92, 28.339999999996508
224890, 34232.2700,  3, 625.94, 28.969999999993888
224894, 34232.6900,  3, 552.86, 29.39999999999418
225031, 34262.6600,  1, 23.34, 14.580000000001746
225031, 34262.6600,  1, 71.02, 14.580000000001746
225077, 34267.5900,  3, 450.55, 19.44999999999709
225102, 34270.2700,  3, 504.08, 22.159999999996217
225109, 34271.0200,  3, 494.53, 22.830000000001746
225110, 34271.1200,  3, 482.82, 23.0
225140, 34274.3400,  3, 540.62, 26.209999999999127
225161, 34276.5900,  3, 523.45, 28.400000000001455
225350, 34311.1900,  3, 505.77, 20.06999999999971
225382, 34314.6200,  3, 423.46, 23.539999999993597
225388, 34315.2700,  3, 532.96, 24.159999999996217
225388, 34315.2700,  3, 483.73, 24.189999999995052
225395, 34316.0200,  3, 540.57, 24.869999999995343
225407, 34317.3000,  3, 566.43, 26.239999999997963
225417, 34318.3700,  3, 594.15, 27.25999999999476
225446, 34321.4800,  3, 656.33, 30.31999999999971
225628, 34355.0900,  3, 460.38, 19.290000000000873
225634, 34355.7300,  3, 478.61, 19.99000000000524
225651, 34357.5500,  3, 442.01, 21.790000000000873
225665, 34359.0500,  3, 503.02, 23.25
225673, 34359.9100,  3, 445.67, 24.17000000000553
225673, 34359.9100,  3, 512.50, 24.110000000000582
225675, 34360.1200,  3, 535.88, 24.35000000000582
225738, 34366.8700,  1, 534.93, 31.17000000000553
225813, 34389.1200,  1, -3.56, 7.810000000004948
225813, 34389.1200,  1, -46.44, 7.810000000004948
225847, 34392.7700,  1, 119.78, 11.459999999999127
225906, 34399.0900,  1, 173.06, 17.779999999998836
225906, 34399.0900,  1, 185.68, 17.779999999998836
225937, 34402.4100,  3, 517.84, 21.040000000000873
225972, 34406.1600,  3, 497.63, 24.80000000000291
226019, 34411.1900,  3, 606.55, 29.810000000004948
226187, 34443.9400,  1, 143.79, 17.900000000001455
226219, 34447.3700,  3, 491.92, 21.290000000000873
226227, 34448.2300,  3, 555.96, 22.159999999996217
226235, 34449.0900,  3, 422.73, 23.0
226237, 34449.3000,  3, 465.70, 23.209999999999127
226238, 34449.4100,  3, 491.91, 23.299999999995634
226254, 34451.1200,  3, 432.91, 25.010000000002037
226260, 34451.7700,  3, 574.34, 25.709999999999127
226458, 34487.2300,  3, 447.97, 21.099999999998545
226468, 34488.3000,  3, 446.80, 22.07999999999447
226470, 34488.5200,  3, 473.95, 22.31999999999971
226489, 34490.5500,  3, 540.45, 24.360000000000582
226511, 34492.9100,  3, 519.37, 26.709999999999127
226515, 34493.3400,  3, 466.08, 27.12999999999738
226521, 34493.9800,  3, 434.59, 27.81999999999971
226523, 34494.1900,  3, 501.04, 28.05999999999767
226693, 34526.9800,  3, 409.41, 18.05999999999767
226729, 34530.8400,  3, 458.35, 21.919999999998254
226738, 34531.8000,  3, 450.14, 22.869999999995343
226743, 34532.3400,  3, 395.95, 23.419999999998254
226746, 34532.6600,  3, 484.28, 23.69999999999709
226756, 34533.7300,  3, 486.81, 24.839999999996508
226810, 34539.5200,  3, 571.06, 30.639999999999418
226841, 34542.8400,  3, 548.21, 33.94999999999709
227018, 34576.1900,  1, 65.90, 18.87000000000262
227036, 34578.1200,  3, 485.09, 20.75
227044, 34578.9800,  3, 518.35, 21.62000000000262
227057, 34580.3700,  3, 524.93, 23.029999999998836
227065, 34581.2300,  3, 538.16, 23.81999999999971
227077, 34582.5200,  3, 470.22, 25.12000000000262
227117, 34586.8000,  3, 354.37, 29.470000000001164
227135, 34588.7300,  3, 496.68, 31.340000000003783
227253, 34616.5900,  1, 136.42, 12.529999999998836
227253, 34616.5900,  1, 22.74, 12.529999999998836
227334, 34625.2700,  3, 504.17, 21.160000000003492
227337, 34625.5900,  3, 448.12, 21.459999999999127
227360, 34628.0500,  3, 533.63, 23.959999999999127
227361, 34628.1600,  3, 478.37, 24.0
227369, 34629.0200,  3, 546.18, 24.889999999999418
227373, 34629.4400,  3, 464.47, 25.330000000001746
227470, 34654.3700,  1, -6.00, 10.280000000006112
227470, 34654.3700,  1, 83.16, 10.280000000006112
227564, 34664.4400,  3, 437.81, 20.280000000006112
227599, 34668.1900,  3, 480.18, 24.060000000004948
227601, 34668.4100,  3, 447.90, 24.24000000000524
227611, 34669.4800,  3, 422.87, 25.310000000004948
227634, 34671.9400,  3, 482.71, 27.80000000000291
227646, 34673.2300,  3, 560.99, 29.05000000000291
227761, 34701.0200,  1, 96.11, 12.219999999993888
227761, 34701.0200,  1, 66.19, 12.219999999993888
227852, 34710.7700,  3, 487.73, 21.889999999999418
227884, 34714.1900,  3, 500.17, 25.360000000000582
227886, 34714.4100,  3, 458.45, 25.56999999999971
227899, 34715.8000,  3, 514.14, 26.959999999999127
227903, 34716.2300,  3, 505.06, 27.39999999999418
227967, 34723.0900,  3, 461.85, 34.25999999999476
228062, 34747.3700,  1, 88.49, 10.069999999999709
228062, 34747.3700,  1, 85.86, 10.069999999999709
228150, 34756.8000,  3, 448.49, 19.419999999998254
228163, 34758.1900,  3, 466.34, 20.799999999995634
228165, 34758.4100,  3, 509.86, 21.0
228180, 34760.0200,  3, 491.68, 22.659999999996217
228184, 34760.4400,  3, 408.57, 23.05999999999767
228210, 34763.2300,  3, 503.32, 25.81999999999971
228310, 34789.3000,  1, 30.65, 10.62000000000262
228310, 34789.3000,  1, 75.21, 10.62000000000262
228341, 34792.6200,  1, 3.85, 13.940000000002328
228341, 34792.6200,  1, 134.02, 13.940000000002328
228349, 34793.4800,  1, 115.25, 14.80000000000291
228433, 34802.4800,  3, 493.25, 23.75
228441, 34803.3400,  3, 463.76, 24.62999999999738
228506, 34810.3000,  3, 482.40, 31.510000000002037
228529, 34826.9800,  1, -163.60, 2.3800000000046566
228710, 34846.3700,  3, 479.48, 21.760000000002037
228714, 34846.8000,  3, 540.51, 22.090000000003783
228735, 34849.0500,  1, 59.84, 24.450000000004366
228735, 34849.0500,  1, 98.61, 24.450000000004366
228737, 34849.2700,  3, 510.21, 24.639999999999418
228740, 34849.5900,  3, 483.66, 24.94000000000233
228848, 34861.1600,  3, 658.16, 36.4800000000032
228915, 34882.6900,  1, -25.17, 7.0900000000037835
228915, 34882.6900,  1, -51.63, 7.0900000000037835
228935, 34884.8400,  1, 23.19, 9.239999999997963
228935, 34884.8400,  1, 48.15, 9.239999999997963
229024, 34894.3700,  3, 412.54, 18.720000000001164
229034, 34895.4400,  3, 473.07, 19.810000000004948
229067, 34898.9800,  3, 549.98, 23.30000000000291
229126, 34905.3000,  3, 568.76, 29.669999999998254
229221, 34929.8400,  1, 13.90, 10.069999999999709
229221, 34929.8400,  1, 69.29, 10.069999999999709
229250, 34932.9400,  1, 132.32, 13.17000000000553
229250, 34932.9400,  1, 62.51, 13.17000000000553
229338, 34942.3700,  3, 464.48, 22.520000000004075
229358, 34944.5200,  3, 537.40, 24.710000000006403
229395, 34948.4800,  3, 549.80, 28.610000000000582
229413, 34950.4100,  3, 491.30, 30.630000000004657
229532, 34977.7300,  1, 59.89, 12.640000000006694
229532, 34977.7300,  1, 99.67, 12.640000000006694
229532, 34977.7300,  1, 61.87, 12.640000000006694
229535, 34978.0500,  1, 113.80, 12.960000000006403
229594, 34984.3700,  3, 446.08, 19.260000000002037
229644, 34989.7300,  3, 596.60, 24.60000000000582
229654, 34990.8000,  3, 415.91, 25.700000000004366
229665, 34991.9800,  3, 602.23, 26.87000000000262
229707, 35010.8700,  1, -181.28, 4.4100000000034925
229843, 35025.4400,  3, 417.19, 18.970000000001164
229857, 35026.9400,  3, 451.48, 20.470000000001164
229860, 35027.2700,  3, 466.93, 20.770000000004075
229865, 35027.8000,  3, 474.33, 21.2300000000032
229881, 35029.5200,  3, 509.37, 22.989999999997963
229898, 35031.3400,  3, 465.07, 24.860000000000582
229914, 35033.0500,  3, 490.21, 26.580000000001746
230036, 35060.6600,  1, 48.78, 13.0
230110, 35068.5900,  3, 495.02, 20.869999999995343
230118, 35069.4400,  3, 468.39, 21.69999999999709
230136, 35071.3700,  3, 490.08, 23.689999999995052
230149, 35072.7700,  3, 560.95, 25.039999999993597
230180, 35076.0900,  3, 562.18, 28.32999999999447
230190, 35077.1600,  3, 555.44, 29.429999999993015
230250, 35083.5900,  3, 394.97, 35.82999999999447
230349, 35109.4400,  1, 79.79, 10.5
230349, 35109.4400,  1, -27.29, 10.5
230433, 35118.4400,  3, 479.46, 19.44999999999709
230444, 35119.6200,  3, 463.68, 20.610000000000582
230456, 35120.9100,  3, 492.56, 21.939999999995052
230476, 35123.0500,  3, 554.61, 24.00999999999476
230480, 35123.4800,  3, 548.26, 24.489999999997963
230501, 35125.7300,  3, 440.97, 26.75
230597, 35150.3700,  1, 37.33, 10.200000000004366
230597, 35150.3700,  1, 60.01, 10.200000000004366
230642, 35155.1900,  1, 163.77, 15.020000000004075
230642, 35155.1900,  1, 56.15, 15.020000000004075
230699, 35161.3000,  3, 471.66, 21.040000000000873
230715, 35163.0200,  3, 491.07, 22.81999999999971
230750, 35166.7700,  3, 551.86, 26.520000000004075
230777, 35169.6600,  3, 559.73, 29.43000000000029
230893, 35196.5200,  1, 16.52, 12.319999999999709
230893, 35196.5200,  1, 108.18, 12.319999999999709
230903, 35197.5900,  1, 31.87, 13.389999999999418
230903, 35197.5900,  1, 47.47, 13.389999999999418
230961, 35203.8000,  3, 437.39, 19.520000000004075
230983, 35206.1600,  3, 419.88, 21.87000000000262
231026, 35210.7700,  3, 447.83, 26.520000000004075
231077, 35216.2300,  3, 522.89, 31.960000000006403
231266, 35250.9100,  3, 443.85, 20.080000000001746
231267, 35251.0200,  3, 446.36, 20.160000000003492
231275, 35251.8700,  3, 426.45, 21.020000000004075
231292, 35253.6900,  3, 506.01, 22.830000000001746
231298, 35254.3400,  3, 450.08, 23.5
231321, 35256.8000,  3, 414.66, 25.99000000000524
231330, 35257.7700,  3, 446.38, 26.92000000000553
231343, 35259.1600,  3, 482.58, 28.37000000000262
231454, 35285.4800,  1, -0.63, 11.810000000004948
231454, 35285.4800,  1, 99.16, 11.810000000004948
231465, 35286.6600,  1, 103.63, 12.990000000005239
231465, 35286.6600,  1, 114.70, 12.990000000005239
231552, 35295.9800,  3, 478.29, 22.290000000000873
231564, 35297.2700,  3, 451.86, 23.5
231589, 35299.9400,  3, 469.73, 26.209999999999127
231592, 35300.2700,  3, 453.24, 26.590000000003783
231777, 35334.5900,  3, 474.02, 19.639999999999418
231791, 35336.0900,  3, 480.63, 21.119999999995343
231793, 35336.3000,  3, 471.91, 21.339999999996508
231801, 35337.1600,  3, 474.64, 22.25
231807, 35337.8000,  3, 482.70, 22.860000000000582
231809, 35338.0200,  3, 477.82, 23.139999999999418
231820, 35339.1900,  3, 444.24, 24.239999999997963
231825, 35339.7300,  3, 531.47, 24.849999999998545
231943, 35366.8000,  1, 105.52, 12.540000000000873
231943, 35366.8000,  1, 32.58, 12.540000000000873
232003, 35373.2300,  3, 438.26, 18.919999999998254
232037, 35376.8700,  3, 401.45, 22.549999999995634
232038, 35376.9800,  3, 452.23, 22.639999999999418
232039, 35377.0900,  3, 488.14, 22.80999999999767
232070, 35380.4100,  3, 512.41, 26.139999999999418
232082, 35381.6900,  3, 571.47, 27.419999999998254
232197, 35408.3000,  1, 90.25, 12.230000000003201
232300, 35419.3400,  3, 496.84, 23.239999999997963
232309, 35420.3000,  3, 461.98, 24.209999999999127
232330, 35422.5500,  3, 540.02, 26.389999999999418
232330, 35422.5500,  3, 472.63, 26.400000000001455
232343, 35423.9400,  3, 490.21, 27.80000000000291
232387, 35428.6600,  3, 566.82, 32.580000000001746
232429, 35433.1600,  3, 459.74, 37.01000000000204
232534, 35458.6600,  1, 27.60, 11.160000000003492
232534, 35458.6600,  1, 86.16, 11.160000000003492
232640, 35470.0200,  3, 465.40, 22.459999999999127
232646, 35470.6600,  3, 542.53, 23.06999999999971
232650, 35471.0900,  3, 455.61, 23.55999999999767
232679, 35474.1900,  3, 445.12, 26.68000000000029
232681, 35474.4100,  3, 601.90, 26.900000000001455
232688, 35475.1600,  3, 442.75, 27.580000000001746
232811, 35502.7300,  1, 86.02, 13.069999999999709
232822, 35503.9100,  1, 1.33, 14.25
232859, 35507.8700,  3, 412.56, 18.14999999999418
232900, 35512.2700,  3, 471.45, 22.529999999998836
232902, 35512.4800,  3, 470.71, 22.75999999999476
232910, 35513.3400,  3, 401.47, 23.619999999995343
232942, 35516.7700,  3, 579.40, 27.0199999999968
232945, 35517.0900,  3, 538.82, 27.359999999993306
233009, 35538.1900,  1, -74.08, 6.7700000000040745
233009, 35538.1900,  1, -5.77, 6.7700000000040745
233078, 35545.5900,  1, 121.71, 14.169999999998254
233078, 35545.5900,  1, 137.13, 14.169999999998254
233143, 35552.5500,  3, 415.32, 21.110000000000582
233196, 35558.2300,  3, 423.24, 26.770000000004075
233204, 35559.0900,  3, 394.90, 27.610000000000582
233230, 35561.8700,  3, 547.63, 30.410000000003492
233374, 35591.5900,  1, 15.17, 15.32999999999447
233431, 35597.6900,  3, 478.45, 21.389999999999418
233443, 35598.9800,  3, 473.45, 22.69999999999709
233445, 35599.1900,  3, 423.93, 22.869999999995343
233464, 35601.2300,  3, 530.64, 24.869999999995343
233469, 35601.7700,  3, 500.35, 25.489999999997963
233474, 35602.3000,  3, 487.49, 25.939999999995052
233531, 35608.4100,  3, 560.43, 32.06999999999971
233716, 35642.7700,  3, 448.53, 19.630000000004657
233720, 35643.1900,  3, 438.84, 20.10000000000582
233737, 35645.0200,  3, 455.59, 21.880000000004657
233757, 35647.1600,  3, 542.63, 24.0
233762, 35647.6900,  3, 556.06, 24.60000000000582
233772, 35648.7700,  3, 428.31, 25.67000000000553
233804, 35652.1900,  3, 436.11, 29.110000000000582
233909, 35663.4400,  3, 658.58, 40.279999999998836
234088, 35697.9400,  3, 431.13, 19.040000000000873
234113, 35700.6200,  3, 504.18, 21.64999999999418
234125, 35701.9100,  3, 470.34, 22.989999999997963
234128, 35702.2300,  3, 483.88, 23.25999999999476
234160, 35705.6600,  3, 553.92, 26.709999999999127
234162, 35705.8700,  3, 438.14, 26.979999999995925
234179, 35707.6900,  3, 459.81, 28.739999999997963
234218, 35711.8700,  3, 603.38, 32.919999999998254
234363, 35741.6600,  1, 194.91, 15.430000000000291
234416, 35747.3400,  3, 427.07, 21.07999999999447
234420, 35747.7700,  3, 476.25, 21.5
234428, 35748.6200,  3, 492.76, 22.339999999996508
234435, 35749.3700,  3, 459.94, 23.049999999995634
234441, 35750.0200,  3, 433.99, 23.719999999993888
234445, 35750.4400,  3, 515.29, 24.169999999998254
234449, 35750.8700,  3, 458.00, 24.599999999998545
234526, 35773.2700,  1, 47.28, 8.169999999998254
234526, 35773.2700,  1, 17.04, 8.169999999998254
234653, 35786.8700,  3, 448.28, 21.669999999998254
234665, 35788.1600,  3, 504.56, 22.989999999997963
234693, 35791.1600,  3, 381.81, 26.029999999998836
234705, 35792.4400,  3, 397.63, 27.330000000001746
234708, 35792.7700,  3, 423.40, 27.56999999999971
234733, 35795.4400,  3, 560.04, 30.31999999999971
234853, 35822.6600,  1, 93.12, 12.75
234853, 35822.6600,  1, 127.26, 12.75
234913, 35829.0900,  1, 226.63, 19.179999999993015
234913, 35829.0900,  1, 235.14, 19.179999999993015
234924, 35830.2700,  3, 472.46, 20.32999999999447
234930, 35830.9100,  3, 479.08, 20.969999999993888
234944, 35832.4100,  3, 492.37, 22.39999999999418
235011, 35839.5900,  3, 596.95, 29.589999999996508
235103, 35863.8400,  1, 30.46, 9.769999999996799
235214, 35875.7300,  3, 485.07, 21.62000000000262
235214, 35875.7300,  3, 425.95, 21.55999999999767
235217, 35876.0500,  3, 502.14, 21.910000000003492
235251, 35879.6900,  3, 487.08, 25.529999999998836
235260, 35880.6600,  3, 481.10, 26.5
235268, 35881.5200,  1, 271.50, 27.44999999999709
235330, 35888.1600,  3, 591.93, 34.029999999998836
235448, 35915.0500,  1, 97.56, 12.540000000000873
235448, 35915.0500,  1, 116.05, 12.540000000000873
235457, 35916.0200,  1, -29.62, 13.509999999994761
235493, 35919.8700,  1, 85.31, 17.360000000000582
235519, 35922.6600,  3, 426.73, 20.049999999995634
235542, 35925.1200,  3, 421.82, 22.589999999996508
235567, 35927.8000,  3, 543.79, 25.189999999995052
235570, 35928.1200,  3, 534.90, 25.549999999995634
235776, 35964.4800,  3, 433.55, 21.900000000001455
235780, 35964.9100,  3, 394.06, 22.389999999999418
235781, 35965.0200,  3, 466.86, 22.489999999997963
235787, 35965.6600,  3, 440.17, 23.05999999999767
235789, 35965.8700,  3, 457.48, 23.290000000000873
235791, 35966.0900,  3, 484.59, 23.549999999995634
235817, 35968.8700,  3, 454.19, 26.25999999999476
235819, 35969.0900,  3, 380.55, 26.5199999999968
236010, 36003.6600,  3, 419.45, 20.30999999999767
236030, 36005.8000,  3, 495.28, 22.39999999999418
236039, 36006.7700,  3, 412.13, 23.439999999995052
236049, 36007.8400,  3, 432.85, 24.439999999995052
236058, 36008.8000,  3, 488.21, 25.419999999998254
236067, 36009.7700,  3, 548.96, 26.419999999998254
236072, 36010.3000,  3, 492.06, 26.979999999995925
236083, 36011.4800,  3, 505.49, 28.089999999996508
236215, 36039.8700,  1, 15.29, 14.040000000000873
236215, 36039.8700,  1, 143.78, 14.040000000000873
236280, 36046.8400,  3, 455.28, 20.989999999997963
236312, 36050.2700,  3, 491.66, 24.349999999998545
236318, 36050.9100,  3, 440.55, 24.979999999995925
236325, 36051.6600,  3, 525.69, 25.739999999997963
236332, 36052.4100,  3, 482.45, 26.549999999995634
236387, 36058.3000,  3, 540.22, 32.44999999999709
236504, 36086.1200,  1, 110.75, 12.450000000004366
236506, 36086.3400,  1, 45.95, 12.669999999998254
236506, 36086.3400,  1, 61.45, 12.669999999998254
236524, 36088.2700,  1, 142.66, 14.599999999998545
236524, 36088.2700,  1, 84.82, 14.599999999998545
236585, 36094.8000,  3, 495.34, 21.06999999999971
236596, 36095.9800,  3, 431.55, 22.270000000004075
236660, 36102.8400,  3, 522.41, 29.160000000003492
236787, 36130.9400,  1, 65.38, 13.490000000005239
236787, 36130.9400,  1, 86.35, 13.490000000005239
236850, 36137.6900,  3, 436.41, 20.2300000000032
236859, 36138.6600,  3, 416.62, 21.130000000004657
236892, 36142.1900,  3, 402.46, 24.660000000003492
236898, 36142.8400,  3, 459.52, 25.31999999999971
236905, 36143.5900,  3, 446.03, 26.05000000000291
236949, 36148.3000,  3, 669.71, 30.840000000003783
237108, 36180.6200,  1, 61.92, 16.94000000000233
237163, 36186.5200,  3, 448.27, 22.7300000000032
237174, 36187.6900,  3, 433.77, 23.909999999996217
237174, 36187.6900,  3, 507.60, 24.0
237179, 36188.2300,  3, 432.71, 24.540000000000873
237180, 36188.3400,  3, 391.69, 24.62000000000262
237210, 36191.5500,  3, 436.97, 27.860000000000582
237251, 36195.9400,  3, 525.55, 32.25
237428, 36229.3000,  3, 425.52, 18.830000000001746
237464, 36233.1600,  3, 463.21, 22.659999999996217
237476, 36234.4400,  3, 464.23, 23.989999999997963
237495, 36236.4800,  3, 585.61, 25.989999999997963
237501, 36237.1200,  3, 533.47, 26.68000000000029
237508, 36237.8700,  3, 370.63, 27.37999999999738
237537, 36240.9800,  3, 531.42, 30.44000000000233
237700, 36258.4400,  3, 729.37, 47.9800000000032
237788, 36282.3700,  1, 18.20, 9.340000000003783
237897, 36294.0500,  3, 469.37, 20.950000000004366
237898, 36294.1600,  3, 487.93, 21.099999999998545
237913, 36295.7700,  3, 461.07, 22.700000000004366
237926, 36297.1600,  3, 457.34, 24.12000000000262
237930, 36297.5900,  3, 478.14, 24.5
237934, 36298.0200,  3, 517.13, 24.900000000001455
237997, 36304.7700,  3, 555.76, 31.7300000000032
238086, 36328.6900,  1, 60.88, 9.450000000004366
238086, 36328.6900,  1, 39.49, 9.450000000004366
238110, 36331.2700,  1, 31.82, 12.029999999998836
238110, 36331.2700,  1, 74.31, 12.029999999998836
238180, 36338.7700,  3, 456.44, 19.4800000000032
238207, 36341.6600,  3, 476.93, 22.349999999998545
238226, 36343.6900,  3, 452.00, 24.389999999999418
238245, 36345.7300,  3, 416.81, 26.410000000003492
238332, 36369.4800,  1, 57.09, 9.220000000001164
238332, 36369.4800,  1, 25.04, 9.220000000001164
238365, 36373.0200,  1, 101.72, 12.759999999994761
238365, 36373.0200,  1, 103.00, 12.759999999994761
238434, 36380.4100,  3, 488.92, 20.06999999999971
238464, 36383.6200,  3, 463.29, 23.349999999998545
238479, 36385.2300,  3, 456.18, 24.87999999999738
238512, 36388.7700,  3, 524.59, 28.489999999997963
238550, 36408.0200,  1, -194.44, 3.9899999999979627
238615, 36414.9800,  1, 28.63, 10.950000000004366
238615, 36414.9800,  1, 70.90, 10.950000000004366
238712, 36425.3700,  3, 471.28, 21.279999999998836
238721, 36426.3400,  3, 512.56, 22.260000000002037
238723, 36426.5500,  3, 536.31, 22.450000000004366
238732, 36427.5200,  3, 495.33, 23.4800000000032
238824, 36437.3700,  3, 421.15, 33.25
238895, 36459.1900,  1, 10.75, 7.490000000005239
238895, 36459.1900,  1, 27.51, 7.490000000005239
238998, 36470.2300,  3, 428.91, 18.5
239040, 36474.7300,  3, 508.30, 22.99000000000524
239064, 36477.3000,  3, 470.51, 25.520000000004075
239067, 36477.6200,  3, 496.19, 25.889999999999418
239082, 36479.2300,  3, 543.45, 27.520000000004075
239194, 36491.2300,  3, 492.11, 39.520000000004075
239304, 36517.5200,  1, 40.49, 11.680000000000291
239304, 36517.5200,  1, 101.46, 11.680000000000291
239337, 36521.0500,  1, 140.01, 15.210000000006403
239375, 36525.1200,  3, 457.16, 19.220000000001164
239424, 36530.3700,  3, 600.29, 24.450000000004366
239438, 36531.8700,  3, 537.23, 25.99000000000524
239444, 36532.5200,  3, 558.60, 26.67000000000553
239457, 36533.9100,  3, 449.14, 28.040000000000873
239662, 36570.2300,  3, 482.08, 21.760000000002037
239668, 36570.8700,  3, 469.42, 22.450000000004366
239673, 36571.4100,  3, 422.41, 22.959999999999127
239678, 36571.9400,  3, 439.04, 23.4800000000032
239683, 36572.4800,  3, 524.42, 24.010000000002037
239689, 36573.1200,  3, 471.38, 24.709999999999127
239701, 36574.4100,  3, 518.09, 26.020000000004075
239744, 36579.0200,  3, 474.78, 30.540000000000873
239790, 36599.3700,  1, -165.22, 4.810000000004948
239973, 36618.9800,  3, 555.61, 24.310000000004948
239973, 36618.9800,  3, 545.19, 24.37000000000262
239978, 36619.5200,  3, 459.52, 24.900000000001455
239979, 36619.6200,  3, 562.56, 25.020000000004075
239994, 36621.2300,  3, 534.44, 26.62000000000262
240026, 36624.6600,  3, 544.63, 30.05000000000291
240052, 36627.4400,  3, 574.46, 32.830000000001746
240227, 36660.6600,  3, 457.48, 18.650000000001455
240260, 36664.1900,  3, 468.17, 22.160000000003492
240289, 36667.3000,  3, 562.38, 25.279999999998836
240295, 36667.9400,  3, 569.77, 25.94000000000233
240300, 36668.4800,  3, 527.39, 26.400000000001455
240300, 36668.4800,  3, 543.66, 26.389999999999418
240311, 36669.6600,  3, 500.12, 27.580000000001746
240347, 36673.5200,  3, 609.39, 31.49000000000524
240488, 36702.8700,  1, 17.12, 15.0
240544, 36708.8700,  1, 109.11, 21.0
240544, 36708.8700,  1, 85.50, 21.0
240560, 36710.5900,  3, 536.53, 22.69999999999709
240562, 36710.8000,  3, 437.60, 22.909999999996217
240572, 36711.8700,  3, 508.43, 23.94999999999709
240600, 36714.8700,  3, 477.67, 26.939999999995052
240632, 36718.3000,  3, 485.60, 30.37999999999738
240744, 36744.7700,  1, 77.39, 11.89999999999418
240744, 36744.7700,  1, 79.83, 11.89999999999418
240807, 36751.5200,  1, 64.17, 18.64999999999418
240814, 36752.2700,  3, 433.73, 19.290000000000873
240815, 36752.3700,  3, 444.70, 19.469999999993888
240847, 36755.8000,  3, 499.16, 22.82999999999447
240888, 36760.1900,  3, 530.58, 27.229999999995925
240893, 36760.7300,  3, 493.16, 27.75999999999476
241009, 36787.5900,  1, 99.70, 12.32999999999447
241009, 36787.5900,  1, 70.22, 12.32999999999447
241083, 36795.5200,  3, 436.48, 20.229999999995925
241083, 36795.5200,  3, 498.54, 20.18000000000029
241096, 36796.9100,  3, 444.85, 21.610000000000582
241112, 36798.6200,  3, 455.72, 23.2699999999968
241127, 36800.2300,  3, 511.17, 24.919999999998254
241149, 36802.5900,  3, 532.37, 27.25999999999476
241244, 36827.1200,  1, 52.64, 10.090000000003783
241337, 36837.0900,  3, 468.06, 20.010000000002037
241338, 36837.1900,  3, 458.60, 20.099999999998545
241356, 36839.1200,  3, 455.71, 22.0
241360, 36839.5500,  3, 446.90, 22.43000000000029
241363, 36839.8700,  3, 367.73, 22.80999999999767
241363, 36839.8700,  3, 522.13, 22.739999999997963
241405, 36844.3700,  3, 501.56, 27.30999999999767
241580, 36877.3000,  3, 404.14, 18.62999999999738
241645, 36884.2700,  3, 441.51, 25.599999999998545
241655, 36885.3400,  3, 516.02, 26.62999999999738
241661, 36885.9800,  3, 591.49, 27.25
241664, 36886.3000,  3, 600.75, 27.609999999993306
241665, 36886.4100,  3, 539.37, 27.679999999993015
241665, 36886.4100,  3, 468.01, 27.739999999997963
241693, 36889.4100,  3, 527.84, 30.639999999999418
241787, 36914.0500,  1, 18.77, 9.980000000003201
241837, 36919.4100,  1, 124.91, 15.340000000003783
241837, 36919.4100,  1, 145.36, 15.340000000003783
241918, 36928.0900,  3, 530.73, 23.970000000001164
241923, 36928.6200,  3, 474.82, 24.5
241924, 36928.7300,  3, 535.48, 24.599999999998545
241937, 36930.1200,  3, 588.41, 25.989999999997963
241962, 36932.8000,  3, 562.80, 28.669999999998254
242167, 36969.3400,  3, 473.23, 21.799999999995634
242171, 36969.7700,  3, 481.97, 22.279999999998836
242179, 36970.6200,  3, 495.27, 23.139999999999418
242181, 36970.8400,  3, 509.92, 23.279999999998836
242188, 36971.5900,  3, 497.63, 24.040000000000873
242200, 36972.8700,  3, 438.04, 25.30999999999767
242223, 36975.3400,  3, 582.56, 27.80999999999767
242279, 36981.3400,  3, 629.16, 33.7699999999968
242477, 37016.8700,  3, 494.03, 21.12000000000262
242480, 37017.1900,  3, 523.44, 21.43000000000029
242493, 37018.5900,  3, 451.55, 22.80000000000291
242496, 37018.9100,  3, 438.84, 23.139999999999418
242498, 37019.1200,  3, 552.97, 23.360000000000582
242516, 37021.0500,  3, 430.02, 25.270000000004075
242534, 37022.9800,  3, 473.85, 27.209999999999127
242539, 37023.5200,  3, 533.40, 27.69000000000233
242619, 37047.2700,  1, -61.98, 8.459999999999127
242630, 37048.4400,  1, 70.85, 9.630000000004657
242630, 37048.4400,  1, 85.45, 9.630000000004657
242719, 37057.9800,  3, 422.48, 19.150000000001455
242726, 37058.7300,  3, 469.94, 19.880000000004657
242742, 37060.4400,  3, 455.09, 21.56999999999971
242761, 37062.4800,  3, 585.23, 23.62000000000262
242794, 37066.0200,  3, 613.74, 27.10000000000582
242882, 37089.8400,  1, -29.33, 9.339999999996508
242882, 37089.8400,  1, -33.86, 9.339999999996508
242905, 37092.3000,  1, 75.46, 11.80000000000291
242905, 37092.3000,  1, 26.96, 11.80000000000291
242982, 37100.5500,  3, 437.81, 19.959999999999127
243006, 37103.1200,  3, 559.22, 22.589999999996508
243007, 37103.2300,  3, 493.15, 22.720000000001164
243023, 37104.9400,  3, 551.34, 24.389999999999418
243144, 37132.3000,  1, 77.66, 12.880000000004657
243144, 37132.3000,  1, 49.88, 12.880000000004657
243162, 37134.2300,  1, 148.18, 14.810000000004948
243162, 37134.2300,  1, 200.53, 14.810000000004948
243234, 37141.9400,  3, 512.30, 22.419999999998254
243235, 37142.0500,  3, 519.49, 22.560000000004948
243242, 37142.8000,  3, 499.59, 23.330000000001746
243252, 37143.8700,  3, 559.71, 24.360000000000582
243352, 37168.6200,  1, 91.78, 10.62000000000262
243352, 37168.6200,  1, 71.09, 10.62000000000262
243433, 37177.3000,  3, 431.44, 19.19999999999709
243438, 37177.8400,  1, 259.21, 19.839999999996508
243438, 37177.8400,  1, 190.09, 19.839999999996508
243479, 37182.2300,  3, 459.95, 24.150000000001455
243496, 37184.0500,  3, 565.60, 25.94999999999709
243516, 37186.1900,  3, 710.68, 28.099999999998545
243644, 37214.4800,  1, 116.18, 13.610000000000582
243644, 37214.4800,  1, -11.23, 13.610000000000582
243713, 37221.8700,  1, 353.76, 21.0
243713, 37221.8700,  1, 207.48, 21.0
243722, 37222.8400,  1, 234.87, 21.969999999993888
243722, 37222.8400,  1, 254.95, 21.969999999993888
243733, 37224.0200,  3, 525.71, 23.07999999999447
243734, 37224.1200,  3, 481.12, 23.229999999995925
243795, 37245.0500,  1, -1.81, 6.430000000000291
243795, 37245.0500,  1, -51.44, 6.430000000000291
243925, 37258.9800,  3, 448.89, 20.25
243932, 37259.7300,  3, 468.09, 21.029999999998836
243940, 37260.5900,  3, 471.32, 21.869999999995343
243941, 37260.6900,  3, 543.89, 22.00999999999476
243944, 37261.0200,  3, 485.51, 22.37999999999738
243952, 37261.8700,  3, 533.77, 23.239999999997963
244038, 37285.3400,  1, -10.33, 9.119999999995343
244038, 37285.3400,  1, -68.99, 9.119999999995343
244078, 37289.6200,  1, 146.42, 13.400000000001455
244124, 37294.5500,  1, 19.69, 18.330000000001746
244139, 37296.1600,  3, 468.80, 19.830000000001746
244168, 37299.2700,  3, 505.55, 23.0
244174, 37299.9100,  3, 434.16, 23.599999999998545
244256, 37308.6900,  3, 602.35, 32.44999999999709
244320, 37330.4400,  1, 6.34, 6.75
244320, 37330.4400,  1, 3.02, 6.75
244445, 37343.8400,  3, 461.12, 20.040000000000873
244456, 37345.0200,  3, 496.63, 21.299999999995634
244458, 37345.2300,  3, 484.80, 21.479999999995925
244484, 37348.0200,  3, 522.55, 24.299999999995634
244496, 37349.3000,  3, 520.40, 25.589999999996508
244509, 37350.6900,  3, 471.18, 26.989999999997963
244681, 37383.1900,  1, 190.37, 18.340000000003783
244702, 37385.4400,  3, 474.92, 20.55000000000291
244715, 37386.8400,  3, 462.33, 21.880000000004657
244717, 37387.0500,  3, 538.72, 22.12000000000262
244729, 37388.3400,  3, 572.56, 23.389999999999418
244747, 37390.2700,  3, 562.94, 25.330000000001746
244785, 37394.3400,  3, 606.10, 29.410000000003492
244829, 37399.0500,  3, 541.35, 34.13999999999942
244930, 37424.3700,  1, 105.19, 10.709999999999127
245009, 37432.8400,  3, 457.47, 19.139999999999418
245076, 37440.0200,  3, 581.08, 26.279999999998836
245090, 37441.5200,  3, 538.94, 27.7699999999968
245093, 37441.8400,  3, 442.47, 28.07999999999447
245106, 37443.2300,  3, 563.57, 29.459999999999127
245111, 37443.7700,  3, 460.03, 30.05999999999767
245188, 37452.0200,  3, 572.97, 38.2699999999968
245299, 37478.4400,  1, -30.35, 11.779999999998836
245309, 37479.5200,  1, -33.17, 12.859999999993306
245353, 37484.2300,  1, 157.19, 17.56999999999971
245369, 37485.9400,  3, 455.26, 19.229999999995925
245395, 37488.7300,  3, 497.91, 22.00999999999476
245396, 37488.8400,  3, 507.46, 22.12999999999738
245402, 37489.4800,  3, 409.38, 22.709999999999127
245429, 37492.3700,  3, 481.24, 25.609999999993306
245526, 37517.0500,  1, 52.85, 10.280000000006112
245526, 37517.0500,  1, 82.19, 10.280000000006112
245604, 37525.4100,  3, 392.76, 18.610000000000582
245620, 37527.1200,  3, 447.17, 20.280000000006112
245645, 37529.8000,  3, 533.80, 22.9800000000032
245657, 37531.0900,  3, 459.06, 24.310000000004948
245704, 37536.1200,  3, 531.92, 29.330000000001746
245738, 37539.7700,  3, 714.89, 32.9600000000064
245842, 37566.1600,  1, 42.84, 11.060000000004948
245842, 37566.1600,  1, 3.03, 11.060000000004948
245929, 37575.4800,  3, 441.23, 20.290000000000873
245951, 37577.8400,  3, 533.35, 22.660000000003492
245958, 37578.5900,  3, 393.50, 23.470000000001164
245981, 37581.0500,  3, 509.95, 25.919999999998254
246000, 37583.0900,  3, 521.77, 27.889999999999418
246006, 37583.7300,  3, 564.34, 28.560000000004948
246097, 37608.6900,  1, -37.33, 9.639999999999418
246209, 37620.6900,  3, 471.73, 21.55999999999767
246220, 37621.8700,  3, 463.58, 22.779999999998836
246221, 37621.9800,  3, 483.45, 22.860000000000582
246249, 37624.9800,  3, 482.21, 25.860000000000582
246255, 37625.6200,  3, 405.55, 26.469999999993888
246293, 37629.6900,  3, 570.73, 30.589999999996508
246337, 37634.4100,  3, 547.45, 35.25
246438, 37659.6600,  1, 105.08, 10.730000000003201
246438, 37659.6600,  1, -11.44, 10.730000000003201
246537, 37670.2700,  3, 423.75, 21.25
246542, 37670.8000,  3, 481.40, 21.849999999998545
246589, 37675.8400,  3, 557.90, 26.87999999999738
246592, 37676.1600,  3, 468.20, 27.12000000000262
246612, 37678.3000,  3, 533.87, 29.330000000001746
246638, 37681.0900,  3, 474.34, 32.11000000000058
246782, 37710.6200,  1, 79.23, 15.310000000004948
246782, 37710.6200,  1, 120.72, 15.310000000004948
246843, 37717.1600,  3, 513.73, 21.810000000004948
246853, 37718.2300,  3, 498.28, 22.840000000003783
246862, 37719.1900,  3, 492.74, 23.81999999999971
246886, 37721.7700,  3, 450.58, 26.37000000000262
246891, 37722.3000,  3, 490.73, 26.959999999999127
246925, 37725.9400,  3, 480.81, 30.580000000001746
247097, 37758.6600,  3, 444.50, 18.239999999997963
247104, 37759.4100,  3, 452.02, 19.040000000000873
247118, 37760.9100,  3, 519.82, 20.56999999999971
247120, 37761.1200,  3, 451.14, 20.720000000001164
247123, 37761.4400,  3, 535.10, 21.080000000001746
247123, 37761.4400,  3, 448.04, 21.06999999999971
247125, 37761.6600,  3, 511.20, 21.2300000000032
247216, 37771.4100,  3, 577.20, 31.05999999999767
247336, 37798.8000,  1, 58.83, 12.740000000005239
247336, 37798.8000,  1, 129.45, 12.740000000005239
247416, 37807.3700,  3, 453.48, 21.290000000000873
247433, 37809.1900,  3, 502.95, 23.12000000000262
247437, 37809.6200,  3, 523.62, 23.540000000000873
247461, 37812.1900,  3, 486.58, 26.06999999999971
247463, 37812.4100,  3, 489.05, 26.279999999998836
247579, 37824.8400,  3, 723.31, 38.74000000000524
247763, 37859.0200,  3, 430.86, 19.589999999996508
247778, 37860.6200,  3, 511.68, 21.209999999999127
247782, 37861.0500,  3, 447.66, 21.55999999999767
247786, 37861.4800,  3, 423.59, 22.05999999999767
247793, 37862.2300,  3, 488.28, 22.760000000002037
247800, 37862.9800,  3, 493.12, 23.489999999997963
247817, 37864.8000,  3, 516.53, 25.369999999995343
247828, 37865.9800,  3, 511.42, 26.489999999997963
247946, 37892.8700,  1, 75.15, 12.540000000000873
247946, 37892.8700,  1, 84.98, 12.540000000000873
247996, 37898.2300,  3, 441.76, 17.889999999999418
248040, 37902.9400,  3, 473.28, 22.580000000001746
248060, 37905.0900,  3, 516.06, 24.75
248063, 37905.4100,  3, 515.34, 25.0199999999968
248090, 37908.3000,  3, 445.56, 27.87999999999738
248152, 37914.9400,  3, 454.63, 34.56999999999971
248250, 37940.6200,  1, 72.07, 10.389999999999418
248250, 37940.6200,  1, 52.62, 10.389999999999418
248295, 37945.4400,  1, -104.02, 15.209999999999127
248295, 37945.4400,  1, 97.42, 15.209999999999127
248333, 37949.5200,  1, 82.47, 19.289999999993597
248339, 37950.1600,  3, 471.35, 19.869999999995343
248350, 37951.3400,  3, 521.55, 21.06999999999971
248386, 37955.1900,  3, 477.64, 24.93000000000029
248463, 37978.0200,  1, 24.72, 8.14999999999418
248463, 37978.0200,  1, -47.03, 8.14999999999418
248474, 37979.1900,  1, 17.73, 9.319999999999709
248474, 37979.1900,  1, -7.97, 9.319999999999709
248587, 37991.3000,  3, 495.09, 21.339999999996508
248606, 37993.3400,  3, 522.04, 23.389999999999418
248619, 37994.7300,  3, 495.97, 24.849999999998545
248661, 37999.2300,  3, 543.00, 29.31999999999971
248852, 38034.1600,  3, 491.21, 20.340000000003783
248858, 38034.8000,  3, 471.04, 20.92000000000553
248858, 38034.8000,  3, 410.76, 20.92000000000553
248888, 38038.0200,  3, 430.39, 24.139999999999418
248921, 38041.5500,  3, 489.33, 27.660000000003492
248943, 38043.9100,  3, 582.00, 30.060000000004948
248946, 38044.2300,  3, 454.33, 30.31999999999971
248983, 38048.1900,  3, 665.11, 34.36000000000058
249084, 38073.0900,  1, 17.48, 10.709999999999127
249088, 38073.5200,  1, 88.88, 11.139999999999418
249088, 38073.5200,  1, 28.65, 11.139999999999418
249099, 38074.6900,  1, 86.51, 12.310000000004948
249195, 38084.9800,  3, 545.12, 22.55000000000291
249205, 38086.0500,  3, 578.88, 23.590000000003783
249224, 38088.0900,  3, 518.16, 25.610000000000582
249227, 38088.4100,  3, 548.42, 25.9800000000032
249318, 38112.7700,  1, 51.48, 9.669999999998254
249318, 38112.7700,  1, 71.35, 9.669999999998254
249341, 38115.2300,  1, 47.82, 12.130000000004657
249341, 38115.2300,  1, 38.86, 12.130000000004657
249430, 38124.7700,  3, 498.72, 21.580000000001746
249448, 38126.6900,  3, 442.13, 23.580000000001746
249468, 38128.8400,  3, 515.66, 25.68000000000029
249495, 38131.7300,  3, 528.08, 28.590000000003783
249687, 38166.4800,  3, 411.77, 20.44000000000233
249714, 38169.3700,  3, 545.42, 23.279999999998836
249726, 38170.6600,  3, 440.90, 24.580000000001746
249727, 38170.7700,  3, 489.88, 24.720000000001164
249746, 38172.8000,  3, 458.10, 26.69000000000233
249751, 38173.3400,  3, 416.75, 27.30000000000291
249756, 38173.8700,  3, 474.58, 27.839999999996508
249760, 38174.3000,  3, 630.34, 28.209999999999127
249877, 38201.3000,  1, 121.73, 12.450000000004366
249877, 38201.3000,  1, 141.28, 12.450000000004366
249964, 38210.6200,  3, 475.04, 21.760000000002037
249973, 38211.5900,  3, 484.27, 22.660000000003492
249988, 38213.1900,  3, 453.59, 24.270000000004075
250004, 38214.9100,  3, 449.23, 25.989999999997963
250014, 38215.9800,  3, 447.68, 27.080000000001746
250175, 38233.2300,  3, 633.29, 44.34000000000378
250319, 38263.0900,  1, 139.45, 15.32999999999447
250383, 38269.9400,  3, 467.35, 22.150000000001455
250396, 38271.3400,  3, 382.28, 23.489999999997963
250415, 38273.3700,  3, 542.08, 25.549999999995634
250428, 38274.7700,  3, 499.55, 26.989999999997963
250434, 38275.4100,  3, 553.55, 27.55999999999767
250435, 38275.5200,  3, 615.87, 27.650000000001455
250449, 38277.0200,  3, 618.34, 29.25
250553, 38303.5900,  1, 62.10, 11.039999999993597
250553, 38303.5900,  1, 83.00, 11.039999999993597
250581, 38306.5900,  1, 33.20, 14.039999999993597
250581, 38306.5900,  1, 49.03, 14.039999999993597
250651, 38314.0900,  3, 447.94, 21.44999999999709
250676, 38316.7700,  3, 528.24, 24.12999999999738
250694, 38318.6900,  3, 444.76, 26.110000000000582
250704, 38319.7700,  3, 522.48, 27.159999999996217
250829, 38347.4800,  1, 65.96, 13.280000000006112
250829, 38347.4800,  1, 61.99, 13.280000000006112
250936, 38358.9400,  3, 426.55, 24.67000000000553
250945, 38359.9100,  3, 469.82, 25.68000000000029
250945, 38359.9100,  3, 514.68, 25.62000000000262
250973, 38362.9100,  3, 438.27, 28.700000000004366
250975, 38363.1200,  3, 472.48, 28.87000000000262
251026, 38368.5900,  3, 548.18, 34.37000000000262
251130, 38394.8700,  1, 76.17, 11.05000000000291
251130, 38394.8700,  1, 52.28, 11.05000000000291
251142, 38396.1600,  1, 85.07, 12.340000000003783
251142, 38396.1600,  1, 44.47, 12.340000000003783
251217, 38404.1900,  3, 494.90, 20.360000000000582
251253, 38408.0500,  3, 522.86, 24.169999999998254
251258, 38408.5900,  3, 478.92, 24.69999999999709
251258, 38408.5900,  3, 495.60, 24.669999999998254
251467, 38445.4100,  3, 432.80, 22.260000000002037
251471, 38445.8400,  3, 359.69, 22.709999999999127
251488, 38447.6600,  3, 525.98, 24.459999999999127
251495, 38448.4100,  3, 495.73, 25.290000000000873
251505, 38449.4800,  3, 483.02, 26.340000000003783
251537, 38452.9100,  3, 441.22, 29.80000000000291
251544, 38453.6600,  3, 664.71, 30.55000000000291
251551, 38454.4100,  3, 483.98, 31.2300000000032
251737, 38488.7300,  1, 205.98, 19.840000000003783
251737, 38488.7300,  1, 275.02, 19.840000000003783
251756, 38490.7700,  3, 422.45, 21.81999999999971
251761, 38491.3000,  3, 435.98, 22.30000000000291
251775, 38492.8000,  3, 439.40, 23.840000000003783
251780, 38493.3400,  3, 510.56, 24.389999999999418
251781, 38493.4400,  3, 499.85, 24.470000000001164
251814, 38496.9800,  3, 463.90, 28.040000000000873
251942, 38524.9400,  1, 47.86, 13.60000000000582
251942, 38524.9400,  1, 99.09, 13.60000000000582
251950, 38525.8000,  1, 182.41, 14.460000000006403
251950, 38525.8000,  1, 73.81, 14.460000000006403
252040, 38535.4400,  3, 435.83, 24.080000000001746
252059, 38537.4800,  3, 434.07, 26.110000000000582
252141, 38546.2700,  3, 697.60, 34.85000000000582
252202, 38552.8000,  3, 428.89, 41.38000000000466
252304, 38578.3000,  1, 86.59, 10.840000000003783
252414, 38590.0900,  3, 488.93, 22.62000000000262
252425, 38591.2700,  3, 510.03, 23.770000000004075
252439, 38592.7700,  3, 458.96, 25.30000000000291
252458, 38594.8000,  3, 389.19, 27.290000000000873
252467, 38595.7700,  3, 604.52, 28.220000000001164
252493, 38598.5500,  3, 566.07, 30.989999999997963
252495, 38598.7700,  3, 500.05, 31.220000000001164
252643, 38628.7700,  1, 204.94, 15.769999999996799
252702, 38635.0900,  3, 440.70, 22.0199999999968
252710, 38635.9400,  3, 378.71, 22.87999999999738
252750, 38640.2300,  3, 459.10, 27.169999999998254
252761, 38641.4100,  3, 427.16, 28.360000000000582
252762, 38641.5200,  3, 568.12, 28.489999999997963
252767, 38642.0500,  3, 484.31, 28.94000000000233
252807, 38646.3400,  3, 632.29, 33.26000000000204
252930, 38673.9400,  1, 103.73, 13.080000000001746
252930, 38673.9400,  1, 35.95, 13.080000000001746
253013, 38682.8400,  3, 456.88, 21.919999999998254
253031, 38684.7700,  3, 414.65, 23.900000000001455
253035, 38685.1900,  3, 410.61, 24.30999999999767
253068, 38688.7300,  3, 500.40, 27.81999999999971
253148, 38697.3000,  3, 426.22, 36.38999999999942
253200, 38702.8700,  3, 479.04, 41.93000000000029
253384, 38736.7300,  3, 425.61, 19.580000000001746
253395, 38737.9100,  3, 444.46, 20.729999999995925
253395, 38737.9100,  3, 420.37, 20.760000000002037
253429, 38741.5500,  3, 444.05, 24.419999999998254
253440, 38742.7300,  3, 437.28, 25.56999999999971
253450, 38743.8000,  3, 480.51, 26.599999999998545
253455, 38744.3400,  3, 467.28, 27.159999999996217
253668, 38767.1600,  3, 470.94, 50.0199999999968
253759, 38791.1600,  1, 58.68, 9.660000000003492
253759, 38791.1600,  1, 29.39, 9.660000000003492
253827, 38798.4400,  1, 113.43, 16.94000000000233
253827, 38798.4400,  1, 163.09, 16.94000000000233
253916, 38807.9800,  3, 417.92, 26.44999999999709
253950, 38811.6200,  3, 506.05, 30.040000000000873
253962, 38812.9100,  3, 594.10, 31.339999999996508
253962, 38812.9100,  3, 584.71, 31.37999999999738
254123, 38844.6200,  1, 43.79, 17.150000000001455
254173, 38849.9800,  3, 444.14, 22.400000000001455
254184, 38851.1600,  3, 536.06, 23.589999999996508
254190, 38851.8000,  3, 479.89, 24.290000000000873
254200, 38852.8700,  3, 534.85, 25.30999999999767
254213, 38854.2700,  3, 553.68, 26.7699999999968
254233, 38856.4100,  3, 481.31, 28.909999999996217
254324, 38866.1600,  3, 708.75, 38.65999999999622
254519, 38901.3000,  3, 442.49, 20.68000000000029
254535, 38903.0200,  3, 442.93, 22.43000000000029
254545, 38904.0900,  3, 460.79, 23.540000000000873
254551, 38904.7300,  3, 430.03, 24.189999999995052
254564, 38906.1200,  3, 576.33, 25.599999999998545
254577, 38907.5200,  3, 539.29, 26.989999999997963
254601, 38910.0900,  3, 468.93, 29.540000000000873
254627, 38912.8700,  3, 453.27, 32.299999999995634
254704, 38935.1200,  1, 22.78, 8.150000000001455
254704, 38935.1200,  1, -9.35, 8.150000000001455
254798, 38945.1900,  3, 410.33, 18.159999999996217
254850, 38950.7700,  3, 426.37, 23.720000000001164
254876, 38953.5500,  3, 440.86, 26.5
254905, 38956.6600,  3, 553.28, 29.610000000000582
254947, 38961.1600,  3, 662.65, 34.11999999999534
254954, 38961.9100,  3, 689.24, 34.900000000001455
255060, 38988.5900,  1, 53.00, 11.259999999994761
255060, 38988.5900,  1, 36.22, 11.259999999994761
255178, 39001.2300,  3, 521.90, 23.790000000000873
255183, 39001.7700,  3, 501.78, 24.43000000000029
255184, 39001.8700,  3, 455.86, 24.529999999998836
255196, 39003.1600,  3, 428.33, 25.81999999999971
255225, 39006.2700,  3, 447.89, 28.849999999998545
255226, 39006.3700,  3, 471.87, 28.94999999999709
255306, 39030.0500,  1, -24.80, 8.460000000006403
255306, 39030.0500,  1, -3.48, 8.460000000006403
255320, 39031.5500,  1, 25.90, 9.960000000006403
255320, 39031.5500,  1, 24.09, 9.960000000006403
255431, 39043.4400,  3, 444.10, 21.770000000004075
255436, 39043.9800,  3, 535.08, 22.37000000000262
255518, 39052.7700,  3, 637.35, 31.140000000006694
255534, 39054.4800,  3, 520.63, 32.84000000000378
255732, 39091.7300,  3, 468.56, 21.080000000001746
255749, 39093.5500,  3, 439.72, 22.87000000000262
255775, 39096.3400,  3, 458.65, 25.62999999999738
255776, 39096.4400,  3, 489.57, 25.80999999999767
255786, 39097.5200,  3, 535.30, 26.900000000001455
255791, 39098.0500,  3, 552.98, 27.389999999999418
255798, 39098.8000,  3, 488.53, 28.18000000000029
255814, 39100.5200,  3, 602.56, 29.889999999999418
256010, 39135.9400,  3, 417.59, 20.830000000001746
256013, 39136.2700,  3, 483.46, 21.17000000000553
256015, 39136.4800,  3, 489.49, 21.330000000001746
256052, 39140.4400,  3, 481.87, 25.360000000000582
256068, 39142.1600,  3, 479.68, 27.0
256091, 39144.6200,  3, 486.19, 29.540000000000873
256099, 39145.4800,  3, 466.77, 30.37000000000262
256105, 39146.1200,  3, 505.10, 30.959999999999127
256286, 39179.6600,  3, 457.63, 19.19000000000233
256293, 39180.4100,  3, 482.03, 19.970000000001164
256302, 39181.3700,  3, 497.10, 20.92000000000553
256332, 39184.5900,  3, 500.20, 24.110000000000582
256341, 39185.5500,  3, 522.30, 25.130000000004657
256346, 39186.0900,  3, 531.31, 25.660000000003492
256358, 39187.3700,  3, 487.04, 26.900000000001455
256369, 39188.5500,  3, 435.04, 28.080000000001746
256442, 39210.7300,  1, -23.36, 7.720000000001164
256442, 39210.7300,  1, -33.02, 7.720000000001164
256495, 39216.4100,  1, 135.01, 13.400000000001455
256495, 39216.4100,  1, 88.31, 13.400000000001455
256569, 39224.3400,  3, 470.17, 21.2699999999968
256587, 39226.2700,  3, 446.13, 23.25
256640, 39231.9400,  3, 459.28, 28.889999999999418
256700, 39238.3700,  3, 663.62, 35.279999999998836
256813, 39264.7700,  1, 104.76, 12.009999999994761
256813, 39264.7700,  1, -35.74, 12.009999999994761
256813, 39264.7700,  1, 41.46, 12.009999999994761
256815, 39264.9800,  1, 57.02, 12.220000000001164
256943, 39278.6900,  3, 501.50, 25.849999999998545
256960, 39280.5200,  3, 497.40, 27.75
256980, 39282.6600,  3, 541.33, 29.799999999995634
256984, 39283.0900,  1, 320.07, 30.32999999999447
257188, 39319.5500,  3, 454.02, 21.599999999998545
257190, 39319.7700,  3, 457.23, 21.839999999996508
257201, 39320.9400,  3, 505.07, 23.029999999998836
257207, 39321.5900,  3, 503.24, 23.599999999998545
257209, 39321.8000,  3, 459.48, 23.889999999999418
257215, 39322.4400,  3, 552.86, 24.5199999999968
257222, 39323.1900,  3, 518.09, 25.260000000002037
257267, 39328.0200,  3, 467.57, 30.099999999998545
257344, 39350.6600,  1, 14.68, 8.140000000006694
257344, 39350.6600,  1, -24.80, 8.140000000006694
257344, 39350.6600,  1, -66.85, 8.140000000006694
257344, 39350.6600,  1, -6.05, 8.140000000006694
257441, 39361.0500,  3, 416.65, 18.450000000004366
257456, 39362.6600,  3, 467.46, 20.05000000000291
257526, 39370.1600,  3, 468.69, 27.62000000000262
257672, 39385.8000,  3, 702.60, 43.18000000000029
257866, 39420.9100,  3, 422.11, 20.599999999998545
257884, 39422.8400,  3, 501.52, 22.55000000000291
257904, 39424.9800,  3, 510.08, 24.669999999998254
257910, 39425.6200,  3, 458.42, 25.360000000000582
257912, 39425.8400,  3, 506.95, 25.610000000000582
257929, 39427.6600,  3, 538.76, 27.410000000003492
257934, 39428.1900,  3, 493.03, 27.87999999999738
257939, 39428.7300,  3, 472.64, 28.410000000003492
258096, 39459.7700,  1, 124.20, 16.739999999997963
258096, 39459.7700,  1, 45.38, 16.739999999997963
258117, 39462.0200,  3, 439.60, 18.9800000000032
258154, 39465.9800,  3, 451.92, 22.900000000001455
258157, 39466.3000,  3, 408.58, 23.260000000002037
258163, 39466.9400,  3, 453.15, 23.81999999999971
258172, 39467.9100,  3, 580.18, 24.80000000000291
258194, 39470.2700,  3, 503.66, 27.130000000004657
258342, 39501.5200,  1, 79.43, 15.75
258342, 39501.5200,  1, 83.07, 15.75
258401, 39507.8400,  1, 35.59, 22.06999999999971
258401, 39507.8400,  1, 118.96, 22.06999999999971
258415, 39509.3400,  3, 483.30, 23.55000000000291
258427, 39510.6200,  3, 517.15, 24.780000000006112
258461, 39514.2700,  3, 529.88, 28.43000000000029
258511, 39519.6200,  3, 571.74, 33.75
258663, 39550.3700,  1, 136.15, 16.18000000000029
258724, 39556.9100,  3, 468.42, 22.619999999995343
258731, 39557.6600,  3, 424.79, 23.419999999998254
258759, 39560.6600,  3, 558.21, 26.43000000000029
258764, 39561.1900,  3, 550.23, 26.939999999995052
258766, 39561.4100,  3, 432.73, 27.19999999999709
258775, 39562.3700,  3, 591.74, 28.159999999996217
258790, 39563.9800,  3, 378.81, 29.739999999997963
258872, 39586.9800,  1, 10.71, 8.67000000000553
258872, 39586.9800,  1, 58.19, 8.67000000000553
258949, 39595.2300,  1, 217.04, 16.92000000000553
258969, 39597.3700,  3, 469.66, 19.05000000000291
258971, 39597.5900,  3, 477.04, 19.24000000000524
259010, 39601.7700,  3, 475.12, 23.360000000000582
259013, 39602.0900,  3, 444.97, 23.68000000000029
259015, 39602.3000,  3, 542.90, 23.93000000000029
259119, 39628.8000,  1, -43.76, 11.060000000004948
259119, 39628.8000,  1, -3.67, 11.060000000004948
259122, 39629.1200,  1, 16.05, 11.380000000004657
259122, 39629.1200,  1, 114.01, 11.380000000004657
259203, 39637.8000,  3, 455.71, 19.9800000000032
259218, 39639.4100,  3, 485.24, 21.660000000003492
259257, 39643.5900,  3, 536.88, 25.790000000000873
259378, 39656.5500,  3, 585.00, 38.74000000000524
259588, 39693.3700,  3, 499.83, 22.30999999999767
259592, 39693.8000,  3, 476.54, 22.760000000002037
259604, 39695.0900,  3, 489.14, 24.06999999999971
259605, 39695.1900,  3, 485.66, 24.119999999995343
259615, 39696.2700,  3, 516.43, 25.209999999999127
259623, 39697.1200,  3, 480.54, 26.049999999995634
259628, 39697.6600,  3, 460.98, 26.589999999996508
259739, 39709.5500,  3, 571.15, 38.54000000000087
259774, 39727.4800,  1, -174.08, 3.640000000006694
259818, 39732.1900,  1, 36.89, 8.35000000000582
259818, 39732.1900,  1, 27.70, 8.35000000000582
259895, 39740.4400,  1, 123.14, 16.60000000000582
259895, 39740.4400,  1, 132.87, 16.60000000000582
259911, 39742.1600,  3, 437.75, 18.210000000006403
259941, 39745.3700,  3, 535.76, 21.43000000000029
259946, 39745.9100,  3, 512.73, 22.060000000004948
260058, 39772.3700,  1, 69.77, 11.900000000001455
260058, 39772.3700,  1, 86.88, 11.900000000001455
260071, 39773.7700,  1, 70.07, 13.299999999995634
260181, 39785.5500,  3, 534.43, 25.05999999999767
260188, 39786.3000,  3, 458.89, 25.7699999999968
260200, 39787.5900,  3, 522.09, 27.06999999999971
260201, 39787.6900,  3, 485.64, 27.119999999995343
260205, 39788.1200,  3, 542.25, 27.619999999995343
260403, 39823.6200,  3, 482.86, 21.110000000000582
260405, 39823.8400,  3, 446.62, 21.2699999999968
260453, 39828.9800,  3, 539.62, 26.43000000000029
260454, 39829.0900,  3, 511.64, 26.580000000001746
260458, 39829.5200,  3, 553.16, 26.919999999998254
260479, 39831.7700,  3, 548.44, 29.19999999999709
260528, 39837.0200,  3, 385.93, 34.44999999999709
260673, 39852.5500,  2, 142.05,  50
260754, 39875.7300,  1, 46.93, 8.460000000006403
260754, 39875.7300,  1, 45.10, 8.460000000006403
260761, 39876.4800,  1, 39.21, 9.210000000006403
260761, 39876.4800,  1, 39.59, 9.210000000006403
260883, 39889.5500,  3, 510.27, 22.270000000004075
260900, 39891.3700,  3, 504.96, 24.080000000001746
260902, 39891.5900,  3, 512.27, 24.270000000004075
261008, 39902.9400,  3, 684.94, 35.650000000001455
261120, 39929.3000,  1, 48.65, 11.910000000003492
261120, 39929.3000,  1, 127.19, 11.910000000003492
261129, 39930.2700,  1, 32.26, 12.87999999999738
261129, 39930.2700,  1, 110.00, 12.87999999999738
261226, 39940.6600,  3, 458.93, 23.2300000000032
261250, 39943.2300,  3, 589.94, 25.75
261254, 39943.6600,  3, 516.31, 26.220000000001164
261274, 39945.8000,  3, 432.27, 28.349999999998545
261409, 39974.9100,  1, 175.41, 14.37000000000262
261409, 39974.9100,  1, 70.09, 14.37000000000262
261471, 39981.5500,  3, 516.02, 21.0
261503, 39984.9800,  3, 541.29, 24.360000000000582
261507, 39985.4100,  1, 65.48, 24.87000000000262
261507, 39985.4100,  1, 92.67, 24.87000000000262
261570, 39992.1600,  3, 610.55, 31.549999999995634
261607, 39996.1200,  3, 524.96, 35.479999999995925
261804, 40031.5200,  3, 528.85, 20.989999999997963
261805, 40031.6200,  3, 464.10, 21.089999999996508
261810, 40032.1600,  3, 434.58, 21.599999999998545
261832, 40034.5200,  3, 501.73, 24.0
261837, 40035.0500,  1, 235.94, 24.55000000000291
261837, 40035.0500,  1, 285.68, 24.55000000000291
261844, 40035.8000,  3, 331.11, 25.279999999998836
261988, 40051.2300,  3, 619.49, 40.68000000000029
262058, 40073.0500,  1, -42.15, 7.400000000001455
262058, 40073.0500,  1, -9.01, 7.400000000001455
262176, 40085.6900,  3, 436.95, 20.0199999999968
262199, 40088.1600,  3, 506.09, 22.439999999995052
262207, 40089.0200,  3, 489.95, 23.260000000002037
262209, 40089.2300,  1, 114.46, 23.580000000001746
262245, 40093.0900,  3, 522.73, 27.43000000000029
262277, 40096.5200,  3, 599.94, 30.760000000002037
262374, 40121.0900,  1, 27.35, 10.279999999998836
262374, 40121.0900,  1, 45.09, 10.279999999998836
262483, 40132.7700,  3, 532.13, 21.880000000004657
262490, 40133.5200,  1, 5.71, 22.709999999999127
262498, 40134.3700,  3, 508.77, 23.470000000001164
262508, 40135.4400,  3, 495.99, 24.540000000000873
262510, 40135.6600,  3, 491.90, 24.779999999998836
262534, 40138.2300,  3, 541.04, 27.340000000003783
262635, 40164.6900,  1, 46.44, 10.730000000003201
262635, 40164.6900,  1, 53.12, 10.730000000003201
262641, 40165.3400,  1, 76.26, 11.37999999999738
262641, 40165.3400,  1, 38.43, 11.37999999999738
262715, 40173.2700,  3, 452.76, 19.2300000000032
262736, 40175.5200,  3, 516.92, 21.55000000000291
262770, 40179.1600,  3, 453.73, 25.12000000000262
262791, 40181.4100,  3, 621.32, 27.410000000003492
262972, 40215.3700,  3, 448.61, 19.25
262973, 40215.4800,  3, 484.59, 19.37999999999738
262989, 40217.1900,  3, 477.87, 21.090000000003783
263018, 40220.3000,  3, 499.03, 24.19999999999709
263034, 40222.0200,  3, 464.64, 25.87000000000262
263049, 40223.6200,  3, 515.49, 27.470000000001164
263053, 40224.0500,  3, 492.99, 27.94000000000233
263085, 40227.4800,  3, 525.72, 31.37000000000262
263268, 40261.1900,  3, 482.83, 19.400000000001455
263274, 40261.8400,  3, 502.59, 20.040000000000873
263290, 40263.5500,  3, 450.99, 21.74000000000524
263305, 40265.1600,  3, 435.87, 23.43000000000029
263310, 40265.6900,  3, 494.62, 23.92000000000553
263337, 40268.5900,  3, 455.84, 26.780000000006112
263338, 40268.6900,  3, 507.74, 26.960000000006403
263338, 40268.6900,  3, 519.00, 26.900000000001455
263485, 40298.6200,  1, 152.68, 15.639999999999418
263485, 40298.6200,  1, 87.83, 15.639999999999418
263531, 40303.5500,  3, 506.67, 20.5199999999968
263602, 40311.1600,  3, 574.19, 28.119999999995343
263647, 40315.9800,  3, 587.76, 32.88999999999942
263677, 40319.1900,  3, 635.01, 36.109999999993306
263710, 40322.7300,  3, 507.29, 39.68999999999505
263792, 40331.5200,  3, 635.87, 48.45999999999913
263989, 40367.1600,  3, 492.86, 20.970000000001164
263999, 40368.2300,  1, 153.61, 22.090000000003783
264008, 40369.1900,  3, 520.19, 22.970000000001164
264014, 40369.8400,  3, 520.38, 23.639999999999418
264018, 40370.2700,  3, 547.36, 24.040000000000873
264037, 40372.3000,  3, 478.99, 26.139999999999418
264055, 40374.2300,  3, 516.75, 27.989999999997963
264114, 40380.5500,  3, 530.43, 34.37000000000262
264215, 40405.6200,  1, 84.25, 10.709999999999127
264215, 40405.6200,  1, 95.43, 10.709999999999127
264230, 40407.2300,  1, 46.58, 12.319999999999709
264296, 40414.3000,  3, 417.58, 19.289999999993597
264307, 40415.4800,  3, 434.83, 20.549999999995634
264326, 40417.5200,  3, 483.66, 22.5
264335, 40418.4800,  3, 459.81, 23.479999999995925
264362, 40421.3700,  3, 596.15, 26.359999999993306
264376, 40437.1600,  1, -159.55, 1.3900000000066939
264480, 40448.3000,  1, -7.19, 12.530000000006112
264480, 40448.3000,  1, 143.16, 12.530000000006112
264552, 40456.0200,  3, 460.92, 20.220000000001164
264593, 40460.4100,  3, 502.59, 24.55000000000291
264596, 40460.7300,  3, 468.86, 24.890000000006694
264620, 40463.3000,  3, 545.88, 27.43000000000029
264639, 40465.3400,  3, 547.06, 29.4800000000032
264831, 40500.1600,  3, 498.59, 20.360000000000582
264838, 40500.9100,  1, 270.67, 21.210000000006403
264848, 40501.9800,  3, 475.40, 22.260000000002037
264861, 40503.3700,  3, 555.93, 23.660000000003492
264899, 40507.4400,  3, 468.29, 27.67000000000553
264922, 40509.9100,  3, 433.13, 30.150000000001455
264942, 40512.0500,  3, 612.64, 32.26000000000204
264955, 40513.4400,  3, 426.38, 33.63999999999942
265037, 40536.5900,  1, -26.69, 8.679999999993015
265037, 40536.5900,  1, -12.75, 8.679999999993015
265142, 40547.8400,  3, 498.38, 19.81999999999971
265174, 40551.2700,  3, 466.88, 23.339999999996508
265186, 40552.5500,  3, 457.84, 24.57999999999447
265205, 40554.5900,  3, 470.51, 26.599999999998545
265219, 40556.0900,  3, 478.59, 28.06999999999971
265295, 40564.2300,  3, 589.76, 36.25
265522, 40602.9100,  3, 468.47, 24.169999999998254
265531, 40603.8700,  3, 445.13, 25.07999999999447
265541, 40604.9400,  3, 508.69, 26.14999999999418
265546, 40605.4800,  3, 578.52, 26.7699999999968
265572, 40608.2700,  3, 568.63, 29.5
265572, 40608.2700,  3, 568.05, 29.489999999997963
265610, 40612.3400,  3, 500.20, 33.62999999999738
265641, 40615.6600,  3, 443.89, 36.86000000000058
265739, 40640.6600,  1, 38.83, 10.42000000000553
265739, 40640.6600,  1, 88.46, 10.42000000000553
265783, 40645.3700,  1, 38.18, 15.130000000004657
265834, 40650.8400,  3, 444.93, 20.529999999998836
265848, 40652.3400,  3, 449.29, 22.020000000004075
265861, 40653.7300,  3, 512.96, 23.43000000000029
265979, 40666.3700,  3, 540.82, 36.029999999998836
266077, 40676.8700,  3, 476.57, 46.55000000000291
266142, 40697.9100,  1, -60.02, 6.870000000002619
266142, 40697.9100,  1, -6.98, 6.870000000002619
266274, 40712.0500,  1, 71.96, 21.010000000002037
266277, 40712.3700,  3, 520.66, 21.25
266288, 40713.5500,  3, 506.15, 22.43000000000029
266298, 40714.6200,  3, 506.51, 23.549999999995634
266316, 40716.5500,  3, 428.23, 25.44000000000233
266391, 40724.5900,  3, 364.92, 33.48999999999796
266531, 40753.8000,  1, -48.12, 14.900000000001455
266533, 40754.0200,  1, 9.59, 15.119999999995343
266577, 40758.7300,  3, 454.09, 19.7699999999968
266580, 40759.0500,  3, 478.88, 20.089999999996508
266587, 40759.8000,  3, 489.61, 20.790000000000873
266600, 40761.1900,  1, -0.54, 22.290000000000873
266622, 40763.5500,  3, 528.26, 24.599999999998545
266629, 40764.3000,  3, 451.01, 25.37999999999738
266713, 40787.4100,  1, -20.27, 8.890000000006694
266779, 40794.4800,  1, 95.23, 15.960000000006403
266830, 40799.9400,  3, 501.16, 21.360000000000582
266839, 40800.9100,  3, 467.31, 22.37000000000262
266844, 40801.4400,  3, 466.01, 22.900000000001455
266859, 40803.0500,  3, 479.77, 24.5
266868, 40804.0200,  3, 507.45, 25.43000000000029
266882, 40805.5200,  3, 532.13, 26.960000000006403
267022, 40834.9400,  1, 175.91, 14.880000000004657
267022, 40834.9400,  1, 138.86, 14.880000000004657
267077, 40840.8400,  3, 465.91, 20.760000000002037
267108, 40844.1600,  3, 471.70, 24.06999999999971
267135, 40847.0500,  3, 435.89, 26.880000000004657
267161, 40849.8400,  3, 504.03, 29.74000000000524
267225, 40856.6900,  3, 673.76, 36.529999999998836
267247, 40859.0500,  3, 484.91, 38.970000000001164
267380, 40887.8400,  1, 50.26, 14.159999999996217
267380, 40887.8400,  1, 111.90, 14.159999999996217
267424, 40892.5500,  3, 447.23, 18.80999999999767
267425, 40892.6600,  3, 413.28, 18.900000000001455
267487, 40899.3000,  3, 488.69, 25.510000000002037
267512, 40901.9800,  3, 378.75, 28.19999999999709
267519, 40902.7300,  3, 471.92, 28.94000000000233
267543, 40905.3000,  3, 600.09, 31.56999999999971
267774, 40944.5200,  3, 478.52, 24.62999999999738
267776, 40944.7300,  3, 408.22, 24.790000000000873
267800, 40947.3000,  3, 593.58, 27.419999999998254
267802, 40947.5200,  3, 660.96, 27.610000000000582
267829, 40950.4100,  3, 562.19, 30.44999999999709
267830, 40950.5200,  3, 420.99, 30.599999999998545
267847, 40952.3400,  3, 488.73, 32.45999999999913
267911, 40959.1900,  3, 438.05, 39.2699999999968
268028, 40986.3000,  1, 72.03, 12.430000000000291
268028, 40986.3000,  1, 32.53, 12.430000000000291
268074, 40991.2300,  3, 388.91, 17.32999999999447
268125, 40996.6900,  3, 453.37, 22.799999999995634
268157, 41000.1200,  3, 513.61, 26.19999999999709
268165, 41000.9800,  3, 512.05, 27.06999999999971
268168, 41001.3000,  3, 428.46, 27.339999999996508
268179, 41002.4800,  3, 492.68, 28.57999999999447
268269, 41027.1600,  1, 28.18, 9.540000000000873
268269, 41027.1600,  1, 23.70, 9.540000000000873
268282, 41028.5500,  1, -6.80, 10.930000000000291
268373, 41038.3000,  3, 425.65, 20.659999999996217
268412, 41042.4800,  3, 455.91, 24.82999999999447
268472, 41048.9100,  3, 456.98, 31.19999999999709
268482, 41049.9800,  3, 540.07, 32.2699999999968
268553, 41057.5900,  3, 374.56, 39.86000000000058
268700, 41087.5500,  1, 10.18, 15.639999999999418
268765, 41094.5200,  3, 471.81, 22.529999999998836
268765, 41094.5200,  3, 472.27, 22.549999999995634
268767, 41094.7300,  3, 480.97, 22.75
268780, 41096.1200,  3, 437.38, 24.14999999999418
268794, 41097.6200,  3, 475.57, 25.659999999996217
268815, 41099.8700,  3, 460.27, 27.929999999993015
268877, 41106.5200,  3, 478.36, 34.58999999999651
268952, 41128.7700,  1, -11.42, 7.94999999999709
268952, 41128.7700,  1, 30.31, 7.94999999999709
268975, 41131.2300,  1, 58.94, 10.410000000003492
269059, 41140.2300,  1, 154.52, 19.410000000003492
269123, 41147.0900,  3, 430.95, 26.260000000002037
269146, 41149.5500,  3, 447.45, 28.68000000000029
269165, 41151.5900,  3, 477.99, 30.660000000003492
269201, 41155.4400,  3, 372.01, 34.54000000000087
269309, 41181.5500,  1, 26.23, 11.480000000003201
269320, 41182.7300,  1, 25.57, 12.660000000003492
269404, 41191.7300,  3, 423.89, 21.62000000000262
269429, 41194.4100,  3, 404.94, 24.30999999999767
269437, 41195.2700,  3, 415.80, 25.19000000000233
269442, 41195.8000,  3, 432.66, 25.709999999999127
269462, 41197.9400,  3, 513.32, 27.849999999998545
269490, 41200.9400,  1, 66.52, 30.87000000000262
269552, 41222.0900,  1, -37.24, 6.429999999993015
269552, 41222.0900,  1, 2.84, 6.429999999993015
269644, 41231.9400,  1, -6.86, 16.279999999998836
269708, 41238.8000,  3, 552.44, 23.109999999993306
269723, 41240.4100,  3, 550.14, 24.719999999993888
269749, 41243.1900,  3, 543.32, 27.5
269756, 41243.9400,  3, 466.75, 28.219999999993888
269797, 41248.3400,  3, 417.43, 32.609999999993306
269970, 41281.3000,  3, 393.81, 18.349999999998545
269990, 41283.4400,  3, 448.48, 20.529999999998836
269991, 41283.5500,  3, 433.34, 20.62999999999738
269996, 41284.0900,  1, 192.74, 21.219999999993888
269996, 41284.0900,  1, 184.44, 21.219999999993888
270022, 41286.8700,  3, 452.72, 23.909999999996217
270037, 41288.4800,  3, 495.25, 25.599999999998545
270071, 41292.1200,  3, 525.08, 29.18000000000029
270248, 41325.3000,  3, 407.45, 18.790000000000873
270252, 41325.7300,  3, 405.84, 19.24000000000524
270264, 41327.0200,  3, 428.90, 20.560000000004948
270270, 41327.6600,  3, 389.55, 21.2300000000032
270300, 41330.8700,  3, 558.73, 24.37000000000262
270303, 41331.1900,  3, 564.53, 24.68000000000029
270324, 41333.4400,  3, 397.51, 27.0
270354, 41336.6600,  3, 484.49, 30.169999999998254
270450, 41361.3000,  1, 40.40, 10.200000000004366
270476, 41364.0900,  1, -12.90, 12.989999999997963
270476, 41364.0900,  1, 94.86, 12.989999999997963
270575, 41374.6900,  3, 406.91, 23.5
270598, 41377.1600,  3, 523.72, 26.040000000000873
270599, 41377.2700,  3, 473.14, 26.080000000001746
270604, 41377.8000,  3, 490.78, 26.669999999998254
270702, 41388.3000,  3, 663.34, 37.09000000000378
270851, 41418.5500,  1, 98.25, 15.85000000000582
270851, 41418.5500,  1, 114.51, 15.85000000000582
270880, 41421.6600,  3, 442.84, 18.950000000004366
270890, 41422.7300,  3, 442.80, 19.92000000000553
270919, 41425.8400,  1, 188.60, 23.139999999999418
270919, 41425.8400,  1, 289.23, 23.139999999999418
270929, 41426.9100,  3, 397.63, 24.18000000000029
270939, 41427.9800,  3, 470.56, 25.24000000000524
271136, 41463.3000,  3, 432.71, 20.93000000000029
271138, 41463.5200,  3, 440.59, 21.12000000000262
271151, 41464.9100,  3, 408.51, 22.56999999999971
271154, 41465.2300,  3, 462.39, 22.880000000004657
271197, 41469.8400,  3, 573.36, 27.510000000002037
271199, 41470.0500,  3, 522.12, 27.68000000000029
271270, 41477.6600,  3, 535.24, 35.34000000000378
271328, 41483.8700,  3, 637.52, 41.55000000000291
271465, 41512.5900,  1, 116.73, 14.599999999998545
271465, 41512.5900,  1, 107.89, 14.599999999998545
271517, 41518.1600,  3, 426.41, 20.110000000000582
271524, 41518.9100,  3, 438.28, 20.87000000000262
271535, 41520.0900,  3, 477.80, 22.090000000003783
271556, 41522.3400,  3, 514.49, 24.310000000004948
271566, 41523.4100,  3, 472.47, 25.37000000000262
271648, 41532.1900,  3, 561.49, 34.13000000000466
271863, 41569.7700,  3, 494.89, 22.93000000000029
271867, 41570.1900,  3, 493.72, 23.330000000001746
271867, 41570.1900,  3, 429.66, 23.330000000001746
271870, 41570.5200,  3, 361.53, 23.639999999999418
271880, 41571.5900,  3, 402.61, 24.659999999996217
271886, 41572.2300,  3, 397.33, 25.330000000001746
271927, 41576.6200,  3, 552.88, 29.7699999999968
271987, 41583.0500,  3, 660.01, 36.150000000001455
272032, 41602.3700,  1, -161.11, 4.720000000001164
272187, 41618.9800,  3, 444.91, 21.239999999997963
272197, 41620.0500,  3, 477.71, 22.369999999995343
272202, 41620.5900,  3, 483.58, 22.849999999998545
272220, 41622.5200,  3, 514.82, 24.779999999998836
272223, 41622.8400,  3, 506.73, 25.159999999996217
272225, 41623.0500,  3, 567.13, 25.389999999999418
272248, 41625.5200,  3, 480.85, 27.81999999999971
272342, 41649.9800,  1, 24.27, 9.960000000006403
272342, 41649.9800,  1, -41.30, 9.960000000006403
272447, 41661.2300,  3, 490.83, 21.10000000000582
272460, 41662.6200,  3, 465.73, 22.510000000002037
272487, 41665.5200,  3, 504.37, 25.400000000001455
272503, 41667.2300,  3, 456.13, 27.150000000001455
272512, 41668.1900,  3, 427.39, 28.140000000006694
272579, 41675.3700,  3, 620.10, 35.330000000001746
272681, 41700.5200,  1, 56.98, 10.819999999999709
272681, 41700.5200,  1, 74.03, 10.819999999999709
272788, 41711.9800,  3, 427.52, 22.19000000000233
272793, 41712.5200,  3, 467.55, 22.760000000002037
272827, 41716.1600,  3, 442.03, 26.410000000003492
272828, 41716.2700,  3, 490.88, 26.520000000004075
272851, 41718.7300,  3, 435.54, 29.0
272855, 41719.1600,  3, 553.07, 29.400000000001455
273041, 41753.5200,  3, 483.05, 19.790000000000873
273046, 41754.0500,  3, 439.92, 20.260000000002037
273066, 41756.1900,  3, 438.24, 22.419999999998254
273084, 41758.1200,  3, 525.55, 24.43000000000029
273091, 41758.8700,  3, 489.26, 25.150000000001455
273103, 41760.1600,  3, 489.82, 26.44000000000233
273107, 41760.5900,  3, 463.25, 26.80999999999767
273120, 41761.9800,  3, 429.40, 28.2300000000032
273238, 41788.8700,  1, 83.33, 12.540000000000873
273238, 41788.8700,  1, 139.02, 12.540000000000873
273287, 41794.1200,  1, 59.29, 17.790000000000873
273328, 41798.5200,  3, 486.83, 22.169999999998254
273353, 41801.1900,  3, 490.76, 24.839999999996508
273356, 41801.5200,  3, 509.01, 25.18000000000029
273384, 41804.5200,  3, 555.25, 28.150000000001455
273477, 41814.4800,  3, 442.80, 38.12999999999738
273591, 41840.6900,  1, 102.61, 12.110000000000582
273602, 41841.8700,  1, 1.48, 13.290000000000873
273680, 41850.2300,  3, 422.99, 21.610000000000582
273683, 41850.5500,  3, 532.70, 21.93000000000029
273723, 41854.8400,  3, 508.98, 26.220000000001164
273731, 41855.6900,  3, 487.50, 27.029999999998836
273758, 41858.5900,  3, 460.51, 29.93000000000029
273840, 41867.3700,  3, 451.14, 38.720000000001164
273978, 41897.3000,  1, 129.24, 14.680000000000291
273978, 41897.3000,  1, 139.41, 14.680000000000291
273997, 41899.3400,  1, 179.66, 16.719999999993888
273997, 41899.3400,  1, 60.77, 16.719999999993888
274030, 41902.8700,  3, 458.52, 20.219999999993888
274047, 41904.6900,  3, 389.84, 22.00999999999476
274078, 41908.0200,  3, 506.31, 25.369999999995343
274094, 41909.7300,  3, 470.52, 27.049999999995634
274230, 41938.4800,  1, 152.35, 14.490000000005239
274230, 41938.4800,  1, -57.69, 14.490000000005239
274294, 41945.3400,  3, 471.85, 21.279999999998836
274312, 41947.2700,  3, 528.07, 23.270000000004075
274318, 41947.9100,  3, 463.46, 23.900000000001455
274330, 41949.1900,  3, 500.60, 25.150000000001455
274346, 41950.9100,  3, 450.37, 26.880000000004657
274373, 41953.8000,  3, 585.82, 29.80000000000291
274467, 41978.4400,  1, 56.13, 9.970000000001164
274467, 41978.4400,  1, 74.40, 9.970000000001164
274600, 41992.6900,  3, 458.42, 24.209999999999127
274606, 41993.3400,  3, 557.39, 24.799999999995634
274617, 41994.5200,  3, 629.92, 26.0
274632, 41996.1200,  3, 541.35, 27.55999999999767
274660, 41999.1200,  3, 494.03, 30.589999999996508
274684, 42001.6900,  3, 597.39, 33.150000000001455
274889, 42037.9800,  3, 499.77, 21.839999999996508
274892, 42038.3000,  3, 454.30, 22.139999999999418
274908, 42040.0200,  3, 460.04, 23.799999999995634
274913, 42040.5500,  3, 444.61, 24.32999999999447
274926, 42041.9400,  3, 589.84, 25.80999999999767
274929, 42042.2700,  3, 573.86, 26.12999999999738
274935, 42042.9100,  3, 463.67, 26.75
274940, 42043.4400,  3, 560.55, 27.30999999999767
275136, 42078.9800,  3, 496.10, 20.889999999999418
275157, 42081.2300,  3, 514.26, 23.12000000000262
275158, 42081.3400,  3, 520.38, 23.19999999999709
275177, 42083.3700,  3, 482.09, 25.2300000000032
275186, 42084.3400,  3, 514.39, 26.18000000000029
275191, 42084.8700,  3, 509.09, 26.75
275204, 42086.2700,  3, 511.63, 28.110000000000582
275297, 42096.2300,  3, 465.33, 38.05000000000291
275454, 42127.5900,  1, 88.68, 16.709999999999127
275503, 42132.8400,  3, 464.63, 21.94000000000233
275517, 42134.3400,  3, 556.30, 23.389999999999418
275519, 42134.5500,  3, 527.24, 23.62000000000262
275519, 42134.5500,  3, 458.16, 23.60000000000582
275526, 42135.3000,  3, 491.87, 24.340000000003783
275530, 42135.7300,  3, 507.97, 24.830000000001746
275532, 42135.9400,  3, 400.30, 24.9800000000032
275664, 42164.5200,  1, 20.95, 14.049999999995634
275720, 42170.5200,  3, 463.47, 19.94999999999709
275737, 42172.3400,  3, 446.02, 21.779999999998836
275770, 42175.8700,  3, 444.73, 25.369999999995343
275774, 42176.3000,  3, 503.57, 25.80999999999767
275801, 42179.1900,  3, 580.30, 28.639999999999418
275821, 42181.3400,  3, 444.37, 30.760000000002037
275824, 42181.6600,  3, 544.50, 31.169999999998254
275951, 42209.6200,  1, 48.27, 13.510000000002037
275951, 42209.6200,  1, 143.00, 13.510000000002037
276022, 42217.2300,  3, 496.10, 21.06999999999971
276034, 42218.5200,  3, 529.74, 22.330000000001746
276035, 42218.6200,  3, 536.86, 22.419999999998254
276049, 42220.1200,  3, 505.94, 23.959999999999127
276057, 42220.9800,  3, 455.05, 24.779999999998836
276107, 42226.3400,  3, 536.51, 30.139999999999418
276301, 42261.2700,  3, 523.52, 20.660000000003492
276306, 42261.8000,  3, 476.61, 21.18000000000029
276314, 42262.6600,  3, 445.13, 22.080000000001746
276320, 42263.3000,  3, 473.97, 22.68000000000029
276324, 42263.7300,  3, 435.19, 23.05999999999767
276338, 42265.2300,  3, 553.94, 24.56999999999971
276361, 42267.6900,  3, 590.59, 27.0199999999968
276365, 42268.1200,  3, 501.65, 27.5199999999968
276456, 42292.1200,  1, 83.08, 9.660000000003492
276456, 42292.1200,  1, 11.90, 9.660000000003492
276558, 42303.0500,  3, 452.89, 20.4800000000032
276595, 42307.0200,  3, 441.84, 24.470000000001164
276609, 42308.5200,  3, 500.37, 25.959999999999127
276616, 42309.2700,  3, 546.25, 26.709999999999127
276618, 42309.4800,  3, 567.24, 26.989999999997963
276658, 42313.7700,  3, 517.60, 31.239999999997963
276767, 42339.6900,  1, 92.26, 11.580000000001746
276767, 42339.6900,  1, 45.63, 11.580000000001746
276848, 42348.3700,  1, 74.98, 20.260000000002037
276865, 42350.1900,  3, 468.38, 21.989999999997963
276894, 42353.3000,  3, 520.76, 25.099999999998545
276901, 42354.0500,  3, 493.50, 25.849999999998545
276939, 42358.1200,  3, 474.42, 29.989999999997963
277006, 42365.3000,  3, 480.65, 37.13999999999942
277207, 42401.1900,  3, 516.56, 21.42000000000553
277246, 42405.3700,  3, 579.63, 25.590000000003783
277249, 42405.6900,  3, 509.13, 25.910000000003492
277250, 42405.8000,  3, 423.51, 26.029999999998836
277252, 42406.0200,  3, 506.38, 26.270000000004075
277259, 42406.7700,  3, 549.07, 26.950000000004366
277278, 42408.8000,  3, 415.37, 29.029999999998836
277287, 42409.7700,  3, 510.03, 30.010000000002037
277401, 42436.2700,  1, -23.43, 12.12999999999738
277490, 42445.8000,  3, 452.97, 21.610000000000582
277516, 42448.5900,  3, 437.80, 24.43000000000029
277529, 42449.9800,  3, 502.22, 25.7300000000032
277537, 42450.8400,  3, 535.20, 26.669999999998254
277541, 42451.2700,  3, 452.20, 27.12000000000262
277549, 42452.1200,  3, 501.93, 27.919999999998254
277556, 42452.8700,  3, 553.91, 28.639999999999418
277738, 42486.5200,  3, 460.22, 19.349999999998545
277749, 42487.6900,  3, 450.48, 20.56999999999971
277765, 42489.4100,  3, 459.23, 22.30000000000291
277769, 42489.8400,  3, 525.85, 22.700000000004366
277783, 42491.3400,  3, 518.35, 24.169999999998254
277790, 42492.0900,  3, 488.15, 24.880000000004657
277790, 42492.0900,  3, 439.60, 24.900000000001455
278024, 42517.1600,  2, 67.05,  50
278184, 42548.6900,  1, 82.67, 16.93000000000029
278184, 42548.6900,  1, 87.25, 16.93000000000029
278205, 42550.9400,  1, 94.90, 19.18000000000029
278205, 42550.9400,  1, 190.77, 19.18000000000029
278225, 42553.0900,  3, 429.86, 21.279999999998836
278297, 42560.8000,  3, 529.77, 28.979999999995925
278297, 42560.8000,  3, 604.05, 29.029999999998836
278310, 42562.1900,  3, 560.41, 30.400000000001455
278433, 42589.7700,  1, 24.50, 13.099999999998545
278433, 42589.7700,  1, 74.47, 13.099999999998545
278505, 42597.4800,  3, 479.97, 20.74000000000524
278505, 42597.4800,  3, 496.51, 20.790000000000873
278508, 42597.8000,  3, 483.66, 21.090000000003783
278538, 42601.0200,  3, 593.84, 24.340000000003783
278552, 42602.5200,  3, 509.70, 25.810000000004948
278642, 42612.1600,  3, 611.26, 35.44000000000233
278810, 42645.3000,  1, 135.66, 17.900000000001455
278810, 42645.3000,  1, 241.30, 17.900000000001455
278847, 42649.2700,  3, 435.58, 21.830000000001746
278880, 42652.8000,  3, 568.07, 25.37999999999738
278892, 42654.0900,  3, 517.82, 26.669999999998254
278908, 42655.8000,  3, 409.35, 28.299999999995634
278918, 42656.8700,  3, 505.73, 29.419999999998254
278926, 42657.7300,  3, 624.10, 30.279999999998836
279153, 42696.3400,  3, 477.35, 24.169999999998254
279154, 42696.4400,  3, 472.09, 24.31999999999971
279156, 42696.6600,  3, 425.27, 24.510000000002037
279171, 42698.2700,  3, 482.20, 26.160000000003492
279171, 42698.2700,  3, 513.97, 26.090000000003783
279175, 42698.6900,  3, 570.14, 26.55000000000291
279205, 42701.9100,  3, 608.12, 29.80000000000291
279213, 42702.7700,  3, 558.40, 30.56999999999971
279312, 42727.6200,  1, 84.72, 10.520000000004075
279312, 42727.6200,  1, 101.20, 10.520000000004075
279411, 42738.2300,  3, 411.75, 21.12000000000262
279421, 42739.3000,  3, 442.22, 22.099999999998545
279458, 42743.2700,  3, 443.46, 26.090000000003783
279464, 42743.9100,  3, 529.22, 26.760000000002037
279474, 42744.9800,  3, 479.87, 27.810000000004948
279508, 42748.6200,  3, 421.81, 31.5
279616, 42774.4800,  1, 3.99, 11.480000000003201
279616, 42774.4800,  1, 108.77, 11.480000000003201
279686, 42781.9800,  3, 463.28, 18.87999999999738
279724, 42786.0500,  3, 456.18, 23.029999999998836
279727, 42786.3700,  3, 509.13, 23.2699999999968
279728, 42786.4800,  3, 500.48, 23.419999999998254
279734, 42787.1200,  3, 488.25, 24.089999999996508
279792, 42793.3400,  3, 516.43, 30.31999999999971
279862, 42815.2700,  1, 23.28, 7.399999999994179
279862, 42815.2700,  1, -33.27, 7.399999999994179
279997, 42829.7300,  3, 544.28, 21.80999999999767
280006, 42830.6900,  3, 476.43, 22.779999999998836
280031, 42833.3700,  3, 517.71, 25.43000000000029
280037, 42834.0200,  3, 449.81, 26.049999999995634
280077, 42838.3000,  3, 521.88, 30.369999999995343
280089, 42839.5900,  3, 524.25, 31.709999999999127
280232, 42869.3000,  1, 75.09, 15.220000000001164
280259, 42872.1900,  3, 450.51, 18.0199999999968
280260, 42872.3000,  3, 420.56, 18.169999999998254
280292, 42875.7300,  3, 454.14, 21.599999999998545
280304, 42877.0200,  3, 575.88, 22.93000000000029
280306, 42877.2300,  3, 555.88, 23.119999999995343
280313, 42877.9800,  3, 485.02, 23.87999999999738
280323, 42879.0500,  3, 602.00, 24.909999999996217
280510, 42913.5500,  3, 462.84, 19.900000000001455
280524, 42915.0500,  3, 484.42, 21.37999999999738
280542, 42916.9800,  3, 504.54, 23.290000000000873
280543, 42917.0900,  3, 373.03, 23.389999999999418
280554, 42918.2700,  3, 476.76, 24.55999999999767
280556, 42918.4800,  3, 555.86, 24.860000000000582
280600, 42923.1900,  3, 586.33, 29.489999999997963
280618, 42925.1200,  3, 543.19, 31.479999999995925
280815, 42960.4800,  3, 420.08, 20.910000000003492
280833, 42962.4100,  3, 422.65, 22.93000000000029
280839, 42963.0500,  3, 478.05, 23.540000000000873
280845, 42963.6900,  3, 365.09, 24.169999999998254
280860, 42965.3000,  3, 518.82, 25.80000000000291
280874, 42966.8000,  3, 545.80, 27.25
280878, 42967.2300,  3, 476.20, 27.760000000002037
280900, 42969.5900,  3, 491.93, 30.080000000001746
281010, 42995.7700,  1, 134.25, 11.69999999999709
281010, 42995.7700,  1, 57.64, 11.69999999999709
281018, 42996.6200,  1, 132.34, 12.55000000000291
281018, 42996.6200,  1, 41.16, 12.55000000000291
281109, 43006.3700,  3, 465.16, 22.19999999999709
281133, 43008.9400,  3, 469.96, 24.80999999999767
281211, 43017.3000,  3, 392.64, 33.19999999999709
281264, 43022.9800,  3, 539.48, 38.900000000001455
281378, 43049.5200,  1, 87.94, 12.119999999995343
281378, 43049.5200,  1, 73.13, 12.119999999995343
281388, 43050.5900,  1, 86.97, 13.189999999995052
281388, 43050.5900,  1, 117.50, 13.189999999995052
281389, 43050.6900,  1, 102.80, 13.290000000000873
281466, 43058.9400,  3, 541.31, 21.510000000002037
281501, 43062.6900,  3, 496.51, 25.239999999997963
281537, 43066.5500,  3, 580.78, 29.080000000001746
281738, 43102.5200,  3, 452.06, 21.389999999999418
281740, 43102.7300,  3, 482.12, 21.56999999999971
281754, 43104.2300,  3, 490.65, 23.110000000000582
281756, 43104.4400,  3, 557.08, 23.31999999999971
281764, 43105.3000,  3, 548.39, 24.209999999999127
281790, 43108.0900,  3, 552.49, 26.970000000001164
281801, 43109.2700,  3, 554.03, 28.119999999995343
281844, 43113.8700,  3, 483.44, 32.779999999998836
282038, 43148.7300,  3, 515.65, 20.560000000004948
282053, 43150.3400,  3, 434.49, 22.24000000000524
282054, 43150.4400,  3, 462.89, 22.330000000001746
282059, 43150.9800,  3, 474.38, 22.810000000004948
282062, 43151.3000,  3, 493.61, 23.150000000001455
282090, 43154.3000,  3, 499.66, 26.220000000001164
282098, 43155.1600,  3, 501.50, 27.06999999999971
282117, 43157.1900,  3, 510.63, 29.110000000000582
282209, 43181.3000,  1, 37.27, 9.770000000004075
282209, 43181.3000,  1, 27.89, 9.770000000004075
282329, 43194.1600,  3, 449.50, 22.529999999998836
282332, 43194.4800,  3, 487.40, 22.94000000000233
282355, 43196.9400,  3, 509.57, 25.360000000000582
282385, 43200.1600,  3, 528.86, 28.590000000003783
282387, 43200.3700,  3, 441.36, 28.80000000000291
282487, 43211.0900,  3, 555.93, 39.55000000000291
282656, 43243.3000,  1, 78.67, 18.010000000002037
282670, 43244.8000,  3, 479.69, 19.43000000000029
282677, 43245.5500,  3, 438.85, 20.18000000000029
282695, 43247.4800,  3, 521.36, 22.12000000000262
282716, 43249.7300,  3, 542.05, 24.419999999998254
282730, 43251.2300,  3, 487.05, 25.87999999999738
282735, 43251.7700,  3, 473.68, 26.44999999999709
282745, 43252.8400,  3, 461.28, 27.44000000000233
282795, 43272.7300,  1, -175.22, 5.260000000002037
282962, 43290.6200,  3, 450.56, 23.12999999999738
282989, 43293.5200,  3, 426.78, 26.029999999998836
282990, 43293.6200,  3, 592.87, 26.139999999999418
282999, 43294.5900,  3, 500.73, 27.099999999998545
283008, 43295.5500,  3, 517.40, 28.010000000002037
283023, 43297.1600,  3, 648.69, 29.599999999998545
283035, 43298.4400,  3, 624.23, 30.869999999995343
283234, 43334.0200,  3, 503.42, 21.19000000000233
283257, 43336.4800,  3, 508.29, 23.599999999998545
283273, 43338.1900,  3, 573.04, 25.31999999999971
283283, 43339.2700,  3, 530.31, 26.409999999996217
283287, 43339.6900,  3, 391.68, 26.81999999999971
283309, 43342.0500,  3, 582.83, 29.25
283330, 43344.3000,  3, 667.02, 31.409999999996217
283340, 43345.3700,  3, 589.48, 32.51000000000204
283524, 43379.2700,  3, 434.92, 19.5199999999968
283558, 43382.9100,  3, 505.46, 23.239999999997963
283565, 43383.6600,  3, 517.44, 24.0
283569, 43384.0900,  3, 539.02, 24.330000000001746
283578, 43385.0500,  3, 521.74, 25.339999999996508
283582, 43385.4800,  3, 421.06, 25.790000000000873
283605, 43387.9400,  3, 518.08, 28.220000000001164
283642, 43391.9100,  3, 480.23, 32.169999999998254
283752, 43417.8000,  1, 71.45, 11.700000000004366
283752, 43417.8000,  1, -16.86, 11.700000000004366
283851, 43428.4100,  3, 426.00, 22.279999999998836
283861, 43429.4800,  3, 532.68, 23.360000000000582
283903, 43433.9800,  3, 560.96, 27.80000000000291
283959, 43439.9800,  3, 558.20, 33.87000000000262
283965, 43440.6200,  3, 491.83, 34.48999999999796
283971, 43441.2700,  3, 519.18, 35.09000000000378
284049, 43464.0900,  1, 11.29, 8.259999999994761
284049, 43464.0900,  1, 10.94, 8.259999999994761
284144, 43474.2700,  3, 437.04, 18.360000000000582
284161, 43476.0900,  3, 501.97, 20.19999999999709
284175, 43477.5900,  3, 524.34, 21.729999999995925
284207, 43481.0200,  3, 604.30, 25.169999999998254
284208, 43481.1200,  3, 522.37, 25.2699999999968
284224, 43482.8400,  3, 470.88, 26.970000000001164
284340, 43509.7300,  1, -29.76, 12.340000000003783
284437, 43520.1200,  3, 551.78, 22.69000000000233
284448, 43521.3000,  3, 504.82, 23.889999999999418
284462, 43522.8000,  3, 478.56, 25.349999999998545
284474, 43524.0900,  3, 560.03, 26.599999999998545
284474, 43524.0900,  3, 540.47, 26.660000000003492
284531, 43530.1900,  3, 421.75, 32.70999999999913
284538, 43530.9400,  3, 687.09, 33.4800000000032
284718, 43564.6200,  3, 476.13, 19.12000000000262
284728, 43565.6900,  3, 471.67, 20.260000000002037
284740, 43566.9800,  3, 520.91, 21.49000000000524
284740, 43566.9800,  3, 446.25, 21.520000000004075
284766, 43569.7700,  3, 542.36, 24.24000000000524
284771, 43570.3000,  3, 458.01, 24.840000000003783
284771, 43570.3000,  3, 526.93, 24.81999999999971
284825, 43576.0900,  3, 507.30, 30.660000000003492
285029, 43611.9400,  3, 516.47, 21.69000000000233
285042, 43613.3400,  3, 474.74, 23.089999999996508
285051, 43614.3000,  3, 478.14, 24.080000000001746
285051, 43614.3000,  3, 480.65, 24.05000000000291
285073, 43616.6600,  3, 476.47, 26.37999999999738
285083, 43617.7300,  3, 539.81, 27.5
285086, 43618.0500,  3, 339.19, 27.779999999998836
285101, 43619.6600,  3, 618.97, 29.389999999999418
285286, 43653.9400,  3, 467.40, 19.639999999999418
285288, 43654.1600,  3, 492.92, 19.869999999995343
285288, 43654.1600,  3, 496.93, 19.900000000001455
285305, 43655.9800,  3, 454.70, 21.729999999995925
285305, 43655.9800,  3, 460.94, 21.720000000001164
285343, 43660.0500,  3, 479.10, 25.720000000001164
285364, 43662.3000,  3, 626.74, 28.0
285431, 43669.4800,  3, 741.10, 35.23999999999796
285461, 43686.8000,  1, -175.02, 3.1000000000058208
285603, 43702.0200,  3, 442.05, 18.270000000004075
285614, 43703.1900,  3, 472.71, 19.460000000006403
285621, 43703.9400,  3, 453.63, 20.19000000000233
285638, 43705.7700,  3, 506.77, 22.030000000006112
285671, 43709.3000,  3, 565.49, 25.5
285679, 43710.1600,  3, 441.25, 26.410000000003492
285728, 43715.4100,  3, 506.89, 31.610000000000582
285918, 43750.3400,  3, 453.48, 20.169999999998254
285932, 43751.8400,  3, 493.39, 21.720000000001164
285941, 43752.8000,  3, 503.58, 22.650000000001455
285950, 43753.7700,  3, 487.62, 23.68000000000029
285956, 43754.4100,  3, 482.19, 24.229999999995925
286009, 43760.0900,  3, 517.52, 29.970000000001164
286026, 43761.9100,  3, 397.78, 31.81999999999971
286046, 43764.0500,  3, 465.93, 33.86000000000058
286156, 43790.2700,  1, 62.58, 11.69999999999709
286156, 43790.2700,  1, 25.19, 11.69999999999709
286178, 43792.6200,  1, 47.62, 14.05000000000291
286178, 43792.6200,  1, 123.37, 14.05000000000291
286192, 43794.1200,  1, 157.27, 15.55000000000291
286192, 43794.1200,  1, 141.88, 15.55000000000291
286253, 43800.6600,  3, 530.93, 22.010000000002037
286284, 43803.9800,  3, 611.10, 25.30999999999767
286395, 43831.1900,  1, 79.10, 11.779999999998836
286396, 43831.3000,  1, 52.70, 11.889999999999418
286477, 43839.9800,  3, 433.74, 20.549999999995634
286513, 43843.8400,  3, 491.63, 24.359999999993306
286515, 43844.0500,  3, 439.92, 24.549999999995634
286519, 43844.4800,  3, 512.61, 24.979999999995925
286533, 43845.9800,  3, 509.43, 26.55999999999767
286575, 43850.4800,  3, 543.95, 30.969999999993888
286772, 43885.6600,  3, 455.22, 20.959999999999127
286803, 43888.9800,  3, 495.76, 24.2300000000032
286804, 43889.0900,  3, 414.13, 24.360000000000582
286823, 43891.1200,  3, 525.25, 26.44999999999709
286830, 43891.8700,  3, 571.58, 27.220000000001164
286834, 43892.3000,  3, 431.96, 27.62000000000262
286844, 43893.3700,  3, 450.35, 28.709999999999127
286846, 43893.5900,  3, 534.31, 28.87000000000262
287048, 43929.4400,  3, 475.07, 21.439999999995052
287049, 43929.5500,  3, 459.71, 21.580000000001746
287057, 43930.4100,  3, 499.81, 22.459999999999127
287065, 43931.2700,  3, 447.74, 23.330000000001746
287069, 43931.6900,  3, 433.92, 23.7699999999968
287084, 43933.3000,  3, 431.47, 25.31999999999971
287090, 43933.9400,  3, 418.95, 25.959999999999127
287096, 43934.5900,  3, 427.21, 26.659999999996217
287206, 43960.5900,  1, 39.58, 11.689999999995052
287206, 43960.5900,  1, 33.95, 11.689999999995052
287281, 43968.6200,  3, 415.49, 19.709999999999127
287292, 43969.8000,  3, 447.10, 20.799999999995634
287312, 43971.9400,  3, 446.78, 23.010000000002037
287315, 43972.2700,  3, 547.08, 23.330000000001746
287320, 43972.8000,  3, 474.29, 23.849999999998545
287334, 43974.3000,  3, 458.19, 25.31999999999971
287461, 44003.1200,  1, 76.07, 13.490000000005239
287527, 44010.1900,  3, 444.33, 20.520000000004075
287547, 44012.3400,  3, 545.63, 22.68000000000029
287560, 44013.7300,  3, 428.05, 24.0
287570, 44014.8000,  3, 508.54, 25.12000000000262
287606, 44018.6600,  3, 559.58, 28.950000000004366
287626, 44020.8000,  3, 433.92, 31.130000000004657
287656, 44024.0200,  3, 375.94, 34.35000000000582
287822, 44056.2300,  3, 402.58, 17.610000000000582
287837, 44057.8400,  3, 469.80, 19.19999999999709
287851, 44059.3400,  3, 493.25, 20.729999999995925
287859, 44060.1900,  3, 509.89, 21.589999999996508
287887, 44063.1900,  3, 522.47, 24.610000000000582
287898, 44064.3700,  3, 589.90, 25.75999999999476
287911, 44065.7700,  3, 523.98, 27.169999999998254
287926, 44067.3700,  3, 498.21, 28.789999999993597
288022, 44091.9800,  1, -22.36, 10.200000000004366
288022, 44091.9800,  1, 81.67, 10.200000000004366
288104, 44100.7700,  3, 431.90, 18.959999999999127
288119, 44102.3700,  3, 477.17, 20.489999999997963
288124, 44102.9100,  3, 456.96, 21.12000000000262
288141, 44104.7300,  3, 540.58, 22.94000000000233
288166, 44107.4100,  3, 410.45, 25.610000000000582
288227, 44113.9400,  3, 583.08, 32.05999999999767
288417, 44148.5500,  3, 433.33, 20.189999999995052
288427, 44149.6200,  3, 468.61, 21.25
288428, 44149.7300,  3, 497.55, 21.32999999999447
288458, 44152.9400,  3, 479.44, 24.56999999999971
288471, 44154.3400,  3, 421.33, 26.0199999999968
288483, 44155.6200,  3, 481.72, 27.25999999999476
288483, 44155.6200,  3, 476.79, 27.289999999993597
288494, 44156.8000,  3, 475.42, 28.459999999999127
288709, 44194.3700,  3, 396.45, 22.860000000000582
288716, 44195.1200,  3, 535.82, 23.630000000004657
288721, 44195.6600,  3, 394.28, 24.18000000000029
288729, 44196.5200,  3, 456.29, 25.040000000000873
288736, 44197.2700,  3, 537.67, 25.830000000001746
288746, 44198.3400,  3, 506.65, 26.900000000001455
288795, 44203.5900,  3, 471.70, 32.16000000000349
288832, 44207.5500,  3, 631.14, 36.12000000000262
289036, 44243.8000,  3, 452.08, 21.709999999999127
289042, 44244.4400,  3, 514.04, 22.37000000000262
289047, 44244.9800,  3, 440.57, 22.880000000004657
289064, 44246.8000,  3, 499.85, 24.75
289153, 44256.3400,  3, 489.37, 34.30000000000291
289155, 44256.5500,  3, 491.15, 34.48999999999796
289178, 44259.0200,  3, 438.83, 36.88000000000466
289271, 44268.9800,  3, 421.85, 46.900000000001455
289373, 44294.1200,  1, 35.06, 10.819999999999709
289373, 44294.1200,  1, 79.98, 10.819999999999709
289458, 44303.2300,  3, 442.88, 19.81999999999971
289469, 44304.4100,  3, 486.28, 21.0
289491, 44306.7700,  3, 557.60, 23.459999999999127
289528, 44310.7300,  3, 542.24, 27.37999999999738
289534, 44311.3700,  3, 501.82, 28.039999999993597
289569, 44315.1200,  3, 568.33, 31.80999999999767
289759, 44349.8700,  3, 445.91, 20.229999999995925
289763, 44350.3000,  3, 447.62, 20.62999999999738
289785, 44352.6600,  3, 436.59, 23.0
289788, 44352.9800,  3, 471.27, 23.32999999999447
289789, 44353.0900,  3, 538.85, 23.439999999995052
289831, 44357.5900,  3, 447.25, 27.939999999995052
289849, 44359.5200,  3, 573.21, 29.82999999999447
289894, 44364.3400,  3, 538.74, 34.669999999998254
289998, 44389.7700,  1, 95.31, 11.059999999997672
289998, 44389.7700,  1, 48.72, 11.059999999997672
290069, 44397.3700,  3, 446.45, 18.62999999999738
290079, 44398.4400,  3, 480.85, 19.700000000004366
290094, 44400.0500,  3, 427.75, 21.239999999997963
290151, 44406.1600,  3, 500.30, 27.43000000000029
290189, 44410.2300,  1, -9.61, 31.520000000004075
290193, 44410.6600,  3, 484.95, 31.87999999999738
290380, 44445.2300,  3, 479.56, 19.87000000000262
290388, 44446.0900,  3, 357.67, 20.770000000004075
290418, 44449.3000,  3, 427.91, 23.959999999999127
290440, 44451.6600,  3, 403.77, 26.290000000000873
290455, 44453.2700,  3, 428.24, 27.910000000003492
290455, 44453.2700,  3, 554.86, 27.919999999998254
290489, 44456.9100,  3, 566.16, 31.529999999998836
290585, 44467.1900,  3, 534.27, 41.81999999999971
290759, 44500.1200,  3, 430.09, 18.510000000002037
290791, 44503.5500,  3, 503.60, 21.94999999999709
290811, 44505.6900,  3, 509.96, 24.029999999998836
290815, 44506.1200,  3, 458.01, 24.529999999998836
290823, 44506.9800,  3, 483.17, 25.37000000000262
290844, 44509.2300,  3, 422.52, 27.62999999999738
290845, 44509.3400,  3, 457.73, 27.660000000003492
290847, 44509.5500,  3, 443.83, 27.87999999999738
290960, 44535.9100,  1, -28.06, 12.0
290960, 44535.9100,  1, -1.96, 12.0
290971, 44537.0900,  1, 102.33, 13.179999999993015
291028, 44543.1900,  3, 440.89, 19.189999999995052
291095, 44550.3700,  3, 540.12, 26.359999999993306
291114, 44552.4100,  3, 420.94, 28.389999999999418
291116, 44552.6200,  3, 527.79, 28.669999999998254
291163, 44557.6600,  3, 668.04, 33.70999999999913
291324, 44589.2700,  1, 136.66, 17.169999999998254
291324, 44589.2700,  1, 176.67, 17.169999999998254
291359, 44593.0200,  3, 496.20, 20.880000000004657
291361, 44593.2300,  3, 450.91, 21.110000000000582
291383, 44595.5900,  3, 505.61, 23.43000000000029
291384, 44595.6900,  3, 557.79, 23.510000000002037
291403, 44597.7300,  3, 454.83, 25.599999999998545
291432, 44600.8400,  3, 577.64, 28.720000000001164
291623, 44635.8400,  3, 430.26, 20.299999999995634
291664, 44640.2300,  3, 480.86, 24.669999999998254
291670, 44640.8700,  1, 45.09, 25.400000000001455
291686, 44642.5900,  3, 365.30, 27.05999999999767
291686, 44642.5900,  3, 513.20, 27.080000000001746
291696, 44643.6600,  3, 461.19, 28.18000000000029
291709, 44645.0500,  3, 478.02, 29.489999999997963
291753, 44649.7700,  3, 521.22, 34.229999999995925
291870, 44676.6900,  1, 57.98, 12.42000000000553
291870, 44676.6900,  1, 97.04, 12.42000000000553
291875, 44677.2300,  1, 69.38, 12.960000000006403
291875, 44677.2300,  1, 109.35, 12.960000000006403
291939, 44684.0900,  3, 418.52, 19.710000000006403
291947, 44684.9400,  3, 457.00, 20.650000000001455
291980, 44688.4800,  3, 543.87, 24.12000000000262
291991, 44689.6600,  3, 571.54, 25.35000000000582
292037, 44709.0200,  1, -206.23, 4.82999999999447
292189, 44725.3000,  3, 462.76, 21.05999999999767
292206, 44727.1200,  3, 475.18, 22.87999999999738
292226, 44729.2700,  3, 537.87, 25.049999999995634
292238, 44730.5500,  3, 499.08, 26.349999999998545
292246, 44731.4100,  3, 453.32, 27.119999999995343
292269, 44733.8700,  3, 497.81, 29.610000000000582
292307, 44737.9400,  3, 533.70, 33.729999999995925
292413, 44763.5500,  1, 86.12, 11.260000000002037
292413, 44763.5500,  1, 84.35, 11.260000000002037
292504, 44773.3000,  3, 462.23, 20.909999999996217
292523, 44775.3400,  3, 459.98, 22.959999999999127
292529, 44775.9800,  3, 513.25, 23.659999999996217
292530, 44776.0900,  3, 529.73, 23.69000000000233
292538, 44776.9400,  3, 454.48, 24.639999999999418
292556, 44778.8700,  3, 451.61, 26.5
292760, 44814.8400,  3, 434.87, 21.720000000001164
292761, 44814.9400,  3, 510.85, 21.830000000001746
292769, 44815.8000,  3, 452.86, 22.720000000001164
292798, 44818.9100,  3, 639.61, 25.830000000001746
292811, 44820.3000,  3, 613.52, 27.19999999999709
292828, 44822.1200,  3, 601.48, 29.010000000002037
292848, 44824.2700,  3, 607.09, 31.18000000000029
293024, 44843.1200,  2, 545.30,  50
293099, 44865.6900,  1, -26.87, 7.830000000001746
293099, 44865.6900,  1, 27.86, 7.830000000001746
293117, 44867.6200,  1, -0.87, 9.760000000002037
293117, 44867.6200,  1, 3.70, 9.760000000002037
293161, 44872.3400,  1, 114.86, 14.479999999995925
293161, 44872.3400,  1, 140.15, 14.479999999995925
293230, 44879.7300,  3, 518.25, 21.839999999996508
293234, 44880.1600,  3, 454.17, 22.209999999999127
293384, 44910.5900,  1, -63.85, 15.989999999997963
293386, 44910.8000,  1, 131.91, 16.200000000004366
293386, 44910.8000,  1, 177.95, 16.200000000004366
293468, 44919.5900,  3, 558.29, 24.9800000000032
293494, 44922.3700,  3, 483.10, 27.7300000000032
293495, 44922.4800,  3, 455.94, 27.779999999998836
293519, 44925.0500,  3, 476.36, 30.340000000003783
293577, 44931.2700,  3, 575.65, 36.59000000000378
293678, 44957.4100,  1, 82.99, 10.720000000001164
293678, 44957.4100,  1, 40.90, 10.720000000001164
293736, 44963.6200,  1, 24.81, 16.93000000000029
293736, 44963.6200,  1, 237.20, 16.93000000000029
293787, 44969.0900,  3, 433.94, 22.339999999996508
293796, 44970.0500,  3, 503.85, 23.299999999995634
293808, 44971.3400,  3, 444.98, 24.55999999999767
293844, 44975.1900,  3, 633.42, 28.459999999999127
294038, 45010.3000,  3, 438.13, 20.659999999996217
294044, 45010.9400,  3, 494.18, 21.25
294053, 45011.9100,  3, 484.95, 22.209999999999127
294074, 45014.1600,  3, 574.55, 24.43000000000029
294078, 45014.5900,  3, 510.37, 24.919999999998254
294097, 45016.6200,  3, 500.91, 26.939999999995052
294099, 45016.8400,  3, 538.21, 27.119999999995343
294152, 45022.5200,  3, 480.68, 32.83999999999651
294230, 45045.0900,  1, -1.85, 8.269999999996799
294290, 45051.5200,  1, 83.46, 14.69999999999709
294290, 45051.5200,  1, 91.90, 14.69999999999709
294297, 45052.2700,  1, 46.60, 15.44999999999709
294379, 45061.0500,  3, 527.63, 24.150000000001455
294398, 45063.0900,  3, 579.08, 26.239999999997963
294428, 45066.3000,  3, 464.55, 29.470000000001164
294443, 45067.9100,  3, 499.41, 31.080000000001746
294511, 45090.5200,  1, -64.90, 7.180000000000291
294511, 45090.5200,  1, -2.79, 7.180000000000291
294599, 45099.9400,  1, 131.97, 16.60000000000582
294599, 45099.9400,  1, 152.31, 16.60000000000582
294632, 45103.4800,  3, 467.38, 20.130000000004657
294651, 45105.5200,  3, 430.04, 22.140000000006694
294681, 45108.7300,  3, 511.53, 25.340000000003783
294733, 45114.3000,  3, 551.15, 30.85000000000582
294870, 45144.0500,  1, 100.47, 14.580000000001746
294874, 45144.4800,  1, 15.98, 15.010000000002037
294874, 45144.4800,  1, 48.53, 15.010000000002037
294880, 45145.1200,  1, 27.26, 15.650000000001455
294908, 45148.1200,  3, 433.82, 18.55999999999767
294941, 45151.6600,  3, 414.92, 22.080000000001746
295003, 45158.3000,  3, 459.71, 28.80999999999767
295011, 45159.1600,  3, 450.74, 29.659999999996217
295088, 45181.5900,  1, 19.21, 8.159999999996217
295133, 45186.4100,  1, 4.79, 12.980000000003201
295134, 45186.5200,  1, 111.29, 13.089999999996508
295134, 45186.5200,  1, 42.88, 13.089999999996508
295200, 45193.5900,  1, 119.61, 20.159999999996217
295220, 45195.7300,  3, 479.20, 22.260000000002037
295237, 45197.5500,  3, 541.25, 24.029999999998836
295266, 45200.6600,  3, 558.97, 27.12000000000262
295359, 45225.8000,  1, -10.36, 9.85000000000582
295359, 45225.8000,  1, -57.50, 9.85000000000582
295457, 45236.3000,  3, 481.44, 20.330000000001746
295476, 45238.3400,  3, 444.58, 22.330000000001746
295480, 45238.7700,  3, 447.55, 22.75
295481, 45238.8700,  3, 474.24, 22.889999999999418
295497, 45240.5900,  3, 501.55, 24.60000000000582
295514, 45242.4100,  3, 429.21, 26.43000000000029
295622, 45269.2700,  1, 47.42, 11.469999999993888
295622, 45269.2700,  1, 82.29, 11.469999999993888
295670, 45274.4100,  1, 125.94, 16.610000000000582
295670, 45274.4100,  1, 181.01, 16.610000000000582
295710, 45278.6900,  3, 497.12, 20.869999999995343
295769, 45285.0200,  3, 514.71, 27.209999999999127
295771, 45285.2300,  3, 415.24, 27.39999999999418
295785, 45286.7300,  3, 593.40, 28.81999999999971
295924, 45316.6600,  1, 101.20, 14.790000000000873
295924, 45316.6600,  1, 83.69, 14.790000000000873
295982, 45322.8700,  3, 441.11, 20.939999999995052
295984, 45323.0900,  3, 492.64, 21.119999999995343
295991, 45323.8400,  3, 527.66, 21.939999999995052
296029, 45327.9100,  3, 451.55, 26.0
296029, 45327.9100,  3, 525.17, 25.989999999997963
296045, 45329.6200,  3, 478.96, 27.739999999997963
296159, 45356.4100,  1, 96.84, 12.130000000004657
296159, 45356.4100,  1, 114.34, 12.130000000004657
296269, 45368.1900,  3, 496.96, 23.840000000003783
296275, 45368.8400,  3, 516.69, 24.4800000000032
296285, 45369.9100,  3, 438.88, 25.590000000003783
296293, 45370.7700,  3, 452.63, 26.459999999999127
296301, 45371.6200,  3, 345.77, 27.30000000000291
296383, 45380.4100,  3, 573.78, 36.05000000000291
296515, 45409.8700,  1, 52.37, 14.05000000000291
296515, 45409.8700,  1, 84.65, 14.05000000000291
296555, 45414.1600,  1, 31.16, 18.340000000003783
296596, 45418.5500,  3, 466.03, 22.660000000003492
296614, 45420.4800,  3, 480.17, 24.599999999998545
296642, 45423.4800,  3, 510.64, 27.62000000000262
296644, 45423.6900,  3, 509.84, 27.81999999999971
296654, 45424.7700,  3, 493.51, 28.889999999999418
296735, 45448.5900,  1, -92.66, 8.589999999996508
296785, 45453.9400,  1, 122.05, 13.940000000002328
296884, 45464.5500,  3, 489.26, 24.459999999999127
296888, 45464.9800,  3, 477.45, 24.959999999999127
296888, 45464.9800,  3, 531.54, 24.93000000000029
296902, 45466.4800,  3, 447.79, 26.37999999999738
296919, 45468.3000,  3, 495.03, 28.290000000000873
296923, 45468.7300,  3, 613.92, 28.62000000000262
297045, 45496.0900,  1, 49.08, 12.959999999999127
297100, 45501.9800,  1, 217.52, 18.85000000000582
297100, 45501.9800,  1, 174.58, 18.85000000000582
297132, 45505.4100,  3, 472.83, 22.2300000000032
297133, 45505.5200,  3, 503.16, 22.360000000000582
297148, 45507.1200,  3, 496.24, 23.92000000000553
297156, 45507.9800,  3, 472.52, 24.840000000003783
297209, 45513.6600,  3, 480.87, 30.43000000000029
297376, 45545.9100,  1, 214.06, 17.80000000000291
297376, 45545.9100,  1, 239.25, 17.80000000000291
297402, 45548.6900,  3, 436.29, 20.5199999999968
297405, 45549.0200,  3, 500.76, 20.839999999996508
297417, 45550.3000,  3, 435.01, 22.139999999999418
297430, 45551.6900,  3, 474.33, 23.540000000000873
297433, 45552.0200,  3, 515.37, 23.849999999998545
297473, 45556.3000,  3, 415.78, 28.089999999996508
297546, 45578.3700,  1, -105.31, 7.709999999999127
297672, 45591.8700,  3, 422.24, 21.109999999993306
297678, 45592.5200,  3, 488.79, 21.839999999996508
297705, 45595.4100,  3, 450.74, 24.679999999993015
297711, 45596.0500,  3, 445.13, 25.32999999999447
297714, 45596.3700,  3, 547.63, 25.62999999999738
297726, 45597.6600,  3, 470.60, 26.939999999995052
297786, 45604.0900,  3, 576.19, 33.419999999998254
297982, 45639.1900,  3, 376.32, 20.839999999996508
297982, 45639.1900,  3, 451.58, 20.81999999999971
297992, 45640.2700,  3, 469.50, 21.93000000000029
297998, 45640.9100,  3, 450.64, 22.56999999999971
297999, 45641.0200,  3, 397.35, 22.669999999998254
298000, 45641.1200,  3, 458.05, 22.779999999998836
298015, 45642.7300,  3, 482.13, 24.369999999995343
298060, 45647.5500,  3, 490.26, 29.19999999999709
298258, 45682.9100,  3, 425.36, 21.040000000000873
298264, 45683.5500,  3, 466.08, 21.720000000001164
298273, 45684.5200,  3, 455.00, 22.610000000000582
298276, 45684.8400,  3, 454.63, 22.970000000001164
298288, 45686.1200,  3, 534.30, 24.30000000000291
298295, 45686.8700,  3, 392.23, 25.029999999998836
298324, 45689.9800,  3, 489.24, 28.10000000000582
298383, 45696.3000,  3, 440.32, 34.45999999999913
298483, 45722.1200,  1, 46.50, 10.630000000004657
298483, 45722.1200,  1, 12.98, 10.630000000004657
298507, 45724.6900,  1, 41.11, 13.200000000004366
298507, 45724.6900,  1, 10.94, 13.200000000004366
298520, 45726.0900,  1, -39.93, 14.599999999998545
298577, 45732.1900,  3, 408.38, 20.650000000001455
298619, 45736.6900,  3, 470.48, 25.139999999999418
298668, 45741.9400,  3, 591.44, 30.43000000000029
298851, 45776.8700,  3, 470.91, 19.459999999999127
298869, 45778.8000,  3, 459.34, 21.400000000001455
298874, 45779.3400,  3, 487.32, 21.94000000000233
298895, 45781.5900,  3, 492.90, 24.209999999999127
298911, 45783.3000,  3, 420.55, 25.909999999996217
298922, 45784.4800,  3, 395.03, 27.05999999999767
298923, 45784.5900,  3, 593.40, 27.19999999999709
299136, 45807.4100,  2, 149.24,  50
299209, 45829.4800,  1, -29.87, 7.610000000000582
299209, 45829.4800,  1, 23.68, 7.610000000000582
299210, 45829.5900,  1, 33.44, 7.719999999993888
299210, 45829.5900,  1, -39.85, 7.719999999993888
299321, 45841.4800,  3, 453.09, 19.540000000000873
299372, 45846.9400,  3, 541.96, 25.049999999995634
299388, 45848.6600,  3, 445.71, 26.739999999997963
299585, 45869.7700,  1, 106.34, 47.89999999999418
299694, 45895.5900,  1, 62.39, 11.459999999999127
299775, 45904.2700,  3, 477.10, 20.060000000004948
299802, 45907.1600,  3, 504.09, 22.9800000000032
299804, 45907.3700,  3, 475.06, 23.220000000001164
299832, 45910.3700,  3, 482.84, 26.19000000000233
299844, 45911.6600,  3, 469.17, 27.520000000004075
299845, 45911.7700,  3, 544.11, 27.560000000004948
299856, 45912.9400,  3, 468.55, 28.790000000000873
299963, 45938.6200,  1, 77.84, 11.37000000000262
299963, 45938.6200,  1, 51.74, 11.37000000000262
300051, 45948.0500,  1, 187.16, 20.80000000000291
300051, 45948.0500,  1, 211.62, 20.80000000000291
300065, 45949.5500,  3, 500.39, 22.25
300088, 45952.0200,  3, 464.76, 24.7300000000032
300094, 45952.6600,  3, 583.60, 25.37999999999738
300234, 45967.6600,  3, 601.71, 40.33999999999651
300313, 45990.6200,  1, -23.38, 8.35000000000582
300313, 45990.6200,  1, 25.28, 8.35000000000582
300336, 45993.0900,  1, 23.99, 10.819999999999709
300440, 46004.2300,  3, 429.14, 21.860000000000582
300449, 46005.1900,  3, 488.34, 22.880000000004657
300470, 46007.4400,  3, 484.94, 25.150000000001455
300492, 46009.8000,  3, 485.68, 27.42000000000553
300529, 46013.7700,  3, 575.44, 31.44000000000233
300623, 46037.9400,  1, 17.80, 9.970000000001164
300623, 46037.9400,  1, 50.10, 9.970000000001164
300661, 46042.0200,  1, 70.75, 14.049999999995634
300705, 46046.7300,  1, 230.30, 18.760000000002037
300705, 46046.7300,  1, 131.78, 18.760000000002037
300770, 46053.6900,  3, 527.12, 25.709999999999127
300781, 46054.8700,  3, 509.18, 26.839999999996508
300801, 46057.0200,  3, 468.51, 28.94999999999709
300887, 46081.6200,  1, -36.01, 9.12000000000262
300887, 46081.6200,  1, -2.19, 9.12000000000262
300902, 46083.2300,  1, 49.34, 10.730000000003201
300902, 46083.2300,  1, 25.83, 10.730000000003201
300960, 46089.4400,  1, 47.05, 16.94000000000233
301029, 46096.8400,  3, 475.24, 24.279999999998836
301056, 46099.7300,  3, 359.10, 27.12999999999738
301130, 46107.6600,  3, 633.48, 35.05999999999767
301222, 46132.0500,  1, 37.69, 9.770000000004075
301222, 46132.0500,  1, 10.66, 9.770000000004075
301323, 46142.8700,  1, 176.87, 20.590000000003783
301349, 46145.6600,  3, 565.98, 23.270000000004075
301370, 46147.9100,  3, 486.81, 25.599999999998545
301395, 46150.5900,  3, 413.81, 28.2300000000032
301419, 46153.1600,  3, 521.34, 30.87000000000262
301448, 46156.2700,  3, 444.56, 33.970000000001164
301633, 46190.5900,  3, 456.86, 19.62999999999738
301659, 46193.3700,  3, 456.14, 22.44999999999709
301670, 46194.5500,  3, 420.86, 23.62000000000262
301679, 46195.5200,  3, 480.39, 24.650000000001455
301685, 46196.1600,  3, 466.64, 25.239999999997963
301691, 46196.8000,  3, 480.90, 25.87000000000262
301739, 46201.9400,  3, 528.63, 30.989999999997963
301739, 46201.9400,  3, 401.24, 30.979999999995925
301834, 46226.3400,  1, 12.38, 10.099999999998545
301834, 46226.3400,  1, 82.01, 10.099999999998545
301858, 46228.9100,  1, 100.99, 12.67000000000553
301858, 46228.9100,  1, 11.71, 12.67000000000553
301920, 46235.5500,  3, 472.38, 19.270000000004075
301962, 46240.0500,  3, 480.45, 23.770000000004075
302004, 46244.5500,  3, 523.42, 28.220000000001164
302204, 46265.9800,  3, 673.44, 49.63999999999942
302335, 46294.1200,  1, -13.31, 13.930000000000291
302400, 46301.0900,  3, 480.46, 20.87999999999738
302401, 46301.1900,  3, 475.13, 20.939999999995052
302411, 46302.2700,  3, 497.20, 22.049999999995634
302411, 46302.2700,  3, 465.19, 22.0199999999968
302483, 46309.9800,  3, 517.10, 29.75999999999476
302493, 46311.0500,  3, 452.09, 30.839999999996508
302627, 46325.4100,  3, 349.16, 45.13999999999942
302751, 46353.2300,  1, 108.02, 13.200000000004366
302751, 46353.2300,  1, 93.45, 13.200000000004366
302792, 46357.6200,  1, 52.11, 17.590000000003783
302845, 46363.3000,  3, 497.49, 23.25
302870, 46365.9800,  3, 521.35, 25.880000000004657
302906, 46369.8400,  3, 468.01, 29.700000000004366
302927, 46372.0900,  3, 484.66, 31.9800000000032
302929, 46372.3000,  3, 619.57, 32.19000000000233
303031, 46398.3000,  1, -32.58, 10.830000000001746
303031, 46398.3000,  1, 102.24, 10.830000000001746
303101, 46405.8000,  3, 430.41, 18.299999999995634
303183, 46414.5900,  3, 491.76, 27.010000000002037
303184, 46414.6900,  3, 414.44, 27.159999999996217
303189, 46415.2300,  3, 447.97, 27.659999999996217
303192, 46415.5500,  3, 590.33, 28.06999999999971
303196, 46415.9800,  3, 487.30, 28.479999999995925
303370, 46449.8400,  3, 416.94, 18.5199999999968
303406, 46453.6900,  3, 504.71, 22.389999999999418
303435, 46456.8000,  3, 482.73, 25.43000000000029
303443, 46457.6600,  3, 453.93, 26.330000000001746
303446, 46457.9800,  3, 475.69, 26.589999999996508
303449, 46458.3000,  1, 111.12, 27.010000000002037
303449, 46458.3000,  3, 510.87, 26.94000000000233
303556, 46469.7700,  3, 625.11, 38.37999999999738
303641, 46493.2700,  1, -4.48, 9.019999999996799
303641, 46493.2700,  1, 64.20, 9.019999999996799
303662, 46495.5200,  1, 71.03, 11.269999999996799
303662, 46495.5200,  1, 51.37, 11.269999999996799
303678, 46497.2300,  1, 23.09, 12.980000000003201
303765, 46506.5500,  3, 480.86, 22.220000000001164
303795, 46509.7700,  3, 450.09, 25.5
303807, 46511.0500,  3, 508.57, 26.69000000000233
303841, 46529.4100,  1, -181.32, 3.540000000000873
303959, 46542.0500,  1, 137.36, 16.18000000000029
303959, 46542.0500,  1, 131.38, 16.18000000000029
304000, 46546.4400,  3, 460.47, 20.5
304008, 46547.3000,  3, 473.78, 21.37999999999738
304029, 46549.5500,  3, 432.98, 23.619999999995343
304030, 46549.6600,  3, 528.85, 23.719999999993888
304034, 46550.0900,  3, 439.03, 24.110000000000582
304224, 46584.5500,  3, 440.70, 20.19000000000233
304237, 46585.9400,  3, 482.09, 21.650000000001455
304247, 46587.0200,  3, 468.19, 22.630000000004657
304266, 46589.0500,  3, 444.89, 24.720000000001164
304286, 46591.1900,  3, 473.04, 26.889999999999418
304303, 46593.0200,  3, 497.26, 28.720000000001164
304313, 46594.0900,  3, 486.27, 29.720000000001164
304337, 46596.6600,  3, 543.99, 32.30000000000291
304501, 46628.7300,  1, 29.29, 17.460000000006403
304513, 46630.0200,  1, 217.04, 18.75
304513, 46630.0200,  1, 159.64, 18.75
304568, 46635.9100,  3, 482.83, 24.55000000000291
304579, 46637.0900,  3, 492.54, 25.74000000000524
304614, 46640.8400,  3, 568.99, 29.4800000000032
304618, 46641.2700,  3, 631.33, 29.970000000001164
304618, 46641.2700,  3, 508.46, 29.950000000004366
304776, 46672.6900,  1, -13.63, 16.81999999999971
304823, 46677.7300,  3, 475.43, 21.80999999999767
304825, 46677.9400,  3, 445.21, 22.00999999999476
304837, 46679.2300,  3, 498.22, 23.290000000000873
304838, 46679.3400,  3, 514.34, 23.360000000000582
304847, 46680.3000,  3, 524.16, 24.349999999998545
304857, 46681.3700,  3, 573.08, 25.459999999999127
304930, 46689.1900,  3, 493.49, 33.29000000000087
305128, 46724.6200,  3, 460.34, 21.05000000000291
305139, 46725.8000,  3, 426.60, 22.239999999997963
305143, 46726.2300,  3, 430.51, 22.62999999999738
305147, 46726.6600,  3, 432.45, 23.05999999999767
305178, 46729.9800,  3, 452.48, 26.389999999999418
305188, 46731.0500,  3, 516.34, 27.44999999999709
305200, 46732.3400,  3, 530.10, 28.81999999999971
305311, 46744.2300,  3, 750.50, 40.70999999999913
305422, 46770.5900,  1, 88.85, 11.799999999995634
305422, 46770.5900,  1, 39.53, 11.799999999995634
305491, 46777.9800,  3, 455.71, 19.099999999998545
305512, 46780.2300,  3, 460.14, 21.37000000000262
305524, 46781.5200,  3, 472.63, 22.650000000001455
305560, 46785.3700,  3, 453.17, 26.5
305571, 46786.5500,  3, 437.08, 27.69000000000233
305586, 46788.1600,  3, 554.60, 29.290000000000873
305778, 46823.1600,  3, 422.03, 20.419999999998254
305780, 46823.3700,  3, 517.75, 20.639999999999418
305791, 46824.5500,  3, 470.02, 21.810000000004948
305798, 46825.3000,  3, 465.27, 22.610000000000582
305822, 46827.8700,  3, 544.80, 25.150000000001455
305827, 46828.4100,  3, 398.90, 25.669999999998254
305840, 46829.8000,  3, 429.93, 27.090000000003783
305853, 46831.1900,  3, 488.98, 28.5
305975, 46858.3700,  1, 128.97, 12.980000000003201
305975, 46858.3700,  1, 115.54, 12.980000000003201
306041, 46865.4400,  3, 459.44, 20.0
306044, 46865.7700,  3, 487.89, 20.360000000000582
306102, 46871.9800,  3, 535.86, 26.56999999999971
306144, 46876.4800,  3, 546.70, 31.020000000004075
306147, 46876.8000,  3, 544.45, 31.31999999999971
306158, 46877.9800,  3, 569.45, 32.520000000004075
306245, 46901.6600,  1, -4.23, 9.210000000006403
306245, 46901.6600,  1, 44.87, 9.210000000006403
306366, 46914.6200,  3, 485.26, 22.150000000001455
306374, 46915.4800,  3, 544.24, 23.020000000004075
306378, 46915.9100,  3, 507.95, 23.35000000000582
306394, 46917.6200,  3, 530.67, 25.150000000001455
306409, 46919.2300,  3, 588.61, 26.7300000000032
306421, 46920.5200,  3, 617.73, 27.970000000001164
306554, 46948.9400,  1, 114.42, 14.130000000004657
306622, 46956.2300,  3, 514.63, 21.410000000003492
306655, 46959.7700,  3, 480.94, 24.87000000000262
306684, 46962.8700,  3, 497.63, 28.020000000004075
306688, 46963.3000,  3, 469.57, 28.42000000000553
306696, 46964.1600,  3, 574.76, 29.31999999999971
306707, 46965.3400,  3, 443.01, 30.459999999999127
306729, 46967.6900,  3, 621.78, 32.84000000000378
306829, 46992.4100,  1, 20.41, 10.62000000000262
306832, 46992.7300,  1, 43.03, 10.940000000002328
306832, 46992.7300,  1, 99.11, 10.940000000002328
306934, 47003.6600,  3, 480.36, 21.790000000000873
306935, 47003.7700,  3, 495.01, 21.959999999999127
306936, 47003.8700,  3, 467.70, 22.029999999998836
306938, 47004.0900,  3, 531.21, 22.220000000001164
306980, 47008.5900,  3, 463.11, 26.760000000002037
307070, 47032.5200,  1, 27.02, 9.539999999993597
307070, 47032.5200,  1, -21.48, 9.539999999993597
307071, 47032.6200,  1, -7.60, 9.639999999999418
307071, 47032.6200,  1, 32.07, 9.639999999999418
307143, 47040.3400,  3, 407.01, 17.2699999999968
307194, 47045.8000,  3, 476.25, 22.739999999997963
307272, 47054.1600,  3, 608.03, 31.14999999999418
307284, 47055.4400,  3, 619.05, 32.419999999998254
307348, 47077.0200,  1, -24.12, 6.779999999998836
307348, 47077.0200,  1, -45.66, 6.779999999998836
307439, 47086.7700,  1, 135.72, 16.529999999998836
307497, 47092.9800,  3, 554.53, 22.660000000003492
307501, 47093.4100,  3, 485.41, 23.080000000001746
307503, 47093.6200,  3, 502.59, 23.279999999998836
307504, 47093.7300,  3, 555.36, 23.43000000000029
307519, 47095.3400,  3, 562.07, 25.020000000004075
307712, 47130.2700,  3, 499.04, 20.530000000006112
307727, 47131.8700,  3, 473.79, 22.10000000000582
307741, 47133.3700,  3, 436.73, 23.580000000001746
307764, 47135.8400,  3, 598.57, 26.06999999999971
307766, 47136.0500,  3, 599.89, 26.270000000004075
307786, 47138.1900,  3, 616.58, 28.42000000000553
307798, 47139.4800,  3, 479.60, 29.75
307822, 47142.0500,  3, 568.61, 32.26000000000204
307962, 47171.4100,  1, 28.50, 14.910000000003492
308001, 47175.5900,  1, 70.80, 19.089999999996508
308015, 47177.0900,  3, 457.66, 20.5
308042, 47179.9800,  3, 502.17, 23.400000000001455
308097, 47185.8700,  3, 606.89, 29.30000000000291
308108, 47187.0500,  3, 540.67, 30.510000000002037
308108, 47187.0500,  3, 511.64, 30.5
308173, 47194.0200,  3, 577.46, 37.43000000000029
308232, 47214.7300,  1, -39.00, 6.220000000001164
308232, 47214.7300,  1, -8.86, 6.220000000001164
308314, 47223.5200,  1, 85.16, 15.009999999994761
308392, 47231.8700,  3, 419.61, 23.279999999998836
308402, 47232.9400,  3, 450.35, 24.389999999999418
308424, 47235.3000,  3, 603.82, 26.7699999999968
308425, 47235.4100,  3, 480.10, 26.799999999995634
308428, 47235.7300,  3, 571.42, 27.150000000001455
308530, 47260.9400,  1, 62.51, 10.810000000004948
308530, 47260.9400,  1, 66.67, 10.810000000004948
308592, 47267.5900,  1, 78.06, 17.459999999999127
308637, 47272.4100,  3, 515.79, 22.220000000001164
308644, 47273.1600,  3, 471.03, 23.020000000004075
308672, 47276.1600,  3, 562.48, 25.950000000004366
308715, 47280.7700,  3, 388.08, 30.610000000000582
308716, 47280.8700,  3, 532.29, 30.720000000001164
308858, 47310.1200,  1, 134.25, 15.110000000000582
308886, 47313.1200,  1, 49.88, 18.110000000000582
308896, 47314.1900,  3, 452.97, 19.159999999996217
308930, 47317.8400,  3, 480.51, 22.80999999999767
308935, 47318.3700,  3, 546.56, 23.290000000000873
308966, 47321.6900,  3, 568.40, 26.669999999998254
308982, 47323.4100,  3, 453.06, 28.290000000000873
308989, 47324.1600,  3, 510.80, 29.049999999995634
309102, 47350.6900,  1, -14.10, 12.020000000004075
309163, 47357.2300,  1, 92.49, 18.560000000004948
309225, 47363.8700,  3, 392.21, 25.110000000000582
309225, 47363.8700,  3, 410.61, 25.110000000000582
309254, 47366.9800,  3, 505.11, 28.24000000000524
309257, 47367.3000,  3, 494.09, 28.560000000004948
309262, 47367.8400,  3, 518.88, 29.110000000000582
309267, 47368.3700,  3, 392.59, 29.610000000000582
309367, 47393.4800,  1, -27.95, 10.630000000004657
309549, 47412.9800,  3, 601.43, 30.020000000004075
309549, 47412.9800,  3, 553.71, 30.090000000003783
309559, 47414.0500,  3, 466.29, 31.160000000003492
309566, 47414.8000,  3, 590.92, 31.880000000004657
309585, 47416.8400,  3, 599.63, 33.9800000000032
309585, 47416.8400,  3, 427.88, 33.93000000000029
309613, 47419.8400,  3, 376.93, 36.950000000004366
309808, 47455.2700,  3, 457.73, 20.790000000000873
309816, 47456.1200,  3, 446.24, 21.62999999999738
309816, 47456.1200,  3, 484.38, 21.639999999999418
309817, 47456.2300,  3, 450.75, 21.7300000000032
309821, 47456.6600,  3, 418.46, 22.12999999999738
309824, 47456.9800,  3, 483.36, 22.4800000000032
309832, 47457.8400,  3, 476.12, 23.279999999998836
309900, 47465.1200,  3, 711.67, 30.62000000000262
310020, 47493.0500,  1, 35.78, 12.770000000004075
310020, 47493.0500,  1, 84.54, 12.770000000004075
310096, 47501.1900,  3, 472.16, 20.860000000000582
310096, 47501.1900,  3, 475.04, 20.830000000001746
310102, 47501.8400,  3, 446.15, 21.520000000004075
310107, 47502.3700,  3, 507.10, 22.080000000001746
310139, 47505.8000,  3, 493.96, 25.470000000001164
310207, 47513.0900,  3, 648.78, 32.770000000004075
310385, 47546.3700,  3, 443.86, 18.87999999999738
310400, 47547.9800,  3, 456.23, 20.5
310410, 47549.0500,  3, 435.71, 21.650000000001455
310415, 47549.5900,  3, 521.07, 22.169999999998254
310432, 47551.4100,  3, 433.66, 23.9800000000032
310439, 47552.1600,  3, 510.22, 24.660000000003492
310442, 47552.4800,  3, 531.15, 24.9800000000032
310480, 47556.5500,  3, 462.61, 29.12000000000262
310576, 47581.0500,  1, 57.13, 10.190000000002328
310576, 47581.0500,  1, 93.59, 10.190000000002328
310603, 47583.9400,  1, 81.07, 13.080000000001746
310603, 47583.9400,  1, 26.24, 13.080000000001746
310609, 47584.5900,  1, 57.41, 13.729999999995925
310663, 47590.3700,  3, 466.43, 19.489999999997963
310676, 47591.7700,  3, 504.59, 20.87999999999738
310685, 47592.7300,  3, 481.50, 21.830000000001746
310752, 47614.3400,  1, -65.84, 7.099999999998545
310752, 47614.3400,  1, -21.20, 7.099999999998545
310786, 47617.9800,  1, 7.31, 10.740000000005239
310786, 47617.9800,  1, 32.08, 10.740000000005239
310791, 47618.5200,  1, 111.44, 11.279999999998836
310791, 47618.5200,  1, -17.70, 11.279999999998836
310910, 47631.2700,  3, 592.37, 24.0
310923, 47632.6600,  3, 546.51, 25.410000000003492
311021, 47657.6600,  1, 84.44, 10.390000000006694
311021, 47657.6600,  1, 53.71, 10.390000000006694
311044, 47660.1200,  1, 81.04, 12.85000000000582
311117, 47667.9400,  3, 492.28, 20.630000000004657
311120, 47668.2700,  3, 505.27, 20.900000000001455
311126, 47668.9100,  3, 476.10, 21.540000000000873
311140, 47670.4100,  3, 505.09, 23.130000000004657
311158, 47672.3400,  3, 479.89, 25.040000000000873
311335, 47706.4800,  3, 464.36, 18.81999999999971
311347, 47707.7700,  3, 471.99, 20.089999999996508
311349, 47707.9800,  3, 471.70, 20.2699999999968
311361, 47709.2700,  3, 485.99, 21.639999999999418
311367, 47709.9100,  3, 442.53, 22.25
311368, 47710.0200,  3, 493.28, 22.360000000000582
311369, 47710.1200,  3, 495.09, 22.44999999999709
311569, 47731.5500,  3, 533.55, 43.919999999998254
311645, 47753.9400,  1, -76.93, 8.040000000000873
311645, 47753.9400,  1, -8.50, 8.040000000000873
311668, 47756.4100,  1, 97.76, 10.510000000002037
311668, 47756.4100,  1, 54.66, 10.510000000002037
311772, 47767.5500,  3, 466.72, 21.62999999999738
311784, 47768.8400,  3, 436.85, 22.869999999995343
311808, 47771.4100,  3, 494.75, 25.5
311818, 47772.4800,  3, 529.86, 26.479999999995925
311990, 47805.1900,  3, 407.36, 18.25
312006, 47806.9100,  3, 472.79, 19.99000000000524
312014, 47807.7700,  3, 516.27, 20.840000000003783
312018, 47808.1900,  3, 488.56, 21.220000000001164
312026, 47809.0500,  3, 464.86, 22.10000000000582
312041, 47810.6600,  3, 505.52, 23.74000000000524
312044, 47810.9800,  3, 536.13, 24.0
312053, 47811.9400,  3, 483.17, 25.020000000004075
312237, 47845.8000,  3, 479.59, 19.529999999998836
312261, 47848.3700,  3, 481.04, 22.169999999998254
312262, 47848.4800,  3, 494.62, 22.260000000002037
312281, 47850.5200,  3, 432.35, 24.310000000004948
312289, 47851.3700,  3, 517.95, 25.18000000000029
312330, 47855.7700,  3, 492.57, 29.510000000002037
312349, 47857.8000,  3, 654.95, 31.55000000000291
312354, 47858.3400,  3, 638.09, 32.13000000000466
312434, 47881.1900,  1, -74.65, 8.470000000001164
312434, 47881.1900,  1, -12.37, 8.470000000001164
312537, 47892.2300,  3, 437.92, 19.459999999999127
312564, 47895.1200,  3, 500.57, 22.369999999995343
312576, 47896.4100,  3, 472.54, 23.68000000000029
312594, 47898.3400,  3, 442.15, 25.589999999996508
312612, 47900.2700,  3, 593.80, 27.529999999998836
312630, 47902.1900,  3, 662.91, 29.400000000001455
312822, 47937.7700,  1, 329.66, 20.479999999995925
312822, 47937.7700,  1, 235.92, 20.479999999995925
312830, 47938.6200,  3, 492.78, 21.279999999998836
312834, 47939.0500,  3, 481.61, 21.709999999999127
312836, 47939.2700,  3, 473.74, 21.970000000001164
312837, 47939.3700,  3, 450.24, 22.010000000002037
312854, 47941.1900,  3, 463.37, 23.87999999999738
312887, 47944.7300,  3, 512.92, 27.409999999996217
312961, 47966.9400,  1, -10.91, 7.8400000000037835
312961, 47966.9400,  1, 30.90, 7.8400000000037835
313008, 47971.9800,  1, 60.38, 12.880000000004657
313008, 47971.9800,  1, 105.39, 12.880000000004657
313090, 47980.7700,  3, 399.11, 21.580000000001746
313090, 47980.7700,  3, 467.74, 21.590000000003783
313097, 47981.5200,  3, 465.86, 22.31999999999971
313120, 47983.9800,  3, 562.78, 24.87000000000262
313221, 48009.1900,  1, -18.53, 10.720000000001164
313221, 48009.1900,  1, 40.55, 10.720000000001164
313244, 48011.6600,  1, 120.77, 13.190000000002328
313244, 48011.6600,  1, 133.50, 13.190000000002328
313312, 48018.9400,  3, 492.21, 20.400000000001455
313356, 48023.6600,  3, 563.24, 25.099999999998545
313361, 48024.1900,  3, 501.32, 25.69999999999709
313369, 48025.0500,  3, 465.21, 26.470000000001164
313548, 48058.8000,  3, 419.63, 19.05999999999767
313554, 48059.4400,  3, 459.22, 19.650000000001455
313557, 48059.7700,  3, 496.83, 19.94999999999709
313575, 48061.6900,  3, 495.50, 21.909999999996217
313578, 48062.0200,  3, 524.59, 22.19000000000233
313581, 48062.3400,  3, 500.62, 22.589999999996508
313608, 48065.2300,  3, 560.70, 25.419999999998254
313624, 48066.9400,  3, 493.48, 27.12999999999738
313735, 48092.9800,  1, 41.14, 11.780000000006112
313806, 48100.5900,  3, 463.76, 19.340000000003783
313815, 48101.5500,  3, 468.44, 20.31999999999971
313827, 48102.8400,  3, 447.31, 21.610000000000582
313836, 48103.8000,  3, 461.88, 22.520000000004075
313850, 48105.3000,  3, 442.23, 24.060000000004948
313853, 48105.6200,  3, 456.19, 24.340000000003783
313862, 48106.5900,  3, 522.55, 25.290000000000873
313993, 48134.8700,  1, 35.21, 13.940000000002328
314062, 48142.2700,  3, 505.31, 21.239999999997963
314063, 48142.3700,  3, 518.99, 21.37999999999738
314070, 48143.1200,  3, 508.57, 22.159999999996217
314071, 48143.2300,  3, 496.97, 22.25
314073, 48143.4400,  3, 405.60, 22.470000000001164
314111, 48147.5200,  3, 557.78, 26.529999999998836
314142, 48150.8400,  3, 484.13, 29.87999999999738
314348, 48187.2300,  3, 510.14, 21.959999999999127
314359, 48188.4100,  3, 487.06, 23.07999999999447
314366, 48189.1600,  3, 533.61, 23.87999999999738
314366, 48189.1600,  3, 461.37, 23.82999999999447
314383, 48190.9800,  3, 451.31, 25.68000000000029
314392, 48191.9400,  3, 514.52, 26.659999999996217
314399, 48192.6900,  3, 518.31, 27.419999999998254
314444, 48197.5200,  3, 605.30, 32.18999999999505
314539, 48221.8700,  1, 69.66, 10.080000000001746
314539, 48221.8700,  1, 49.63, 10.080000000001746
314647, 48233.4400,  3, 456.18, 21.639999999999418
314648, 48233.5500,  3, 507.09, 21.720000000001164
314660, 48234.8400,  3, 453.78, 22.94999999999709
314669, 48235.8000,  3, 412.77, 23.909999999996217
314670, 48235.9100,  3, 445.13, 24.010000000002037
314695, 48238.5900,  3, 543.35, 26.7699999999968
314844, 48268.7300,  1, 104.08, 15.860000000000582
314844, 48268.7300,  1, 113.55, 15.860000000000582
314890, 48273.6600,  1, 133.20, 20.790000000000873
314890, 48273.6600,  1, 274.61, 20.790000000000873
314914, 48276.2300,  3, 483.34, 23.299999999995634
314918, 48276.6600,  3, 451.21, 23.719999999993888
314920, 48276.8700,  3, 424.72, 23.94999999999709
314991, 48284.4800,  3, 574.98, 31.599999999998545
315007, 48300.1900,  1, -162.31, 1.6000000000058208
315090, 48309.0900,  1, 90.13, 10.5
315090, 48309.0900,  1, 89.03, 10.5
315177, 48318.4100,  3, 446.17, 19.7300000000032
315198, 48320.6600,  3, 425.00, 21.9800000000032
315207, 48321.6200,  3, 440.96, 23.020000000004075
315216, 48322.5900,  3, 534.14, 23.93000000000029
315224, 48323.4400,  3, 489.65, 24.820000000006985
315315, 48347.7300,  1, -55.63, 9.660000000003492
315315, 48347.7300,  1, 16.76, 9.660000000003492
315337, 48350.0900,  1, 49.78, 12.019999999996799
315379, 48354.5900,  1, 80.62, 16.5199999999968
315413, 48358.2300,  3, 379.32, 20.090000000003783
315443, 48361.4400,  3, 506.91, 23.30999999999767
315455, 48362.7300,  3, 529.62, 24.599999999998545
315487, 48366.1600,  3, 396.00, 28.080000000001746
315570, 48389.4800,  1, -66.10, 8.810000000004948
315570, 48389.4800,  1, 33.52, 8.810000000004948
315579, 48390.4400,  1, 64.32, 9.770000000004075
315579, 48390.4400,  1, 18.50, 9.770000000004075
315684, 48401.6900,  3, 411.54, 20.99000000000524
315711, 48404.5900,  3, 556.24, 23.81999999999971
315726, 48406.1900,  3, 524.03, 25.4800000000032
315947, 48429.8700,  1, 206.61, 49.200000000004366
316079, 48459.1200,  1, 41.52, 13.92000000000553
316085, 48459.7700,  1, 97.68, 14.569999999999709
316085, 48459.7700,  1, -2.68, 14.569999999999709
316143, 48465.9800,  3, 453.55, 20.68000000000029
316159, 48467.6900,  3, 407.34, 22.44000000000233
316189, 48470.9100,  3, 477.60, 25.68000000000029
316225, 48474.7700,  3, 549.36, 29.530000000006112
316234, 48475.7300,  3, 508.25, 30.42000000000553
316349, 48502.1900,  1, -11.34, 12.230000000003201
316349, 48502.1900,  1, 123.57, 12.230000000003201
316417, 48509.4800,  1, 30.58, 19.520000000004075
316448, 48512.8000,  3, 463.57, 22.80999999999767
316465, 48514.6200,  3, 464.87, 24.62000000000262
316472, 48515.3700,  3, 470.76, 25.400000000001455
316474, 48515.5900,  3, 469.72, 25.56999999999971
316501, 48518.4800,  3, 478.82, 28.43000000000029
316588, 48541.8400,  1, -21.73, 9.229999999995925
316588, 48541.8400,  1, -9.26, 9.229999999995925
316633, 48546.6600,  1, 163.18, 14.05000000000291
316686, 48552.3400,  3, 374.95, 19.650000000001455
316724, 48556.4100,  3, 417.72, 23.779999999998836
316727, 48556.7300,  3, 574.50, 24.05000000000291
316734, 48557.4800,  3, 559.19, 24.779999999998836
316800, 48564.5500,  3, 551.74, 31.909999999996217
316910, 48590.6900,  1, 77.95, 11.67000000000553
316910, 48590.6900,  1, 82.55, 11.67000000000553
316974, 48597.5500,  3, 432.46, 18.450000000004366
317004, 48600.7700,  3, 463.66, 21.660000000003492
317010, 48601.4100,  3, 487.00, 22.280000000006112
317010, 48601.4100,  3, 444.44, 22.310000000004948
317033, 48603.8700,  3, 493.53, 24.75
317054, 48606.1200,  3, 445.81, 27.060000000004948
317241, 48640.3400,  3, 429.71, 19.89999999999418
317258, 48642.1600,  3, 452.96, 21.729999999995925
317277, 48644.1900,  3, 406.46, 23.709999999999127
317293, 48645.9100,  3, 450.96, 25.439999999995052
317339, 48650.8400,  3, 510.75, 30.389999999999418
317355, 48652.5500,  3, 357.06, 32.05999999999767
317396, 48656.9400,  3, 388.68, 36.44999999999709
317511, 48669.2700,  3, 485.87, 48.80999999999767
317707, 48704.6200,  3, 423.96, 20.830000000001746
317711, 48705.0500,  3, 454.53, 21.25
317722, 48706.2300,  3, 434.71, 22.419999999998254
317740, 48708.1600,  3, 487.63, 24.389999999999418
317746, 48708.8000,  3, 579.79, 24.9800000000032
317761, 48710.4100,  3, 520.02, 26.599999999998545
317789, 48713.4100,  3, 441.01, 29.68000000000029
317806, 48715.2300,  3, 397.37, 31.459999999999127
317909, 48740.6600,  1, 88.53, 10.940000000002328
317909, 48740.6600,  1, 15.40, 10.940000000002328
317982, 48748.4800,  3, 389.48, 18.75
318006, 48751.0500,  3, 482.35, 21.2699999999968
318006, 48751.0500,  3, 418.70, 21.220000000001164
318014, 48751.9100,  3, 489.73, 22.110000000000582
318027, 48753.3000,  3, 390.66, 23.479999999995925
318029, 48753.5200,  3, 494.73, 23.760000000002037
318110, 48776.4400,  1, 58.27, 8.569999999999709
318110, 48776.4400,  1, 34.05, 8.569999999999709
318199, 48785.9800,  3, 432.48, 18.00999999999476
318228, 48789.0900,  3, 437.20, 21.14999999999418
318231, 48789.4100,  3, 455.93, 21.44999999999709
318251, 48791.5500,  3, 593.13, 23.57999999999447
318264, 48792.9400,  3, 502.87, 25.029999999998836
318364, 48803.6600,  3, 495.32, 35.71999999999389
318552, 48838.1900,  3, 470.28, 19.939999999995052
318571, 48840.2300,  3, 522.30, 22.0199999999968
318579, 48841.0900,  3, 533.36, 22.869999999995343
318584, 48841.6200,  3, 442.14, 23.409999999996217
318587, 48841.9400,  3, 528.97, 23.709999999999127
318599, 48843.2300,  3, 486.23, 25.0
318647, 48848.3700,  3, 530.76, 30.14999999999418
318656, 48849.3400,  3, 375.82, 31.119999999995343
318737, 48872.2300,  1, 56.69, 8.580000000001746
318737, 48872.2300,  1, 54.70, 8.580000000001746
318790, 48877.9100,  1, 15.66, 14.260000000002037
318791, 48878.0200,  1, 194.48, 14.369999999995343
318791, 48878.0200,  1, 122.59, 14.369999999995343
318856, 48884.9800,  3, 474.50, 21.290000000000873
318865, 48885.9400,  3, 451.93, 22.2699999999968
318878, 48887.3400,  3, 486.29, 23.619999999995343
318906, 48905.6600,  1, -173.28, 2.9100000000034925
318939, 48909.1900,  1, -61.88, 6.440000000002328
318939, 48909.1900,  1, -99.46, 6.440000000002328
319069, 48923.1200,  3, 491.19, 20.30000000000291
319087, 48925.0500,  3, 487.04, 22.260000000002037
319112, 48927.7300,  3, 529.57, 24.910000000003492
319127, 48929.3400,  3, 424.81, 26.529999999998836
319228, 48940.1600,  3, 408.98, 37.33999999999651
319430, 48976.9800,  3, 512.04, 21.44999999999709
319436, 48977.6200,  3, 476.55, 22.099999999998545
319436, 48977.6200,  3, 484.20, 22.14999999999418
319465, 48980.7300,  3, 439.85, 25.18000000000029
319476, 48981.9100,  3, 473.82, 26.459999999999127
319490, 48983.4100,  3, 450.50, 27.919999999998254
319496, 48984.0500,  3, 490.73, 28.599999999998545
319583, 48993.3700,  3, 565.68, 37.83999999999651
319666, 49016.3700,  1, 22.06, 8.780000000006112
319666, 49016.3700,  1, 51.78, 8.780000000006112
319716, 49021.7300,  1, 52.04, 14.140000000006694
319716, 49021.7300,  1, 53.99, 14.140000000006694
319770, 49027.5200,  3, 429.22, 19.890000000006694
319796, 49030.3000,  3, 532.34, 22.610000000000582
319844, 49035.4400,  3, 564.00, 27.760000000002037
319881, 49039.4100,  3, 464.71, 31.74000000000524
320010, 49067.6900,  1, 71.36, 13.720000000001164
320010, 49067.6900,  1, 66.86, 13.720000000001164
320093, 49076.5900,  3, 538.55, 22.55999999999767
320145, 49082.1600,  3, 538.39, 28.12999999999738
320148, 49082.4800,  3, 475.04, 28.479999999995925
320153, 49083.0200,  3, 548.91, 28.970000000001164
320193, 49087.3000,  3, 450.00, 33.30999999999767
320260, 49094.4800,  3, 517.95, 40.419999999998254
320389, 49122.4100,  1, 89.66, 13.710000000006403
320389, 49122.4100,  1, 134.54, 13.710000000006403
320452, 49129.1600,  3, 403.97, 20.43000000000029
320480, 49132.1600,  3, 461.50, 23.44000000000233
320486, 49132.8000,  3, 486.54, 24.0
320491, 49133.3400,  3, 571.60, 24.590000000003783
320509, 49135.2700,  3, 501.22, 26.460000000006403
320526, 49137.0900,  3, 503.52, 28.380000000004657
320658, 49165.2300,  1, 108.91, 14.05000000000291
320658, 49165.2300,  1, 117.14, 14.05000000000291
320687, 49168.3400,  1, 81.48, 17.159999999996217
320728, 49172.7300,  3, 465.15, 21.529999999998836
320735, 49173.4800,  3, 462.03, 22.279999999998836
320746, 49174.6600,  3, 373.02, 23.37000000000262
320759, 49176.0500,  3, 416.56, 24.790000000000873
320786, 49178.9400,  3, 542.64, 27.69000000000233
320803, 49195.0200,  1, -164.47, 1.7199999999938882
320883, 49203.5900,  1, -17.47, 10.289999999993597
320900, 49205.4100,  1, 36.27, 12.110000000000582
320911, 49206.5900,  1, 165.44, 13.289999999993597
320911, 49206.5900,  1, 70.38, 13.289999999993597
320973, 49213.2300,  3, 495.40, 19.89999999999418
321010, 49217.1900,  3, 467.12, 23.799999999995634
321043, 49220.7300,  3, 479.84, 27.419999999998254
321148, 49246.1900,  1, 47.99, 11.139999999999418
321148, 49246.1900,  1, 51.99, 11.139999999999418
321158, 49247.2700,  1, 43.85, 12.219999999993888
321158, 49247.2700,  1, 96.32, 12.219999999993888
321280, 49260.3400,  3, 507.45, 25.25999999999476
321301, 49262.5900,  3, 545.95, 27.43000000000029
321320, 49264.6200,  3, 563.13, 29.489999999997963
321324, 49265.0500,  3, 616.00, 29.959999999999127
321459, 49294.0200,  1, -14.28, 14.369999999995343
321514, 49299.9100,  3, 476.09, 20.19999999999709
321532, 49301.8400,  3, 477.62, 22.159999999996217
321537, 49302.3700,  3, 504.92, 22.639999999999418
321569, 49305.8000,  3, 471.91, 26.05999999999767
321595, 49308.5900,  3, 449.86, 28.849999999998545
321617, 49310.9400,  3, 571.91, 31.260000000002037
321681, 49317.8000,  3, 481.96, 38.04000000000087
321737, 49337.8700,  1, -59.03, 5.900000000001455
321737, 49337.8700,  1, -24.37, 5.900000000001455
321876, 49352.7700,  3, 513.41, 20.720000000001164
321889, 49354.1600,  3, 489.15, 22.119999999995343
321905, 49355.8700,  3, 499.10, 23.860000000000582
321916, 49357.0500,  3, 318.39, 24.989999999997963
321953, 49361.0200,  3, 622.15, 29.0199999999968
321955, 49361.2300,  3, 674.86, 29.229999999995925
322081, 49389.2300,  1, 146.94, 13.400000000001455
322081, 49389.2300,  1, 4.79, 13.400000000001455
322100, 49391.2700,  1, 228.67, 15.439999999995052
322100, 49391.2700,  1, 203.38, 15.439999999995052
322174, 49399.1900,  3, 391.20, 23.290000000000873
322181, 49399.9400,  3, 539.71, 24.05999999999767
322199, 49401.8700,  3, 437.29, 25.959999999999127
322314, 49414.1900,  3, 467.00, 38.33999999999651
322328, 49430.0500,  1, -159.24, 1.4000000000014552
322389, 49436.5900,  1, -14.13, 7.939999999995052
322389, 49436.5900,  1, -18.00, 7.939999999995052
322505, 49449.0200,  3, 444.18, 20.290000000000873
322510, 49449.5500,  3, 514.34, 20.830000000001746
322514, 49449.9800,  3, 488.49, 21.220000000001164
322531, 49451.8000,  3, 548.54, 23.06999999999971
322566, 49455.5500,  3, 589.06, 26.830000000001746
322678, 49481.7700,  1, 98.90, 11.919999999998254
322678, 49481.7700,  1, 38.33, 11.919999999998254
322680, 49481.9800,  1, 74.29, 12.130000000004657
322680, 49481.9800,  1, 37.91, 12.130000000004657
322759, 49490.4400,  3, 478.63, 20.5
322773, 49491.9400,  3, 506.31, 22.040000000000873
322789, 49493.6600,  3, 491.65, 23.709999999999127
322797, 49494.5200,  3, 480.51, 24.639999999999418
322979, 49528.1900,  3, 478.66, 19.360000000000582
323002, 49530.6600,  3, 469.46, 21.839999999996508
323010, 49531.5200,  3, 472.28, 22.669999999998254
323012, 49531.7300,  3, 507.22, 22.93000000000029
323022, 49532.8000,  3, 466.05, 23.989999999997963
323044, 49535.1600,  3, 539.88, 26.339999999996508
323044, 49535.1600,  3, 572.34, 26.2699999999968
323083, 49539.3400,  3, 575.29, 30.489999999997963
323132, 49558.8400,  1, -204.80, 5.139999999999418
323193, 49565.3700,  1, 96.77, 11.67000000000553
323287, 49575.4400,  3, 421.10, 21.660000000003492
323289, 49575.6600,  3, 398.86, 21.910000000003492
323306, 49577.4800,  3, 531.52, 23.75
323316, 49578.5500,  3, 525.93, 24.780000000006112
323342, 49581.3400,  3, 607.37, 27.55000000000291
323403, 49587.8700,  3, 720.55, 34.11000000000058
323527, 49615.1900,  1, 55.08, 13.200000000004366
323527, 49615.1900,  1, 80.62, 13.200000000004366
323578, 49620.6600,  1, 52.77, 18.67000000000553
323594, 49622.3700,  3, 458.34, 20.360000000000582
323604, 49623.4400,  3, 420.75, 21.44000000000233
323612, 49624.3000,  3, 417.49, 22.270000000004075
323614, 49624.5200,  3, 452.68, 22.459999999999127
323664, 49629.8700,  3, 411.23, 27.849999999998545
323863, 49665.2300,  3, 494.02, 21.130000000004657
323866, 49665.5500,  3, 431.74, 21.42000000000553
323888, 49667.9100,  3, 471.37, 23.840000000003783
323894, 49668.5500,  3, 571.17, 24.450000000004366
323895, 49668.6600,  3, 492.91, 24.560000000004948
323903, 49669.5200,  3, 579.50, 25.400000000001455
323949, 49674.4400,  3, 546.21, 30.400000000001455
323955, 49675.0900,  3, 554.29, 30.9800000000032
324093, 49704.7700,  1, 55.41, 14.689999999995052
324112, 49706.8000,  1, 161.49, 16.720000000001164
324112, 49706.8000,  1, 38.38, 16.720000000001164
324145, 49710.3400,  3, 431.47, 20.220000000001164
324188, 49714.9400,  3, 514.60, 24.849999999998545
324221, 49718.4800,  3, 584.48, 28.330000000001746
324235, 49719.9800,  3, 482.26, 29.80999999999767
324317, 49728.7700,  3, 374.68, 38.65999999999622
324433, 49755.3400,  1, 54.56, 12.32999999999447
324515, 49764.1200,  3, 505.61, 21.099999999998545
324518, 49764.4400,  3, 457.30, 21.400000000001455
324531, 49765.8400,  3, 462.79, 22.729999999995925
324532, 49765.9400,  3, 488.07, 22.869999999995343
324546, 49767.4400,  3, 511.58, 24.409999999996217
324567, 49769.6900,  3, 489.89, 26.599999999998545
324618, 49775.1600,  3, 506.92, 32.05999999999767
324787, 49807.3700,  1, 80.14, 18.010000000002037
324787, 49807.3700,  1, 120.36, 18.010000000002037
324834, 49812.4100,  3, 475.87, 23.029999999998836
324837, 49812.7300,  3, 464.25, 23.31999999999971
324842, 49813.2700,  3, 474.09, 23.900000000001455
324844, 49813.4800,  3, 513.51, 24.080000000001746
324865, 49815.7300,  3, 439.27, 26.30000000000291
324870, 49816.2700,  3, 496.90, 26.889999999999418
325070, 49851.9100,  3, 479.94, 21.330000000001746
325074, 49852.3400,  3, 490.47, 21.75
325075, 49852.4400,  3, 497.77, 21.790000000000873
325091, 49854.1600,  3, 483.59, 23.5199999999968
325106, 49855.7700,  3, 449.02, 25.090000000003783
325106, 49855.7700,  3, 516.45, 25.169999999998254
325114, 49856.6200,  3, 558.99, 26.029999999998836
325123, 49857.5900,  3, 473.80, 26.94999999999709
325187, 49878.6600,  1, -52.52, 6.760000000002037
325187, 49878.6600,  1, -33.45, 6.760000000002037
325207, 49880.8000,  1, -48.95, 8.900000000001455
325237, 49884.0200,  1, 118.50, 12.119999999995343
325237, 49884.0200,  1, 48.19, 12.119999999995343
325345, 49895.5900,  3, 425.10, 23.639999999999418
325354, 49896.5500,  3, 482.61, 24.62999999999738
325396, 49901.0500,  3, 487.98, 29.099999999998545
325429, 49919.1200,  1, -183.07, 3.4500000000043656
325495, 49926.1900,  1, 86.46, 10.520000000004075
325495, 49926.1900,  1, 66.98, 10.520000000004075
325507, 49927.4800,  1, 108.65, 11.810000000004948
325509, 49927.6900,  1, 75.17, 12.020000000004075
325509, 49927.6900,  1, 73.99, 12.020000000004075
325632, 49940.8700,  3, 532.51, 25.12000000000262
325658, 49943.6600,  1, 297.29, 27.99000000000524
325864, 49980.1200,  3, 412.22, 21.790000000000873
325867, 49980.4400,  3, 522.47, 22.12999999999738
325881, 49981.9400,  3, 542.78, 23.669999999998254
325882, 49982.0500,  3, 473.96, 23.760000000002037
325882, 49982.0500,  3, 543.91, 23.69999999999709
325884, 49982.2700,  3, 490.06, 23.919999999998254
325886, 49982.4800,  3, 500.36, 24.169999999998254
325910, 49985.0500,  3, 540.72, 26.7699999999968
326083, 50018.8700,  3, 397.25, 18.360000000000582
326114, 50022.1900,  3, 456.81, 21.720000000001164
326122, 50023.0500,  3, 452.84, 22.57999999999447
326135, 50024.4400,  3, 361.89, 23.93000000000029
326136, 50024.5500,  3, 382.16, 24.089999999996508
326152, 50026.2700,  3, 445.69, 25.729999999995925
326163, 50027.4400,  3, 557.07, 26.959999999999127
326357, 50048.2300,  3, 363.68, 47.73999999999796
326483, 50077.0500,  1, 119.79, 13.410000000003492
326483, 50077.0500,  1, 95.69, 13.410000000003492
326567, 50086.0500,  3, 475.08, 22.37000000000262
326568, 50086.1600,  3, 464.21, 22.5
326573, 50086.6900,  3, 397.09, 23.0
326622, 50091.9400,  3, 454.91, 28.260000000002037
326679, 50098.0500,  3, 354.30, 34.349999999998545
326825, 50113.6900,  2, 501.28,  50
326918, 50137.9800,  1, 42.98, 9.770000000004075
326918, 50137.9800,  1, 33.99, 9.770000000004075
326929, 50139.1600,  1, 73.85, 10.950000000004366
326932, 50139.4800,  1, 14.32, 11.270000000004075
326932, 50139.4800,  1, 56.66, 11.270000000004075
326952, 50141.6200,  1, 71.41, 13.410000000003492
327103, 50157.8000,  3, 464.00, 29.56999999999971
327152, 50163.0500,  3, 582.99, 34.81999999999971
327305, 50193.9800,  1, 71.06, 16.30000000000291
327305, 50193.9800,  1, 44.44, 16.30000000000291
327367, 50200.6200,  3, 521.38, 22.919999999998254
327384, 50202.4400,  3, 483.08, 24.68000000000029
327395, 50203.6200,  3, 482.84, 25.860000000000582
327403, 50204.4800,  3, 483.45, 26.720000000001164
327406, 50204.8000,  3, 510.06, 27.099999999998545
327526, 50217.6600,  3, 485.02, 39.970000000001164
327649, 50245.2700,  1, 47.30, 13.099999999998545
327649, 50245.2700,  1, 64.67, 13.099999999998545
327651, 50245.4800,  1, 119.54, 13.310000000004948
327651, 50245.4800,  1, 24.30, 13.310000000004948
327724, 50253.3000,  3, 427.98, 21.029999999998836
327730, 50253.9400,  3, 454.29, 21.74000000000524
327767, 50257.9100,  3, 563.38, 25.700000000004366
327772, 50258.4400,  3, 452.21, 26.25
327964, 50293.2700,  3, 479.85, 20.369999999995343
327990, 50296.0500,  3, 416.42, 23.139999999999418
327992, 50296.2700,  3, 447.04, 23.439999999995052
328002, 50297.3400,  3, 529.67, 24.43000000000029
328022, 50299.4800,  3, 455.18, 26.599999999998545
328031, 50300.4400,  3, 500.17, 27.56999999999971
328038, 50301.1900,  3, 559.49, 28.30999999999767
328129, 50310.9400,  3, 355.37, 38.07999999999447
328201, 50332.9100,  1, -46.35, 7.630000000004657
328201, 50332.9100,  1, -54.90, 7.630000000004657
328314, 50345.0200,  1, 165.56, 19.739999999997963
328328, 50346.5200,  3, 410.13, 21.19000000000233
328334, 50347.1600,  3, 438.34, 21.80999999999767
328350, 50348.8700,  3, 366.29, 23.529999999998836
328368, 50350.8000,  3, 594.15, 25.489999999997963
328404, 50354.6600,  3, 409.24, 29.340000000003783
328551, 50384.9100,  1, 193.31, 15.650000000001455
328551, 50384.9100,  1, 100.55, 15.650000000001455
328631, 50393.4800,  3, 495.26, 24.18000000000029
328651, 50395.6200,  3, 496.40, 26.299999999995634
328678, 50398.5200,  3, 471.87, 29.209999999999127
328679, 50398.6200,  3, 514.82, 29.32999999999447
328683, 50399.0500,  3, 448.64, 29.75
328818, 50413.5200,  3, 419.21, 44.23999999999796
328923, 50438.9100,  1, 41.52, 11.150000000001455
328923, 50438.9100,  1, 81.95, 11.150000000001455
329024, 50449.7300,  3, 424.88, 21.93000000000029
329073, 50454.9800,  3, 555.21, 27.19999999999709
329085, 50456.2700,  3, 434.11, 28.439999999995052
329086, 50456.3700,  3, 469.87, 28.50999999999476
329091, 50456.9100,  3, 502.62, 29.110000000000582
329162, 50464.5200,  3, 451.19, 36.720000000001164
329374, 50501.5200,  3, 465.84, 22.5199999999968
329382, 50502.3700,  3, 462.65, 23.439999999995052
329384, 50502.5900,  3, 404.00, 23.68000000000029
329397, 50503.9800,  3, 370.74, 25.049999999995634
329440, 50508.5900,  3, 580.31, 29.62999999999738
329442, 50508.8000,  3, 453.52, 29.81999999999971
329443, 50508.9100,  3, 499.56, 29.979999999995925
329449, 50509.5500,  3, 390.38, 30.580000000001746
329551, 50534.6600,  1, 37.53, 10.820000000006985
329556, 50535.1900,  1, 96.68, 11.35000000000582
329557, 50535.3000,  1, 81.76, 11.460000000006403
329557, 50535.3000,  1, 106.60, 11.460000000006403
329666, 50546.9800,  3, 469.50, 23.090000000003783
329674, 50547.8400,  3, 427.42, 23.93000000000029
329700, 50550.6200,  3, 540.26, 26.760000000002037
329728, 50553.6200,  3, 434.00, 29.74000000000524
329794, 50575.1900,  1, -13.59, 6.970000000001164
329794, 50575.1900,  1, -64.64, 6.970000000001164
329844, 50580.5500,  1, -10.71, 12.330000000001746
329862, 50582.4800,  1, 70.46, 14.260000000002037
329973, 50594.3700,  3, 521.16, 26.080000000001746
329977, 50594.8000,  3, 505.60, 26.56999999999971
329996, 50596.8400,  3, 514.82, 28.5199999999968
330008, 50598.1200,  3, 579.69, 29.81999999999971
330238, 50637.2300,  3, 421.95, 24.510000000002037
330248, 50638.3000,  3, 579.62, 25.580000000001746
330254, 50638.9400,  3, 523.02, 26.19000000000233
330266, 50640.2300,  3, 516.84, 27.459999999999127
330281, 50641.8400,  3, 487.68, 29.150000000001455
330285, 50642.2700,  3, 598.58, 29.529999999998836
330292, 50643.0200,  3, 425.34, 30.25
330464, 50661.4400,  3, 528.58, 48.75
330600, 50690.3000,  1, 81.37, 14.470000000001164
330600, 50690.3000,  1, 56.27, 14.470000000001164
330665, 50697.2700,  3, 510.11, 21.369999999995343
330673, 50698.1200,  3, 511.40, 22.19999999999709
330701, 50701.1200,  3, 557.71, 25.209999999999127
330739, 50705.1900,  1, 190.77, 29.360000000000582
330741, 50705.4100,  3, 425.62, 29.5
330785, 50710.1200,  3, 618.08, 34.20999999999913
330960, 50743.1200,  3, 415.21, 18.55999999999767
330961, 50743.2300,  1, 173.41, 18.75
330961, 50743.2300,  1, 247.27, 18.75
330983, 50745.5900,  3, 411.10, 21.00999999999476
330992, 50746.5500,  3, 491.40, 22.05999999999767
331031, 50750.7300,  3, 513.81, 26.139999999999418
331047, 50752.4400,  3, 536.70, 27.89999999999418
331132, 50761.5500,  3, 422.33, 36.98999999999796
331193, 50782.2300,  1, -46.97, 6.430000000000291
331193, 50782.2300,  1, -33.74, 6.430000000000291
331208, 50783.8400,  1, -3.24, 8.039999999993597
331208, 50783.8400,  1, -2.38, 8.039999999993597
331333, 50797.2300,  3, 486.55, 21.389999999999418
331345, 50798.5200,  3, 495.07, 22.669999999998254
331347, 50798.7300,  3, 491.68, 22.860000000000582
331352, 50799.2700,  3, 543.92, 23.39999999999418
331423, 50821.3700,  1, -23.96, 7.5
331423, 50821.3700,  1, -13.64, 7.5
331547, 50834.6600,  3, 434.30, 20.7699999999968
331565, 50836.5900,  3, 470.91, 22.62999999999738
331566, 50836.6900,  1, 236.82, 22.81999999999971
331566, 50836.6900,  1, 248.16, 22.81999999999971
331594, 50839.6900,  3, 492.97, 25.799999999995634
331604, 50840.7700,  3, 491.59, 26.799999999995634
331727, 50868.1200,  1, 94.58, 13.060000000004948
331727, 50868.1200,  1, 85.84, 13.060000000004948
331819, 50877.9800,  3, 413.04, 22.900000000001455
331848, 50881.0900,  3, 555.57, 25.93000000000029
331850, 50881.3000,  3, 463.95, 26.200000000004366
331850, 50881.3000,  3, 542.84, 26.200000000004366
331859, 50882.2700,  3, 440.89, 27.19000000000233
331884, 50884.9400,  3, 598.19, 29.790000000000873
332073, 50919.4100,  3, 495.51, 20.060000000004948
332084, 50920.5900,  3, 463.74, 21.280000000006112
332088, 50921.0200,  3, 468.81, 21.74000000000524
332100, 50922.3000,  3, 501.01, 22.960000000006403
332115, 50923.9100,  3, 487.20, 24.560000000004948
332133, 50925.8400,  3, 519.32, 26.5
332145, 50927.1200,  3, 486.40, 27.790000000000873
332250, 50938.3700,  3, 634.80, 39.04000000000087
332376, 50967.0200,  1, 126.91, 13.39999999999418
332376, 50967.0200,  1, 149.44, 13.39999999999418
332434, 50973.2300,  1, 80.63, 19.610000000000582
332436, 50973.4400,  3, 471.96, 19.729999999995925
332491, 50979.3400,  3, 483.47, 25.659999999996217
332512, 50981.5900,  3, 544.52, 27.87999999999738
332525, 50982.9800,  3, 493.22, 29.349999999998545
332533, 50983.8400,  3, 567.34, 30.119999999995343
332654, 51011.9400,  1, 77.95, 12.85000000000582
332654, 51011.9400,  1, 46.78, 12.85000000000582
332747, 51021.9100,  3, 462.86, 22.75
332766, 51023.9400,  3, 475.06, 24.780000000006112
332808, 51028.4400,  3, 513.03, 29.290000000000873
332823, 51030.0500,  3, 458.05, 30.910000000003492
332849, 51032.8400,  3, 629.82, 33.68000000000029
332899, 51038.1900,  3, 553.27, 39.04000000000087
332995, 51062.7300,  1, 75.05, 10.200000000004366
332999, 51063.1600,  1, 25.21, 10.630000000004657
332999, 51063.1600,  1, 75.03, 10.630000000004657
333076, 51071.4100,  3, 373.93, 18.80000000000291
333088, 51072.6900,  3, 486.17, 20.080000000001746
333123, 51076.4400,  3, 539.03, 23.80999999999767
333132, 51077.4100,  3, 478.95, 24.80999999999767
333178, 51082.3400,  3, 611.67, 29.770000000004075
333243, 51103.5900,  1, -21.10, 6.859999999993306
333243, 51103.5900,  1, 6.89, 6.859999999993306
333244, 51103.6900,  1, -6.86, 6.959999999999127
333244, 51103.6900,  1, -56.55, 6.959999999999127
333282, 51107.7700,  1, 76.32, 11.039999999993597
333282, 51107.7700,  1, 94.89, 11.039999999993597
333404, 51120.8400,  3, 498.35, 24.049999999995634
333417, 51122.2300,  3, 440.33, 25.419999999998254
333496, 51145.2300,  1, 2.70, 8.37000000000262
333496, 51145.2300,  1, 39.75, 8.37000000000262
333514, 51147.1600,  1, 68.13, 10.30000000000291
333560, 51152.0900,  1, 137.63, 15.229999999995925
333560, 51152.0900,  1, 45.31, 15.229999999995925
333643, 51160.9800,  3, 437.06, 24.06999999999971
333649, 51161.6200,  3, 537.20, 24.709999999999127
333660, 51162.8000,  3, 398.80, 25.87000000000262
333795, 51192.7700,  1, 166.85, 14.359999999993306
333795, 51192.7700,  1, 61.21, 14.359999999993306
333845, 51198.1200,  3, 417.98, 19.64999999999418
333847, 51198.3400,  3, 478.07, 19.89999999999418
333851, 51198.7700,  3, 462.56, 20.279999999998836
333887, 51202.6200,  3, 524.91, 24.159999999996217
333888, 51202.7300,  3, 484.82, 24.2699999999968
333908, 51204.8700,  3, 485.25, 26.369999999995343
334083, 51237.6600,  1, 225.04, 18.67000000000553
334083, 51237.6600,  1, 201.74, 18.67000000000553
334117, 51241.3000,  3, 443.89, 22.260000000002037
334118, 51241.4100,  3, 433.09, 22.340000000003783
334144, 51244.1900,  3, 471.57, 25.099999999998545
334147, 51244.5200,  3, 519.00, 25.49000000000524
334172, 51247.1900,  3, 455.24, 28.110000000000582
334190, 51249.1200,  3, 592.81, 30.090000000003783
334281, 51273.1200,  1, 44.85, 9.660000000003492
334281, 51273.1200,  1, 72.71, 9.660000000003492
334373, 51282.9800,  3, 447.72, 19.489999999997963
334413, 51287.2700,  3, 439.03, 23.80000000000291
334432, 51289.3000,  3, 488.67, 25.75
334442, 51290.3700,  3, 498.00, 26.80999999999767
334447, 51290.9100,  3, 410.52, 27.37999999999738
334514, 51298.0900,  3, 459.11, 34.54000000000087
334599, 51321.2300,  1, 36.84, 9.0
334637, 51325.3000,  1, 100.89, 13.069999999999709
334653, 51327.0200,  1, 131.98, 14.789999999993597
334723, 51334.5200,  3, 512.34, 22.2699999999968
334726, 51334.8400,  3, 485.60, 22.5199999999968
334728, 51335.0500,  3, 484.69, 22.739999999997963
334767, 51339.2300,  3, 527.52, 26.89999999999418
334788, 51341.4800,  3, 529.94, 29.239999999997963
334990, 51377.2300,  3, 498.41, 21.5199999999968
335002, 51378.5200,  3, 477.05, 22.7699999999968
335028, 51381.3000,  3, 529.84, 25.540000000000873
335052, 51383.8700,  3, 510.18, 28.110000000000582
335055, 51384.1900,  3, 490.79, 28.4800000000032
335057, 51384.4100,  3, 496.19, 28.62000000000262
335069, 51385.6900,  3, 508.31, 29.959999999999127
335071, 51385.9100,  3, 501.62, 30.19999999999709
335158, 51409.4100,  1, 41.27, 9.210000000006403
335180, 51411.7700,  1, 101.39, 11.569999999999709
335180, 51411.7700,  1, 79.86, 11.569999999999709
335256, 51419.9100,  3, 417.91, 19.610000000000582
335271, 51421.5200,  3, 513.09, 21.270000000004075
335280, 51422.4800,  3, 470.22, 22.2300000000032
335327, 51427.5200,  3, 421.59, 27.220000000001164
335350, 51429.9800,  3, 551.11, 29.7300000000032
335546, 51466.0900,  3, 405.49, 20.82999999999447
335552, 51466.7300,  3, 482.67, 21.44999999999709
335568, 51468.4400,  3, 471.72, 23.19999999999709
335590, 51470.8000,  3, 533.96, 25.549999999995634
335599, 51471.7700,  3, 578.40, 26.55999999999767
335607, 51472.6200,  3, 504.35, 27.339999999996508
335628, 51474.8700,  3, 498.17, 29.659999999996217
335632, 51475.3000,  3, 529.73, 30.07999999999447
335831, 51510.5900,  3, 486.61, 21.110000000000582
335833, 51510.8000,  3, 424.44, 21.37999999999738
335842, 51511.7700,  3, 479.65, 22.290000000000873
335857, 51513.3700,  3, 459.40, 23.969999999993888
335866, 51514.3400,  3, 474.18, 24.919999999998254
335872, 51514.9800,  3, 430.64, 25.599999999998545
335885, 51516.3700,  3, 577.75, 26.909999999996217
335898, 51517.7700,  3, 483.99, 28.290000000000873
335954, 51538.1200,  1, -56.22, 5.889999999999418
335954, 51538.1200,  1, -56.69, 5.889999999999418
336105, 51554.3000,  3, 444.54, 22.039999999993597
336119, 51555.8000,  3, 500.64, 23.549999999995634
336153, 51559.4400,  3, 560.24, 27.169999999998254
336164, 51560.6200,  3, 572.12, 28.339999999996508
336176, 51561.9100,  3, 442.28, 29.57999999999447
336316, 51576.9100,  3, 514.70, 44.63999999999942
336435, 51603.9100,  1, 87.15, 12.650000000001455
336435, 51603.9100,  1, 106.38, 12.650000000001455
336436, 51604.0200,  1, 126.54, 12.759999999994761
336501, 51610.9800,  3, 445.75, 19.62999999999738
336535, 51614.6200,  3, 560.08, 23.30999999999767
336546, 51615.8000,  3, 504.77, 24.439999999995052
336564, 51617.7300,  3, 414.72, 26.419999999998254
336572, 51618.5900,  3, 502.39, 27.30999999999767
336656, 51641.6600,  1, 27.29, 8.890000000006694
336656, 51641.6600,  1, 15.66, 8.890000000006694
336767, 51653.5500,  3, 438.01, 20.68000000000029
336777, 51654.6200,  3, 522.68, 21.81999999999971
336796, 51656.6600,  3, 441.48, 23.880000000004657
336801, 51657.1900,  3, 517.44, 24.390000000006694
336803, 51657.4100,  3, 493.95, 24.530000000006112
336823, 51659.5500,  3, 583.75, 26.720000000001164
336930, 51685.2300,  1, 12.89, 11.37000000000262
337035, 51696.4800,  3, 487.89, 22.5199999999968
337043, 51697.3400,  3, 496.89, 23.419999999998254
337052, 51698.3000,  3, 436.21, 24.419999999998254
337058, 51698.9400,  3, 554.76, 25.05000000000291
337071, 51700.3400,  3, 525.57, 26.419999999998254
337072, 51700.4400,  3, 522.73, 26.55000000000291
337127, 51706.3400,  3, 483.93, 32.43000000000029
337251, 51733.7700,  1, 60.81, 13.180000000000291
337311, 51740.1900,  1, 237.48, 19.60000000000582
337311, 51740.1900,  1, 103.24, 19.60000000000582
337322, 51741.3700,  3, 438.73, 20.720000000001164
337327, 51741.9100,  3, 499.50, 21.310000000004948
337328, 51742.0200,  3, 433.26, 21.410000000003492
337365, 51745.9800,  3, 508.03, 25.30000000000291
337416, 51751.4400,  3, 577.60, 30.840000000003783
337514, 51776.4100,  1, -8.21, 10.390000000006694
337559, 51781.2300,  1, 95.57, 15.210000000006403
337612, 51786.9100,  3, 449.63, 20.880000000004657
337653, 51791.3000,  3, 541.90, 25.18000000000029
337660, 51792.0500,  3, 493.59, 25.99000000000524
337660, 51792.0500,  3, 439.16, 25.99000000000524
337689, 51795.1600,  3, 437.95, 29.05000000000291
337713, 51797.7300,  3, 581.41, 31.650000000001455
337924, 51834.4800,  3, 445.37, 22.470000000001164
337940, 51836.1900,  3, 515.29, 24.12999999999738
337969, 51839.3000,  3, 481.28, 27.239999999997963
337987, 51841.2300,  3, 484.78, 29.220000000001164
337988, 51841.3400,  3, 519.29, 29.299999999995634
337991, 51841.6600,  3, 422.63, 29.589999999996508
338004, 51843.0500,  3, 543.62, 31.0199999999968
338036, 51846.4800,  3, 651.39, 34.479999999995925
338148, 51873.4400,  1, 69.45, 11.880000000004657
338148, 51873.4400,  1, 25.27, 11.880000000004657
338154, 51874.0900,  1, 104.62, 12.529999999998836
338154, 51874.0900,  1, 134.08, 12.529999999998836
338255, 51884.9100,  3, 384.85, 23.260000000002037
338267, 51886.1900,  3, 523.58, 24.560000000004948
338328, 51892.7300,  3, 572.04, 31.12000000000262
338329, 51892.8400,  3, 599.41, 31.2300000000032
338483, 51923.8700,  1, 156.16, 16.410000000003492
338483, 51923.8700,  1, 101.51, 16.410000000003492
338516, 51927.4100,  3, 463.02, 19.919999999998254
338547, 51930.7300,  3, 510.37, 23.239999999997963
338573, 51933.5200,  3, 492.84, 25.950000000004366
338578, 51934.0500,  3, 514.11, 26.529999999998836
338581, 51934.3700,  3, 464.66, 26.889999999999418
338600, 51936.4100,  3, 572.06, 28.93000000000029
338786, 51970.7700,  3, 441.86, 19.75
338810, 51973.3400,  3, 468.21, 22.360000000000582
338822, 51974.6200,  3, 502.66, 23.660000000003492
338823, 51974.7300,  3, 418.18, 23.700000000004366
338843, 51976.8700,  3, 583.36, 25.889999999999418
338844, 51976.9800,  3, 474.42, 26.020000000004075
338899, 51982.8700,  3, 513.33, 31.94000000000233
338910, 51984.0500,  3, 503.66, 33.06000000000495
338999, 52008.0900,  1, 43.44, 9.429999999993015
339045, 52013.0200,  1, 61.23, 14.359999999993306
339115, 52020.5200,  3, 470.29, 21.82999999999447
339119, 52020.9400,  3, 468.86, 22.25999999999476
339125, 52021.5900,  3, 424.28, 22.909999999996217
339127, 52021.8000,  3, 503.81, 23.039999999993597
339132, 52022.3400,  3, 510.76, 23.599999999998545
339153, 52024.5900,  3, 500.67, 25.849999999998545
339255, 52049.6900,  1, 58.04, 10.840000000003783
339255, 52049.6900,  1, 60.85, 10.840000000003783
339354, 52060.3000,  3, 469.51, 21.44000000000233
339358, 52060.7300,  3, 428.04, 21.87000000000262
339368, 52061.8000,  3, 400.23, 22.900000000001455
339384, 52063.5200,  3, 501.22, 24.630000000004657
339415, 52066.8400,  3, 534.05, 27.919999999998254
339489, 52074.7700,  3, 449.54, 35.88000000000466
339669, 52108.2700,  3, 439.30, 19.080000000001746
339692, 52110.7300,  3, 430.79, 21.549999999995634
339692, 52110.7300,  3, 444.15, 21.619999999995343
339695, 52111.0500,  3, 475.00, 21.909999999996217
339698, 52111.3700,  3, 498.92, 22.279999999998836
339730, 52114.8000,  3, 512.02, 25.659999999996217
339752, 52117.1600,  3, 541.43, 28.06999999999971
339767, 52118.7700,  3, 512.43, 29.599999999998545
339863, 52143.1900,  1, 37.86, 10.190000000002328
339863, 52143.1900,  1, 37.88, 10.190000000002328
339889, 52145.9800,  1, 103.70, 12.980000000003201
339889, 52145.9800,  1, 120.49, 12.980000000003201
339955, 52153.0500,  3, 439.19, 20.029999999998836
340005, 52158.4100,  3, 463.88, 25.360000000000582
340006, 52158.5200,  3, 429.59, 25.44999999999709
340020, 52160.0200,  3, 415.18, 26.919999999998254
340127, 52185.8700,  1, 87.16, 11.360000000000582
340127, 52185.8700,  1, 10.62, 11.360000000000582
340140, 52187.2700,  1, 62.01, 12.759999999994761
340190, 52192.6200,  1, 175.35, 18.110000000000582
340190, 52192.6200,  1, 111.66, 18.110000000000582
340261, 52200.2300,  3, 508.77, 25.669999999998254
340269, 52201.0900,  3, 464.39, 26.529999999998836
340302, 52204.6200,  3, 536.11, 30.040000000000873
340465, 52236.4800,  1, 108.92, 17.380000000004657
340465, 52236.4800,  1, 36.88, 17.380000000004657
340497, 52239.9100,  3, 405.33, 20.75
340517, 52242.0500,  3, 422.51, 22.919999999998254
340525, 52242.9100,  3, 434.15, 23.760000000002037
340533, 52243.7700,  3, 448.77, 24.650000000001455
340548, 52245.3700,  3, 512.55, 26.200000000004366
340665, 52257.9100,  3, 517.37, 38.76000000000204
340880, 52295.2300,  3, 414.02, 22.889999999999418
340883, 52295.5500,  3, 424.08, 23.169999999998254
340892, 52296.5200,  3, 464.40, 24.14999999999418
340907, 52298.1200,  3, 529.85, 25.7699999999968
340932, 52300.8000,  3, 544.81, 28.409999999996217
340949, 52302.6200,  3, 505.16, 30.2699999999968
340958, 52303.5900,  3, 580.15, 31.19999999999709
340962, 52304.0200,  3, 480.45, 31.64999999999418
341070, 52329.8700,  1, 55.83, 11.459999999999127
341070, 52329.8700,  1, 77.54, 11.459999999999127
341165, 52340.0500,  3, 423.40, 21.55999999999767
341180, 52341.6600,  3, 481.01, 23.219999999993888
341181, 52341.7700,  3, 391.40, 23.339999999996508
341188, 52342.5200,  3, 481.96, 24.06999999999971
341190, 52342.7300,  3, 379.93, 24.209999999999127
341226, 52346.5900,  3, 538.62, 28.06999999999971
341301, 52368.7300,  1, -17.51, 7.930000000000291
341301, 52368.7300,  1, -11.00, 7.930000000000291
341332, 52372.0500,  1, 68.51, 11.25
341332, 52372.0500,  1, 104.04, 11.25
341422, 52381.6900,  3, 461.04, 20.839999999996508
341464, 52386.1900,  3, 431.77, 25.37999999999738
341475, 52387.3700,  3, 414.95, 26.549999999995634
341507, 52390.8000,  3, 630.15, 29.89999999999418
341553, 52410.0900,  1, -135.88, 4.819999999999709
341705, 52426.3700,  3, 415.50, 21.010000000002037
341707, 52426.5900,  3, 454.08, 21.220000000001164
341717, 52427.6600,  3, 424.26, 22.360000000000582
341725, 52428.5200,  3, 482.33, 23.210000000006403
341727, 52428.7300,  3, 442.28, 23.360000000000582
341740, 52430.1200,  3, 451.87, 24.830000000001746
341810, 52437.6200,  3, 451.79, 32.29000000000087
342037, 52476.2700,  3, 490.75, 24.160000000003492
342050, 52477.6600,  3, 451.82, 25.520000000004075
342058, 52478.5200,  3, 564.15, 26.35000000000582
342065, 52479.2700,  3, 506.70, 27.18000000000029
342065, 52479.2700,  3, 531.86, 27.17000000000553
342076, 52480.4400,  3, 513.02, 28.31999999999971
342079, 52480.7700,  3, 529.29, 28.660000000003492
342218, 52495.6600,  3, 471.62, 43.5
342409, 52531.4100,  1, 95.63, 20.35000000000582
342417, 52532.2700,  3, 432.83, 21.10000000000582
342426, 52533.2300,  3, 501.67, 22.160000000003492
342445, 52535.2700,  3, 510.09, 24.150000000001455
342451, 52535.9100,  3, 527.69, 24.760000000002037
342490, 52540.0900,  3, 535.31, 28.959999999999127
342490, 52540.0900,  3, 631.65, 28.99000000000524
342496, 52540.7300,  3, 482.65, 29.62000000000262
342611, 52567.2700,  1, 52.97, 12.239999999997963
342611, 52567.2700,  1, 32.00, 12.239999999997963
342620, 52568.2300,  1, 55.13, 13.200000000004366
342620, 52568.2300,  1, 73.42, 13.200000000004366
342624, 52568.6600,  1, 99.11, 13.630000000004657
342682, 52574.8700,  3, 464.54, 19.760000000002037
342731, 52580.1200,  3, 480.70, 25.05000000000291
342732, 52580.2300,  3, 542.48, 25.099999999998545
342850, 52607.3700,  1, 54.92, 12.530000000006112
342850, 52607.3700,  1, 97.22, 12.530000000006112
342949, 52617.9800,  3, 510.28, 23.060000000004948
342989, 52622.2700,  3, 547.12, 27.410000000003492
342992, 52622.5900,  3, 555.29, 27.650000000001455
342994, 52623.0000,  3, 392.66, 28.05000000000291
342994, 52623.0000,  3, 469.75, 28.05000000000291
343000, 52623.6600,  3, 481.20, 28.74000000000524
343126, 52651.5200,  1, 98.66, 13.419999999998254
343126, 52651.5200,  1, 126.00, 13.419999999998254
343130, 52651.9400,  1, 40.25, 13.840000000003783
343130, 52651.9400,  1, 154.15, 13.840000000003783
343145, 52653.5500,  1, 58.10, 15.450000000004366
343194, 52658.8000,  3, 458.17, 20.68000000000029
343196, 52659.0200,  3, 507.93, 20.889999999999418
343228, 52662.4400,  3, 496.08, 24.290000000000873
343419, 52697.1900,  3, 463.20, 20.2699999999968
343423, 52697.6200,  3, 473.02, 20.779999999998836
343424, 52697.7300,  3, 495.57, 20.87999999999738
343448, 52700.3000,  3, 504.58, 23.37999999999738
343456, 52701.1600,  3, 493.76, 24.25
343461, 52701.6900,  3, 442.39, 24.860000000000582
343470, 52702.6600,  3, 584.68, 25.779999999998836
343521, 52708.1200,  3, 539.86, 31.25
343540, 52724.4400,  1, -159.53, 1.9400000000023283
343626, 52733.6600,  1, 36.16, 11.160000000003492
343626, 52733.6600,  1, -3.68, 11.160000000003492
343737, 52745.5500,  3, 472.55, 23.029999999998836
343742, 52746.0900,  3, 497.67, 23.580000000001746
343775, 52749.6200,  3, 515.25, 27.080000000001746
343775, 52749.6200,  3, 500.39, 27.099999999998545
343793, 52751.5500,  3, 583.51, 29.0
343891, 52776.3000,  1, 23.38, 10.410000000003492
343973, 52785.0900,  3, 442.25, 19.169999999998254
344010, 52789.0500,  3, 445.67, 23.06999999999971
344018, 52789.9100,  3, 452.27, 23.989999999997963
344023, 52790.4400,  3, 447.82, 24.470000000001164
344026, 52790.7700,  3, 524.72, 24.779999999998836
344039, 52792.1600,  3, 461.86, 26.209999999999127
344071, 52795.5900,  3, 438.94, 29.62999999999738
344257, 52829.5900,  3, 429.24, 19.74000000000524
344276, 52831.6200,  3, 436.40, 21.770000000004075
344279, 52831.9400,  3, 527.69, 22.140000000006694
344326, 52836.9800,  3, 440.94, 27.200000000004366
344335, 52837.9400,  3, 469.01, 28.110000000000582
344347, 52839.2300,  1, 371.33, 29.460000000006403
344348, 52839.3400,  3, 523.96, 29.55000000000291
344349, 52839.4400,  3, 398.03, 29.650000000001455
344414, 52860.7700,  1, -36.79, 6.879999999997381
344472, 52866.9800,  1, 64.17, 13.090000000003783
344533, 52873.5200,  3, 474.45, 19.55000000000291
344578, 52878.3400,  3, 503.60, 24.389999999999418
344602, 52880.9100,  3, 488.21, 26.93000000000029
344605, 52881.2300,  3, 470.47, 27.30999999999767
344612, 52881.9800,  3, 492.38, 28.010000000002037
344619, 52882.7300,  3, 501.40, 28.830000000001746
344819, 52918.3000,  3, 436.86, 21.229999999995925
344822, 52918.6200,  3, 347.87, 21.589999999996508
344826, 52919.0500,  3, 488.24, 22.029999999998836
344831, 52919.5900,  3, 370.16, 22.55999999999767
344868, 52923.5500,  3, 430.96, 26.5
344874, 52924.1900,  3, 478.29, 27.169999999998254
344877, 52924.5200,  3, 500.21, 27.479999999995925
345010, 52938.7700,  3, 360.72, 41.7699999999968
345138, 52967.5900,  1, 13.53, 13.62999999999738
345138, 52967.5900,  1, 78.33, 13.62999999999738
345198, 52974.0200,  3, 472.67, 20.010000000002037
345212, 52975.5200,  3, 457.24, 21.540000000000873
345216, 52975.9400,  3, 489.43, 21.950000000004366
345232, 52977.6600,  3, 482.42, 23.650000000001455
345243, 52978.8400,  3, 524.74, 24.87000000000262
345280, 52982.8000,  3, 629.02, 28.75
345424, 53012.6200,  1, -10.92, 15.319999999999709
345436, 53013.9100,  1, 51.81, 16.610000000000582
345461, 53016.5900,  3, 428.02, 19.25
345490, 53019.6900,  3, 440.91, 22.30999999999767
345496, 53020.3400,  3, 505.67, 23.029999999998836
345537, 53024.7300,  3, 502.44, 27.369999999995343
345550, 53026.1200,  3, 601.87, 28.729999999995925
345571, 53028.3700,  3, 511.37, 30.979999999995925
345745, 53061.1900,  1, 184.47, 18.529999999998836
345745, 53061.1900,  1, 241.70, 18.529999999998836
345768, 53063.6600,  3, 449.25, 20.959999999999127
345789, 53065.9100,  3, 474.16, 23.229999999995925
345800, 53067.0900,  3, 480.62, 24.409999999996217
345808, 53067.9400,  3, 495.84, 25.25999999999476
345815, 53068.6900,  3, 522.62, 25.939999999995052
345856, 53073.0900,  3, 537.57, 30.409999999996217
345988, 53101.3400,  1, 84.26, 14.059999999997672
345988, 53101.3400,  1, 50.13, 14.059999999997672
345990, 53101.5500,  1, 163.29, 14.270000000004075
346051, 53108.0900,  3, 439.76, 20.709999999999127
346058, 53108.8400,  3, 453.42, 21.489999999997963
346069, 53110.0200,  3, 495.16, 22.720000000001164
346086, 53111.8400,  3, 537.81, 24.470000000001164
346101, 53113.4400,  3, 529.02, 26.099999999998545
346245, 53143.3700,  1, 99.11, 15.340000000003783
346245, 53143.3700,  1, 51.39, 15.340000000003783
346278, 53146.9100,  3, 413.73, 18.80000000000291
346313, 53150.6600,  3, 406.87, 22.62000000000262
346333, 53152.8000,  3, 490.60, 24.739999999997963
346340, 53153.5500,  3, 525.01, 25.470000000001164
346373, 53157.0900,  3, 567.07, 28.959999999999127
346389, 53158.8000,  3, 497.59, 30.709999999999127
346546, 53189.9800,  1, 100.52, 16.710000000006403
346582, 53193.8400,  3, 438.71, 20.510000000002037
346608, 53196.6200,  3, 428.42, 23.260000000002037
346616, 53197.4800,  3, 463.41, 24.12000000000262
346638, 53199.8400,  3, 419.49, 26.520000000004075
346650, 53201.1200,  3, 496.80, 27.790000000000873
346670, 53203.2700,  3, 554.72, 29.890000000006694
346684, 53204.7700,  3, 594.71, 31.49000000000524
346761, 53227.1600,  1, 16.21, 8.150000000001455
346761, 53227.1600,  1, 14.38, 8.150000000001455
346871, 53238.9400,  3, 461.72, 19.849999999998545
346888, 53240.7700,  3, 423.67, 21.720000000001164
346918, 53243.9800,  3, 526.53, 24.87999999999738
346950, 53247.4100,  3, 549.14, 28.339999999996508
346995, 53252.2300,  3, 576.04, 33.12999999999738
347068, 53260.0500,  3, 424.39, 40.970000000001164
347245, 53293.4100,  1, 99.34, 18.87000000000262
347252, 53294.1600,  3, 452.29, 19.580000000001746
347271, 53296.1900,  3, 429.47, 21.62999999999738
347281, 53297.2700,  3, 450.50, 22.659999999996217
347285, 53297.6900,  3, 514.88, 23.12000000000262
347306, 53299.9400,  3, 549.78, 25.339999999996508
347308, 53300.1600,  3, 493.22, 25.599999999998545
347441, 53314.4100,  3, 588.97, 39.86000000000058
347553, 53340.8000,  1, 112.90, 11.910000000003492
347553, 53340.8000,  1, 76.79, 11.910000000003492
347602, 53346.0500,  1, 123.54, 17.160000000003492
347611, 53347.0200,  1, 146.69, 18.12999999999738
347631, 53349.1600,  3, 469.39, 20.260000000002037
347646, 53350.7700,  3, 434.51, 21.770000000004075
347668, 53353.1200,  3, 442.57, 24.18000000000029
347695, 53356.0200,  3, 508.60, 27.080000000001746
347802, 53381.8700,  1, 99.34, 11.37000000000262
347802, 53381.8700,  1, 17.02, 11.37000000000262
347846, 53386.5900,  1, 114.85, 16.089999999996508
347880, 53390.2300,  3, 451.18, 19.69000000000233
347913, 53393.7700,  3, 542.82, 23.19999999999709
347919, 53394.4100,  3, 505.63, 23.87999999999738
347943, 53396.9800,  3, 494.13, 26.459999999999127
347951, 53397.8400,  1, 136.81, 27.339999999996508
348059, 53423.7700,  1, 109.85, 11.459999999999127
348059, 53423.7700,  1, 82.73, 11.459999999999127
348174, 53436.0900,  3, 569.70, 23.67000000000553
348204, 53439.3000,  3, 461.47, 26.970000000001164
348210, 53439.9400,  3, 551.98, 27.560000000004948
348216, 53440.5900,  3, 557.02, 28.18000000000029
348247, 53443.9100,  3, 557.21, 31.520000000004075
348255, 53444.7700,  3, 569.57, 32.44000000000233
348377, 53472.0500,  1, 111.19, 12.960000000006403
348377, 53472.0500,  1, 116.15, 12.960000000006403
348448, 53479.6600,  3, 463.79, 20.520000000004075
348453, 53480.1900,  1, -5.82, 21.10000000000582
348461, 53481.0500,  3, 457.49, 21.87000000000262
348484, 53483.5200,  3, 532.91, 24.380000000004657
348490, 53484.1600,  3, 509.17, 24.960000000006403
348497, 53484.9100,  3, 539.14, 25.790000000000873
348565, 53506.0500,  1, 8.86, 7.180000000000291
348565, 53506.0500,  1, -49.19, 7.180000000000291
348698, 53520.3000,  3, 478.97, 21.32999999999447
348723, 53522.9800,  3, 503.21, 24.099999999998545
348724, 53523.0900,  3, 498.24, 24.119999999995343
348733, 53524.0500,  3, 589.73, 25.099999999998545
348735, 53524.2700,  3, 440.74, 25.349999999998545
348762, 53527.1600,  3, 481.54, 28.239999999997963
348873, 53554.1600,  1, 17.32, 11.80000000000291
348956, 53563.0500,  3, 451.32, 20.659999999996217
348957, 53563.1600,  3, 472.28, 20.709999999999127
348974, 53564.9800,  3, 392.05, 22.55000000000291
348977, 53565.3000,  3, 463.32, 22.909999999996217
349005, 53568.3000,  3, 443.54, 25.830000000001746
349025, 53570.4400,  3, 499.26, 28.0
349112, 53579.7700,  3, 391.98, 37.349999999998545
349158, 53598.8700,  1, -177.60, 4.8400000000037835
349254, 53609.1600,  1, 135.25, 15.130000000004657
349254, 53609.1600,  1, -8.50, 15.130000000004657
349298, 53613.8700,  3, 473.38, 19.80999999999767
349339, 53618.2700,  3, 492.67, 24.139999999999418
349341, 53618.4800,  3, 409.01, 24.400000000001455
349353, 53619.7700,  3, 506.75, 25.660000000003492
349359, 53620.4100,  3, 474.54, 26.349999999998545
349460, 53645.8000,  1, 47.00, 10.730000000003201
349464, 53646.2300,  1, 26.67, 11.160000000003492
349555, 53655.9800,  3, 471.17, 20.849999999998545
349573, 53657.9100,  3, 422.95, 22.75
349584, 53659.0900,  3, 467.85, 24.010000000002037
349592, 53659.9400,  3, 460.12, 24.840000000003783
349617, 53662.6200,  3, 520.92, 27.540000000000873
349692, 53670.6600,  3, 673.84, 35.51000000000204
349754, 53691.5200,  1, 6.82, 6.549999999995634
349754, 53691.5200,  1, 8.90, 6.549999999995634
349825, 53699.1200,  1, 123.24, 14.150000000001455
349825, 53699.1200,  1, 117.73, 14.150000000001455
349839, 53700.6200,  1, 148.72, 15.650000000001455
349904, 53707.5900,  3, 462.56, 22.5199999999968
349911, 53708.3400,  3, 565.60, 23.339999999996508
349945, 53711.9800,  3, 518.59, 26.93000000000029
350033, 53735.5500,  1, 53.06, 9.319999999999709
350033, 53735.5500,  1, 56.04, 9.319999999999709
350058, 53738.2300,  1, 60.57, 12.0
350058, 53738.2300,  1, 39.95, 12.0
350112, 53744.0200,  3, 438.18, 17.68000000000029
350154, 53748.5200,  3, 518.03, 22.229999999995925
350201, 53753.5500,  3, 554.21, 27.289999999993597
350413, 53776.2700,  2, 368.90,  50
350609, 53811.3700,  3, 440.11, 20.75
350615, 53812.0200,  3, 463.21, 21.400000000001455
350619, 53812.4400,  3, 414.62, 21.7699999999968
350631, 53813.7300,  3, 526.40, 23.06999999999971
350660, 53816.8400,  3, 543.38, 26.209999999999127
350719, 53823.1600,  3, 463.08, 32.54000000000087
350744, 53825.8400,  3, 629.73, 35.20999999999913
350879, 53840.3000,  3, 707.03, 49.70999999999913
350989, 53866.2700,  1, 127.47, 11.680000000000291
350989, 53866.2700,  1, 56.52, 11.680000000000291
351088, 53876.8700,  3, 485.99, 22.270000000004075
351124, 53880.7300,  3, 474.12, 26.10000000000582
351148, 53883.3000,  3, 443.07, 28.610000000000582
351149, 53883.4100,  3, 530.66, 28.790000000000873
351161, 53884.6900,  3, 516.27, 30.030000000006112
351222, 53891.2300,  3, 373.79, 36.61000000000058
351337, 53917.9100,  1, 75.09, 12.210000000006403
351337, 53917.9100,  1, 39.56, 12.210000000006403
351416, 53926.3700,  3, 420.91, 20.660000000003492
351423, 53927.1200,  3, 482.07, 21.330000000001746
351434, 53928.3000,  3, 507.05, 22.5
351443, 53929.2700,  3, 486.77, 23.560000000004948
351468, 53931.9400,  3, 436.05, 26.150000000001455
351500, 53935.3700,  3, 372.47, 29.660000000003492
