    15, 27.9100,  1, -505.71, 1.7199999999999989
    22, 28.6600,  1, -523.84, 2.469999999999999
    51, 31.7600,  1, -546.37, 5.57
    80, 34.8800,  1, -545.54, 8.690000000000001
   106, 37.6700,  1, -564.95, 11.48
   123, 39.4900,  1, -574.75, 13.3
   137, 40.9900,  1, -566.13, 14.8
   170, 44.5200,  1, -662.33, 18.330000000000002
   206, 63.2000,  1, -533.77, 3.6200000000000045
   210, 63.6300,  1, -536.25, 4.050000000000004
   213, 63.9500,  1, -541.70, 4.3700000000000045
   224, 65.1500,  1, -546.99, 5.570000000000007
   238, 66.6800,  1, -566.81, 7.1000000000000085
   262, 69.3100,  1, -515.51, 9.730000000000004
   277, 70.9500,  1, -550.70, 11.370000000000005
   450, 89.8700,  1, -679.95, 30.290000000000006
   502, 110.3700,  1, -533.95, 5.460000000000008
   509, 111.1400,  1, -508.68, 6.230000000000004
   514, 111.6800,  1, -541.57, 6.77000000000001
   529, 113.3300,  1, -541.05, 8.420000000000002
   594, 120.4300,  1, -601.78, 15.52000000000001
   611, 122.2900,  1, -488.69, 17.38000000000001
   618, 123.0600,  1, -517.68, 18.150000000000006
   655, 127.2200,  1, -448.72, 22.310000000000002
   705, 148.3300,  1, -547.35, 5.25
   705, 148.3300,  1, -552.61, 5.25
   707, 148.5500,  1, -499.62, 5.469999999999999
   713, 149.2100,  1, -564.89, 6.1299999999999955
   734, 151.5100,  1, -481.82, 8.429999999999978
   811, 159.9300,  1, -619.75, 16.849999999999994
   819, 160.8000,  1, -558.27, 17.72
   935, 173.4900,  1, -578.44, 30.409999999999997
   969, 192.2100,  1, -534.60, 3.5
   986, 194.0700,  1, -546.88, 5.359999999999985
   992, 194.7200,  1, -513.51, 6.009999999999991
   999, 195.4900,  1, -564.69, 6.780000000000001
  1028, 198.6600,  1, -566.62, 9.949999999999989
  1031, 198.9900,  1, -572.65, 10.280000000000001
  1070, 203.2600,  1, -576.26, 14.549999999999983
  1072, 203.4700,  1, -526.93, 14.759999999999991
  1089, 220.2600,  1, -511.86, 1.6399999999999864
  1121, 223.7600,  1, -547.04, 5.139999999999986
  1128, 224.5200,  1, -553.05, 5.900000000000006
  1152, 227.1500,  1, -527.66, 8.530000000000001
  1162, 228.2400,  1, -588.24, 9.620000000000005
  1164, 228.4600,  1, -535.42, 9.840000000000003
  1226, 235.2400,  1, -564.58, 16.620000000000005
  1266, 239.6100,  1, -588.70, 20.99000000000001
  1309, 258.8300,  1, -534.33, 4.349999999999994
  1313, 259.2500,  1, -526.56, 4.77000000000001
  1318, 259.7700,  1, -532.52, 5.289999999999992
  1325, 260.5000,  1, -554.57, 6.02000000000001
  1325, 260.5000,  1, -556.19, 6.02000000000001
  1363, 264.4600,  1, -571.59, 9.97999999999999
  1441, 272.5800,  1, -618.25, 18.099999999999994
  1480, 276.6500,  1, -624.25, 22.169999999999987
  1524, 296.0600,  1, -537.82, 4.470000000000027
  1534, 297.1000,  1, -546.22, 5.510000000000048
  1554, 299.1800,  1, -562.40, 7.590000000000032
  1555, 299.2900,  1, -571.00, 7.7000000000000455
  1599, 303.8700,  1, -575.22, 12.28000000000003
  1646, 308.7700,  1, -599.55, 17.180000000000007
  1655, 309.7100,  1, -606.15, 18.120000000000005
  1693, 313.6600,  1, -607.02, 22.07000000000005
  1746, 333.8100,  1, -552.56, 5.319999999999993
  1758, 335.0600,  1, -547.36, 6.569999999999993
  1762, 335.4700,  1, -533.42, 6.980000000000018
  1776, 336.9300,  1, -548.23, 8.439999999999998
  1784, 337.7700,  1, -522.64, 9.279999999999973
  1789, 338.2900,  1, -580.20, 9.800000000000011
  1860, 345.6800,  1, -500.44, 17.189999999999998
  1987, 358.9100,  1, -618.22, 30.420000000000016
  2004, 375.5400,  1, -509.04, 1.5699999999999932
  2042, 379.5000,  1, -520.52, 5.529999999999973
  2052, 380.5400,  1, -560.95, 6.569999999999993
  2054, 380.7500,  1, -560.81, 6.779999999999973
  2055, 380.8500,  1, -493.60, 6.8799999999999955
  2058, 381.1600,  1, -539.09, 7.189999999999998
  2081, 383.5600,  1, -569.26, 9.589999999999975
  2114, 387.0000,  1, -567.07, 13.029999999999973
  2146, 405.0800,  1, -523.55, 3.1299999999999955
  2153, 405.8100,  1, -536.94, 3.8600000000000136
  2179, 408.5200,  1, -546.22, 6.569999999999993
  2190, 409.6600,  1, -556.55, 7.710000000000036
  2195, 410.1800,  1, -565.01, 8.230000000000018
  2237, 414.5600,  1, -594.14, 12.610000000000014
  2256, 416.5400,  1, -613.63, 14.590000000000032
  2273, 418.3100,  1, -570.15, 16.360000000000014
  2315, 438.4700,  1, -518.67, 4.170000000000016
  2324, 439.4100,  1, -549.46, 5.110000000000014
  2327, 439.7200,  1, -541.56, 5.420000000000016
  2330, 440.0400,  1, -561.42, 5.740000000000009
  2365, 443.6800,  1, -574.24, 9.379999999999995
  2368, 444.0000,  1, -555.50, 9.699999999999989
  2379, 445.1500,  1, -549.18, 10.849999999999966
  2547, 462.6500,  1, -644.68, 28.349999999999966
  2579, 480.7200,  1, -518.63, 3.2200000000000273
  2585, 481.3500,  1, -533.39, 3.8500000000000227
  2599, 482.8100,  1, -535.90, 5.310000000000002
  2617, 484.6800,  1, -512.71, 7.180000000000007
  2619, 484.9000,  1, -560.88, 7.399999999999977
  2669, 490.1000,  1, -611.54, 12.600000000000023
  2786, 502.2900,  1, -663.43, 24.79000000000002
  2799, 503.6500,  1, -567.64, 26.149999999999977
  2817, 520.0300,  1, -506.09, 1.6399999999999864
  2923, 530.9400,  1, -538.33, 12.550000000000068
  3003, 539.1800,  1, -572.85, 20.789999999999964
  3005, 539.3800,  1, -632.37, 20.99000000000001
  3017, 540.6100,  1, -609.56, 22.220000000000027
  3021, 541.0300,  1, -630.51, 22.639999999999986
  3077, 546.8000,  1, -689.16, 28.409999999999968
  3195, 558.9400,  1, -562.12, 40.55000000000007
  3233, 577.6800,  1, -534.41, 3.7099999999999227
  3240, 578.4000,  1, -537.38, 4.42999999999995
  3247, 579.1100,  1, -545.86, 5.139999999999986
  3258, 580.2500,  1, -550.78, 6.279999999999973
  3262, 580.6600,  1, -554.46, 6.689999999999941
  3268, 581.2800,  1, -560.82, 7.309999999999945
  3276, 582.1000,  1, -531.88, 8.129999999999995
  3294, 583.9500,  1, -578.07, 9.980000000000018
  3335, 602.9400,  1, -525.47, 4.010000000000105
  3353, 604.8000,  1, -545.80, 5.8700000000000045
  3373, 606.8500,  1, -570.64, 7.920000000000073
  3393, 608.9100,  1, -591.31, 9.980000000000018
  3394, 609.0100,  1, -580.71, 10.080000000000041
  3401, 609.7300,  1, -589.30, 10.800000000000068
  3438, 613.5500,  1, -623.71, 14.620000000000005
  3477, 617.5600,  1, -550.23, 18.629999999999995
  3518, 637.4500,  1, -537.81, 4.009999999999991
  3542, 639.9300,  1, -550.28, 6.489999999999895
  3563, 642.0800,  1, -537.79, 8.639999999999986
  3572, 643.0100,  1, -548.61, 9.569999999999936
  3590, 644.8600,  1, -596.29, 11.419999999999959
  3635, 649.5000,  1, -587.65, 16.059999999999945
  3659, 651.9600,  1, -678.60, 18.519999999999982
  3735, 659.8000,  1, -591.63, 26.3599999999999
  3772, 678.3800,  1, -539.73, 3.6000000000000227
  3773, 678.4800,  1, -532.93, 3.7000000000000455
  3773, 678.4800,  1, -532.96, 3.7000000000000455
  3795, 680.7500,  1, -546.29, 5.970000000000027
  3838, 685.1800,  1, -567.16, 10.399999999999977
  3839, 685.2800,  1, -556.38, 10.5
  3920, 693.6100,  1, -552.70, 18.83000000000004
  4244, 726.9600,  1, -786.67, 52.180000000000064
  4276, 745.8500,  1, -512.07, 3.080000000000041
  4281, 746.3600,  1, -534.60, 3.590000000000032
  4312, 749.5600,  1, -552.07, 6.789999999999964
  4321, 750.4800,  1, -565.36, 7.710000000000036
  4338, 752.2300,  1, -567.18, 9.460000000000036
  4338, 752.2300,  1, -573.35, 9.460000000000036
  4532, 772.2000,  1, -557.59, 29.430000000000064
  4572, 776.3200,  1, -660.72, 33.55000000000007
  4609, 794.7600,  1, -536.95, 3.7000000000000455
  4614, 795.2800,  1, -535.80, 4.220000000000027
  4627, 796.6100,  1, -562.64, 5.550000000000068
  4632, 797.1300,  1, -525.28, 6.07000000000005
  4637, 797.6500,  1, -544.21, 6.590000000000032
  4641, 798.0600,  1, -550.76, 7.0
  4641, 798.0600,  1, -549.95, 7.0
  4747, 808.9600,  1, -653.57, 17.90000000000009
  4791, 828.1100,  1, -547.08, 4.310000000000059
  4823, 831.4100,  1, -569.05, 7.610000000000014
  4829, 832.0300,  1, -556.01, 8.230000000000018
  4834, 832.5500,  1, -557.84, 8.75
  4840, 833.1600,  1, -579.15, 9.360000000000014
  4887, 838.0000,  1, -625.97, 14.200000000000045
  4917, 841.0800,  1, -584.88, 17.280000000000086
  5115, 861.4600,  1, -739.65, 37.66000000000008
  5169, 881.8200,  1, -543.49, 5.4500000000000455
  5172, 882.1300,  1, -553.18, 5.759999999999991
  5178, 882.7500,  1, -567.86, 6.3799999999999955
  5190, 883.9800,  1, -570.23, 7.610000000000014
  5196, 884.6000,  1, -489.46, 8.230000000000018
  5196, 884.6000,  1, -575.52, 8.230000000000018
  5230, 888.1000,  1, -602.59, 11.730000000000018
  5289, 894.1800,  1, -630.47, 17.809999999999945
  5327, 915.6000,  1, -539.58, 3.7000000000000455
  5356, 918.5800,  1, -550.88, 6.680000000000064
  5370, 920.0300,  1, -492.10, 8.129999999999995
  5392, 922.3000,  1, -600.66, 10.399999999999977
  5414, 924.5600,  1, -568.65, 12.659999999999968
  5414, 924.5600,  1, -532.28, 12.659999999999968
  5446, 927.8500,  1, -591.32, 15.950000000000045
  5448, 928.0600,  1, -546.78, 16.159999999999968
  5490, 947.2100,  1, -544.10, 4.210000000000036
  5503, 948.5600,  1, -552.57, 5.559999999999945
  5504, 948.6600,  1, -538.89, 5.659999999999968
  5509, 949.1800,  1, -533.76, 6.17999999999995
  5514, 949.6900,  1, -529.69, 6.690000000000055
  5554, 953.8100,  1, -540.70, 10.809999999999945
  5615, 960.0800,  1, -558.53, 17.08000000000004
  5674, 966.1600,  1, -636.70, 23.159999999999968
  5726, 986.2800,  1, -553.69, 5.139999999999986
  5726, 986.2800,  1, -541.61, 5.139999999999986
  5738, 987.5100,  1, -560.45, 6.3700000000000045
  5742, 987.9300,  1, -532.39, 6.789999999999964
  5748, 988.5500,  1, -563.06, 7.409999999999968
  5760, 989.7800,  1, -553.19, 8.639999999999986
  5803, 994.2000,  1, -565.07, 13.06000000000006
  6002, 1014.6900,  1, -643.67, 33.55000000000007
  6049, 1034.6000,  1, -536.22, 4.809999999999945
  6064, 1036.2000,  1, -565.80, 6.410000000000082
  6068, 1036.6300,  1, -493.10, 6.8400000000001455
  6075, 1037.3800,  1, -580.61, 7.5900000000001455
  6097, 1039.7400,  1, -598.47, 9.950000000000045
  6116, 1041.7700,  1, -584.87, 11.980000000000018
  6119, 1042.1000,  1, -521.42, 12.309999999999945
  6271, 1058.3800,  1, -549.85, 28.590000000000146
  6309, 1077.0600,  1, -539.85, 3.8599999999999
  6317, 1077.9100,  1, -515.96, 4.710000000000036
  6367, 1083.2700,  1, -572.30, 10.069999999999936
  6374, 1084.0200,  1, -497.03, 10.819999999999936
  6381, 1084.7700,  1, -585.75, 11.569999999999936
  6398, 1086.6000,  1, -619.40, 13.399999999999864
  6491, 1096.5600,  1, -643.68, 23.3599999999999
  6730, 1122.1600,  1, -710.38, 48.960000000000036
  6757, 1139.7000,  1, -523.87, 2.6700000000000728
  6770, 1141.1000,  1, -541.96, 4.069999999999936
  6772, 1141.3100,  1, -542.77, 4.279999999999973
  6782, 1142.3800,  1, -545.06, 5.350000000000136
  6805, 1144.8500,  1, -558.18, 7.819999999999936
  6901, 1155.1300,  1, -567.93, 18.100000000000136
  7053, 1171.4100,  1, -631.38, 34.38000000000011
  7177, 1184.7000,  1, -622.60, 47.67000000000007
  7247, 1207.1300,  1, -516.58, 7.270000000000209
  7255, 1207.9900,  1, -560.92, 8.13000000000011
  7263, 1208.8500,  1, -515.66, 8.990000000000009
  7273, 1209.9100,  1, -535.81, 10.050000000000182
  7289, 1211.6300,  1, -512.90, 11.77000000000021
  7332, 1216.2400,  1, -518.49, 16.38000000000011
  7342, 1217.3100,  1, -610.68, 17.450000000000045
  7477, 1231.7700,  1, -544.22, 31.910000000000082
  7521, 1251.5600,  1, -550.86, 4.470000000000027
  7529, 1252.4100,  1, -548.29, 5.320000000000164
  7543, 1253.9100,  1, -557.60, 6.820000000000164
  7554, 1255.1000,  1, -512.44, 8.009999999999991
  7557, 1255.4100,  1, -579.86, 8.320000000000164
  7567, 1256.4900,  1, -557.76, 9.400000000000091
  7647, 1265.0600,  1, -473.70, 17.970000000000027
  7811, 1282.6300,  1, -740.36, 35.54000000000019
  7858, 1302.3800,  1, -546.11, 4.920000000000073
  7863, 1302.9100,  1, -543.28, 5.4500000000000455
  7866, 1303.2400,  1, -543.31, 5.779999999999973
  7877, 1304.4100,  1, -549.77, 6.9500000000000455
  7908, 1307.7400,  1, -493.44, 10.279999999999973
  7908, 1307.7400,  1, -572.43, 10.279999999999973
  7917, 1308.7000,  1, -582.28, 11.240000000000009
  7972, 1314.6000,  1, -639.39, 17.139999999999873
  8022, 1335.4100,  1, -553.95, 5.130000000000109
  8023, 1335.5200,  1, -537.15, 5.240000000000009
  8044, 1337.7700,  1, -559.89, 7.490000000000009
  8044, 1337.7700,  1, -561.96, 7.490000000000009
  8047, 1338.1000,  1, -568.26, 7.819999999999936
  8056, 1339.0600,  1, -553.76, 8.779999999999973
  8133, 1347.3100,  1, -556.30, 17.029999999999973
  8172, 1351.4900,  1, -623.40, 21.210000000000036
  8218, 1372.2000,  1, -513.45, 4.710000000000036
  8218, 1372.2000,  1, -529.72, 4.710000000000036
  8221, 1372.5200,  1, -549.45, 5.029999999999973
  8251, 1375.7400,  1, -572.22, 8.25
  8255, 1376.1600,  1, -535.64, 8.670000000000073
  8284, 1379.2700,  1, -598.29, 11.779999999999973
  8333, 1384.5200,  1, -554.89, 17.029999999999973
  8385, 1390.1000,  1, -547.57, 22.6099999999999
  8414, 1408.0600,  1, -515.51, 2.8999999999998636
  8433, 1410.1000,  1, -547.83, 4.939999999999827
  8434, 1410.2000,  1, -508.93, 5.039999999999964
  8465, 1413.5200,  1, -560.68, 8.3599999999999
  8496, 1416.8500,  1, -592.99, 11.689999999999827
  8537, 1421.2400,  1, -592.65, 16.079999999999927
  8596, 1427.5600,  1, -593.08, 22.399999999999864
  8716, 1440.4100,  1, -574.63, 35.25
  8762, 1459.9100,  1, -502.22, 4.680000000000064
  8771, 1460.8800,  1, -545.32, 5.650000000000091
  8788, 1462.7000,  1, -562.17, 7.470000000000027
  8803, 1464.3100,  1, -497.73, 9.079999999999927
  8804, 1464.4100,  1, -491.38, 9.180000000000064
  8809, 1464.9500,  1, -556.21, 9.720000000000027
  8841, 1468.3800,  1, -585.07, 13.150000000000091
  8873, 1471.8100,  1, -580.99, 16.579999999999927
  8897, 1488.9900,  1, -509.65, 2.3599999999999
  8947, 1494.3500,  1, -569.58, 7.7199999999998
  8968, 1496.6000,  1, -514.29, 9.9699999999998
  8975, 1497.3500,  1, -585.98, 10.7199999999998
  9024, 1502.6000,  1, -619.94, 15.9699999999998
  9119, 1512.7700,  1, -640.03, 26.139999999999873
  9150, 1516.1000,  1, -697.96, 29.4699999999998
  9398, 1542.6600,  1, -625.90, 56.02999999999997
  9447, 1562.7000,  1, -509.76, 5.029999999999973
  9454, 1563.4500,  1, -554.23, 5.779999999999973
  9460, 1564.1000,  1, -548.71, 6.429999999999836
  9483, 1566.5600,  1, -587.28, 8.889999999999873
  9487, 1566.9900,  1, -527.39, 9.319999999999936
  9489, 1567.2000,  1, -483.47, 9.529999999999973
  9847, 1605.5600,  1, -787.52, 47.88999999999987
 10334, 1657.7400,  2, -399.79, 100
 10392, 1678.7700,  1, -546.77, 5.990000000000009
 10393, 1678.8800,  1, -527.43, 6.100000000000136
 10404, 1680.0600,  1, -558.50, 7.279999999999973
 10442, 1684.1300,  1, -573.73, 11.350000000000136
 10468, 1686.9100,  1, -531.76, 14.13000000000011
 10474, 1687.5600,  1, -575.26, 14.779999999999973
 10483, 1688.5200,  1, -599.94, 15.740000000000009
 10605, 1701.6000,  1, -432.45, 28.819999999999936
 10648, 1720.8800,  1, -539.04, 4.3900000000001
 10745, 1731.2700,  1, -596.43, 14.779999999999973
 10748, 1731.6000,  1, -574.68, 15.1099999999999
 10751, 1731.9100,  1, -593.31, 15.420000000000073
 10766, 1733.5200,  1, -604.81, 17.029999999999973
 10774, 1734.3800,  1, -606.48, 17.8900000000001
 10941, 1752.2700,  1, -603.39, 35.77999999999997
 10994, 1757.9500,  1, -652.64, 41.460000000000036
 11013, 1774.7400,  1, -510.55, 1.8299999999999272
 11038, 1777.4100,  1, -491.21, 4.5
 11046, 1778.2700,  1, -547.08, 5.3599999999999
 11078, 1781.7000,  1, -511.12, 8.789999999999964
 11126, 1786.8500,  1, -546.68, 13.939999999999827
 11165, 1791.0200,  1, -537.71, 18.1099999999999
 11167, 1791.2400,  1, -505.27, 18.329999999999927
 11337, 1809.4500,  1, -527.69, 36.539999999999964
 11378, 1828.4500,  1, -522.37, 4.269999999999982
 11383, 1828.9900,  1, -524.09, 4.809999999999945
 11391, 1829.8500,  1, -541.11, 5.669999999999845
 11401, 1830.9100,  1, -537.91, 6.730000000000018
 11403, 1831.1300,  1, -545.94, 6.9500000000000455
 11422, 1833.1600,  1, -572.92, 8.980000000000018
 11530, 1844.7400,  1, -603.60, 20.559999999999945
 11546, 1846.4500,  1, -612.89, 22.269999999999982
 11581, 1864.7000,  1, -539.22, 3.5299999999999727
 11582, 1864.8100,  1, -494.21, 3.6399999999998727
 11598, 1866.5200,  1, -550.59, 5.349999999999909
 11688, 1876.1600,  1, -638.24, 14.990000000000009
 11717, 1879.2700,  1, -510.63, 18.09999999999991
 11821, 1890.4100,  1, -459.92, 29.24000000000001
 11871, 1895.7700,  1, -662.86, 34.59999999999991
 11878, 1896.5200,  1, -561.58, 35.34999999999991
 11914, 1915.2000,  1, -517.44, 3.6100000000001273
 11923, 1916.1600,  1, -547.69, 4.570000000000164
 11924, 1916.2700,  1, -505.53, 4.680000000000064
 11930, 1916.9100,  1, -545.14, 5.320000000000164
 11935, 1917.4500,  1, -556.25, 5.860000000000127
 11996, 1923.9900,  1, -580.45, 12.400000000000091
 12013, 1925.8100,  1, -580.45, 14.220000000000027
 12185, 1944.2400,  1, -649.34, 32.65000000000009
 12245, 1965.2000,  1, -552.59, 6.190000000000055
 12253, 1966.0600,  1, -552.66, 7.0499999999999545
 12258, 1966.6000,  1, -579.14, 7.589999999999918
 12267, 1967.5600,  1, -578.31, 8.549999999999955
 12296, 1970.6600,  1, -608.63, 11.650000000000091
 12296, 1970.6600,  1, -522.55, 11.650000000000091
 12336, 1974.9500,  1, -457.32, 15.940000000000055
 12550, 1997.8800,  1, -613.31, 38.87000000000012
 12580, 2016.0600,  1, -528.92, 2.990000000000009
 12599, 2018.1000,  1, -546.60, 5.029999999999973
 12605, 2018.7400,  1, -551.55, 5.670000000000073
 12630, 2021.4100,  1, -562.77, 8.340000000000146
 12639, 2022.3800,  1, -572.37, 9.310000000000173
 12646, 2023.1300,  1, -540.35, 10.060000000000173
 12665, 2025.1600,  1, -473.26, 12.090000000000146
 12692, 2028.0600,  1, -594.13, 14.990000000000009
 12736, 2047.1600,  1, -529.54, 4.480000000000018
 12839, 2058.2000,  1, -517.38, 15.519999999999754
 12844, 2058.7300,  1, -589.20, 16.049999999999955
 12867, 2061.2000,  1, -607.10, 18.519999999999754
 12870, 2061.5100,  1, -623.42, 18.830000000000155
 12938, 2068.8000,  1, -646.61, 26.12000000000012
 12958, 2070.9500,  1, -562.60, 28.269999999999754
 13074, 2083.3700,  1, -593.37, 40.68999999999983
 13130, 2104.8700,  1, -560.35, 5.779999999999745
 13138, 2105.7300,  1, -500.95, 6.639999999999873
 13141, 2106.0500,  1, -558.76, 6.960000000000036
 13158, 2107.8700,  1, -563.93, 8.779999999999745
 13177, 2109.9100,  1, -510.01, 10.819999999999709
 13216, 2114.0900,  1, -585.53, 15.0
 13270, 2119.8700,  1, -495.56, 20.779999999999745
 13437, 2137.7600,  1, -601.04, 38.67000000000007
 13459, 2154.7300,  1, -510.75, 2.150000000000091
 13473, 2156.2300,  1, -534.26, 3.650000000000091
 13532, 2162.5500,  1, -575.93, 9.970000000000255
 13537, 2163.0900,  1, -539.77, 10.510000000000218
 13547, 2164.1600,  1, -568.25, 11.579999999999927
 13558, 2165.3400,  1, -552.08, 12.760000000000218
 13714, 2182.0500,  1, -631.32, 29.470000000000255
 13823, 2193.7300,  1, -653.12, 41.15000000000009
 13850, 2212.3000,  1, -509.82, 2.680000000000291
 13858, 2213.1600,  1, -535.29, 3.5399999999999636
 13863, 2213.7000,  1, -531.24, 4.079999999999927
 13865, 2213.9100,  1, -531.75, 4.289999999999964
 13871, 2214.5500,  1, -547.22, 4.930000000000291
 13873, 2214.7600,  1, -519.60, 5.140000000000327
 13903, 2217.9800,  1, -500.30, 8.360000000000127
 13920, 2219.8000,  1, -591.44, 10.180000000000291
 13957, 2239.2300,  1, -522.70, 3.75
 13972, 2240.8400,  1, -549.53, 5.360000000000127
 13979, 2241.5900,  1, -521.23, 6.110000000000127
 13983, 2242.0100,  1, -525.58, 6.5300000000002
 13987, 2242.4500,  1, -570.82, 6.9699999999998
 13995, 2243.3000,  1, -565.08, 7.820000000000164
 14002, 2244.0500,  1, -583.40, 8.570000000000164
 14206, 2265.9100,  1, -598.88, 30.429999999999836
 14418, 2303.2200,  1, -583.28, 22.61999999999989
 14424, 2303.8600,  1, -635.56, 23.26000000000022
 14431, 2304.6100,  1, -624.93, 24.01000000000022
 14433, 2304.8200,  1, -636.47, 24.220000000000255
 14453, 2306.9700,  1, -640.59, 26.36999999999989
 14462, 2307.9300,  1, -617.35, 27.329999999999927
 14462, 2307.9300,  1, -612.87, 27.329999999999927
 14499, 2311.8900,  1, -600.52, 31.289999999999964
 14525, 2329.5500,  1, -512.91, 2.5600000000004
 14552, 2332.4500,  1, -548.32, 5.460000000000036
 14575, 2334.9100,  1, -562.32, 7.920000000000073
 14578, 2335.2300,  1, -575.47, 8.240000000000236
 14608, 2338.4500,  1, -594.29, 11.460000000000036
 14669, 2344.9800,  1, -432.72, 17.990000000000236
 14687, 2346.9100,  1, -632.47, 19.920000000000073
 14757, 2354.4100,  1, -540.70, 27.420000000000073
 14793, 2373.0700,  1, -527.82, 3.75
 14800, 2373.8200,  1, -539.02, 4.5
 14813, 2375.2200,  1, -557.55, 5.899999999999636
 14821, 2376.0700,  1, -555.65, 6.75
 14822, 2376.1800,  1, -562.68, 6.859999999999673
 14836, 2377.6800,  1, -572.08, 8.359999999999673
 14838, 2377.8900,  1, -566.97, 8.569999999999709
 15071, 2402.8600,  1, -640.22, 33.539999999999964
 15111, 2421.9700,  1, -535.70, 4.1899999999996
 15122, 2423.1400,  1, -545.32, 5.359999999999673
 15138, 2424.8600,  1, -554.02, 7.079999999999927
 15142, 2425.2800,  1, -542.52, 7.5
 15144, 2425.5000,  1, -493.40, 7.7199999999998
 15146, 2425.7200,  1, -559.03, 7.9399999999996
 15158, 2427.0000,  1, -540.01, 9.2199999999998
 15198, 2431.2800,  1, -580.55, 13.5
 15220, 2448.6200,  1, -506.53, 2.1399999999998727
 15230, 2449.7000,  1, -530.49, 3.2199999999998
 15237, 2450.4500,  1, -540.21, 3.9699999999998
 15290, 2456.1200,  1, -514.12, 9.639999999999873
 15303, 2457.5100,  1, -533.73, 11.0300000000002
 15438, 2471.9800,  1, -608.75, 25.5
 15470, 2475.4100,  1, -590.19, 28.929999999999836
 15479, 2476.3700,  1, -553.52, 29.889999999999873
 15624, 2506.5900,  1, -542.76, 15.329999999999927
 15648, 2509.1600,  1, -541.57, 17.899999999999636
 15663, 2510.7600,  1, -574.54, 19.5
 15687, 2513.3400,  1, -622.07, 22.079999999999927
 15703, 2515.0500,  1, -615.56, 23.789999999999964
 15783, 2523.6200,  1, -622.37, 32.35999999999967
 15856, 2531.4500,  1, -519.32, 40.1899999999996
 15856, 2531.4500,  1, -564.00, 40.1899999999996
 15882, 2548.7500,  1, -516.37, 2.5700000000001637
 15974, 2558.6100,  1, -560.51, 12.430000000000291
 15993, 2560.6400,  1, -499.20, 14.460000000000036
 16026, 2564.1800,  1, -537.13, 18.0
 16026, 2564.1800,  1, -488.95, 18.0
 16034, 2565.0300,  1, -514.83, 18.850000000000364
 16088, 2570.8200,  1, -540.10, 24.640000000000327
 16133, 2575.6400,  1, -628.12, 29.460000000000036
 16273, 2605.1800,  1, -543.03, 14.789999999999964
 16352, 2613.6400,  1, -657.55, 23.25
 16363, 2614.8200,  1, -613.60, 24.43000000000029
 16408, 2619.6400,  1, -660.61, 29.25
 16409, 2619.7500,  1, -674.00, 29.360000000000127
 16455, 2624.6800,  1, -651.13, 34.289999999999964
 16457, 2624.8900,  1, -667.18, 34.5
 17069, 2690.4700,  2, -286.71, 100
 17119, 2710.5100,  1, -541.99, 5.130000000000109
 17120, 2710.6200,  1, -549.87, 5.239999999999782
 17133, 2712.0100,  1, -566.67, 6.630000000000109
 17211, 2720.3700,  1, -557.45, 14.989999999999782
 17215, 2720.8000,  1, -559.20, 15.420000000000073
 17241, 2723.5900,  1, -567.10, 18.210000000000036
 17307, 2730.6600,  1, -414.57, 25.279999999999745
 17891, 2793.2300,  1, -772.36, 87.84999999999991
 17933, 2813.3600,  1, -512.62, 4.390000000000327
 17948, 2814.9700,  1, -517.15, 6.0
 17975, 2817.8600,  1, -562.09, 8.890000000000327
 18001, 2820.6400,  1, -574.31, 11.670000000000073
 18007, 2821.2800,  1, -556.59, 12.3100000000004
 18049, 2825.7800,  1, -513.59, 16.8100000000004
 18162, 2837.8900,  1, -607.09, 28.920000000000073
 18562, 2880.7500,  1, -559.89, 71.7800000000002
 18635, 2903.2500,  1, -514.39, 7.610000000000127
 18636, 2903.3600,  1, -531.22, 7.720000000000255
 18710, 2911.2800,  1, -532.78, 15.640000000000327
 18720, 2912.3600,  1, -551.05, 16.720000000000255
 18991, 2941.3900,  1, -619.50, 45.75
 19083, 2951.2500,  1, -518.37, 55.61000000000013
 19198, 2963.5700,  1, -709.90, 67.93000000000029
 19225, 2966.4700,  3, 321.63, 70.78999999999996
 19298, 2989.0700,  1, -515.11, 7.720000000000255
 19414, 3001.5000,  1, -509.09, 20.15000000000009
 19449, 3005.2500,  1, -486.56, 23.90000000000009
 19450, 3005.3600,  1, -528.82, 24.01000000000022
 19458, 3006.2200,  1, -508.71, 24.86999999999989
 19557, 3016.8200,  3, 580.87, 35.45000000000027
 19571, 3018.3200,  1, -633.65, 36.970000000000255
 19611, 3022.6100,  3, 576.81, 41.16000000000031
 19646, 3041.0500,  1, -505.78, 3.650000000000091
 19656, 3042.1200,  1, -516.77, 4.7199999999998
 19664, 3042.9800,  1, -537.01, 5.579999999999927
 19692, 3045.9800,  1, -491.69, 8.579999999999927
 19781, 3055.5100,  1, -564.00, 18.110000000000127
 19814, 3059.0500,  1, -496.47, 21.65000000000009
 19827, 3060.4500,  1, -458.69, 23.049999999999727
 19860, 3063.9800,  1, -553.65, 26.579999999999927
 20013, 3095.0000,  1, -458.37, 16.190000000000055
 20038, 3097.6800,  1, -466.27, 18.86999999999989
 20038, 3097.6800,  1, -444.91, 18.86999999999989
 20048, 3098.7500,  1, -441.19, 19.940000000000055
 20048, 3098.7500,  1, -451.86, 19.940000000000055
 20057, 3099.7200,  1, -528.32, 20.909999999999854
 20114, 3105.8200,  1, -542.09, 27.01000000000022
 20314, 3127.2500,  3, 570.24, 48.38000000000011
 20477, 3159.4700,  1, -510.10, 17.359999999999673
 20603, 3172.9700,  1, -562.81, 30.859999999999673
 20658, 3178.8600,  1, -579.15, 36.75
 20678, 3181.0000,  1, -539.49, 38.88999999999987
 20696, 3182.9300,  1, -570.45, 40.81999999999971
 20696, 3182.9300,  1, -504.82, 40.81999999999971
 20737, 3187.3200,  3, 573.41, 45.13999999999987
 20765, 3190.3200,  3, 548.45, 48.179999999999836
 20935, 3223.1600,  1, -516.77, 18.109999999999673
 20941, 3223.8000,  1, -446.71, 18.75
 20950, 3224.7600,  1, -532.83, 19.710000000000036
 21023, 3232.5900,  1, -540.56, 27.539999999999964
 21038, 3234.2000,  1, -601.91, 29.149999999999636
 21041, 3234.5100,  1, -521.64, 29.460000000000036
 21143, 3245.4500,  1, -531.43, 40.399999999999636
 21212, 3252.8400,  1, -504.14, 47.789999999999964
 21268, 3273.6800,  1, -494.14, 5.899999999999636
 21441, 3292.2200,  1, -548.76, 24.4399999999996
 21541, 3302.9300,  1, -646.35, 35.149999999999636
 21588, 3307.9700,  1, -706.43, 40.1899999999996
 21593, 3308.5000,  1, -604.56, 40.7199999999998
 21678, 3317.6100,  1, -611.44, 49.82999999999993
 21723, 3322.4300,  1, -685.52, 54.649999999999636
 21800, 3330.6800,  1, -714.26, 62.899999999999636
 21841, 3349.7600,  1, -501.61, 4.180000000000291
 21864, 3352.2300,  1, -560.00, 6.650000000000091
 21935, 3359.8400,  1, -510.09, 14.260000000000218
 21970, 3363.5900,  1, -598.20, 18.01000000000022
 21977, 3364.3400,  1, -572.31, 18.76000000000022
 22018, 3368.7300,  1, -590.40, 23.15000000000009
 22182, 3386.3000,  1, -443.32, 40.720000000000255
 22306, 3399.5900,  1, -653.17, 54.01000000000022
 22350, 3419.3000,  1, -494.66, 4.610000000000127
 22486, 3433.8700,  1, -619.60, 19.179999999999836
 22586, 3444.5900,  1, -595.44, 29.90000000000009
 22589, 3444.9100,  1, -536.58, 30.2199999999998
 22599, 3445.9800,  1, -564.59, 31.289999999999964
 22617, 3447.9100,  1, -600.24, 33.2199999999998
 22641, 3450.4800,  1, -569.26, 35.789999999999964
 22791, 3466.5500,  1, -714.29, 51.86000000000013
 22865, 3489.8900,  1, -515.37, 7.819999999999709
 22897, 3493.3200,  1, -538.61, 11.25
 22900, 3493.6400,  1, -526.58, 11.569999999999709
 23001, 3504.4700,  1, -433.83, 22.399999999999636
 23001, 3504.4700,  1, -529.60, 22.399999999999636
 23100, 3515.0700,  3, 580.24, 32.98000000000002
 23177, 3523.3200,  1, -667.36, 41.25
 23355, 3542.3900,  1, -624.54, 60.31999999999971
 23403, 3562.2800,  1, -484.75, 4.930000000000291
 23454, 3567.7500,  1, -515.70, 10.400000000000091
 23507, 3573.4300,  1, -551.78, 16.079999999999927
 23535, 3576.4300,  1, -618.33, 19.079999999999927
 23536, 3576.5300,  1, -603.49, 19.18000000000029
 23541, 3577.0700,  1, -610.20, 19.720000000000255
 23589, 3582.2200,  1, -548.97, 24.86999999999989
 23722, 3596.4700,  1, -518.59, 39.11999999999989
 23758, 3614.8900,  1, -536.73, 3.6399999999998727
 23759, 3615.0000,  1, -532.30, 3.75
 23779, 3617.1400,  1, -562.19, 5.889999999999873
 23779, 3617.1400,  1, -549.97, 5.889999999999873
 23800, 3619.3900,  1, -522.11, 8.139999999999873
 23808, 3620.2500,  1, -576.01, 9.0
 23824, 3621.9700,  1, -571.24, 10.7199999999998
 23897, 3629.7800,  1, -549.76, 18.5300000000002
 23932, 3648.2200,  1, -532.78, 3.5399999999999636
 23954, 3650.5700,  1, -548.47, 5.890000000000327
 23998, 3655.2800,  1, -578.27, 10.600000000000364
 24010, 3656.5700,  1, -521.19, 11.890000000000327
 24020, 3657.6400,  1, -545.14, 12.960000000000036
 24020, 3657.6400,  1, -497.21, 12.960000000000036
 24107, 3666.9700,  1, -599.82, 22.289999999999964
 24248, 3682.0700,  1, -605.74, 37.39000000000033
 24438, 3717.1100,  1, -521.94, 20.140000000000327
 24438, 3717.1100,  1, -546.54, 20.140000000000327
 24457, 3719.1400,  1, -476.63, 22.170000000000073
 24472, 3720.7500,  1, -589.79, 23.7800000000002
 24482, 3721.8200,  1, -624.37, 24.850000000000364
 24514, 3725.2500,  1, -587.54, 28.2800000000002
 24720, 3747.3200,  3, 511.10, 50.26999999999998
 24730, 3748.3900,  1, -577.67, 51.42000000000007
 24758, 3766.0500,  1, -510.09, 2.7800000000002
 24851, 3776.0100,  1, -450.60, 12.740000000000236
 24851, 3776.0100,  1, -399.89, 12.740000000000236
 24892, 3780.4100,  1, -593.87, 17.139999999999873
 24917, 3783.0900,  1, -493.25, 19.820000000000164
 24991, 3791.0100,  1, -541.75, 27.740000000000236
 25036, 3795.8400,  1, -618.47, 32.570000000000164
 25381, 3832.8000,  3, 393.94, 69.46000000000004
 25431, 3853.0500,  1, -529.81, 5.260000000000218
 25458, 3855.9500,  1, -529.59, 8.159999999999854
 25519, 3862.4800,  1, -493.07, 14.690000000000055
 25544, 3865.1600,  1, -453.07, 17.36999999999989
 25544, 3865.1600,  1, -470.49, 17.36999999999989
 25605, 3871.7000,  1, -522.33, 23.909999999999854
 25809, 3893.5500,  1, -595.31, 45.76000000000022
 26316, 3947.8700,  2, -322.58, 100
 26490, 3981.2000,  1, -588.87, 18.4399999999996
 26501, 3982.3700,  1, -518.80, 19.609999999999673
 26509, 3983.2300,  1, -422.42, 20.4699999999998
 26526, 3985.0500,  1, -611.37, 22.289999999999964
 26545, 3987.0900,  1, -502.68, 24.329999999999927
 26623, 3995.4500,  1, -626.13, 32.6899999999996
 27015, 4037.4500,  3, 350.33, 74.61999999999989
 27159, 4052.8700,  3, 295.30, 90.06999999999971
 27228, 4074.8700,  1, -495.15, 7.289999999999964
 27411, 4094.4800,  1, -524.21, 26.90000000000009
 27443, 4097.8800,  1, -530.53, 30.300000000000182
 27450, 4098.6200,  1, -449.16, 31.039999999999964
 27453, 4098.9300,  1, -570.75, 31.350000000000364
 27590, 4113.3500,  1, -516.84, 45.77000000000044
 27647, 4119.3500,  3, 527.43, 51.720000000000255
 27804, 4135.8800,  1, -726.68, 68.30000000000018
 27843, 4154.7900,  1, -542.23, 3.8900000000003274
 27910, 4161.8400,  1, -513.93, 10.94000000000051
 27910, 4161.8400,  1, -488.05, 10.94000000000051
 27935, 4164.4700,  1, -489.69, 13.570000000000618
 27962, 4167.3100,  1, -479.57, 16.410000000000764
 28011, 4172.4700,  1, -497.86, 21.57000000000062
 28011, 4172.4700,  1, -492.69, 21.57000000000062
 28251, 4197.7400,  1, -752.16, 46.840000000000146
 28312, 4218.7000,  1, -495.70, 6.319999999999709
 28354, 4223.1200,  1, -536.26, 10.739999999999782
 28389, 4226.8000,  1, -505.06, 14.420000000000073
 28517, 4240.2700,  1, -596.98, 27.890000000000327
 28574, 4246.2700,  1, -498.39, 33.89000000000033
 28702, 4259.7500,  3, 485.25, 47.26000000000022
 28755, 4265.3300,  1, -608.70, 52.94999999999982
 28872, 4277.6400,  1, -525.64, 65.26000000000022
 28951, 4300.8500,  1, -530.03, 8.210000000000036
 28970, 4302.8500,  1, -502.52, 10.210000000000036
 29084, 4314.8500,  1, -492.02, 22.210000000000036
 29168, 4323.7000,  1, -545.57, 31.05999999999949
 29168, 4323.7000,  1, -465.77, 31.05999999999949
 29297, 4337.2700,  3, 570.67, 44.55999999999949
 29462, 4354.6400,  3, 524.13, 61.969999999999345
 29474, 4355.9100,  3, 481.21, 63.210000000000036
 29552, 4378.7100,  1, -521.59, 8.100000000000364
 29602, 4383.9700,  1, -437.71, 13.360000000000582
 29677, 4391.8700,  1, -461.12, 21.26000000000022
 29677, 4391.8700,  1, -504.50, 21.26000000000022
 29725, 4396.9200,  3, 638.94, 26.270000000000437
 29822, 4407.1300,  3, 591.69, 36.43000000000029
 29926, 4418.0800,  1, -467.22, 47.470000000000255
 29949, 4420.5000,  1, -693.33, 49.89000000000033
 29999, 4440.4500,  1, -512.39, 5.050000000000182
 30083, 4449.2900,  1, -565.94, 13.890000000000327
 30101, 4451.1800,  1, -575.94, 15.780000000000655
 30179, 4459.3900,  1, -626.12, 23.99000000000069
 30197, 4461.2900,  1, -629.99, 25.890000000000327
 30245, 4466.3400,  1, -668.92, 30.94000000000051
 30434, 4486.2400,  1, -662.78, 50.840000000000146
 30590, 4502.6600,  3, 454.67, 67.21000000000004
 30648, 4524.3000,  1, -499.77, 6.0
 30657, 4525.2500,  1, -511.58, 6.949999999999818
 30676, 4527.2500,  1, -522.17, 8.949999999999818
 30801, 4540.4100,  1, -505.27, 22.109999999999673
 30801, 4540.4100,  1, -465.80, 22.109999999999673
 30957, 4556.8300,  1, -484.56, 38.529999999999745
 30959, 4557.0400,  1, -488.10, 38.73999999999978
 31170, 4579.2500,  3, 567.69, 60.9399999999996
 31275, 4605.0100,  1, -502.84, 10.949999999999818
 31275, 4605.0100,  1, -451.26, 10.949999999999818
 31277, 4605.2200,  1, -488.08, 11.159999999999854
 31398, 4617.9600,  3, 649.48, 23.859999999999673
 31417, 4619.9600,  1, -396.19, 25.899999999999636
 31438, 4622.1700,  1, -420.40, 28.109999999999673
 31456, 4624.0600,  1, -463.34, 30.0
 31478, 4626.3800,  3, 583.54, 32.25
 31574, 4651.1800,  1, -475.49, 10.0
 31574, 4651.1800,  1, -466.22, 10.0
 31601, 4654.0200,  1, -465.64, 12.840000000000146
 31636, 4657.7100,  1, -433.78, 16.529999999999745
 31660, 4660.2400,  1, -501.11, 19.05999999999949
 31762, 4670.9700,  1, -467.15, 29.789999999999964
 31769, 4671.7100,  3, 663.26, 30.4399999999996
 31964, 4692.2400,  3, 523.82, 50.97999999999956
 32063, 4718.2100,  1, -459.77, 10.3100000000004
 32096, 4721.6800,  1, -548.66, 13.780000000000655
 32099, 4722.0000,  1, -495.85, 14.100000000000364
 32110, 4723.1600,  1, -511.41, 15.260000000000218
 32111, 4723.2600,  1, -587.92, 15.360000000000582
 32592, 4773.8900,  1, -659.30, 65.99000000000069
 32606, 4775.3700,  3, 489.02, 67.39000000000033
 32640, 4778.9500,  1, -560.55, 71.05000000000018
 32794, 4809.7900,  1, -492.92, 16.0
 32816, 4812.1000,  1, -449.00, 18.3100000000004
 32816, 4812.1000,  1, -427.72, 18.3100000000004
 32824, 4812.9500,  1, -432.13, 19.159999999999854
 32824, 4812.9500,  1, -486.61, 19.159999999999854
 32842, 4814.8400,  1, -481.23, 21.050000000000182
 32896, 4820.5200,  3, 606.05, 26.670000000000073
 32937, 4824.8400,  3, 620.52, 31.029999999999745
 33061, 4852.7200,  1, -512.08, 12.94000000000051
 33125, 4859.4600,  1, -563.61, 19.68000000000029
 33126, 4859.5600,  1, -550.11, 19.780000000000655
 33130, 4859.9900,  1, -554.39, 20.210000000000036
 33233, 4870.8300,  1, -561.58, 31.050000000000182
 33352, 4883.3500,  3, 544.17, 43.5
 33412, 4889.6700,  1, -586.61, 49.89000000000033
 33463, 4895.0400,  3, 427.75, 55.159999999999854
 33586, 4922.8100,  1, -460.31, 12.840000000000146
 33639, 4928.3900,  1, -432.79, 18.420000000000073
 33696, 4934.3900,  1, -453.74, 24.420000000000073
 33718, 4936.7100,  1, -471.68, 26.73999999999978
 33721, 4937.0200,  1, -408.94, 27.050000000000182
 33741, 4939.1300,  3, 602.39, 29.06999999999971
 33752, 4940.2900,  3, 624.35, 30.25
 33766, 4941.7600,  3, 621.67, 31.699999999999818
 33846, 4964.5800,  1, -449.92, 8.319999999999709
 33846, 4964.5800,  1, -495.02, 8.319999999999709
 33996, 4980.3700,  1, -472.69, 24.109999999999673
 33996, 4980.3700,  1, -459.48, 24.109999999999673
 34043, 4985.3100,  3, 663.04, 29.0
 34137, 4995.2100,  3, 603.29, 38.92999999999938
 34301, 5012.4700,  3, 510.13, 56.1899999999996
 34322, 5014.6800,  3, 521.66, 58.340000000000146
 34394, 5037.5900,  1, -546.54, 7.470000000000255
 34510, 5049.8000,  1, -508.57, 19.68000000000029
 34567, 5055.8000,  1, -486.18, 25.68000000000029
 34587, 5057.9100,  1, -562.79, 27.789999999999964
 34593, 5058.5400,  1, -381.35, 28.420000000000073
 34689, 5068.6400,  1, -554.51, 38.52000000000044
 34824, 5082.8500,  3, 520.48, 52.69000000000051
 34875, 5088.2200,  1, -509.39, 58.100000000000364
 34973, 5113.2000,  1, -494.38, 10.210000000000036
 34975, 5113.4100,  1, -568.35, 10.420000000000073
 35034, 5119.6200,  1, -555.66, 16.63000000000011
 35205, 5137.6200,  3, 563.59, 34.57999999999993
 35261, 5143.5100,  3, 571.87, 40.48999999999978
 35266, 5144.0400,  3, 537.82, 40.98999999999978
 35308, 5148.4600,  3, 610.11, 45.44000000000051
 35321, 5149.8300,  3, 537.98, 46.73000000000047
 35486, 5181.8300,  1, -497.07, 17.269999999999527
 35486, 5181.8300,  1, -504.66, 17.269999999999527
 35572, 5190.8800,  1, -455.91, 26.31999999999971
 35572, 5190.8800,  1, -492.78, 26.31999999999971
 35683, 5202.5600,  3, 595.84, 37.960000000000036
 35701, 5204.4600,  3, 607.07, 39.82999999999993
 35709, 5205.3000,  3, 686.43, 40.63999999999942
 35805, 5215.4100,  1, -480.82, 50.849999999999454
 35923, 5242.4700,  1, -416.97, 12.210000000000036
 35923, 5242.4700,  1, -430.19, 12.210000000000036
 36057, 5256.5800,  3, 628.03, 26.229999999999563
 36059, 5256.7900,  3, 601.88, 26.420000000000073
 36078, 5258.7900,  3, 597.46, 28.42999999999938
 36112, 5262.3700,  3, 687.26, 32.06999999999971
 36207, 5272.3700,  3, 610.06, 42.05999999999949
 36285, 5280.5800,  3, 590.09, 50.279999999999745
 36447, 5312.0100,  1, -474.36, 16.94000000000051
 36447, 5312.0100,  1, -409.24, 16.94000000000051
 36450, 5312.3300,  1, -476.14, 17.26000000000022
 36450, 5312.3300,  1, -380.46, 17.26000000000022
 36474, 5314.8500,  1, -433.35, 19.780000000000655
 36474, 5314.8500,  1, -495.00, 19.780000000000655
 36478, 5315.2700,  1, -475.12, 20.200000000000728
 36478, 5315.2700,  1, -443.37, 20.200000000000728
 36623, 5345.3700,  1, -464.50, 15.050000000000182
 36623, 5345.3700,  1, -435.03, 15.050000000000182
 36679, 5351.2600,  1, -423.06, 20.94000000000051
 36704, 5353.8900,  1, -491.37, 23.57000000000062
 36705, 5354.0000,  3, 617.14, 23.63000000000011
 36809, 5364.9500,  3, 616.51, 34.600000000000364
 36957, 5380.5200,  3, 545.58, 50.17000000000007
 37063, 5391.6800,  3, 492.89, 61.289999999999964
 37155, 5416.6400,  1, -501.31, 9.570000000000618
 37178, 5419.0600,  1, -535.29, 11.990000000000691
 37180, 5419.2700,  1, -523.34, 12.200000000000728
 37301, 5432.0100,  1, -495.83, 24.94000000000051
 37301, 5432.0100,  1, -423.10, 24.94000000000051
 37376, 5439.9100,  3, 634.24, 32.789999999999964
 37378, 5440.1200,  3, 625.11, 32.970000000000255
 37411, 5443.5900,  3, 578.41, 36.460000000000036
 37565, 5474.4900,  1, -462.92, 16.109999999999673
 37565, 5474.4900,  1, -441.25, 16.109999999999673
 37569, 5474.9100,  1, -484.54, 16.529999999999745
 37569, 5474.9100,  1, -430.99, 16.529999999999745
 37712, 5489.9600,  3, 667.66, 31.55999999999949
 37799, 5499.1200,  3, 621.26, 40.68000000000029
 37847, 5504.1700,  3, 564.56, 45.69999999999982
 37974, 5517.5400,  1, -602.65, 59.159999999999854
 38111, 5547.3900,  1, -462.59, 14.3100000000004
 38121, 5548.4500,  1, -499.61, 15.36999999999989
 38121, 5548.4500,  1, -416.38, 15.36999999999989
 38302, 5567.5000,  3, 679.75, 34.39000000000033
 38342, 5571.7100,  3, 615.20, 38.529999999999745
 38372, 5574.8700,  3, 588.87, 41.73999999999978
 38379, 5575.6000,  3, 568.37, 42.44000000000051
 38436, 5581.6000,  3, 558.40, 48.48999999999978
 38558, 5609.1000,  1, -492.63, 12.730000000000473
 38637, 5617.4200,  1, -477.95, 21.050000000000182
 38702, 5624.2600,  1, -539.58, 27.890000000000327
 38702, 5624.2600,  1, -466.67, 27.890000000000327
 38730, 5627.2100,  3, 609.23, 30.800000000000182
 38853, 5640.1600,  3, 559.00, 43.69999999999982
 38904, 5645.5200,  1, -439.28, 49.150000000000546
 38944, 5649.7400,  3, 572.12, 53.31999999999971
 39069, 5677.5200,  1, -465.50, 13.040000000000873
 39069, 5677.5200,  1, -394.04, 13.040000000000873
 39110, 5681.8400,  1, -492.83, 17.360000000000582
 39180, 5689.2100,  3, 633.41, 24.710000000000036
 39235, 5695.0000,  3, 644.64, 30.480000000000473
 39244, 5695.9500,  3, 665.57, 31.390000000000327
 39322, 5704.1600,  3, 575.11, 39.660000000000764
 39328, 5704.7900,  3, 624.03, 40.220000000000255
 39432, 5730.2200,  1, -513.71, 10.840000000000146
 39445, 5731.5900,  1, -438.32, 12.210000000000036
 39445, 5731.5900,  1, -432.34, 12.210000000000036
 39551, 5742.7500,  1, -488.34, 23.36999999999989
 39675, 5755.8000,  3, 609.34, 36.36999999999989
 39710, 5759.4900,  3, 646.08, 40.06999999999971
 39750, 5763.7000,  3, 638.28, 44.289999999999964
 39758, 5764.5400,  3, 569.10, 45.05000000000018
 39856, 5789.2500,  1, -446.80, 10.210000000000036
 39856, 5789.2500,  1, -460.87, 10.210000000000036
 39914, 5795.3500,  1, -396.70, 16.3100000000004
 39914, 5795.3500,  1, -407.82, 16.3100000000004
 40025, 5807.0400,  3, 663.37, 27.98999999999978
 40030, 5807.5600,  3, 672.50, 28.4399999999996
 40078, 5812.6200,  3, 687.97, 33.55000000000018
 40133, 5818.4100,  3, 644.50, 39.27000000000044
 40366, 5857.5000,  1, -429.16, 24.420000000000073
 40402, 5861.2900,  3, 623.26, 28.149999999999636
 40423, 5863.5000,  3, 637.68, 30.359999999999673
 40437, 5864.9700,  3, 650.32, 31.789999999999964
 40495, 5871.0800,  3, 611.93, 37.970000000000255
 40501, 5871.7100,  1, -451.87, 38.63000000000011
 40587, 5880.7600,  3, 521.15, 47.61999999999989
 40658, 5888.2400,  3, 632.32, 55.14000000000033
 40733, 5910.5900,  1, -430.31, 7.789999999999964
 40733, 5910.5900,  1, -487.22, 7.789999999999964
 40768, 5914.2700,  1, -431.60, 11.470000000000255
 40768, 5914.2700,  1, -399.28, 11.470000000000255
 40928, 5931.1200,  3, 636.78, 28.23999999999978
 40956, 5934.0600,  3, 655.06, 31.229999999999563
 40972, 5935.7500,  3, 616.69, 32.9399999999996
 40991, 5937.7500,  3, 629.41, 34.92000000000007
 41077, 5961.2600,  1, -431.43, 8.949999999999818
 41124, 5966.2100,  1, -428.72, 13.899999999999636
 41124, 5966.2100,  1, -406.94, 13.899999999999636
 41143, 5968.2100,  1, -489.11, 15.899999999999636
 41143, 5968.2100,  1, -489.47, 15.899999999999636
 41231, 5977.4700,  1, -403.57, 25.159999999999854
 41231, 5977.4700,  1, -381.31, 25.159999999999854
 41243, 5978.7400,  3, 594.79, 26.359999999999673
 41391, 6008.8400,  1, -475.06, 15.470000000000255
 41513, 6021.6800,  1, -515.16, 28.3100000000004
 41574, 6028.1000,  3, 608.59, 34.720000000000255
 41614, 6032.3100,  3, 632.00, 38.909999999999854
 41619, 6032.8400,  3, 664.83, 39.38000000000011
 41631, 6034.1000,  3, 640.11, 40.720000000000255
 41666, 6037.7900,  3, 608.38, 44.39000000000033
 41694, 6040.7400,  3, 608.22, 47.30000000000018
 41844, 6071.9500,  1, -395.36, 15.6899999999996
 41844, 6071.9500,  1, -465.36, 15.6899999999996
 41934, 6081.4200,  3, 626.35, 25.05999999999949
 41956, 6083.7400,  3, 628.12, 27.36999999999989
 41969, 6085.1000,  3, 637.15, 28.81999999999971
 41992, 6087.5200,  3, 613.15, 31.210000000000036
 42010, 6089.4200,  3, 626.56, 33.05999999999949
 42065, 6095.2100,  1, -361.20, 38.94999999999982
 42127, 6116.2900,  1, -489.15, 6.3100000000004
 42162, 6119.9700,  1, -500.33, 9.990000000000691
 42162, 6119.9700,  1, -443.68, 9.990000000000691
 42210, 6125.0200,  1, -492.75, 15.040000000000873
 42243, 6128.5000,  1, -474.38, 18.520000000000437
 42287, 6133.1300,  1, -418.44, 23.150000000000546
 42400, 6145.0200,  3, 622.25, 35.0
 42530, 6158.7100,  3, 558.94, 48.64000000000033
 42657, 6186.6200,  1, -474.04, 13.269999999999527
 42750, 6196.4100,  1, -498.95, 23.05999999999949
 42750, 6196.4100,  1, -506.84, 23.05999999999949
 42808, 6202.5100,  1, -582.24, 29.159999999999854
 42833, 6205.1400,  3, 568.40, 31.719999999999345
 42862, 6208.2000,  1, -565.46, 34.849999999999454
 42899, 6212.0900,  3, 542.93, 38.6899999999996
 42955, 6217.9900,  3, 488.37, 44.60999999999967
 43009, 6238.4300,  1, -525.27, 5.5700000000006185
 43142, 6252.4300,  1, -483.31, 19.57000000000062
 43142, 6252.4300,  1, -471.39, 19.57000000000062
 43194, 6257.9100,  3, 613.07, 25.01000000000022
 43245, 6263.2700,  3, 578.32, 30.329999999999927
 43254, 6264.2200,  3, 594.30, 31.300000000000182
 43270, 6265.9100,  3, 566.14, 33.0
 43349, 6274.2200,  3, 643.14, 41.32999999999993
 43419, 6296.2100,  1, -528.39, 7.260000000000218
 43440, 6298.4200,  1, -506.57, 9.470000000000255
 43462, 6300.7400,  1, -485.24, 11.789999999999964
 43479, 6302.5200,  1, -556.17, 13.570000000000618
 43480, 6302.6300,  1, -446.27, 13.680000000000291
 43675, 6323.1600,  3, 646.32, 34.11999999999989
 43782, 6334.4200,  3, 622.28, 45.39000000000033
 43829, 6339.3700,  3, 523.09, 50.409999999999854
 43879, 6359.0900,  1, -514.80, 5.1599999999998545
 43996, 6371.4100,  1, -520.26, 17.479999999999563
 43996, 6371.4100,  1, -539.35, 17.479999999999563
 44032, 6375.2000,  1, -508.59, 21.269999999999527
 44032, 6375.2000,  1, -503.88, 21.269999999999527
 44176, 6390.3500,  3, 555.79, 36.340000000000146
 44275, 6400.7700,  3, 574.81, 46.76999999999953
 44365, 6410.2500,  3, 517.44, 56.23999999999978
 44463, 6436.1200,  1, -471.81, 10.210000000000036
 44463, 6436.1200,  1, -473.47, 10.210000000000036
 44628, 6453.4900,  1, -494.70, 27.579999999999927
 44628, 6453.4900,  1, -449.22, 27.579999999999927
 44641, 6454.8500,  1, -437.81, 28.94000000000051
 44641, 6454.8500,  1, -549.95, 28.94000000000051
 44661, 6456.9600,  3, 652.40, 31.01000000000022
 44925, 6484.7500,  3, 579.54, 58.789999999999964
 44982, 6505.2700,  1, -473.42, 5.890000000000327
 44982, 6505.2700,  1, -437.32, 5.890000000000327
 45074, 6514.9600,  1, -471.01, 15.579999999999927
 45161, 6524.1200,  3, 658.96, 24.670000000000073
 45170, 6525.0600,  3, 657.99, 25.649999999999636
 45191, 6527.2700,  3, 629.90, 27.859999999999673
 45193, 6527.4900,  3, 660.64, 28.090000000000146
 45243, 6532.7500,  3, 649.44, 33.31999999999971
 45373, 6561.0100,  1, -423.98, 13.570000000000618
 45373, 6561.0100,  1, -453.80, 13.570000000000618
 45402, 6564.0600,  1, -457.16, 16.6200000000008
 45402, 6564.0600,  1, -412.85, 16.6200000000008
 45510, 6575.4300,  3, 632.40, 27.980000000000473
 45523, 6576.8000,  1, -378.01, 29.360000000000582
 45655, 6590.7000,  3, 623.89, 43.24000000000069
 45702, 6595.6400,  3, 560.00, 48.11000000000058
 45830, 6624.0500,  1, -429.80, 13.360000000000582
 45830, 6624.0500,  1, -432.35, 13.360000000000582
 45844, 6625.5200,  1, -457.43, 14.830000000000837
 45846, 6625.7400,  1, -430.02, 15.050000000000182
 45910, 6632.4700,  1, -419.58, 21.780000000000655
 46005, 6642.4700,  3, 653.33, 31.68000000000029
 46019, 6643.9500,  3, 644.70, 33.210000000000036
 46038, 6645.9500,  3, 596.25, 35.19000000000051
 46134, 6671.2700,  1, -509.10, 9.990000000000691
 46213, 6679.5900,  1, -478.75, 18.3100000000004
 46213, 6679.5900,  1, -418.20, 18.3100000000004
 46303, 6689.0600,  1, -547.47, 27.780000000000655
 46313, 6690.1200,  3, 648.82, 28.75
 46353, 6694.3300,  3, 581.53, 32.99000000000069
 46361, 6695.1700,  3, 656.67, 33.82999999999993
 46435, 6702.9600,  3, 566.41, 41.61999999999989
 46566, 6731.2500,  1, -420.96, 13.680000000000291
 46579, 6732.6200,  1, -417.38, 15.050000000000182
 46579, 6732.6200,  1, -397.27, 15.050000000000182
 46641, 6739.1400,  1, -423.78, 21.57000000000062
 46692, 6744.5100,  3, 670.88, 26.850000000000364
 46704, 6745.7700,  3, 630.08, 28.150000000000546
 46713, 6746.7200,  3, 686.26, 29.0600000000004
 46756, 6751.2500,  3, 594.13, 33.600000000000364
 46824, 6773.1000,  1, -472.37, 7.050000000000182
 46824, 6773.1000,  1, -463.43, 7.050000000000182
 46889, 6779.9500,  1, -419.39, 13.899999999999636
 46889, 6779.9500,  1, -446.91, 13.899999999999636
 46892, 6780.2600,  1, -407.27, 14.210000000000036
 46989, 6790.4700,  3, 651.55, 24.359999999999673
 47033, 6795.1000,  3, 640.88, 29.01000000000022
 47082, 6800.2600,  3, 658.12, 34.13999999999942
 47205, 6827.9100,  1, -426.70, 12.840000000000146
 47205, 6827.9100,  1, -465.16, 12.840000000000146
 47211, 6828.5400,  1, -447.01, 13.470000000000255
 47211, 6828.5400,  1, -395.88, 13.470000000000255
 47253, 6832.9600,  1, -453.71, 17.890000000000327
 47253, 6832.9600,  1, -398.73, 17.890000000000327
 47337, 6841.8000,  3, 702.09, 26.710000000000036
 47457, 6854.4300,  3, 617.81, 39.27000000000044
 47598, 6884.1000,  1, -447.04, 14.730000000000473
 47598, 6884.1000,  1, -432.27, 14.730000000000473
 47648, 6889.3700,  1, -431.74, 20.0
 47764, 6901.5800,  3, 640.88, 32.17000000000007
 47798, 6905.1600,  3, 625.61, 35.73999999999978
 47815, 6906.9500,  3, 591.79, 37.55000000000018
 47920, 6918.0000,  3, 569.94, 48.55000000000018
 48006, 6927.0500,  3, 651.63, 57.67000000000007
 48093, 6950.7600,  1, -441.10, 9.050000000000182
 48093, 6950.7600,  1, -445.36, 9.050000000000182
 48139, 6955.6000,  1, -408.47, 13.890000000000327
 48188, 6960.7600,  1, -453.54, 19.050000000000182
 48188, 6960.7600,  1, -419.89, 19.050000000000182
 48278, 6970.2400,  3, 691.43, 28.460000000000036
 48312, 6973.8100,  3, 638.62, 32.05000000000018
 48384, 6981.3900,  3, 622.00, 39.659999999999854
 48523, 7010.8400,  1, -416.07, 14.520000000000437
 48523, 7010.8400,  1, -434.36, 14.520000000000437
 48597, 7018.6300,  1, -514.71, 22.3100000000004
 48597, 7018.6300,  1, -409.27, 22.3100000000004
 48644, 7023.5800,  1, -446.34, 27.26000000000022
 48667, 7026.0000,  3, 680.60, 29.579999999999927
 48674, 7026.7400,  3, 628.22, 30.38000000000011
 48779, 7037.7900,  3, 636.19, 41.36000000000058
 48977, 7073.4600,  1, -459.83, 20.73999999999978
 48977, 7073.4600,  1, -501.82, 20.73999999999978
 48982, 7073.9900,  1, -479.72, 21.269999999999527
 49025, 7078.5100,  3, 655.81, 25.75
 49033, 7079.3500,  3, 652.04, 26.599999999999454
 49046, 7080.7200,  1, -482.84, 28.0
 49065, 7082.7200,  3, 655.94, 29.909999999999854
 49150, 7091.6700,  3, 631.82, 38.88999999999942
 49296, 7121.6600,  1, -383.52, 15.269999999999527
 49296, 7121.6600,  1, -453.56, 15.269999999999527
 49315, 7123.6600,  1, -440.08, 17.269999999999527
 49397, 7132.2900,  3, 667.20, 25.799999999999272
 49414, 7134.0800,  3, 651.90, 27.61999999999989
 49420, 7134.7100,  3, 644.04, 28.30999999999949
 49430, 7135.7600,  3, 630.32, 29.329999999999927
 49550, 7148.3900,  3, 638.40, 41.969999999999345
 49617, 7170.2600,  1, -456.06, 6.949999999999818
 49617, 7170.2600,  1, -469.98, 6.949999999999818
 49776, 7187.0000,  3, 656.35, 23.599999999999454
 49825, 7192.1600,  3, 690.53, 28.75999999999931
 49837, 7193.4200,  3, 703.99, 30.019999999999527
 49841, 7193.8400,  3, 689.96, 30.449999999999818
 49860, 7195.8400,  3, 664.35, 32.469999999999345
 49868, 7196.6800,  3, 663.51, 33.30999999999949
 49985, 7223.6800,  1, -468.81, 12.200000000000728
 49985, 7223.6800,  1, -474.80, 12.200000000000728
 50003, 7225.5800,  1, -426.34, 14.100000000000364
 50003, 7225.5800,  1, -415.43, 14.100000000000364
 50077, 7233.3700,  3, 671.83, 21.780000000000655
 50175, 7243.6800,  3, 665.21, 32.1200000000008
 50222, 7248.6300,  3, 671.63, 37.14000000000033
 50311, 7258.0000,  3, 685.83, 46.44000000000051
 50419, 7284.1300,  1, -399.79, 11.260000000000218
 50419, 7284.1300,  1, -464.26, 11.260000000000218
 50449, 7287.2900,  1, -457.51, 14.420000000000073
 50449, 7287.2900,  1, -409.95, 14.420000000000073
 50567, 7299.7100,  3, 670.36, 26.75
 50614, 7304.6600,  3, 636.28, 31.779999999999745
 50617, 7304.9700,  3, 691.82, 32.07999999999993
 50700, 7313.7100,  3, 651.44, 40.76000000000022
 50781, 7337.5100,  1, -455.34, 8.420000000000073
 50781, 7337.5100,  1, -428.97, 8.420000000000073
 50855, 7345.3000,  1, -435.30, 16.210000000000036
 50855, 7345.3000,  1, -468.96, 16.210000000000036
 50937, 7353.9300,  3, 656.72, 24.779999999999745
 50949, 7355.2000,  3, 632.34, 26.01000000000022
 50962, 7356.5600,  3, 666.39, 27.460000000000036
 50966, 7356.9900,  3, 647.07, 27.88000000000011
 51083, 7384.0400,  1, -431.88, 12.210000000000036
 51083, 7384.0400,  1, -428.56, 12.210000000000036
 51093, 7385.0900,  1, -452.43, 13.260000000000218
 51093, 7385.0900,  1, -449.25, 13.260000000000218
 51231, 7399.6200,  3, 669.10, 27.730000000000473
 51267, 7403.4100,  3, 682.96, 31.51000000000022
 51267, 7403.4100,  3, 644.91, 31.5
 51282, 7404.9900,  3, 609.78, 33.11999999999989
 51352, 7427.0500,  1, -457.12, 7.260000000000218
 51352, 7427.0500,  1, -443.73, 7.260000000000218
 51418, 7434.0000,  1, -439.14, 14.210000000000036
 51418, 7434.0000,  1, -434.82, 14.210000000000036
 51519, 7444.6300,  3, 677.18, 24.800000000000182
 51543, 7447.1600,  3, 687.09, 27.350000000000364
 51579, 7450.9500,  3, 656.57, 31.079999999999927
 51600, 7453.1600,  3, 648.40, 33.340000000000146
 51722, 7480.4600,  1, -436.33, 12.739999999999782
 51722, 7480.4600,  1, -429.78, 12.739999999999782
 51771, 7485.6200,  1, -385.98, 17.899999999999636
 51771, 7485.6200,  1, -421.27, 17.899999999999636
 51791, 7487.7200,  3, 654.38, 19.98999999999978
 51814, 7490.1400,  1, -401.45, 22.420000000000073
 51814, 7490.1400,  1, -351.34, 22.420000000000073
 51907, 7499.9300,  3, 664.88, 32.13000000000011
 52034, 7527.7200,  1, -434.70, 13.260000000000218
 52034, 7527.7200,  1, -421.16, 13.260000000000218
 52045, 7528.8800,  1, -460.39, 14.420000000000073
 52071, 7531.6200,  1, -459.66, 17.159999999999854
 52071, 7531.6200,  1, -424.53, 17.159999999999854
 52120, 7536.7700,  3, 676.08, 22.23999999999978
 52173, 7542.3500,  3, 702.58, 27.829999999999927
 52179, 7542.9900,  3, 690.42, 28.479999999999563
 52292, 7569.5600,  1, -416.21, 11.780000000000655
 52292, 7569.5600,  1, -425.16, 11.780000000000655
 52314, 7571.8800,  1, -401.97, 14.100000000000364
 52314, 7571.8800,  1, -462.23, 14.100000000000364
 52322, 7572.7200,  1, -469.08, 14.94000000000051
 52460, 7587.2500,  1, -325.51, 29.470000000000255
 52534, 7595.0400,  3, 598.43, 37.210000000000036
 52539, 7595.5600,  3, 687.66, 37.710000000000036
 52707, 7627.5800,  1, -437.85, 17.579999999999927
 52707, 7627.5800,  1, -441.22, 17.579999999999927
 52795, 7636.8400,  3, 703.53, 26.829999999999927
 52828, 7640.3100,  3, 690.33, 30.300000000000182
 52830, 7640.5200,  3, 692.86, 30.43000000000029
 52852, 7642.8400,  3, 780.19, 32.75
 52865, 7644.2100,  3, 700.85, 34.13000000000011
 52876, 7645.3700,  3, 653.91, 35.32999999999993
 52996, 7672.4500,  1, -396.95, 12.529999999999745
 52996, 7672.4500,  1, -420.46, 12.529999999999745
 53006, 7673.5000,  1, -487.41, 13.579999999999927
 53006, 7673.5000,  1, -411.81, 13.579999999999927
 53100, 7683.3900,  3, 673.04, 23.390000000000327
 53111, 7684.5500,  3, 658.08, 24.61999999999989
 53130, 7686.5500,  1, -431.23, 26.63000000000011
 53133, 7686.8700,  3, 624.79, 26.840000000000146
 53253, 7714.0500,  1, -406.95, 12.529999999999745
 53259, 7714.6800,  1, -425.20, 13.159999999999854
 53259, 7714.6800,  1, -444.78, 13.159999999999854
 53284, 7717.3100,  1, -410.19, 15.789999999999964
 53284, 7717.3100,  1, -457.88, 15.789999999999964
 53307, 7719.7400,  1, -464.13, 18.219999999999345
 53345, 7723.7400,  3, 659.59, 22.139999999999418
 53353, 7724.5800,  3, 671.63, 23.019999999999527
 53484, 7752.7900,  1, -426.24, 13.6899999999996
 53536, 7758.2600,  1, -454.52, 19.159999999999854
 53548, 7759.5200,  1, -450.55, 20.420000000000073
 53631, 7768.2600,  3, 704.60, 29.109999999999673
 53684, 7773.8400,  3, 571.04, 34.69999999999982
 53685, 7773.9500,  3, 599.55, 34.76999999999953
 53695, 7775.0000,  3, 641.05, 35.8799999999992
 53712, 7776.7900,  3, 633.79, 37.67000000000007
 53840, 7804.9100,  1, -419.99, 13.36999999999989
 53840, 7804.9100,  1, -421.90, 13.36999999999989
 53842, 7805.1200,  1, -433.58, 13.579999999999927
 53842, 7805.1200,  1, -466.93, 13.579999999999927
 53862, 7807.2200,  1, -428.32, 15.680000000000291
 54061, 7828.1700,  3, 598.60, 36.56999999999971
 54065, 7828.5900,  3, 604.34, 36.98000000000047
 54112, 7833.5400,  3, 643.44, 41.98000000000047
 54203, 7857.5800,  1, -424.11, 9.470000000000255
 54203, 7857.5800,  1, -467.14, 9.470000000000255
 54349, 7872.9500,  3, 678.32, 24.800000000000182
 54386, 7876.8400,  3, 689.88, 28.720000000000255
 54425, 7880.9500,  3, 710.78, 32.77000000000044
 54436, 7882.1000,  3, 647.61, 33.970000000000255
 54449, 7883.4700,  3, 666.06, 35.289999999999964
 54488, 7887.5800,  3, 666.79, 39.36999999999989
 54622, 7916.7700,  1, -460.74, 14.0
 54634, 7918.0400,  1, -436.06, 15.269999999999527
 54634, 7918.0400,  1, -420.90, 15.269999999999527
 54646, 7919.3000,  1, -459.66, 16.529999999999745
 54662, 7920.9900,  1, -444.83, 18.219999999999345
 54662, 7920.9900,  1, -426.54, 18.219999999999345
 54754, 7930.6700,  3, 642.90, 27.86999999999989
 54826, 7938.2500,  1, -427.44, 35.47999999999956
 54900, 7960.6000,  1, -443.44, 7.680000000000291
 54900, 7960.6000,  1, -428.99, 7.680000000000291
 54936, 7964.3900,  1, -439.49, 11.470000000000255
 55059, 7977.3400,  3, 675.03, 24.399999999999636
 55084, 7979.9700,  3, 699.58, 27.0
 55094, 7981.0200,  3, 698.60, 28.06999999999971
 55101, 7981.7600,  3, 714.27, 28.76000000000022
 55166, 7988.6000,  3, 667.18, 35.57999999999993
 55323, 8019.7600,  1, -474.65, 16.420000000000073
 55323, 8019.7600,  1, -413.74, 16.420000000000073
 55335, 8021.0200,  1, -447.01, 17.68000000000029
 55361, 8023.7600,  1, -449.01, 20.420000000000073
 55361, 8023.7600,  1, -425.85, 20.420000000000073
 55404, 8028.2900,  3, 680.58, 24.88000000000011
 55425, 8030.5000,  3, 658.73, 27.13000000000011
 55444, 8032.5000,  3, 644.76, 29.099999999999454
 55544, 8057.5400,  1, -422.19, 10.420000000000073
 55569, 8060.1700,  1, -453.44, 13.050000000000182
 55569, 8060.1700,  1, -469.76, 13.050000000000182
 55655, 8069.2200,  3, 670.23, 22.020000000000437
 55658, 8069.5400,  3, 638.24, 22.350000000000364
 55696, 8073.5400,  3, 678.69, 26.409999999999854
 55734, 8077.5400,  1, -438.52, 30.420000000000073
 55789, 8083.3300,  3, 609.63, 36.19999999999982
 55897, 8109.3300,  1, -445.37, 11.260000000000218
 55897, 8109.3300,  1, -405.99, 11.260000000000218
 55924, 8112.1700,  1, -435.83, 14.100000000000364
 55924, 8112.1700,  1, -427.01, 14.100000000000364
 56023, 8122.5900,  3, 658.94, 24.470000000000255
 56026, 8122.9100,  3, 659.20, 24.829999999999927
 56061, 8126.5900,  3, 662.46, 28.49000000000069
 56100, 8130.7000,  3, 720.26, 32.57999999999993
 56312, 8168.4700,  1, -487.19, 22.210000000000036
 56312, 8168.4700,  1, -427.26, 22.210000000000036
 56350, 8172.4700,  3, 704.59, 26.17999999999938
 56433, 8181.2100,  1, -470.46, 34.94999999999982
 56433, 8181.2100,  1, -322.92, 34.94999999999982
 56497, 8187.9500,  3, 618.87, 41.63000000000011
 56512, 8189.5200,  3, 586.76, 43.159999999999854
 56564, 8194.9200,  3, 693.12, 48.63999999999942
 56631, 8216.2900,  1, -454.35, 6.740000000001601
 56631, 8216.2900,  1, -448.84, 6.740000000001601
 56713, 8224.6800,  1, -423.47, 15.130000000001019
 56713, 8224.6800,  1, -417.77, 15.130000000001019
 56747, 8228.1600,  3, 674.90, 18.520000000000437
 56809, 8234.5000,  3, 657.27, 24.890000000001237
 56875, 8241.2500,  3, 638.46, 31.640000000001237
 56919, 8245.7500,  3, 617.52, 36.150000000001455
 57014, 8270.9000,  1, -461.55, 9.619999999998981
 57057, 8275.2900,  1, -459.80, 14.010000000000218
 57057, 8275.2900,  1, -460.05, 14.010000000000218
 57237, 8293.7000,  3, 714.92, 32.36999999999898
 57246, 8294.6200,  3, 641.21, 33.26999999999862
 57248, 8294.8300,  3, 606.85, 33.5
 57293, 8299.4300,  3, 591.49, 38.13999999999942
 57296, 8299.7400,  3, 610.26, 38.36999999999898
 57421, 8327.9500,  1, -434.15, 12.680000000000291
 57421, 8327.9500,  1, -446.12, 12.680000000000291
 57539, 8340.0200,  3, 673.08, 24.649999999999636
 57555, 8341.6600,  3, 661.18, 26.340000000000146
 57570, 8343.1900,  3, 691.54, 27.909999999999854
 57574, 8343.6000,  3, 657.44, 28.23999999999978
 57577, 8343.9100,  3, 659.00, 28.600000000000364
 57581, 8344.3200,  3, 654.43, 29.020000000000437
 57695, 8370.5300,  1, -460.01, 11.550000000001091
 57695, 8370.5300,  1, -425.09, 11.550000000001091
 57773, 8378.5100,  1, -422.44, 19.530000000000655
 57811, 8382.4000,  3, 685.23, 23.38000000000102
 57818, 8383.1100,  3, 669.70, 24.079999999999927
 57872, 8388.6400,  3, 699.21, 29.610000000000582
 57921, 8393.6500,  3, 706.63, 34.57999999999993
 57942, 8395.7900,  3, 661.22, 36.80000000000109
 58031, 8419.5800,  1, -433.13, 9.0
 58031, 8419.5800,  1, -438.50, 9.0
 58076, 8424.1800,  1, -394.02, 13.600000000000364
 58076, 8424.1800,  1, -457.09, 13.600000000000364
 58211, 8437.9900,  3, 670.92, 27.31999999999971
 58274, 8444.4300,  3, 665.15, 33.80999999999949
 58333, 8450.4700,  3, 668.02, 39.81999999999971
 58374, 8454.6600,  3, 620.99, 44.05999999999949
 58606, 8492.9500,  1, -373.93, 23.6200000000008
 58606, 8492.9500,  1, -502.54, 23.6200000000008
 58646, 8497.0400,  1, -345.26, 27.710000000000946
 58651, 8497.5600,  3, 726.78, 28.1200000000008
 58665, 8498.9900,  3, 658.62, 29.600000000000364
 58680, 8500.5200,  3, 645.47, 31.149999999999636
 58801, 8512.9000,  3, 608.40, 43.55999999999949
 58860, 8518.9300,  3, 684.39, 49.56999999999971
 58996, 8547.2500,  1, -439.26, 13.80999999999949
 59004, 8548.0700,  1, -416.94, 14.6299999999992
 59004, 8548.0700,  1, -398.28, 14.6299999999992
 59083, 8556.1500,  3, 674.62, 22.6299999999992
 59119, 8559.8300,  3, 663.90, 26.329999999999927
 59211, 8569.2400,  3, 614.63, 35.73999999999978
 59231, 8571.2800,  3, 625.68, 37.79999999999927
 59243, 8572.5100,  3, 628.02, 38.97999999999956
 59311, 8594.0000,  1, -466.79, 6.850000000000364
 59311, 8594.0000,  1, -455.54, 6.850000000000364
 59449, 8608.1100,  1, -402.31, 20.960000000000946
 59463, 8609.5400,  3, 690.97, 22.3700000000008
 59473, 8610.5700,  3, 642.61, 23.31999999999971
 59480, 8611.2800,  3, 645.94, 24.06999999999971
 59580, 8621.5100,  3, 678.48, 34.27000000000044
 59587, 8622.2300,  3, 695.03, 34.98999999999978
 59745, 8653.9200,  1, -445.72, 16.05999999999949
 59745, 8653.9200,  1, -436.19, 16.05999999999949
 59808, 8660.3600,  1, -479.12, 22.5
 59855, 8665.1700,  3, 654.40, 27.26000000000022
 59861, 8665.7800,  3, 656.25, 27.909999999999854
 59891, 8668.8500,  3, 667.03, 30.94999999999891
 59938, 8673.6600,  3, 640.34, 35.73999999999978
 59961, 8676.0100,  3, 725.04, 38.06999999999971
 60134, 8708.3600,  1, -473.45, 17.590000000000146
 60134, 8708.3600,  1, -430.80, 17.590000000000146
 60169, 8711.9400,  1, -436.42, 21.170000000000073
 60169, 8711.9400,  1, -418.93, 21.170000000000073
 60176, 8712.6600,  3, 641.91, 21.829999999999927
 60188, 8713.8900,  3, 636.19, 23.109999999998763
 60248, 8720.0200,  3, 636.56, 29.159999999999854
 60292, 8724.5200,  3, 718.30, 33.68000000000029
 60416, 8751.6900,  1, -441.28, 12.579999999999927
 60416, 8751.6900,  1, -425.73, 12.579999999999927
 60559, 8766.3200,  3, 683.63, 27.149999999999636
 60561, 8766.5200,  3, 661.33, 27.3799999999992
 60573, 8767.7500,  3, 628.85, 28.599999999998545
 60589, 8769.3900,  3, 619.02, 30.219999999999345
 60595, 8770.0000,  3, 666.91, 30.849999999998545
 60716, 8782.3700,  3, 589.22, 43.22999999999956
 60930, 8819.5600,  3, 663.02, 21.779999999998836
 60969, 8823.5400,  3, 650.95, 25.709999999999127
 61055, 8832.3400,  3, 623.91, 34.529999999998836
 61072, 8834.0800,  3, 613.74, 36.26000000000022
 61091, 8836.0200,  3, 644.08, 38.18999999999869
 61100, 8836.9400,  3, 638.95, 39.159999999999854
 61197, 8846.8600,  3, 598.08, 49.02000000000044
 61375, 8865.0700,  1, -570.58, 67.29999999999927
 61512, 8893.5100,  1, -506.39, 13.909999999999854
 61520, 8894.3300,  1, -487.81, 14.729999999999563
 61520, 8894.3300,  1, -519.05, 14.729999999999563
 61573, 8899.7500,  1, -455.40, 20.149999999999636
 61573, 8899.7500,  1, -464.41, 20.149999999999636
 61616, 8904.1500,  1, -445.22, 24.549999999999272
 61616, 8904.1500,  1, -435.63, 24.549999999999272
 61745, 8917.3400,  3, 595.68, 37.69000000000051
 61783, 8935.8300,  1, -520.93, 3.789999999999054
 61856, 8943.2900,  1, -418.89, 11.25
 61856, 8943.2900,  1, -422.20, 11.25
 61978, 8955.7700,  3, 693.06, 23.659999999999854
 62041, 8962.2200,  3, 688.37, 30.169999999998254
 62056, 8963.7500,  1, -501.86, 31.709999999999127
 62056, 8963.7500,  1, -452.02, 31.709999999999127
 62112, 8969.4800,  3, 594.66, 37.3799999999992
 62181, 8992.0200,  1, -462.29, 6.950000000000728
 62181, 8992.0200,  1, -448.99, 6.950000000000728
 62264, 9000.5100,  1, -467.32, 15.44000000000051
 62264, 9000.5100,  1, -391.58, 15.44000000000051
 62455, 9020.0400,  3, 669.41, 34.960000000000946
 62469, 9021.4800,  3, 685.33, 36.38999999999942
 62482, 9022.8100,  3, 690.46, 37.69000000000051
 62495, 9024.1400,  3, 624.27, 38.970000000001164
 62593, 9049.4900,  1, -421.43, 9.920000000000073
 62742, 9064.7300,  3, 605.58, 25.1200000000008
 62772, 9067.7900,  3, 660.62, 28.159999999999854
 62797, 9070.3500,  3, 675.35, 30.729999999999563
 62827, 9073.4200,  3, 661.36, 33.80999999999949
 62832, 9073.9300,  3, 671.10, 34.29000000000087
 62840, 9074.7500,  3, 684.65, 35.11000000000058
 62902, 9081.0900,  3, 626.03, 41.5
 63034, 9108.9800,  1, -411.75, 13.399999999999636
 63066, 9112.2500,  1, -436.65, 16.670000000000073
 63192, 9125.1400,  3, 680.73, 29.540000000000873
 63194, 9125.3400,  3, 614.72, 29.710000000000946
 63214, 9127.3900,  3, 696.35, 31.73999999999978
 63218, 9127.7900,  3, 638.11, 32.149999999999636
 63237, 9129.7400,  3, 664.19, 34.090000000000146
 63254, 9131.4800,  3, 670.91, 35.8799999999992
 63350, 9155.5900,  1, -430.62, 9.719999999999345
 63350, 9155.5900,  1, -453.29, 9.719999999999345
 63364, 9157.0200,  1, -440.20, 11.149999999999636
 63382, 9158.8600,  1, -416.61, 12.989999999999782
 63382, 9158.8600,  1, -398.92, 12.989999999999782
 63543, 9175.3300,  3, 640.91, 29.429999999998472
 63667, 9188.0100,  3, 607.52, 42.10999999999876
 63837, 9205.4000,  3, 639.58, 59.42999999999847
 63969, 9233.5200,  1, -409.76, 13.390000000001237
 63969, 9233.5200,  1, -424.28, 13.390000000001237
 64002, 9236.9000,  1, -451.14, 16.770000000000437
 64002, 9236.9000,  1, -416.93, 16.770000000000437
 64026, 9239.3500,  1, -464.47, 19.220000000001164
 64026, 9239.3500,  1, -404.50, 19.220000000001164
 64158, 9252.8500,  3, 674.45, 32.67000000000007
 64406, 9278.2200,  3, 600.94, 58.07000000000153
 64559, 9308.5900,  1, -488.96, 15.549999999999272
 64559, 9308.5900,  1, -399.36, 15.549999999999272
 64664, 9319.3300,  3, 663.61, 26.229999999999563
 64678, 9320.7600,  3, 647.67, 27.669999999998254
 64686, 9321.5800,  1, -494.59, 28.539999999999054
 64693, 9322.2900,  3, 707.34, 29.23999999999978
 64698, 9322.8100,  3, 672.19, 29.659999999999854
 64825, 9335.7900,  3, 576.33, 42.72999999999956
 64893, 9357.4200,  1, -463.93, 6.850000000000364
 64893, 9357.4200,  1, -464.70, 6.850000000000364
 65097, 9378.2800,  3, 650.16, 27.670000000000073
 65160, 9384.7300,  3, 667.04, 34.11000000000058
 65162, 9384.9300,  3, 653.79, 34.350000000000364
 65185, 9387.2800,  3, 617.82, 36.70000000000073
 65234, 9392.2900,  3, 631.42, 41.68000000000029
 65304, 9399.4500,  3, 612.45, 48.82999999999993
 65435, 9427.2900,  1, -403.57, 13.290000000000873
 65435, 9427.2900,  1, -472.19, 13.290000000000873
 65462, 9430.0600,  1, -499.75, 16.05999999999949
 65462, 9430.0600,  1, -425.20, 16.05999999999949
 65604, 9444.5800,  3, 615.00, 30.51000000000022
 65631, 9447.3400,  3, 667.56, 33.26000000000022
 65785, 9463.0900,  3, 626.61, 49.02000000000044
 66038, 9488.9700,  3, 506.96, 74.8700000000008
 66065, 9506.0300,  1, -509.73, 2.650000000001455
 66173, 9517.0800,  1, -428.59, 13.700000000000728
 66173, 9517.0800,  1, -427.65, 13.700000000000728
 66178, 9517.5900,  1, -423.76, 14.210000000000946
 66178, 9517.5900,  1, -417.60, 14.210000000000946
 66227, 9522.6000,  1, -416.95, 19.220000000001164
 66291, 9529.1500,  3, 664.61, 25.710000000000946
 66339, 9534.0600,  3, 689.20, 30.600000000000364
 66490, 9564.1400,  1, -420.15, 15.349999999998545
 66490, 9564.1400,  1, -401.54, 15.349999999998545
 66591, 9574.4700,  3, 663.90, 25.639999999999418
 66613, 9576.7200,  3, 664.88, 27.919999999998254
 66643, 9579.7800,  3, 667.83, 30.959999999999127
 66745, 9590.2200,  3, 610.50, 41.419999999998254
 66825, 9598.4000,  3, 596.03, 49.55999999999949
 66854, 9601.3600,  3, 593.70, 52.469999999999345
 66962, 9627.6600,  1, -424.42, 10.94000000000051
 66962, 9627.6600,  1, -409.13, 10.94000000000051
 67107, 9642.4900,  1, -440.57, 25.770000000000437
 67142, 9646.0700,  3, 665.40, 29.31000000000131
 67154, 9647.2900,  3, 636.48, 30.530000000000655
 67178, 9649.7500,  3, 683.67, 32.93000000000029
 67265, 9658.6500,  3, 617.77, 41.82999999999993
 67383, 9670.7200,  3, 626.13, 53.98000000000138
 67599, 9707.2500,  1, -447.01, 21.98999999999978
 67651, 9712.5700,  1, -477.76, 27.30999999999949
 67689, 9716.4500,  3, 702.60, 31.139999999999418
 67787, 9726.4800,  3, 674.69, 41.149999999999636
 67824, 9730.2600,  3, 596.36, 44.97999999999956
 67834, 9731.2800,  3, 635.16, 45.95999999999913
 67845, 9732.4100,  3, 666.83, 47.11000000000058
 67902, 9738.2400,  3, 632.85, 52.969999999999345
 68123, 9775.4800,  3, 696.68, 22.479999999999563
 68124, 9775.5800,  1, -563.48, 22.600000000000364
 68149, 9778.1400,  3, 649.48, 25.06000000000131
 68174, 9780.6900,  3, 664.78, 27.670000000000073
 68207, 9784.0700,  3, 697.73, 31.05000000000109
 68207, 9784.0700,  3, 712.18, 30.98999999999978
 68211, 9784.4800,  3, 652.71, 31.48999999999978
 68282, 9791.7400,  3, 635.07, 38.68000000000029
 68409, 9819.0900,  1, -424.29, 12.889999999999418
 68409, 9819.0900,  1, -448.99, 12.889999999999418
 68409, 9819.0900,  1, -422.06, 12.889999999999418
 68641, 9842.8200,  3, 640.83, 36.54999999999927
 68647, 9843.4300,  3, 667.76, 37.13999999999942
 68656, 9844.3500,  3, 686.98, 38.099999999998545
 69048, 9884.4400,  3, 564.37, 78.18999999999869
 69261, 9906.2300,  2, -34.47, 100
 69407, 9935.7900,  1, -394.47, 14.720000000001164
 69407, 9935.7900,  1, -413.04, 14.720000000001164
 69505, 9945.8200,  3, 676.04, 24.68000000000029
 69516, 9946.9400,  3, 666.73, 25.80999999999949
 69594, 9954.9200,  3, 636.42, 33.80000000000109
 69611, 9956.6600,  3, 652.05, 35.57999999999993
 69639, 9959.5200,  3, 639.90, 38.38000000000102
 69666, 9962.2800,  3, 602.57, 41.159999999999854
 69779, 9988.3400,  1, -411.81, 11.450000000000728
 69779, 9988.3400,  1, -401.82, 11.450000000000728
 69783, 9988.7500,  1, -432.55, 11.860000000000582
 69849, 9995.5000,  1, -414.59, 18.610000000000582
 69849, 9995.5000,  1, -447.39, 18.610000000000582
 69937, 10004.5000,  3, 668.71, 27.51000000000022
 69972, 10008.0800,  3, 659.64, 31.100000000000364
 69972, 10008.0800,  3, 664.18, 31.18000000000029
 70119, 10037.3900,  1, -447.81, 14.93999999999869
 70119, 10037.3900,  1, -428.19, 14.93999999999869
 70175, 10043.1100,  3, 684.66, 20.609999999998763
 70228, 10048.5300,  1, -535.61, 26.079999999999927
 70228, 10048.5300,  1, -369.69, 26.079999999999927
 70415, 10067.6600,  1, -423.31, 45.20999999999913
 70470, 10073.2800,  3, 625.91, 50.79999999999927
 70499, 10076.2500,  1, -564.48, 53.79999999999927
 70708, 10112.0900,  1, -413.30, 21.170000000000073
 70708, 10112.0900,  1, -380.45, 21.170000000000073
 70740, 10115.3600,  3, 665.09, 24.409999999999854
 70752, 10116.5900,  3, 680.74, 25.6200000000008
 70785, 10119.9700,  3, 657.38, 28.979999999999563
 70790, 10120.4800,  3, 641.26, 29.549999999999272
 70874, 10129.0700,  3, 650.08, 38.07999999999993
 70881, 10129.7800,  3, 604.54, 38.789999999999054
 70968, 10153.2200,  1, -475.49, 8.799999999999272
 70968, 10153.2200,  1, -434.75, 8.799999999999272
 70986, 10155.0600,  1, -391.14, 10.639999999999418
 70986, 10155.0600,  1, -436.52, 10.639999999999418
 71011, 10157.6100,  1, -407.62, 13.19000000000051
 71025, 10159.0400,  1, -378.73, 14.6200000000008
 71170, 10173.8700,  3, 659.26, 29.3799999999992
 71204, 10177.3500,  3, 678.20, 32.899999999999636
 71376, 10209.5400,  1, -476.58, 17.480000000001382
 71376, 10209.5400,  1, -380.32, 17.480000000001382
 71411, 10213.1200,  3, 666.49, 21.01000000000022
 71423, 10214.3500,  3, 651.71, 22.270000000000437
 71449, 10217.0100,  3, 684.77, 24.88000000000102
 71494, 10221.6100,  3, 651.86, 29.470000000001164
 71513, 10223.5600,  3, 665.24, 31.450000000000728
 71545, 10226.8300,  3, 647.64, 34.710000000000946
 71779, 10265.4100,  1, -529.69, 23.829999999999927
 71784, 10265.9200,  3, 639.44, 24.31999999999971
 71813, 10268.8900,  3, 715.15, 27.229999999999563
 71832, 10270.8300,  3, 677.84, 29.219999999999345
 71857, 10273.3900,  1, -433.31, 31.80999999999949
 71916, 10279.4200,  3, 652.72, 37.73999999999978
 72011, 10289.1400,  3, 563.93, 47.51000000000022
 72037, 10291.7900,  3, 594.50, 50.18000000000029
 72224, 10325.4800,  1, -406.06, 19.029999999998836
 72224, 10325.4800,  1, -406.68, 19.029999999998836
 72325, 10335.8100,  1, -359.62, 29.359999999998763
 72372, 10340.6100,  3, 651.03, 34.1299999999992
 72393, 10342.7600,  3, 631.20, 36.26999999999862
 72436, 10347.1600,  3, 682.34, 40.68999999999869
 72460, 10349.6100,  3, 606.64, 43.149999999999636
 72544, 10358.2000,  3, 621.97, 51.659999999999854
 72670, 10385.7600,  1, -377.48, 12.780000000000655
 72670, 10385.7600,  1, -441.44, 12.780000000000655
 72690, 10387.8100,  1, -391.76, 14.829999999999927
 72690, 10387.8100,  1, -403.03, 14.829999999999927
 72788, 10397.8300,  3, 661.18, 24.80000000000109
 72830, 10402.1200,  1, -472.92, 29.140000000001237
 72866, 10405.8100,  3, 622.66, 32.720000000001164
 72990, 10418.4900,  3, 612.88, 45.5
 73166, 10451.1600,  1, -421.09, 17.899999999999636
 73195, 10454.1200,  3, 674.10, 20.80999999999949
 73226, 10457.2900,  1, -535.17, 24.030000000000655
 73229, 10457.6000,  3, 641.73, 24.31999999999971
 73243, 10459.0300,  1, -471.46, 25.770000000000437
 73288, 10463.6400,  1, -372.92, 30.3799999999992
 73335, 10468.4400,  3, 648.44, 35.100000000000364
 73357, 10470.6900,  3, 607.54, 37.38999999999942
 73430, 10492.5800,  1, -449.66, 7.360000000000582
 73430, 10492.5800,  1, -440.59, 7.360000000000582
 73594, 10509.3500,  3, 675.07, 24.040000000000873
 73599, 10509.8600,  3, 720.23, 24.6200000000008
 73605, 10510.4800,  3, 692.46, 25.150000000001455
 73610, 10510.9900,  3, 682.56, 25.720000000001164
 73622, 10512.2200,  3, 660.91, 26.920000000000073
 74016, 10552.5100,  3, 699.70, 67.28000000000065
 74149, 10581.4000,  1, -430.90, 13.5
 74149, 10581.4000,  1, -427.87, 13.5
 74166, 10583.1400,  1, -413.47, 15.239999999999782
 74166, 10583.1400,  1, -406.21, 15.239999999999782
 74258, 10592.5400,  3, 682.44, 24.579999999999927
 74335, 10600.4200,  3, 709.81, 32.460000000000946
 74349, 10601.8500,  3, 608.56, 33.909999999999854
 74431, 10610.2400,  1, -406.25, 42.340000000000146
 74640, 10647.0000,  1, -452.94, 21.170000000000073
 74769, 10660.1900,  3, 621.42, 34.27000000000044
 74865, 10670.0100,  3, 630.74, 44.1200000000008
 74931, 10676.7600,  1, -473.07, 50.93000000000029
 74931, 10676.7600,  1, -543.03, 50.93000000000029
 74982, 10681.9800,  3, 626.58, 56.04999999999927
 75125, 10696.6000,  3, 549.74, 70.72999999999956
 75150, 10699.1600,  3, 505.85, 73.28000000000065
 75283, 10727.2000,  1, -488.97, 13.4900000000016
 75283, 10727.2000,  1, -380.41, 13.4900000000016
 75286, 10727.5100,  1, -412.76, 13.800000000001091
 75286, 10727.5100,  1, -423.60, 13.800000000001091
 75434, 10742.6500,  3, 658.33, 28.860000000000582
 75473, 10746.6400,  3, 703.48, 32.92000000000007
 75517, 10751.1400,  3, 674.83, 37.41000000000167
 75558, 10755.3300,  3, 653.49, 41.590000000000146
 75798, 10794.2700,  3, 689.31, 24.420000000000073
 75813, 10795.8100,  3, 696.90, 25.899999999999636
 75822, 10796.7300,  3, 714.96, 26.81999999999971
 75853, 10799.9000,  3, 692.17, 29.979999999999563
 75875, 10802.1500,  3, 619.18, 32.280000000000655
 75895, 10804.1900,  3, 656.44, 34.26000000000022
 75950, 10809.8200,  3, 668.24, 39.93000000000029
 76195, 10834.8700,  1, -541.01, 65.04000000000087
 76320, 10861.9800,  1, -431.39, 12.579999999999927
 76320, 10861.9800,  1, -424.28, 12.579999999999927
 76321, 10862.0800,  1, -406.19, 12.680000000000291
 76321, 10862.0800,  1, -439.81, 12.680000000000291
 76324, 10862.3900,  1, -417.51, 12.989999999999782
 76326, 10862.5900,  1, -417.29, 13.19000000000051
 76326, 10862.5900,  1, -408.36, 13.19000000000051
 76345, 10864.5300,  1, -419.34, 15.130000000001019
 76470, 10892.1400,  1, -454.23, 12.579999999999927
 76576, 10902.9800,  3, 653.30, 23.38000000000102
 76672, 10912.7900,  3, 620.39, 33.149999999999636
 76676, 10913.2000,  3, 637.45, 33.600000000000364
 76678, 10913.4100,  3, 620.38, 33.76000000000022
 76705, 10916.1700,  3, 656.52, 36.57999999999993
 76730, 10918.7300,  3, 614.13, 39.07999999999993
 76744, 10920.1600,  3, 599.93, 40.590000000000146
 76966, 10957.2400,  1, -386.66, 22.600000000000364
 76966, 10957.2400,  1, -502.50, 22.600000000000364
 76973, 10957.9500,  3, 698.41, 23.280000000000655
 76996, 10960.3100,  3, 645.61, 25.56999999999971
 77008, 10961.5300,  3, 633.83, 26.88000000000102
 77026, 10963.3700,  1, -478.93, 28.730000000001382
 77028, 10963.5800,  3, 715.75, 28.920000000000073
 77153, 10976.3600,  1, -483.88, 41.720000000001164
 77281, 11004.8500,  1, -418.13, 12.989999999999782
 77281, 11004.8500,  1, -392.04, 12.989999999999782
 77316, 11008.4300,  1, -396.41, 16.56999999999971
 77316, 11008.4300,  1, -410.01, 16.56999999999971
 77376, 11014.5700,  1, -414.70, 22.709999999999127
 77376, 11014.5700,  1, -476.21, 22.709999999999127
 77428, 11019.8900,  3, 679.30, 27.93999999999869
 77593, 11036.7600,  3, 610.02, 44.81999999999971
 77724, 11065.5800,  1, -455.98, 13.299999999999272
 77742, 11067.4200,  1, -482.80, 15.139999999999418
 77759, 11069.1600,  1, -421.69, 16.8799999999992
 77759, 11069.1600,  1, -436.83, 16.8799999999992
 77898, 11083.3700,  3, 636.66, 31.06999999999971
 77917, 11085.3200,  3, 656.51, 32.94999999999891
 77995, 11093.2900,  3, 590.05, 40.93999999999869
 78143, 11108.4300,  3, 591.30, 56.099999999998545
 78263, 11135.3600,  1, -453.45, 12.170000000000073
 78263, 11135.3600,  1, -427.86, 12.170000000000073
 78271, 11136.1800,  1, -413.00, 12.989999999999782
 78271, 11136.1800,  1, -412.54, 12.989999999999782
 78299, 11139.0400,  1, -438.07, 15.850000000000364
 78385, 11147.8400,  3, 669.94, 24.61999999999898
 78408, 11150.1900,  3, 657.39, 26.899999999999636
 78444, 11153.8700,  3, 604.09, 30.579999999999927
 78604, 11184.4500,  1, -401.54, 16.26000000000022
 78604, 11184.4500,  1, -507.66, 16.26000000000022
 78607, 11184.7600,  1, -418.12, 16.56999999999971
 78655, 11189.6700,  3, 664.66, 21.420000000000073
 78688, 11193.0400,  3, 668.53, 24.799999999999272
 78697, 11193.9700,  3, 700.58, 25.73999999999978
 78698, 11194.0700,  3, 704.59, 25.789999999999054
 78726, 11196.9300,  3, 701.71, 28.69999999999891
 78845, 11223.6600,  1, -427.38, 12.069999999999709
 78845, 11223.6600,  1, -432.46, 12.069999999999709
 78925, 11231.8400,  3, 662.68, 20.23999999999978
 78991, 11238.5900,  3, 620.92, 26.93000000000029
 78992, 11238.6900,  3, 654.40, 27.06999999999971
 79015, 11241.0400,  3, 669.14, 29.399999999999636
 79067, 11246.3600,  3, 668.61, 34.69000000000051
 79101, 11249.8400,  3, 640.59, 38.22999999999956
 79223, 11276.9400,  1, -439.79, 12.3700000000008
 79223, 11276.9400,  1, -404.42, 12.3700000000008
 79224, 11277.0400,  1, -448.37, 12.470000000001164
 79224, 11277.0400,  1, -420.12, 12.470000000001164
 79241, 11278.7800,  1, -416.06, 14.210000000000946
 79241, 11278.7800,  1, -429.09, 14.210000000000946
 79288, 11283.5900,  1, -491.20, 19.020000000000437
 79288, 11283.5900,  1, -399.05, 19.020000000000437
 79386, 11308.9900,  1, -437.56, 9.819999999999709
 79386, 11308.9900,  1, -451.21, 9.819999999999709
 79423, 11312.7700,  1, -385.36, 13.600000000000364
 79423, 11312.7700,  1, -453.43, 13.600000000000364
 79518, 11322.4900,  3, 674.80, 23.280000000000655
 79602, 11331.0800,  3, 637.16, 31.80999999999949
 79649, 11335.8900,  3, 656.80, 36.649999999999636
 79818, 11353.1700,  1, -401.20, 54.0
 79888, 11374.6800,  1, -433.62, 7.059999999999491
 79888, 11374.6800,  1, -453.09, 7.059999999999491
 80041, 11390.3300,  3, 694.31, 22.679999999998472
 80041, 11390.3300,  3, 651.46, 22.68999999999869
 80080, 11394.3200,  3, 642.71, 26.609999999998763
 80086, 11394.9300,  1, -448.12, 27.30999999999949
 80099, 11396.2600,  3, 663.86, 28.609999999998763
 80140, 11400.4500,  3, 682.35, 32.789999999999054
 80256, 11427.8900,  1, -453.11, 11.769999999998618
 80256, 11427.8900,  1, -486.69, 11.769999999998618
 80311, 11433.5100,  1, -436.22, 17.389999999999418
 80311, 11433.5100,  1, -505.22, 17.389999999999418
 80331, 11435.5600,  1, -459.72, 19.43999999999869
 80331, 11435.5600,  1, -403.00, 19.43999999999869
 80407, 11443.3300,  3, 643.89, 27.1299999999992
 80452, 11447.9300,  3, 714.72, 31.719999999999345
 80614, 11478.9900,  1, -436.99, 16.469999999999345
 80693, 11487.0700,  3, 612.34, 24.469999999999345
 80792, 11497.1900,  1, -453.80, 34.67000000000007
 80792, 11497.1900,  1, -441.79, 34.67000000000007
 80827, 11500.7700,  3, 627.15, 38.18000000000029
 80843, 11502.4100,  3, 636.74, 39.86999999999898
 80926, 11510.9000,  3, 606.72, 48.279999999998836
 81093, 11527.9800,  3, 565.47, 65.35000000000036
 81175, 11550.7700,  1, -443.88, 8.280000000000655
 81175, 11550.7700,  1, -457.87, 8.280000000000655
 81194, 11552.7200,  1, -450.79, 10.229999999999563
 81224, 11555.7800,  1, -418.92, 13.290000000000873
 81224, 11555.7800,  1, -444.93, 13.290000000000873
 81348, 11568.4700,  3, 676.93, 25.950000000000728
 81357, 11569.3900,  3, 664.81, 26.8700000000008
 81585, 11592.7000,  3, 634.53, 50.1200000000008
 81650, 11614.8200,  1, -457.91, 6.549999999999272
 81650, 11614.8200,  1, -462.19, 6.549999999999272
 81725, 11622.4900,  1, -438.77, 14.219999999999345
 81725, 11622.4900,  1, -426.33, 14.219999999999345
 81810, 11631.1800,  3, 688.77, 22.889999999999418
 81819, 11632.1000,  3, 666.61, 23.81999999999971
 81827, 11632.9200,  3, 663.61, 24.61999999999898
 81843, 11634.5600,  3, 627.30, 26.23999999999978
 81987, 11663.5800,  1, -392.29, 14.6299999999992
 81987, 11663.5800,  1, -503.22, 14.6299999999992
 82005, 11665.4200,  1, -433.30, 16.469999999999345
 82130, 11678.2000,  3, 648.24, 29.159999999999854
 82156, 11680.8600,  3, 623.60, 31.859999999998763
 82184, 11683.7300,  3, 630.23, 34.68999999999869
 82222, 11687.6100,  3, 679.46, 38.649999999999636
 82441, 11710.0100,  3, 637.60, 61.01999999999862
 82555, 11736.4000,  1, -434.84, 11.55999999999949
 82592, 11740.1800,  1, -460.92, 15.340000000000146
 82592, 11740.1800,  1, -443.13, 15.340000000000146
 82661, 11747.2400,  3, 663.94, 22.3799999999992
 82693, 11750.5100,  3, 674.69, 25.639999999999418
 82700, 11751.2300,  3, 680.99, 26.350000000000364
 82706, 11751.8400,  3, 668.81, 26.920000000000073
 82836, 11765.1400,  3, 613.21, 40.26000000000022
 82907, 11786.8500,  1, -436.09, 7.1599999999998545
 82907, 11786.8500,  1, -446.26, 7.1599999999998545
 82931, 11789.3100,  1, -437.95, 9.619999999998981
 82931, 11789.3100,  1, -417.02, 9.619999999998981
 82963, 11792.5800,  1, -418.08, 12.889999999999418
 82963, 11792.5800,  1, -430.59, 12.889999999999418
 83062, 11802.7000,  3, 666.40, 22.979999999999563
 83104, 11807.0000,  3, 672.09, 27.229999999999563
 83174, 11828.8400,  1, -439.15, 7.059999999999491
 83174, 11828.8400,  1, -444.18, 7.059999999999491
 83243, 11835.9000,  1, -479.10, 14.119999999998981
 83243, 11835.9000,  1, -402.91, 14.119999999998981
 83247, 11836.3100,  1, -396.37, 14.529999999998836
 83317, 11843.4700,  3, 666.64, 21.590000000000146
 83393, 11851.2400,  1, -460.40, 29.459999999999127
 83407, 11852.6700,  3, 648.87, 30.789999999999054
 83491, 11875.8600,  1, -424.47, 8.480000000001382
 83491, 11875.8600,  1, -462.49, 8.480000000001382
 83507, 11877.5000,  1, -429.57, 10.1200000000008
 83507, 11877.5000,  1, -472.51, 10.1200000000008
 83545, 11881.3900,  1, -414.47, 14.010000000000218
 83545, 11881.3900,  1, -456.82, 14.010000000000218
 83654, 11892.5300,  3, 640.24, 25.06000000000131
 83720, 11899.2800,  3, 674.97, 31.80000000000109
 83838, 11925.7600,  1, -458.37, 11.969999999999345
 83852, 11927.1900,  1, -427.99, 13.399999999999636
 83852, 11927.1900,  1, -434.51, 13.399999999999636
 83872, 11929.2400,  1, -384.69, 15.449999999998909
 83872, 11929.2400,  1, -488.15, 15.449999999998909
 83874, 11929.4400,  1, -405.86, 15.649999999999636
 83962, 11938.4400,  3, 689.52, 24.61999999999898
 84042, 11946.6200,  3, 623.73, 32.7599999999984
 84161, 11973.7400,  1, -404.68, 12.069999999999709
 84161, 11973.7400,  1, -433.83, 12.069999999999709
 84169, 11974.5600,  1, -440.58, 12.889999999999418
 84308, 11988.7700,  3, 683.30, 27.06999999999971
 84328, 11990.8200,  3, 676.52, 29.06999999999971
 84330, 11991.0200,  3, 637.89, 29.280000000000655
 84343, 11992.3500,  3, 702.14, 30.6200000000008
 84438, 12002.0700,  3, 626.18, 40.31999999999971
 84514, 12024.4500,  1, -453.52, 7.670000000000073
 84514, 12024.4500,  1, -462.07, 7.670000000000073
 84668, 12040.2000,  3, 680.80, 23.409999999999854
 84672, 12040.6100,  3, 639.90, 23.73999999999978
 84692, 12042.6600,  3, 654.84, 25.779999999998836
 84743, 12047.8700,  3, 658.05, 31.039999999999054
 84757, 12049.3100,  3, 626.41, 32.51999999999862
 84805, 12054.2200,  3, 687.71, 37.349999999998545
 84873, 12075.8600,  1, -470.16, 6.850000000000364
 84873, 12075.8600,  1, -459.91, 6.850000000000364
 84878, 12076.3700,  1, -461.19, 7.360000000000582
 84878, 12076.3700,  1, -476.99, 7.360000000000582
 84925, 12081.1800,  1, -437.08, 12.170000000000073
 85043, 12093.2500,  3, 678.35, 24.159999999999854
 85062, 12095.1900,  3, 642.98, 26.11999999999898
 85115, 12100.6100,  3, 649.04, 31.590000000000146
 85194, 12123.5100,  1, -479.21, 7.979999999999563
 85194, 12123.5100,  1, -426.82, 7.979999999999563
 85205, 12124.6400,  1, -441.66, 9.109999999998763
 85205, 12124.6400,  1, -420.70, 9.109999999998763
 85368, 12141.3100,  3, 650.89, 25.75
 85387, 12143.2500,  3, 630.91, 27.69999999999891
 85403, 12144.8900,  3, 718.83, 29.30999999999949
 85448, 12149.4900,  3, 667.62, 33.92000000000007
 85556, 12174.9400,  1, -445.84, 10.94000000000051
 85638, 12183.3300,  1, -398.11, 19.329999999999927
 85638, 12183.3300,  1, -467.34, 19.329999999999927
 85696, 12189.2600,  3, 700.37, 25.170000000000073
 85737, 12193.4500,  1, -415.40, 29.450000000000728
 85737, 12193.4500,  1, -383.26, 29.450000000000728
 85738, 12193.5600,  3, 682.53, 29.469999999999345
 85916, 12211.7600,  3, 624.58, 47.659999999999854
 86014, 12237.2200,  1, -455.55, 9.929999999998472
 86014, 12237.2200,  1, -428.68, 9.929999999998472
 86016, 12237.4200,  1, -419.73, 10.1299999999992
 86016, 12237.4200,  1, -422.75, 10.1299999999992
 86081, 12244.0700,  1, -375.15, 16.779999999998836
 86081, 12244.0700,  1, -399.09, 16.779999999998836
 86179, 12254.0900,  3, 659.33, 26.75
 86198, 12256.0300,  3, 684.54, 28.68999999999869
 86321, 12283.2700,  1, -445.56, 12.479999999999563
 86321, 12283.2700,  1, -422.26, 12.479999999999563
 86423, 12293.7000,  3, 680.17, 22.829999999999927
 86453, 12296.7700,  3, 679.95, 25.94999999999891
 86469, 12298.4100,  3, 675.99, 27.55999999999949
 86486, 12300.1500,  3, 689.25, 29.2599999999984
 86549, 12306.5900,  3, 627.61, 35.70999999999913
 86553, 12307.0000,  3, 657.39, 36.149999999999636
 86629, 12330.1400,  1, -458.45, 7.670000000000073
 86629, 12330.1400,  1, -485.96, 7.670000000000073
 86683, 12335.6600,  1, -476.52, 13.19000000000051
 86683, 12335.6600,  1, -443.34, 13.19000000000051
 86703, 12337.7000,  1, -396.09, 15.230000000001382
 86780, 12345.5800,  3, 667.85, 23.070000000001528
 86964, 12364.4000,  3, 630.93, 41.86000000000058
 87089, 12377.1800,  3, 611.60, 54.67000000000007
 87264, 12409.4000,  1, -469.99, 17.799999999999272
 87264, 12409.4000,  1, -370.34, 17.799999999999272
 87272, 12410.2200,  1, -403.74, 18.61999999999898
 87306, 12413.6900,  3, 689.07, 22.05999999999949
 87378, 12421.0600,  3, 659.60, 29.389999999999418
 87404, 12423.7200,  3, 662.41, 32.100000000000364
 87442, 12427.6000,  3, 674.60, 35.969999999999345
 87769, 12461.0400,  3, 583.81, 69.34000000000015
 87841, 12483.1400,  1, -452.80, 7.269999999998618
 87841, 12483.1400,  1, -462.12, 7.269999999998618
 88014, 12500.8300,  3, 678.75, 24.909999999999854
 88016, 12501.0300,  3, 650.98, 25.1299999999992
 88053, 12504.8200,  3, 665.16, 28.899999999999636
 88079, 12507.4800,  3, 670.94, 31.5
 88107, 12510.3400,  3, 639.38, 34.42000000000007
 88147, 12514.4300,  3, 609.73, 38.469999999999345
 88237, 12539.1800,  1, -427.29, 9.100000000000364
 88237, 12539.1800,  1, -428.49, 9.100000000000364
 88353, 12551.0400,  1, -440.78, 20.960000000000946
 88357, 12551.4500,  3, 681.59, 21.30999999999949
 88425, 12558.4100,  3, 690.76, 28.270000000000437
 88425, 12558.4100,  3, 669.91, 28.31999999999971
 88508, 12566.9000,  3, 724.11, 36.76000000000022
 88545, 12570.6800,  3, 595.42, 40.5
 88689, 12599.8400,  1, -407.31, 14.6200000000008
 88689, 12599.8400,  1, -458.04, 14.6200000000008
 88707, 12601.6800,  1, -439.50, 16.460000000000946
 88707, 12601.6800,  1, -404.97, 16.460000000000946
 88715, 12602.5000,  1, -423.59, 17.280000000000655
 88715, 12602.5000,  1, -431.35, 17.280000000000655
 88747, 12605.7700,  1, -386.56, 20.55000000000109
 88747, 12605.7700,  1, -484.75, 20.55000000000109
 88899, 12636.0100,  1, -396.80, 15.340000000000146
 88985, 12644.8100,  3, 708.07, 24.1200000000008
 89012, 12647.5700,  3, 650.97, 26.860000000000582
 89042, 12650.6400,  3, 606.70, 29.899999999999636
 89063, 12652.7800,  3, 644.53, 32.100000000000364
 89078, 12654.3200,  3, 635.57, 33.57999999999993
 89098, 12656.3600,  3, 637.81, 35.68000000000029
 89129, 12659.5300,  3, 678.91, 38.840000000000146
 89260, 12687.4800,  1, -446.74, 13.299999999999272
 89260, 12687.4800,  1, -431.03, 13.299999999999272
 89312, 12692.7900,  1, -422.78, 18.610000000000582
 89312, 12692.7900,  1, -426.02, 18.610000000000582
 89345, 12696.1700,  1, -438.70, 21.98999999999978
 89345, 12696.1700,  1, -444.46, 21.98999999999978
 89401, 12701.9000,  3, 664.97, 27.68000000000029
 89448, 12706.7000,  3, 666.01, 32.51000000000022
 89567, 12733.4000,  1, -436.75, 12.069999999999709
 89567, 12733.4000,  1, -490.96, 12.069999999999709
 89578, 12734.5200,  1, -407.72, 13.19000000000051
 89578, 12734.5200,  1, -424.94, 13.19000000000051
 89724, 12749.4500,  3, 673.27, 28.110000000000582
 89742, 12751.2900,  3, 660.78, 29.889999999999418
 89819, 12759.1700,  3, 697.13, 37.79000000000087
 90017, 12779.4200,  3, 539.13, 58.05999999999949
 90141, 12807.6400,  1, -442.72, 12.579999999999927
 90141, 12807.6400,  1, -459.07, 12.579999999999927
 90176, 12811.2200,  1, -457.08, 16.159999999999854
 90176, 12811.2200,  1, -423.47, 16.159999999999854
 90253, 12819.0900,  3, 648.22, 23.950000000000728
 90287, 12822.5700,  1, -394.37, 27.51000000000022
 90303, 12824.2000,  3, 643.38, 29.100000000000364
 90421, 12836.2700,  3, 680.41, 41.17000000000007
 90495, 12858.3300,  1, -453.74, 7.469999999999345
 90495, 12858.3300,  1, -442.16, 7.469999999999345
 90796, 12889.1100,  3, 612.93, 38.22999999999956
 90800, 12889.5200,  1, -399.81, 38.659999999999854
 90865, 12896.1700,  3, 591.32, 45.289999999999054
 90869, 12896.5800,  1, -481.12, 45.719999999999345
 90944, 12904.2500,  3, 601.12, 53.29999999999927
 91040, 12914.0700,  3, 658.26, 63.18999999999869
 91155, 12940.2500,  1, -426.00, 11.659999999999854
 91166, 12941.3700,  1, -407.11, 12.780000000000655
 91166, 12941.3700,  1, -474.77, 12.780000000000655
 91177, 12942.5000,  1, -466.39, 13.909999999999854
 91177, 12942.5000,  1, -388.39, 13.909999999999854
 91218, 12946.6900,  1, -381.73, 18.100000000000364
 91219, 12946.7900,  1, -439.78, 18.200000000000728
 91295, 12954.5700,  3, 684.06, 25.950000000000728
 91383, 12978.1700,  1, -453.84, 8.899999999999636
 91383, 12978.1700,  1, -445.39, 8.899999999999636
 91433, 12983.2800,  1, -438.73, 14.010000000000218
 91433, 12983.2800,  1, -409.53, 14.010000000000218
 91530, 12993.2000,  3, 685.09, 23.829999999999927
 91544, 12994.6400,  3, 666.62, 25.289999999999054
 91609, 13001.2800,  3, 694.14, 31.93999999999869
 91664, 13006.9100,  1, -295.64, 37.63999999999942
 91786, 13033.9300,  1, -431.75, 12.3700000000008
 91786, 13033.9300,  1, -435.92, 12.3700000000008
 91948, 13050.5000,  3, 697.72, 28.860000000000582
 91954, 13051.1100,  3, 682.47, 29.460000000000946
 91963, 13052.0300,  3, 701.29, 30.460000000000946
 91978, 13053.5700,  3, 618.04, 31.980000000001382
 91983, 13054.0800,  3, 663.81, 32.51000000000022
 92049, 13060.8300,  3, 692.94, 39.20000000000073
 92145, 13085.2300,  1, -447.37, 9.719999999999345
 92145, 13085.2300,  1, -439.15, 9.719999999999345
 92154, 13086.1500,  1, -456.09, 10.639999999999418
 92154, 13086.1500,  1, -397.79, 10.639999999999418
 92163, 13087.0700,  1, -441.01, 11.55999999999949
 92255, 13096.4800,  3, 715.37, 20.94999999999891
 92329, 13104.0400,  3, 683.15, 28.479999999999563
 92396, 13110.9000,  3, 752.88, 35.36000000000058
 92533, 13139.3700,  1, -394.66, 13.900000000001455
 92533, 13139.3700,  1, -414.15, 13.900000000001455
 92568, 13142.9500,  1, -437.20, 17.480000000001382
 92568, 13142.9500,  1, -382.45, 17.480000000001382
 92632, 13149.5000,  3, 697.42, 24.020000000000437
 92652, 13151.5400,  3, 687.65, 26.06000000000131
 92676, 13154.0000,  3, 640.63, 28.460000000000946
 92733, 13159.8300,  3, 649.70, 34.27000000000044
 92888, 13190.4300,  1, -446.94, 15.75
 92888, 13190.4300,  1, -413.30, 15.75
 92976, 13199.4300,  3, 704.60, 24.719999999999345
 92995, 13201.3700,  3, 699.99, 26.659999999999854
 93019, 13203.8300,  3, 628.50, 29.110000000000582
 93096, 13211.7000,  3, 614.63, 36.98999999999978
 93163, 13218.5600,  3, 623.68, 43.789999999999054
 93171, 13219.3700,  3, 703.06, 44.63999999999942
 93308, 13247.7700,  1, -473.36, 13.909999999999854
 93308, 13247.7700,  1, -407.41, 13.909999999999854
 93318, 13248.7900,  1, -396.21, 14.930000000000291
 93318, 13248.7900,  1, -432.86, 14.930000000000291
 93390, 13256.1600,  3, 712.00, 22.23999999999978
 93436, 13260.8600,  3, 680.18, 26.909999999999854
 93440, 13261.2700,  1, -377.19, 27.409999999999854
 93440, 13261.2700,  1, -395.09, 27.409999999999854
 93528, 13284.8400,  1, -441.17, 8.790000000000873
 93528, 13284.8400,  1, -434.98, 8.790000000000873
 93545, 13286.5800,  1, -431.05, 10.530000000000655
 93545, 13286.5800,  1, -429.97, 10.530000000000655
 93711, 13303.5600,  3, 689.51, 27.5
 93743, 13306.8300,  3, 668.11, 30.770000000000437
 93758, 13308.3600,  3, 636.61, 32.23000000000138
 93820, 13314.7000,  3, 622.05, 38.64000000000124
 93923, 13339.7000,  1, -436.74, 10.430000000000291
 93923, 13339.7000,  1, -438.07, 10.430000000000291
 94088, 13356.5800,  3, 670.22, 27.289999999999054
 94112, 13359.0300,  3, 640.55, 29.670000000000073
 94120, 13359.8500,  3, 647.29, 30.549999999999272
 94157, 13363.6400,  3, 698.65, 34.340000000000146
 94162, 13364.1500,  3, 669.40, 34.86999999999898
 94166, 13364.5600,  3, 723.22, 35.18999999999869
 94243, 13386.9000,  1, -438.93, 7.779999999998836
 94243, 13386.9000,  1, -458.97, 7.779999999998836
 94324, 13395.1800,  1, -470.66, 16.05999999999949
 94324, 13395.1800,  1, -399.49, 16.05999999999949
 94353, 13398.1500,  1, -381.01, 19.029999999998836
 94353, 13398.1500,  1, -399.78, 19.029999999998836
 94440, 13407.0400,  3, 709.23, 27.839999999998327
 94519, 13415.1200,  3, 717.33, 35.94999999999891
 94655, 13443.4700,  1, -416.78, 13.80999999999949
 94655, 13443.4700,  1, -398.10, 13.80999999999949
 94660, 13443.9800,  1, -426.49, 14.319999999999709
 94660, 13443.9800,  1, -403.10, 14.319999999999709
 94747, 13452.8700,  3, 661.95, 23.159999999999854
 94778, 13456.0400,  3, 678.76, 26.340000000000146
 94822, 13460.5400,  3, 708.09, 30.81999999999971
 94867, 13465.1500,  3, 651.55, 35.47999999999956
 94934, 13486.4700,  1, -462.75, 6.75
 94934, 13486.4700,  1, -464.40, 6.75
 94972, 13490.3500,  1, -431.86, 10.630000000001019
 94972, 13490.3500,  1, -413.82, 10.630000000001019
 95018, 13495.0600,  1, -411.01, 15.340000000000146
 95018, 13495.0600,  1, -465.52, 15.340000000000146
 95117, 13505.1800,  3, 672.25, 25.44000000000051
 95158, 13509.3700,  3, 670.96, 29.63000000000102
 95313, 13539.6700,  1, -448.18, 15.75
 95313, 13539.6700,  1, -392.01, 15.75
 95404, 13548.9800,  3, 652.32, 25.030000000000655
 95414, 13550.0000,  3, 665.30, 26.020000000000437
 95443, 13552.9700,  3, 656.29, 29.020000000000437
 95452, 13553.8900,  3, 683.85, 29.959999999999127
 95499, 13558.6900,  3, 683.49, 34.70000000000073
 95518, 13560.6400,  3, 667.95, 36.6299999999992
 95650, 13588.6000,  1, -426.22, 13.399999999999636
 95650, 13588.6000,  1, -422.01, 13.399999999999636
 95650, 13588.6000,  1, -395.39, 13.399999999999636
 95650, 13588.6000,  1, -396.46, 13.399999999999636
 95785, 13602.4100,  3, 679.30, 27.1299999999992
 95829, 13606.9100,  3, 707.26, 31.68999999999869
 95832, 13607.2200,  3, 700.15, 31.929999999998472
 95846, 13608.6500,  3, 651.67, 33.349999999998545
 95974, 13636.3600,  1, -427.45, 12.989999999999782
 95974, 13636.3600,  1, -405.13, 12.989999999999782
 95974, 13636.3600,  1, -426.63, 12.989999999999782
 95974, 13636.3600,  1, -410.24, 12.989999999999782
 96010, 13640.0400,  1, -406.39, 16.670000000000073
 96010, 13640.0400,  1, -414.12, 16.670000000000073
 96128, 13652.1100,  3, 637.59, 28.649999999999636
 96143, 13653.6500,  3, 632.14, 30.269999999998618
 96268, 13681.1800,  1, -433.99, 12.680000000000291
 96268, 13681.1800,  1, -458.72, 12.680000000000291
 96336, 13688.1400,  1, -379.54, 19.639999999999418
 96336, 13688.1400,  1, -420.69, 19.639999999999418
 96388, 13693.4500,  3, 654.44, 24.860000000000582
 96399, 13694.5800,  3, 686.39, 26.020000000000437
 96404, 13695.0900,  3, 660.10, 26.51000000000022
 96460, 13700.8200,  3, 742.72, 32.29000000000087
 96539, 13723.5100,  1, -446.55, 7.979999999999563
 96539, 13723.5100,  1, -453.65, 7.979999999999563
 96604, 13730.1600,  1, -407.31, 14.6299999999992
 96604, 13730.1600,  1, -447.11, 14.6299999999992
 96713, 13741.3100,  3, 681.41, 25.76000000000022
 96758, 13745.9100,  1, -401.67, 30.3799999999992
 96758, 13745.9100,  1, -443.47, 30.3799999999992
 96783, 13748.4700,  3, 662.46, 32.849999999998545
 96935, 13778.4700,  1, -429.51, 15.449999999998909
 96982, 13783.2700,  1, -443.89, 20.25
 97030, 13788.1800,  3, 677.42, 25.100000000000364
 97087, 13794.0100,  3, 730.17, 30.94999999999891
 97120, 13797.3900,  3, 667.43, 34.279999999998836
 97123, 13797.6900,  3, 649.27, 34.57999999999993
 97142, 13799.6400,  3, 648.22, 36.51000000000022
 97185, 13804.0300,  3, 671.33, 40.95999999999913
 97321, 13833.4700,  1, -425.61, 13.80999999999949
 97473, 13849.0100,  3, 644.50, 29.290000000000873
 97476, 13849.3200,  3, 638.61, 29.63000000000102
 97535, 13855.3500,  3, 654.44, 35.63000000000102
 97553, 13857.1900,  1, -467.73, 37.530000000000655
 97553, 13857.1900,  1, -317.02, 37.530000000000655
 97585, 13860.4700,  3, 647.48, 40.76000000000022
 97585, 13860.4700,  3, 612.76, 40.77000000000044
 97672, 13883.7900,  1, -434.20, 8.790000000000873
 97672, 13883.7900,  1, -444.73, 8.790000000000873
 97860, 13903.0200,  1, -409.86, 28.020000000000437
 97860, 13903.0200,  1, -484.46, 28.020000000000437
 97934, 13910.5900,  3, 644.22, 35.57999999999993
 97968, 13914.0700,  3, 682.43, 38.969999999999345
 97989, 13916.2200,  3, 652.05, 41.11000000000058
 98017, 13919.0800,  3, 646.63, 43.98999999999978
 98128, 13944.8700,  1, -457.27, 11.25
 98128, 13944.8700,  1, -438.45, 11.25
 98168, 13948.9700,  1, -417.43, 15.349999999998545
 98168, 13948.9700,  1, -418.86, 15.349999999998545
 98177, 13949.8900,  1, -457.00, 16.269999999998618
 98256, 13957.9700,  3, 708.29, 24.339999999998327
 98316, 13964.1000,  3, 663.35, 30.459999999999127
 98348, 13967.3700,  3, 686.02, 33.67000000000007
 98484, 13995.6000,  1, -438.12, 13.80999999999949
 98484, 13995.6000,  1, -414.18, 13.80999999999949
 98498, 13997.0300,  1, -424.11, 15.239999999999782
 98498, 13997.0300,  1, -451.64, 15.239999999999782
 98617, 14009.2000,  3, 640.86, 27.30999999999949
 98631, 14010.6400,  3, 690.35, 28.829999999999927
 98638, 14011.3500,  3, 626.20, 29.479999999999563
 98681, 14015.7500,  3, 662.06, 33.899999999999636
 98850, 14047.5600,  1, -463.11, 17.18000000000029
 98850, 14047.5600,  1, -412.13, 17.18000000000029
 98881, 14050.7300,  1, -431.88, 20.350000000000364
 98881, 14050.7300,  1, -426.25, 20.350000000000364
 99022, 14065.1500,  3, 673.42, 34.720000000001164
 99124, 14075.5800,  3, 590.94, 45.11000000000058
 99165, 14079.7700,  3, 723.28, 49.36000000000058
 99244, 14087.8500,  3, 608.13, 57.44000000000051
 99446, 14123.1400,  1, -332.44, 20.55999999999949
 99446, 14123.1400,  1, -415.02, 20.55999999999949
 99462, 14124.7700,  3, 684.91, 22.149999999999636
 99467, 14125.2800,  1, -482.37, 22.700000000000728
 99467, 14125.2800,  1, -365.32, 22.700000000000728
 99489, 14127.5300,  3, 673.04, 24.93000000000029
 99531, 14131.8300,  3, 685.57, 29.19000000000051
 99540, 14132.7500,  3, 639.06, 30.06999999999971
 99622, 14155.6100,  1, -468.60, 8.280000000000655
 99622, 14155.6100,  1, -456.48, 8.280000000000655
 99798, 14173.6100,  3, 700.40, 26.18000000000029
 99820, 14175.8600,  1, -439.54, 28.530000000000655
 99879, 14181.9000,  3, 598.95, 34.55999999999949
 99956, 14189.7700,  3, 618.21, 42.409999999999854
 99974, 14191.6100,  3, 680.16, 44.20000000000073
 99983, 14192.5300,  3, 670.75, 45.11000000000058
100186, 14227.7500,  3, 657.77, 20.579999999999927
100236, 14232.8600,  3, 697.84, 25.700000000000728
100260, 14235.3200,  3, 683.95, 28.1299999999992
100282, 14237.5700,  3, 714.95, 30.389999999999418
100283, 14237.6700,  3, 618.09, 30.56999999999971
100357, 14245.2400,  3, 637.68, 38.05999999999949
100377, 14247.2800,  3, 683.33, 40.11000000000058
100494, 14259.2500,  3, 608.39, 52.11000000000058
100626, 14287.1700,  1, -443.99, 13.399999999999636
100626, 14287.1700,  1, -429.25, 13.399999999999636
100630, 14287.5800,  1, -437.60, 13.80999999999949
100630, 14287.5800,  1, -404.26, 13.80999999999949
100792, 14304.1500,  3, 657.66, 30.31999999999971
100827, 14307.7300,  1, -444.76, 33.95999999999913
101089, 14334.5200,  3, 547.81, 60.719999999999345
101140, 14339.7400,  3, 568.26, 65.93999999999869
101222, 14362.6600,  1, -436.81, 8.280000000000655
101222, 14362.6600,  1, -435.14, 8.280000000000655
101411, 14381.9900,  1, -475.47, 27.610000000000582
101411, 14381.9900,  1, -404.17, 27.610000000000582
101414, 14382.2900,  3, 687.46, 27.900000000001455
101417, 14382.6000,  1, -494.76, 28.220000000001164
101436, 14384.5400,  3, 681.74, 30.110000000000582
101579, 14399.1700,  1, -521.29, 44.79000000000087
101695, 14426.2800,  1, -423.75, 11.760000000000218
101695, 14426.2800,  1, -428.94, 11.760000000000218
101775, 14434.4700,  1, -453.26, 19.94999999999891
101858, 14442.9500,  1, -461.60, 28.43000000000029
101895, 14446.7400,  3, 666.14, 32.159999999999854
101911, 14448.3700,  3, 649.44, 33.82999999999993
101931, 14450.4200,  3, 668.14, 35.81999999999971
101960, 14453.3900,  3, 653.29, 38.789999999999054
102050, 14478.3500,  1, -417.93, 9.100000000000364
102100, 14483.4700,  1, -429.58, 14.219999999999345
102100, 14483.4700,  1, -401.40, 14.219999999999345
102242, 14497.9900,  3, 694.12, 28.69000000000051
102256, 14499.4200,  3, 659.23, 30.159999999999854
102279, 14501.7700,  3, 651.76, 32.45999999999913
102286, 14502.4900,  3, 646.40, 33.19000000000051
102334, 14507.4000,  3, 668.57, 38.06999999999971
102437, 14532.5600,  1, -422.76, 10.43999999999869
102437, 14532.5600,  1, -428.41, 10.43999999999869
102505, 14539.5100,  1, -377.01, 17.389999999999418
102505, 14539.5100,  1, -429.87, 17.389999999999418
102578, 14546.9800,  3, 708.86, 24.779999999998836
102605, 14549.7400,  3, 659.88, 27.55999999999949
102660, 14555.3600,  1, -413.90, 33.23999999999978
102743, 14563.8500,  3, 664.67, 41.68999999999869
102835, 14588.0200,  1, -451.93, 9.300000000001091
102835, 14588.0200,  1, -463.86, 9.300000000001091
102946, 14599.3700,  3, 673.31, 20.640000000001237
103029, 14607.8600,  3, 680.78, 29.070000000001528
103099, 14615.0200,  3, 685.06, 36.27000000000044
103101, 14615.2300,  3, 657.00, 36.43000000000029
103117, 14616.8600,  3, 682.05, 38.07999999999993
103265, 14632.0000,  3, 574.50, 53.26000000000022
103436, 14665.0600,  1, -437.54, 17.389999999999418
103436, 14665.0600,  1, -400.80, 17.389999999999418
103476, 14669.1500,  1, -469.55, 21.479999999999563
103500, 14671.6000,  3, 673.02, 23.899999999999636
103536, 14675.2800,  3, 664.10, 27.549999999999272
103647, 14686.6400,  3, 721.65, 38.909999999999854
103652, 14687.1500,  3, 636.81, 39.45000000000073
103795, 14701.7700,  3, 597.20, 54.039999999999054
103924, 14730.3300,  1, -420.40, 13.090000000000146
103924, 14730.3300,  1, -447.33, 13.090000000000146
104010, 14739.1200,  3, 662.80, 21.780000000000655
104050, 14743.2200,  3, 652.96, 25.920000000000073
104074, 14745.6700,  1, -492.98, 28.43000000000029
104155, 14753.9500,  3, 639.04, 36.649999999999636
104310, 14769.8100,  3, 646.99, 52.51000000000022
104373, 14776.2500,  3, 595.23, 58.969999999999345
104521, 14806.0200,  1, -448.82, 15.030000000000655
104521, 14806.0200,  1, -399.54, 15.030000000000655
104622, 14816.3500,  3, 685.59, 25.290000000000873
104649, 14819.1100,  3, 660.09, 28.06999999999971
104723, 14826.6800,  3, 636.90, 35.68000000000029
104741, 14828.5200,  3, 659.43, 37.48999999999978
104816, 14836.1900,  3, 571.07, 45.11000000000058
104934, 14848.2600,  3, 612.25, 57.25
105059, 14875.7400,  1, -408.70, 12.680000000000291
105059, 14875.7400,  1, -416.19, 12.680000000000291
105087, 14878.6000,  1, -488.83, 15.540000000000873
105087, 14878.6000,  1, -403.85, 15.540000000000873
105193, 14889.4400,  3, 640.27, 26.360000000000582
105205, 14890.6700,  3, 655.92, 27.51000000000022
105251, 14895.3700,  3, 675.38, 32.23999999999978
105310, 14901.4100,  3, 579.10, 38.27000000000044
105403, 14925.4100,  1, -424.71, 9.409999999999854
105446, 14929.8100,  1, -436.16, 13.80999999999949
105486, 14933.9000,  1, -440.97, 17.899999999999636
105486, 14933.9000,  1, -419.63, 17.899999999999636
105520, 14937.3700,  3, 682.91, 21.280000000000655
105528, 14938.1900,  3, 691.22, 22.1299999999992
105579, 14943.4100,  3, 659.87, 27.389999999999418
105603, 14945.8600,  3, 657.31, 29.840000000000146
105751, 14975.7000,  1, -377.00, 15.030000000000655
105834, 14984.1900,  3, 634.53, 23.5
105875, 14988.3900,  1, -461.01, 27.719999999999345
105892, 14990.1200,  3, 675.76, 29.3700000000008
105917, 14992.6800,  3, 661.06, 31.920000000000073
105961, 14997.1800,  3, 660.31, 36.5
106101, 15011.5000,  3, 619.59, 50.780000000000655
106236, 15025.3100,  3, 633.16, 64.57999999999993
106311, 15048.2500,  1, -446.98, 7.569999999999709
106311, 15048.2500,  1, -459.29, 7.569999999999709
106324, 15049.5800,  1, -435.63, 8.899999999999636
106324, 15049.5800,  1, -464.28, 8.899999999999636
106482, 15065.7400,  3, 683.92, 25.029999999998836
106488, 15066.3500,  3, 682.18, 25.659999999999854
106570, 15074.7400,  3, 652.55, 33.97999999999956
106636, 15081.4900,  3, 624.86, 40.70999999999913
106697, 15103.0400,  1, -448.80, 6.130000000001019
106697, 15103.0400,  1, -467.92, 6.130000000001019
106831, 15116.7500,  3, 666.63, 19.829999999999927
106882, 15121.9700,  3, 674.02, 25.0
106889, 15122.6800,  1, -366.37, 25.770000000000437
106892, 15122.9900,  3, 673.17, 26.05999999999949
106906, 15124.4200,  3, 674.88, 27.48999999999978
107017, 15135.7700,  3, 653.11, 38.840000000000146
107155, 15164.4800,  1, -461.31, 14.010000000000218
107155, 15164.4800,  1, -449.56, 14.010000000000218
107267, 15175.9300,  1, -422.44, 25.460000000000946
107324, 15181.7600,  3, 725.89, 31.210000000000946
107403, 15189.8400,  3, 647.13, 39.350000000000364
107423, 15191.8900,  3, 628.04, 41.32000000000153
107452, 15194.8500,  3, 709.04, 44.29000000000087
107824, 15232.9000,  3, 631.39, 82.40000000000146
107978, 15264.1100,  1, -464.39, 15.640000000001237
107978, 15264.1100,  1, -458.67, 15.640000000001237
108087, 15275.2600,  3, 638.25, 26.75
108111, 15277.7200,  3, 692.94, 29.140000000001237
108133, 15279.9700,  3, 671.56, 31.44000000000051
108148, 15281.5000,  3, 667.12, 33.02000000000044
108164, 15283.1400,  3, 670.08, 34.6200000000008
108305, 15297.5600,  3, 632.09, 49.01000000000022
108416, 15323.5200,  1, -400.52, 11.25
108416, 15323.5200,  1, -416.32, 11.25
108449, 15326.9000,  1, -392.95, 14.6299999999992
108449, 15326.9000,  1, -442.28, 14.6299999999992
108491, 15331.1900,  1, -438.97, 18.920000000000073
108491, 15331.1900,  1, -442.77, 18.920000000000073
108576, 15339.8900,  1, -447.77, 27.61999999999898
108694, 15351.9500,  3, 632.80, 39.61999999999898
108822, 15379.5600,  1, -395.58, 12.989999999999782
108822, 15379.5600,  1, -397.51, 12.989999999999782
108829, 15380.2700,  1, -448.23, 13.700000000000728
108829, 15380.2700,  1, -400.94, 13.700000000000728
108853, 15382.7300,  1, -362.51, 16.159999999999854
108853, 15382.7300,  1, -452.25, 16.159999999999854
108961, 15393.7700,  3, 693.42, 27.1200000000008
108994, 15397.1500,  3, 629.17, 30.56999999999971
109078, 15421.1500,  1, -443.45, 8.489999999999782
109078, 15421.1500,  1, -450.47, 8.489999999999782
109180, 15431.5800,  1, -426.86, 18.920000000000073
109204, 15434.0300,  3, 688.44, 21.350000000000364
109231, 15436.7900,  3, 699.64, 24.030000000000655
109275, 15441.2900,  3, 683.40, 28.590000000000146
109342, 15448.1500,  1, -630.91, 35.48999999999978
109351, 15449.0700,  3, 720.53, 36.399999999999636
109460, 15474.6700,  1, -429.13, 11.049999999999272
109460, 15474.6700,  1, -415.33, 11.049999999999272
109520, 15480.8100,  1, -431.42, 17.18999999999869
109520, 15480.8100,  1, -370.89, 17.18999999999869
109566, 15485.5100,  3, 690.73, 21.789999999999054
109585, 15487.4500,  3, 666.55, 23.73999999999978
109717, 15500.9500,  3, 629.43, 37.29999999999927
109754, 15504.7400,  3, 720.57, 41.029999999998836
109855, 15529.6900,  1, -428.86, 10.220000000001164
109855, 15529.6900,  1, -409.54, 10.220000000001164
109977, 15542.1700,  3, 689.74, 22.650000000001455
109981, 15542.5800,  3, 697.39, 23.05000000000109
110031, 15547.6900,  3, 724.37, 28.200000000000728
110067, 15551.3700,  3, 649.63, 31.890000000001237
110176, 15562.5200,  3, 704.75, 43.01000000000022
110629, 15608.8500,  3, 547.84, 89.32000000000153
110726, 15634.1900,  1, -448.53, 9.81000000000131
110726, 15634.1900,  1, -461.78, 9.81000000000131
110767, 15638.3900,  1, -389.70, 14.010000000000218
110767, 15638.3900,  1, -471.58, 14.010000000000218
110847, 15646.5700,  3, 655.14, 22.100000000000364
110857, 15647.5900,  3, 665.44, 23.19000000000051
110873, 15649.2300,  3, 696.62, 24.7400000000016
110893, 15651.2700,  3, 647.44, 26.790000000000873
111121, 15689.1900,  3, 711.09, 23.19000000000051
111149, 15692.0600,  3, 682.40, 25.970000000001164
111160, 15693.1800,  3, 670.52, 27.1200000000008
111171, 15694.3100,  3, 713.22, 28.31999999999971
111190, 15696.2500,  3, 658.13, 30.170000000000073
111258, 15703.2000,  3, 596.54, 37.18000000000029
111306, 15708.1100,  3, 670.88, 42.090000000000146
111591, 15737.2600,  3, 608.78, 71.18000000000029
111775, 15771.5900,  1, -362.03, 18.710000000000946
111775, 15771.5900,  1, -482.40, 18.710000000000946
111778, 15771.9000,  1, -367.97, 19.020000000000437
111799, 15774.0400,  1, -523.31, 21.160000000001673
111799, 15774.0400,  1, -317.14, 21.160000000001673
111861, 15780.3900,  3, 652.59, 27.4900000000016
111900, 15784.3700,  3, 686.15, 31.43000000000029
111968, 15791.3300,  3, 736.90, 38.41000000000167
112092, 15818.4800,  1, -390.46, 12.579999999999927
112092, 15818.4800,  1, -449.63, 12.579999999999927
112191, 15828.6000,  1, -451.68, 22.700000000000728
112191, 15828.6000,  1, -413.89, 22.700000000000728
112220, 15831.5700,  3, 643.77, 25.649999999999636
112235, 15833.1000,  3, 645.92, 27.149999999999636
112248, 15834.4300,  3, 696.52, 28.44000000000051
112414, 15851.4100,  1, -423.75, 45.51000000000022
112560, 15881.6500,  1, -409.32, 14.729999999999563
112560, 15881.6500,  1, -403.85, 14.729999999999563
112603, 15886.0400,  3, 688.79, 19.06999999999971
112654, 15891.2600,  1, -445.94, 24.340000000000146
112654, 15891.2600,  1, -423.01, 24.340000000000146
112667, 15892.5900,  3, 640.57, 25.579999999999927
112729, 15898.9300,  3, 634.95, 31.94000000000051
112861, 15912.4300,  3, 623.35, 45.42000000000007
112928, 15934.7900,  1, -438.84, 6.740000000001601
112928, 15934.7900,  1, -457.41, 6.740000000001601
112984, 15940.5200,  1, -408.77, 12.470000000001164
113089, 15951.2600,  3, 653.20, 23.18000000000029
113091, 15951.4700,  3, 675.93, 23.31000000000131
113106, 15953.0000,  3, 661.26, 24.93000000000029
113123, 15954.7400,  3, 698.60, 26.590000000000146
113159, 15958.4200,  3, 732.65, 30.270000000000437
113356, 15994.0900,  1, -459.43, 20.049999999999272
113356, 15994.0900,  1, -454.03, 20.049999999999272
113390, 15997.5700,  3, 697.56, 23.44999999999891
113418, 16000.4300,  3, 711.20, 26.36999999999898
113460, 16004.7300,  3, 662.89, 30.61999999999898
113481, 16006.8700,  3, 651.09, 32.779999999998836
113527, 16011.5800,  3, 637.36, 37.51999999999862
114138, 16074.0700,  2, 99.35, 100
114217, 16096.6000,  1, -475.21, 7.8700000000008
114217, 16096.6000,  1, -459.01, 7.8700000000008
114296, 16104.6800,  1, -389.98, 15.950000000000728
114296, 16104.6800,  1, -389.20, 15.950000000000728
114391, 16114.4000,  3, 689.27, 25.659999999999854
114448, 16120.2300,  3, 709.93, 31.48999999999978
114462, 16121.6600,  3, 681.91, 32.92000000000007
114515, 16127.0800,  3, 644.17, 38.27000000000044
114648, 16155.7800,  1, -375.46, 13.5
114648, 16155.7800,  1, -434.51, 13.5
114668, 16157.8300,  1, -476.18, 15.549999999999272
114668, 16157.8300,  1, -401.88, 15.549999999999272
114673, 16158.3400,  1, -431.99, 16.05999999999949
114741, 16165.2900,  3, 667.74, 23.0
114844, 16175.8300,  3, 662.22, 33.48999999999978
114934, 16185.0300,  1, -540.78, 42.75
115049, 16211.2900,  1, -448.60, 11.550000000001091
115063, 16212.7300,  1, -463.89, 12.989999999999782
115076, 16214.0600,  1, -447.76, 14.319999999999709
115076, 16214.0600,  1, -416.08, 14.319999999999709
115203, 16227.0400,  3, 647.45, 27.219999999999345
115269, 16233.7900,  3, 641.76, 34.030000000000655
115274, 16234.3100,  3, 695.79, 34.54000000000087
115401, 16247.2900,  1, -421.31, 47.55000000000109
115490, 16271.0800,  1, -450.95, 8.899999999999636
115594, 16281.7200,  3, 669.80, 19.520000000000437
115631, 16285.5000,  3, 692.34, 23.30999999999949
115668, 16289.2800,  3, 663.76, 27.01000000000022
115671, 16289.5900,  3, 666.07, 27.389999999999418
115729, 16295.5200,  3, 693.30, 33.25
115733, 16295.9300,  3, 683.96, 33.73999999999978
115753, 16297.9800,  3, 623.56, 35.69999999999891
115854, 16322.6100,  1, -466.91, 10.220000000001164
115854, 16322.6100,  1, -440.08, 10.220000000001164
115894, 16326.7000,  1, -420.44, 14.31000000000131
115894, 16326.7000,  1, -456.91, 14.31000000000131
115912, 16328.5400,  1, -444.87, 16.150000000001455
115979, 16335.4000,  1, -426.60, 23.01000000000022
115990, 16336.5200,  1, -393.83, 24.13000000000102
115990, 16336.5200,  1, -360.60, 24.13000000000102
116095, 16361.9000,  1, -413.50, 10.539999999999054
116095, 16361.9000,  1, -408.56, 10.539999999999054
116134, 16365.8900,  1, -438.19, 14.529999999998836
116134, 16365.8900,  1, -413.51, 14.529999999998836
116148, 16367.3200,  1, -475.43, 15.959999999999127
116148, 16367.3200,  1, -392.47, 15.959999999999127
116151, 16367.6200,  1, -466.21, 16.26000000000022
116274, 16380.2000,  3, 678.20, 28.769999999998618
116384, 16407.6000,  1, -417.65, 11.68999999999869
116384, 16407.6000,  1, -396.19, 11.68999999999869
116388, 16408.0200,  1, -428.11, 12.110000000000582
116471, 16416.9200,  3, 685.25, 21.0
116490, 16418.9500,  3, 641.96, 23.0
116508, 16420.8800,  3, 662.52, 24.88000000000102
116512, 16421.3100,  3, 718.32, 25.299999999999272
116630, 16433.9500,  3, 698.05, 37.9900000000016
116760, 16462.2400,  1, -401.50, 13.820000000003347
116760, 16462.2400,  1, -442.40, 13.820000000003347
116812, 16467.8100,  1, -436.49, 19.390000000003056
116812, 16467.8100,  1, -483.14, 19.390000000003056
116858, 16472.7400,  1, -466.29, 24.320000000003347
116929, 16480.3500,  3, 722.74, 31.88000000000102
116954, 16483.0200,  3, 683.46, 34.56000000000131
116989, 16486.7700,  3, 651.16, 38.27000000000044
117128, 16516.2600,  1, -414.35, 14.789999999997235
117128, 16516.2600,  1, -476.55, 14.789999999997235
117152, 16518.8300,  1, -444.71, 17.360000000000582
117152, 16518.8300,  1, -395.01, 17.360000000000582
117254, 16529.7600,  3, 667.17, 28.209999999999127
117266, 16531.0400,  3, 694.99, 29.55999999999767
117453, 16551.0800,  3, 655.64, 49.599999999998545
117547, 16561.1500,  3, 593.43, 59.599999999998545
117623, 16583.7000,  1, -437.34, 8.040000000000873
117623, 16583.7000,  1, -420.86, 8.040000000000873
117624, 16583.8100,  1, -470.17, 8.150000000001455
117624, 16583.8100,  1, -444.66, 8.150000000001455
117770, 16599.4500,  3, 646.33, 23.700000000000728
117784, 16600.9500,  3, 662.99, 25.209999999999127
117800, 16602.6700,  3, 677.30, 26.950000000000728
117911, 16614.5600,  3, 680.58, 38.88000000000102
117999, 16638.4000,  1, -446.23, 9.330000000001746
117999, 16638.4000,  1, -438.30, 9.330000000001746
118140, 16653.5100,  3, 647.75, 24.340000000000146
118149, 16654.4700,  3, 671.73, 25.340000000000146
118167, 16656.4000,  3, 670.50, 27.220000000001164
118180, 16657.7900,  3, 689.16, 28.61999999999898
118224, 16662.5100,  3, 665.42, 33.42000000000189
118227, 16662.8300,  3, 657.74, 33.7400000000016
118346, 16690.1500,  1, -394.65, 12.640000000003056
118346, 16690.1500,  1, -421.14, 12.640000000003056
118353, 16690.9000,  1, -412.60, 13.390000000003056
118353, 16690.9000,  1, -453.53, 13.390000000003056
118378, 16693.5800,  1, -449.89, 16.070000000003347
118379, 16693.6900,  1, -428.47, 16.18000000000029
118379, 16693.6900,  1, -392.35, 16.18000000000029
118526, 16709.4400,  3, 686.48, 31.850000000002183
118722, 16745.0800,  1, -358.80, 20.890000000003056
118722, 16745.0800,  1, -373.40, 20.890000000003056
118761, 16749.2600,  3, 670.95, 25.05000000000291
118775, 16750.7600,  1, -431.05, 26.56999999999971
118775, 16750.7600,  1, -395.90, 26.56999999999971
118777, 16750.9700,  3, 692.18, 26.770000000000437
118833, 16756.9700,  3, 639.09, 32.710000000002765
118941, 16768.5400,  3, 625.79, 44.26000000000204
119154, 16805.7600,  3, 650.41, 22.68000000000029
119157, 16806.0800,  1, -444.37, 23.030000000002474
119157, 16806.0800,  1, -476.71, 23.030000000002474
119168, 16807.2600,  3, 668.34, 24.159999999999854
119183, 16808.8600,  3, 711.73, 25.75
119295, 16820.8600,  3, 657.35, 37.720000000001164
119318, 16823.3300,  3, 641.87, 40.2400000000016
119335, 16825.1500,  3, 604.67, 42.0
119405, 16846.9900,  1, -492.44, 7.400000000001455
119405, 16846.9900,  1, -472.73, 7.400000000001455
119451, 16851.9200,  1, -376.40, 12.329999999998108
119451, 16851.9200,  1, -454.84, 12.329999999998108
119480, 16855.0200,  1, -379.41, 15.430000000000291
119480, 16855.0200,  1, -437.09, 15.430000000000291
119574, 16865.1000,  3, 637.97, 25.450000000000728
119633, 16871.4200,  3, 679.46, 31.729999999999563
119710, 16894.3600,  1, -478.40, 8.130000000001019
119710, 16894.3600,  1, -434.83, 8.130000000001019
119761, 16899.8300,  1, -383.78, 13.600000000002183
119761, 16899.8300,  1, -382.14, 13.600000000002183
119762, 16899.9400,  1, -449.74, 13.709999999999127
119845, 16908.8300,  3, 664.77, 22.5
119905, 16915.2600,  3, 682.62, 28.979999999999563
119984, 16923.7200,  3, 687.24, 37.43999999999869
120084, 16948.9700,  1, -433.82, 10.600000000002183
120084, 16948.9700,  1, -451.88, 10.600000000002183
120135, 16954.4400,  1, -417.06, 16.06999999999971
120135, 16954.4400,  1, -379.94, 16.06999999999971
120201, 16961.5100,  3, 678.41, 23.13000000000102
120239, 16965.5800,  3, 670.18, 27.17000000000189
120251, 16966.8600,  1, -458.54, 28.4900000000016
120314, 16973.6100,  3, 737.47, 35.210000000002765
120394, 16996.9400,  1, -432.80, 8.469999999997526
120394, 16996.9400,  1, -450.39, 8.469999999997526
120526, 17011.0800,  3, 670.00, 22.55999999999767
120565, 17015.2600,  3, 653.08, 26.729999999999563
120573, 17016.1100,  3, 642.14, 27.61999999999898
120594, 17018.3600,  3, 689.44, 29.87999999999738
120636, 17022.8600,  3, 612.09, 34.29999999999927
120639, 17023.1900,  3, 722.70, 34.70999999999913
120783, 17052.9900,  1, -389.06, 15.330000000001746
120783, 17052.9900,  1, -411.95, 15.330000000001746
120831, 17058.1300,  1, -423.12, 20.470000000001164
120831, 17058.1300,  1, -358.13, 20.470000000001164
120888, 17064.2400,  3, 648.97, 26.4900000000016
120910, 17066.6000,  3, 680.25, 28.93000000000029
120938, 17069.6000,  3, 657.76, 31.86999999999898
120964, 17072.3800,  3, 666.92, 34.63999999999942
121018, 17092.4500,  1, -473.71, 5.670000000001892
121018, 17092.4500,  1, -463.79, 5.670000000001892
121082, 17099.3100,  1, -395.74, 12.530000000002474
121082, 17099.3100,  1, -428.77, 12.530000000002474
121173, 17109.0600,  3, 651.98, 22.200000000000728
121218, 17113.8800,  3, 663.85, 27.030000000002474
121227, 17114.8500,  3, 671.70, 28.06000000000131
121240, 17116.2400,  3, 668.22, 29.409999999999854
121296, 17136.8600,  1, -440.15, 5.880000000001019
121296, 17136.8600,  1, -460.58, 5.880000000001019
121324, 17139.8600,  1, -460.46, 8.880000000001019
121324, 17139.8600,  1, -448.92, 8.880000000001019
121483, 17156.9000,  3, 688.15, 25.840000000000146
121515, 17160.3300,  3, 640.90, 29.31000000000131
121537, 17162.6900,  3, 678.04, 31.610000000000582
121607, 17170.1900,  3, 679.60, 39.11999999999898
121689, 17193.2600,  1, -457.64, 8.679999999996653
121689, 17193.2600,  1, -461.01, 8.679999999996653
121797, 17204.8300,  1, -429.62, 20.25
121823, 17207.6100,  3, 683.16, 22.959999999999127
121843, 17209.7600,  1, -386.24, 25.179999999996653
121843, 17209.7600,  1, -511.21, 25.179999999996653
121926, 17218.6500,  3, 709.05, 34.039999999997235
122014, 17228.0800,  3, 666.24, 43.42999999999665
122125, 17254.3600,  1, -435.60, 11.779999999998836
122125, 17254.3600,  1, -461.86, 11.779999999998836
122227, 17265.2900,  1, -442.07, 22.709999999999127
122227, 17265.2900,  1, -428.73, 22.709999999999127
122235, 17266.1500,  1, -432.96, 23.56999999999971
122248, 17267.5400,  3, 646.42, 24.93999999999869
122284, 17271.4000,  3, 641.58, 28.75
122343, 17277.7200,  3, 617.92, 35.11999999999898
122479, 17306.6700,  1, -412.96, 14.469999999997526
122479, 17306.6700,  1, -418.55, 14.469999999997526
122565, 17315.8800,  3, 679.60, 23.599999999998545
122595, 17319.1000,  3, 667.01, 26.86999999999898
122638, 17323.7000,  3, 660.36, 31.469999999997526
122727, 17333.2400,  3, 707.55, 40.95000000000073
122729, 17333.4500,  3, 659.81, 41.20000000000073
122788, 17339.7700,  3, 620.08, 47.55999999999767
123001, 17376.7400,  3, 698.24, 22.68000000000029
123007, 17377.3800,  3, 700.12, 23.2599999999984
123009, 17377.6000,  3, 673.29, 23.5099999999984
123014, 17378.1300,  3, 698.16, 24.07999999999811
123043, 17381.2400,  3, 681.43, 27.18000000000029
123106, 17387.9900,  3, 685.34, 33.88000000000102
123177, 17395.6000,  3, 661.88, 41.48999999999796
123242, 17402.5600,  3, 682.01, 48.5
123376, 17431.2600,  1, -447.48, 14.2599999999984
123376, 17431.2600,  1, -413.63, 14.2599999999984
123419, 17435.8600,  3, 654.54, 18.770000000000437
123453, 17439.5100,  3, 661.50, 22.4900000000016
123483, 17442.7200,  3, 654.22, 25.61999999999898
123541, 17448.9400,  3, 655.42, 31.889999999999418
123546, 17449.4700,  3, 657.04, 32.45999999999913
123634, 17458.9000,  3, 682.82, 41.830000000001746
123695, 17480.7400,  1, -443.37, 6.430000000000291
123695, 17480.7400,  1, -470.86, 6.430000000000291
123704, 17481.7000,  1, -455.03, 7.389999999999418
123704, 17481.7000,  1, -436.54, 7.389999999999418
123852, 17497.5600,  3, 660.69, 23.219999999997526
123917, 17504.5200,  3, 694.23, 30.12999999999738
123958, 17508.9200,  3, 648.78, 34.599999999998545
123996, 17512.9900,  3, 685.36, 38.56999999999971
124151, 17544.2200,  1, -471.01, 16.4900000000016
124151, 17544.2200,  1, -385.77, 16.4900000000016
124187, 17548.0800,  3, 697.72, 20.31000000000131
124200, 17549.4700,  3, 698.22, 21.729999999999563
124205, 17550.0100,  1, -522.93, 22.279999999998836
124205, 17550.0100,  1, -372.65, 22.279999999998836
124275, 17557.5100,  3, 719.47, 29.68000000000029
124487, 17580.2200,  3, 752.72, 52.47999999999956
124582, 17604.6700,  1, -455.06, 10.069999999999709
124582, 17604.6700,  1, -489.76, 10.069999999999709
124605, 17607.1300,  1, -444.48, 12.530000000002474
124605, 17607.1300,  1, -427.24, 12.530000000002474
124665, 17613.5600,  1, -454.05, 18.960000000002765
124665, 17613.5600,  1, -371.23, 18.960000000002765
124669, 17613.9900,  1, -467.42, 19.390000000003056
124669, 17613.9900,  1, -388.23, 19.390000000003056
124819, 17645.3300,  1, -379.54, 15.850000000002183
124819, 17645.3300,  1, -455.85, 15.850000000002183
124845, 17648.1100,  1, -435.87, 18.63000000000102
124845, 17648.1100,  1, -439.15, 18.63000000000102
124904, 17654.4400,  3, 702.19, 24.93999999999869
124917, 17655.8300,  3, 726.06, 26.340000000000146
124949, 17659.2600,  3, 700.19, 29.67000000000189
124973, 17661.8300,  3, 657.01, 32.330000000001746
125167, 17697.2200,  1, -492.48, 20.67000000000189
125167, 17697.2200,  1, -407.46, 20.67000000000189
125172, 17697.7600,  1, -503.41, 21.209999999999127
125193, 17700.0100,  3, 684.46, 23.400000000001455
125208, 17701.6100,  3, 663.74, 25.040000000000873
125272, 17708.4700,  3, 652.03, 31.840000000000146
125304, 17711.9000,  3, 664.52, 35.29000000000087
125315, 17713.0800,  3, 666.15, 36.51000000000204
125439, 17740.5800,  1, -407.75, 13.180000000000291
125439, 17740.5800,  1, -419.71, 13.180000000000291
125525, 17749.7900,  3, 652.61, 22.36999999999898
125552, 17752.6900,  3, 672.35, 25.18999999999869
125582, 17755.9000,  3, 718.87, 28.409999999999854
125589, 17756.6500,  3, 671.37, 29.169999999998254
125620, 17759.9700,  3, 662.74, 32.47999999999956
125764, 17775.4000,  3, 595.29, 47.93000000000029
125847, 17798.7900,  1, -449.25, 8.790000000000873
125847, 17798.7900,  1, -436.36, 8.790000000000873
125956, 17810.4700,  3, 682.89, 20.43999999999869
125960, 17810.9000,  3, 676.00, 20.86999999999898
126005, 17815.7200,  3, 642.50, 25.610000000000582
126010, 17816.2600,  3, 663.77, 26.220000000001164
126056, 17821.1900,  3, 713.29, 31.110000000000582
126367, 17854.5100,  3, 584.94, 64.47999999999956
126489, 17881.9400,  1, -405.59, 12.959999999999127
126489, 17881.9400,  1, -405.29, 12.959999999999127
126493, 17882.3600,  1, -475.96, 13.380000000001019
126493, 17882.3600,  1, -408.07, 13.380000000001019
126579, 17891.5800,  3, 689.42, 22.529999999998836
126710, 17905.6100,  3, 638.43, 36.61999999999898
126725, 17907.2200,  3, 668.72, 38.13999999999942
126754, 17910.3300,  3, 633.72, 41.29000000000087
126834, 17933.5400,  1, -447.72, 8.470000000001164
126834, 17933.5400,  1, -458.85, 8.470000000001164
126879, 17938.3600,  1, -444.97, 13.290000000000873
126947, 17945.6500,  1, -421.52, 20.580000000001746
126947, 17945.6500,  1, -399.07, 20.580000000001746
126994, 17950.6900,  3, 708.58, 25.510000000002037
127032, 17954.7600,  3, 710.57, 29.67000000000189
127088, 17960.7600,  3, 701.26, 35.659999999999854
127175, 17985.4900,  1, -429.74, 9.220000000001164
127175, 17985.4900,  1, -432.55, 9.220000000001164
127185, 17986.5600,  1, -417.85, 10.290000000000873
127185, 17986.5600,  1, -437.71, 10.290000000000873
127315, 18000.4900,  3, 687.28, 24.159999999999854
127339, 18003.0600,  3, 700.26, 26.68999999999869
127341, 18003.2700,  3, 686.73, 26.899999999997817
127368, 18006.1700,  3, 682.95, 29.799999999999272
127459, 18030.2400,  1, -464.41, 9.650000000001455
127471, 18031.5200,  1, -451.77, 10.930000000000291
127471, 18031.5200,  1, -401.16, 10.930000000000291
127596, 18044.9200,  3, 653.64, 24.299999999999272
127596, 18044.9200,  3, 691.55, 24.220000000001164
127622, 18047.7000,  3, 676.78, 27.090000000000146
127674, 18053.2700,  3, 668.63, 32.659999999999854
127685, 18054.4500,  3, 632.19, 33.79000000000087
127755, 18076.4700,  1, -475.36, 7.389999999999418
127755, 18076.4700,  1, -447.23, 7.389999999999418
127895, 18091.4700,  3, 667.72, 22.31999999999971
127945, 18096.8300,  3, 666.27, 27.639999999999418
127961, 18098.5400,  3, 679.84, 29.359999999996944
128016, 18104.4400,  3, 697.24, 35.2599999999984
128042, 18107.2200,  3, 646.90, 38.099999999998545
128083, 18111.6100,  3, 662.87, 42.5
128215, 18140.2200,  1, -444.93, 14.030000000002474
128220, 18140.7600,  1, -399.24, 14.569999999999709
128220, 18140.7600,  1, -419.37, 14.569999999999709
128300, 18149.3300,  3, 685.06, 23.05000000000291
128310, 18150.4000,  3, 682.03, 24.150000000001455
128338, 18153.4000,  3, 676.05, 27.150000000001455
128350, 18154.6900,  3, 656.78, 28.460000000002765
128360, 18155.7600,  3, 692.16, 29.470000000001164
128461, 18180.9000,  1, -440.19, 10.720000000001164
128461, 18180.9000,  1, -412.75, 10.720000000001164
128501, 18185.1900,  1, -409.67, 15.0099999999984
128501, 18185.1900,  1, -429.66, 15.0099999999984
128537, 18189.0400,  1, -380.17, 18.860000000000582
128537, 18189.0400,  1, -484.32, 18.860000000000582
128636, 18199.6500,  3, 689.90, 29.389999999999418
128657, 18201.9000,  3, 704.27, 31.610000000000582
128723, 18223.4900,  1, -454.91, 6.970000000001164
128723, 18223.4900,  1, -483.28, 6.970000000001164
128755, 18226.9200,  1, -474.54, 10.399999999997817
128755, 18226.9200,  1, -433.18, 10.399999999997817
128928, 18245.4500,  3, 667.88, 28.88000000000102
128933, 18245.9900,  3, 678.27, 29.459999999999127
128954, 18248.2400,  3, 683.25, 31.639999999999418
129113, 18265.2700,  3, 681.81, 48.72999999999956
129203, 18289.1300,  1, -471.35, 9.540000000000873
129203, 18289.1300,  1, -435.26, 9.540000000000873
129240, 18293.1000,  1, -413.47, 13.5099999999984
129240, 18293.1000,  1, -427.63, 13.5099999999984
129362, 18306.1700,  3, 648.25, 26.56000000000131
129398, 18310.0200,  3, 716.15, 30.419999999998254
129400, 18310.2400,  3, 684.63, 30.56000000000131
129446, 18315.1700,  3, 663.02, 35.470000000001164
129558, 18341.4900,  1, -417.34, 11.890000000003056
129558, 18341.4900,  1, -409.42, 11.890000000003056
129563, 18342.0200,  1, -448.90, 12.420000000001892
129563, 18342.0200,  1, -454.14, 12.420000000001892
129587, 18344.6000,  1, -372.52, 15.0
129587, 18344.6000,  1, -389.91, 15.0
129688, 18355.4200,  3, 651.62, 25.75
129735, 18360.4500,  3, 708.35, 30.760000000002037
129875, 18390.9400,  1, -416.71, 14.899999999997817
129875, 18390.9400,  1, -402.44, 14.899999999997817
129880, 18391.4700,  1, -431.45, 15.430000000000291
129880, 18391.4700,  1, -420.53, 15.430000000000291
129891, 18392.6500,  1, -433.66, 16.610000000000582
130011, 18405.5100,  3, 684.70, 29.37999999999738
130028, 18407.3300,  3, 646.18, 31.2599999999984
130102, 18415.2600,  3, 621.96, 39.11000000000058
130196, 18439.9500,  1, -461.20, 9.959999999999127
130196, 18439.9500,  1, -454.20, 9.959999999999127
130213, 18441.7700,  1, -401.27, 11.779999999998836
130213, 18441.7700,  1, -438.81, 11.779999999998836
130368, 18458.3800,  1, -386.32, 28.389999999999418
130398, 18461.6000,  3, 676.54, 31.590000000000146
130411, 18462.9900,  3, 631.74, 32.98999999999796
130443, 18466.4200,  3, 656.83, 36.31999999999971
130544, 18492.8100,  1, -477.47, 10.710000000002765
130544, 18492.8100,  1, -426.80, 10.710000000002765
130571, 18495.7000,  1, -497.51, 13.600000000002183
130571, 18495.7000,  1, -428.90, 13.600000000002183
130661, 18505.3500,  3, 647.21, 23.210000000002765
130718, 18511.4500,  3, 720.92, 29.30000000000291
130746, 18514.4500,  3, 683.60, 32.25
130926, 18533.7400,  3, 623.22, 51.63000000000102
131006, 18556.7400,  1, -434.78, 8.460000000002765
131006, 18556.7400,  1, -459.54, 8.460000000002765
131100, 18566.8100,  1, -469.02, 18.530000000002474
131114, 18568.3100,  1, -413.32, 20.030000000002474
131114, 18568.3100,  1, -466.50, 20.030000000002474
131183, 18575.7000,  3, 630.46, 27.360000000000582
131228, 18580.5200,  3, 639.38, 32.19000000000233
131281, 18586.2000,  3, 602.34, 37.840000000000146
131373, 18610.5800,  1, -467.85, 9.760000000002037
131373, 18610.5800,  1, -426.30, 9.760000000002037
131417, 18615.2900,  1, -406.09, 14.470000000001164
131417, 18615.2900,  1, -423.14, 14.470000000001164
131436, 18617.3300,  1, -504.98, 16.510000000002037
131528, 18627.1900,  1, -315.35, 26.36999999999898
131548, 18629.3300,  3, 626.65, 28.479999999999563
131632, 18638.3300,  3, 646.63, 37.4900000000016
131768, 18667.4000,  1, -388.88, 14.460000000002765
131768, 18667.4000,  1, -443.14, 14.460000000002765
131791, 18669.8600,  1, -431.16, 16.92000000000189
131791, 18669.8600,  1, -406.39, 16.92000000000189
131828, 18673.8300,  1, -403.83, 20.890000000003056
131848, 18675.9700,  3, 687.33, 22.94000000000233
131915, 18683.1500,  3, 640.46, 30.17000000000189
132011, 18693.4400,  3, 660.49, 40.409999999999854
132129, 18720.5400,  1, -402.31, 12.540000000000873
132129, 18720.5400,  1, -411.73, 12.540000000000873
132157, 18723.5400,  1, -440.69, 15.540000000000873
132180, 18726.0100,  1, -357.69, 18.0099999999984
132180, 18726.0100,  1, -400.50, 18.0099999999984
132234, 18731.7900,  1, -466.05, 23.790000000000873
132251, 18733.6100,  3, 657.77, 25.56999999999971
132266, 18735.2200,  3, 672.77, 27.209999999999127
132336, 18757.4700,  1, -464.96, 7.400000000001455
132336, 18757.4700,  1, -445.00, 7.400000000001455
132492, 18774.1900,  3, 691.15, 24.099999999998545
132531, 18778.3600,  3, 661.56, 28.260000000002037
132548, 18780.1900,  3, 674.13, 30.080000000001746
132581, 18783.7200,  3, 660.64, 33.54000000000087
132642, 18790.2600,  3, 746.12, 40.080000000001746
132701, 18796.5800,  3, 622.05, 46.470000000001164
132798, 18821.3500,  1, -489.86, 10.289999999997235
132798, 18821.3500,  1, -463.74, 10.289999999997235
132906, 18832.9200,  3, 711.72, 21.789999999997235
132945, 18837.1000,  3, 692.70, 25.979999999999563
132956, 18838.2700,  3, 690.70, 27.149999999997817
132979, 18840.7400,  3, 649.08, 29.590000000000146
132990, 18841.9200,  3, 655.95, 30.82999999999811
133035, 18846.7400,  3, 675.00, 35.63999999999942
133163, 18874.8300,  1, -480.90, 13.600000000002183
133165, 18875.0400,  1, -451.39, 13.81000000000131
133165, 18875.0400,  1, -436.16, 13.81000000000131
133270, 18886.2900,  3, 668.92, 25.0
133287, 18888.1100,  3, 711.29, 26.81000000000131
133295, 18888.9700,  3, 683.98, 27.650000000001455
133301, 18889.6100,  3, 662.09, 28.290000000000873
133412, 18901.5100,  3, 650.19, 40.26000000000204
133495, 18925.6500,  1, -445.60, 8.790000000000873
133495, 18925.6500,  1, -467.39, 8.790000000000873
133524, 18928.7600,  1, -456.77, 11.899999999997817
133524, 18928.7600,  1, -423.40, 11.899999999997817
133560, 18932.6100,  1, -418.58, 15.75
133560, 18932.6100,  1, -395.22, 15.75
133568, 18933.4700,  1, -424.86, 16.610000000000582
133594, 18936.2600,  1, -417.38, 19.399999999997817
133683, 18960.3100,  1, -445.32, 9.319999999999709
133726, 18964.9200,  1, -393.01, 13.929999999996653
133726, 18964.9200,  1, -432.77, 13.929999999996653
133860, 18979.2700,  3, 669.76, 28.219999999997526
133864, 18979.7000,  3, 708.08, 28.69999999999709
133930, 18986.7700,  3, 629.31, 35.7599999999984
133943, 18988.1700,  3, 725.26, 37.099999999998545
133979, 18992.0200,  3, 657.96, 41.0099999999984
134097, 19019.2600,  1, -440.26, 12.539999999997235
134097, 19019.2600,  1, -399.30, 12.539999999997235
134102, 19019.7900,  1, -397.03, 13.069999999999709
134102, 19019.7900,  1, -392.21, 13.069999999999709
134147, 19024.6100,  1, -360.54, 17.889999999999418
134147, 19024.6100,  1, -489.17, 17.889999999999418
134223, 19032.7600,  3, 660.69, 26.029999999998836
134312, 19042.2900,  3, 672.93, 35.55999999999767
134479, 19074.8600,  1, -422.00, 17.779999999998836
134549, 19082.3600,  3, 687.84, 25.179999999996653
134595, 19087.2900,  3, 695.16, 30.109999999996944
134601, 19087.9400,  3, 633.81, 30.81999999999971
134617, 19089.6500,  3, 667.73, 32.47999999999956
134623, 19090.2900,  3, 690.42, 33.19999999999709
134626, 19090.6100,  3, 698.44, 33.42999999999665
134694, 19097.9000,  3, 697.99, 40.719999999997526
134842, 19128.2000,  1, -399.84, 15.7400000000016
134843, 19128.3100,  1, -455.56, 15.850000000002183
134843, 19128.3100,  1, -441.72, 15.850000000002183
134864, 19130.5600,  1, -452.62, 18.100000000002183
134864, 19130.5600,  1, -430.03, 18.100000000002183
134870, 19131.2000,  1, -458.45, 18.7400000000016
134870, 19131.2000,  1, -360.23, 18.7400000000016
135042, 19149.6300,  3, 647.01, 37.13999999999942
135139, 19174.6700,  1, -433.27, 10.279999999998836
135162, 19177.1300,  1, -414.86, 12.7400000000016
135262, 19187.8500,  3, 638.65, 23.400000000001455
135268, 19188.4900,  3, 705.27, 24.029999999998836
135300, 19191.9200,  3, 714.60, 27.510000000002037
135310, 19192.9900,  3, 702.52, 28.520000000000437
135317, 19193.7400,  3, 660.56, 29.260000000002037
135317, 19193.7400,  3, 708.24, 29.31000000000131
135437, 19220.9500,  1, -399.25, 12.75
135437, 19220.9500,  1, -423.59, 12.75
135491, 19226.7400,  1, -396.64, 18.540000000000873
135491, 19226.7400,  1, -420.73, 18.540000000000873
135522, 19230.0600,  3, 681.91, 21.790000000000873
135570, 19235.2000,  3, 689.86, 26.919999999998254
135580, 19236.2700,  3, 655.39, 28.0
135648, 19243.5600,  3, 636.01, 35.27000000000044
135826, 19277.1000,  1, -400.36, 18.969999999997526
135826, 19277.1000,  1, -482.50, 18.969999999997526
135888, 19283.7400,  3, 683.98, 25.5
135989, 19294.5600,  3, 662.27, 36.36999999999898
136019, 19297.7700,  3, 704.44, 39.539999999997235
136019, 19297.7700,  3, 626.45, 39.57999999999811
136063, 19302.4900,  3, 684.81, 44.25
136075, 19303.7700,  3, 575.86, 45.56999999999971
136198, 19331.3300,  1, -417.44, 13.080000000001746
136284, 19340.5400,  3, 663.42, 22.279999999998836
136314, 19343.7600,  3, 648.97, 25.419999999998254
136349, 19347.5100,  3, 682.30, 29.229999999999563
136376, 19350.4000,  3, 649.68, 32.13000000000102
136407, 19353.7200,  3, 662.76, 35.43000000000029
136462, 19359.6100,  3, 617.00, 41.27000000000044
136526, 19366.4700,  3, 660.94, 48.159999999999854
136621, 19391.2000,  1, -463.53, 10.069999999999709
136621, 19391.2000,  1, -445.06, 10.069999999999709
136668, 19396.2400,  1, -400.01, 15.110000000000582
136668, 19396.2400,  1, -419.79, 15.110000000000582
136745, 19404.4900,  1, -439.12, 23.360000000000582
136745, 19404.4900,  1, -442.76, 23.360000000000582
136774, 19407.6000,  3, 667.82, 26.389999999999418
136782, 19408.4500,  3, 722.24, 27.25
136880, 19433.5800,  1, -460.14, 10.400000000001455
136880, 19433.5800,  1, -423.97, 10.400000000001455
136881, 19433.6900,  1, -427.72, 10.5099999999984
136881, 19433.6900,  1, -435.06, 10.5099999999984
136920, 19437.8600,  1, -440.33, 14.680000000000291
136920, 19437.8600,  1, -408.11, 14.680000000000291
137078, 19454.7900,  3, 685.99, 31.540000000000873
137155, 19463.0400,  3, 634.57, 39.81999999999971
137288, 19491.7400,  1, -396.25, 14.140000000003056
137288, 19491.7400,  1, -425.03, 14.140000000003056
137295, 19492.4900,  1, -421.36, 14.890000000003056
137295, 19492.4900,  1, -408.97, 14.890000000003056
137422, 19506.1000,  3, 669.28, 28.44000000000233
137438, 19507.8100,  3, 733.07, 30.13000000000102
137526, 19517.2400,  3, 663.81, 39.590000000000146
137575, 19522.4900,  3, 669.69, 44.86000000000058
137643, 19544.2600,  1, -460.19, 7.18999999999869
137643, 19544.2600,  1, -448.11, 7.18999999999869
137804, 19561.5100,  3, 698.22, 24.43000000000029
137838, 19565.1500,  3, 681.46, 28.020000000000437
137850, 19566.4400,  1, -398.87, 29.36999999999898
137861, 19567.6100,  3, 634.54, 30.459999999999127
137875, 19569.1100,  3, 678.79, 31.93999999999869
137965, 19578.7600,  3, 731.62, 41.659999999999854
138090, 19606.5600,  1, -393.52, 13.280000000002474
138090, 19606.5600,  1, -390.43, 13.280000000002474
138186, 19616.8500,  3, 691.11, 23.470000000001164
138204, 19618.7700,  3, 669.00, 25.479999999999563
138265, 19625.3100,  3, 636.82, 31.9900000000016
138396, 19639.3500,  3, 595.82, 46.02000000000044
138465, 19646.7400,  3, 622.19, 53.409999999999854
138510, 19651.5600,  3, 616.60, 58.27000000000044
138608, 19676.5200,  1, -449.07, 10.389999999999418
138614, 19677.1700,  1, -434.84, 11.039999999997235
138614, 19677.1700,  1, -387.78, 11.039999999997235
138671, 19683.2700,  1, -436.18, 17.139999999999418
138741, 19690.7700,  3, 652.21, 24.549999999999272
138834, 19700.7400,  3, 651.60, 34.55999999999767
138868, 19704.3800,  3, 738.66, 38.22999999999956
138896, 19707.3800,  3, 639.86, 41.18999999999869
139070, 19740.6500,  1, -425.85, 18.530000000002474
139074, 19741.0800,  1, -431.40, 18.960000000002765
139140, 19748.1500,  3, 634.90, 25.93000000000029
139163, 19750.6100,  3, 690.76, 28.400000000001455
139175, 19751.9000,  3, 707.56, 29.700000000000728
139210, 19755.6500,  3, 616.80, 33.52000000000044
139263, 19761.3300,  3, 665.87, 39.150000000001455
139310, 19766.3600,  3, 652.36, 44.17000000000189
139449, 19795.7000,  1, -449.40, 14.780000000002474
139449, 19795.7000,  1, -396.16, 14.780000000002474
139456, 19796.4500,  1, -412.93, 15.530000000002474
139456, 19796.4500,  1, -463.59, 15.530000000002474
139508, 19802.0200,  3, 691.96, 21.030000000002474
139523, 19803.6300,  3, 706.97, 22.600000000002183
139536, 19805.0200,  3, 673.48, 24.080000000001746
139642, 19816.3800,  3, 601.65, 35.43000000000029
139784, 19846.0800,  1, -408.10, 15.100000000002183
139784, 19846.0800,  1, -395.66, 15.100000000002183
139995, 19868.6900,  3, 665.17, 37.61999999999898
140007, 19869.9700,  3, 633.08, 38.900000000001455
140093, 19879.1900,  3, 655.37, 48.18000000000029
140153, 19885.6100,  3, 592.90, 54.54000000000087
140225, 19893.3300,  1, -567.08, 62.35000000000218
140279, 19899.1100,  3, 535.97, 68.09000000000015
140384, 19924.8600,  1, -418.44, 11.130000000001019
140384, 19924.8600,  1, -400.41, 11.130000000001019
140433, 19930.1100,  1, -399.25, 16.38000000000102
140433, 19930.1100,  1, -423.62, 16.38000000000102
140439, 19930.7600,  1, -489.23, 17.029999999998836
140439, 19930.7600,  1, -358.22, 17.029999999998836
140635, 19951.7600,  3, 640.54, 37.93999999999869
140698, 19958.5100,  3, 562.71, 44.70999999999913
140816, 19985.6900,  1, -431.99, 12.539999999997235
140816, 19985.6900,  1, -433.82, 12.539999999997235
140859, 19990.2900,  1, -414.42, 17.139999999999418
140859, 19990.2900,  1, -448.31, 17.139999999999418
140930, 19997.9000,  3, 668.51, 24.669999999998254
140949, 19999.9400,  3, 681.18, 26.69999999999709
140997, 20005.0800,  3, 698.43, 31.899999999997817
141029, 20008.5100,  3, 628.46, 35.30999999999767
141126, 20033.2600,  1, -471.72, 10.279999999998836
141126, 20033.2600,  1, -433.31, 10.279999999998836
141223, 20043.6500,  1, -375.86, 20.67000000000189
141223, 20043.6500,  1, -448.31, 20.67000000000189
141261, 20047.7200,  3, 646.06, 24.709999999999127
141293, 20051.1500,  3, 722.72, 28.139999999999418
141468, 20069.9000,  3, 637.22, 46.81000000000131
141487, 20071.9400,  3, 671.95, 48.93999999999869
141596, 20099.0200,  1, -372.21, 11.56000000000131
141596, 20099.0200,  1, -452.40, 11.56000000000131
141609, 20100.4200,  1, -414.25, 12.959999999999127
141609, 20100.4200,  1, -422.56, 12.959999999999127
141694, 20109.5200,  3, 672.34, 21.970000000001164
141718, 20112.1000,  3, 722.17, 24.610000000000582
141828, 20123.8800,  3, 742.86, 36.340000000000146
142049, 20147.5600,  3, 667.29, 60.030000000002474
142191, 20177.1500,  1, -442.34, 15.110000000000582
142257, 20184.2200,  1, -437.12, 22.18000000000029
142314, 20190.3300,  3, 674.99, 28.229999999999563
142327, 20191.7200,  3, 697.83, 29.639999999999418
142330, 20192.0400,  3, 674.80, 29.950000000000728
142398, 20199.3300,  3, 609.62, 37.22999999999956
142406, 20200.1900,  3, 660.76, 38.13999999999942
142507, 20211.0100,  3, 649.31, 48.919999999998254
142562, 20231.3600,  1, -461.23, 5.779999999998836
142562, 20231.3600,  1, -476.48, 5.779999999998836
142742, 20250.6500,  3, 694.38, 25.029999999998836
142767, 20253.3300,  3, 629.07, 27.639999999999418
142868, 20264.1500,  3, 676.26, 38.469999999997526
142893, 20266.8300,  3, 656.55, 41.219999999997526
142897, 20267.2600,  3, 632.73, 41.659999999999854
142924, 20270.1500,  3, 680.60, 44.469999999997526
143005, 20294.0600,  1, -442.57, 8.569999999999709
143005, 20294.0600,  1, -444.82, 8.569999999999709
143093, 20303.4900,  1, -493.20, 18.0
143093, 20303.4900,  1, -354.18, 18.0
143097, 20303.9200,  1, -449.99, 18.429999999996653
143196, 20314.5200,  1, -445.73, 29.029999999998836
143233, 20318.4900,  3, 681.34, 32.909999999999854
143341, 20330.0600,  3, 606.04, 44.539999999997235
143486, 20360.5100,  1, -405.64, 15.43999999999869
143486, 20360.5100,  1, -490.68, 15.43999999999869
143498, 20361.7900,  1, -432.56, 16.720000000001164
143498, 20361.7900,  1, -418.23, 16.720000000001164
143506, 20362.6500,  1, -440.83, 17.580000000001746
143657, 20378.8300,  1, -429.81, 33.76000000000204
143795, 20393.6100,  3, 630.82, 48.51000000000204
143893, 20404.1100,  3, 597.64, 58.9900000000016
144074, 20437.9000,  1, -482.07, 19.280000000002474
144074, 20437.9000,  1, -386.33, 19.280000000002474
144199, 20451.2900,  3, 696.06, 32.650000000001455
144217, 20453.2200,  3, 640.22, 34.5
144306, 20462.7600,  3, 628.24, 44.04999999999927
144313, 20463.5100,  3, 622.71, 44.85000000000218
144338, 20466.1900,  3, 617.42, 47.51000000000204
144343, 20466.7200,  3, 620.27, 48.04999999999927
144461, 20493.7200,  1, -483.63, 12.530000000002474
144461, 20493.7200,  1, -424.84, 12.530000000002474
144475, 20495.2200,  1, -441.70, 14.030000000002474
144502, 20498.1100,  1, -377.08, 16.92000000000189
144502, 20498.1100,  1, -458.22, 16.92000000000189
144564, 20504.7600,  3, 662.82, 23.510000000002037
144578, 20506.2600,  3, 666.54, 24.979999999999563
144725, 20522.0100,  3, 629.43, 40.710000000002765
144840, 20548.9900,  1, -423.87, 12.210000000002765
144840, 20548.9900,  1, -418.46, 12.210000000002765
144979, 20563.8800,  3, 673.24, 27.0
144982, 20564.2000,  3, 648.76, 27.38000000000102
144982, 20564.2000,  3, 694.82, 27.409999999999854
145015, 20567.7400,  3, 622.64, 30.88000000000102
145038, 20570.2000,  3, 630.63, 33.340000000000146
145071, 20573.7400,  3, 641.02, 36.87000000000262
145191, 20600.9400,  1, -375.22, 12.7599999999984
145191, 20600.9400,  1, -417.55, 12.7599999999984
145193, 20601.1500,  1, -397.94, 12.970000000001164
145193, 20601.1500,  1, -420.86, 12.970000000001164
145316, 20614.3300,  1, -446.13, 26.150000000001455
145316, 20614.3300,  1, -356.39, 26.150000000001455
145346, 20617.5400,  3, 681.58, 29.2599999999984
145508, 20634.9000,  3, 734.41, 46.70999999999913
145679, 20667.9000,  1, -354.67, 18.210000000002765
145679, 20667.9000,  1, -482.59, 18.210000000002765
145707, 20670.9000,  1, -430.06, 21.210000000002765
145707, 20670.9000,  1, -446.84, 21.210000000002765
145737, 20674.1100,  3, 707.34, 24.400000000001455
145850, 20686.2200,  3, 597.85, 36.460000000002765
145866, 20687.9400,  3, 650.06, 38.22999999999956
145917, 20693.4000,  3, 652.28, 43.67000000000189
146117, 20729.5800,  1, -383.16, 21.320000000003347
146117, 20729.5800,  1, -339.41, 21.320000000003347
146162, 20734.4000,  3, 684.80, 26.080000000001746
146198, 20738.2600,  3, 676.83, 29.890000000003056
146216, 20740.1900,  3, 681.69, 31.909999999999854
146223, 20740.9400,  3, 629.69, 32.590000000000146
146225, 20741.1500,  3, 636.57, 32.840000000000146
146267, 20745.6500,  3, 638.32, 37.36000000000058
146369, 20772.0400,  1, -474.29, 10.81000000000131
146369, 20772.0400,  1, -447.68, 10.81000000000131
146510, 20787.1500,  3, 642.89, 25.88000000000102
146533, 20789.6100,  1, -448.23, 28.38000000000102
146555, 20791.9700,  3, 634.74, 30.700000000000728
146567, 20793.2600,  3, 666.19, 31.9900000000016
146640, 20801.0800,  3, 632.75, 39.75
146680, 20805.3600,  3, 671.32, 44.080000000001746
146836, 20836.4700,  1, -403.50, 16.610000000000582
146864, 20839.4700,  3, 686.29, 19.55999999999767
146947, 20848.3600,  3, 669.47, 28.409999999999854
146966, 20850.4000,  3, 677.20, 30.479999999999563
146998, 20853.8300,  3, 622.31, 33.919999999998254
147020, 20856.1900,  3, 674.00, 36.22999999999956
147022, 20856.4000,  3, 663.09, 36.529999999998836
147043, 20858.6500,  3, 628.99, 38.720000000001164
147158, 20885.4700,  1, -428.25, 12.210000000002765
147159, 20885.5800,  1, -408.16, 12.320000000003347
147159, 20885.5800,  1, -406.58, 12.320000000003347
147177, 20887.5100,  1, -405.63, 14.25
147192, 20889.1100,  1, -433.73, 15.850000000002183
147263, 20896.7200,  3, 688.74, 23.42000000000189
147301, 20900.7900,  3, 640.70, 27.5
147316, 20902.4000,  3, 705.60, 29.070000000003347
147402, 20926.1900,  1, -490.13, 9.119999999998981
147402, 20926.1900,  1, -474.16, 9.119999999998981
147406, 20926.6100,  1, -453.99, 9.540000000000873
147406, 20926.6100,  1, -462.28, 9.540000000000873
147478, 20934.3300,  1, -383.98, 17.260000000002037
147478, 20934.3300,  1, -379.20, 17.260000000002037
147542, 20941.1900,  3, 702.38, 24.06999999999971
147558, 20942.9000,  3, 692.73, 25.75
147688, 20971.1900,  1, -431.29, 13.829999999998108
147688, 20971.1900,  1, -417.08, 13.829999999998108
147726, 20975.2600,  1, -423.04, 17.899999999997817
147726, 20975.2600,  1, -453.45, 17.899999999997817
147730, 20975.6900,  1, -415.55, 18.32999999999811
147837, 20987.1500,  3, 669.05, 29.7599999999984
147858, 20989.4000,  3, 641.32, 32.02000000000044
147896, 20993.4700,  3, 673.21, 36.05999999999767
148060, 21025.7600,  1, -485.06, 17.469999999997526
148119, 21032.0800,  3, 694.33, 23.75
148125, 21032.7200,  3, 644.50, 24.419999999998254
148140, 21034.3300,  3, 675.68, 25.959999999999127
148143, 21034.6500,  3, 675.06, 26.30999999999767
148168, 21037.3300,  3, 735.72, 28.989999999997963
148230, 21043.9700,  3, 684.61, 35.56999999999971
148263, 21047.5100,  3, 635.74, 39.159999999999854
148343, 21070.4700,  1, -447.34, 8.470000000001164
148343, 21070.4700,  1, -449.73, 8.470000000001164
148438, 21080.6500,  1, -423.39, 18.650000000001455
148438, 21080.6500,  1, -390.60, 18.650000000001455
148552, 21092.8600,  3, 689.34, 30.799999999999272
148576, 21095.4400,  3, 698.86, 33.38999999999942
148604, 21098.4400,  3, 705.29, 36.400000000001455
148675, 21106.0400,  3, 622.30, 43.970000000001164
148887, 21143.2000,  3, 691.58, 22.5099999999984
148918, 21146.5200,  3, 644.40, 25.909999999999854
148923, 21147.0600,  3, 635.57, 26.43999999999869
148934, 21148.2400,  3, 644.14, 27.61999999999898
148937, 21148.5600,  3, 696.80, 27.919999999998254
148961, 21151.1300,  3, 754.31, 30.470000000001164
148972, 21152.3100,  3, 647.11, 31.669999999998254
149159, 21172.3500,  3, 632.07, 51.659999999999854
149234, 21194.7000,  1, -439.50, 7.930000000000291
149234, 21194.7000,  1, -428.17, 7.930000000000291
149253, 21196.7400,  1, -459.79, 9.970000000001164
149253, 21196.7400,  1, -449.38, 9.970000000001164
149337, 21205.7400,  1, -455.05, 18.970000000001164
149337, 21205.7400,  1, -439.56, 18.970000000001164
149433, 21216.0200,  3, 664.02, 29.149999999997817
149447, 21217.5200,  3, 717.68, 30.68000000000029
149556, 21243.6500,  1, -446.07, 11.580000000001746
149561, 21244.1900,  1, -434.30, 12.119999999998981
149561, 21244.1900,  1, -417.01, 12.119999999998981
149598, 21248.1500,  1, -406.75, 16.080000000001746
149598, 21248.1500,  1, -406.55, 16.080000000001746
149689, 21257.9000,  3, 728.97, 25.779999999998836
149694, 21258.4400,  3, 644.07, 26.260000000002037
149830, 21273.0100,  3, 704.15, 40.900000000001455
149900, 21294.9900,  1, -456.75, 7.390000000003056
149900, 21294.9900,  1, -455.64, 7.390000000003056
149914, 21296.4900,  1, -429.63, 8.890000000003056
149914, 21296.4900,  1, -458.97, 8.890000000003056
150059, 21312.0200,  3, 707.34, 24.340000000000146
150064, 21312.5600,  3, 712.21, 24.900000000001455
150115, 21318.0200,  3, 718.91, 30.350000000002183
150431, 21351.8800,  3, 592.86, 64.22000000000116
150530, 21376.9500,  1, -425.28, 10.4900000000016
150530, 21376.9500,  1, -421.01, 10.4900000000016
150642, 21388.9500,  3, 663.63, 22.400000000001455
150683, 21393.3500,  3, 662.18, 26.87000000000262
150688, 21393.8800,  3, 659.91, 27.37000000000262
150715, 21396.7700,  3, 617.08, 30.299999999999272
150739, 21399.3500,  3, 695.94, 32.79000000000087
150959, 21422.9200,  3, 621.36, 56.409999999999854
151107, 21453.0800,  1, -398.42, 15.760000000002037
151107, 21453.0800,  1, -477.87, 15.760000000002037
151179, 21460.7900,  3, 680.92, 23.400000000001455
151198, 21462.8300,  1, -468.30, 25.510000000002037
151222, 21465.4000,  3, 695.04, 28.06000000000131
151226, 21465.8300,  3, 663.64, 28.450000000000728
151258, 21469.2600,  3, 629.75, 31.840000000000146
151300, 21473.7600,  3, 653.84, 36.340000000000146
151411, 21500.1700,  1, -403.33, 11.779999999998836
151411, 21500.1700,  1, -437.50, 11.779999999998836
151435, 21502.7400,  1, -405.90, 14.350000000002183
151435, 21502.7400,  1, -391.02, 14.350000000002183
151439, 21503.1700,  1, -389.12, 14.779999999998836
151439, 21503.1700,  1, -444.54, 14.779999999998836
151547, 21514.7400,  3, 630.19, 26.31999999999971
151631, 21523.7400,  3, 662.71, 35.27000000000044
151701, 21546.6700,  1, -442.39, 7.399999999997817
151701, 21546.6700,  1, -471.96, 7.399999999997817
151785, 21555.6700,  1, -409.46, 16.399999999997817
151796, 21556.8500,  1, -412.52, 17.57999999999811
151823, 21559.7400,  1, -413.48, 20.470000000001164
151843, 21561.8800,  1, -406.78, 22.610000000000582
151843, 21561.8800,  1, -370.20, 22.610000000000582
151876, 21565.4200,  3, 662.64, 26.110000000000582
152031, 21596.5800,  1, -474.27, 16.5
152031, 21596.5800,  1, -424.80, 16.5
152037, 21597.2200,  1, -448.08, 17.139999999999418
152039, 21597.4400,  1, -508.47, 17.359999999996944
152039, 21597.4400,  1, -403.75, 17.359999999996944
152082, 21602.0400,  3, 643.33, 21.93999999999869
152127, 21606.8600,  3, 637.14, 26.7699999999968
152228, 21617.6900,  3, 608.54, 37.57999999999811
152353, 21646.1500,  1, -394.92, 13.280000000002474
152353, 21646.1500,  1, -455.55, 13.280000000002474
152363, 21647.2200,  1, -417.23, 14.350000000002183
152365, 21647.4400,  1, -410.99, 14.569999999999709
152365, 21647.4400,  1, -414.18, 14.569999999999709
152482, 21659.9700,  3, 662.09, 27.06999999999971
152536, 21665.7600,  3, 708.81, 32.79999999999927
152555, 21667.7900,  3, 649.11, 34.830000000001746
152622, 21689.7600,  1, -519.39, 7.079999999998108
152695, 21697.5800,  1, -455.51, 14.900000000001455
152695, 21697.5800,  1, -430.83, 14.900000000001455
152789, 21707.6500,  3, 693.56, 24.909999999999854
152806, 21709.4700,  3, 665.56, 26.779999999998836
152830, 21712.0400,  3, 709.48, 29.31000000000131
152848, 21713.9700,  3, 676.10, 31.200000000000728
152870, 21716.3300,  3, 630.78, 33.590000000000146
153005, 21745.2000,  1, -401.48, 14.360000000000582
153005, 21745.2000,  1, -436.87, 14.360000000000582
153024, 21747.2400,  1, -458.38, 16.400000000001455
153108, 21756.2400,  3, 668.32, 25.349999999998545
153111, 21756.5600,  3, 685.58, 25.669999999998254
153119, 21757.4200,  3, 654.20, 26.56999999999971
153174, 21763.3100,  3, 679.26, 32.45000000000073
153207, 21766.8500,  3, 663.73, 35.9900000000016
153341, 21795.8300,  1, -411.75, 14.25
153341, 21795.8300,  1, -430.16, 14.25
153445, 21806.9700,  3, 656.82, 25.299999999999272
153447, 21807.1900,  3, 691.72, 25.55999999999767
153462, 21808.7900,  3, 631.75, 27.12999999999738
153561, 21819.4000,  3, 665.78, 37.72999999999956
153566, 21819.9400,  3, 649.99, 38.2599999999984
154142, 21881.6500,  2, -12.69, 100
154374, 21920.9000,  1, -414.34, 24.650000000001455
154374, 21920.9000,  1, -396.15, 24.650000000001455
154391, 21922.7200,  3, 641.26, 26.389999999999418
154404, 21924.1100,  3, 644.97, 27.779999999998836
154419, 21925.7200,  3, 662.10, 29.409999999999854
154459, 21930.0100,  3, 610.37, 33.68000000000029
154507, 21935.1500,  3, 648.61, 38.830000000001746
154553, 21940.0800,  3, 658.25, 43.7599999999984
154656, 21965.2600,  1, -455.29, 10.93999999999869
154656, 21965.2600,  1, -418.59, 10.93999999999869
154688, 21968.6900,  1, -424.88, 14.369999999998981
154688, 21968.6900,  1, -409.17, 14.369999999998981
154720, 21972.1100,  1, -381.31, 17.790000000000873
154720, 21972.1100,  1, -421.76, 17.790000000000873
154822, 21983.0400,  3, 689.47, 28.700000000000728
154850, 21986.0400,  3, 651.94, 31.67000000000189
154975, 22014.0800,  1, -404.14, 13.290000000000873
154975, 22014.0800,  1, -442.96, 13.290000000000873
155092, 22026.6100,  3, 670.51, 25.790000000000873
155104, 22027.9000,  3, 692.41, 27.06999999999971
155109, 22028.4400,  3, 706.16, 27.549999999999272
155171, 22035.0800,  3, 679.33, 34.18999999999869
155198, 22037.9700,  3, 677.37, 37.169999999998254
155218, 22040.1100,  3, 655.39, 39.22999999999956
155463, 22080.7200,  3, 699.51, 26.029999999998836
155486, 22083.1900,  3, 647.29, 28.56999999999971
155503, 22085.0100,  3, 642.86, 30.349999999998545
155505, 22085.2200,  3, 706.85, 30.539999999997235
155509, 22085.6500,  3, 600.01, 30.979999999999563
155512, 22085.9700,  3, 675.90, 31.339999999996508
155551, 22090.1500,  3, 623.32, 35.5199999999968
155568, 22091.9700,  3, 677.71, 37.349999999998545
155683, 22118.6900,  1, -436.11, 12.219999999997526
155756, 22126.5100,  1, -474.64, 20.039999999997235
155756, 22126.5100,  1, -411.22, 20.039999999997235
155825, 22133.9000,  3, 720.51, 27.389999999999418
155842, 22135.7200,  3, 646.43, 29.229999999999563
155875, 22139.2600,  3, 652.91, 32.70999999999913
155881, 22139.9000,  3, 688.68, 33.38999999999942
155901, 22142.0400,  3, 631.00, 35.469999999997526
156019, 22169.2400,  1, -450.71, 12.530000000002474
156027, 22170.1000,  1, -477.50, 13.389999999999418
156027, 22170.1000,  1, -378.30, 13.389999999999418
156125, 22180.6000,  3, 683.95, 23.799999999999272
156181, 22186.6000,  3, 692.95, 29.88000000000102
156234, 22192.2700,  3, 670.98, 35.470000000001164
156266, 22195.7000,  3, 739.43, 38.97999999999956
156302, 22199.5600,  3, 627.99, 42.79000000000087
156396, 22223.7600,  1, -420.17, 9.959999999999127
156418, 22226.1100,  1, -421.98, 12.31000000000131
156418, 22226.1100,  1, -407.35, 12.31000000000131
156470, 22231.6900,  1, -446.42, 17.889999999999418
156470, 22231.6900,  1, -392.98, 17.889999999999418
156552, 22240.4700,  1, -459.49, 26.67000000000189
156584, 22243.9000,  3, 705.97, 30.0
156618, 22247.5400,  3, 643.23, 33.70000000000073
156728, 22274.7600,  1, -426.41, 11.68999999999869
156728, 22274.7600,  1, -430.35, 11.68999999999869
156793, 22281.7200,  1, -440.32, 18.650000000001455
156905, 22293.7200,  3, 626.61, 30.549999999999272
156915, 22294.7900,  3, 649.88, 31.709999999999127
156931, 22296.5100,  3, 664.13, 33.38000000000102
156961, 22299.7200,  3, 631.98, 36.54000000000087
156996, 22303.4700,  3, 609.98, 40.38000000000102
157163, 22335.5600,  1, -399.86, 17.780000000002474
157163, 22335.5600,  1, -386.88, 17.780000000002474
157176, 22336.9500,  1, -397.05, 19.17000000000189
157231, 22342.8500,  1, -482.95, 25.06999999999971
157318, 22352.1700,  3, 638.02, 34.30000000000291
157320, 22352.3800,  3, 659.24, 34.56000000000131
157330, 22353.4500,  3, 681.78, 35.659999999999854
157415, 22362.5600,  3, 658.64, 44.710000000002765
157565, 22393.0400,  1, -407.73, 15.970000000001164
157565, 22393.0400,  1, -389.78, 15.970000000001164
157569, 22393.4700,  1, -428.44, 16.400000000001455
157577, 22394.3300,  1, -435.90, 17.260000000002037
157616, 22398.5100,  1, -420.63, 21.43999999999869
157616, 22398.5100,  1, -478.91, 21.43999999999869
157756, 22413.5100,  3, 719.49, 36.340000000000146
157760, 22413.9400,  3, 608.51, 36.779999999998836
157919, 22445.4700,  1, -381.82, 16.93000000000029
157919, 22445.4700,  1, -384.54, 16.93000000000029
158013, 22455.5400,  3, 654.17, 26.93000000000029
158049, 22459.4000,  3, 664.58, 30.849999999998545
158083, 22463.0400,  3, 694.33, 34.48999999999796
158089, 22463.6900,  3, 637.38, 35.13999999999942
158116, 22466.5800,  3, 624.62, 38.02000000000044
158259, 22481.9000,  3, 646.30, 53.32999999999811
158363, 22507.4900,  1, -435.01, 11.040000000000873
158363, 22507.4900,  1, -435.39, 11.040000000000873
158454, 22517.2400,  1, -446.25, 20.790000000000873
158454, 22517.2400,  1, -392.20, 20.790000000000873
158489, 22520.9900,  3, 645.98, 24.529999999998836
158510, 22523.2400,  3, 696.23, 26.779999999998836
158589, 22531.7000,  3, 633.70, 35.22999999999956
158595, 22532.3500,  3, 686.90, 35.849999999998545
158752, 22563.5100,  1, -420.66, 16.719999999997526
158821, 22570.9000,  3, 663.13, 24.07999999999811
158838, 22572.7200,  3, 683.50, 25.849999999998545
158845, 22573.4700,  3, 687.72, 26.590000000000146
158864, 22575.5100,  3, 651.67, 28.659999999999854
158880, 22577.2200,  3, 663.28, 30.340000000000146
158983, 22588.2600,  3, 678.65, 41.43000000000029
158995, 22589.5400,  3, 686.90, 42.70000000000073
159142, 22619.6100,  1, -460.99, 15.639999999999418
159158, 22621.3300,  1, -392.62, 17.360000000000582
159226, 22628.6100,  3, 652.45, 24.57999999999811
159263, 22632.5800,  3, 676.57, 28.5099999999984
159265, 22632.7900,  3, 714.13, 28.7599999999984
159425, 22649.9400,  3, 626.55, 45.89999999999782
159457, 22653.3600,  3, 648.61, 49.30999999999767
159511, 22659.1500,  3, 555.45, 55.099999999998545
159667, 22691.2400,  1, -381.14, 16.610000000000582
159667, 22691.2400,  1, -388.54, 16.610000000000582
159737, 22698.7400,  3, 678.07, 24.06999999999971
159799, 22705.3800,  3, 692.75, 30.700000000000728
159856, 22711.4900,  3, 700.42, 36.75
159861, 22712.0200,  3, 646.73, 37.29999999999927
159946, 22721.1300,  3, 624.57, 46.409999999999854
159989, 22725.7400,  3, 601.23, 51.099999999998545
160128, 22754.9900,  1, -464.01, 14.790000000000873
160146, 22756.9200,  1, -409.82, 16.719999999997526
160146, 22756.9200,  1, -410.43, 16.719999999997526
160258, 22768.9200,  3, 660.86, 28.63000000000102
160276, 22770.8500,  3, 753.77, 30.57999999999811
160304, 22773.8500,  3, 645.69, 33.54000000000087
160320, 22775.5600,  3, 699.50, 35.340000000000146
160337, 22777.3800,  3, 674.35, 37.13999999999942
160444, 22803.1500,  1, -427.61, 11.350000000002183
160444, 22803.1500,  1, -427.02, 11.350000000002183
160477, 22806.6900,  1, -381.00, 14.889999999999418
160576, 22817.2900,  3, 717.32, 25.44000000000233
160612, 22821.1500,  1, -517.96, 29.350000000002183
160639, 22824.0400,  3, 695.79, 32.18000000000029
160688, 22829.2900,  3, 628.86, 37.43000000000029
160786, 22839.7900,  3, 646.33, 47.900000000001455
160899, 22866.4200,  1, -446.83, 12.0099999999984
160899, 22866.4200,  1, -451.28, 12.0099999999984
161022, 22879.6000,  1, -423.38, 25.18999999999869
161022, 22879.6000,  1, -424.09, 25.18999999999869
161097, 22887.6300,  3, 675.27, 33.18000000000029
161115, 22889.5600,  3, 659.32, 35.080000000001746
161170, 22895.4500,  3, 638.08, 40.970000000001164
161290, 22908.3100,  3, 676.87, 53.88000000000102
161372, 22931.4700,  1, -465.96, 8.680000000000291
161372, 22931.4700,  1, -430.83, 8.680000000000291
161450, 22939.8300,  1, -391.56, 17.040000000000873
161450, 22939.8300,  1, -430.55, 17.040000000000873
161578, 22953.5400,  3, 695.66, 30.669999999998254
161664, 22962.7600,  3, 636.33, 39.95999999999913
161698, 22966.4000,  3, 668.62, 43.590000000000146
161720, 22968.7600,  3, 611.78, 45.909999999999854
161779, 22989.4900,  1, -447.18, 6.220000000001164
161779, 22989.4900,  1, -468.63, 6.220000000001164
161805, 22992.2700,  1, -454.11, 9.0
161805, 22992.2700,  1, -405.90, 9.0
161882, 23000.5200,  1, -490.62, 17.25
161882, 23000.5200,  1, -415.32, 17.25
161992, 23012.3100,  3, 699.41, 28.989999999997963
162019, 23015.2000,  3, 639.46, 31.889999999999418
162126, 23041.1500,  1, -444.21, 11.350000000002183
162126, 23041.1500,  1, -475.33, 11.350000000002183
162150, 23043.7200,  1, -398.96, 13.920000000001892
162151, 23043.8300,  1, -418.18, 14.030000000002474
162270, 23056.5800,  3, 670.80, 26.7400000000016
162290, 23058.7200,  3, 649.86, 28.81999999999971
162352, 23065.3600,  3, 727.49, 35.4900000000016
162445, 23075.3300,  3, 639.39, 45.5
162560, 23102.0600,  1, -422.50, 12.210000000002765
162560, 23102.0600,  1, -408.09, 12.210000000002765
162689, 23115.8800,  3, 708.24, 25.970000000001164
162710, 23118.1300,  3, 671.44, 28.210000000002765
162739, 23121.2400,  3, 654.25, 31.350000000002183
162783, 23125.9500,  3, 688.50, 36.0
162807, 23128.5200,  3, 670.70, 38.640000000003056
162965, 23145.4500,  3, 751.05, 55.56999999999971
163093, 23173.7900,  1, -402.82, 13.610000000000582
163093, 23173.7900,  1, -385.20, 13.610000000000582
163201, 23185.3600,  1, -396.35, 25.18000000000029
163201, 23185.3600,  1, -483.34, 25.18000000000029
163215, 23186.8600,  3, 672.74, 26.610000000000582
163222, 23187.6100,  3, 688.33, 27.400000000001455
163252, 23190.8300,  3, 688.41, 30.599999999998545
163402, 23206.9000,  3, 617.25, 46.70999999999913
163589, 23241.3500,  3, 680.60, 19.889999999999418
163646, 23247.4500,  3, 641.37, 25.970000000001164
163672, 23250.2400,  3, 710.72, 28.799999999999272
163705, 23253.7700,  3, 727.06, 32.349999999998545
163705, 23253.7700,  3, 658.84, 32.27000000000044
163710, 23254.3100,  3, 663.54, 32.79000000000087
163805, 23264.4900,  3, 642.90, 42.9900000000016
163834, 23267.6000,  3, 673.39, 46.13999999999942
163969, 23296.2700,  1, -422.88, 14.360000000000582
163969, 23296.2700,  1, -463.61, 14.360000000000582
164075, 23307.6300,  3, 691.21, 25.67000000000189
164091, 23309.3500,  3, 677.69, 27.349999999998545
164098, 23310.1000,  3, 699.61, 28.099999999998545
164135, 23314.0600,  3, 648.06, 32.11000000000058
164200, 23321.0200,  3, 689.28, 39.099999999998545
164241, 23325.4200,  3, 619.30, 43.42000000000189
164404, 23357.3600,  1, -364.73, 17.360000000000582
164479, 23365.4000,  3, 689.84, 25.349999999998545
164498, 23367.4400,  3, 725.05, 27.409999999999854
164502, 23367.8600,  3, 617.18, 27.790000000000873
164515, 23369.2600,  3, 676.12, 29.18999999999869
164560, 23374.0800,  3, 678.09, 34.02000000000044
164574, 23375.5800,  3, 689.08, 35.5099999999984
164630, 23381.5800,  3, 711.72, 41.5099999999984
164788, 23412.9000,  1, -476.41, 16.81999999999971
164795, 23413.6500,  1, -433.79, 17.56999999999971
164795, 23413.6500,  1, -459.63, 17.56999999999971
164860, 23420.6100,  3, 687.71, 24.5
164871, 23421.7900,  3, 696.62, 25.669999999998254
164897, 23424.5800,  3, 723.19, 28.399999999997817
164911, 23426.0800,  3, 728.89, 29.959999999999127
164920, 23427.0400,  3, 649.36, 30.94999999999709
165024, 23452.9200,  1, -420.64, 11.039999999997235
165024, 23452.9200,  1, -415.16, 11.039999999997235
165074, 23458.2700,  1, -432.45, 16.389999999999418
165074, 23458.2700,  1, -451.85, 16.389999999999418
165166, 23468.1300,  3, 661.53, 26.18000000000029
165170, 23468.5600,  3, 706.47, 26.610000000000582
165225, 23474.4500,  3, 633.94, 32.5
165253, 23477.4500,  3, 716.10, 35.539999999997235
165396, 23507.1900,  1, -416.01, 15.209999999999127
165396, 23507.1900,  1, -444.72, 15.209999999999127
165422, 23509.9700,  1, -443.23, 17.9900000000016
165422, 23509.9700,  1, -408.61, 17.9900000000016
165474, 23515.5400,  1, -440.51, 23.56000000000131
165513, 23519.7200,  3, 685.62, 27.729999999999563
165529, 23521.4400,  3, 638.58, 29.389999999999418
165559, 23524.6500,  1, -447.12, 32.67000000000189
165627, 23546.2600,  1, -520.25, 7.079999999998108
165793, 23564.0400,  1, -436.16, 24.860000000000582
165793, 23564.0400,  1, -473.21, 24.860000000000582
165797, 23564.4700,  3, 688.92, 25.239999999997963
165818, 23566.7200,  3, 684.82, 27.43000000000029
165829, 23567.9000,  3, 621.92, 28.700000000000728
165838, 23568.8600,  3, 636.46, 29.590000000000146
165861, 23571.3300,  3, 682.93, 32.11999999999898
165978, 23599.1500,  1, -436.01, 12.420000000001892
165978, 23599.1500,  1, -422.35, 12.420000000001892
165999, 23601.4000,  1, -460.97, 14.670000000001892
166069, 23608.9000,  1, -529.99, 22.17000000000189
166069, 23608.9000,  1, -368.73, 22.17000000000189
166124, 23614.7900,  3, 683.29, 28.0
166190, 23621.8600,  3, 627.03, 35.080000000001746
166558, 23661.2900,  1, -397.26, 74.56000000000131
166628, 23682.9900,  1, -439.27, 7.400000000001455
166628, 23682.9900,  1, -466.34, 7.400000000001455
166694, 23690.0600,  1, -429.73, 14.470000000001164
166694, 23690.0600,  1, -406.78, 14.470000000001164
166787, 23700.0200,  3, 679.27, 24.349999999998545
166800, 23701.4200,  3, 639.53, 25.7400000000016
166821, 23703.6700,  3, 715.99, 28.0
166936, 23715.9900,  3, 653.82, 40.32999999999811
167191, 23758.0100,  3, 670.21, 27.17000000000189
167193, 23758.2200,  3, 722.93, 27.330000000001746
167205, 23759.5100,  3, 716.48, 28.610000000000582
167228, 23761.9700,  3, 684.54, 31.11999999999898
167243, 23763.5800,  3, 731.42, 32.70000000000073
167275, 23767.0100,  3, 652.47, 36.11999999999898
167286, 23768.1900,  3, 738.12, 37.36000000000058
167334, 23773.3300,  3, 716.02, 42.45000000000073
167536, 23809.3300,  1, -457.85, 21.530000000002474
167536, 23809.3300,  1, -406.71, 21.530000000002474
167557, 23811.5800,  3, 674.18, 23.68000000000029
167576, 23813.6100,  3, 684.77, 25.75
167612, 23817.4700,  1, -312.15, 29.67000000000189
167612, 23817.4700,  1, -449.74, 29.67000000000189
167615, 23817.7900,  3, 648.87, 29.909999999999854
167680, 23824.7600,  1, -494.68, 36.95999999999913
167794, 23851.6000,  1, -435.36, 12.0099999999984
167926, 23865.7400,  3, 663.49, 26.099999999998545
167993, 23872.9200,  3, 669.75, 33.29000000000087
168010, 23874.7400,  3, 661.84, 35.090000000000146
168016, 23875.3800,  3, 617.38, 35.68999999999869
168037, 23877.6300,  3, 663.73, 37.9900000000016
168051, 23879.1300,  3, 625.89, 39.47999999999956
168055, 23879.5600,  3, 699.21, 39.93999999999869
168191, 23908.4700,  1, -413.91, 14.470000000001164
168208, 23910.2900,  1, -398.16, 16.290000000000873
168208, 23910.2900,  1, -382.56, 16.290000000000873
168249, 23914.6900,  1, -470.89, 20.68999999999869
168290, 23919.0800,  3, 651.49, 25.020000000000437
168343, 23924.7600,  3, 711.24, 30.700000000000728
168374, 23928.0800,  3, 646.33, 34.029999999998836
168425, 23933.5400,  3, 652.67, 39.470000000001164
168557, 23963.0600,  1, -378.67, 14.040000000000873
168557, 23963.0600,  1, -425.99, 14.040000000000873
168633, 23971.2000,  3, 631.58, 22.13000000000102
168678, 23976.0200,  3, 670.18, 26.919999999998254
168691, 23977.4200,  3, 709.20, 28.31000000000131
168700, 23978.3800,  3, 700.67, 29.270000000000437
168733, 23981.9200,  3, 677.65, 32.79000000000087
168792, 23988.2400,  3, 624.50, 39.13999999999942
168909, 24015.5200,  1, -467.22, 12.430000000000291
168909, 24015.5200,  1, -472.93, 12.430000000000291
168932, 24017.9900,  1, -437.97, 14.900000000001455
169039, 24029.4500,  3, 671.94, 26.340000000000146
169048, 24030.4200,  3, 664.58, 27.299999999999272
169064, 24032.1300,  1, -408.72, 29.040000000000873
169090, 24034.9200,  3, 643.33, 31.75
169163, 24042.7400,  3, 649.22, 39.590000000000146
169306, 24073.4900,  1, -437.65, 15.210000000002765
169306, 24073.4900,  1, -394.60, 15.210000000002765
169336, 24076.7000,  1, -458.41, 18.42000000000189
169336, 24076.7000,  1, -387.12, 18.42000000000189
169369, 24080.2400,  1, -431.95, 21.960000000002765
169404, 24083.9900,  3, 656.17, 25.69000000000233
169417, 24085.3800,  3, 636.87, 27.05000000000291
169437, 24087.5200,  3, 719.07, 29.220000000001164
169574, 24116.6700,  1, -409.90, 14.579999999998108
169574, 24116.6700,  1, -459.22, 14.579999999998108
169575, 24116.7700,  1, -401.57, 14.680000000000291
169667, 24126.6300,  3, 672.05, 24.459999999999127
169691, 24129.2000,  3, 708.95, 27.06000000000131
169717, 24131.9900,  3, 663.93, 29.889999999999418
169722, 24132.5200,  3, 691.88, 30.419999999998254
169753, 24135.8500,  3, 641.97, 33.68000000000029
169836, 24159.4700,  1, -443.65, 8.790000000000873
169836, 24159.4700,  1, -492.48, 8.790000000000873
169857, 24161.7200,  1, -451.57, 11.040000000000873
169893, 24165.5800,  1, -418.13, 14.900000000001455
169893, 24165.5800,  1, -405.68, 14.900000000001455
169897, 24166.0100,  1, -421.81, 15.329999999998108
170036, 24180.9000,  3, 697.73, 30.11999999999898
170062, 24183.6900,  3, 652.95, 32.95999999999913
170174, 24209.8600,  1, -401.24, 11.880000000001019
170174, 24209.8600,  1, -416.56, 11.880000000001019
170258, 24218.8600,  1, -455.04, 20.88000000000102
170307, 24224.1100,  3, 645.83, 26.110000000000582
170312, 24224.6500,  3, 647.50, 26.610000000000582
170348, 24228.5100,  3, 656.08, 30.479999999999563
170356, 24229.3600,  3, 637.75, 31.350000000002183
170366, 24230.4400,  3, 627.97, 32.35000000000218
170551, 24264.7200,  1, -408.34, 19.710000000002765
170551, 24264.7200,  1, -420.08, 19.710000000002765
170615, 24271.5800,  3, 664.78, 26.510000000002037
170641, 24274.3600,  3, 658.87, 29.280000000002474
170665, 24276.9400,  3, 681.57, 31.87000000000262
170720, 24282.8300,  3, 619.40, 37.780000000002474
170737, 24284.6500,  3, 674.68, 39.54000000000087
170755, 24286.5800,  3, 647.54, 41.470000000001164
170825, 24308.2400,  1, -448.54, 7.400000000001455
170825, 24308.2400,  1, -458.80, 7.400000000001455
171005, 24327.5200,  3, 710.55, 26.650000000001455
171011, 24328.1700,  3, 698.64, 27.290000000000873
171033, 24330.5200,  3, 659.98, 29.590000000000146
171077, 24335.2400,  3, 753.99, 34.349999999998545
171080, 24335.5600,  3, 708.59, 34.61999999999898
171083, 24335.8800,  3, 687.89, 35.0099999999984
171139, 24355.9400,  1, -447.68, 5.889999999999418
171139, 24355.9400,  1, -468.21, 5.889999999999418
171235, 24366.2200,  1, -391.80, 16.17000000000189
171235, 24366.2200,  1, -438.75, 16.17000000000189
171251, 24367.9400,  1, -378.29, 17.889999999999418
171251, 24367.9400,  1, -390.84, 17.889999999999418
171467, 24391.0800,  3, 671.31, 40.94000000000233
171513, 24396.0100,  3, 641.73, 45.94000000000233
171617, 24421.7400,  1, -402.58, 11.040000000000873
171617, 24421.7400,  1, -449.95, 11.040000000000873
171643, 24424.5200,  1, -454.81, 13.819999999999709
171643, 24424.5200,  1, -460.51, 13.819999999999709
171656, 24425.9200,  1, -429.10, 15.219999999997526
171659, 24426.2400,  1, -395.64, 15.540000000000873
171785, 24439.7400,  3, 664.89, 29.0
171822, 24443.7000,  3, 610.49, 32.93000000000029
171914, 24468.0200,  1, -448.48, 9.7400000000016
171914, 24468.0200,  1, -443.65, 9.7400000000016
171916, 24468.2400,  1, -473.20, 9.960000000002765
171916, 24468.2400,  1, -465.24, 9.960000000002765
172025, 24479.9200,  3, 698.15, 21.590000000000146
172064, 24484.1000,  3, 700.95, 25.7400000000016
172204, 24499.1000,  3, 718.76, 40.720000000001164
172221, 24500.9200,  3, 691.33, 42.590000000000146
172325, 24526.4200,  1, -398.24, 11.039999999997235
172325, 24526.4200,  1, -421.99, 11.039999999997235
172392, 24533.6000,  1, -389.05, 18.219999999997526
172392, 24533.6000,  1, -390.49, 18.219999999997526
172425, 24537.1300,  3, 664.74, 21.700000000000728
172447, 24539.4900,  3, 695.69, 24.029999999998836
172472, 24542.1700,  1, -384.52, 26.789999999997235
172472, 24542.1700,  1, -396.26, 26.789999999997235
172544, 24565.3300,  1, -450.37, 7.510000000002037
172544, 24565.3300,  1, -427.45, 7.510000000002037
172708, 24582.9000,  3, 678.50, 25.029999999998836
172713, 24583.4400,  3, 671.82, 25.549999999999272
172761, 24588.5800,  3, 651.20, 30.68000000000029
172766, 24589.1100,  3, 647.18, 31.25
172778, 24590.4000,  3, 631.37, 32.51000000000204
172842, 24597.2600,  3, 752.43, 39.340000000000146
172941, 24622.2700,  1, -470.22, 10.4900000000016
172941, 24622.2700,  1, -466.34, 10.4900000000016
172963, 24624.6300,  1, -412.95, 12.850000000002183
172963, 24624.6300,  1, -427.23, 12.850000000002183
172988, 24627.3100,  1, -458.82, 15.530000000002474
172988, 24627.3100,  1, -376.56, 15.530000000002474
173099, 24639.2000,  3, 727.20, 27.360000000000582
173134, 24642.9500,  3, 672.20, 31.12000000000262
173217, 24666.2000,  1, -458.59, 8.790000000000873
173217, 24666.2000,  1, -446.86, 8.790000000000873
173256, 24670.3800,  1, -396.40, 12.970000000001164
173256, 24670.3800,  1, -430.75, 12.970000000001164
173352, 24680.6700,  3, 679.92, 23.2400000000016
173414, 24687.3100,  3, 640.73, 29.849999999998545
173418, 24687.7400,  3, 634.95, 30.270000000000437
173503, 24696.8500,  3, 641.10, 39.409999999999854
173608, 24723.6100,  1, -488.29, 11.139999999999418
173608, 24723.6100,  1, -446.32, 11.139999999999418
173654, 24728.5400,  1, -359.17, 16.06999999999971
173654, 24728.5400,  1, -418.90, 16.06999999999971
173772, 24741.1900,  3, 702.15, 28.61999999999898
173776, 24741.6100,  3, 709.60, 29.11999999999898
173797, 24743.8600,  3, 713.88, 31.340000000000146
173868, 24751.4700,  3, 696.54, 38.98999999999796
174020, 24781.7900,  1, -455.05, 16.18000000000029
174020, 24781.7900,  1, -385.43, 16.18000000000029
174096, 24789.9400,  1, -347.76, 24.32999999999811
174107, 24791.1100,  3, 637.09, 25.459999999999127
174122, 24792.7200,  3, 703.20, 27.020000000000437
174223, 24803.5400,  3, 700.91, 37.919999999998254
174233, 24804.6100,  3, 630.60, 38.909999999999854
174258, 24807.2900,  3, 610.92, 41.63999999999942
174397, 24837.4700,  1, -449.97, 14.790000000000873
174397, 24837.4700,  1, -386.40, 14.790000000000873
174508, 24849.3600,  1, -437.74, 26.68000000000029
174511, 24849.6900,  3, 654.32, 26.970000000001164
174518, 24850.4400,  3, 741.84, 27.659999999999854
174637, 24863.1900,  3, 605.49, 40.470000000001164
174658, 24865.4400,  3, 589.72, 42.72999999999956
174959, 24897.6900,  3, 557.81, 74.93999999999869
175120, 24929.3100,  1, -429.65, 17.140000000003056
175120, 24929.3100,  1, -414.79, 17.140000000003056
175186, 24936.3800,  3, 672.37, 24.17000000000189
175256, 24943.8800,  3, 680.34, 31.68000000000029
175262, 24944.5200,  3, 688.70, 32.26000000000204
175321, 24950.8500,  3, 655.88, 38.650000000001455
175343, 24953.2000,  3, 620.78, 40.9900000000016
175416, 24961.0200,  3, 660.68, 48.830000000001746
175553, 24990.2400,  1, -410.29, 14.580000000001746
175553, 24990.2400,  1, -444.66, 14.580000000001746
175558, 24990.7700,  1, -432.97, 15.110000000000582
175558, 24990.7700,  1, -381.92, 15.110000000000582
175596, 24994.8500,  1, -394.67, 19.18999999999869
175596, 24994.8500,  1, -452.60, 19.18999999999869
175723, 25008.4500,  3, 653.75, 32.75
175788, 25015.4200,  3, 657.82, 39.720000000001164
175943, 25046.7700,  1, -420.94, 16.5
175943, 25046.7700,  1, -419.66, 16.5
176026, 25055.6700,  3, 642.57, 25.31999999999971
176066, 25059.9500,  3, 650.72, 29.610000000000582
176085, 25061.9900,  3, 664.70, 31.63000000000102
176126, 25066.3800,  3, 680.31, 36.029999999998836
176202, 25074.5200,  3, 620.12, 44.14999999999782
176205, 25074.8500,  3, 638.06, 44.47999999999956
176330, 25102.6700,  1, -375.59, 13.289999999997235
176330, 25102.6700,  1, -442.62, 13.289999999997235
176374, 25107.3800,  1, -437.35, 18.0
176374, 25107.3800,  1, -435.22, 18.0
176414, 25111.6700,  3, 667.48, 22.239999999997963
176450, 25115.5200,  3, 700.56, 26.07999999999811
176517, 25122.7000,  3, 673.31, 33.29999999999927
176699, 25142.2000,  3, 676.71, 52.80999999999767
176805, 25168.1900,  1, -431.89, 11.25
176805, 25168.1900,  1, -410.57, 11.25
176846, 25172.5800,  1, -397.33, 15.640000000003056
176856, 25173.6500,  1, -426.35, 16.710000000002765
176856, 25173.6500,  1, -426.05, 16.710000000002765
177064, 25195.9400,  3, 685.41, 38.97999999999956
177065, 25196.0400,  3, 724.09, 39.080000000001746
177127, 25202.6900,  3, 702.01, 45.69000000000233
177209, 25225.6100,  1, -451.22, 8.670000000001892
177209, 25225.6100,  1, -452.21, 8.670000000001892
177348, 25240.5100,  3, 680.18, 23.479999999999563
177403, 25246.4000,  3, 654.86, 29.42000000000189
177540, 25261.0800,  3, 643.68, 44.030000000002474
177546, 25261.7200,  3, 659.98, 44.720000000001164
177565, 25263.7600,  3, 617.26, 46.80000000000291
177652, 25273.0800,  3, 632.45, 56.10000000000218
177783, 25301.3100,  1, -451.39, 13.930000000000291
177834, 25306.7700,  1, -459.82, 19.389999999999418
177834, 25306.7700,  1, -434.46, 19.389999999999418
177872, 25310.8500,  1, -417.19, 23.469999999997526
177942, 25318.3500,  3, 657.26, 30.950000000000728
177951, 25319.3100,  3, 702.65, 31.81999999999971
178033, 25328.1000,  3, 625.80, 40.70999999999913
178057, 25330.6700,  3, 623.67, 43.20999999999913
178183, 25358.8600,  1, -433.05, 13.380000000001019
178183, 25358.8600,  1, -408.07, 13.380000000001019
178254, 25366.4700,  1, -454.57, 20.9900000000016
178254, 25366.4700,  1, -439.56, 20.9900000000016
178259, 25367.0100,  1, -427.47, 21.529999999998836
178259, 25367.0100,  1, -409.75, 21.529999999998836
178329, 25374.5100,  3, 681.46, 28.959999999999127
178363, 25378.1500,  3, 632.50, 32.60000000000218
178476, 25404.6000,  1, -469.05, 12.0099999999984
178476, 25404.6000,  1, -450.28, 12.0099999999984
178498, 25406.9500,  1, -396.10, 14.360000000000582
178498, 25406.9500,  1, -431.14, 14.360000000000582
178499, 25407.0600,  1, -433.30, 14.470000000001164
178636, 25421.7400,  3, 686.65, 29.090000000000146
178670, 25425.3800,  3, 642.98, 32.72999999999956
178716, 25430.3100,  3, 698.16, 37.61999999999898
178860, 25460.1900,  1, -382.90, 15.329999999998108
178860, 25460.1900,  1, -390.86, 15.329999999998108
178989, 25474.0100,  3, 701.23, 29.090000000000146
179010, 25476.2600,  3, 656.48, 31.38000000000102
179056, 25481.1900,  3, 655.64, 36.220000000001164
179079, 25483.6500,  3, 691.44, 38.68000000000029
179088, 25484.6100,  3, 661.38, 39.70000000000073
179342, 25511.8300,  3, 603.09, 66.86999999999898
179431, 25536.8600,  1, -462.47, 9.420000000001892
179431, 25536.8600,  1, -438.91, 9.420000000001892
179434, 25537.1900,  1, -452.96, 9.75
179434, 25537.1900,  1, -471.17, 9.75
179516, 25545.9700,  1, -459.52, 18.530000000002474
179516, 25545.9700,  1, -328.80, 18.530000000002474
179659, 25561.2900,  3, 627.82, 33.830000000001746
179671, 25562.5800,  3, 678.92, 35.06000000000131
179830, 25594.1300,  1, -395.63, 16.93000000000029
179939, 25605.8100,  3, 657.64, 28.5099999999984
179969, 25609.0200,  3, 661.89, 31.75
179982, 25610.4200,  3, 682.83, 33.18000000000029
179988, 25611.0600,  3, 635.26, 33.82999999999811
179999, 25612.2400,  3, 672.78, 34.97999999999956
180002, 25612.5600,  3, 697.36, 35.31999999999971
180091, 25622.1000,  3, 664.34, 44.81999999999971
180196, 25647.7400,  1, -408.63, 11.140000000003056
180196, 25647.7400,  1, -413.40, 11.140000000003056
180199, 25648.0600,  1, -438.31, 11.460000000002765
180266, 25655.2400,  1, -455.38, 18.640000000003056
180266, 25655.2400,  1, -395.63, 18.640000000003056
180273, 25655.9900,  1, -427.50, 19.390000000003056
180273, 25655.9900,  1, -484.16, 19.390000000003056
180404, 25670.0200,  3, 755.96, 33.31999999999971
180706, 25717.9200,  1, -283.44, 32.25
180706, 25717.9200,  1, -500.68, 32.25
180786, 25726.4900,  3, 617.81, 40.710000000002765
180786, 25726.4900,  3, 573.24, 40.79000000000087
180788, 25726.7000,  3, 651.97, 41.01000000000204
180808, 25728.8500,  3, 624.87, 43.13000000000102
180850, 25733.3500,  3, 670.30, 47.640000000003056
181019, 25751.4500,  3, 569.47, 65.70000000000073
181171, 25782.1500,  1, -422.44, 16.18000000000029
181171, 25782.1500,  1, -449.31, 16.18000000000029
181286, 25794.4700,  3, 695.90, 28.409999999999854
181294, 25795.3300,  3, 736.32, 29.340000000000146
181366, 25803.0400,  3, 641.68, 36.97999999999956
181372, 25803.6900,  3, 678.01, 37.61000000000058
181379, 25804.4400,  3, 649.30, 38.43000000000029
181440, 25810.9700,  3, 611.83, 44.94999999999709
181607, 25843.2900,  1, -483.07, 17.780000000002474
181607, 25843.2900,  1, -492.76, 17.780000000002474
181613, 25843.9400,  1, -375.57, 18.43000000000029
181613, 25843.9400,  1, -450.31, 18.43000000000029
181666, 25849.6100,  3, 676.81, 24.010000000002037
181718, 25855.1900,  3, 696.67, 29.63000000000102
181764, 25860.1100,  3, 686.41, 34.51000000000204
181798, 25863.7600,  3, 719.60, 38.2400000000016
181954, 25894.9200,  1, -409.97, 16.609999999996944
181954, 25894.9200,  1, -406.23, 16.609999999996944
181975, 25897.1700,  1, -425.25, 18.859999999996944
182008, 25900.7000,  1, -420.19, 22.389999999999418
182008, 25900.7000,  1, -384.43, 22.389999999999418
182041, 25904.2400,  3, 617.97, 25.81999999999971
182096, 25910.1300,  3, 660.82, 31.75
182097, 25910.2400,  3, 629.88, 31.859999999996944
182244, 25941.3500,  1, -422.44, 15.649999999997817
182244, 25941.3500,  1, -432.11, 15.649999999997817
182252, 25942.2000,  1, -382.05, 16.5
182252, 25942.2000,  1, -430.15, 16.5
182264, 25943.4900,  1, -426.46, 17.790000000000873
182280, 25945.2000,  1, -393.63, 19.5
182280, 25945.2000,  1, -490.86, 19.5
182382, 25956.1300,  3, 634.38, 30.399999999997817
182519, 25985.4400,  1, -456.75, 14.569999999999709
182519, 25985.4400,  1, -371.69, 14.569999999999709
182528, 25986.4000,  1, -431.60, 15.530000000002474
182528, 25986.4000,  1, -404.08, 15.530000000002474
182625, 25996.7900,  3, 698.99, 25.860000000000582
182632, 25997.5400,  3, 665.23, 26.659999999999854
182672, 26001.8300,  3, 661.72, 30.94000000000233
182692, 26003.9700,  3, 722.36, 33.06000000000131
182829, 26032.9500,  1, -406.60, 14.56000000000131
182829, 26032.9500,  1, -436.71, 14.56000000000131
182835, 26033.6000,  1, -460.70, 15.209999999999127
182835, 26033.6000,  1, -413.35, 15.209999999999127
182925, 26043.2400,  3, 670.59, 24.779999999998836
182952, 26046.1300,  3, 669.77, 27.709999999999127
183026, 26054.0600,  3, 643.81, 35.580000000001746
183026, 26054.0600,  3, 666.37, 35.659999999999854
183142, 26081.0400,  1, -433.50, 12.31000000000131
183142, 26081.0400,  1, -436.66, 12.31000000000131
183250, 26092.6100,  3, 656.18, 23.790000000000873
183271, 26094.8600,  3, 710.35, 26.029999999998836
183307, 26098.7200,  3, 667.69, 29.909999999999854
183314, 26099.4700,  3, 637.52, 30.639999999999418
183319, 26100.0100,  3, 665.17, 31.200000000000728
183349, 26103.2200,  3, 695.87, 34.47999999999956
183528, 26136.8500,  1, -442.95, 19.07999999999811
183528, 26136.8500,  1, -479.37, 19.07999999999811
183596, 26144.1300,  3, 661.95, 26.31000000000131
183601, 26144.6700,  3, 753.97, 26.790000000000873
183648, 26149.7000,  3, 695.83, 31.840000000000146
183653, 26150.2400,  3, 701.18, 32.45000000000073
183687, 26153.8800,  3, 677.66, 36.090000000000146
183778, 26163.6300,  3, 670.96, 45.81999999999971
183900, 26191.3600,  1, -400.58, 12.959999999999127
183924, 26193.9400,  1, -413.50, 15.539999999997235
183924, 26193.9400,  1, -420.19, 15.539999999997235
184014, 26203.5800,  3, 672.09, 25.06999999999971
184043, 26206.6900,  3, 677.01, 28.2699999999968
184046, 26207.0100,  3, 683.51, 28.549999999999272
184077, 26210.3300,  3, 668.76, 31.899999999997817
184164, 26219.6500,  3, 699.97, 41.19999999999709
184309, 26249.7200,  1, -430.46, 15.430000000000291
184309, 26249.7200,  1, -404.47, 15.430000000000291
184311, 26249.9400,  1, -442.60, 15.649999999997817
184321, 26251.0100,  1, -426.16, 16.719999999997526
184321, 26251.0100,  1, -394.71, 16.719999999997526
184388, 26258.1900,  3, 689.26, 23.86999999999898
184449, 26264.7200,  3, 707.54, 30.31999999999971
184488, 26268.9000,  3, 654.65, 34.52000000000044
184748, 26312.2000,  3, 704.18, 27.669999999998254
184763, 26313.8100,  3, 651.77, 29.279999999998836
184771, 26314.6700,  3, 654.79, 30.159999999999854
184812, 26319.0600,  3, 651.29, 34.54999999999927
184825, 26320.4500,  3, 726.15, 35.95999999999913
184833, 26321.3100,  3, 672.15, 36.82999999999811
184881, 26326.4500,  3, 627.84, 41.909999999999854
185270, 26368.1300,  3, 641.09, 83.59999999999854
185344, 26390.4900,  1, -432.95, 7.830000000001746
185344, 26390.4900,  1, -475.81, 7.830000000001746
185349, 26391.0200,  1, -464.42, 8.360000000000582
185349, 26391.0200,  1, -472.51, 8.360000000000582
185376, 26393.9200,  1, -425.74, 11.2599999999984
185376, 26393.9200,  1, -441.64, 11.2599999999984
185519, 26409.2400,  1, -383.72, 26.580000000001746
185519, 26409.2400,  1, -367.49, 26.580000000001746
185632, 26435.9700,  1, -435.10, 11.889999999999418
185632, 26435.9700,  1, -423.93, 11.889999999999418
185644, 26437.2600,  1, -457.98, 13.179999999996653
185644, 26437.2600,  1, -412.64, 13.179999999996653
185729, 26446.3600,  1, -442.01, 22.279999999998836
185790, 26452.9000,  3, 692.59, 28.799999999999272
185800, 26453.9700,  3, 684.74, 29.849999999998545
185821, 26456.2200,  3, 658.51, 32.109999999996944
185968, 26487.5200,  1, -410.35, 15.639999999999418
185968, 26487.5200,  1, -393.71, 15.639999999999418
186043, 26495.5600,  3, 699.72, 23.61999999999898
186095, 26501.1300,  3, 657.40, 29.229999999999563
186100, 26501.6700,  3, 625.69, 29.700000000000728
186115, 26503.2700,  3, 657.84, 31.36999999999898
186119, 26503.7000,  3, 651.58, 31.779999999998836
186132, 26505.1000,  1, -312.95, 33.219999999997526
186246, 26531.8300,  1, -426.27, 12.010000000002037
186246, 26531.8300,  1, -421.23, 12.010000000002037
186301, 26537.7200,  1, -457.91, 17.900000000001455
186373, 26545.4400,  3, 706.73, 25.529999999998836
186392, 26547.4700,  3, 666.56, 27.540000000000873
186399, 26548.2200,  1, -494.28, 28.400000000001455
186436, 26552.1900,  3, 585.32, 32.330000000001746
186497, 26558.7200,  3, 719.97, 38.849999999998545
186716, 26596.5600,  3, 663.75, 23.349999999998545
186776, 26602.9900,  3, 670.80, 29.68000000000029
186808, 26606.4200,  3, 673.64, 33.14999999999782
186813, 26606.9500,  3, 708.77, 33.70999999999913
186828, 26608.5600,  3, 648.29, 35.29000000000087
186890, 26615.2000,  3, 675.27, 41.97999999999956
186904, 26616.7000,  3, 710.15, 43.39999999999782
186916, 26617.9900,  3, 601.91, 44.70999999999913
187053, 26648.0600,  1, -436.32, 14.569999999999709
187053, 26648.0600,  1, -417.02, 14.569999999999709
187090, 26652.0200,  1, -386.07, 18.529999999998836
187090, 26652.0200,  1, -465.57, 18.529999999998836
187119, 26655.1300,  1, -414.74, 21.639999999999418
187137, 26657.0600,  3, 688.83, 23.459999999999127
187232, 26667.2400,  3, 767.71, 33.64999999999782
187312, 26675.8100,  3, 637.52, 42.29999999999927
187430, 26703.8500,  1, -399.85, 12.539999999997235
187430, 26703.8500,  1, -431.82, 12.539999999997235
187466, 26707.7000,  1, -412.44, 16.389999999999418
187466, 26707.7000,  1, -422.44, 16.389999999999418
187556, 26717.3500,  3, 670.78, 25.94999999999709
187627, 26724.9500,  3, 653.63, 33.54999999999927
187628, 26725.0600,  3, 660.75, 33.68999999999869
187646, 26726.9900,  3, 693.65, 35.590000000000146
187778, 26755.7000,  1, -450.53, 14.030000000002474
187778, 26755.7000,  1, -432.10, 14.030000000002474
187781, 26756.0200,  1, -448.61, 14.350000000002183
187781, 26756.0200,  1, -400.83, 14.350000000002183
187843, 26762.6700,  1, -432.08, 21.0
187896, 26768.3500,  1, -453.77, 26.68000000000029
187896, 26768.3500,  1, -441.66, 26.68000000000029
187942, 26773.2700,  3, 669.07, 31.540000000000873
188101, 26805.0100,  1, -427.26, 16.93999999999869
188101, 26805.0100,  1, -342.61, 16.93999999999869
188230, 26818.8300,  3, 637.61, 30.650000000001455
188232, 26819.0400,  3, 678.72, 30.950000000000728
188239, 26819.7900,  3, 688.30, 31.63000000000102
188263, 26822.3600,  3, 631.68, 34.279999999998836
188274, 26823.5400,  3, 640.22, 35.45999999999913
188298, 26826.1100,  3, 720.95, 37.95000000000073
188481, 26860.9700,  1, -441.78, 19.5
188481, 26860.9700,  1, -423.66, 19.5
188563, 26869.7600,  3, 636.83, 28.25
188583, 26871.9000,  3, 647.27, 30.340000000000146
188597, 26873.4000,  3, 685.68, 31.81999999999971
188646, 26878.6500,  3, 610.17, 37.06999999999971
188657, 26879.8300,  3, 663.97, 38.349999999998545
188746, 26889.3600,  3, 598.61, 47.86000000000058
188885, 26918.5800,  1, -432.29, 14.780000000002474
188885, 26918.5800,  1, -440.50, 14.780000000002474
189009, 26931.8600,  1, -464.70, 28.06000000000131
189016, 26932.6100,  3, 686.09, 28.760000000002037
189020, 26933.0400,  3, 712.00, 29.150000000001455
189035, 26934.6500,  3, 687.80, 30.760000000002037
189067, 26938.0800,  3, 686.67, 34.22999999999956
189093, 26940.8600,  3, 662.38, 37.030000000002474
189241, 26971.3300,  1, -434.79, 15.75
189241, 26971.3300,  1, -432.90, 15.75
189256, 26972.9400,  1, -447.20, 17.359999999996944
189256, 26972.9400,  1, -445.24, 17.359999999996944
189344, 26982.3600,  3, 676.94, 26.69999999999709
189348, 26982.7900,  3, 660.79, 27.19999999999709
189354, 26983.4400,  3, 678.83, 27.81999999999971
189386, 26986.8600,  3, 677.99, 31.18999999999869
189545, 27018.4500,  1, -447.35, 16.92000000000189
189545, 27018.4500,  1, -393.34, 16.92000000000189
189624, 27026.9200,  3, 689.30, 25.290000000000873
189638, 27028.4200,  3, 665.54, 26.860000000000582
189665, 27031.3100,  3, 638.20, 29.720000000001164
189693, 27034.3100,  3, 641.37, 32.67000000000189
189713, 27036.4500,  3, 693.23, 34.85000000000218
189717, 27036.8800,  3, 733.51, 35.26000000000204
189948, 27075.8500,  3, 703.51, 24.56000000000131
189969, 27078.1000,  3, 668.72, 26.790000000000873
189992, 27080.5600,  3, 636.25, 29.2400000000016
189994, 27080.7700,  3, 649.96, 29.459999999999127
190039, 27085.6000,  3, 660.24, 34.330000000001746
190066, 27088.4900,  3, 664.04, 37.17000000000189
190075, 27089.4500,  3, 652.87, 38.20000000000073
190108, 27092.9900,  3, 654.85, 41.7400000000016
190235, 27122.0200,  1, -440.32, 13.5
190235, 27122.0200,  1, -417.53, 13.5
190281, 27126.9500,  1, -360.75, 18.43000000000029
190323, 27131.4500,  1, -394.00, 22.93000000000029
190323, 27131.4500,  1, -420.01, 22.93000000000029
190407, 27140.4500,  3, 680.40, 31.919999999998254
190414, 27141.2000,  3, 697.87, 32.590000000000146
190480, 27148.2700,  3, 662.24, 39.68000000000029
190562, 27171.5600,  1, -455.34, 8.680000000000291
190562, 27171.5600,  1, -467.18, 8.680000000000291
190713, 27187.7400,  3, 681.67, 24.75
190728, 27189.3500,  3, 715.95, 26.37999999999738
190735, 27190.1000,  3, 679.52, 27.110000000000582
190745, 27191.1700,  3, 660.96, 28.2599999999984
190781, 27195.0200,  3, 662.54, 32.090000000000146
190840, 27201.3500,  3, 655.77, 38.36000000000058
190976, 27230.3300,  1, -440.69, 14.460000000002765
190976, 27230.3300,  1, -422.06, 14.460000000002765
190989, 27231.7200,  1, -440.21, 15.850000000002183
191007, 27233.6500,  1, -410.84, 17.780000000002474
191007, 27233.6500,  1, -472.90, 17.780000000002474
191084, 27241.9000,  3, 683.79, 25.9900000000016
191124, 27246.1900,  3, 699.71, 30.270000000000437
191164, 27250.4700,  3, 668.03, 34.52000000000044
191299, 27279.2400,  1, -390.93, 14.360000000000582
191299, 27279.2400,  1, -461.03, 14.360000000000582
191473, 27297.8800,  3, 727.31, 32.89999999999782
191488, 27299.4900,  3, 681.18, 34.539999999997235
191507, 27301.5200,  3, 653.32, 36.61000000000058
191508, 27301.6300,  3, 630.10, 36.72999999999956
191508, 27301.6300,  3, 656.03, 36.719999999997526
191530, 27303.9900,  3, 681.12, 39.0
191602, 27326.4400,  1, -442.84, 7.619999999998981
191602, 27326.4400,  1, -431.55, 7.619999999998981
191693, 27336.1900,  1, -406.37, 17.36999999999898
191693, 27336.1900,  1, -481.08, 17.36999999999898
191714, 27338.4400,  1, -477.89, 19.61999999999898
191714, 27338.4400,  1, -393.87, 19.61999999999898
191802, 27347.8600,  3, 664.25, 29.010000000002037
191889, 27357.1900,  3, 651.23, 38.26000000000204
192069, 27390.6900,  3, 682.97, 19.070000000003347
192102, 27394.2200,  1, -474.72, 22.710000000002765
192133, 27397.5400,  3, 713.81, 25.94000000000233
192176, 27402.1500,  3, 720.55, 30.590000000000146
192193, 27403.9700,  3, 605.24, 32.42000000000189
192207, 27405.4700,  3, 673.06, 33.87000000000262
192237, 27408.6900,  3, 672.81, 37.12000000000262
192393, 27425.4000,  3, 597.27, 53.780000000002474
192520, 27453.5600,  1, -437.17, 13.5
192520, 27453.5600,  1, -407.23, 13.5
192618, 27464.0600,  3, 685.44, 23.959999999999127
192656, 27468.1300,  3, 713.30, 28.05999999999767
192668, 27469.4200,  3, 643.27, 29.340000000000146
192683, 27471.0200,  3, 650.55, 30.87999999999738
192685, 27471.2400,  3, 656.41, 31.11999999999898
192705, 27473.3800,  3, 722.82, 33.219999999997526
192843, 27502.4700,  1, -410.77, 14.680000000000291
192843, 27502.4700,  1, -419.71, 14.680000000000291
192855, 27503.7600,  1, -413.37, 15.969999999997526
192855, 27503.7600,  1, -433.92, 15.969999999997526
192988, 27518.0100,  3, 681.18, 30.110000000000582
192994, 27518.6500,  3, 636.43, 30.7599999999984
193045, 27524.1100,  3, 614.02, 36.22999999999956
193145, 27534.8300,  3, 599.57, 46.95999999999913
193314, 27567.4400,  1, -423.51, 18.0099999999984
193409, 27577.6100,  3, 675.24, 28.110000000000582
193449, 27581.9000,  3, 652.80, 32.38000000000102
193459, 27582.9700,  3, 655.45, 33.43000000000029
193484, 27585.6500,  3, 669.98, 36.159999999999854
193519, 27589.4000,  3, 643.23, 39.909999999999854
193533, 27590.9000,  3, 639.64, 41.43999999999869
193538, 27591.4400,  3, 642.82, 41.95000000000073
193584, 27610.9000,  1, -516.20, 4.819999999999709
193693, 27622.5800,  1, -415.79, 16.5
193693, 27622.5800,  1, -475.69, 16.5
193696, 27622.9000,  1, -458.73, 16.81999999999971
193696, 27622.9000,  1, -411.06, 16.81999999999971
193799, 27633.9400,  3, 673.54, 27.7699999999968
193846, 27638.9700,  3, 666.16, 32.86999999999898
193867, 27641.2200,  3, 650.15, 35.11999999999898
194093, 27680.1000,  3, 668.77, 24.039999999997235
194106, 27681.4900,  1, -456.91, 25.5
194106, 27681.4900,  1, -398.21, 25.5
194111, 27682.0200,  3, 677.82, 25.989999999997963
194135, 27684.6000,  3, 678.25, 28.549999999999272
194172, 27688.5600,  3, 663.75, 32.5
194205, 27692.1000,  1, -315.12, 36.109999999996944
194219, 27693.6000,  3, 681.64, 37.5099999999984
194442, 27732.1100,  3, 678.97, 23.75
194487, 27736.9400,  3, 690.48, 28.55999999999767
194496, 27737.9000,  3, 680.80, 29.539999999997235
194523, 27740.7900,  3, 685.33, 32.38999999999942
194557, 27744.4400,  3, 575.24, 36.029999999998836
194559, 27744.6500,  3, 638.36, 36.22999999999956
194583, 27747.2200,  3, 606.56, 38.859999999996944
194586, 27747.5400,  3, 679.33, 39.159999999999854
194691, 27774.0100,  1, -408.50, 11.139999999999418
194691, 27774.0100,  1, -410.14, 11.139999999999418
194794, 27785.0400,  1, -424.96, 22.17000000000189
194794, 27785.0400,  1, -471.31, 22.17000000000189
194848, 27790.8300,  3, 716.30, 27.92000000000189
194874, 27793.6100,  3, 714.24, 30.700000000000728
194880, 27794.2600,  3, 629.42, 31.360000000000582
194932, 27799.8300,  3, 677.04, 36.909999999999854
195062, 27828.4200,  1, -385.28, 13.819999999999709
195062, 27828.4200,  1, -436.92, 13.819999999999709
195086, 27830.9900,  1, -396.57, 16.390000000003056
195086, 27830.9900,  1, -427.74, 16.390000000003056
195107, 27833.2400,  1, -427.69, 18.640000000003056
195195, 27842.6700,  3, 638.59, 28.040000000000873
195226, 27845.9900,  3, 661.28, 31.330000000001746
195249, 27848.4500,  3, 622.63, 33.80000000000291
195329, 27871.6100,  1, -480.52, 8.459999999999127
195329, 27871.6100,  1, -447.75, 8.459999999999127
195362, 27875.1500,  1, -468.96, 12.0
195362, 27875.1500,  1, -414.43, 12.0
195376, 27876.6500,  1, -484.06, 13.5
195401, 27879.3300,  1, -437.84, 16.18000000000029
195401, 27879.3300,  1, -402.12, 16.18000000000029
195541, 27894.3300,  3, 656.36, 31.12999999999738
195613, 27916.4000,  1, -442.62, 7.600000000002183
195613, 27916.4000,  1, -484.25, 7.600000000002183
195782, 27934.5100,  3, 707.76, 25.67000000000189
195804, 27936.8600,  3, 687.23, 28.0
195821, 27938.6900,  3, 645.79, 29.790000000000873
195839, 27940.6100,  1, -429.52, 31.81000000000131
195852, 27942.0100,  3, 713.27, 33.19000000000233
195897, 27946.8300,  3, 672.67, 37.970000000001164
196012, 27974.6500,  1, -439.06, 12.210000000002765
196012, 27974.6500,  1, -420.68, 12.210000000002765
196044, 27978.0800,  1, -444.71, 15.640000000003056
196118, 27986.0100,  3, 677.37, 23.530000000002474
196158, 27990.2900,  3, 653.66, 27.760000000002037
196166, 27991.1500,  3, 631.09, 28.69000000000233
196231, 27998.1100,  3, 642.76, 35.590000000000146
196233, 27998.3300,  3, 656.23, 35.85000000000218
196365, 28026.7600,  1, -380.64, 14.039999999997235
196365, 28026.7600,  1, -426.65, 14.039999999997235
196388, 28029.2200,  1, -430.18, 16.5
196388, 28029.2200,  1, -406.66, 16.5
196458, 28036.7200,  3, 674.20, 23.919999999998254
196557, 28047.3300,  3, 694.05, 34.599999999998545
196563, 28047.9700,  3, 689.38, 35.19999999999709
196564, 28048.0800,  1, -430.00, 35.36000000000058
196695, 28076.4700,  1, -428.73, 13.819999999999709
196695, 28076.4700,  1, -428.98, 13.819999999999709
196708, 28077.8600,  1, -461.59, 15.209999999999127
196708, 28077.8600,  1, -421.20, 15.209999999999127
196769, 28084.4000,  1, -455.59, 21.75
196852, 28093.2900,  3, 702.74, 30.56999999999971
196857, 28093.8300,  3, 719.85, 31.090000000000146
196888, 28097.1500,  3, 725.78, 34.409999999999854
197061, 28130.0100,  1, -461.24, 18.43999999999869
197061, 28130.0100,  1, -411.37, 18.43999999999869
197120, 28136.3300,  1, -401.94, 24.760000000002037
197211, 28146.0800,  3, 668.89, 34.470000000001164
197256, 28150.9000,  3, 713.11, 39.29999999999927
197325, 28158.2900,  3, 631.59, 46.70999999999913
197328, 28158.6100,  3, 645.52, 46.970000000001164
197334, 28159.2600,  3, 603.06, 47.599999999998545
197475, 28188.7700,  1, -467.38, 15.0
197475, 28188.7700,  1, -408.97, 15.0
197512, 28192.7400,  1, -474.97, 18.970000000001164
197512, 28192.7400,  1, -349.71, 18.970000000001164
197598, 28201.9500,  3, 683.64, 28.090000000000146
197599, 28202.0600,  3, 743.26, 28.239999999997963
197658, 28208.3800,  3, 657.29, 34.590000000000146
197786, 28222.1000,  3, 676.21, 48.29999999999927
197881, 28246.6500,  1, -426.29, 10.080000000001746
197881, 28246.6500,  1, -468.45, 10.080000000001746
197897, 28248.3600,  1, -439.79, 11.790000000000873
197897, 28248.3600,  1, -439.40, 11.790000000000873
198016, 28261.1100,  3, 699.60, 24.510000000002037
198051, 28264.8600,  3, 660.72, 28.2400000000016
198100, 28270.1100,  3, 680.36, 33.51000000000204
198135, 28273.8600,  3, 622.52, 37.22999999999956
198228, 28298.4000,  1, -427.55, 9.860000000000582
198228, 28298.4000,  1, -396.33, 9.860000000000582
198338, 28310.1900,  3, 646.61, 21.57999999999811
198403, 28317.1500,  3, 682.12, 28.5099999999984
198413, 28318.2200,  3, 686.28, 29.62999999999738
198417, 28318.6500,  3, 743.46, 30.07999999999811
198475, 28324.8600,  3, 679.05, 36.27000000000044
198556, 28333.5400,  3, 612.08, 44.95000000000073
198680, 28361.2600,  1, -438.82, 13.18999999999869
198680, 28361.2600,  1, -409.86, 13.18999999999869
198742, 28367.9000,  1, -432.60, 19.830000000001746
198821, 28376.3600,  3, 663.66, 28.18999999999869
198868, 28381.4000,  3, 676.03, 33.220000000001164
198898, 28384.6100,  3, 702.85, 36.52000000000044
198941, 28389.2200,  3, 614.29, 41.06999999999971
198983, 28393.7200,  3, 600.64, 45.63000000000102
199158, 28426.8500,  1, -478.60, 18.649999999997817
199162, 28427.2700,  1, -464.52, 19.06999999999971
199162, 28427.2700,  1, -429.20, 19.06999999999971
199227, 28434.2400,  3, 660.75, 25.989999999997963
199253, 28437.0200,  3, 704.76, 28.770000000000437
199277, 28439.6000,  3, 733.55, 31.389999999999418
199309, 28443.0200,  3, 721.45, 34.719999999997526
199368, 28449.3500,  3, 672.22, 41.13000000000102
199515, 28479.4900,  1, -433.16, 15.640000000003056
199515, 28479.4900,  1, -428.86, 15.640000000003056
199522, 28480.2400,  1, -418.24, 16.390000000003056
199522, 28480.2400,  1, -426.77, 16.390000000003056
199604, 28489.0200,  3, 642.85, 25.159999999999854
199612, 28489.8800,  3, 714.95, 26.0
199661, 28495.1300,  3, 714.42, 31.17000000000189
199904, 28521.1700,  3, 672.05, 57.280000000002474
200055, 28552.5800,  1, -457.02, 16.070000000003347
200058, 28552.9000,  1, -420.47, 16.390000000003056
200058, 28552.9000,  1, -432.30, 16.390000000003056
200172, 28565.1100,  3, 685.77, 28.580000000001746
200180, 28565.9700,  3, 652.40, 29.42000000000189
200201, 28568.2200,  3, 673.01, 31.62000000000262
200232, 28571.5400,  3, 656.39, 34.970000000001164
200236, 28571.9700,  3, 635.48, 35.37000000000262
200312, 28594.4400,  1, -449.59, 8.039999999997235
200312, 28594.4400,  1, -438.15, 8.039999999997235
200373, 28600.9700,  1, -448.12, 14.569999999999709
200373, 28600.9700,  1, -437.27, 14.569999999999709
200474, 28611.7900,  3, 699.10, 25.36999999999898
200505, 28615.1100,  3, 676.23, 28.69999999999709
200509, 28615.5400,  3, 669.77, 29.05999999999767
200531, 28617.9000,  3, 689.50, 31.389999999999418
200683, 28648.5600,  1, -373.13, 16.17000000000189
200683, 28648.5600,  1, -424.23, 16.17000000000189
200692, 28649.5200,  1, -420.29, 17.13000000000102
200727, 28653.2700,  1, -413.86, 20.88000000000102
200767, 28657.5600,  3, 646.93, 25.11999999999898
200882, 28669.8800,  3, 659.18, 37.47999999999956
200913, 28673.2000,  3, 642.33, 40.79999999999927
200993, 28681.7700,  3, 692.61, 49.340000000000146
201100, 28707.8100,  1, -425.78, 11.350000000002183
201122, 28710.1700,  1, -403.04, 13.709999999999127
201122, 28710.1700,  1, -412.99, 13.709999999999127
201204, 28718.9500,  1, -432.45, 22.4900000000016
201204, 28718.9500,  1, -477.00, 22.4900000000016
201304, 28729.6700,  3, 643.10, 33.19000000000233
201348, 28734.3800,  3, 629.39, 37.86000000000058
201352, 28734.8100,  3, 737.59, 38.26000000000204
201490, 28764.0800,  1, -453.66, 14.680000000000291
201490, 28764.0800,  1, -421.23, 14.680000000000291
201567, 28772.3300,  1, -455.69, 22.93000000000029
201567, 28772.3300,  1, -388.75, 22.93000000000029
201607, 28776.6100,  3, 670.80, 27.109999999996944
201733, 28790.1100,  3, 634.24, 40.61999999999898
201734, 28790.2200,  3, 627.12, 40.7599999999984
201808, 28798.1500,  3, 640.92, 48.72999999999956
201973, 28831.2400,  1, -448.17, 17.580000000001746
201973, 28831.2400,  1, -372.46, 17.580000000001746
202018, 28836.0600,  3, 657.95, 22.31999999999971
202062, 28840.7700,  1, -342.33, 27.110000000000582
202079, 28842.6000,  3, 661.80, 28.849999999998545
202103, 28845.1700,  3, 686.46, 31.43999999999869
202148, 28849.9900,  3, 652.79, 36.279999999998836
202239, 28859.7400,  3, 634.60, 46.029999999998836
202318, 28882.5600,  1, -443.09, 8.360000000000582
202318, 28882.5600,  1, -464.12, 8.360000000000582
202420, 28893.4900,  1, -421.16, 19.290000000000873
202420, 28893.4900,  1, -386.82, 19.290000000000873
202446, 28896.2700,  3, 659.28, 22.05999999999767
202499, 28901.9500,  3, 646.64, 27.649999999997817
202517, 28903.8800,  3, 639.22, 29.669999999998254
202681, 28921.4500,  3, 650.70, 47.219999999997526
202809, 28949.8800,  1, -435.14, 13.600000000002183
202809, 28949.8800,  1, -405.18, 13.600000000002183
202963, 28966.3800,  3, 668.88, 30.010000000002037
202992, 28969.4900,  3, 713.96, 33.13999999999942
202994, 28969.7000,  3, 651.62, 33.38999999999942
203010, 28971.4200,  3, 637.58, 35.05000000000291
203038, 28974.4200,  3, 628.14, 38.080000000001746
203052, 28975.9200,  3, 660.55, 39.54000000000087
203317, 29018.7000,  3, 613.12, 28.270000000000437
203353, 29022.5600,  3, 694.33, 32.030000000002474
203360, 29023.3100,  3, 675.38, 32.81000000000131
203385, 29025.9900,  3, 671.81, 35.5
203398, 29027.3800,  3, 662.65, 36.87000000000262
203446, 29032.5200,  3, 643.37, 42.04000000000087
203513, 29039.7000,  3, 641.53, 49.18000000000029
203589, 29047.8500,  3, 725.07, 57.390000000003056
203747, 29079.2600,  1, -410.88, 16.81999999999971
203747, 29079.2600,  1, -454.28, 16.81999999999971
203847, 29089.9700,  1, -355.14, 27.530000000002474
203847, 29089.9700,  1, -451.66, 27.530000000002474
203878, 29093.2900,  3, 608.75, 30.80000000000291
203898, 29095.4400,  3, 662.26, 32.890000000003056
203903, 29095.9700,  3, 670.44, 33.51000000000204
203970, 29103.1500,  3, 612.37, 40.650000000001455
204128, 29134.5200,  1, -433.50, 16.81000000000131
204196, 29141.8100,  3, 655.53, 24.06000000000131
204201, 29142.3500,  1, -408.14, 24.639999999999418
204201, 29142.3500,  1, -492.46, 24.639999999999418
204226, 29145.0200,  3, 722.02, 27.220000000001164
204285, 29151.3500,  3, 688.97, 33.580000000001746
204322, 29155.3100,  3, 604.24, 37.5
204336, 29156.8100,  3, 626.24, 39.030000000002474
204490, 29187.7600,  1, -438.40, 16.389999999999418
204490, 29187.7600,  1, -388.48, 16.389999999999418
204537, 29192.7900,  1, -415.44, 21.42000000000189
204547, 29193.8600,  3, 643.05, 22.389999999999418
204625, 29202.2200,  3, 662.40, 30.7400000000016
204682, 29208.3300,  3, 665.46, 36.94000000000233
204785, 29219.3600,  3, 585.16, 47.970000000001164
204862, 29227.6100,  3, 578.81, 56.18000000000029
204970, 29253.7400,  1, -487.73, 11.470000000001164
204970, 29253.7400,  1, -456.32, 11.470000000001164
205075, 29264.9900,  1, -403.83, 22.720000000001164
205085, 29266.0600,  1, -448.10, 23.790000000000873
205122, 29270.0200,  3, 682.83, 27.669999999998254
205193, 29277.6300,  3, 673.23, 35.349999999998545
205257, 29284.4900,  3, 611.84, 42.14999999999782
205324, 29291.6700,  3, 632.61, 49.349999999998545
205490, 29324.0600,  1, -379.35, 17.67000000000189
205490, 29324.0600,  1, -389.71, 17.67000000000189
205507, 29325.8800,  1, -403.63, 19.4900000000016
205507, 29325.8800,  1, -465.28, 19.4900000000016
205614, 29337.3500,  3, 646.71, 30.860000000000582
205620, 29337.9900,  3, 670.15, 31.56999999999971
205633, 29339.3800,  3, 698.36, 32.88999999999942
205649, 29341.1000,  3, 700.09, 34.68000000000029
205794, 29371.0200,  1, -460.35, 15.430000000000291
205794, 29371.0200,  1, -433.75, 15.430000000000291
205816, 29373.3800,  1, -429.46, 17.790000000000873
205816, 29373.3800,  1, -441.64, 17.790000000000873
205935, 29386.1300,  3, 644.55, 30.459999999999127
205975, 29390.4200,  3, 716.29, 34.7400000000016
206011, 29394.2700,  3, 701.63, 38.669999999998254
206048, 29398.2400,  3, 611.36, 42.56000000000131
206270, 29436.5100,  3, 721.17, 23.580000000001746
206278, 29437.3600,  3, 635.01, 24.4900000000016
206321, 29441.9700,  3, 696.77, 29.040000000000873
206332, 29443.1500,  3, 711.70, 30.220000000001164
206357, 29445.8300,  3, 660.65, 32.95000000000073
206364, 29446.5800,  3, 672.11, 33.67000000000189
206420, 29452.5800,  3, 626.30, 39.68000000000029
206424, 29453.0100,  3, 674.13, 40.159999999999854
206521, 29477.8800,  1, -436.80, 10.290000000000873
206521, 29477.8800,  1, -470.51, 10.290000000000873
206601, 29486.4500,  1, -471.47, 18.860000000000582
206601, 29486.4500,  1, -388.49, 18.860000000000582
206610, 29487.4200,  1, -356.21, 19.82999999999811
206610, 29487.4200,  1, -377.07, 19.82999999999811
206672, 29494.0600,  3, 687.27, 26.360000000000582
206719, 29499.1000,  3, 693.99, 31.479999999999563
206819, 29524.2000,  1, -405.26, 10.600000000002183
206819, 29524.2000,  1, -427.06, 10.600000000002183
206835, 29525.9200,  1, -407.64, 12.319999999999709
206835, 29525.9200,  1, -407.02, 12.319999999999709
206893, 29532.1300,  1, -440.99, 18.530000000002474
206893, 29532.1300,  1, -410.92, 18.530000000002474
206901, 29532.9900,  1, -358.11, 19.390000000003056
206901, 29532.9900,  1, -454.95, 19.390000000003056
207029, 29561.2900,  1, -405.85, 13.5
207029, 29561.2900,  1, -388.20, 13.5
207156, 29574.9000,  3, 625.82, 27.06999999999971
207179, 29577.3600,  3, 664.13, 29.520000000000437
207190, 29578.5400,  3, 695.42, 30.719999999997526
207201, 29579.7200,  3, 656.97, 31.860000000000582
207205, 29580.1500,  3, 627.68, 32.27000000000044
207249, 29584.8600,  3, 629.26, 37.029999999998836
207319, 29606.9900,  1, -427.46, 7.400000000001455
207319, 29606.9900,  1, -453.46, 7.400000000001455
207367, 29612.1300,  1, -421.63, 12.540000000000873
207433, 29619.2000,  1, -428.42, 19.610000000000582
207433, 29619.2000,  1, -444.88, 19.610000000000582
207481, 29624.3500,  3, 708.83, 24.75
207519, 29628.4200,  3, 700.38, 28.75
207523, 29628.8500,  3, 656.66, 29.18999999999869
207688, 29661.2400,  1, -462.23, 17.580000000001746
207688, 29661.2400,  1, -388.05, 17.580000000001746
207755, 29668.4200,  3, 664.42, 24.709999999999127
207782, 29671.3100,  3, 665.82, 27.610000000000582
207811, 29674.4200,  3, 687.79, 30.709999999999127
207812, 29674.5200,  3, 674.92, 30.790000000000873
207953, 29689.6300,  3, 631.06, 45.92000000000189
208100, 29705.3800,  3, 682.71, 61.68000000000029
208255, 29736.3300,  1, -450.59, 16.510000000002037
208369, 29748.5400,  3, 664.56, 28.63000000000102
208396, 29751.4400,  3, 647.24, 31.540000000000873
208407, 29752.6100,  3, 672.77, 32.72999999999956
208410, 29752.9400,  3, 705.11, 33.04999999999927
208458, 29758.0800,  3, 725.04, 38.159999999999854
208465, 29758.8300,  3, 704.15, 39.0
208529, 29765.6900,  3, 612.70, 45.81000000000131
208602, 29787.5800,  1, -475.74, 7.720000000001164
208602, 29787.5800,  1, -432.08, 7.720000000001164
208630, 29790.5800,  1, -490.43, 10.720000000001164
208630, 29790.5800,  1, -444.07, 10.720000000001164
208787, 29807.4000,  3, 692.16, 27.43000000000029
208818, 29810.7200,  3, 691.48, 30.779999999998836
208894, 29818.8600,  3, 670.74, 38.93999999999869
208917, 29821.3300,  3, 703.81, 41.419999999998254
209066, 29852.4400,  1, -396.15, 15.869999999998981
209066, 29852.4400,  1, -448.59, 15.869999999998981
209184, 29865.0800,  3, 704.08, 28.459999999999127
209192, 29865.9400,  3, 667.92, 29.340000000000146
209315, 29879.1100,  3, 602.11, 42.529999999998836
209317, 29879.3300,  3, 672.48, 42.70999999999913
209350, 29882.8600,  3, 702.18, 46.26000000000204
209498, 29898.7200,  3, 608.74, 62.04999999999927
209627, 29926.9400,  1, -402.53, 13.719999999997526
209627, 29926.9400,  1, -406.76, 13.719999999997526
209671, 29931.6500,  1, -396.73, 18.43000000000029
209671, 29931.6500,  1, -409.67, 18.43000000000029
209741, 29939.1500,  3, 704.57, 25.860000000000582
209845, 29950.2900,  3, 619.95, 36.98999999999796
209852, 29951.0400,  3, 649.79, 37.789999999997235
209860, 29951.9000,  3, 624.28, 38.659999999999854
209985, 29980.7000,  1, -436.86, 13.280000000002474
209985, 29980.7000,  1, -420.43, 13.280000000002474
210050, 29987.6700,  1, -385.16, 20.25
210088, 29991.7400,  3, 681.40, 24.30000000000291
210089, 29991.8500,  1, -451.19, 24.43000000000029
210146, 29997.9500,  3, 657.31, 30.470000000001164
210147, 29998.0600,  3, 659.74, 30.600000000002183
210191, 30002.7700,  3, 671.39, 35.25
210387, 30039.1500,  1, -364.00, 20.890000000003056
210387, 30039.1500,  1, -418.01, 20.890000000003056
210399, 30040.4400,  3, 652.85, 22.070000000003347
210444, 30045.2600,  3, 660.11, 26.909999999999854
210459, 30046.8600,  3, 655.24, 28.590000000000146
210477, 30048.7900,  3, 656.16, 30.5
210480, 30049.1100,  3, 633.87, 30.760000000002037
210610, 30063.0400,  3, 597.30, 44.68000000000029
210699, 30087.0200,  1, -429.27, 9.420000000001892
210699, 30087.0200,  1, -445.46, 9.420000000001892
210870, 30105.3500,  3, 676.92, 27.720000000001164
210883, 30106.7400,  3, 669.26, 29.110000000000582
210901, 30108.6700,  3, 647.58, 30.9900000000016
210922, 30110.9200,  3, 698.89, 33.210000000002765
210946, 30113.4900,  3, 744.09, 35.87000000000262
211026, 30122.0600,  3, 683.27, 44.390000000003056
211136, 30148.4000,  1, -415.53, 11.680000000000291
211136, 30148.4000,  1, -430.00, 11.680000000000291
211153, 30150.2200,  1, -420.40, 13.5
211153, 30150.2200,  1, -394.55, 13.5
211293, 30165.2200,  3, 673.62, 28.409999999999854
211347, 30171.0100,  3, 595.61, 34.23999999999796
211349, 30171.2200,  3, 623.80, 34.44999999999709
211446, 30181.6100,  3, 659.54, 44.82999999999811
211555, 30207.9000,  1, -449.00, 11.580000000001746
211555, 30207.9000,  1, -449.54, 11.580000000001746
211600, 30212.7200,  1, -408.17, 16.400000000001455
211600, 30212.7200,  1, -409.41, 16.400000000001455
211603, 30213.0400,  1, -470.50, 16.720000000001164
211603, 30213.0400,  1, -423.34, 16.720000000001164
211688, 30222.1500,  3, 693.03, 25.81999999999971
211885, 30243.2600,  3, 751.61, 46.830000000001746
212003, 30270.4000,  1, -424.83, 12.540000000000873
212003, 30270.4000,  1, -444.17, 12.540000000000873
212018, 30272.0100,  1, -455.04, 14.149999999997817
212018, 30272.0100,  1, -385.88, 14.149999999997817
212092, 30279.9400,  1, -449.21, 22.07999999999811
212213, 30292.9000,  3, 643.89, 35.0099999999984
212223, 30293.9700,  3, 675.08, 36.0
212238, 30295.5800,  3, 689.60, 37.70999999999913
212348, 30321.7000,  1, -487.36, 11.680000000000291
212348, 30321.7000,  1, -397.09, 11.680000000000291
212369, 30323.9500,  1, -407.25, 13.930000000000291
212369, 30323.9500,  1, -400.27, 13.930000000000291
212477, 30335.5200,  3, 675.50, 25.409999999999854
212487, 30336.6000,  3, 676.78, 26.5
212510, 30339.0600,  3, 680.48, 28.93000000000029
212515, 30339.6000,  3, 636.33, 29.529999999998836
212594, 30362.6900,  1, -463.19, 8.369999999998981
212594, 30362.6900,  1, -459.74, 8.369999999998981
212692, 30373.1900,  1, -366.71, 18.86999999999898
212784, 30383.0400,  3, 676.46, 28.68999999999869
212804, 30385.1900,  3, 720.42, 30.770000000000437
212812, 30386.0400,  3, 724.48, 31.639999999999418
212870, 30392.2600,  3, 652.67, 37.830000000001746
212891, 30394.5100,  3, 710.00, 40.17000000000189
212985, 30418.9500,  1, -443.59, 9.959999999999127
212985, 30418.9500,  1, -457.42, 9.959999999999127
213038, 30424.6300,  1, -443.56, 15.639999999999418
213038, 30424.6300,  1, -439.42, 15.639999999999418
213151, 30436.7400,  3, 685.29, 27.69999999999709
213171, 30438.8800,  3, 679.14, 29.859999999996944
213225, 30444.6700,  3, 626.87, 35.57999999999811
213226, 30444.7700,  3, 676.20, 35.67999999999665
213363, 30474.8300,  1, -426.85, 14.580000000001746
213363, 30474.8300,  1, -442.17, 14.580000000001746
213365, 30475.0400,  1, -459.00, 14.790000000000873
213365, 30475.0400,  1, -397.57, 14.790000000000873
213521, 30491.7600,  3, 659.99, 31.43000000000029
213540, 30493.7900,  1, -362.41, 33.54000000000087
213547, 30494.5400,  3, 662.52, 34.18999999999869
213582, 30498.2900,  3, 725.47, 37.93999999999869
213851, 30541.4900,  3, 713.00, 28.63000000000102
213856, 30542.0200,  3, 675.43, 29.159999999999854
213859, 30542.3500,  3, 712.81, 29.489999999997963
213874, 30543.9500,  3, 695.74, 31.159999999999854
213889, 30545.5600,  3, 687.88, 32.7599999999984
213905, 30547.2700,  3, 631.14, 34.45000000000073
213916, 30548.4500,  3, 692.23, 35.63000000000102
213917, 30548.5600,  3, 656.57, 35.75
214053, 30577.4400,  1, -446.27, 14.459999999999127
214053, 30577.4400,  1, -445.13, 14.459999999999127
214151, 30587.9400,  3, 678.88, 24.889999999999418
214177, 30590.7200,  3, 697.32, 27.700000000000728
214199, 30593.0800,  3, 714.51, 30.040000000000873
214225, 30595.8600,  3, 634.29, 32.81000000000131
214251, 30598.6500,  3, 690.08, 35.63000000000102
214255, 30599.0800,  3, 673.71, 36.080000000001746
214373, 30626.0100,  1, -409.85, 12.529999999998836
214373, 30626.0100,  1, -452.99, 12.529999999998836
214424, 30631.4700,  1, -421.18, 17.9900000000016
214424, 30631.4700,  1, -437.31, 17.9900000000016
214463, 30635.6500,  3, 696.07, 22.090000000000146
214527, 30642.5100,  3, 689.01, 28.9900000000016
214550, 30644.9700,  3, 670.24, 31.470000000001164
214579, 30648.0800,  3, 675.06, 34.52000000000044
214733, 30678.8600,  1, -392.15, 16.38000000000102
214733, 30678.8600,  1, -354.31, 16.38000000000102
214740, 30679.6100,  1, -362.40, 17.13000000000102
214740, 30679.6100,  1, -464.65, 17.13000000000102
214799, 30685.9400,  1, -464.84, 23.459999999999127
214908, 30697.6100,  3, 638.30, 35.04000000000087
214916, 30698.4700,  3, 642.72, 35.97999999999956
215015, 30709.0800,  3, 666.33, 46.54999999999927
215105, 30733.0100,  1, -458.85, 9.539999999997235
215105, 30733.0100,  1, -430.05, 9.539999999997235
215155, 30738.3600,  1, -471.81, 14.889999999999418
215155, 30738.3600,  1, -458.10, 14.889999999999418
215231, 30746.5100,  3, 673.23, 23.0
215235, 30746.9400,  3, 701.84, 23.36999999999898
215305, 30754.4400,  3, 669.07, 30.899999999997817
215346, 30758.8300,  3, 671.03, 35.29999999999927
215505, 30791.2900,  1, -421.66, 16.92000000000189
215506, 30791.4000,  1, -465.85, 17.030000000002474
215506, 30791.4000,  1, -451.07, 17.030000000002474
215584, 30799.7600,  3, 634.87, 25.360000000000582
215589, 30800.2900,  3, 681.47, 25.88000000000102
215595, 30800.9400,  3, 660.36, 26.5
215616, 30803.1900,  3, 678.21, 28.760000000002037
215644, 30806.1900,  3, 644.21, 31.710000000002765
215770, 30834.0600,  1, -438.92, 13.400000000001455
215770, 30834.0600,  1, -404.35, 13.400000000001455
215796, 30836.8500,  1, -410.24, 16.18999999999869
215796, 30836.8500,  1, -390.40, 16.18999999999869
215870, 30844.7700,  3, 695.11, 24.06000000000131
215944, 30852.7000,  3, 710.03, 31.93999999999869
215957, 30854.1000,  3, 671.93, 33.349999999998545
216033, 30862.2400,  3, 644.80, 41.52000000000044
216162, 30890.5600,  1, -444.31, 13.710000000002765
216162, 30890.5600,  1, -430.71, 13.710000000002765
216224, 30897.2000,  1, -416.73, 20.350000000002183
216246, 30899.5600,  1, -364.06, 22.710000000002765
216246, 30899.5600,  1, -450.59, 22.710000000002765
216276, 30902.7700,  3, 628.27, 25.900000000001455
216331, 30908.6700,  3, 643.75, 31.790000000000873
216346, 30910.2700,  3, 651.21, 33.38000000000102
216510, 30945.3100,  1, -418.53, 17.460000000002765
216510, 30945.3100,  1, -403.76, 17.460000000002765
216520, 30946.3800,  1, -461.72, 18.530000000002474
216520, 30946.3800,  1, -404.77, 18.530000000002474
216546, 30949.1700,  1, -418.86, 21.31999999999971
216582, 30953.0200,  3, 722.51, 25.150000000001455
216609, 30955.9200,  3, 663.14, 28.040000000000873
216627, 30957.8500,  3, 687.43, 29.94000000000233
216750, 30985.6700,  1, -445.04, 13.069999999999709
216750, 30985.6700,  1, -399.60, 13.069999999999709
216799, 30990.9200,  1, -437.34, 18.31999999999971
216799, 30990.9200,  1, -466.90, 18.31999999999971
216807, 30991.7700,  1, -434.96, 19.17000000000189
216807, 30991.7700,  1, -436.09, 19.17000000000189
216900, 31001.7400,  3, 678.53, 29.06999999999971
216973, 31009.5600,  3, 624.98, 36.93000000000029
217164, 31044.6300,  1, -411.59, 20.360000000000582
217200, 31048.4900,  1, -371.52, 24.220000000001164
217200, 31048.4900,  1, -393.49, 24.220000000001164
217246, 31053.4200,  3, 744.53, 29.06999999999971
217268, 31055.7700,  3, 612.04, 31.43000000000029
217299, 31059.1000,  3, 681.43, 34.81999999999971
217324, 31061.7700,  3, 597.00, 37.470000000001164
217350, 31064.5600,  3, 661.35, 40.279999999998836
217518, 31096.8800,  1, -440.77, 17.889999999999418
217518, 31096.8800,  1, -418.03, 17.889999999999418
217543, 31099.5600,  3, 654.51, 20.55999999999767
217600, 31105.6700,  3, 699.34, 26.609999999996944
217603, 31105.9900,  3, 645.24, 26.909999999999854
217639, 31109.8500,  3, 618.57, 30.75
217668, 31112.9500,  3, 682.21, 33.86999999999898
217752, 31121.9500,  3, 590.89, 42.919999999998254
217871, 31149.9200,  1, -388.18, 12.649999999997817
217871, 31149.9200,  1, -410.94, 12.649999999997817
217918, 31154.9500,  1, -442.15, 17.68000000000029
217918, 31154.9500,  1, -438.01, 17.68000000000029
217979, 31161.4900,  3, 664.35, 24.200000000000728
217994, 31163.1000,  3, 655.60, 25.7599999999984
218029, 31166.8500,  3, 660.95, 29.5
218075, 31171.7700,  3, 653.87, 34.419999999998254
218173, 31196.6700,  1, -411.66, 10.399999999997817
218173, 31196.6700,  1, -429.76, 10.399999999997817
218192, 31198.7000,  1, -426.71, 12.430000000000291
218192, 31198.7000,  1, -381.03, 12.430000000000291
218323, 31212.7400,  3, 722.17, 26.38000000000102
218354, 31216.0600,  3, 650.53, 29.709999999999127
218470, 31228.4900,  3, 677.57, 42.11000000000058
218586, 31240.9200,  3, 692.11, 54.56000000000131
218677, 31265.9400,  1, -463.05, 9.639999999999418
218677, 31265.9400,  1, -444.97, 9.639999999999418
218739, 31272.5800,  1, -430.26, 16.280000000002474
218739, 31272.5800,  1, -392.61, 16.280000000002474
218754, 31274.1900,  1, -439.29, 17.889999999999418
218776, 31276.5400,  1, -470.63, 20.2400000000016
218872, 31286.8300,  3, 645.54, 30.4900000000016
218897, 31289.5100,  3, 696.41, 33.18000000000029
219094, 31325.0100,  1, -486.23, 21.0099999999984
219094, 31325.0100,  1, -368.13, 21.0099999999984
219155, 31331.5400,  3, 694.88, 27.5099999999984
219183, 31334.5400,  3, 685.55, 30.4900000000016
219187, 31334.9700,  3, 646.57, 30.93000000000029
219208, 31337.2200,  3, 711.55, 33.13999999999942
219215, 31337.9700,  3, 683.70, 33.93000000000029
219350, 31352.4400,  3, 655.39, 48.36999999999898
219474, 31380.2600,  1, -445.13, 13.18999999999869
219474, 31380.2600,  1, -437.59, 13.18999999999869
219532, 31386.4700,  1, -380.10, 19.400000000001455
219532, 31386.4700,  1, -480.39, 19.400000000001455
219600, 31393.7600,  3, 717.61, 26.650000000001455
219601, 31393.8600,  3, 708.66, 26.7400000000016
219672, 31401.4700,  3, 733.98, 34.29000000000087
219681, 31402.4400,  3, 669.88, 35.330000000001746
219791, 31428.7900,  1, -443.69, 11.680000000000291
219791, 31428.7900,  1, -457.29, 11.680000000000291
219800, 31429.7600,  1, -416.51, 12.649999999997817
219800, 31429.7600,  1, -419.36, 12.649999999997817
219839, 31433.9400,  1, -429.57, 16.82999999999811
219918, 31442.4000,  3, 651.19, 25.2599999999984
219934, 31444.1100,  3, 690.50, 26.909999999999854
220021, 31453.4400,  3, 624.96, 36.22999999999956
220134, 31480.0200,  1, -467.06, 11.9900000000016
220134, 31480.0200,  1, -449.20, 11.9900000000016
220155, 31482.2700,  1, -425.20, 14.2400000000016
220155, 31482.2700,  1, -401.47, 14.2400000000016
220205, 31487.6300,  1, -399.94, 19.600000000002183
220205, 31487.6300,  1, -446.63, 19.600000000002183
220279, 31495.5600,  3, 669.48, 27.520000000000437
220321, 31500.0600,  3, 692.94, 31.979999999999563
220504, 31535.3300,  1, -408.56, 19.5
220551, 31540.3600,  3, 670.41, 24.479999999999563
220570, 31542.4000,  3, 734.61, 26.5
220605, 31546.1500,  3, 716.26, 30.239999999997963
220605, 31546.1500,  3, 654.60, 30.25
220631, 31548.9400,  3, 656.76, 33.08999999999651
220632, 31549.0400,  3, 649.45, 33.11999999999898
220646, 31550.5400,  3, 595.07, 34.64999999999782
220939, 31596.2900,  3, 705.92, 31.270000000000437
220946, 31597.0400,  3, 718.07, 32.0099999999984
220957, 31598.2200,  3, 625.54, 33.18000000000029
220974, 31600.0400,  3, 642.56, 34.95000000000073
220989, 31601.6500,  3, 717.96, 36.56000000000131
221051, 31608.2900,  3, 628.59, 43.27000000000044
221053, 31608.5100,  3, 740.87, 43.400000000001455
221102, 31613.7600,  3, 587.06, 48.70999999999913
221183, 31636.7600,  1, -428.47, 8.569999999999709
221183, 31636.7600,  1, -476.16, 8.569999999999709
221279, 31647.0400,  1, -442.64, 18.850000000002183
221279, 31647.0400,  1, -452.53, 18.850000000002183
221339, 31653.4700,  3, 670.19, 25.270000000000437
221399, 31659.9000,  3, 657.99, 31.68000000000029
221491, 31669.7600,  3, 675.77, 41.530000000002474
221601, 31681.5400,  3, 641.08, 53.27000000000044
221756, 31712.4700,  1, -423.73, 16.5
221756, 31712.4700,  1, -420.96, 16.5
221866, 31724.2600,  3, 676.63, 28.219999999997526
221936, 31731.7600,  3, 697.03, 35.70999999999913
221970, 31735.4000,  3, 694.57, 39.38999999999942
221971, 31735.5100,  3, 649.24, 39.47999999999956
222031, 31741.9400,  3, 618.38, 45.94999999999709
222137, 31753.2900,  3, 637.62, 57.289999999997235
222274, 31782.3600,  1, -460.58, 14.56000000000131
222274, 31782.3600,  1, -437.60, 14.56000000000131
222275, 31782.4700,  1, -389.35, 14.670000000001892
222275, 31782.4700,  1, -459.46, 14.670000000001892
222452, 31801.4400,  3, 725.31, 33.61000000000058
222544, 31811.2900,  3, 669.88, 43.43000000000029
222590, 31816.2200,  3, 625.69, 48.36999999999898
222683, 31826.1900,  1, -505.64, 58.38999999999942
222762, 31849.0200,  1, -429.92, 8.2400000000016
222762, 31849.0200,  1, -428.58, 8.2400000000016
222924, 31866.3800,  3, 660.09, 25.540000000000873
222970, 31871.3100,  3, 710.00, 30.44000000000233
223002, 31874.7400,  3, 669.52, 33.85000000000218
223096, 31884.8100,  3, 679.23, 44.02000000000044
223121, 31887.4900,  3, 632.20, 46.650000000001455
223223, 31898.4200,  3, 616.29, 57.56999999999971
223326, 31924.0200,  1, -433.36, 10.930000000000291
223326, 31924.0200,  1, -394.09, 10.930000000000291
223458, 31938.1700,  3, 669.92, 25.020000000000437
223462, 31938.6000,  3, 649.87, 25.479999999999563
223499, 31942.5600,  3, 637.87, 29.400000000001455
223507, 31943.4200,  3, 643.08, 30.270000000000437
223568, 31949.9500,  3, 672.07, 36.779999999998836
223570, 31950.1700,  3, 682.11, 37.029999999998836
223730, 31981.7000,  1, -416.61, 17.030000000002474
223730, 31981.7000,  1, -415.35, 17.030000000002474
223813, 31990.6000,  3, 670.74, 25.88000000000102
223830, 31992.4200,  3, 713.92, 27.68000000000029
223861, 31995.7400,  3, 671.52, 31.030000000002474
223871, 31996.8100,  3, 639.02, 32.12000000000262
223872, 31996.9200,  3, 709.88, 32.150000000001455
223939, 32004.1000,  3, 667.38, 39.41000000000349
224018, 32026.8600,  1, -467.71, 8.360000000000582
224018, 32026.8600,  1, -452.81, 8.360000000000582
224234, 32050.0100,  3, 616.31, 31.409999999999854
224249, 32051.6100,  3, 663.90, 33.02000000000044
224254, 32052.1500,  3, 659.10, 33.54999999999927
224280, 32054.9400,  3, 690.42, 36.400000000001455
224285, 32055.4700,  3, 723.93, 36.93999999999869
224421, 32070.0400,  3, 666.80, 51.470000000001164
224507, 32094.5800,  1, -455.81, 9.110000000000582
224507, 32094.5800,  1, -444.03, 9.110000000000582
224544, 32098.5400,  1, -429.04, 13.069999999999709
224544, 32098.5400,  1, -390.79, 13.069999999999709
224699, 32115.1500,  1, -393.42, 29.68000000000029
224737, 32119.2200,  3, 671.50, 33.659999999999854
224798, 32125.7600,  3, 641.54, 40.20999999999913
224845, 32130.7900,  3, 720.30, 45.279999999998836
224951, 32156.7900,  1, -436.01, 11.25
224951, 32156.7900,  1, -423.98, 11.25
224988, 32160.7600,  1, -385.45, 15.219999999997526
224988, 32160.7600,  1, -460.35, 15.219999999997526
225024, 32164.6100,  1, -374.23, 19.06999999999971
225105, 32173.2900,  3, 659.66, 27.659999999999854
225110, 32173.8300,  3, 716.77, 28.200000000000728
225327, 32197.0800,  3, 788.17, 51.45000000000073
225446, 32223.8500,  1, -388.22, 12.649999999997817
225446, 32223.8500,  1, -384.94, 12.649999999997817
225538, 32233.7000,  3, 668.18, 22.489999999997963
225547, 32234.6700,  1, -487.78, 23.469999999997526
225547, 32234.6700,  1, -407.53, 23.469999999997526
225597, 32240.0200,  3, 662.27, 28.729999999999563
225637, 32244.3100,  3, 681.75, 33.07999999999811
225788, 32260.4900,  3, 666.35, 49.27000000000044
225940, 32290.9500,  1, -440.65, 16.17000000000189
225940, 32290.9500,  1, -425.44, 16.17000000000189
226075, 32305.4200,  3, 671.87, 30.63000000000102
226078, 32305.7400,  3, 617.75, 30.900000000001455
226093, 32307.3500,  3, 623.25, 32.5
226133, 32311.6300,  3, 603.31, 36.77000000000044
226135, 32311.8500,  3, 636.51, 36.970000000001164
226141, 32312.4900,  3, 609.20, 37.62000000000262
226227, 32336.0200,  1, -449.78, 9.100000000002183
226227, 32336.0200,  1, -452.44, 9.100000000002183
226301, 32343.9500,  1, -392.34, 17.030000000002474
226301, 32343.9500,  1, -429.74, 17.030000000002474
226336, 32347.7000,  3, 670.01, 20.770000000000437
226361, 32350.3800,  3, 705.61, 23.450000000000728
226403, 32354.8800,  3, 655.47, 27.860000000000582
226403, 32354.8800,  3, 698.08, 27.88000000000102
226479, 32377.1900,  1, -488.87, 8.039999999997235
226479, 32377.1900,  1, -450.93, 8.039999999997235
226655, 32396.0400,  3, 679.70, 26.80999999999767
226656, 32396.1500,  3, 676.32, 26.899999999997817
226658, 32396.3600,  3, 715.69, 27.11999999999898
226687, 32399.4700,  3, 689.49, 30.2599999999984
226689, 32399.6900,  3, 685.69, 30.5199999999968
226748, 32406.0100,  3, 642.66, 36.779999999998836
226860, 32432.4700,  1, -381.17, 11.889999999999418
226860, 32432.4700,  1, -410.44, 11.889999999999418
226890, 32435.6900,  1, -418.82, 15.109999999996944
226890, 32435.6900,  1, -401.31, 15.109999999996944
226895, 32436.2200,  1, -398.36, 15.639999999999418
226922, 32439.1100,  1, -442.26, 18.529999999998836
226922, 32439.1100,  1, -417.31, 18.529999999998836
227030, 32450.6900,  3, 633.86, 30.029999999998836
227127, 32475.3100,  1, -451.20, 10.280000000002474
227127, 32475.3100,  1, -465.73, 10.280000000002474
227214, 32484.6300,  1, -361.93, 19.600000000002183
227214, 32484.6300,  1, -439.76, 19.600000000002183
227288, 32492.5600,  3, 696.70, 27.5
227339, 32498.0200,  3, 678.77, 32.94000000000233
227344, 32498.5600,  3, 688.29, 33.5
227351, 32499.3100,  3, 646.41, 34.210000000002765
227512, 32531.0100,  1, -402.61, 17.139999999999418
227512, 32531.0100,  1, -385.69, 17.139999999999418
227572, 32537.4400,  3, 684.44, 23.540000000000873
227627, 32543.3300,  3, 632.81, 29.44000000000233
227627, 32543.3300,  3, 658.37, 29.42000000000189
227704, 32551.5800,  3, 691.93, 37.60000000000218
227721, 32553.4000,  3, 606.60, 39.5
227746, 32556.0800,  3, 594.72, 42.17000000000189
227964, 32593.7200,  3, 683.42, 23.239999999997963
228008, 32598.4400,  3, 723.07, 27.959999999999127
228075, 32605.6100,  3, 681.69, 35.07999999999811
228097, 32607.9700,  3, 712.57, 37.47999999999956
228101, 32608.4000,  3, 699.50, 37.86999999999898
228116, 32610.0100,  3, 643.90, 39.45999999999913
228135, 32612.0400,  3, 696.40, 41.529999999998836
228228, 32622.0100,  3, 773.50, 51.43000000000029
228353, 32650.7900,  1, -448.63, 13.290000000000873
228353, 32650.7900,  1, -438.81, 13.290000000000873
228380, 32653.6900,  1, -422.41, 16.18999999999869
228380, 32653.6900,  1, -372.90, 16.18999999999869
228499, 32666.4400,  3, 643.00, 28.849999999998545
228505, 32667.0800,  3, 714.44, 29.470000000001164
228561, 32673.0800,  1, -418.42, 35.580000000001746
228574, 32674.4700,  3, 642.79, 36.88000000000102
228728, 32705.2600,  1, -459.75, 16.399999999997817
228728, 32705.2600,  1, -409.07, 16.399999999997817
228735, 32706.0100,  1, -458.71, 17.149999999997817
228843, 32717.5800,  3, 691.89, 28.61999999999898
228877, 32721.2200,  3, 653.09, 32.29000000000087
228928, 32726.6900,  3, 730.47, 37.720000000001164
228933, 32727.2200,  3, 703.46, 38.349999999998545
228958, 32729.9000,  3, 619.46, 41.0
229132, 32762.9000,  1, -417.38, 18.540000000000873
229132, 32762.9000,  1, -405.56, 18.540000000000873
229212, 32771.4800,  3, 708.60, 27.110000000000582
229240, 32774.4800,  3, 670.11, 30.089999999996508
229309, 32781.8700,  3, 621.45, 37.44999999999709
229317, 32782.7300,  3, 635.02, 38.26000000000204
229322, 32783.2700,  3, 607.42, 38.80999999999767
229328, 32783.9100,  3, 562.78, 39.45999999999913
229474, 32813.8700,  1, -456.07, 15.530000000006112
229529, 32819.7700,  1, -489.04, 21.43000000000029
229628, 32830.3700,  3, 638.68, 31.93000000000029
229643, 32831.9800,  3, 656.34, 33.55000000000291
229649, 32832.6200,  3, 619.44, 34.24000000000524
229670, 32834.8700,  3, 619.12, 36.450000000004366
229670, 32834.8700,  3, 657.39, 36.450000000004366
229720, 32840.2300,  3, 655.57, 41.84000000000378
229855, 32869.2300,  1, -462.04, 14.37000000000262
229855, 32869.2300,  1, -402.43, 14.37000000000262
229993, 32884.0200,  3, 652.13, 29.12999999999738
229996, 32884.3400,  3, 684.37, 29.44999999999709
230004, 32885.1900,  3, 693.31, 30.239999999997963
230018, 32886.6900,  3, 631.65, 31.760000000002037
230077, 32893.0200,  3, 688.21, 38.080000000001746
230112, 32896.7700,  3, 710.98, 41.81999999999971
230215, 32922.1200,  1, -434.51, 10.92000000000553
230215, 32922.1200,  1, -451.80, 10.92000000000553
230342, 32935.7300,  3, 695.09, 24.42000000000553
230344, 32935.9400,  1, -405.59, 24.74000000000524
230344, 32935.9400,  1, -328.79, 24.74000000000524
230415, 32943.5500,  3, 661.69, 32.270000000004075
230420, 32944.0900,  3, 693.51, 32.87000000000262
230435, 32945.6900,  3, 634.60, 34.44000000000233
230639, 32981.9400,  3, 696.04, 21.74000000000524
230689, 32987.3000,  3, 689.18, 27.12000000000262
230734, 32992.1200,  3, 626.85, 31.87000000000262
230746, 32993.4100,  3, 650.58, 33.13999999999942
230767, 32995.6600,  3, 684.58, 35.41000000000349
230785, 32997.5900,  3, 724.80, 37.36000000000058
230798, 32998.9800,  3, 655.49, 38.720000000001164
230836, 33003.0500,  3, 598.48, 42.84000000000378
230968, 33031.6600,  1, -428.32, 14.060000000004948
230968, 33031.6600,  1, -400.22, 14.060000000004948
231075, 33043.1200,  3, 707.33, 25.44000000000233
231079, 33043.5500,  3, 667.15, 25.849999999998545
231110, 33046.8700,  3, 680.44, 29.200000000004366
231111, 33046.9800,  3, 703.67, 29.30000000000291
231117, 33047.6200,  3, 704.25, 29.970000000001164
231131, 33049.1200,  3, 701.60, 31.489999999997963
231374, 33089.6200,  3, 671.60, 25.860000000000582
231382, 33090.4800,  3, 704.53, 26.69000000000233
231383, 33090.5900,  3, 668.42, 26.860000000000582
231385, 33090.8000,  3, 689.56, 27.010000000002037
231390, 33091.3400,  3, 695.49, 27.639999999999418
231422, 33094.7700,  3, 676.90, 31.029999999998836
231462, 33099.0500,  3, 706.88, 35.330000000001746
231513, 33104.5200,  3, 652.05, 40.830000000001746
231687, 33137.4400,  1, -463.68, 18.529999999998836
231687, 33137.4400,  1, -380.63, 18.529999999998836
231688, 33137.5500,  1, -443.69, 18.639999999999418
231688, 33137.5500,  1, -408.26, 18.639999999999418
231713, 33140.2300,  1, -376.92, 21.31999999999971
231713, 33140.2300,  1, -420.33, 21.31999999999971
231893, 33159.5200,  3, 761.30, 40.549999999995634
231899, 33160.1600,  3, 652.55, 41.20999999999913
232010, 33186.3700,  1, -402.67, 11.780000000006112
232088, 33194.7300,  1, -403.20, 20.140000000006694
232088, 33194.7300,  1, -448.36, 20.140000000006694
232123, 33198.4800,  1, -453.77, 23.890000000006694
232130, 33199.2300,  3, 698.44, 24.60000000000582
232190, 33205.6600,  3, 641.02, 31.060000000004948
232232, 33210.1600,  3, 635.42, 35.53000000000611
232315, 33219.0500,  3, 606.34, 44.43000000000029
232404, 33243.2300,  1, -449.64, 9.430000000000291
232404, 33243.2300,  1, -461.11, 9.430000000000291
232598, 33264.0200,  3, 669.14, 30.159999999996217
232612, 33265.5200,  3, 687.33, 31.669999999998254
232620, 33266.3700,  3, 699.77, 32.479999999995925
232623, 33266.6900,  3, 668.75, 32.86999999999534
232635, 33267.9800,  3, 649.78, 34.06999999999971
232673, 33272.0500,  3, 603.53, 38.21999999999389
232818, 33302.0200,  1, -415.09, 15.430000000000291
232818, 33302.0200,  1, -404.65, 15.430000000000291
232943, 33315.4100,  3, 676.91, 28.770000000004075
232947, 33315.8400,  3, 692.18, 29.150000000001455
232979, 33319.2700,  3, 652.79, 32.580000000001746
232986, 33320.0200,  3, 693.87, 33.330000000001746
232987, 33320.1200,  3, 646.15, 33.51000000000204
233027, 33324.4100,  3, 677.44, 37.7100000000064
233152, 33352.2700,  1, -400.47, 13.299999999995634
233152, 33352.2700,  1, -419.66, 13.299999999995634
233164, 33353.5500,  1, -448.52, 14.580000000001746
233164, 33353.5500,  1, -399.83, 14.580000000001746
233225, 33360.0900,  1, -426.74, 21.119999999995343
233281, 33366.0900,  3, 746.93, 27.049999999995634
233334, 33371.7700,  3, 618.34, 32.779999999998836
233452, 33384.4100,  3, 723.84, 45.37999999999738
233543, 33409.6900,  1, -416.76, 9.639999999999418
233543, 33409.6900,  1, -470.57, 9.639999999999418
233581, 33413.7700,  1, -443.69, 13.719999999993888
233581, 33413.7700,  1, -376.93, 13.719999999993888
233593, 33415.0500,  1, -456.10, 15.0
233595, 33415.2700,  1, -458.99, 15.219999999993888
233595, 33415.2700,  1, -412.00, 15.219999999993888
233756, 33432.5200,  3, 696.40, 32.419999999998254
233832, 33455.9100,  1, -446.21, 8.040000000000873
233832, 33455.9100,  1, -445.83, 8.040000000000873
234014, 33475.4100,  1, -384.76, 27.540000000000873
234014, 33475.4100,  1, -385.21, 27.540000000000873
234035, 33477.6600,  3, 620.02, 29.729999999995925
234072, 33481.6200,  3, 647.13, 33.71999999999389
234080, 33482.4800,  3, 676.56, 34.549999999995634
234091, 33483.6600,  3, 750.34, 35.779999999998836
234278, 33518.2300,  1, -396.87, 19.92000000000553
234278, 33518.2300,  1, -379.77, 19.92000000000553
234333, 33524.1200,  3, 719.39, 25.770000000004075
234344, 33525.3000,  3, 673.38, 26.910000000003492
234374, 33528.5200,  3, 662.61, 30.12000000000262
234384, 33529.5900,  3, 699.14, 31.25
234453, 33536.9800,  3, 664.08, 38.56999999999971
234651, 33558.1900,  3, 708.99, 59.84000000000378
234787, 33587.2700,  1, -436.26, 14.479999999995925
234787, 33587.2700,  1, -368.63, 14.479999999995925
234789, 33587.4800,  1, -436.60, 14.690000000002328
234822, 33591.0200,  1, -465.55, 18.229999999995925
234822, 33591.0200,  1, -425.16, 18.229999999995925
234841, 33593.0500,  1, -416.36, 20.260000000002037
234964, 33606.2300,  3, 666.36, 33.33999999999651
234994, 33609.4400,  3, 639.09, 36.599999999998545
235081, 33633.2300,  1, -441.68, 9.210000000006403
235081, 33633.2300,  1, -464.86, 9.210000000006403
235280, 33654.5500,  3, 632.98, 30.5
235284, 33654.9800,  3, 656.33, 30.900000000001455
235319, 33658.7300,  3, 702.80, 34.60000000000582
235338, 33660.7700,  3, 654.16, 36.7300000000032
235362, 33663.3400,  3, 625.31, 39.2100000000064
235380, 33665.2700,  3, 726.35, 41.140000000006694
235522, 33694.9400,  1, -393.64, 15.12000000000262
235573, 33700.4100,  1, -470.33, 20.590000000003783
235573, 33700.4100,  1, -434.52, 20.590000000003783
235589, 33702.1200,  1, -419.41, 22.30000000000291
235589, 33702.1200,  1, -461.99, 22.30000000000291
235655, 33709.1900,  3, 671.72, 29.30000000000291
235675, 33711.3400,  3, 689.41, 31.459999999999127
235675, 33711.3400,  3, 650.65, 31.4800000000032
235790, 33738.0500,  1, -457.96, 12.220000000001164
235790, 33738.0500,  1, -455.67, 12.220000000001164
235826, 33741.9100,  1, -449.31, 16.080000000001746
235932, 33753.2700,  3, 682.77, 27.360000000000582
235942, 33754.3400,  3, 670.58, 28.470000000001164
235970, 33757.3400,  3, 624.08, 31.419999999998254
235978, 33758.1900,  3, 723.51, 32.29000000000087
236034, 33764.1900,  3, 660.16, 38.279999999998836
236120, 33788.9400,  1, -429.36, 9.10000000000582
236120, 33788.9400,  1, -447.16, 9.10000000000582
236263, 33804.2700,  3, 663.11, 24.42000000000553
236274, 33805.4400,  3, 693.76, 25.540000000000873
236307, 33808.9800,  3, 706.70, 29.030000000006112
236310, 33809.3000,  3, 680.14, 29.43000000000029
236375, 33816.2700,  3, 674.91, 36.38000000000466
236434, 33822.5900,  3, 670.07, 42.650000000001455
236597, 33854.2300,  1, -454.28, 17.37000000000262
236597, 33854.2300,  1, -415.13, 17.37000000000262
236682, 33863.3400,  3, 659.54, 26.44000000000233
236702, 33865.4800,  3, 677.79, 28.529999999998836
236714, 33866.7700,  3, 657.46, 29.80000000000291
236723, 33867.7300,  3, 649.11, 30.839999999996508
236748, 33870.4100,  3, 651.11, 33.470000000001164
236782, 33874.0500,  3, 676.86, 37.169999999998254
236918, 33903.1200,  1, -449.03, 14.470000000001164
236918, 33903.1200,  1, -437.03, 14.470000000001164
237005, 33912.4400,  3, 699.30, 23.689999999995052
237016, 33913.6200,  3, 674.58, 24.889999999999418
237040, 33916.1900,  3, 671.15, 27.470000000001164
237112, 33923.9100,  3, 657.75, 35.229999999995925
237114, 33924.1200,  3, 689.78, 35.44999999999709
237144, 33927.3400,  3, 697.41, 38.62999999999738
237246, 33953.4800,  1, -470.43, 10.819999999999709
237246, 33953.4800,  1, -448.26, 10.819999999999709
237359, 33965.5900,  3, 681.85, 22.89999999999418
237379, 33967.7300,  3, 684.81, 25.00999999999476
237407, 33970.7300,  3, 676.05, 27.989999999997963
237421, 33972.2300,  3, 685.05, 29.549999999995634
237429, 33973.0900,  3, 642.19, 30.419999999998254
237439, 33974.1600,  3, 665.89, 31.389999999999418
237573, 34002.8700,  1, -384.21, 14.240000000005239
237573, 34002.8700,  1, -487.26, 14.240000000005239
237582, 34003.8400,  1, -440.16, 15.209999999999127
237582, 34003.8400,  1, -399.02, 15.209999999999127
237664, 34012.6200,  1, -451.45, 23.99000000000524
237664, 34012.6200,  1, -347.97, 23.99000000000524
237700, 34016.4800,  3, 680.52, 27.830000000001746
237821, 34029.4400,  3, 653.65, 40.74000000000524
237953, 34058.1600,  1, -449.01, 14.060000000004948
237966, 34059.5500,  1, -399.30, 15.450000000004366
237966, 34059.5500,  1, -451.88, 15.450000000004366
238046, 34068.1200,  3, 662.85, 24.010000000002037
238067, 34070.3700,  3, 712.19, 26.239999999997963
238101, 34074.0200,  3, 681.31, 29.880000000004657
238122, 34076.2700,  3, 664.49, 32.080000000001746
238161, 34080.4400,  3, 683.54, 36.270000000004075
238262, 34105.7300,  1, -443.89, 10.720000000001164
238262, 34105.7300,  1, -458.77, 10.720000000001164
238338, 34113.8700,  1, -389.18, 18.860000000000582
238338, 34113.8700,  1, -365.42, 18.860000000000582
238459, 34126.8400,  3, 638.70, 31.75999999999476
238468, 34127.8000,  3, 643.37, 32.75
238508, 34132.0900,  3, 677.20, 37.05999999999767
238581, 34139.9100,  3, 678.54, 44.80999999999767
238689, 34165.8700,  1, -403.70, 11.480000000003201
238689, 34165.8700,  1, -417.16, 11.480000000003201
238811, 34178.9400,  3, 670.07, 24.459999999999127
238833, 34181.3000,  3, 685.32, 26.860000000000582
238855, 34183.6600,  3, 649.13, 29.239999999997963
238867, 34184.9400,  3, 689.85, 30.540000000000873
238872, 34185.4800,  3, 671.56, 30.989999999997963
238895, 34187.9400,  3, 677.12, 33.54000000000087
239041, 34217.8000,  1, -401.34, 15.540000000000873
239041, 34217.8000,  1, -473.43, 15.540000000000873
239119, 34226.1600,  3, 692.17, 23.849999999998545
239160, 34230.5500,  3, 673.19, 28.209999999999127
239186, 34233.3400,  3, 681.45, 31.00999999999476
239190, 34233.7700,  3, 662.85, 31.479999999995925
239222, 34237.1900,  3, 647.66, 34.87999999999738
239255, 34240.7300,  3, 706.85, 38.40999999999622
239378, 34268.1900,  1, -413.51, 13.060000000004948
239378, 34268.1900,  1, -403.55, 13.060000000004948
239419, 34272.5900,  1, -418.55, 17.459999999999127
239483, 34279.4400,  1, -419.65, 24.310000000004948
239491, 34280.3000,  3, 678.68, 25.160000000003492
239510, 34282.3400,  3, 660.49, 27.139999999999418
239567, 34288.4400,  3, 729.48, 33.25
239614, 34293.4800,  3, 640.31, 38.330000000001746
239733, 34321.5200,  1, -422.32, 12.64999999999418
239733, 34321.5200,  1, -417.98, 12.64999999999418
239773, 34325.8000,  1, -427.07, 16.93000000000029
239789, 34327.5200,  1, -388.07, 18.64999999999418
239899, 34339.3000,  3, 671.74, 30.419999999998254
239939, 34343.5900,  3, 647.61, 34.62999999999738
239952, 34344.9800,  3, 681.37, 36.05999999999767
239958, 34345.6200,  3, 692.81, 36.65999999999622
240068, 34371.9100,  1, -450.51, 11.700000000004366
240068, 34371.9100,  1, -452.83, 11.700000000004366
240114, 34376.8400,  1, -441.07, 16.62999999999738
240114, 34376.8400,  1, -384.67, 16.62999999999738
240164, 34382.1900,  1, -347.75, 21.9800000000032
240164, 34382.1900,  1, -328.11, 21.9800000000032
240263, 34392.8000,  3, 667.74, 32.55999999999767
240291, 34395.8000,  3, 717.55, 35.56999999999971
240406, 34423.3400,  1, -449.29, 12.229999999995925
240406, 34423.3400,  1, -378.62, 12.229999999995925
240430, 34425.9100,  1, -393.19, 14.80000000000291
240430, 34425.9100,  1, -407.00, 14.80000000000291
240533, 34436.9400,  3, 667.40, 25.739999999997963
240568, 34440.6900,  3, 644.13, 29.5
240641, 34448.5200,  3, 676.44, 37.38999999999942
240689, 34453.6600,  3, 676.25, 42.479999999995925
240757, 34475.5900,  1, -472.67, 7.189999999995052
240757, 34475.5900,  1, -458.39, 7.189999999995052
240861, 34486.7300,  1, -402.74, 18.330000000001746
240861, 34486.7300,  1, -453.81, 18.330000000001746
240928, 34493.9100,  3, 661.98, 25.44999999999709
240965, 34497.8700,  3, 678.43, 29.43000000000029
240994, 34500.9800,  3, 637.53, 32.549999999995634
241006, 34502.2700,  3, 664.27, 33.80999999999767
241157, 34533.9400,  1, -418.91, 16.080000000001746
241177, 34536.0900,  1, -434.81, 18.229999999995925
241177, 34536.0900,  1, -390.59, 18.229999999995925
241184, 34536.8400,  1, -421.66, 18.979999999995925
241184, 34536.8400,  1, -463.59, 18.979999999995925
241239, 34542.7300,  3, 683.62, 24.80999999999767
241272, 34546.2700,  3, 639.85, 28.389999999999418
241411, 34561.1600,  3, 675.62, 43.229999999995925
241499, 34584.9400,  1, -438.18, 9.319999999999709
241499, 34584.9400,  1, -431.47, 9.319999999999709
241532, 34588.4800,  1, -425.43, 12.860000000000582
241532, 34588.4800,  1, -426.73, 12.860000000000582
241587, 34594.3700,  1, -405.73, 18.75
241587, 34594.3700,  1, -391.95, 18.75
241677, 34604.0200,  3, 674.12, 28.360000000000582
241691, 34605.5200,  3, 663.47, 29.82999999999447
241859, 34638.6600,  1, -472.73, 17.890000000006694
241910, 34644.1200,  3, 666.82, 23.290000000000873
241918, 34644.9800,  3, 683.05, 24.200000000004366
241920, 34645.1900,  1, -376.21, 24.42000000000553
241920, 34645.1900,  1, -332.60, 24.42000000000553
241939, 34647.2300,  3, 690.48, 26.43000000000029
241949, 34648.3000,  3, 720.65, 27.44000000000233
241974, 34650.9800,  3, 724.84, 30.19000000000233
242070, 34675.5500,  1, -463.58, 10.17000000000553
242070, 34675.5500,  1, -457.05, 10.17000000000553
242214, 34690.9800,  3, 677.51, 25.56999999999971
242237, 34693.4400,  3, 695.17, 27.9800000000032
242242, 34693.9800,  1, -402.49, 28.60000000000582
242280, 34698.0500,  3, 671.96, 32.580000000001746
242297, 34699.8700,  3, 669.65, 34.4800000000032
242361, 34706.7300,  3, 769.70, 41.31000000000495
242517, 34737.8000,  1, -392.17, 16.60000000000582
242517, 34737.8000,  1, -444.39, 16.60000000000582
242610, 34747.7700,  3, 704.98, 26.540000000000873
242646, 34751.6200,  3, 614.33, 30.31999999999971
242647, 34751.7300,  3, 723.10, 30.520000000004075
242652, 34752.2700,  3, 609.95, 30.970000000001164
242675, 34754.7300,  3, 641.95, 33.49000000000524
242704, 34757.8400,  3, 769.13, 36.62000000000262
242832, 34786.1200,  1, -395.79, 13.610000000000582
242832, 34786.1200,  1, -404.30, 13.610000000000582
242871, 34790.3000,  1, -431.90, 17.790000000000873
242871, 34790.3000,  1, -429.22, 17.790000000000873
242978, 34801.7700,  3, 662.64, 29.159999999996217
242996, 34803.6900,  3, 630.36, 31.169999999998254
243059, 34810.4400,  3, 680.47, 37.82999999999447
243064, 34810.9800,  3, 637.99, 38.44999999999709
243199, 34840.8000,  1, -400.79, 14.360000000000582
243199, 34840.8000,  1, -423.77, 14.360000000000582
243230, 34844.1200,  1, -483.47, 17.68000000000029
243321, 34853.8700,  3, 637.03, 27.37999999999738
243355, 34857.5200,  3, 683.33, 31.029999999998836
243369, 34859.0200,  3, 677.79, 32.470000000001164
243418, 34864.2700,  3, 651.24, 37.720000000001164
243445, 34867.1600,  3, 694.09, 40.64999999999418
243602, 34898.3700,  1, -420.88, 16.720000000001164
243602, 34898.3700,  1, -408.24, 16.720000000001164
243648, 34903.3000,  3, 695.80, 21.580000000001746
243695, 34908.3400,  3, 662.56, 26.659999999996217
243704, 34909.3000,  3, 644.71, 27.549999999995634
243748, 34914.0200,  3, 678.76, 32.279999999998836
243756, 34914.8700,  3, 703.58, 33.19999999999709
243855, 34925.4800,  3, 633.15, 43.81999999999971
244014, 34956.6600,  1, -434.77, 16.94000000000233
244052, 34960.7300,  1, -467.97, 21.010000000002037
244052, 34960.7300,  1, -402.54, 21.010000000002037
244119, 34967.9100,  3, 658.38, 28.150000000001455
244158, 34972.0900,  3, 717.21, 32.299999999995634
244187, 34975.1900,  3, 639.28, 35.44000000000233
244310, 34988.3700,  3, 704.14, 48.55999999999767
244318, 34989.2300,  3, 618.95, 49.470000000001164
244437, 35016.4400,  1, -384.91, 12.650000000001455
244437, 35016.4400,  1, -447.78, 12.650000000001455
244480, 35021.0500,  1, -428.08, 17.260000000002037
244480, 35021.0500,  1, -426.50, 17.260000000002037
244569, 35030.5900,  3, 642.39, 26.75
244607, 35034.6600,  3, 663.97, 30.860000000000582
244685, 35043.0200,  3, 732.81, 39.169999999998254
244843, 35059.9400,  3, 634.83, 56.08999999999651
244966, 35087.5200,  1, -432.21, 13.069999999999709
244966, 35087.5200,  1, -432.54, 13.069999999999709
244993, 35090.4100,  1, -422.58, 15.960000000006403
244993, 35090.4100,  1, -400.91, 15.960000000006403
245082, 35099.9400,  3, 655.73, 25.4800000000032
245091, 35100.9100,  3, 700.10, 26.43000000000029
245118, 35103.8000,  3, 686.05, 29.31999999999971
245142, 35106.3700,  3, 609.91, 31.860000000000582
245345, 35142.5200,  1, -427.29, 21.64999999999418
245345, 35142.5200,  1, -441.72, 21.64999999999418
245371, 35145.3000,  3, 663.68, 24.37999999999738
245425, 35151.0900,  3, 649.35, 30.12999999999738
245447, 35153.4400,  3, 734.25, 32.549999999995634
245453, 35154.0900,  3, 641.19, 33.13999999999942
245468, 35155.6900,  3, 733.08, 34.729999999995925
245511, 35160.3000,  3, 712.33, 39.40999999999622
245625, 35186.9800,  1, -440.70, 12.10000000000582
245625, 35186.9800,  1, -432.13, 12.10000000000582
245706, 35195.6600,  1, -451.14, 20.780000000006112
245706, 35195.6600,  1, -384.30, 20.780000000006112
245737, 35198.9800,  3, 660.73, 24.060000000004948
245791, 35204.7700,  3, 639.71, 29.880000000004657
245798, 35205.5200,  3, 728.31, 30.55000000000291
245816, 35207.4400,  3, 648.55, 32.51000000000204
245956, 35236.9100,  1, -424.51, 14.900000000001455
245956, 35236.9100,  1, -392.61, 14.900000000001455
246048, 35246.7700,  3, 665.78, 24.650000000001455
246062, 35248.2700,  3, 695.17, 26.19999999999709
246082, 35250.4100,  3, 709.61, 28.299999999995634
246128, 35255.3400,  3, 681.31, 33.2699999999968
246197, 35262.7300,  3, 641.61, 40.68000000000029
246318, 35275.6900,  3, 751.65, 53.63999999999942
246489, 35310.0900,  1, -503.04, 18.219999999993888
246489, 35310.0900,  1, -394.12, 18.219999999993888
246501, 35311.3700,  1, -405.92, 19.5
246578, 35319.6200,  3, 694.20, 27.669999999998254
246583, 35320.1600,  3, 724.63, 28.19999999999709
246587, 35320.5900,  3, 734.78, 28.610000000000582
246605, 35322.5200,  3, 695.73, 30.56999999999971
246720, 35334.8400,  3, 641.82, 42.93999999999505
246902, 35369.2700,  1, -466.63, 19.389999999999418
246902, 35369.2700,  1, -428.06, 19.389999999999418
246939, 35373.2300,  3, 708.72, 23.280000000006112
246979, 35377.5200,  3, 663.43, 27.580000000001746
246990, 35378.6900,  3, 674.10, 28.770000000004075
247025, 35382.4400,  3, 675.19, 32.55000000000291
247054, 35385.5500,  3, 665.08, 35.59000000000378
247055, 35385.6600,  3, 644.68, 35.7300000000032
247249, 35420.9800,  1, -440.82, 20.69000000000233
247249, 35420.9800,  1, -492.07, 20.69000000000233
247333, 35429.9800,  3, 636.56, 29.669999999998254
247334, 35430.0900,  3, 665.76, 29.739999999997963
247364, 35433.3000,  3, 663.74, 32.90999999999622
247364, 35433.3000,  3, 722.19, 32.979999999995925
247427, 35440.0500,  3, 657.42, 39.69000000000233
247513, 35449.2700,  3, 700.31, 48.87999999999738
247641, 35477.4800,  1, -436.04, 13.610000000000582
247641, 35477.4800,  1, -417.16, 13.610000000000582
247687, 35482.4100,  1, -430.65, 18.540000000000873
247741, 35488.1900,  3, 684.83, 24.290000000000873
247837, 35498.4800,  3, 712.41, 34.57999999999447
247898, 35505.0200,  3, 675.29, 41.05999999999767
247961, 35511.7700,  3, 669.63, 47.88999999999942
248007, 35516.6900,  3, 613.06, 52.80999999999767
248147, 35546.0200,  1, -409.23, 14.909999999996217
248147, 35546.0200,  1, -429.81, 14.909999999996217
248268, 35558.9800,  3, 647.30, 27.760000000002037
248274, 35559.6200,  3, 742.79, 28.419999999998254
248294, 35561.7700,  3, 630.46, 30.56999999999971
248301, 35562.5200,  3, 722.29, 31.37999999999738
248311, 35563.5900,  3, 718.72, 32.470000000001164
248344, 35567.1200,  3, 673.94, 36.0
248522, 35600.4800,  1, -400.22, 18.970000000001164
248522, 35600.4800,  1, -476.42, 18.970000000001164
248600, 35608.8400,  3, 649.51, 27.299999999995634
248640, 35613.1200,  3, 632.11, 31.55999999999767
248650, 35614.1900,  3, 648.55, 32.62999999999738
248714, 35621.0500,  3, 662.57, 39.48999999999796
248749, 35624.8000,  3, 636.83, 43.229999999995925
248883, 35639.1600,  3, 620.21, 57.62999999999738
248975, 35663.3700,  1, -447.73, 9.770000000004075
248975, 35663.3700,  1, -457.27, 9.770000000004075
249089, 35675.5900,  1, -482.25, 21.989999999997963
249089, 35675.5900,  1, -394.27, 21.989999999997963
249133, 35680.3000,  3, 664.95, 26.669999999998254
249171, 35684.3700,  3, 664.83, 30.669999999998254
249224, 35690.0500,  3, 695.35, 36.419999999998254
249259, 35693.8000,  3, 657.03, 40.16000000000349
249431, 35727.0200,  1, -417.94, 18.339999999996508
249431, 35727.0200,  1, -407.94, 18.339999999996508
249454, 35729.4800,  1, -483.61, 20.80000000000291
249471, 35731.3000,  3, 661.75, 22.56999999999971
249484, 35732.6900,  3, 676.69, 23.94000000000233
249516, 35736.1200,  3, 696.47, 27.400000000001455
249532, 35737.8400,  3, 695.60, 29.12000000000262
249550, 35739.7700,  3, 619.79, 31.010000000002037
249686, 35768.6600,  1, -422.24, 14.460000000006403
249686, 35768.6600,  1, -419.08, 14.460000000006403
249692, 35769.3000,  1, -420.73, 15.10000000000582
249692, 35769.3000,  1, -406.56, 15.10000000000582
249738, 35774.2300,  1, -395.45, 20.030000000006112
249738, 35774.2300,  1, -481.71, 20.030000000006112
249868, 35788.1600,  3, 698.99, 33.950000000004366
250485, 35854.2700,  2, 163.10, 100
250589, 35879.7300,  1, -416.40, 10.940000000002328
250589, 35879.7300,  1, -466.59, 10.940000000002328
250649, 35886.1600,  1, -402.24, 17.37000000000262
250649, 35886.1600,  1, -456.90, 17.37000000000262
250650, 35886.2700,  1, -448.56, 17.479999999995925
250803, 35902.6600,  3, 677.29, 33.779999999998836
250835, 35906.0900,  3, 671.96, 37.26000000000204
250907, 35913.8000,  3, 659.27, 44.900000000001455
251024, 35941.1200,  1, -416.04, 12.440000000002328
251024, 35941.1200,  1, -419.27, 12.440000000002328
251068, 35945.8400,  1, -423.41, 17.159999999996217
251068, 35945.8400,  1, -455.46, 17.159999999996217
251125, 35951.9400,  3, 693.24, 23.2300000000032
251209, 35960.9400,  3, 674.12, 32.19999999999709
251221, 35962.2300,  3, 681.01, 33.529999999998836
251225, 35962.6600,  3, 600.99, 33.900000000001455
251367, 35992.5900,  1, -493.76, 15.119999999995343
251438, 36000.1900,  3, 687.97, 22.639999999999418
251494, 36006.1900,  3, 655.72, 28.639999999999418
251510, 36007.9100,  3, 674.43, 30.349999999998545
251527, 36009.7300,  3, 671.84, 32.15999999999622
251540, 36011.1200,  3, 642.15, 33.61999999999534
251565, 36013.8000,  3, 628.51, 36.229999999995925
251670, 36025.0500,  3, 720.24, 47.479999999995925
251815, 36055.9400,  1, -423.99, 15.440000000002328
251815, 36055.9400,  1, -467.38, 15.440000000002328
251821, 36056.5900,  1, -458.15, 16.089999999996508
251821, 36056.5900,  1, -399.56, 16.089999999996508
251882, 36063.1200,  3, 688.01, 22.580000000001746
251935, 36068.8000,  3, 716.70, 28.290000000000873
251946, 36069.9800,  3, 708.40, 29.419999999998254
251991, 36074.8000,  3, 645.08, 34.19999999999709
252116, 36103.5500,  1, -436.55, 13.280000000006112
252116, 36103.5500,  1, -418.61, 13.280000000006112
252210, 36113.6200,  3, 685.87, 23.340000000003783
252217, 36114.3700,  3, 616.11, 24.040000000000873
252231, 36115.8700,  3, 674.51, 25.510000000002037
252271, 36120.1600,  3, 683.11, 29.87000000000262
252306, 36123.9100,  3, 644.23, 33.580000000001746
252416, 36135.6900,  3, 722.65, 45.330000000001746
252645, 36174.3700,  3, 717.72, 24.400000000001455
252676, 36177.6900,  3, 667.79, 27.74000000000524
252721, 36182.5200,  1, -429.58, 32.599999999998545
252721, 36182.5200,  1, -387.98, 32.599999999998545
252770, 36187.7700,  3, 698.53, 37.81999999999971
252772, 36187.9800,  3, 654.64, 37.99000000000524
252791, 36190.0200,  3, 727.22, 40.05000000000291
252796, 36190.5500,  3, 647.52, 40.56999999999971
252958, 36222.3000,  1, -475.36, 17.25
252958, 36222.3000,  1, -413.23, 17.25
253012, 36228.0900,  3, 719.68, 22.959999999999127
253043, 36231.4100,  3, 694.67, 26.289999999993597
253077, 36235.0500,  3, 668.83, 29.969999999993888
253083, 36235.6900,  3, 629.49, 30.549999999995634
253114, 36239.0200,  3, 687.70, 33.86000000000058
253130, 36240.7300,  3, 693.89, 35.63999999999942
253267, 36269.5900,  1, -447.50, 14.57999999999447
253267, 36269.5900,  1, -449.37, 14.57999999999447
253384, 36282.1200,  3, 641.90, 27.06999999999971
253409, 36284.8000,  3, 718.84, 29.709999999999127
253425, 36286.5200,  3, 619.14, 31.479999999995925
253426, 36286.6200,  3, 626.81, 31.599999999998545
253432, 36287.2700,  3, 654.20, 32.169999999998254
253483, 36292.7300,  3, 638.80, 37.669999999998254
253628, 36322.4400,  1, -391.03, 15.440000000002328
253753, 36335.8400,  3, 685.73, 28.739999999997963
253756, 36336.1600,  3, 658.79, 29.099999999998545
253757, 36336.2700,  3, 650.54, 29.19000000000233
253817, 36342.6900,  3, 639.75, 35.650000000001455
253834, 36344.5200,  3, 674.29, 37.5
253836, 36344.7300,  3, 676.97, 37.68000000000029
253867, 36348.0500,  3, 734.83, 40.94999999999709
254002, 36376.9100,  1, -405.02, 14.380000000004657
254002, 36376.9100,  1, -422.84, 14.380000000004657
254012, 36377.9800,  1, -431.65, 15.450000000004366
254045, 36381.5200,  1, -424.95, 18.989999999997963
254045, 36381.5200,  1, -418.89, 18.989999999997963
254115, 36389.0200,  1, -435.37, 26.489999999997963
254115, 36389.0200,  1, -472.15, 26.489999999997963
254179, 36395.8700,  3, 692.09, 33.31999999999971
254258, 36418.6600,  1, -442.47, 8.380000000004657
254258, 36418.6600,  1, -438.80, 8.380000000004657
254365, 36430.1200,  1, -409.28, 19.840000000003783
254409, 36434.8400,  3, 677.15, 24.529999999998836
254482, 36442.6600,  3, 618.76, 32.37000000000262
254484, 36442.8700,  3, 659.11, 32.529999999998836
254536, 36448.4400,  3, 640.89, 38.099999999998545
254559, 36450.9100,  3, 666.74, 40.55999999999767
254733, 36483.9800,  1, -428.41, 18.55000000000291
254733, 36483.9800,  1, -396.66, 18.55000000000291
254843, 36495.7700,  3, 678.24, 30.30000000000291
254861, 36497.6900,  3, 672.73, 32.18000000000029
254888, 36500.5900,  1, -409.76, 35.15999999999622
254888, 36500.5900,  1, -297.66, 35.15999999999622
254892, 36501.0200,  3, 704.70, 35.529999999998836
254923, 36504.3400,  3, 670.66, 38.83999999999651
255080, 36535.4400,  1, -393.87, 16.709999999999127
255080, 36535.4400,  1, -416.62, 16.709999999999127
255086, 36536.0900,  1, -417.81, 17.359999999993306
255086, 36536.0900,  1, -423.84, 17.359999999993306
255086, 36536.0900,  1, -411.41, 17.359999999993306
255200, 36548.3000,  3, 691.05, 29.489999999997963
255243, 36552.9100,  3, 664.19, 34.14999999999418
255304, 36559.4400,  3, 622.32, 40.69999999999709
255441, 36588.7700,  1, -433.48, 14.569999999999709
255441, 36588.7700,  1, -409.24, 14.569999999999709
255454, 36590.1600,  1, -427.55, 15.960000000006403
255454, 36590.1600,  1, -462.07, 15.960000000006403
255499, 36594.9800,  1, -408.45, 20.780000000006112
255555, 36600.9800,  3, 653.35, 26.770000000004075
255634, 36609.4400,  3, 684.24, 35.2300000000032
255655, 36611.6900,  3, 680.71, 37.41000000000349
255748, 36636.9400,  1, -442.70, 9.87000000000262
255748, 36636.9400,  1, -431.48, 9.87000000000262
255913, 36654.6200,  3, 672.48, 27.5199999999968
255918, 36655.1600,  3, 628.39, 28.029999999998836
255937, 36657.1900,  3, 679.52, 30.029999999998836
255939, 36657.4100,  3, 649.50, 30.279999999998836
256048, 36669.0900,  3, 666.62, 41.9800000000032
256102, 36674.8700,  3, 655.01, 47.73999999999796
256270, 36707.1600,  1, -483.73, 17.900000000001455
256386, 36719.5900,  3, 679.66, 30.290000000000873
256388, 36719.8000,  3, 657.90, 30.5
256392, 36720.2300,  3, 656.13, 30.93000000000029
256395, 36720.5500,  3, 684.51, 31.25999999999476
256416, 36722.8000,  3, 706.90, 33.5199999999968
256444, 36725.8000,  3, 744.98, 36.479999999995925
256490, 36730.7300,  3, 614.65, 41.38999999999942
256574, 36754.9400,  1, -449.59, 8.889999999999418
256574, 36754.9400,  1, -465.01, 8.889999999999418
256578, 36755.3700,  1, -440.38, 9.319999999999709
256578, 36755.3700,  1, -419.88, 9.319999999999709
256794, 36778.5200,  3, 654.74, 32.37999999999738
256799, 36779.0500,  3, 668.79, 32.93999999999505
256800, 36779.1600,  3, 667.32, 33.07999999999447
256801, 36779.2700,  3, 671.71, 33.20999999999913
256950, 36810.6900,  1, -402.54, 15.860000000000582
256950, 36810.6900,  1, -413.68, 15.860000000000582
257058, 36822.2700,  3, 676.27, 27.43000000000029
257108, 36827.6200,  3, 710.57, 32.7699999999968
257143, 36831.3700,  3, 678.79, 36.50999999999476
257150, 36832.1200,  3, 636.51, 37.23999999999796
257158, 36832.9800,  3, 691.29, 38.13999999999942
257168, 36834.0500,  3, 622.18, 39.11000000000058
257279, 36860.4100,  1, -431.98, 11.810000000004948
257279, 36860.4100,  1, -463.39, 11.810000000004948
257290, 36861.5900,  1, -436.36, 12.989999999997963
257290, 36861.5900,  1, -413.77, 12.989999999997963
257442, 36877.8700,  3, 642.54, 29.260000000002037
257454, 36879.1600,  3, 670.84, 30.520000000004075
257456, 36879.3700,  3, 678.93, 30.7300000000032
257484, 36882.3700,  3, 704.06, 33.75
257568, 36905.6900,  1, -478.66, 8.910000000003492
257568, 36905.6900,  1, -428.52, 8.910000000003492
257673, 36916.9400,  1, -449.27, 20.160000000003492
257688, 36918.5500,  3, 688.16, 21.700000000004366
257754, 36925.6200,  3, 687.35, 28.81999999999971
257768, 36927.1200,  3, 708.02, 30.239999999997963
257804, 36930.9800,  3, 638.86, 34.16000000000349
257915, 36942.8700,  3, 655.79, 46.029999999998836
258022, 36968.8400,  1, -437.10, 11.369999999995343
258022, 36968.8400,  1, -423.03, 11.369999999995343
258136, 36981.0500,  3, 685.08, 23.479999999995925
258151, 36982.6600,  3, 682.70, 25.119999999995343
258173, 36985.0200,  3, 699.27, 27.5
258229, 36991.0200,  3, 707.47, 33.5199999999968
258281, 36996.5900,  3, 639.81, 39.049999999995634
258351, 37004.0900,  3, 657.71, 46.61000000000058
258429, 37026.6200,  1, -431.57, 8.270000000004075
258429, 37026.6200,  1, -458.95, 8.270000000004075
258508, 37035.0900,  1, -367.40, 16.739999999997963
258508, 37035.0900,  1, -381.36, 16.739999999997963
258589, 37043.7700,  3, 709.37, 25.31999999999971
258667, 37052.1200,  3, 672.72, 33.75
258675, 37052.9800,  3, 681.11, 34.580000000001746
258725, 37058.3400,  1, -477.71, 39.98999999999796
258811, 37082.0500,  1, -444.88, 9.0
258811, 37082.0500,  1, -477.10, 9.0
258885, 37089.9800,  1, -415.62, 16.93000000000029
258885, 37089.9800,  1, -428.53, 16.93000000000029
258956, 37097.5900,  3, 672.62, 24.439999999995052
259007, 37103.0500,  3, 724.69, 29.919999999998254
259042, 37106.8000,  3, 643.81, 33.70999999999913
259056, 37108.3000,  3, 684.57, 35.14999999999418
259185, 37136.5200,  1, -376.23, 13.719999999993888
259185, 37136.5200,  1, -454.73, 13.719999999993888
259195, 37137.5900,  1, -477.58, 14.789999999993597
259195, 37137.5900,  1, -466.18, 14.789999999993597
259202, 37138.3400,  1, -416.04, 15.539999999993597
259205, 37138.6600,  1, -388.68, 15.860000000000582
259223, 37140.5900,  1, -421.14, 17.789999999993597
259330, 37152.0500,  3, 657.21, 29.14999999999418
259546, 37189.2300,  3, 642.20, 23.040000000000873
259582, 37193.0900,  3, 736.76, 26.860000000000582
259594, 37194.3700,  3, 672.57, 28.099999999998545
259599, 37194.9100,  3, 662.94, 28.62999999999738
259653, 37200.6900,  3, 712.41, 34.419999999998254
259656, 37201.0200,  3, 717.29, 34.779999999998836
259656, 37201.0200,  3, 615.78, 34.779999999998836
259658, 37201.2300,  3, 691.97, 35.04000000000087
259731, 37223.5900,  1, -473.22, 7.719999999993888
259731, 37223.5900,  1, -458.56, 7.719999999993888
259827, 37233.8700,  1, -425.44, 18.0
259827, 37233.8700,  1, -444.83, 18.0
259898, 37241.4800,  3, 689.75, 25.50999999999476
259935, 37245.4400,  3, 702.94, 29.50999999999476
259954, 37247.4800,  3, 669.44, 31.5199999999968
259974, 37249.6200,  3, 631.78, 33.669999999998254
260211, 37289.5500,  3, 674.68, 25.220000000001164
260269, 37295.7700,  3, 724.51, 31.479999999995925
260283, 37297.2700,  3, 667.56, 33.0
260296, 37298.6600,  3, 651.77, 34.33999999999651
260299, 37298.9800,  3, 626.72, 34.650000000001455
260304, 37299.5200,  3, 638.67, 35.23999999999796
260308, 37299.9400,  3, 637.90, 35.61999999999534
260317, 37300.9100,  3, 679.80, 36.58999999999651
260506, 37335.5500,  1, -439.40, 20.150000000001455
260544, 37339.6200,  3, 701.05, 24.169999999998254
260580, 37343.4800,  3, 629.70, 28.06999999999971
260603, 37345.9400,  3, 651.91, 30.479999999995925
260616, 37347.3400,  3, 668.21, 31.909999999996217
260676, 37353.7700,  3, 668.72, 38.299999999995634
260678, 37353.9800,  3, 713.20, 38.51000000000204
260733, 37359.8700,  3, 745.93, 44.419999999998254
260837, 37385.1900,  1, -415.58, 11.040000000000873
260837, 37385.1900,  1, -403.57, 11.040000000000873
260954, 37397.7300,  3, 650.93, 23.470000000001164
260984, 37400.9400,  3, 706.88, 26.709999999999127
260986, 37401.1600,  3, 648.76, 27.0
261008, 37403.5200,  3, 740.47, 29.339999999996508
261046, 37407.5900,  3, 680.33, 33.36999999999534
261100, 37413.3700,  3, 672.22, 39.150000000001455
261212, 37440.6200,  1, -449.62, 11.900000000001455
261212, 37440.6200,  1, -394.90, 11.900000000001455
261216, 37441.0500,  1, -423.44, 12.330000000001746
261216, 37441.0500,  1, -430.52, 12.330000000001746
261320, 37452.1900,  3, 677.26, 23.43000000000029
261367, 37457.2300,  3, 704.44, 28.5
261426, 37463.5500,  3, 658.35, 34.80999999999767
261432, 37464.1900,  3, 634.68, 35.400000000001455
261544, 37490.7700,  1, -484.95, 11.89999999999418
261544, 37490.7700,  1, -457.99, 11.89999999999418
261678, 37505.1200,  3, 698.95, 26.219999999993888
261696, 37507.0500,  3, 699.35, 28.169999999998254
261732, 37510.9100,  3, 702.82, 32.029999999998836
261766, 37514.5500,  3, 673.36, 35.61000000000058
261768, 37514.7700,  3, 715.30, 35.87999999999738
261768, 37514.7700,  3, 634.21, 35.82999999999447
261907, 37543.9400,  1, -412.54, 14.80000000000291
261907, 37543.9400,  1, -409.65, 14.80000000000291
262041, 37558.3000,  3, 662.19, 29.12999999999738
262052, 37559.4800,  3, 730.64, 30.30000000000291
262070, 37561.4100,  3, 695.20, 32.2300000000032
262100, 37564.6200,  3, 643.80, 35.38999999999942
262122, 37566.9800,  3, 749.17, 37.75
262178, 37572.9800,  3, 703.67, 43.81999999999971
262277, 37597.9100,  1, -477.79, 10.520000000004075
262277, 37597.9100,  1, -435.50, 10.520000000004075
262362, 37607.0200,  1, -419.47, 19.62999999999738
262392, 37610.2300,  3, 673.73, 22.779999999998836
262428, 37614.0900,  3, 673.54, 26.610000000000582
262458, 37617.3000,  3, 695.22, 29.80999999999767
262521, 37624.0500,  3, 682.82, 36.56999999999971
262570, 37629.3000,  1, -466.96, 41.91000000000349
262651, 37652.4800,  1, -475.59, 8.480000000003201
262651, 37652.4800,  1, -449.64, 8.480000000003201
262867, 37675.6200,  3, 670.02, 31.599999999998545
262877, 37676.6900,  3, 760.13, 32.58999999999651
262878, 37676.8000,  3, 698.84, 32.69000000000233
262918, 37681.0900,  3, 662.96, 37.06999999999971
262924, 37681.7300,  3, 748.60, 37.68000000000029
262964, 37686.0200,  3, 619.94, 41.98999999999796
263108, 37716.8400,  1, -377.43, 15.319999999999709
263108, 37716.8400,  1, -415.50, 15.319999999999709
263176, 37724.1200,  3, 702.98, 22.580000000001746
263213, 37728.0900,  3, 669.73, 26.4800000000032
263217, 37728.5200,  3, 664.26, 26.970000000001164
263234, 37730.3400,  3, 692.31, 28.74000000000524
263236, 37730.5500,  3, 710.47, 28.94000000000233
263250, 37732.0500,  3, 660.05, 30.44000000000233
263377, 37760.1600,  1, -422.32, 13.5
263377, 37760.1600,  1, -481.69, 13.5
263399, 37762.5200,  1, -423.24, 15.859999999993306
263399, 37762.5200,  1, -435.03, 15.859999999993306
263521, 37775.5900,  3, 715.59, 28.919999999998254
263524, 37775.9100,  3, 711.71, 29.159999999996217
263525, 37776.0200,  3, 713.75, 29.30999999999767
263653, 37789.7300,  3, 619.84, 43.029999999998836
263815, 37821.5200,  1, -466.36, 17.25
263815, 37821.5200,  1, -415.37, 17.25
263939, 37834.8000,  3, 688.12, 30.5
263947, 37835.6600,  3, 715.38, 31.31999999999971
263954, 37836.4100,  3, 658.28, 32.03000000000611
263975, 37838.6600,  3, 730.17, 34.31000000000495
263976, 37838.7700,  3, 726.60, 34.49000000000524
264072, 37849.0500,  3, 653.60, 44.7100000000064
264187, 37876.7300,  1, -442.92, 12.230000000003201
264187, 37876.7300,  1, -399.13, 12.230000000003201
264244, 37882.8400,  1, -468.71, 18.339999999996508
264293, 37888.0900,  3, 660.92, 23.510000000002037
264301, 37888.9400,  1, -412.46, 24.44000000000233
264301, 37888.9400,  1, -474.06, 24.44000000000233
264325, 37891.5200,  3, 697.03, 26.959999999999127
264346, 37893.7700,  3, 646.34, 29.220000000001164
264479, 37922.3400,  1, -420.67, 14.169999999998254
264479, 37922.3400,  1, -409.41, 14.169999999998254
264495, 37924.0500,  1, -440.99, 15.880000000004657
264495, 37924.0500,  1, -432.53, 15.880000000004657
264635, 37939.0500,  3, 718.98, 30.840000000003783
264640, 37939.5900,  3, 681.94, 31.310000000004948
264710, 37947.0900,  3, 640.45, 38.91000000000349
264722, 37948.3700,  3, 617.83, 40.169999999998254
264807, 37971.9400,  1, -422.29, 8.990000000005239
264807, 37971.9400,  1, -412.45, 8.990000000005239
264917, 37983.7300,  1, -394.40, 20.780000000006112
264998, 37992.4100,  3, 690.96, 29.410000000003492
265016, 37994.3400,  3, 709.13, 31.280000000006112
265032, 37996.0500,  3, 660.16, 33.06999999999971
265111, 38004.5200,  3, 742.45, 41.54000000000087
265145, 38008.1600,  3, 743.61, 45.17000000000553
265284, 38037.4800,  1, -437.86, 14.790000000000873
265284, 38037.4800,  1, -386.05, 14.790000000000873
265400, 38049.9100,  3, 660.93, 27.18000000000029
265408, 38050.7700,  3, 696.02, 27.979999999995925
265428, 38052.9100,  3, 702.57, 30.189999999995052
265434, 38053.5500,  3, 699.30, 30.779999999998836
265514, 38062.1200,  3, 620.00, 39.419999999998254
265544, 38065.3400,  3, 581.45, 42.54000000000087
265777, 38104.6900,  3, 663.65, 24.840000000003783
265804, 38107.5900,  3, 683.09, 27.660000000003492
265825, 38109.8400,  3, 642.16, 29.99000000000524
265862, 38113.8000,  3, 677.61, 33.93000000000029
265867, 38114.3400,  3, 757.70, 34.49000000000524
265873, 38114.9800,  3, 723.34, 35.05000000000291
265887, 38116.4800,  3, 671.16, 36.61000000000058
265918, 38119.8000,  3, 709.05, 39.92000000000553
266024, 38145.6600,  1, -431.22, 11.260000000002037
266024, 38145.6600,  1, -476.18, 11.260000000002037
266067, 38150.2700,  1, -426.42, 15.869999999995343
266067, 38150.2700,  1, -412.46, 15.869999999995343
266171, 38161.4100,  3, 682.26, 26.939999999995052
266199, 38164.4100,  3, 735.78, 29.900000000001455
266236, 38168.3700,  3, 741.42, 33.94999999999709
266381, 38183.9100,  3, 640.64, 49.40999999999622
266503, 38211.3000,  1, -436.33, 12.980000000003201
266503, 38211.3000,  1, -408.61, 12.980000000003201
266561, 38217.5200,  1, -443.86, 19.19999999999709
266564, 38217.8400,  1, -467.68, 19.5199999999968
266630, 38224.9100,  3, 651.90, 26.56999999999971
266642, 38226.1900,  3, 690.90, 27.840000000003783
266714, 38233.9100,  1, -363.86, 35.59000000000378
266728, 38235.4100,  3, 679.30, 36.9800000000032
266883, 38266.5200,  1, -502.58, 16.5199999999968
266883, 38266.5200,  1, -368.26, 16.5199999999968
266900, 38268.3400,  1, -418.71, 18.339999999996508
266984, 38277.3400,  3, 662.54, 27.279999999998836
266990, 38277.9800,  3, 653.28, 27.93000000000029
267029, 38282.1600,  3, 670.64, 32.150000000001455
267032, 38282.4800,  3, 763.10, 32.419999999998254
267038, 38283.1200,  3, 715.00, 33.11000000000058
267263, 38322.4400,  3, 645.89, 23.959999999999127
267285, 38324.8000,  3, 703.58, 26.31999999999971
267286, 38324.9100,  3, 667.75, 26.419999999998254
267286, 38324.9100,  3, 693.50, 26.409999999996217
267308, 38327.2700,  3, 743.76, 28.81999999999971
267309, 38327.3700,  3, 658.54, 28.909999999996217
267408, 38337.9800,  3, 652.73, 39.529999999998836
267591, 38357.5900,  3, 627.07, 59.11000000000058
267714, 38385.1200,  1, -430.64, 13.12000000000262
267714, 38385.1200,  1, -438.40, 13.12000000000262
267765, 38390.5900,  1, -466.31, 18.589999999996508
267878, 38402.6900,  3, 660.46, 30.599999999998545
267909, 38406.0200,  3, 697.36, 34.0
267947, 38410.0900,  3, 701.02, 38.029999999998836
267982, 38413.8400,  3, 662.99, 41.81999999999971
268060, 38422.1900,  3, 714.74, 50.13999999999942
268317, 38464.0200,  3, 645.19, 27.339999999996508
268325, 38464.8700,  3, 711.84, 28.189999999995052
268326, 38464.9800,  3, 669.70, 28.299999999995634
268329, 38465.3000,  3, 652.56, 28.619999999995343
268338, 38466.2700,  3, 689.52, 29.68000000000029
268361, 38468.7300,  3, 696.50, 32.06999999999971
268367, 38469.3700,  3, 634.50, 32.69999999999709
268379, 38470.6600,  3, 776.65, 34.04000000000087
268499, 38497.9400,  1, -475.13, 12.75
268499, 38497.9400,  1, -406.33, 12.75
268506, 38498.6900,  1, -438.41, 13.5
268506, 38498.6900,  1, -383.67, 13.5
268532, 38501.4800,  1, -375.52, 16.290000000000873
268532, 38501.4800,  1, -466.78, 16.290000000000873
268587, 38507.3700,  3, 664.47, 22.099999999998545
268640, 38513.0500,  3, 664.99, 27.75
268820, 38546.9800,  1, -414.35, 19.18000000000029
268893, 38554.8000,  3, 681.99, 26.979999999995925
268907, 38556.3000,  3, 667.38, 28.469999999993888
268917, 38557.3700,  1, -376.98, 29.56999999999971
268917, 38557.3700,  1, -403.70, 29.56999999999971
268938, 38559.6200,  3, 657.21, 31.75
268953, 38561.2300,  3, 683.18, 33.36000000000058
268980, 38564.1200,  3, 686.42, 36.25
269064, 38587.5200,  1, -456.83, 8.889999999999418
269064, 38587.5200,  1, -437.40, 8.889999999999418
269225, 38604.7700,  3, 695.82, 26.130000000004657
269236, 38605.9400,  3, 700.89, 27.270000000004075
269247, 38607.1200,  3, 644.66, 28.459999999999127
269278, 38610.4400,  3, 690.46, 31.770000000004075
269281, 38610.7700,  3, 737.98, 32.10000000000582
269300, 38612.8000,  3, 723.37, 34.10000000000582
269546, 38654.5500,  3, 639.91, 26.19000000000233
269569, 38657.0200,  3, 651.79, 28.669999999998254
269600, 38660.3400,  1, -330.92, 32.049999999995634
269600, 38660.3400,  1, -448.92, 32.049999999995634
269610, 38661.4100,  3, 668.18, 33.01000000000204
269640, 38664.6200,  3, 674.72, 36.25
269653, 38666.0200,  3, 692.55, 37.65999999999622
269690, 38669.9800,  3, 620.70, 41.599999999998545
269869, 38703.4800,  1, -397.85, 19.06999999999971
269871, 38703.6900,  1, -408.09, 19.279999999998836
269871, 38703.6900,  1, -406.86, 19.279999999998836
269936, 38710.6600,  3, 666.80, 26.239999999997963
269970, 38714.3000,  3, 692.72, 29.80999999999767
270000, 38717.5200,  3, 685.34, 33.099999999998545
270041, 38721.9100,  3, 668.60, 37.38999999999942
270093, 38727.4800,  3, 665.07, 42.96999999999389
270231, 38757.3400,  1, -377.82, 14.689999999995052
270231, 38757.3400,  1, -393.11, 14.689999999995052
270321, 38766.9800,  3, 717.51, 24.229999999995925
270343, 38769.3400,  3, 677.37, 26.619999999995343
270373, 38772.5500,  3, 668.55, 29.839999999996508
270380, 38773.3000,  3, 705.72, 30.610000000000582
270419, 38777.4800,  3, 704.24, 34.81999999999971
270426, 38778.2300,  3, 638.18, 35.549999999995634
270592, 38810.7700,  1, -426.98, 17.689999999995052
270592, 38810.7700,  1, -407.06, 17.689999999995052
270674, 38819.5500,  3, 665.24, 26.400000000001455
270700, 38822.3400,  3, 708.82, 29.19999999999709
270722, 38824.6900,  3, 715.13, 31.529999999998836
270730, 38825.5500,  3, 720.71, 32.43999999999505
270731, 38825.6600,  3, 708.56, 32.5199999999968
270731, 38825.6600,  3, 697.48, 32.50999999999476
270893, 38857.5500,  1, -412.88, 17.25
270893, 38857.5500,  1, -422.93, 17.25
270986, 38867.5200,  3, 661.39, 27.12999999999738
270988, 38867.7300,  3, 689.31, 27.409999999996217
270991, 38868.0500,  3, 698.35, 27.719999999993888
271001, 38869.1200,  3, 692.09, 28.739999999997963
271079, 38877.4800,  3, 715.58, 37.13999999999942
271220, 38892.5900,  3, 654.57, 52.18999999999505
271307, 38916.2700,  1, -436.95, 9.229999999995925
271307, 38916.2700,  1, -440.90, 9.229999999995925
271372, 38923.2300,  1, -426.71, 16.19000000000233
271372, 38923.2300,  1, -442.92, 16.19000000000233
271492, 38936.0900,  3, 694.40, 29.040000000000873
271499, 38936.8400,  3, 671.42, 29.790000000000873
271528, 38939.9400,  3, 728.86, 32.849999999998545
271621, 38949.9100,  3, 647.27, 42.849999999998545
271743, 38977.3700,  1, -430.46, 12.980000000003201
271743, 38977.3700,  1, -393.56, 12.980000000003201
271789, 38982.3000,  1, -371.17, 17.910000000003492
271908, 38995.0500,  3, 696.32, 30.590000000003783
271909, 38995.1600,  3, 703.69, 30.69000000000233
271920, 38996.3400,  3, 707.35, 31.860000000000582
271935, 38997.9400,  3, 681.08, 33.4800000000032
271955, 39000.0900,  3, 730.58, 35.62999999999738
272112, 39031.0200,  1, -457.65, 16.709999999999127
272112, 39031.0200,  1, -485.81, 16.709999999999127
272173, 39037.5500,  1, -370.46, 23.24000000000524
272254, 39046.2300,  3, 706.80, 31.910000000003492
272314, 39052.6600,  3, 617.27, 38.330000000001746
272356, 39057.1600,  3, 614.53, 42.81999999999971
272387, 39060.4800,  3, 649.82, 46.11000000000058
272455, 39067.7700,  3, 614.49, 53.38000000000466
272660, 39103.9800,  1, -429.02, 21.87000000000262
272660, 39103.9800,  1, -418.87, 21.87000000000262
272678, 39105.9100,  3, 685.25, 23.75
272686, 39106.7700,  3, 676.03, 24.62000000000262
272716, 39109.9800,  3, 688.84, 27.839999999996508
272741, 39112.6600,  3, 660.86, 30.479999999995925
272754, 39114.0500,  3, 723.49, 31.889999999999418
272770, 39115.7700,  3, 671.10, 33.62999999999738
272861, 39139.8400,  1, -424.57, 9.669999999998254
272861, 39139.8400,  1, -483.73, 9.669999999998254
272879, 39141.7700,  1, -439.09, 11.599999999998545
272879, 39141.7700,  1, -439.10, 11.599999999998545
272903, 39144.3400,  1, -407.90, 14.169999999998254
272903, 39144.3400,  1, -394.36, 14.169999999998254
273031, 39158.0500,  1, -456.21, 27.880000000004657
273149, 39170.6900,  3, 665.42, 40.419999999998254
273296, 39200.7300,  1, -424.97, 15.660000000003492
273296, 39200.7300,  1, -405.44, 15.660000000003492
273360, 39207.5900,  1, -440.38, 22.5199999999968
273439, 39216.0500,  3, 697.67, 30.87999999999738
273446, 39216.8000,  3, 656.33, 31.709999999999127
273462, 39218.5200,  3, 684.29, 33.36000000000058
273483, 39220.7700,  3, 671.36, 35.68000000000029
273542, 39227.0900,  3, 727.45, 42.0
273746, 39264.0200,  1, -380.64, 21.7699999999968
273746, 39264.0200,  1, -357.00, 21.7699999999968
273821, 39272.0500,  3, 666.13, 29.720000000001164
273842, 39274.3000,  3, 696.69, 31.94999999999709
273849, 39275.0500,  3, 685.16, 32.779999999998836
273924, 39283.0900,  3, 663.37, 40.7300000000032
273942, 39285.0200,  3, 637.81, 42.76000000000204
274046, 39296.1600,  3, 621.79, 53.88999999999942
274207, 39327.7300,  1, -392.26, 17.150000000001455
274207, 39327.7300,  1, -398.04, 17.150000000001455
274299, 39337.5900,  3, 691.01, 26.94999999999709
274329, 39340.8000,  1, -409.20, 30.220000000001164
274331, 39341.0200,  3, 673.56, 30.360000000000582
274340, 39341.9800,  3, 660.34, 31.330000000001746
274341, 39342.0900,  3, 687.58, 31.489999999997963
274376, 39345.8400,  3, 667.28, 35.18999999999505
274523, 39376.0200,  1, -441.01, 15.639999999999418
274523, 39376.0200,  1, -417.38, 15.639999999999418
274539, 39377.7300,  1, -469.90, 17.35000000000582
274539, 39377.7300,  1, -404.63, 17.35000000000582
274584, 39382.5500,  3, 672.54, 22.090000000003783
274615, 39385.8700,  3, 683.93, 25.44000000000233
274633, 39387.8000,  3, 689.31, 27.340000000003783
274838, 39409.7700,  3, 655.49, 49.35000000000582
274947, 39435.7700,  1, -447.63, 11.599999999998545
274947, 39435.7700,  1, -438.44, 11.599999999998545
274964, 39437.5900,  1, -422.18, 13.419999999998254
275103, 39452.4800,  3, 659.39, 28.200000000004366
275114, 39453.6600,  3, 683.13, 29.459999999999127
275122, 39454.5200,  3, 656.74, 30.24000000000524
275133, 39455.6900,  3, 658.06, 31.470000000001164
275179, 39460.6200,  3, 651.67, 36.36000000000058
275320, 39489.9800,  1, -416.71, 15.010000000002037
275320, 39489.9800,  1, -452.10, 15.010000000002037
275453, 39504.2300,  3, 741.14, 29.18000000000029
275458, 39504.7700,  3, 632.74, 29.720000000001164
275466, 39505.6200,  3, 675.86, 30.589999999996508
275469, 39505.9400,  3, 694.45, 30.87999999999738
275488, 39507.9800,  3, 640.55, 32.900000000001455
275561, 39515.8000,  3, 655.42, 40.799999999995634
275715, 39546.8000,  1, -387.98, 16.410000000003492
275715, 39546.8000,  1, -468.28, 16.410000000003492
275825, 39558.5900,  3, 677.39, 28.18000000000029
275838, 39559.9800,  3, 651.50, 29.55000000000291
275846, 39560.8400,  3, 653.23, 30.389999999999418
275846, 39560.8400,  3, 634.81, 30.37000000000262
275875, 39563.9400,  3, 676.78, 33.54000000000087
275903, 39566.9400,  3, 716.07, 36.48999999999796
276118, 39604.4100,  1, -391.12, 22.94000000000233
276118, 39604.4100,  1, -493.00, 22.94000000000233
276143, 39607.0900,  3, 676.46, 25.540000000000873
276143, 39607.0900,  3, 693.90, 25.580000000001746
276198, 39612.9800,  3, 695.43, 31.44999999999709
276207, 39613.9400,  3, 647.56, 32.419999999998254
276222, 39615.5500,  3, 675.49, 33.970000000001164
276234, 39616.8400,  3, 677.86, 35.30999999999767
276353, 39644.1200,  1, -414.71, 12.639999999999418
276353, 39644.1200,  1, -412.01, 12.639999999999418
276398, 39648.9400,  1, -444.28, 17.459999999999127
276398, 39648.9400,  1, -433.78, 17.459999999999127
276400, 39649.1600,  1, -432.60, 17.68000000000029
276491, 39658.9100,  3, 662.55, 27.32999999999447
276588, 39669.3000,  3, 673.76, 37.7899999999936
276728, 39684.3000,  3, 693.21, 52.80999999999767
276808, 39707.1600,  1, -483.64, 8.480000000003201
276808, 39707.1600,  1, -476.61, 8.480000000003201
276973, 39724.8400,  3, 665.15, 26.110000000000582
277000, 39727.7300,  3, 708.73, 29.010000000002037
277022, 39730.0900,  3, 698.64, 31.30999999999767
277028, 39730.7300,  3, 693.62, 32.0
277030, 39730.9400,  3, 730.00, 32.19000000000233
277048, 39732.8700,  3, 686.81, 34.169999999998254
277150, 39758.2300,  1, -438.12, 10.840000000003783
277150, 39758.2300,  1, -461.09, 10.840000000003783
277189, 39762.4100,  1, -442.31, 15.020000000004075
277189, 39762.4100,  1, -410.72, 15.020000000004075
277204, 39764.0200,  1, -384.63, 16.62999999999738
277312, 39775.5900,  3, 689.50, 28.150000000001455
277339, 39778.4800,  3, 691.15, 31.06999999999971
277407, 39785.7700,  3, 690.13, 38.34000000000378
277596, 39820.3700,  1, -449.68, 20.139999999999418
277596, 39820.3700,  1, -478.63, 20.139999999999418
277640, 39825.0900,  3, 705.29, 24.81999999999971
277700, 39831.5200,  3, 681.66, 31.25999999999476
277706, 39832.1600,  3, 674.47, 31.869999999995343
277712, 39832.8000,  3, 595.70, 32.529999999998836
277754, 39837.3000,  3, 704.33, 36.95999999999913
277808, 39843.0900,  3, 634.04, 42.81999999999971
278006, 39879.3700,  3, 665.43, 21.099999999998545
278043, 39883.3400,  3, 644.72, 25.040000000000873
278061, 39885.2700,  3, 686.50, 26.950000000004366
278062, 39885.3700,  3, 637.23, 27.099999999998545
278074, 39886.6600,  3, 621.20, 28.31999999999971
278102, 39889.6600,  3, 684.28, 31.330000000001746
278160, 39895.8700,  3, 696.08, 37.61000000000058
278271, 39907.7700,  3, 635.84, 49.45999999999913
278395, 39936.2700,  1, -398.66, 13.19999999999709
278395, 39936.2700,  1, -463.89, 13.19999999999709
278428, 39939.8000,  1, -410.24, 16.7300000000032
278428, 39939.8000,  1, -420.57, 16.7300000000032
278555, 39953.4100,  3, 665.15, 30.30000000000291
278557, 39953.6200,  3, 659.73, 30.5199999999968
278594, 39957.5900,  3, 681.69, 34.51000000000204
278617, 39960.0500,  3, 665.20, 36.970000000001164
278782, 39992.2300,  1, -413.91, 17.580000000001746
278782, 39992.2300,  1, -462.53, 17.580000000001746
278822, 39996.5200,  3, 690.47, 21.849999999998545
278873, 40001.9800,  3, 654.75, 27.30999999999767
278875, 40002.1900,  3, 678.34, 27.470000000001164
278875, 40002.1900,  3, 697.56, 27.479999999995925
278932, 40008.3000,  3, 638.38, 33.61000000000058
278949, 40010.1200,  3, 666.01, 35.43000000000029
279071, 40037.4800,  1, -430.87, 12.960000000006403
279101, 40040.6900,  1, -474.55, 16.17000000000553
279101, 40040.6900,  1, -377.39, 16.17000000000553
279115, 40042.1900,  1, -437.09, 17.67000000000553
279115, 40042.1900,  1, -428.96, 17.67000000000553
279182, 40049.3700,  1, -439.75, 24.85000000000582
279221, 40053.5500,  3, 664.04, 28.99000000000524
279341, 40066.4100,  3, 645.55, 41.84000000000378
279459, 40094.5500,  1, -422.68, 12.530000000006112
279459, 40094.5500,  1, -408.09, 12.530000000006112
279592, 40108.8000,  3, 659.16, 26.720000000001164
279604, 40110.0900,  3, 693.21, 28.060000000004948
279612, 40110.9400,  3, 692.52, 28.87000000000262
279630, 40112.8700,  3, 636.17, 30.790000000000873
279647, 40114.6900,  3, 652.04, 32.66000000000349
279650, 40115.0200,  3, 658.00, 32.92000000000553
279774, 40142.8000,  1, -467.72, 13.200000000004366
279774, 40142.8000,  1, -419.50, 13.200000000004366
279783, 40143.7700,  1, -404.38, 14.169999999998254
279783, 40143.7700,  1, -448.41, 14.169999999998254
279914, 40157.8000,  3, 690.95, 28.130000000004657
279941, 40160.6900,  3, 705.36, 31.080000000001746
279942, 40160.8000,  3, 707.24, 31.110000000000582
279953, 40161.9800,  3, 661.97, 32.30000000000291
280103, 40193.2300,  1, -433.60, 15.980000000003201
280103, 40193.2300,  1, -423.74, 15.980000000003201
280205, 40204.1600,  3, 657.26, 26.839999999996508
280225, 40206.3000,  3, 624.27, 29.029999999998836
280252, 40209.1900,  3, 667.79, 31.910000000003492
280279, 40212.0900,  3, 715.00, 34.830000000001746
280283, 40212.5200,  3, 656.96, 35.25
280309, 40215.3000,  3, 654.70, 38.0199999999968
280465, 40246.3400,  1, -410.81, 16.619999999995343
280465, 40246.3400,  1, -433.69, 16.619999999995343
280535, 40253.8400,  3, 682.55, 24.110000000000582
280552, 40255.6600,  3, 675.00, 25.909999999996217
280598, 40260.5900,  3, 671.29, 30.760000000002037
280615, 40262.4100,  3, 684.86, 32.68000000000029
280628, 40263.8000,  3, 698.26, 34.049999999995634
280633, 40264.3400,  3, 675.09, 34.55999999999767
280817, 40298.3400,  1, -375.39, 19.62999999999738
280817, 40298.3400,  1, -471.03, 19.62999999999738
280895, 40306.6900,  3, 680.18, 27.970000000001164
280938, 40311.3000,  3, 684.33, 32.56999999999971
280945, 40312.0500,  3, 675.41, 33.23999999999796
280956, 40313.2300,  3, 647.96, 34.48999999999796
281006, 40318.5900,  3, 654.21, 39.80000000000291
281020, 40320.0900,  3, 662.07, 41.270000000004075
281134, 40347.3400,  1, -414.83, 12.109999999993306
281134, 40347.3400,  1, -407.47, 12.109999999993306
281134, 40347.3400,  1, -396.49, 12.109999999993306
281266, 40361.4800,  3, 681.34, 26.189999999995052
281281, 40363.0900,  3, 705.51, 27.75
281326, 40367.9100,  3, 710.44, 32.64999999999418
281342, 40369.6200,  3, 639.21, 34.37999999999738
281431, 40379.1600,  3, 664.47, 43.849999999998545
281526, 40403.5900,  1, -400.20, 10.069999999999709
281526, 40403.5900,  1, -424.32, 10.069999999999709
281542, 40405.3000,  1, -437.67, 11.780000000006112
281542, 40405.3000,  1, -448.13, 11.780000000006112
281712, 40423.5200,  3, 688.54, 29.900000000001455
281716, 40423.9400,  3, 678.70, 30.330000000001746
281719, 40424.2700,  3, 664.31, 30.720000000001164
281794, 40432.3000,  3, 675.89, 38.75
282072, 40477.3000,  3, 667.92, 29.639999999999418
282075, 40477.6200,  3, 666.78, 29.93000000000029
282075, 40477.6200,  3, 700.05, 29.94999999999709
282082, 40478.3700,  3, 650.57, 30.64999999999418
282119, 40482.3400,  3, 647.76, 34.63999999999942
282138, 40484.3700,  3, 680.30, 36.65999999999622
282216, 40492.7300,  3, 631.16, 45.08999999999651
282299, 40501.6200,  3, 580.85, 53.919999999998254
282427, 40529.7300,  1, -440.47, 13.610000000000582
282427, 40529.7300,  1, -434.66, 13.610000000000582
282431, 40530.1600,  1, -402.34, 14.040000000000873
282431, 40530.1600,  1, -423.62, 14.040000000000873
282522, 40539.9100,  3, 675.07, 23.69999999999709
282557, 40543.6600,  3, 693.45, 27.44999999999709
282626, 40551.0500,  3, 633.07, 34.919999999998254
282699, 40558.8700,  3, 662.66, 42.729999999995925
282831, 40587.1600,  1, -375.28, 14.040000000000873
282831, 40587.1600,  1, -424.77, 14.040000000000873
282976, 40602.6900,  3, 647.44, 29.50999999999476
283012, 40606.5500,  3, 712.57, 33.349999999998545
283016, 40606.9800,  3, 690.35, 33.7699999999968
283034, 40608.9100,  3, 682.79, 35.779999999998836
283042, 40609.7700,  3, 657.14, 36.549999999995634
283069, 40612.6600,  3, 651.36, 39.5199999999968
283216, 40642.9400,  1, -436.32, 15.639999999999418
283216, 40642.9400,  1, -421.33, 15.639999999999418
283275, 40649.2700,  3, 672.74, 21.860000000000582
283322, 40654.3000,  3, 694.52, 26.89999999999418
283336, 40655.8000,  3, 651.28, 28.39999999999418
283344, 40656.6600,  3, 689.59, 29.31999999999971
283420, 40664.8000,  3, 759.32, 37.45999999999913
283484, 40671.6600,  3, 647.29, 44.31999999999971
283616, 40700.3400,  1, -411.03, 14.039999999993597
283616, 40700.3400,  1, -433.51, 14.039999999993597
283716, 40711.0500,  3, 698.57, 24.719999999993888
283733, 40712.8700,  3, 682.05, 26.50999999999476
283757, 40715.4400,  3, 704.65, 29.049999999995634
283775, 40717.3700,  3, 658.16, 31.039999999993597
283779, 40717.8000,  1, -357.49, 31.5
283846, 40724.9800,  3, 658.10, 38.56999999999971
284081, 40764.4800,  3, 678.63, 24.970000000001164
284094, 40765.8700,  3, 712.24, 26.44999999999709
284130, 40769.7300,  1, -399.02, 30.330000000001746
284130, 40769.7300,  1, -354.69, 30.330000000001746
284132, 40769.9400,  3, 711.62, 30.510000000002037
284157, 40772.6200,  3, 659.50, 33.18999999999505
284182, 40775.3000,  3, 687.00, 35.86000000000058
284183, 40775.4100,  3, 677.39, 35.95999999999913
284328, 40805.3700,  1, -408.33, 15.440000000002328
284328, 40805.3700,  1, -455.52, 15.440000000002328
284328, 40805.3700,  1, -469.25, 15.440000000002328
284328, 40805.3700,  1, -376.45, 15.440000000002328
284424, 40815.6600,  3, 722.00, 25.639999999999418
284451, 40818.5500,  3, 739.69, 28.56999999999971
284492, 40822.9400,  3, 689.38, 32.90999999999622
284544, 40828.5200,  3, 726.66, 38.55000000000291
284630, 40852.9800,  1, -465.08, 9.110000000000582
284630, 40852.9800,  1, -459.77, 9.110000000000582
284784, 40869.4800,  3, 669.71, 25.529999999998836
284848, 40876.3400,  3, 715.59, 32.37999999999738
284851, 40876.6600,  3, 660.38, 32.7699999999968
284854, 40876.9800,  3, 690.71, 33.0
284869, 40878.5900,  3, 631.80, 34.68999999999505
284900, 40881.9100,  3, 679.47, 37.98999999999796
285033, 40910.5500,  1, -436.53, 14.160000000003492
285033, 40910.5500,  1, -376.92, 14.160000000003492
285070, 40914.5200,  1, -401.88, 18.12999999999738
285070, 40914.5200,  1, -398.37, 18.12999999999738
285200, 40928.4400,  3, 726.53, 31.989999999997963
285202, 40928.6600,  3, 653.56, 32.19999999999709
285249, 40933.6900,  3, 684.38, 37.25
285274, 40936.3700,  3, 635.04, 39.93000000000029
285371, 40961.1600,  1, -434.93, 10.290000000000873
285371, 40961.1600,  1, -435.38, 10.290000000000873
285458, 40970.4800,  1, -384.95, 19.610000000000582
285458, 40970.4800,  1, -418.43, 19.610000000000582
285584, 40983.9800,  3, 705.24, 33.08999999999651
285589, 40984.5200,  3, 654.10, 33.58999999999651
285606, 40986.3400,  3, 683.58, 35.45999999999913
285742, 41000.9100,  3, 686.48, 49.98999999999796
285875, 41029.5500,  1, -438.73, 14.160000000003492
285875, 41029.5500,  1, -392.51, 14.160000000003492
285888, 41030.9400,  1, -402.44, 15.55000000000291
285888, 41030.9400,  1, -447.16, 15.55000000000291
285987, 41041.5500,  3, 670.99, 26.05999999999767
286018, 41044.8700,  3, 731.98, 29.419999999998254
286044, 41047.6600,  3, 655.35, 32.2300000000032
286046, 41047.8700,  3, 662.80, 32.38999999999942
286185, 41077.1900,  1, -404.50, 14.779999999998836
286185, 41077.1900,  1, -451.46, 14.779999999998836
286303, 41089.8400,  3, 666.85, 27.389999999999418
286331, 41092.8400,  3, 699.21, 30.37999999999738
286342, 41094.0200,  3, 742.41, 31.529999999998836
286380, 41098.0900,  3, 670.61, 35.56999999999971
286395, 41099.6900,  3, 669.75, 37.25
286420, 41102.3700,  3, 672.33, 39.859999999993306
286559, 41131.5200,  1, -387.41, 14.789999999993597
286559, 41131.5200,  1, -434.63, 14.789999999993597
286676, 41144.0500,  3, 675.97, 27.25999999999476
286683, 41144.8000,  3, 700.81, 28.05999999999767
286700, 41146.6200,  3, 689.72, 29.859999999993306
286738, 41150.6900,  3, 680.24, 33.93000000000029
286751, 41152.0900,  3, 676.86, 35.349999999998545
286755, 41152.5200,  3, 693.12, 35.71999999999389
286998, 41193.0200,  3, 663.40, 25.869999999995343
287000, 41193.2300,  1, -470.11, 26.150000000001455
287028, 41196.2300,  3, 697.39, 29.110000000000582
287034, 41196.8700,  3, 667.49, 29.729999999995925
287041, 41197.6200,  3, 687.77, 30.479999999995925
287076, 41201.3700,  3, 745.96, 34.279999999998836
287099, 41203.8400,  3, 666.38, 36.650000000001455
287134, 41207.5900,  3, 702.77, 40.48999999999796
287335, 41243.2300,  1, -436.00, 21.42000000000553
287335, 41243.2300,  1, -399.35, 21.42000000000553
287375, 41247.5200,  3, 708.60, 25.68000000000029
287446, 41255.1200,  3, 672.43, 33.279999999998836
287467, 41257.3700,  3, 648.83, 35.4800000000032
287470, 41257.6900,  3, 624.94, 35.85000000000582
287598, 41271.4100,  3, 618.64, 49.529999999998836
287612, 41272.9100,  3, 599.93, 51.0
287795, 41306.9800,  1, -378.33, 19.510000000002037
287795, 41306.9800,  1, -432.87, 19.510000000002037
287811, 41308.6900,  1, -420.34, 21.220000000001164
287851, 41312.9800,  3, 660.22, 25.459999999999127
287899, 41318.1200,  3, 656.16, 30.610000000000582
287902, 41318.4400,  3, 668.62, 30.909999999996217
287906, 41318.8700,  3, 701.50, 31.330000000001746
287927, 41321.1200,  3, 670.24, 33.580000000001746
288024, 41345.8700,  1, -441.29, 10.290000000000873
288024, 41345.8700,  1, -431.91, 10.290000000000873
288064, 41350.1600,  1, -446.50, 14.580000000001746
288064, 41350.1600,  1, -416.00, 14.580000000001746
288172, 41361.7300,  3, 690.51, 26.080000000001746
288176, 41362.1600,  3, 728.32, 26.470000000001164
288217, 41366.5500,  3, 670.01, 30.87999999999738
288326, 41378.2300,  3, 678.61, 42.54000000000087
288500, 41411.3400,  1, -421.32, 18.549999999995634
288500, 41411.3400,  1, -446.82, 18.549999999995634
288560, 41417.7700,  3, 688.12, 24.94999999999709
288567, 41418.5200,  3, 696.97, 25.62000000000262
288572, 41419.0500,  3, 641.25, 26.25
288575, 41419.3700,  3, 704.46, 26.56999999999971
288587, 41420.6600,  3, 696.70, 27.799999999995634
288660, 41428.4800,  3, 687.77, 35.62000000000262
288757, 41453.9100,  1, -435.63, 10.280000000006112
288757, 41453.9100,  1, -444.01, 10.280000000006112
288931, 41472.5500,  3, 716.45, 28.87000000000262
288940, 41473.5200,  3, 733.27, 29.87000000000262
288942, 41473.7300,  3, 665.60, 30.06999999999971
288947, 41474.2700,  3, 676.76, 30.610000000000582
288984, 41478.2300,  3, 754.48, 34.56999999999971
288991, 41478.9800,  3, 722.53, 35.26000000000204
289095, 41504.5200,  1, -484.74, 11.059999999997672
289095, 41504.5200,  1, -433.75, 11.059999999997672
289129, 41508.1600,  1, -442.04, 14.700000000004366
289129, 41508.1600,  1, -391.96, 14.700000000004366
289174, 41512.9800,  1, -404.54, 19.520000000004075
289174, 41512.9800,  1, -430.30, 19.520000000004075
289258, 41521.9800,  3, 684.94, 28.43000000000029
289288, 41525.1900,  3, 709.35, 31.68000000000029
289390, 41550.6200,  1, -456.04, 10.840000000003783
289390, 41550.6200,  1, -445.61, 10.840000000003783
289512, 41563.6900,  3, 697.79, 23.830000000001746
289518, 41564.3400,  3, 701.35, 24.489999999997963
289534, 41566.0500,  3, 728.28, 26.200000000004366
289541, 41566.8000,  3, 693.33, 26.93000000000029
289565, 41569.3700,  3, 699.37, 29.510000000002037
289726, 41586.6200,  3, 576.82, 46.830000000001746
289911, 41620.9400,  1, -412.86, 19.709999999999127
289911, 41620.9400,  1, -439.86, 19.709999999999127
289980, 41628.3400,  3, 689.39, 27.06999999999971
289987, 41629.0900,  3, 681.24, 27.82999999999447
290002, 41630.6900,  3, 667.93, 29.439999999995052
290008, 41631.3400,  3, 682.88, 30.099999999998545
290031, 41633.8000,  3, 683.18, 32.48999999999796
290073, 41638.3000,  3, 672.74, 37.0199999999968
290328, 41679.8000,  3, 715.42, 27.110000000000582
290340, 41681.0900,  3, 741.55, 28.49000000000524
290359, 41683.1200,  3, 684.79, 30.5
290371, 41684.4100,  3, 707.79, 31.7300000000032
290371, 41684.4100,  3, 665.23, 31.790000000000873
290398, 41687.3000,  3, 680.85, 34.63000000000466
290399, 41687.4100,  3, 671.54, 34.78000000000611
290446, 41692.4400,  3, 747.51, 39.830000000001746
290566, 41720.6600,  1, -415.58, 12.75
290602, 41724.5200,  1, -465.74, 16.609999999993306
290602, 41724.5200,  1, -403.45, 16.609999999993306
290721, 41737.2700,  3, 698.66, 29.2699999999968
290736, 41738.8700,  3, 736.27, 30.869999999995343
290783, 41743.9100,  3, 727.65, 35.88999999999942
290787, 41744.3400,  3, 673.45, 36.359999999993306
290788, 41744.4400,  3, 737.74, 36.5
290917, 41773.6200,  1, -404.66, 13.730000000003201
290917, 41773.6200,  1, -453.33, 13.730000000003201
290949, 41777.0500,  1, -439.96, 17.160000000003492
290949, 41777.0500,  1, -424.07, 17.160000000003492
291070, 41790.0200,  3, 658.21, 30.090000000003783
291072, 41790.2300,  3, 669.94, 30.30999999999767
291076, 41790.6600,  3, 664.40, 30.669999999998254
291105, 41793.7700,  3, 759.44, 33.81999999999971
291189, 41818.0200,  1, -458.03, 8.919999999998254
291189, 41818.0200,  1, -434.73, 8.919999999998254
291329, 41833.0200,  1, -406.77, 23.919999999998254
291329, 41833.0200,  1, -343.24, 23.919999999998254
291366, 41836.9800,  3, 709.23, 27.80000000000291
291370, 41837.4100,  3, 732.34, 28.2300000000032
291423, 41843.0900,  3, 670.18, 33.94000000000233
291478, 41848.9800,  3, 721.55, 39.779999999998836
291556, 41871.6600,  1, -483.59, 8.25
291556, 41871.6600,  1, -453.00, 8.25
291769, 41894.4800,  3, 689.36, 30.959999999999127
291801, 41897.9100,  3, 711.41, 34.38999999999942
291801, 41897.9100,  3, 699.49, 34.479999999995925
291812, 41899.0900,  3, 640.07, 35.63999999999942
291906, 41909.1600,  3, 657.06, 45.73999999999796
291940, 41912.8000,  3, 641.89, 49.349999999998545
292062, 41940.4400,  1, -412.65, 12.959999999999127
292062, 41940.4400,  1, -422.28, 12.959999999999127
292105, 41945.0500,  1, -425.08, 17.56999999999971
292105, 41945.0500,  1, -436.60, 17.56999999999971
292134, 41948.1600,  1, -366.74, 20.68000000000029
292134, 41948.1600,  1, -473.85, 20.68000000000029
292189, 41954.0500,  3, 674.33, 26.459999999999127
292259, 41961.5500,  3, 694.02, 34.00999999999476
292430, 41994.2300,  1, -413.66, 18.24000000000524
292430, 41994.2300,  1, -449.20, 18.24000000000524
292511, 42002.9100,  3, 648.62, 26.840000000003783
292542, 42006.2300,  3, 660.64, 30.2300000000032
292567, 42008.9100,  3, 657.73, 32.86000000000058
292588, 42011.1600,  3, 665.43, 35.080000000001746
292598, 42012.2300,  3, 659.45, 36.2300000000032
292673, 42020.2700,  3, 623.33, 44.270000000004075
292851, 42054.6200,  1, -401.24, 18.959999999999127
292851, 42054.6200,  1, -448.13, 18.959999999999127
292870, 42056.6600,  1, -403.97, 21.0
292870, 42056.6600,  1, -479.91, 21.0
292930, 42063.0900,  3, 667.79, 27.39999999999418
292946, 42064.8000,  3, 669.28, 29.089999999996508
292973, 42067.6900,  3, 703.70, 32.00999999999476
293128, 42084.3000,  3, 633.18, 48.62999999999738
293230, 42110.6600,  1, -435.10, 10.830000000001746
293256, 42113.4400,  1, -431.84, 13.610000000000582
293256, 42113.4400,  1, -426.08, 13.610000000000582
293292, 42117.3000,  1, -442.50, 17.470000000001164
293394, 42128.2300,  3, 691.45, 28.389999999999418
293409, 42129.8400,  3, 667.54, 29.919999999998254
293412, 42130.1600,  3, 682.61, 30.290000000000873
293505, 42140.1200,  3, 709.44, 40.2699999999968
293603, 42165.0200,  1, -448.96, 10.419999999998254
293683, 42173.5900,  1, -400.36, 18.989999999997963
293683, 42173.5900,  1, -412.35, 18.989999999997963
293772, 42183.1200,  3, 702.66, 28.489999999997963
293793, 42185.3700,  3, 733.87, 30.75
293847, 42191.1600,  3, 690.26, 36.470000000001164
293878, 42194.4800,  3, 662.94, 39.87000000000262
293897, 42196.5200,  3, 675.94, 41.88000000000466
294049, 42227.1600,  1, -391.69, 16.19000000000233
294049, 42227.1600,  1, -402.49, 16.19000000000233
294059, 42228.2300,  1, -378.74, 17.260000000002037
294059, 42228.2300,  1, -434.86, 17.260000000002037
294066, 42228.9800,  1, -404.62, 18.010000000002037
294155, 42238.5200,  3, 670.38, 27.510000000002037
294217, 42245.1600,  3, 703.98, 34.11000000000058
294236, 42247.1900,  3, 635.61, 36.18000000000029
294361, 42274.9800,  1, -437.19, 13.310000000004948
294489, 42288.6900,  3, 697.40, 26.919999999998254
294494, 42289.2300,  3, 685.22, 27.510000000002037
294526, 42292.6600,  3, 700.88, 30.880000000004657
294526, 42292.6600,  3, 716.43, 30.910000000003492
294527, 42292.7700,  3, 719.52, 31.060000000004948
294537, 42293.8400,  3, 701.10, 32.099999999998545
294631, 42303.9100,  3, 737.86, 42.200000000004366
294722, 42328.8700,  1, -426.65, 9.660000000003492
294722, 42328.8700,  1, -460.68, 9.660000000003492
294761, 42333.0500,  1, -408.86, 13.840000000003783
294761, 42333.0500,  1, -406.50, 13.840000000003783
294884, 42346.2300,  3, 701.90, 26.910000000003492
294912, 42349.2300,  3, 746.13, 30.010000000002037
294929, 42351.0500,  3, 689.96, 31.830000000001746
294996, 42358.2300,  3, 709.84, 38.970000000001164
295157, 42390.8000,  1, -370.00, 17.150000000001455
295157, 42390.8000,  1, -390.59, 17.150000000001455
295230, 42398.6200,  3, 634.64, 24.889999999999418
295295, 42405.5900,  3, 692.05, 31.839999999996508
295312, 42407.4100,  3, 679.80, 33.729999999995925
295331, 42409.4400,  3, 736.30, 35.76000000000204
295367, 42413.3000,  3, 649.27, 39.58999999999651
295493, 42426.8000,  3, 600.98, 53.06999999999971
295573, 42450.7300,  1, -474.03, 8.470000000001164
295573, 42450.7300,  1, -452.39, 8.470000000001164
295654, 42459.4100,  1, -421.67, 17.150000000001455
295750, 42469.6900,  3, 686.83, 27.409999999996217
295770, 42471.8400,  3, 715.90, 29.479999999995925
295777, 42472.5900,  3, 723.69, 30.299999999995634
295782, 42473.1200,  3, 673.30, 30.849999999998545
295813, 42476.4400,  3, 707.09, 34.150000000001455
295970, 42507.7300,  1, -435.75, 16.710000000006403
295970, 42507.7300,  1, -409.41, 16.710000000006403
295994, 42510.3000,  1, -400.02, 19.280000000006112
296062, 42517.5900,  3, 699.14, 26.470000000001164
296090, 42520.5900,  3, 695.92, 29.520000000004075
296106, 42522.3000,  3, 667.86, 31.25
296113, 42523.0500,  3, 677.96, 32.0
296271, 42539.9800,  3, 659.08, 48.93000000000029
296390, 42566.8400,  1, -445.75, 12.639999999999418
296390, 42566.8400,  1, -418.54, 12.639999999999418
296441, 42572.3000,  1, -416.56, 18.10000000000582
296441, 42572.3000,  1, -368.68, 18.10000000000582
296510, 42579.6900,  3, 706.34, 25.44000000000233
296555, 42584.5200,  3, 693.96, 30.30000000000291
296590, 42588.2700,  3, 666.50, 34.03000000000611
296594, 42588.6900,  1, -415.19, 34.49000000000524
296687, 42613.0500,  1, -430.52, 9.85000000000582
296687, 42613.0500,  1, -458.14, 9.85000000000582
296744, 42619.1600,  1, -350.97, 15.960000000006403
296744, 42619.1600,  1, -437.82, 15.960000000006403
296745, 42619.2700,  1, -390.45, 16.06999999999971
296869, 42632.5500,  3, 695.80, 29.340000000003783
296909, 42636.8400,  3, 669.62, 33.56999999999971
296913, 42637.2700,  3, 681.95, 33.9600000000064
297018, 42663.9800,  1, -438.28, 11.160000000003492
297018, 42663.9800,  1, -424.87, 11.160000000003492
297114, 42674.2700,  1, -410.84, 21.44999999999709
297126, 42675.5500,  3, 658.13, 22.69999999999709
297167, 42679.9400,  3, 675.77, 27.090000000003783
297187, 42682.0900,  3, 682.06, 29.160000000003492
297210, 42684.5500,  3, 733.79, 31.650000000001455
297250, 42688.8400,  3, 654.73, 35.9800000000032
297409, 42720.4100,  1, -397.61, 16.94000000000233
297409, 42720.4100,  1, -426.26, 16.94000000000233
297486, 42728.6600,  3, 692.41, 25.099999999998545
297536, 42734.0200,  3, 705.22, 30.540000000000873
297566, 42737.2300,  3, 689.67, 33.720000000001164
297567, 42737.3400,  3, 636.41, 33.7699999999968
297568, 42737.4400,  3, 719.83, 33.87999999999738
297582, 42738.9400,  3, 681.01, 35.419999999998254
297759, 42772.2700,  1, -434.20, 18.87999999999738
297759, 42772.2700,  1, -428.95, 18.87999999999738
297839, 42780.8400,  3, 690.06, 27.419999999998254
297842, 42781.1600,  3, 690.10, 27.69000000000233
297864, 42783.5200,  3, 653.55, 30.090000000003783
297866, 42783.7300,  3, 682.79, 30.290000000000873
297896, 42786.9400,  3, 713.74, 33.5
297973, 42795.1900,  3, 637.64, 41.70999999999913
298112, 42824.4400,  1, -415.12, 14.80000000000291
298112, 42824.4400,  1, -395.78, 14.80000000000291
298121, 42825.4100,  1, -394.62, 15.770000000004075
298121, 42825.4100,  1, -408.04, 15.770000000004075
298205, 42834.4100,  3, 669.33, 24.75
298292, 42843.7300,  3, 703.74, 34.05999999999767
298305, 42845.1200,  3, 654.14, 35.44000000000233
298316, 42846.3000,  3, 698.69, 36.62000000000262
298463, 42876.2700,  1, -442.46, 15.64999999999418
298463, 42876.2700,  1, -411.09, 15.64999999999418
298489, 42879.0500,  1, -437.54, 18.43000000000029
298489, 42879.0500,  1, -401.73, 18.43000000000029
298514, 42881.7300,  1, -368.69, 21.110000000000582
298514, 42881.7300,  1, -390.79, 21.110000000000582
298608, 42891.8000,  3, 645.11, 31.169999999998254
298643, 42895.5500,  3, 672.34, 34.82999999999447
298788, 42925.3400,  1, -398.77, 15.429999999993015
298788, 42925.3400,  1, -420.62, 15.429999999993015
298806, 42927.2700,  1, -440.70, 17.359999999993306
298806, 42927.2700,  1, -419.79, 17.359999999993306
298873, 42934.4400,  3, 688.30, 24.489999999997963
298874, 42934.5500,  3, 709.86, 24.549999999995634
298896, 42936.9100,  3, 670.37, 26.959999999999127
298988, 42946.7700,  3, 690.50, 36.799999999995634
299212, 42985.1600,  3, 701.94, 23.840000000003783
299224, 42986.4400,  3, 697.75, 25.19000000000233
299227, 42986.7700,  1, -454.28, 25.529999999998836
299258, 42990.0900,  3, 701.19, 28.80000000000291
299274, 42991.8000,  3, 706.64, 30.540000000000873
299296, 42994.1600,  3, 701.54, 32.830000000001746
299306, 42995.2300,  3, 750.26, 33.88999999999942
299397, 43004.9800,  3, 675.93, 43.650000000001455
299553, 43035.9400,  1, -451.25, 16.62000000000262
299553, 43035.9400,  1, -388.35, 16.62000000000262
299607, 43041.7300,  1, -376.30, 22.410000000003492
299607, 43041.7300,  1, -422.30, 22.410000000003492
299641, 43045.3700,  3, 680.02, 26.029999999998836
299669, 43048.3700,  3, 696.49, 28.970000000001164
299689, 43050.5200,  3, 716.15, 31.12999999999738
299709, 43052.6600,  3, 675.37, 33.26000000000204
299791, 43075.9100,  1, -445.24, 8.680000000000291
299791, 43075.9100,  1, -430.80, 8.680000000000291
299814, 43078.3700,  1, -427.03, 11.139999999999418
299814, 43078.3700,  1, -464.63, 11.139999999999418
299949, 43092.8400,  3, 689.42, 25.5199999999968
299959, 43093.9100,  3, 710.44, 26.62999999999738
299993, 43097.5500,  3, 710.21, 30.2699999999968
300029, 43101.4100,  3, 698.08, 34.14999999999418
300188, 43132.9400,  1, -417.84, 16.950000000004366
300283, 43143.1200,  3, 681.56, 27.05000000000291
300284, 43143.2300,  3, 749.38, 27.150000000001455
300306, 43145.5900,  3, 695.47, 29.5
300349, 43150.1900,  3, 636.19, 34.18000000000029
300354, 43150.7300,  3, 672.17, 34.7300000000032
300357, 43151.0500,  3, 693.15, 34.950000000004366
300367, 43152.1200,  3, 648.61, 36.09000000000378
300495, 43180.0200,  1, -412.13, 13.619999999995343
300613, 43192.6600,  3, 701.13, 26.169999999998254
300614, 43192.7700,  3, 677.17, 26.339999999996508
300617, 43193.0900,  3, 672.21, 26.659999999996217
300621, 43193.5200,  3, 657.87, 27.05999999999767
300657, 43197.3700,  3, 616.20, 30.87999999999738
300670, 43198.7700,  3, 657.03, 32.36000000000058
300724, 43204.5500,  3, 687.56, 38.13999999999942
300796, 43226.4100,  1, -458.43, 7.610000000000582
300796, 43226.4100,  1, -470.63, 7.610000000000582
300950, 43242.9100,  3, 702.86, 24.099999999998545
300954, 43243.3400,  3, 675.70, 24.479999999995925
300979, 43246.0200,  3, 697.77, 27.19999999999709
300996, 43247.8400,  3, 715.79, 28.969999999993888
301028, 43251.2700,  3, 657.14, 32.40999999999622
301061, 43254.8000,  3, 707.85, 35.979999999995925
301180, 43281.9800,  1, -392.24, 12.640000000006694
301180, 43281.9800,  1, -453.41, 12.640000000006694
301225, 43286.8000,  1, -453.05, 17.460000000006403
301242, 43288.6200,  1, -438.11, 19.280000000006112
301311, 43296.0200,  3, 690.96, 26.660000000003492
301324, 43297.4100,  3, 641.07, 28.060000000004948
301324, 43297.4100,  3, 686.13, 28.040000000000873
301390, 43304.4800,  3, 660.94, 35.12000000000262
301533, 43334.8700,  1, -455.09, 15.220000000001164
301688, 43351.4800,  3, 703.68, 31.729999999995925
301702, 43352.9800,  3, 633.22, 33.26000000000204
301713, 43354.1600,  3, 650.90, 34.5
301723, 43355.2300,  3, 720.68, 35.51000000000204
301734, 43356.4100,  3, 687.27, 36.720000000001164
301740, 43357.0500,  3, 709.47, 37.30999999999767
301806, 43364.1200,  3, 711.66, 44.38999999999942
301948, 43394.6200,  1, -411.88, 15.12000000000262
301963, 43396.2300,  1, -453.51, 16.7300000000032
301963, 43396.2300,  1, -413.97, 16.7300000000032
302033, 43403.7300,  3, 691.86, 24.19999999999709
302079, 43408.6600,  3, 677.35, 29.150000000001455
302086, 43409.4100,  3, 663.18, 29.889999999999418
302097, 43410.5900,  3, 660.98, 31.06999999999971
302131, 43414.2300,  3, 626.11, 34.669999999998254
302210, 43437.1600,  1, -429.13, 8.35000000000582
302210, 43437.1600,  1, -454.42, 8.35000000000582
302223, 43438.5500,  1, -453.20, 9.740000000005239
302223, 43438.5500,  1, -424.04, 9.740000000005239
302264, 43442.9400,  1, -409.04, 14.130000000004657
302264, 43442.9400,  1, -415.97, 14.130000000004657
302419, 43459.5500,  3, 677.40, 30.630000000004657
302465, 43464.4800,  3, 676.55, 35.62000000000262
302544, 43487.0900,  1, -454.54, 8.37999999999738
302544, 43487.0900,  1, -484.91, 8.37999999999738
302551, 43487.8400,  1, -469.08, 9.12999999999738
302551, 43487.8400,  1, -437.90, 9.12999999999738
302697, 43503.4800,  3, 706.09, 24.700000000004366
302710, 43504.8700,  3, 729.72, 26.090000000003783
302745, 43508.6200,  3, 653.69, 29.87000000000262
302775, 43511.8400,  3, 676.97, 33.09000000000378
303013, 43551.8700,  3, 677.88, 25.339999999996508
303047, 43555.5200,  3, 725.93, 28.959999999999127
303058, 43556.6900,  3, 691.69, 30.19999999999709
303063, 43557.2300,  3, 665.06, 30.709999999999127
303071, 43558.0900,  3, 716.54, 31.610000000000582
303139, 43565.3700,  3, 707.90, 38.86999999999534
303185, 43570.3000,  3, 706.58, 43.779999999998836
303290, 43581.5500,  3, 598.51, 55.029999999998836
303419, 43609.5200,  1, -430.75, 13.709999999999127
303419, 43609.5200,  1, -443.07, 13.709999999999127
303423, 43609.9400,  1, -497.05, 14.130000000004657
303424, 43610.0500,  1, -441.17, 14.240000000005239
303556, 43624.1900,  3, 677.44, 28.340000000003783
303570, 43625.6900,  3, 703.43, 29.85000000000582
303595, 43628.3700,  3, 710.79, 32.51000000000204
303698, 43639.4100,  3, 638.03, 43.49000000000524
303776, 43662.5200,  1, -441.97, 8.269999999996799
303776, 43662.5200,  1, -461.66, 8.269999999996799
303788, 43663.8000,  1, -456.32, 9.55000000000291
303788, 43663.8000,  1, -427.16, 9.55000000000291
303975, 43683.8400,  3, 672.15, 29.489999999997963
303981, 43684.4800,  3, 693.36, 30.139999999999418
303991, 43685.5500,  3, 730.92, 31.19000000000233
304039, 43690.6900,  3, 727.84, 36.349999999998545
304118, 43713.4800,  1, -469.99, 8.37000000000262
304118, 43713.4800,  1, -449.44, 8.37000000000262
304234, 43725.9100,  1, -445.97, 20.80000000000291
304234, 43725.9100,  1, -368.11, 20.80000000000291
304304, 43733.4100,  3, 710.43, 28.239999999997963
304358, 43739.1900,  3, 692.03, 33.98999999999796
304360, 43739.4100,  3, 711.37, 34.229999999995925
304363, 43739.7300,  3, 628.20, 34.55000000000291
304511, 43770.7700,  1, -409.54, 15.75
304511, 43770.7700,  1, -358.62, 15.75
304532, 43773.0200,  1, -414.42, 18.0
304532, 43773.0200,  1, -452.85, 18.0
304594, 43779.6600,  3, 686.20, 24.60000000000582
304634, 43783.9400,  3, 692.59, 28.880000000004657
304636, 43784.1600,  3, 707.73, 29.06999999999971
304686, 43789.5200,  3, 676.84, 34.400000000001455
304777, 43813.6900,  1, -445.49, 9.630000000004657
304777, 43813.6900,  1, -457.83, 9.630000000004657
304830, 43819.3700,  1, -438.76, 15.310000000004948
304830, 43819.3700,  1, -404.52, 15.310000000004948
304938, 43830.9400,  3, 674.75, 26.80000000000291
304996, 43837.1600,  3, 690.11, 33.05000000000291
305029, 43840.6900,  3, 627.68, 36.580000000001746
305031, 43840.9100,  3, 712.56, 36.830000000001746
305155, 43868.4800,  1, -397.34, 13.180000000000291
305155, 43868.4800,  1, -403.36, 13.180000000000291
305273, 43881.1200,  3, 693.97, 25.7699999999968
305288, 43882.7300,  3, 700.95, 27.409999999996217
305299, 43883.9100,  3, 692.09, 28.589999999996508
305326, 43886.8000,  3, 657.31, 31.479999999995925
305333, 43887.5500,  3, 685.65, 32.169999999998254
305361, 43890.5500,  3, 722.67, 35.169999999998254
305460, 43915.4800,  1, -453.45, 10.5
305515, 43921.3700,  1, -402.59, 16.389999999999418
305622, 43932.8400,  3, 671.20, 27.849999999998545
305626, 43933.2700,  3, 697.02, 28.229999999995925
305649, 43935.7300,  1, -312.32, 30.75
305649, 43935.7300,  1, -399.42, 30.75
305650, 43935.8400,  3, 664.59, 30.799999999995634
305724, 43943.7700,  3, 678.76, 38.68999999999505
305815, 43967.8400,  1, -458.60, 9.659999999996217
305815, 43967.8400,  1, -431.88, 9.659999999996217
305849, 43971.4800,  1, -412.44, 13.30000000000291
305849, 43971.4800,  1, -429.38, 13.30000000000291
305854, 43972.0200,  1, -477.20, 13.839999999996508
305854, 43972.0200,  1, -405.75, 13.839999999996508
305971, 43984.5500,  3, 690.39, 26.31999999999971
306034, 43991.3000,  3, 684.62, 33.029999999998836
306273, 44031.3700,  3, 677.23, 25.39999999999418
306274, 44031.4800,  3, 680.36, 25.589999999996508
306308, 44035.1200,  3, 704.77, 29.229999999995925
306317, 44036.0900,  3, 704.77, 30.119999999995343
306329, 44037.3700,  3, 670.44, 31.489999999997963
306332, 44037.6900,  3, 657.90, 31.75999999999476
306336, 44038.1200,  3, 681.73, 32.21999999999389
306396, 44044.5500,  3, 716.40, 38.669999999998254
306646, 44086.5500,  3, 659.48, 26.650000000001455
306654, 44087.4100,  1, -308.96, 27.55000000000291
306654, 44087.4100,  1, -418.16, 27.55000000000291
306666, 44088.6900,  3, 692.23, 28.760000000002037
306675, 44089.6600,  3, 667.51, 29.75
306703, 44092.6600,  3, 669.93, 32.73999999999796
306707, 44093.0900,  3, 665.05, 33.220000000001164
306779, 44100.8000,  3, 725.67, 40.90999999999622
306902, 44128.4100,  1, -460.60, 13.070000000006985
306902, 44128.4100,  1, -431.21, 13.070000000006985
306995, 44138.3700,  3, 687.19, 23.0
307026, 44141.6900,  3, 733.60, 26.25
307033, 44142.4400,  3, 723.06, 27.030000000006112
307034, 44142.5500,  3, 676.08, 27.130000000004657
307081, 44147.5900,  3, 649.02, 32.24000000000524
307082, 44147.6900,  3, 653.26, 32.25
307168, 44170.9800,  1, -441.51, 9.10000000000582
307168, 44170.9800,  1, -457.85, 9.10000000000582
307329, 44188.2300,  1, -412.06, 26.35000000000582
307329, 44188.2300,  1, -276.08, 26.35000000000582
307337, 44189.0900,  3, 670.95, 27.160000000003492
307340, 44189.4100,  3, 684.28, 27.49000000000524
307366, 44192.1900,  3, 658.92, 30.209999999999127
307473, 44203.6600,  3, 660.03, 41.69000000000233
307581, 44229.8400,  1, -426.86, 11.469999999993888
307712, 44243.8700,  3, 696.50, 25.439999999995052
307760, 44249.0200,  3, 682.47, 30.62999999999738
307761, 44249.1200,  3, 660.50, 30.729999999995925
307770, 44250.0900,  3, 749.84, 31.709999999999127
307787, 44251.9100,  3, 684.33, 33.5
307791, 44252.3400,  3, 678.05, 33.88999999999942
307875, 44261.3400,  3, 700.63, 42.93999999999505
308017, 44290.6900,  1, -403.26, 15.10000000000582
308017, 44290.6900,  1, -422.59, 15.10000000000582
308049, 44294.1200,  1, -422.84, 18.530000000006112
308049, 44294.1200,  1, -478.90, 18.530000000006112
308156, 44305.5900,  3, 668.71, 29.94000000000233
308169, 44306.9800,  3, 659.75, 31.340000000003783
308179, 44308.0500,  3, 680.67, 32.44000000000233
308296, 44320.5900,  3, 599.30, 44.970000000001164
308452, 44352.5500,  1, -422.58, 16.630000000004657
308452, 44352.5500,  1, -466.97, 16.630000000004657
308550, 44363.0500,  3, 680.25, 27.040000000000873
308584, 44366.6900,  3, 692.68, 30.709999999999127
308600, 44368.4100,  3, 668.50, 32.419999999998254
308627, 44371.3000,  3, 666.03, 35.37000000000262
308653, 44374.0900,  3, 766.41, 38.11000000000058
308672, 44376.1200,  3, 743.28, 40.18000000000029
308754, 44399.1200,  1, -459.13, 8.680000000000291
308754, 44399.1200,  1, -457.57, 8.680000000000291
308785, 44402.4400,  1, -413.86, 12.0
308785, 44402.4400,  1, -444.12, 12.0
308804, 44404.4800,  1, -463.56, 14.040000000000873
308804, 44404.4800,  1, -458.78, 14.040000000000873
308957, 44420.8700,  3, 704.22, 30.369999999995343
309012, 44426.7700,  3, 698.56, 36.31999999999971
309115, 44452.1200,  1, -447.95, 10.930000000000291
309115, 44452.1200,  1, -469.81, 10.930000000000291
309189, 44460.0500,  1, -366.32, 18.860000000000582
309189, 44460.0500,  1, -431.04, 18.860000000000582
309274, 44469.1600,  3, 674.46, 27.94999999999709
309281, 44469.9100,  3, 702.04, 28.709999999999127
309328, 44474.9400,  3, 701.59, 33.729999999995925
309345, 44476.7700,  3, 660.63, 35.48999999999796
309514, 44509.1900,  1, -382.02, 18.010000000002037
309514, 44509.1900,  1, -417.58, 18.010000000002037
309587, 44517.0200,  3, 666.69, 25.80999999999767
309612, 44519.6900,  3, 654.01, 28.44000000000233
309617, 44520.2300,  3, 712.62, 28.94000000000233
309646, 44523.3400,  3, 672.58, 32.05999999999767
309648, 44523.5500,  3, 684.58, 32.33999999999651
309692, 44528.2700,  3, 676.27, 37.05000000000291
309795, 44553.6900,  1, -398.15, 10.92000000000553
309795, 44553.6900,  1, -414.95, 10.92000000000553
309813, 44555.6200,  1, -410.69, 12.85000000000582
309813, 44555.6200,  1, -425.82, 12.85000000000582
309954, 44570.7300,  3, 665.94, 27.900000000001455
309956, 44570.9400,  3, 632.03, 28.110000000000582
309981, 44573.6200,  3, 701.16, 30.840000000003783
310018, 44577.5900,  3, 631.62, 34.720000000001164
310233, 44614.7700,  1, -469.52, 22.94999999999709
310233, 44614.7700,  1, -399.43, 22.94999999999709
310289, 44620.7700,  3, 702.38, 28.919999999998254
310289, 44620.7700,  3, 691.66, 28.840000000003783
310323, 44624.4100,  3, 683.47, 32.54000000000087
310324, 44624.5200,  3, 663.73, 32.63999999999942
310326, 44624.7300,  3, 706.18, 32.830000000001746
310381, 44630.6200,  3, 691.09, 38.7300000000032
310465, 44653.9100,  1, -468.28, 8.910000000003492
310465, 44653.9100,  1, -426.05, 8.910000000003492
310509, 44658.6200,  1, -425.12, 13.62000000000262
310509, 44658.6200,  1, -402.29, 13.62000000000262
310533, 44661.1900,  1, -415.25, 16.19000000000233
310533, 44661.1900,  1, -416.08, 16.19000000000233
310668, 44675.6600,  3, 683.87, 30.55999999999767
310710, 44680.1600,  3, 649.96, 35.13999999999942
310836, 44708.0900,  1, -440.12, 13.419999999998254
310836, 44708.0900,  1, -416.86, 13.419999999998254
310881, 44712.9100,  1, -415.93, 18.24000000000524
310881, 44712.9100,  1, -433.01, 18.24000000000524
311030, 44728.8700,  3, 692.17, 34.16000000000349
311043, 44730.2700,  3, 670.78, 35.56000000000495
311044, 44730.3700,  3, 678.71, 35.68000000000029
311092, 44735.5200,  3, 677.76, 40.74000000000524
311241, 44766.5900,  1, -393.68, 15.87999999999738
311241, 44766.5900,  1, -411.15, 15.87999999999738
311337, 44776.8700,  3, 660.31, 26.139999999999418
311396, 44783.1900,  3, 715.02, 32.44000000000233
311404, 44784.0500,  3, 684.39, 33.23999999999796
311429, 44786.7300,  3, 696.65, 35.94000000000233
311429, 44786.7300,  3, 694.46, 35.919999999998254
311484, 44792.6200,  3, 721.78, 41.88999999999942
311570, 44816.3000,  1, -449.45, 9.12000000000262
311570, 44816.3000,  1, -481.49, 9.12000000000262
311585, 44817.9100,  1, -468.49, 10.730000000003201
311585, 44817.9100,  1, -444.14, 10.730000000003201
311733, 44833.7700,  3, 700.24, 26.5
311761, 44836.7700,  3, 718.78, 29.580000000001746
311801, 44841.0500,  3, 658.73, 33.79000000000087
311801, 44841.0500,  3, 714.03, 33.79000000000087
312065, 44883.8000,  3, 705.88, 28.19000000000233
312069, 44884.2300,  3, 686.24, 28.520000000004075
312072, 44884.5500,  3, 697.93, 28.860000000000582
312075, 44884.8700,  3, 681.96, 29.18000000000029
312085, 44885.9400,  3, 703.98, 30.270000000004075
312094, 44886.9100,  3, 651.24, 31.25
312154, 44893.3400,  3, 736.55, 37.669999999998254
312228, 44901.2700,  3, 661.59, 45.61000000000058
312385, 44932.5900,  1, -429.39, 16.719999999993888
312385, 44932.5900,  1, -400.23, 16.719999999993888
312438, 44938.2700,  1, -345.75, 22.39999999999418
312438, 44938.2700,  1, -362.95, 22.39999999999418
312508, 44945.7700,  3, 702.40, 29.82999999999447
312524, 44947.4800,  3, 722.20, 31.540000000000873
312544, 44949.6200,  3, 681.48, 33.729999999995925
312548, 44950.0500,  3, 696.09, 34.08999999999651
312771, 44989.2700,  3, 691.64, 23.7699999999968
312790, 44991.3000,  3, 653.57, 25.80999999999767
312806, 44993.0200,  3, 712.11, 27.470000000001164
312810, 44993.4400,  3, 733.52, 27.869999999995343
312820, 44994.5200,  3, 719.65, 28.970000000001164
312853, 44998.0500,  3, 695.94, 32.549999999995634
312932, 45006.5200,  3, 678.12, 41.029999999998836
312940, 45007.3700,  3, 788.99, 41.799999999995634
313050, 45033.3000,  1, -428.09, 11.700000000004366
313050, 45033.3000,  1, -451.98, 11.700000000004366
313123, 45041.1200,  1, -438.82, 19.520000000004075
313123, 45041.1200,  1, -393.20, 19.520000000004075
313214, 45050.8700,  3, 703.51, 29.25
313242, 45053.8700,  3, 685.54, 32.2300000000032
313243, 45053.9800,  3, 700.42, 32.349999999998545
313312, 45061.3700,  3, 748.75, 39.669999999998254
313431, 45088.3700,  1, -436.61, 12.650000000001455
313431, 45088.3700,  1, -394.27, 12.650000000001455
313442, 45089.5500,  1, -445.35, 13.830000000001746
313442, 45089.5500,  1, -419.18, 13.830000000001746
313449, 45090.3000,  1, -417.27, 14.580000000001746
313561, 45102.3000,  3, 706.52, 26.56999999999971
313574, 45103.6900,  3, 642.95, 27.869999999995343
313607, 45107.2300,  3, 688.29, 31.459999999999127
313823, 45144.8000,  1, -448.69, 23.030000000006112
313884, 45151.3400,  3, 714.29, 29.49000000000524
313885, 45151.4400,  3, 646.60, 29.660000000003492
313887, 45151.6600,  3, 717.00, 29.790000000000873
313899, 45152.9400,  3, 704.71, 31.090000000003783
313929, 45156.1600,  3, 714.07, 34.31999999999971
313940, 45157.3400,  3, 654.86, 35.49000000000524
313974, 45160.9800,  3, 724.24, 39.11000000000058
314126, 45191.5200,  1, -403.75, 16.19999999999709
314126, 45191.5200,  1, -404.70, 16.19999999999709
314212, 45200.7300,  3, 735.28, 25.37000000000262
314222, 45201.8000,  1, -403.75, 26.4800000000032
314222, 45201.8000,  1, -320.19, 26.4800000000032
314233, 45202.9800,  3, 679.43, 27.55999999999767
314275, 45207.4800,  3, 704.16, 32.099999999998545
314333, 45213.6900,  3, 715.27, 38.34000000000378
314404, 45235.6900,  1, -452.81, 7.5
314404, 45235.6900,  1, -461.17, 7.5
314493, 45245.2300,  1, -386.15, 17.040000000000873
314493, 45245.2300,  1, -420.84, 17.040000000000873
314567, 45253.1600,  3, 673.88, 24.959999999999127
314570, 45253.4800,  3, 677.31, 25.279999999998836
314600, 45256.6900,  3, 708.61, 28.479999999995925
314647, 45261.7300,  3, 690.95, 33.5
314789, 45292.1900,  1, -430.38, 15.10000000000582
314789, 45292.1900,  1, -424.34, 15.10000000000582
314893, 45303.3400,  3, 681.97, 26.19000000000233
314916, 45305.8000,  3, 679.97, 28.67000000000553
314940, 45308.3700,  3, 702.63, 31.200000000004366
314942, 45308.5900,  3, 693.02, 31.49000000000524
315001, 45314.9100,  3, 694.44, 37.79000000000087
315076, 45322.9400,  3, 723.29, 45.80000000000291
315291, 45360.2300,  1, -432.54, 22.93000000000029
315291, 45360.2300,  1, -400.06, 22.93000000000029
315311, 45362.3700,  3, 674.68, 25.0199999999968
315324, 45363.7700,  3, 698.82, 26.43000000000029
315342, 45365.6900,  3, 692.64, 28.299999999995634
315369, 45368.5900,  3, 684.62, 31.239999999997963
315371, 45368.8000,  3, 702.47, 31.389999999999418
315378, 45369.5500,  3, 711.62, 32.20999999999913
315472, 45393.9400,  1, -424.19, 9.980000000003201
315472, 45393.9400,  1, -403.64, 9.980000000003201
315517, 45398.7700,  1, -431.25, 14.809999999997672
315673, 45415.4800,  3, 667.54, 31.5
315682, 45416.4400,  3, 665.42, 32.44000000000233
315706, 45419.0200,  3, 677.10, 35.04000000000087
315714, 45419.8700,  3, 625.42, 35.88999999999942
315754, 45424.1600,  3, 740.33, 40.18000000000029
315880, 45451.9800,  1, -401.35, 13.410000000003492
315880, 45451.9800,  1, -399.37, 13.410000000003492
316035, 45468.5900,  3, 681.79, 30.010000000002037
316059, 45471.1600,  3, 706.29, 32.5199999999968
316060, 45471.2700,  3, 694.79, 32.68000000000029
316065, 45471.8000,  3, 681.53, 33.150000000001455
316066, 45471.9100,  3, 780.42, 33.30999999999767
316076, 45472.9800,  3, 714.87, 34.31999999999971
316208, 45501.3700,  1, -434.13, 14.05000000000291
316208, 45501.3700,  1, -396.55, 14.05000000000291
316225, 45503.1900,  1, -407.02, 15.87000000000262
316225, 45503.1900,  1, -382.68, 15.87000000000262
316344, 45515.9400,  3, 736.06, 28.5199999999968
316386, 45520.4400,  3, 691.96, 33.080000000001746
316431, 45525.2700,  3, 703.85, 37.93000000000029
316439, 45526.1200,  3, 684.82, 38.720000000001164
316576, 45555.2700,  1, -383.20, 14.599999999998545
316576, 45555.2700,  1, -441.49, 14.599999999998545
316600, 45557.8400,  1, -435.48, 17.169999999998254
316646, 45562.7700,  1, -425.48, 22.099999999998545
316646, 45562.7700,  1, -372.50, 22.099999999998545
316709, 45569.5200,  3, 708.90, 28.840000000003783
316738, 45572.6200,  3, 672.22, 31.93000000000029
316817, 45581.0900,  3, 711.01, 40.38000000000466
316954, 45610.8700,  1, -394.30, 14.569999999999709
316954, 45610.8700,  1, -395.02, 14.569999999999709
316964, 45611.9400,  1, -436.19, 15.639999999999418
317039, 45619.9800,  3, 713.98, 23.599999999998545
317084, 45624.8000,  3, 638.85, 28.389999999999418
317094, 45625.8700,  3, 653.26, 29.5199999999968
317101, 45626.6200,  3, 677.86, 30.25999999999476
317150, 45631.8700,  3, 686.38, 35.55999999999767
317297, 45661.9100,  1, -406.57, 15.640000000006694
317297, 45661.9100,  1, -423.32, 15.640000000006694
317321, 45664.4800,  1, -431.48, 18.210000000006403
317417, 45674.7700,  3, 678.51, 28.450000000004366
317447, 45677.9800,  3, 669.47, 31.68000000000029
317492, 45682.8000,  3, 663.94, 36.44000000000233
317497, 45683.3400,  3, 703.53, 37.03000000000611
317497, 45683.3400,  3, 670.09, 37.04000000000087
317597, 45708.1900,  1, -464.82, 10.60000000000582
317597, 45708.1900,  1, -434.74, 10.60000000000582
317651, 45713.9800,  1, -468.52, 16.390000000006694
317651, 45713.9800,  1, -391.52, 16.390000000006694
317738, 45723.3000,  3, 683.07, 25.67000000000553
317760, 45725.6600,  3, 701.18, 27.960000000006403
317797, 45729.6200,  3, 704.98, 31.960000000006403
317798, 45729.7300,  3, 643.19, 32.12000000000262
317921, 45758.1600,  1, -396.07, 13.080000000001746
317921, 45758.1600,  1, -413.87, 13.080000000001746
317932, 45759.3400,  1, -380.41, 14.259999999994761
317932, 45759.3400,  1, -451.69, 14.259999999994761
318044, 45771.3400,  3, 701.70, 26.18000000000029
318046, 45771.5500,  3, 694.53, 26.360000000000582
318084, 45775.6200,  3, 700.24, 30.470000000001164
318150, 45782.6900,  3, 692.96, 37.5199999999968
318279, 45810.6200,  1, -451.29, 13.720000000001164
318279, 45810.6200,  1, -396.04, 13.720000000001164
318288, 45811.5900,  1, -422.88, 14.689999999995052
318288, 45811.5900,  1, -406.27, 14.689999999995052
318406, 45824.2300,  3, 677.06, 27.290000000000873
318421, 45825.8400,  3, 693.70, 28.909999999996217
318477, 45831.8400,  3, 712.54, 34.87999999999738
318533, 45837.8400,  3, 788.39, 40.90999999999622
318667, 45866.6600,  1, -417.04, 14.270000000004075
318667, 45866.6600,  1, -409.49, 14.270000000004075
318741, 45874.5900,  1, -383.93, 22.19999999999709
318741, 45874.5900,  1, -444.80, 22.19999999999709
318781, 45878.8700,  3, 683.47, 26.389999999999418
318805, 45881.4400,  3, 663.49, 28.959999999999127
318810, 45882.0600,  3, 649.60, 29.5
318873, 45888.8000,  3, 704.56, 36.37999999999738
319144, 45932.3000,  3, 712.71, 28.81999999999971
319148, 45932.7300,  1, -362.97, 29.35000000000582
319164, 45934.4400,  3, 690.00, 31.0
319166, 45934.6600,  3, 690.06, 31.25
319192, 45937.4400,  3, 713.25, 34.03000000000611
319216, 45940.0200,  3, 690.97, 36.580000000001746
319218, 45940.2300,  3, 676.29, 36.78000000000611
319247, 45943.3400,  3, 706.22, 39.88999999999942
319381, 45972.7700,  1, -406.57, 14.259999999994761
319381, 45972.7700,  1, -433.14, 14.259999999994761
319514, 45987.0200,  3, 645.72, 28.409999999996217
319548, 45990.6600,  3, 659.99, 32.11999999999534
319552, 45991.0900,  3, 716.36, 32.5199999999968
319556, 45991.5200,  3, 699.40, 32.93999999999505
319570, 45993.0200,  3, 703.68, 34.479999999995925
319642, 46000.7300,  3, 687.01, 42.150000000001455
319741, 46026.5900,  1, -445.15, 10.519999999996799
319741, 46026.5900,  1, -461.11, 10.519999999996799
319829, 46036.0200,  1, -389.96, 19.94999999999709
319829, 46036.0200,  1, -453.77, 19.94999999999709
319836, 46036.7700,  1, -391.60, 20.69999999999709
319897, 46043.3000,  3, 680.98, 27.19000000000233
319943, 46048.2300,  3, 714.26, 32.150000000001455
320027, 46057.2300,  3, 657.53, 41.11000000000058
320118, 46082.3400,  1, -454.04, 9.64999999999418
320118, 46082.3400,  1, -432.40, 9.64999999999418
320142, 46084.9100,  1, -396.31, 12.220000000001164
320142, 46084.9100,  1, -421.22, 12.220000000001164
320179, 46088.8700,  1, -415.21, 16.18000000000029
320179, 46088.8700,  1, -445.05, 16.18000000000029
320298, 46101.6200,  3, 722.17, 28.849999999998545
320348, 46106.9800,  3, 715.68, 34.18999999999505
320425, 46129.5200,  1, -449.37, 8.139999999999418
320425, 46129.5200,  1, -422.65, 8.139999999999418
320516, 46139.2700,  1, -430.32, 17.889999999999418
320516, 46139.2700,  1, -415.86, 17.889999999999418
320588, 46146.9800,  3, 690.59, 25.590000000003783
320605, 46148.8000,  1, -347.14, 27.42000000000553
320605, 46148.8000,  1, -319.62, 27.42000000000553
320713, 46160.3700,  3, 739.31, 38.900000000001455
320893, 46193.9800,  1, -458.64, 19.17000000000553
320893, 46193.9800,  1, -389.36, 19.17000000000553
320895, 46194.1900,  1, -430.11, 19.380000000004657
320939, 46198.9100,  3, 654.39, 24.040000000000873
320959, 46201.0500,  3, 669.77, 26.17000000000553
320977, 46202.9800,  3, 712.23, 28.110000000000582
320988, 46204.1600,  3, 696.66, 29.260000000002037
321108, 46217.0200,  3, 693.85, 42.200000000004366
321253, 46247.0900,  1, -408.45, 15.44999999999709
321253, 46247.0900,  1, -369.32, 15.44999999999709
321320, 46254.2700,  3, 684.23, 22.590000000003783
321336, 46255.9800,  3, 647.32, 24.239999999997963
321348, 46257.2700,  1, -319.43, 25.62999999999738
321348, 46257.2700,  1, -389.64, 25.62999999999738
321371, 46259.7300,  3, 673.39, 28.0
321464, 46269.6900,  3, 681.39, 37.9800000000032
321559, 46294.1600,  1, -428.76, 10.090000000003783
321559, 46294.1600,  1, -436.70, 10.090000000003783
321613, 46299.9400,  1, -428.64, 15.87000000000262
321613, 46299.9400,  1, -396.65, 15.87000000000262
321703, 46309.5900,  3, 698.36, 25.44999999999709
321706, 46309.9100,  3, 688.84, 25.760000000002037
321758, 46315.4800,  3, 694.92, 31.360000000000582
321781, 46317.9400,  3, 689.05, 33.849999999998545
321864, 46341.1900,  1, -438.56, 8.790000000000873
321864, 46341.1900,  1, -429.87, 8.790000000000873
321921, 46347.3000,  1, -424.46, 14.900000000001455
321921, 46347.3000,  1, -407.07, 14.900000000001455
322013, 46357.1600,  1, -388.42, 24.760000000002037
322043, 46360.3700,  3, 660.95, 27.959999999999127
322071, 46363.3700,  3, 715.41, 30.889999999999418
322104, 46366.9100,  3, 741.23, 34.43000000000029
322192, 46390.6900,  1, -441.36, 9.319999999999709
322192, 46390.6900,  1, -457.37, 9.319999999999709
322221, 46393.8000,  1, -394.40, 12.430000000000291
322221, 46393.8000,  1, -441.24, 12.430000000000291
322232, 46394.9800,  1, -436.46, 13.610000000000582
322232, 46394.9800,  1, -438.97, 13.610000000000582
322437, 46416.9400,  3, 663.31, 35.479999999995925
322484, 46421.9800,  3, 733.57, 40.5
322629, 46452.7300,  1, -417.31, 15.42000000000553
322629, 46452.7300,  1, -415.60, 15.42000000000553
322638, 46453.6900,  1, -370.91, 16.380000000004657
322638, 46453.6900,  1, -425.55, 16.380000000004657
322650, 46454.9800,  1, -445.25, 17.67000000000553
322764, 46467.1900,  3, 698.54, 29.840000000003783
322776, 46468.4800,  3, 659.42, 31.110000000000582
322779, 46468.8000,  3, 648.02, 31.43000000000029
322857, 46491.4400,  1, -451.77, 8.25
322857, 46491.4400,  1, -439.78, 8.25
322878, 46493.6900,  1, -440.68, 10.5
322878, 46493.6900,  1, -418.38, 10.5
323078, 46515.1200,  3, 721.19, 31.89999999999418
323080, 46515.3400,  3, 680.81, 32.11000000000058
323085, 46515.8700,  3, 683.12, 32.599999999998545
323098, 46517.2700,  3, 631.29, 33.979999999995925
323227, 46545.5500,  1, -424.03, 13.720000000001164
323227, 46545.5500,  1, -424.91, 13.720000000001164
323257, 46548.7700,  1, -450.19, 16.939999999995052
323345, 46558.1900,  3, 656.96, 26.31999999999971
323373, 46561.1900,  3, 718.53, 29.330000000001746
323402, 46564.3000,  3, 655.06, 32.44999999999709
323402, 46564.3000,  3, 658.27, 32.43999999999505
323485, 46573.1900,  3, 722.35, 41.30999999999767
323619, 46601.9400,  1, -402.50, 14.270000000004075
323619, 46601.9400,  1, -439.33, 14.270000000004075
323712, 46611.9100,  3, 690.11, 24.150000000001455
323725, 46613.3000,  3, 672.14, 25.56999999999971
323741, 46615.0200,  3, 643.93, 27.270000000004075
323774, 46618.5500,  3, 695.75, 30.80000000000291
323789, 46620.1600,  3, 664.15, 32.44000000000233
323803, 46621.6600,  3, 683.15, 33.93000000000029
323898, 46646.2700,  1, -451.32, 10.07999999999447
323898, 46646.2700,  1, -439.07, 10.07999999999447
323932, 46649.9100,  1, -403.70, 13.720000000001164
323932, 46649.9100,  1, -482.80, 13.720000000001164
324091, 46666.9400,  3, 691.62, 30.689999999995052
324092, 46667.0500,  3, 673.40, 30.7699999999968
324095, 46667.3700,  3, 645.75, 31.07999999999447
324197, 46678.3000,  3, 675.86, 42.099999999998545
324418, 46715.9800,  1, -361.69, 23.580000000001746
324418, 46715.9800,  1, -393.35, 23.580000000001746
324427, 46716.9400,  3, 705.81, 24.44999999999709
324483, 46722.9400,  3, 637.05, 30.479999999995925
324493, 46724.0200,  3, 706.66, 31.589999999996508
324523, 46727.2300,  3, 699.69, 34.75
324527, 46727.6600,  3, 679.10, 35.19999999999709
324533, 46728.3000,  3, 670.94, 35.86000000000058
324697, 46760.0900,  1, -430.29, 17.489999999997963
324697, 46760.0900,  1, -372.72, 17.489999999997963
324748, 46765.5500,  1, -406.36, 22.950000000004366
324748, 46765.5500,  1, -400.03, 22.950000000004366
324817, 46772.9400,  3, 645.00, 30.30000000000291
324826, 46773.9100,  3, 667.40, 31.279999999998836
324838, 46775.1900,  3, 696.75, 32.5
324847, 46776.1600,  3, 674.46, 33.4800000000032
324960, 46802.5200,  1, -465.11, 12.009999999994761
324960, 46802.5200,  1, -461.83, 12.009999999994761
325014, 46808.3000,  1, -398.31, 17.790000000000873
325014, 46808.3000,  1, -467.43, 17.790000000000873
325083, 46815.6900,  3, 671.87, 25.110000000000582
325117, 46819.3400,  3, 707.77, 28.779999999998836
325127, 46820.4100,  3, 693.69, 29.849999999998545
325146, 46822.4400,  3, 689.72, 31.860000000000582
325283, 46851.7300,  1, -420.78, 14.569999999999709
325283, 46851.7300,  1, -403.27, 14.569999999999709
325368, 46860.8400,  3, 686.32, 23.62999999999738
325390, 46863.1900,  3, 684.65, 25.959999999999127
325392, 46863.4100,  3, 695.87, 26.14999999999418
325403, 46864.5900,  3, 738.41, 27.349999999998545
325493, 46874.2300,  3, 642.97, 36.96999999999389
325511, 46876.1600,  3, 697.10, 38.88999999999942
325591, 46899.0200,  1, -438.31, 8.469999999993888
325591, 46899.0200,  1, -444.20, 8.469999999993888
325753, 46916.3700,  3, 681.21, 25.729999999995925
325792, 46920.5500,  3, 662.12, 29.94999999999709
325810, 46922.4800,  3, 683.45, 31.89999999999418
325817, 46923.2300,  3, 692.39, 32.599999999998545
325845, 46926.2300,  3, 713.56, 35.56999999999971
325871, 46929.0200,  3, 663.47, 38.45999999999913
326027, 46960.2700,  1, -394.49, 16.619999999995343
326047, 46962.4100,  1, -392.76, 18.760000000002037
326047, 46962.4100,  1, -401.16, 18.760000000002037
326048, 46962.5200,  1, -429.88, 18.869999999995343
326113, 46969.4800,  3, 676.18, 25.80999999999767
326209, 46979.7700,  3, 710.92, 36.08999999999651
326214, 46980.3000,  3, 651.89, 36.62999999999738
326276, 46986.9400,  3, 685.71, 43.2699999999968
326425, 47017.3400,  1, -448.73, 15.869999999995343
326425, 47017.3400,  1, -388.04, 15.869999999995343
326443, 47019.2700,  1, -436.54, 17.799999999995634
326443, 47019.2700,  1, -425.38, 17.799999999995634
326449, 47019.9100,  1, -357.26, 18.44000000000233
326449, 47019.9100,  1, -441.46, 18.44000000000233
326496, 47024.9400,  3, 695.19, 23.44000000000233
326533, 47028.9100,  3, 667.04, 27.389999999999418
326650, 47056.0900,  1, -442.91, 12.429999999993015
326650, 47056.0900,  1, -480.29, 12.429999999993015
326667, 47057.9100,  1, -398.34, 14.25
326667, 47057.9100,  1, -392.71, 14.25
326807, 47072.9100,  3, 688.29, 29.219999999993888
326823, 47074.6200,  3, 702.16, 30.889999999999418
326824, 47074.7300,  3, 726.43, 31.049999999995634
326962, 47089.5200,  3, 661.50, 45.82999999999447
327086, 47118.0900,  1, -424.56, 13.19999999999709
327086, 47118.0900,  1, -406.50, 13.19999999999709
327172, 47127.3000,  3, 654.81, 22.389999999999418
327234, 47133.9400,  3, 660.96, 29.010000000002037
327236, 47134.1600,  3, 658.92, 29.239999999997963
327248, 47135.4400,  3, 710.09, 30.470000000001164
327271, 47137.9100,  3, 730.97, 32.94000000000233
327288, 47139.7300,  3, 682.34, 34.80000000000291
327385, 47164.4800,  1, -444.89, 10.280000000006112
327385, 47164.4800,  1, -441.75, 10.280000000006112
327413, 47167.4800,  1, -401.58, 13.280000000006112
327413, 47167.4800,  1, -435.78, 13.280000000006112
327439, 47170.2700,  1, -440.56, 16.06999999999971
327591, 47186.5500,  3, 707.99, 32.30000000000291
327604, 47187.9400,  3, 643.51, 33.650000000001455
327637, 47191.4800,  3, 655.25, 37.270000000004075
327743, 47217.0500,  1, -421.84, 11.270000000004075
327743, 47217.0500,  1, -472.26, 11.270000000004075
327765, 47219.4100,  1, -420.15, 13.630000000004657
327765, 47219.4100,  1, -436.71, 13.630000000004657
327932, 47237.3000,  3, 704.41, 31.419999999998254
327938, 47237.9400,  3, 660.21, 32.150000000001455
327940, 47238.1600,  3, 675.24, 32.34000000000378
328425, 47290.1200,  3, 669.36, 84.33000000000175
328588, 47321.8400,  1, -415.60, 17.369999999995343
328588, 47321.8400,  1, -432.64, 17.369999999995343
328695, 47333.3000,  3, 671.73, 28.799999999995634
328707, 47334.5900,  3, 662.71, 30.040000000000873
328745, 47338.6600,  3, 694.47, 34.13999999999942
328754, 47339.6200,  3, 686.63, 35.13999999999942
328781, 47342.5200,  3, 701.74, 38.029999999998836
328785, 47342.9400,  3, 711.00, 38.419999999998254
328920, 47371.7300,  1, -376.89, 14.360000000000582
328920, 47371.7300,  1, -417.26, 14.360000000000582
329036, 47384.1600,  3, 705.88, 26.689999999995052
329039, 47384.4800,  3, 681.60, 27.07999999999447
329044, 47385.0200,  3, 680.84, 27.55999999999767
329075, 47388.3400,  3, 717.88, 30.959999999999127
329118, 47392.9400,  3, 620.37, 35.5199999999968
329150, 47396.3700,  3, 771.57, 38.98999999999796
329266, 47423.9800,  1, -417.95, 12.330000000001746
329266, 47423.9800,  1, -423.81, 12.330000000001746
329270, 47424.4100,  1, -436.49, 12.760000000002037
329270, 47424.4100,  1, -437.47, 12.760000000002037
329391, 47437.3700,  3, 668.77, 25.659999999996217
329418, 47440.2700,  1, -458.41, 28.619999999995343
329460, 47444.7700,  3, 678.12, 33.11000000000058
329468, 47445.6200,  3, 751.78, 33.919999999998254
329593, 47473.5500,  1, -464.10, 13.290000000000873
329686, 47483.5200,  3, 670.37, 23.189999999995052
329689, 47483.8400,  1, -334.97, 23.57999999999447
329689, 47483.8400,  1, -387.82, 23.57999999999447
329725, 47487.6900,  3, 708.65, 27.409999999996217
329794, 47495.0900,  3, 743.32, 34.81999999999971
329807, 47496.4800,  3, 699.87, 36.20999999999913
329840, 47500.0200,  3, 647.98, 39.720000000001164
329959, 47527.2700,  1, -429.39, 12.669999999998254
329959, 47527.2700,  1, -447.24, 12.669999999998254
330064, 47538.5200,  3, 692.11, 23.889999999999418
330084, 47540.6600,  3, 748.30, 25.959999999999127
330087, 47540.9800,  3, 669.54, 26.310000000004948
330133, 47545.9100,  3, 691.73, 31.220000000001164
330145, 47547.1900,  3, 675.04, 32.5
330170, 47549.8700,  3, 715.66, 35.200000000004366
330294, 47577.1600,  1, -447.25, 13.180000000000291
330294, 47577.1600,  1, -419.97, 13.180000000000291
330326, 47580.5900,  1, -400.75, 16.609999999993306
330326, 47580.5900,  1, -443.15, 16.609999999993306
330340, 47582.0900,  1, -417.09, 18.109999999993306
330467, 47595.6900,  3, 699.73, 31.68000000000029
330472, 47596.2300,  3, 700.71, 32.21999999999389
330563, 47605.9800,  3, 689.64, 41.96999999999389
330639, 47628.5200,  1, -440.22, 8.059999999997672
330639, 47628.5200,  1, -448.83, 8.059999999997672
330705, 47635.5900,  1, -411.52, 15.12999999999738
330705, 47635.5900,  1, -416.80, 15.12999999999738
330717, 47636.8700,  1, -378.17, 16.410000000003492
330717, 47636.8700,  1, -440.71, 16.410000000003492
330852, 47651.3400,  3, 686.41, 30.81999999999971
330944, 47661.1900,  3, 713.49, 40.63999999999942
331075, 47689.5500,  1, -404.09, 13.950000000004366
331075, 47689.5500,  1, -438.97, 13.950000000004366
331172, 47699.9400,  1, -477.97, 24.340000000003783
331179, 47700.6900,  3, 667.70, 24.989999999997963
331188, 47701.6600,  1, -345.12, 26.060000000004948
331188, 47701.6600,  1, -347.87, 26.060000000004948
331245, 47707.7700,  3, 682.94, 32.06999999999971
331331, 47716.9800,  3, 761.96, 41.279999999998836
331424, 47741.2700,  1, -440.17, 9.87999999999738
331424, 47741.2700,  1, -480.57, 9.87999999999738
331431, 47742.0200,  1, -468.91, 10.62999999999738
331431, 47742.0200,  1, -425.00, 10.62999999999738
331608, 47760.9800,  1, -399.12, 29.590000000003783
331608, 47760.9800,  1, -346.39, 29.590000000003783
331613, 47761.5200,  3, 718.44, 30.020000000004075
331648, 47765.2700,  3, 675.48, 33.830000000001746
331792, 47795.1200,  1, -405.44, 15.319999999999709
331792, 47795.1200,  1, -412.70, 15.319999999999709
331848, 47801.1200,  1, -388.67, 21.31999999999971
331869, 47803.3700,  3, 673.48, 23.479999999995925
331909, 47807.6600,  3, 677.66, 27.75999999999476
331935, 47810.4400,  3, 715.86, 30.62999999999738
331967, 47813.8700,  3, 701.73, 33.98999999999796
331971, 47814.3000,  3, 683.74, 34.45999999999913
332095, 47842.6900,  1, -477.24, 13.190000000002328
332095, 47842.6900,  1, -444.32, 13.190000000002328
332127, 47846.1200,  1, -497.00, 16.62000000000262
332162, 47849.8700,  1, -372.60, 20.37000000000262
332162, 47849.8700,  1, -443.19, 20.37000000000262
332172, 47850.9400,  1, -370.09, 21.44000000000233
332172, 47850.9400,  1, -370.31, 21.44000000000233
332250, 47859.3000,  3, 722.04, 29.7300000000032
332352, 47884.7700,  1, -445.93, 10.849999999998545
332352, 47884.7700,  1, -452.27, 10.849999999998545
332445, 47894.7300,  1, -407.60, 20.810000000004948
332445, 47894.7300,  1, -448.00, 20.810000000004948
332475, 47897.9400,  1, -465.40, 24.020000000004075
332502, 47900.8400,  3, 690.12, 26.889999999999418
332527, 47903.5200,  3, 650.98, 29.540000000000873
332597, 47911.0200,  3, 659.96, 36.99000000000524
332827, 47949.8700,  1, -409.86, 24.530000000006112
332827, 47949.8700,  1, -446.10, 24.530000000006112
332837, 47950.9400,  3, 675.82, 25.5
332840, 47951.2700,  3, 655.39, 25.890000000006694
332890, 47956.6200,  3, 679.22, 31.2300000000032
332902, 47957.9100,  3, 670.14, 32.55000000000291
332911, 47958.8700,  3, 704.85, 33.5
332951, 47963.1600,  3, 616.91, 37.78000000000611
333067, 47989.8400,  1, -427.39, 12.32999999999447
333067, 47989.8400,  1, -430.58, 12.32999999999447
333173, 48001.1900,  3, 672.67, 23.62999999999738
333191, 48003.1200,  3, 695.18, 25.55999999999767
333219, 48006.1200,  3, 721.72, 28.56999999999971
333224, 48006.6600,  3, 705.58, 29.099999999998545
333275, 48012.1200,  3, 661.35, 34.50999999999476
333296, 48014.3700,  3, 704.40, 36.83999999999651
333534, 48054.1900,  3, 674.45, 25.330000000001746
333594, 48060.6200,  3, 724.11, 31.830000000001746
333598, 48061.0500,  3, 697.67, 32.23999999999796
333603, 48061.5900,  3, 714.45, 32.700000000004366
333605, 48061.8000,  3, 659.42, 32.950000000004366
333618, 48063.1900,  3, 699.02, 34.38000000000466
333679, 48069.7300,  3, 724.78, 40.88999999999942
333679, 48069.7300,  3, 671.27, 40.91000000000349
333787, 48095.6600,  1, -411.56, 11.480000000003201
333787, 48095.6600,  1, -459.08, 11.480000000003201
333791, 48096.0900,  1, -404.52, 11.909999999996217
333791, 48096.0900,  1, -431.39, 11.909999999996217
333817, 48098.8700,  1, -439.97, 14.690000000002328
333817, 48098.8700,  1, -402.44, 14.690000000002328
333956, 48113.7700,  3, 725.53, 29.5199999999968
333996, 48118.0500,  3, 768.52, 33.779999999998836
334168, 48150.9400,  1, -353.82, 18.340000000003783
334168, 48150.9400,  1, -491.35, 18.340000000003783
334207, 48155.1200,  1, -489.28, 22.520000000004075
334207, 48155.1200,  1, -422.24, 22.520000000004075
334267, 48161.5500,  3, 684.09, 28.880000000004657
334283, 48163.2700,  3, 718.20, 30.62000000000262
334285, 48163.4800,  3, 677.55, 30.770000000004075
334367, 48172.2700,  3, 610.74, 39.650000000001455
334488, 48199.6600,  1, -418.65, 12.87000000000262
334488, 48199.6600,  1, -418.96, 12.87000000000262
334591, 48210.6900,  1, -433.54, 23.900000000001455
334603, 48211.9800,  1, -401.24, 25.19000000000233
334618, 48213.5900,  3, 675.90, 26.75
334630, 48214.8700,  3, 685.51, 28.0
334643, 48216.2700,  3, 673.13, 29.419999999998254
334649, 48216.9100,  3, 670.88, 30.110000000000582
334788, 48245.9100,  1, -455.83, 14.810000000004948
334788, 48245.9100,  1, -402.13, 14.810000000004948
334856, 48253.1900,  1, -365.72, 22.090000000003783
334856, 48253.1900,  1, -321.54, 22.090000000003783
334938, 48261.9800,  3, 743.63, 30.770000000004075
334940, 48262.1900,  3, 683.25, 31.029999999998836
334971, 48265.5200,  3, 661.53, 34.349999999998545
334974, 48265.8400,  3, 689.02, 34.69000000000233
335117, 48296.5200,  1, -487.03, 15.239999999997963
335117, 48296.5200,  1, -402.00, 15.239999999997963
335132, 48298.1200,  1, -443.95, 16.840000000003783
335132, 48298.1200,  1, -377.62, 16.840000000003783
335207, 48306.1600,  3, 694.65, 24.80000000000291
335282, 48314.1900,  3, 709.07, 32.81999999999971
335295, 48315.5900,  3, 716.51, 34.279999999998836
335317, 48317.9400,  3, 683.09, 36.650000000001455
335452, 48346.7300,  1, -406.77, 14.360000000000582
335452, 48346.7300,  1, -392.84, 14.360000000000582
335551, 48357.3400,  3, 683.34, 24.89999999999418
335611, 48363.7700,  3, 768.12, 31.299999999995634
335611, 48363.7700,  3, 647.78, 31.290000000000873
335615, 48364.1900,  3, 691.14, 31.80999999999767
335622, 48364.9400,  3, 731.49, 32.50999999999476
335643, 48367.1900,  3, 654.64, 34.75999999999476
335929, 48412.1200,  3, 697.09, 30.5
335938, 48413.0900,  3, 725.29, 31.5
335950, 48414.3700,  3, 766.18, 32.75999999999476
335970, 48416.5200,  3, 730.01, 34.849999999998545
336019, 48421.7700,  3, 686.28, 40.08999999999651
336026, 48422.5200,  3, 740.24, 40.919999999998254
336063, 48426.4800,  3, 780.61, 44.81999999999971
336145, 48435.2700,  3, 626.84, 53.580000000001746
336298, 48465.9100,  1, -430.54, 16.310000000004948
336298, 48465.9100,  1, -452.93, 16.310000000004948
336351, 48471.5900,  1, -343.87, 21.989999999997963
336351, 48471.5900,  1, -373.98, 21.989999999997963
336369, 48473.5200,  1, -424.52, 23.919999999998254
336369, 48473.5200,  1, -369.14, 23.919999999998254
336459, 48483.1600,  3, 687.29, 33.55000000000291
336467, 48484.0200,  3, 686.12, 34.400000000001455
336600, 48512.8400,  1, -431.48, 14.169999999998254
336600, 48512.8400,  1, -399.91, 14.169999999998254
336627, 48515.7300,  1, -405.42, 17.060000000004948
336627, 48515.7300,  1, -380.44, 17.060000000004948
336658, 48519.0500,  1, -438.60, 20.380000000004657
336731, 48526.8700,  3, 689.78, 28.169999999998254
336740, 48527.8400,  3, 682.68, 29.080000000001746
336833, 48537.8000,  3, 697.85, 39.06999999999971
337071, 48577.7700,  3, 659.55, 25.349999999998545
337078, 48578.5200,  3, 686.38, 26.130000000004657
337134, 48584.5200,  3, 696.01, 32.150000000001455
337136, 48584.7300,  3, 760.65, 32.330000000001746
337167, 48588.0500,  3, 689.40, 35.68000000000029
337191, 48590.6200,  3, 649.85, 38.25
337213, 48592.9800,  3, 696.49, 40.62000000000262
337299, 48602.1900,  3, 698.35, 49.75
337503, 48638.1600,  1, -472.24, 21.760000000002037
337503, 48638.1600,  1, -367.16, 21.760000000002037
337551, 48643.3000,  3, 682.60, 26.869999999995343
337624, 48651.1200,  3, 703.06, 34.68999999999505
337632, 48651.9800,  3, 705.06, 35.54000000000087
337645, 48653.3700,  3, 666.70, 36.86999999999534
337646, 48653.4800,  3, 659.80, 36.98999999999796
337660, 48654.9800,  3, 653.93, 38.48999999999796
337745, 48678.3000,  1, -444.14, 8.990000000005239
337745, 48678.3000,  1, -453.68, 8.990000000005239
337886, 48693.4100,  3, 704.58, 24.029999999998836
337940, 48699.1900,  3, 667.27, 29.860000000000582
337946, 48699.8400,  3, 719.16, 30.459999999999127
337956, 48700.9100,  3, 656.57, 31.529999999998836
338043, 48710.2300,  3, 651.43, 40.85000000000582
338067, 48712.8000,  3, 688.84, 43.45999999999913
338216, 48744.1200,  1, -404.49, 15.85000000000582
338216, 48744.1200,  1, -431.78, 15.85000000000582
338304, 48753.5500,  3, 672.52, 25.270000000004075
338337, 48757.0900,  3, 697.44, 28.80000000000291
338371, 48760.7300,  3, 672.00, 32.42000000000553
338371, 48760.7300,  3, 730.86, 32.41000000000349
338376, 48761.2700,  3, 721.66, 32.99000000000524
338440, 48768.1200,  3, 719.79, 39.770000000004075
338511, 48789.9100,  1, -459.91, 7.510000000002037
338511, 48789.9100,  1, -467.61, 7.510000000002037
338575, 48796.7700,  1, -416.80, 14.369999999995343
338575, 48796.7700,  1, -399.28, 14.369999999995343
338625, 48802.1200,  1, -375.92, 19.720000000001164
338625, 48802.1200,  1, -480.21, 19.720000000001164
338675, 48807.4800,  3, 708.41, 24.970000000001164
338711, 48811.3400,  3, 712.61, 28.93000000000029
338837, 48839.0200,  1, -533.77, 13.419999999998254
338913, 48847.1600,  3, 671.98, 21.55000000000291
338971, 48853.3700,  3, 673.57, 27.720000000001164
338998, 48856.2700,  3, 675.38, 30.56999999999971
339036, 48860.3400,  3, 680.03, 34.63999999999942
339053, 48862.1600,  3, 737.16, 36.470000000001164
339077, 48864.7300,  3, 688.82, 39.080000000001746
339127, 48870.0900,  3, 726.48, 44.4800000000032
339256, 48898.0200,  1, -463.48, 13.709999999999127
339256, 48898.0200,  1, -491.97, 13.709999999999127
339305, 48903.2700,  1, -466.83, 18.959999999999127
339305, 48903.2700,  1, -375.36, 18.959999999999127
339306, 48903.3700,  1, -482.40, 19.060000000004948
339397, 48913.1200,  3, 725.52, 28.760000000002037
339467, 48920.6200,  3, 671.97, 36.2300000000032
339471, 48921.0500,  3, 686.11, 36.63000000000466
339589, 48949.1600,  1, -393.28, 12.530000000006112
339589, 48949.1600,  1, -405.65, 12.530000000006112
339604, 48950.7700,  1, -443.86, 14.139999999999418
339604, 48950.7700,  1, -387.57, 14.139999999999418
339753, 48966.7300,  3, 648.47, 30.06999999999971
339757, 48967.1600,  3, 670.02, 30.450000000004366
339785, 48970.1600,  3, 743.74, 33.49000000000524
339924, 48985.0500,  3, 741.83, 48.31999999999971
340153, 49024.0900,  1, -366.92, 24.44999999999709
340153, 49024.0900,  1, -369.92, 24.44999999999709
340180, 49026.9800,  3, 678.31, 27.30999999999767
340229, 49032.2300,  3, 666.85, 32.54000000000087
340272, 49036.8400,  3, 710.56, 37.11000000000058
340306, 49040.4800,  3, 717.49, 40.81999999999971
340384, 49048.8400,  3, 648.97, 49.16000000000349
340385, 49048.9400,  3, 674.75, 49.20999999999913
340510, 49076.5900,  1, -424.81, 13.279999999998836
340510, 49076.5900,  1, -402.63, 13.279999999998836
340540, 49079.8000,  1, -426.81, 16.49000000000524
340540, 49079.8000,  1, -449.96, 16.49000000000524
340676, 49094.3700,  3, 671.77, 30.970000000001164
340712, 49098.2300,  3, 635.91, 34.86000000000058
340732, 49100.3700,  3, 669.13, 37.029999999998836
340743, 49101.5500,  3, 711.79, 38.17000000000553
340920, 49134.9100,  1, -409.99, 18.85000000000582
340920, 49134.9100,  1, -356.73, 18.85000000000582
341042, 49147.9800,  3, 698.07, 31.880000000004657
341055, 49149.3700,  3, 700.68, 33.279999999998836
341056, 49149.4800,  3, 741.82, 33.36000000000058
341058, 49149.6900,  3, 668.84, 33.529999999998836
341105, 49154.7300,  3, 658.21, 38.63999999999942
341116, 49155.9100,  3, 690.38, 39.79000000000087
341275, 49187.1600,  1, -437.93, 16.950000000004366
341275, 49187.1600,  1, -408.33, 16.950000000004366
341328, 49192.8400,  1, -420.37, 22.62999999999738
341328, 49192.8400,  1, -430.51, 22.62999999999738
341349, 49195.0900,  3, 690.46, 24.840000000003783
341391, 49199.5900,  3, 678.88, 29.31999999999971
341412, 49201.8400,  3, 742.51, 31.520000000004075
341415, 49202.1600,  3, 707.40, 31.840000000003783
341542, 49230.1200,  1, -423.54, 13.510000000002037
341542, 49230.1200,  1, -441.74, 13.510000000002037
341557, 49231.7300,  1, -392.98, 15.12000000000262
341557, 49231.7300,  1, -430.78, 15.12000000000262
341662, 49242.9800,  3, 655.41, 26.360000000000582
341694, 49246.4100,  3, 644.72, 29.75
341784, 49256.0500,  3, 719.34, 39.37000000000262
341827, 49260.6600,  3, 668.60, 44.0199999999968
341979, 49292.4400,  1, -395.41, 16.19000000000233
341979, 49292.4400,  1, -401.17, 16.19000000000233
341980, 49292.5500,  1, -429.62, 16.30000000000291
342035, 49298.4400,  1, -367.15, 22.19000000000233
342107, 49306.1600,  3, 659.24, 29.889999999999418
342141, 49309.8000,  3, 677.86, 33.44000000000233
342151, 49310.8700,  3, 699.72, 34.55000000000291
342242, 49320.6200,  3, 719.00, 44.2699999999968
342375, 49349.3700,  1, -385.36, 14.139999999999418
342375, 49349.3700,  1, -430.49, 14.139999999999418
342408, 49352.9100,  1, -464.71, 17.68000000000029
342408, 49352.9100,  1, -404.90, 17.68000000000029
342475, 49360.0900,  3, 687.95, 24.839999999996508
342594, 49372.8400,  3, 637.31, 37.5399999999936
342600, 49373.4800,  3, 672.23, 38.15999999999622
342617, 49375.3000,  3, 655.81, 39.979999999995925
342718, 49400.5200,  1, -458.94, 10.739999999997963
342718, 49400.5200,  1, -452.13, 10.739999999997963
342840, 49413.5900,  3, 683.93, 23.770000000004075
342865, 49416.2700,  3, 657.02, 26.400000000001455
342917, 49421.8400,  3, 719.82, 31.989999999997963
342922, 49422.3700,  3, 691.97, 32.529999999998836
342948, 49425.1600,  3, 651.98, 35.279999999998836
343024, 49433.3000,  3, 708.87, 43.4800000000032
343170, 49463.4100,  1, -420.82, 15.540000000000873
343170, 49463.4100,  1, -398.48, 15.540000000000873
343173, 49463.7300,  1, -476.90, 15.860000000000582
343173, 49463.7300,  1, -396.42, 15.860000000000582
343173, 49463.7300,  1, -406.90, 15.860000000000582
343300, 49477.3400,  3, 691.43, 29.459999999999127
343327, 49480.2300,  3, 709.94, 32.29000000000087
343426, 49490.8400,  3, 645.67, 42.87999999999738
343545, 49518.1600,  1, -408.98, 12.640000000006694
343545, 49518.1600,  1, -417.82, 12.640000000006694
343569, 49520.7300,  1, -435.07, 15.210000000006403
343569, 49520.7300,  1, -434.25, 15.210000000006403
343587, 49522.6600,  1, -385.22, 17.140000000006694
343587, 49522.6600,  1, -425.24, 17.140000000006694
343647, 49529.0900,  1, -469.50, 23.56999999999971
343744, 49539.4800,  3, 642.88, 33.86000000000058
343866, 49566.7700,  1, -448.51, 12.969999999993888
343866, 49566.7700,  1, -396.74, 12.969999999993888
343904, 49570.8400,  1, -428.32, 17.039999999993597
343904, 49570.8400,  1, -393.41, 17.039999999993597
343949, 49575.6600,  1, -449.96, 21.860000000000582
343949, 49575.6600,  1, -418.27, 21.860000000000582
343988, 49579.8400,  3, 691.47, 25.989999999997963
344024, 49583.6900,  3, 667.73, 29.80999999999767
344126, 49608.9100,  1, -462.42, 10.830000000001746
344126, 49608.9100,  1, -443.77, 10.830000000001746
344177, 49614.3700,  1, -433.00, 16.290000000000873
344177, 49614.3700,  1, -375.88, 16.290000000000873
344207, 49617.5900,  1, -459.66, 19.50999999999476
344277, 49625.0900,  3, 705.04, 27.0
344420, 49640.4100,  3, 645.65, 42.29000000000087
344427, 49641.1600,  3, 711.32, 42.98999999999796
344569, 49670.4800,  1, -390.84, 15.10000000000582
344670, 49681.3000,  3, 669.53, 25.889999999999418
344713, 49685.9100,  3, 668.53, 30.44000000000233
344718, 49686.4400,  3, 647.98, 30.9800000000032
344734, 49688.1600,  3, 710.69, 32.75
344749, 49689.7700,  3, 651.34, 34.35000000000582
344793, 49694.4800,  3, 667.76, 39.01000000000204
344906, 49706.5900,  3, 623.57, 51.12000000000262
345014, 49733.1900,  1, -458.06, 11.480000000003201
345014, 49733.1900,  1, -464.65, 11.480000000003201
345158, 49748.6200,  3, 673.69, 26.830000000001746
345188, 49751.8400,  3, 729.72, 30.06999999999971
345209, 49754.0900,  3, 726.24, 32.330000000001746
345257, 49759.2300,  3, 689.26, 37.43000000000029
345272, 49760.8400,  3, 706.67, 39.099999999998545
345317, 49765.6600,  3, 745.82, 43.84000000000378
345406, 49789.6200,  1, -438.40, 9.440000000002328
345406, 49789.6200,  1, -444.59, 9.440000000002328
345456, 49794.9800,  1, -394.30, 14.80000000000291
345456, 49794.9800,  1, -396.65, 14.80000000000291
345492, 49798.8400,  1, -389.07, 18.659999999996217
345492, 49798.8400,  1, -448.38, 18.659999999996217
345607, 49811.1600,  3, 711.84, 30.94000000000233
345613, 49811.8000,  3, 679.52, 31.589999999996508
345753, 49841.3000,  1, -444.12, 14.900000000001455
345753, 49841.3000,  1, -433.37, 14.900000000001455
345793, 49845.5900,  1, -442.25, 19.189999999995052
345829, 49849.4400,  1, -447.22, 23.040000000000873
345905, 49857.5900,  3, 702.43, 31.139999999999418
345946, 49861.9800,  3, 717.04, 35.56999999999971
345981, 49865.7300,  3, 725.66, 39.279999999998836
346033, 49871.3000,  3, 682.01, 44.849999999998545
346306, 49914.7700,  3, 702.39, 29.030000000006112
346330, 49917.3400,  3, 716.52, 31.650000000001455
346330, 49917.3400,  3, 703.96, 31.630000000004657
346337, 49918.0900,  3, 718.87, 32.41000000000349
346343, 49918.7300,  3, 718.84, 33.06000000000495
346368, 49921.4100,  3, 631.79, 35.74000000000524
346410, 49925.9100,  3, 630.66, 40.18000000000029
346467, 49932.0200,  3, 683.44, 46.38000000000466
346562, 49956.6600,  1, -488.70, 10.080000000001746
346562, 49956.6600,  1, -432.41, 10.080000000001746
346584, 49959.0200,  1, -400.96, 12.439999999995052
346584, 49959.0200,  1, -459.86, 12.439999999995052
346630, 49963.9400,  1, -442.40, 17.360000000000582
346630, 49963.9400,  1, -377.49, 17.360000000000582
346773, 49979.2700,  3, 704.02, 32.61999999999534
346790, 49981.0900,  3, 719.19, 34.45999999999913
346987, 50016.3000,  1, -393.48, 21.010000000002037
346987, 50016.3000,  1, -397.10, 21.010000000002037
347054, 50023.4800,  3, 683.51, 28.099999999998545
347056, 50023.6900,  3, 629.83, 28.389999999999418
347075, 50025.7300,  3, 704.48, 30.37000000000262
347094, 50027.7700,  3, 680.13, 32.470000000001164
347107, 50029.1600,  3, 691.46, 33.79000000000087
347111, 50029.5900,  3, 658.73, 34.279999999998836
347257, 50059.5500,  1, -436.38, 15.560000000004948
347257, 50059.5500,  1, -414.66, 15.560000000004948
347282, 50062.2300,  1, -345.51, 18.24000000000524
347282, 50062.2300,  1, -375.12, 18.24000000000524
347303, 50064.4800,  1, -430.44, 20.49000000000524
347370, 50071.6600,  3, 691.18, 27.650000000001455
347379, 50072.6200,  3, 722.14, 28.55000000000291
347383, 50073.0500,  3, 668.78, 28.959999999999127
347488, 50099.8000,  1, -466.79, 11.150000000001455
347488, 50099.8000,  1, -449.06, 11.150000000001455
347645, 50116.6200,  3, 671.36, 27.939999999995052
347682, 50120.5900,  3, 666.98, 31.849999999998545
347682, 50120.5900,  3, 699.41, 31.900000000001455
347687, 50121.1200,  3, 721.35, 32.419999999998254
347723, 50124.9800,  3, 630.16, 36.30999999999767
347736, 50126.3700,  3, 689.80, 37.68000000000029
347961, 50164.6200,  3, 680.21, 23.959999999999127
347982, 50166.8700,  3, 685.59, 26.18000000000029
347987, 50167.4100,  3, 721.11, 26.790000000000873
347996, 50168.3700,  3, 728.35, 27.739999999997963
347999, 50168.6900,  3, 654.30, 28.020000000004075
348011, 50169.9800,  3, 731.33, 29.330000000001746
348029, 50171.9100,  3, 694.10, 31.2300000000032
348088, 50178.2300,  3, 705.43, 37.56000000000495
348161, 50200.5900,  1, -443.33, 7.719999999993888
348161, 50200.5900,  1, -457.02, 7.719999999993888
348255, 50210.6600,  1, -442.88, 17.790000000000873
348255, 50210.6600,  1, -401.36, 17.790000000000873
348271, 50212.3700,  1, -406.52, 19.5
348355, 50221.3700,  3, 716.28, 28.44999999999709
348427, 50229.0900,  3, 697.50, 36.169999999998254
348452, 50231.7700,  3, 674.16, 38.83999999999651
348565, 50258.1900,  1, -421.59, 12.020000000004075
348565, 50258.1900,  1, -409.74, 12.020000000004075
348569, 50258.6200,  1, -437.65, 12.450000000004366
348655, 50267.8400,  3, 690.52, 21.62000000000262
348680, 50270.5200,  3, 700.67, 24.310000000004948
348772, 50280.3700,  3, 690.51, 34.169999999998254
348774, 50280.5900,  3, 680.05, 34.41000000000349
348827, 50286.2700,  3, 645.49, 40.04000000000087
349005, 50320.6600,  1, -414.14, 18.960000000006403
349005, 50320.6600,  1, -438.15, 18.960000000006403
349070, 50327.6200,  3, 688.56, 25.860000000000582
349072, 50327.8400,  3, 700.52, 26.040000000000873
349129, 50333.9400,  3, 699.23, 32.17000000000553
349143, 50335.4400,  3, 687.70, 33.67000000000553
349182, 50339.6200,  3, 691.00, 37.88000000000466
349202, 50341.7700,  3, 688.84, 40.05000000000291
349344, 50372.1600,  1, -391.26, 15.130000000004657
349347, 50372.4800,  1, -401.85, 15.450000000004366
349347, 50372.4800,  1, -407.68, 15.450000000004366
349379, 50375.9100,  1, -380.61, 18.880000000004657
349455, 50384.0500,  3, 682.36, 26.9800000000032
349459, 50384.4800,  3, 721.37, 27.340000000003783
349466, 50385.2300,  3, 754.95, 28.110000000000582
349484, 50387.1600,  3, 676.68, 30.12000000000262
349622, 50416.3700,  1, -421.57, 14.700000000004366
349637, 50417.9800,  1, -396.40, 16.310000000004948
349733, 50428.2700,  3, 655.41, 26.5
349740, 50429.0200,  3, 673.22, 27.260000000002037
349753, 50430.4100,  3, 693.41, 28.650000000001455
349765, 50431.6900,  3, 705.34, 29.99000000000524
349780, 50433.3000,  3, 722.85, 31.56999999999971
349819, 50437.4800,  3, 689.07, 35.779999999998836
350006, 50471.6200,  1, -406.63, 19.94000000000233
350006, 50471.6200,  1, -435.58, 19.94000000000233
350104, 50482.1200,  3, 641.33, 30.419999999998254
350122, 50484.0500,  3, 752.72, 32.26000000000204
350142, 50486.1900,  3, 716.32, 34.43000000000029
350160, 50488.1200,  3, 753.99, 36.38999999999942
350199, 50492.3000,  3, 684.87, 40.580000000001746
350331, 50506.4400,  3, 744.55, 54.70999999999913
350487, 50537.7300,  1, -399.90, 16.610000000000582
350487, 50537.7300,  1, -410.96, 16.610000000000582
350515, 50540.7300,  1, -379.23, 19.610000000000582
350515, 50540.7300,  1, -461.09, 19.610000000000582
350557, 50545.2300,  3, 681.11, 24.06999999999971
350587, 50548.4400,  3, 699.87, 27.299999999995634
350614, 50551.3400,  3, 728.87, 30.18000000000029
350670, 50557.3400,  3, 709.75, 36.18999999999505
350947, 50601.4400,  3, 705.87, 29.540000000000873
350958, 50602.6200,  1, -337.61, 30.75
350958, 50602.6200,  1, -410.08, 30.75
350974, 50604.3400,  3, 727.54, 32.39999999999418
350979, 50604.8700,  3, 682.13, 32.94999999999709
351058, 50613.3400,  3, 699.37, 41.40999999999622
351066, 50614.1900,  3, 632.81, 42.229999999995925
351128, 50620.8400,  3, 679.05, 48.87999999999738
351268, 50650.2300,  1, -387.42, 14.890000000006694
351268, 50650.2300,  1, -430.75, 14.890000000006694
351363, 50660.4100,  1, -454.62, 25.070000000006985
351388, 50663.0900,  3, 684.11, 27.700000000004366
351395, 50663.8400,  1, -442.46, 28.5
351395, 50663.8400,  1, -459.54, 28.5
351402, 50664.5900,  3, 683.80, 29.19000000000233
351495, 50674.5500,  3, 763.03, 39.16000000000349
351662, 50706.7700,  1, -388.26, 17.789999999993597
351662, 50706.7700,  1, -437.86, 17.789999999993597
351755, 50716.7300,  3, 686.64, 27.639999999999418
351778, 50719.1900,  3, 720.28, 30.18000000000029
351796, 50721.1200,  3, 701.45, 32.06999999999971
351826, 50724.3400,  3, 671.23, 35.25
351839, 50725.7300,  3, 667.55, 36.729999999995925
351861, 50728.0900,  1, -437.98, 39.109999999993306
351992, 50756.5500,  1, -393.67, 13.819999999999709
351992, 50756.5500,  1, -411.50, 13.819999999999709
352017, 50759.2300,  1, -411.15, 16.5
352017, 50759.2300,  1, -433.24, 16.5
352094, 50767.4800,  3, 705.80, 24.709999999999127
352113, 50769.5200,  3, 710.09, 26.75
352130, 50771.3400,  3, 674.79, 28.56999999999971
352212, 50780.1200,  3, 728.00, 37.36999999999534
352343, 50808.5500,  1, -391.94, 13.92000000000553
352343, 50808.5500,  1, -417.14, 13.92000000000553
352355, 50809.8400,  1, -389.25, 15.209999999999127
352355, 50809.8400,  1, -379.04, 15.209999999999127
352393, 50813.9100,  1, -457.43, 19.280000000006112
352393, 50813.9100,  1, -428.62, 19.280000000006112
352449, 50819.9100,  3, 677.75, 25.270000000004075
352525, 50828.0500,  3, 672.32, 33.38999999999942
352649, 50855.8400,  1, -463.57, 13.189999999995052
352649, 50855.8400,  1, -425.15, 13.189999999995052
352653, 50856.2700,  1, -401.22, 13.619999999995343
352653, 50856.2700,  1, -421.09, 13.619999999995343
352791, 50871.0500,  3, 714.10, 28.30999999999767
352827, 50874.9100,  3, 729.53, 32.20999999999913
352835, 50875.7700,  3, 722.76, 33.01000000000204
352902, 50882.9400,  3, 724.28, 40.2699999999968
353029, 50910.8000,  1, -420.11, 13.5
353029, 50910.8000,  1, -427.82, 13.5
353032, 50911.1200,  1, -427.63, 13.819999999999709
353032, 50911.1200,  1, -394.63, 13.819999999999709
353043, 50912.3000,  1, -437.45, 15.0
353181, 50927.0900,  3, 713.28, 29.7699999999968
353198, 50928.9100,  3, 650.01, 31.57999999999447
353336, 50943.6900,  3, 759.33, 46.31999999999971
353403, 50965.1200,  1, -441.64, 7.060000000004948
353403, 50965.1200,  1, -437.99, 7.060000000004948
353569, 50982.9100,  3, 682.66, 24.840000000003783
353603, 50986.5500,  3, 713.67, 28.44000000000233
353623, 50988.6900,  3, 696.16, 30.55000000000291
353624, 50988.8000,  3, 688.87, 30.68000000000029
353631, 50989.5500,  3, 667.39, 31.450000000004366
353698, 50996.7300,  3, 757.64, 38.63999999999942
353824, 51024.4100,  1, -401.36, 13.410000000003492
353824, 51024.4100,  1, -398.99, 13.410000000003492
353826, 51024.6200,  1, -458.81, 13.62000000000262
353826, 51024.6200,  1, -430.37, 13.62000000000262
353872, 51029.5500,  1, -379.64, 18.55000000000291
353872, 51029.5500,  1, -369.27, 18.55000000000291
353879, 51030.3000,  1, -422.10, 19.30000000000291
353879, 51030.3000,  1, -419.82, 19.30000000000291
354128, 51071.5200,  3, 664.93, 26.400000000001455
354130, 51071.7300,  3, 711.85, 26.650000000001455
354149, 51073.7700,  3, 699.96, 28.69000000000233
354152, 51074.0900,  3, 690.24, 29.029999999998836
354158, 51074.7300,  3, 657.01, 29.639999999999418
354169, 51075.9100,  3, 672.48, 30.830000000001746
354177, 51076.7700,  3, 666.89, 31.630000000004657
354190, 51078.1600,  3, 681.52, 33.020000000004075
354327, 51106.9800,  1, -428.80, 14.580000000001746
354327, 51106.9800,  1, -422.84, 14.580000000001746
354429, 51117.9100,  3, 697.38, 25.489999999997963
354461, 51121.3400,  3, 641.12, 28.869999999995343
354464, 51121.6600,  3, 666.05, 29.239999999997963
354485, 51123.9100,  3, 651.74, 31.5
354529, 51128.6200,  3, 732.66, 36.150000000001455
354532, 51128.9400,  3, 679.15, 36.529999999998836
354655, 51156.4800,  1, -451.33, 13.090000000003783
354655, 51156.4800,  1, -432.21, 13.090000000003783
354661, 51157.1200,  1, -395.90, 13.730000000003201
354698, 51161.0900,  1, -441.22, 17.69999999999709
354698, 51161.0900,  1, -369.60, 17.69999999999709
354792, 51171.1600,  3, 684.90, 27.69000000000233
354824, 51174.5900,  3, 735.92, 31.160000000003492
354836, 51175.8700,  3, 707.03, 32.43000000000029
354958, 51203.2300,  1, -408.02, 12.960000000006403
354958, 51203.2300,  1, -418.36, 12.960000000006403
354979, 51205.4800,  1, -420.94, 15.210000000006403
354979, 51205.4800,  1, -448.58, 15.210000000006403
355133, 51221.9800,  3, 677.10, 31.700000000004366
355141, 51222.8400,  3, 692.91, 32.4800000000032
355149, 51223.6900,  3, 707.85, 33.36000000000058
355209, 51230.1200,  3, 712.09, 39.84000000000378
355407, 51265.6900,  1, -401.43, 21.10000000000582
355407, 51265.6900,  1, -373.89, 21.10000000000582
355425, 51267.6200,  3, 699.51, 23.0
355480, 51273.5200,  3, 697.30, 28.830000000001746
355481, 51273.6200,  3, 696.42, 28.970000000001164
355489, 51274.4800,  3, 677.88, 29.780000000006112
355532, 51279.0900,  3, 655.04, 34.49000000000524
355595, 51285.8400,  3, 722.10, 41.2300000000032
355818, 51324.1900,  3, 680.37, 23.790000000000873
355840, 51326.5500,  1, -417.66, 26.160000000003492
355840, 51326.5500,  1, -396.92, 26.160000000003492
355874, 51330.1900,  3, 667.20, 29.779999999998836
355898, 51332.7700,  3, 674.83, 32.279999999998836
355902, 51333.1900,  3, 666.81, 32.779999999998836
355938, 51337.0500,  3, 663.72, 36.55000000000291
355944, 51337.6900,  3, 673.81, 37.220000000001164
356059, 51365.1600,  1, -437.63, 12.230000000003201
356059, 51365.1600,  1, -417.01, 12.230000000003201
356116, 51371.2700,  1, -411.20, 18.339999999996508
356194, 51379.6200,  3, 694.58, 26.669999999998254
356261, 51386.8000,  3, 671.34, 33.7699999999968
356306, 51391.6200,  3, 699.85, 38.62999999999738
356322, 51393.3400,  3, 683.95, 40.349999999998545
356349, 51396.2300,  3, 762.27, 43.2699999999968
356516, 51428.5500,  1, -454.88, 17.780000000006112
356516, 51428.5500,  1, -384.33, 17.780000000006112
356587, 51436.1600,  3, 686.13, 25.30000000000291
356616, 51439.2700,  3, 700.12, 28.410000000003492
356632, 51440.9800,  3, 649.90, 30.18000000000029
356675, 51445.5900,  3, 706.34, 34.7100000000064
356682, 51446.3400,  3, 751.89, 35.55000000000291
356734, 51451.9100,  3, 688.27, 41.10000000000582
356893, 51483.1200,  1, -434.00, 16.92000000000553
356893, 51483.1200,  1, -426.04, 16.92000000000553
356915, 51485.4800,  1, -351.13, 19.280000000006112
356915, 51485.4800,  1, -385.12, 19.280000000006112
356947, 51488.9100,  1, -391.70, 22.710000000006403
356947, 51488.9100,  1, -447.54, 22.710000000006403
356976, 51492.0200,  3, 660.09, 25.74000000000524
357048, 51499.7300,  3, 718.64, 33.4800000000032
357190, 51529.1200,  1, -366.92, 15.110000000000582
357190, 51529.1200,  1, -440.81, 15.110000000000582
357191, 51529.2300,  1, -408.30, 15.220000000001164
357210, 51531.2700,  1, -425.39, 17.25999999999476
357275, 51538.2300,  1, -394.58, 24.220000000001164
357275, 51538.2300,  1, -447.11, 24.220000000001164
357323, 51543.3700,  3, 709.02, 29.349999999998545
357367, 51548.0900,  3, 637.06, 34.06999999999971
357548, 51581.5900,  1, -423.36, 19.30999999999767
357548, 51581.5900,  1, -427.89, 19.30999999999767
357589, 51585.9800,  3, 673.16, 23.590000000003783
357631, 51590.4800,  3, 678.97, 28.19000000000233
357637, 51591.1200,  1, -369.07, 28.840000000003783
357637, 51591.1200,  1, -381.25, 28.840000000003783
357663, 51593.9100,  3, 712.71, 31.520000000004075
357770, 51605.3700,  3, 756.70, 43.020000000004075
357890, 51632.5500,  1, -442.97, 12.760000000002037
357890, 51632.5500,  1, -422.47, 12.760000000002037
357920, 51635.7700,  1, -383.19, 15.979999999995925
357920, 51635.7700,  1, -403.01, 15.979999999995925
357959, 51639.9400,  1, -397.84, 20.150000000001455
357959, 51639.9400,  1, -398.42, 20.150000000001455
358090, 51653.9800,  3, 688.25, 34.12000000000262
358248, 51670.9100,  3, 639.03, 51.0199999999968
358372, 51698.4400,  1, -406.09, 13.180000000000291
358372, 51698.4400,  1, -414.40, 13.180000000000291
358497, 51711.8400,  3, 665.96, 26.489999999997963
358507, 51712.9100,  3, 696.34, 27.599999999998545
358517, 51713.9800,  3, 686.07, 28.619999999995343
358545, 51716.9800,  3, 691.77, 31.62999999999738
358556, 51718.1600,  3, 621.29, 32.79000000000087
358619, 51724.9100,  3, 675.83, 39.58999999999651
358709, 51748.7300,  1, -444.14, 9.530000000006112
358709, 51748.7300,  1, -457.41, 9.530000000006112
358855, 51764.3700,  1, -333.47, 25.17000000000553
358855, 51764.3700,  1, -398.40, 25.17000000000553
358876, 51766.6200,  3, 741.57, 27.360000000000582
358894, 51768.5500,  3, 659.71, 29.25
358911, 51770.3700,  3, 650.61, 31.080000000001746
358937, 51773.1600,  3, 660.19, 33.87000000000262
359076, 51802.1900,  1, -430.24, 14.790000000000873
359076, 51802.1900,  1, -467.97, 14.790000000000873
359167, 51811.9400,  3, 712.36, 24.5199999999968
359172, 51812.4800,  3, 701.37, 25.029999999998836
359177, 51813.0200,  1, -392.66, 25.619999999995343
359177, 51813.0200,  1, -408.12, 25.619999999995343
359221, 51817.7300,  3, 654.41, 30.31999999999971
359228, 51818.4800,  3, 680.09, 30.989999999997963
359350, 51845.6600,  1, -447.39, 12.960000000006403
359350, 51845.6600,  1, -408.22, 12.960000000006403
359431, 51854.3400,  1, -432.24, 21.639999999999418
359431, 51854.3400,  1, -407.27, 21.639999999999418
359505, 51862.2700,  3, 676.03, 29.460000000006403
359524, 51864.3000,  3, 696.65, 31.530000000006112
359551, 51867.1900,  3, 748.58, 34.38999999999942
359556, 51867.7300,  3, 659.32, 35.01000000000204
359718, 51899.3000,  1, -402.20, 17.260000000002037
359718, 51899.3000,  1, -454.63, 17.260000000002037
359799, 51907.9800,  3, 653.01, 25.889999999999418
359832, 51911.5200,  3, 673.07, 29.37999999999738
359842, 51912.5900,  3, 682.19, 30.459999999999127
359844, 51912.8000,  3, 705.30, 30.69999999999709
359868, 51915.3700,  3, 738.35, 33.2699999999968
359872, 51915.8000,  3, 637.56, 33.729999999995925
360107, 51955.5500,  3, 696.43, 25.05999999999767
360126, 51957.5900,  3, 690.32, 27.080000000001746
360130, 51958.0200,  3, 663.88, 27.529999999998836
360178, 51963.1600,  3, 672.00, 32.599999999998545
360189, 51964.3400,  3, 666.69, 33.779999999998836
360190, 51964.4400,  3, 739.07, 33.88999999999942
360241, 51969.9100,  3, 718.71, 39.419999999998254
360252, 51971.0900,  3, 729.72, 40.549999999995634
360344, 51994.8000,  1, -450.37, 9.770000000004075
360344, 51994.8000,  1, -426.50, 9.770000000004075
360373, 51997.9100,  1, -425.74, 12.880000000004657
360373, 51997.9100,  1, -402.09, 12.880000000004657
360520, 52013.6600,  3, 692.20, 28.529999999998836
360535, 52015.2700,  3, 672.01, 30.18000000000029
360614, 52023.7300,  3, 753.54, 38.66000000000349
360616, 52023.9400,  3, 640.88, 38.80999999999767
360752, 52052.6600,  1, -425.69, 14.470000000001164
360752, 52052.6600,  1, -433.30, 14.470000000001164
360763, 52053.8400,  1, -381.38, 15.64999999999418
360763, 52053.8400,  1, -462.18, 15.64999999999418
360896, 52068.0900,  3, 709.48, 29.869999999995343
360909, 52069.4800,  3, 686.00, 31.239999999997963
360910, 52069.5900,  3, 698.94, 31.349999999998545
360931, 52071.8400,  3, 668.02, 33.549999999995634
361052, 52100.1200,  1, -422.09, 12.860000000000582
361052, 52100.1200,  1, -461.83, 12.860000000000582
361072, 52102.2700,  1, -401.29, 15.009999999994761
361072, 52102.2700,  1, -394.07, 15.009999999994761
361188, 52114.6900,  3, 668.57, 27.400000000001455
361222, 52118.3400,  3, 730.43, 30.989999999997963
361223, 52118.4400,  3, 697.13, 31.12999999999738
361272, 52123.6900,  3, 711.45, 36.36999999999534
361495, 52161.7700,  3, 687.23, 23.75
361520, 52164.4400,  3, 715.14, 26.389999999999418
361534, 52165.9400,  3, 716.48, 27.900000000001455
361558, 52168.5200,  3, 738.10, 30.520000000004075
361558, 52168.5200,  3, 661.00, 30.520000000004075
361580, 52170.8700,  3, 693.47, 32.81999999999971
361654, 52178.8000,  3, 675.19, 40.830000000001746
361702, 52183.9400,  3, 718.69, 45.970000000001164
361807, 52209.6200,  1, -429.23, 11.150000000001455
361807, 52209.6200,  1, -475.53, 11.150000000001455
361843, 52213.4800,  1, -446.70, 15.010000000002037
361843, 52213.4800,  1, -396.37, 15.010000000002037
361856, 52214.8700,  1, -427.58, 16.400000000001455
361856, 52214.8700,  1, -413.06, 16.400000000001455
361959, 52225.9100,  3, 683.82, 27.409999999996217
362006, 52230.9400,  3, 667.42, 32.419999999998254
362118, 52257.3000,  1, -446.64, 11.910000000003492
362118, 52257.3000,  1, -434.94, 11.910000000003492
362143, 52259.9800,  1, -408.57, 14.590000000003783
362143, 52259.9800,  1, -405.55, 14.590000000003783
362238, 52270.1600,  3, 676.37, 24.7300000000032
362284, 52275.0900,  3, 706.16, 29.650000000001455
362287, 52275.4100,  3, 656.16, 30.0
362334, 52280.4400,  3, 701.34, 35.020000000004075
362526, 52315.4400,  1, -374.62, 20.459999999999127
362526, 52315.4400,  1, -355.61, 20.459999999999127
362588, 52322.0900,  3, 732.19, 27.049999999995634
362604, 52323.8000,  3, 714.88, 28.75
362622, 52325.7300,  3, 705.34, 30.669999999998254
362642, 52327.8700,  3, 672.08, 32.81999999999971
362659, 52329.6900,  3, 650.57, 34.69999999999709
362773, 52341.9100,  3, 687.06, 46.86999999999534
363036, 52384.3700,  3, 687.01, 27.9800000000032
363046, 52385.4400,  3, 711.92, 29.06999999999971
363053, 52386.1900,  3, 691.13, 29.87000000000262
363054, 52386.3000,  3, 672.19, 29.950000000004366
363066, 52387.5900,  3, 678.28, 31.24000000000524
363067, 52387.6900,  3, 702.84, 31.310000000004948
363120, 52393.3700,  3, 759.47, 37.020000000004075
363123, 52393.6900,  3, 707.14, 37.36000000000058
363222, 52418.3000,  1, -456.65, 10.490000000005239
363222, 52418.3000,  1, -451.26, 10.490000000005239
363273, 52423.7700,  1, -422.54, 15.959999999999127
363273, 52423.7700,  1, -392.33, 15.959999999999127
363372, 52434.3700,  3, 711.90, 26.510000000002037
363396, 52436.9400,  3, 678.84, 29.12000000000262
363430, 52440.5900,  3, 802.04, 32.770000000004075
363499, 52447.9800,  3, 718.71, 40.13999999999942
363648, 52478.3400,  1, -421.69, 15.869999999995343
363648, 52478.3400,  1, -409.08, 15.869999999995343
363764, 52490.7700,  3, 713.44, 28.279999999998836
363790, 52493.5500,  3, 691.09, 31.010000000002037
363814, 52496.1200,  3, 709.66, 33.58999999999651
363825, 52497.3000,  3, 689.41, 34.75
363857, 52500.7300,  3, 704.57, 38.25
363861, 52501.1600,  3, 698.55, 38.61999999999534
363977, 52527.9100,  1, -457.87, 12.320000000006985
363977, 52527.9100,  1, -431.08, 12.320000000006985
364069, 52537.7700,  1, -386.97, 22.18000000000029
364069, 52537.7700,  1, -334.23, 22.18000000000029
364147, 52546.1200,  3, 698.12, 30.460000000006403
364158, 52547.3000,  3, 687.04, 31.700000000004366
364167, 52548.2700,  3, 703.30, 32.59000000000378
364187, 52550.4100,  3, 643.32, 34.78000000000611
364318, 52578.9400,  1, -402.26, 13.940000000002328
364318, 52578.9400,  1, -395.55, 13.940000000002328
364400, 52587.7300,  3, 690.92, 22.68000000000029
364458, 52593.9400,  3, 696.68, 28.839999999996508
364470, 52595.2300,  3, 699.48, 30.220000000001164
364492, 52597.5900,  3, 691.02, 32.48999999999796
364550, 52603.8000,  3, 725.77, 38.7699999999968
364573, 52606.2700,  3, 640.61, 41.16000000000349
364691, 52633.3400,  1, -397.56, 12.549999999995634
364691, 52633.3400,  1, -398.85, 12.549999999995634
364713, 52635.6900,  1, -456.73, 14.900000000001455
364724, 52636.8700,  1, -414.53, 16.080000000001746
364724, 52636.8700,  1, -388.50, 16.080000000001746
364728, 52637.3000,  1, -455.46, 16.510000000002037
364913, 52657.1200,  3, 681.52, 36.30999999999767
364960, 52662.1600,  3, 679.12, 41.330000000001746
365077, 52689.1200,  1, -422.98, 12.450000000004366
365077, 52689.1200,  1, -411.02, 12.450000000004366
365137, 52695.5500,  1, -394.60, 18.880000000004657
365137, 52695.5500,  1, -406.75, 18.880000000004657
365221, 52704.5500,  3, 714.18, 27.87000000000262
365231, 52705.6200,  3, 691.64, 28.87000000000262
365250, 52707.6600,  3, 694.28, 30.910000000003492
365377, 52721.2700,  3, 813.65, 44.56000000000495
365624, 52762.2700,  3, 741.66, 26.30000000000291
365644, 52764.4100,  3, 686.66, 28.43000000000029
365661, 52766.2300,  3, 681.31, 30.25
365662, 52766.3400,  3, 709.85, 30.419999999998254
365663, 52766.4400,  3, 689.70, 30.4800000000032
365680, 52768.2700,  3, 699.79, 32.34000000000378
365682, 52768.4800,  3, 707.52, 32.55999999999767
365707, 52771.1600,  3, 696.95, 35.16000000000349
365857, 52801.3700,  1, -403.20, 15.980000000003201
365857, 52801.3700,  1, -421.32, 15.980000000003201
365883, 52804.1600,  1, -407.83, 18.770000000004075
365883, 52804.1600,  1, -489.11, 18.770000000004075
365894, 52805.3400,  1, -424.96, 19.94999999999709
365894, 52805.3400,  1, -390.53, 19.94999999999709
365986, 52815.1900,  3, 655.74, 29.69999999999709
366034, 52820.3400,  3, 711.69, 34.919999999998254
366103, 52842.0200,  1, -467.45, 7.299999999995634
366103, 52842.0200,  1, -451.77, 7.299999999995634
366181, 52850.3700,  1, -411.81, 15.650000000001455
366181, 52850.3700,  1, -424.61, 15.650000000001455
366285, 52861.5200,  3, 726.48, 26.760000000002037
366291, 52862.1600,  3, 710.04, 27.330000000001746
366306, 52863.7700,  3, 700.19, 29.0
366359, 52869.4400,  3, 674.86, 34.63999999999942
366448, 52893.5200,  1, -457.91, 9.44999999999709
366448, 52893.5200,  1, -456.39, 9.44999999999709
366469, 52895.7700,  1, -401.88, 11.69999999999709
366469, 52895.7700,  1, -409.96, 11.69999999999709
366516, 52900.8000,  1, -422.64, 16.7300000000032
366516, 52900.8000,  1, -412.89, 16.7300000000032
366614, 52911.3000,  3, 708.04, 27.150000000001455
366651, 52915.2700,  3, 695.23, 31.12000000000262
366805, 52946.1900,  1, -445.55, 16.400000000001455
366805, 52946.1900,  1, -386.49, 16.400000000001455
366868, 52952.9400,  3, 654.83, 23.139999999999418
366918, 52958.3000,  3, 686.48, 28.5
366920, 52958.5200,  3, 679.32, 28.709999999999127
366926, 52959.1600,  3, 709.58, 29.330000000001746
366934, 52960.0200,  3, 701.78, 30.220000000001164
366960, 52962.8000,  3, 670.72, 32.93000000000029
367098, 52991.6900,  1, -412.48, 14.680000000000291
367098, 52991.6900,  1, -414.94, 14.680000000000291
367177, 53000.1600,  3, 694.24, 23.110000000000582
367227, 53005.5200,  3, 680.27, 28.419999999998254
367239, 53006.8000,  3, 684.95, 29.7699999999968
367249, 53007.8700,  3, 697.50, 30.790000000000873
367254, 53008.4100,  3, 694.04, 31.299999999995634
367292, 53012.4800,  3, 713.98, 35.36999999999534
367420, 53040.4100,  1, -404.27, 13.630000000004657
367420, 53040.4100,  1, -410.43, 13.630000000004657
367421, 53040.5200,  1, -433.54, 13.739999999997963
367424, 53040.8400,  1, -413.77, 14.059999999997672
367424, 53040.8400,  1, -379.91, 14.059999999997672
367509, 53049.9400,  3, 671.83, 23.139999999999418
367549, 53054.2300,  3, 659.23, 27.349999999998545
367596, 53059.2700,  3, 667.40, 32.41000000000349
367818, 53097.2700,  1, -395.68, 23.68000000000029
367818, 53097.2700,  1, -336.57, 23.68000000000029
367849, 53100.5900,  3, 683.71, 26.890000000006694
367849, 53100.5900,  3, 689.08, 26.9800000000032
367852, 53100.9100,  3, 705.20, 27.2300000000032
367873, 53103.1600,  3, 717.00, 29.510000000002037
367874, 53103.2700,  3, 704.50, 29.640000000006694
367906, 53106.6900,  3, 674.95, 33.06000000000495
368069, 53139.0500,  1, -401.60, 17.35000000000582
368069, 53139.0500,  1, -386.33, 17.35000000000582
368174, 53150.3000,  3, 661.12, 28.49000000000524
368181, 53151.0500,  3, 685.36, 29.330000000001746
368185, 53151.4800,  3, 679.18, 29.68000000000029
368194, 53152.4400,  3, 722.72, 30.639999999999418
368236, 53156.9400,  3, 683.90, 35.150000000001455
368283, 53161.9800,  3, 720.04, 40.18000000000029
368483, 53197.5500,  3, 675.43, 21.31999999999971
368560, 53205.8000,  3, 703.75, 29.489999999997963
368565, 53206.3400,  3, 668.90, 30.06999999999971
368577, 53207.6200,  3, 682.54, 31.31999999999971
368592, 53209.2300,  3, 688.81, 33.0
368592, 53209.2300,  3, 702.38, 32.94000000000233
368622, 53212.4400,  3, 651.77, 36.12999999999738
368657, 53216.1900,  3, 694.68, 39.93000000000029
368865, 53253.6200,  1, -347.50, 22.18000000000029
368865, 53253.6200,  1, -330.36, 22.18000000000029
368868, 53253.9400,  3, 666.71, 22.44999999999709
368886, 53255.8700,  3, 692.69, 24.37999999999738
368893, 53256.6200,  3, 691.90, 25.089999999996508
368904, 53257.8000,  3, 688.41, 26.349999999998545
368910, 53258.4400,  3, 677.55, 26.979999999995925
368923, 53259.8400,  3, 687.45, 28.339999999996508
369013, 53283.9100,  1, -429.95, 9.530000000006112
369013, 53283.9100,  1, -451.38, 9.530000000006112
369156, 53299.2300,  3, 666.66, 24.810000000004948
369183, 53302.1200,  3, 683.80, 27.709999999999127
369190, 53302.8700,  3, 714.15, 28.400000000001455
369191, 53302.9800,  3, 727.02, 28.560000000004948
369197, 53303.6200,  3, 679.56, 29.19000000000233
369231, 53307.2700,  3, 648.60, 32.88000000000466
369379, 53337.4800,  1, -377.86, 15.770000000004075
369379, 53337.4800,  1, -433.03, 15.770000000004075
369415, 53341.3400,  1, -353.90, 19.62999999999738
369508, 53351.3000,  3, 704.52, 29.5
369508, 53351.3000,  3, 691.46, 29.489999999997963
369530, 53353.6600,  3, 699.67, 31.840000000003783
369554, 53356.2300,  3, 705.49, 34.4800000000032
369559, 53356.7700,  3, 671.49, 34.95999999999913
369720, 53388.1600,  1, -387.35, 17.160000000003492
369720, 53388.1600,  1, -436.07, 17.160000000003492
369786, 53395.2300,  3, 645.66, 24.19000000000233
369821, 53398.9800,  3, 641.93, 27.919999999998254
369838, 53400.8000,  3, 714.52, 29.69000000000233
369843, 53401.3400,  3, 702.21, 30.25
369866, 53403.8000,  3, 716.06, 32.7699999999968
369920, 53409.5900,  3, 691.87, 38.5199999999968
370029, 53435.3700,  1, -405.43, 11.569999999999709
370029, 53435.3700,  1, -445.87, 11.569999999999709
370049, 53437.5200,  1, -425.70, 13.719999999993888
370049, 53437.5200,  1, -419.20, 13.719999999993888
370179, 53451.4400,  3, 688.97, 27.610000000000582
370190, 53452.6200,  3, 670.46, 28.789999999993597
370196, 53453.2700,  3, 688.96, 29.39999999999418
370332, 53467.8400,  3, 680.58, 43.96999999999389
370560, 53506.6900,  3, 695.39, 24.2300000000032
370571, 53507.8700,  3, 683.54, 25.4800000000032
370580, 53508.8400,  3, 664.76, 26.43000000000029
370613, 53512.3700,  3, 663.95, 29.889999999999418
370629, 53514.0900,  3, 658.37, 31.700000000004366
370644, 53515.6900,  3, 690.50, 33.28000000000611
370650, 53516.3400,  3, 680.31, 33.900000000001455
370695, 53521.1600,  3, 661.24, 38.720000000001164
370932, 53560.7700,  3, 687.36, 25.229999999995925
370946, 53562.2700,  3, 672.71, 26.779999999998836
370955, 53563.2300,  3, 704.96, 27.719999999993888
370994, 53567.4100,  3, 683.63, 31.889999999999418
371010, 53569.1200,  3, 680.11, 33.55999999999767
371044, 53572.7700,  3, 649.44, 37.25
371075, 53576.0900,  3, 708.95, 40.50999999999476
371082, 53576.8400,  3, 712.29, 41.31999999999971
371275, 53612.0500,  1, -405.92, 20.580000000001746
371275, 53612.0500,  1, -347.78, 20.580000000001746
371335, 53618.4800,  3, 733.46, 27.0
371336, 53618.5900,  3, 666.65, 27.029999999998836
371339, 53618.9100,  3, 683.45, 27.400000000001455
371345, 53619.5500,  3, 717.11, 27.979999999995925
371430, 53628.6600,  3, 709.34, 37.11000000000058
371444, 53630.1600,  3, 744.31, 38.62999999999738
371558, 53657.5500,  1, -432.75, 12.12000000000262
371558, 53657.5500,  1, -480.92, 12.12000000000262
371584, 53660.3400,  1, -435.88, 14.909999999996217
371584, 53660.3400,  1, -417.92, 14.909999999996217
371752, 53678.3400,  3, 712.22, 32.900000000001455
371776, 53680.9100,  3, 780.21, 35.470000000001164
371787, 53682.0900,  3, 657.70, 36.62000000000262
371802, 53683.6900,  3, 751.31, 38.25
371979, 53716.6200,  1, -389.37, 18.85000000000582
371979, 53716.6200,  1, -396.43, 18.85000000000582
372014, 53720.3700,  3, 697.69, 22.56999999999971
372057, 53724.9800,  3, 692.41, 27.110000000000582
372059, 53725.1900,  3, 701.62, 27.410000000003492
372074, 53726.8000,  3, 687.22, 28.94000000000233
372120, 53731.7300,  3, 656.52, 33.900000000001455
372121, 53731.8400,  3, 705.17, 34.01000000000204
372250, 53759.9800,  1, -407.78, 13.720000000001164
372250, 53759.9800,  1, -424.07, 13.720000000001164
372280, 53763.1900,  1, -390.94, 16.93000000000029
372352, 53770.9100,  3, 667.90, 24.540000000000873
372366, 53772.4100,  3, 675.84, 26.049999999995634
372375, 53773.3700,  3, 716.79, 27.089999999996508
372406, 53776.6900,  3, 681.44, 30.339999999996508
372457, 53782.1600,  3, 713.71, 35.87999999999738
372553, 53806.5500,  1, -455.19, 10.17000000000553
372553, 53806.5500,  1, -437.05, 10.17000000000553
372594, 53810.9400,  1, -412.33, 14.560000000004948
372594, 53810.9400,  1, -404.54, 14.560000000004948
372711, 53823.4800,  3, 674.61, 27.090000000003783
372714, 53823.8000,  3, 695.13, 27.389999999999418
372728, 53825.3000,  3, 684.01, 28.810000000004948
372814, 53834.5200,  3, 657.15, 38.03000000000611
372925, 53860.6900,  1, -461.19, 11.790000000000873
372925, 53860.6900,  1, -402.20, 11.790000000000873
372927, 53860.9100,  1, -453.21, 12.010000000002037
372927, 53860.9100,  1, -474.75, 12.010000000002037
372989, 53867.5500,  1, -375.71, 18.650000000001455
373070, 53876.2300,  3, 671.00, 27.279999999998836
373144, 53884.1600,  3, 684.29, 35.150000000001455
373179, 53887.9100,  3, 738.12, 38.94999999999709
373338, 53919.1900,  1, -375.78, 16.93000000000029
373338, 53919.1900,  1, -405.68, 16.93000000000029
373417, 53927.6600,  3, 702.54, 25.360000000000582
373434, 53929.4800,  3, 716.03, 27.209999999999127
373482, 53934.6200,  3, 722.00, 32.349999999998545
373490, 53935.4800,  3, 686.26, 33.169999999998254
373496, 53936.1200,  3, 713.08, 33.79000000000087
373589, 53946.0900,  3, 628.33, 43.81999999999971
373743, 53977.5200,  1, -378.87, 16.409999999996217
373743, 53977.5200,  1, -412.60, 16.409999999996217
373823, 53986.0900,  1, -442.69, 24.979999999995925
373823, 53986.0900,  1, -446.69, 24.979999999995925
373865, 53990.5900,  3, 676.73, 29.44000000000233
373875, 53991.6600,  3, 682.66, 30.479999999995925
373932, 53997.7700,  3, 694.75, 36.58999999999651
373941, 53998.7300,  3, 671.39, 37.51000000000204
374097, 54029.6200,  1, -381.81, 16.62000000000262
374097, 54029.6200,  1, -441.43, 16.62000000000262
374165, 54036.9100,  3, 702.56, 23.87999999999738
374197, 54040.3400,  3, 656.43, 27.30999999999767
374199, 54040.5500,  3, 716.19, 27.5
374248, 54045.8000,  3, 675.37, 32.79000000000087
374255, 54046.5500,  3, 735.88, 33.48999999999796
374266, 54047.7300,  3, 719.01, 34.66000000000349
374402, 54076.7300,  1, -417.32, 14.460000000006403
374402, 54076.7300,  1, -393.54, 14.460000000006403
374402, 54076.7300,  1, -396.57, 14.460000000006403
374402, 54076.7300,  1, -436.60, 14.460000000006403
374533, 54090.7700,  3, 684.14, 28.4800000000032
374559, 54093.5500,  3, 688.26, 31.24000000000524
374577, 54095.4800,  3, 706.07, 33.10000000000582
374599, 54097.8400,  3, 710.80, 35.5
374816, 54135.6200,  1, -362.05, 23.139999999999418
374816, 54135.6200,  1, -447.95, 23.139999999999418
374876, 54142.0500,  3, 701.02, 29.529999999998836
374892, 54143.7700,  3, 676.42, 31.25
374910, 54145.6900,  3, 678.08, 33.109999999993306
374957, 54150.7300,  3, 655.78, 38.229999999995925
