    46, 31.3150,  1, -220.93, 4.810000000000002
    50, 31.7250,  1, -266.76, 5.220000000000002
    59, 32.6400,  1, -268.09, 6.135000000000002
    66, 33.3500,  1, -266.53, 6.845000000000002
    72, 33.9600,  1, -280.73, 7.455000000000002
    94, 36.1950,  1, -288.94, 9.690000000000001
   142, 41.0700,  1, -229.85, 14.565000000000001
   186, 45.5400,  1, -273.29, 19.035
   237, 62.2000,  1, -261.13, 4.970000000000006
   237, 62.2000,  1, -221.79, 4.970000000000006
   240, 62.5050,  1, -221.62, 5.275000000000006
   241, 62.6100,  1, -239.43, 5.380000000000003
   248, 63.3200,  1, -274.90, 6.090000000000003
   274, 65.9900,  1, -219.11, 8.759999999999998
   282, 66.8100,  1, -213.29, 9.580000000000005
   335, 72.2700,  1, -269.91, 15.04
   371, 88.2550,  1, -231.80, 3.5
   374, 88.5600,  1, -234.05, 3.805000000000007
   404, 91.6500,  1, -281.10, 6.89500000000001
   404, 91.6500,  1, -252.10, 6.89500000000001
   410, 92.2700,  1, -294.32, 7.515000000000001
   450, 96.3850,  1, -197.71, 11.63000000000001
   479, 99.3700,  1, -251.84, 14.615000000000009
   493, 100.8100,  1, -288.96, 16.055000000000007
   540, 116.8550,  1, -261.92, 4.63000000000001
   540, 116.8550,  1, -252.57, 4.63000000000001
   548, 117.6800,  1, -267.15, 5.4550000000000125
   565, 119.4300,  1, -252.24, 7.2050000000000125
   602, 123.2400,  1, -303.69, 11.015
   604, 123.4450,  1, -257.59, 11.219999999999999
   616, 124.6800,  1, -267.79, 12.455000000000013
   848, 148.9450,  1, -300.82, 36.72
   902, 166.9850,  1, -249.21, 5.410000000000025
   908, 167.6100,  1, -237.84, 6.035000000000025
   909, 167.7150,  1, -261.29, 6.140000000000015
   916, 168.4450,  1, -278.31, 6.8700000000000045
   917, 168.5500,  1, -240.02, 6.975000000000023
   928, 169.6950,  1, -217.51, 8.120000000000005
   939, 170.8400,  1, -292.60, 9.265000000000015
   943, 171.2600,  1, -279.64, 9.685000000000002
   989, 187.3750,  1, -260.84, 4.5800000000000125
  1013, 189.8750,  1, -267.17, 7.0800000000000125
  1013, 189.8750,  1, -256.14, 7.0800000000000125
  1014, 189.9800,  1, -269.23, 7.185000000000002
  1016, 190.1850,  1, -273.70, 7.390000000000015
  1020, 190.6050,  1, -217.14, 7.810000000000002
  1035, 192.1650,  1, -271.76, 9.370000000000005
  1148, 203.9350,  1, -267.39, 21.140000000000015
  1188, 219.4850,  1, -245.08, 3.9550000000000125
  1199, 220.6350,  1, -234.45, 5.10499999999999
  1199, 220.6350,  1, -254.78, 5.10499999999999
  1200, 220.7350,  1, -245.53, 5.2050000000000125
  1209, 221.6750,  1, -279.20, 6.14500000000001
  1231, 223.9650,  1, -285.80, 8.435000000000002
  1231, 223.9650,  1, -300.18, 8.435000000000002
  1342, 235.5300,  1, -341.60, 20.0
  1392, 252.1650,  1, -266.40, 4.9950000000000045
  1398, 252.7900,  1, -264.81, 5.6200000000000045
  1402, 253.2050,  1, -227.10, 6.035000000000025
  1410, 254.0400,  1, -262.59, 6.8700000000000045
  1428, 255.9150,  1, -205.71, 8.745000000000005
  1458, 258.9800,  1, -301.48, 11.81000000000003
  1459, 259.0850,  1, -231.79, 11.914999999999992
  1600, 273.5050,  1, -316.32, 26.335000000000008
  1651, 290.2000,  1, -261.20, 5.009999999999991
  1658, 290.9100,  1, -248.58, 5.720000000000027
  1659, 291.0150,  1, -270.01, 5.824999999999989
  1662, 291.3250,  1, -191.11, 6.134999999999991
  1666, 291.7300,  1, -257.22, 6.5400000000000205
  1668, 291.9350,  1, -270.28, 6.7450000000000045
  1706, 295.8250,  1, -277.46, 10.634999999999991
  1788, 304.2100,  1, -324.12, 19.019999999999982
  1840, 320.9500,  1, -250.33, 5.115000000000009
  1850, 321.9700,  1, -235.14, 6.135000000000048
  1854, 322.3800,  1, -258.91, 6.545000000000016
  1873, 324.3250,  1, -291.93, 8.490000000000009
  1891, 326.1600,  1, -301.81, 10.325000000000045
  1904, 327.4900,  1, -270.78, 11.65500000000003
  2057, 343.1400,  1, -217.69, 27.305000000000007
  2182, 355.9250,  1, -397.64, 40.09000000000003
  2240, 373.3800,  1, -267.88, 5.725000000000023
  2247, 374.0950,  1, -229.10, 6.440000000000055
  2257, 375.1150,  1, -245.22, 7.460000000000036
  2259, 375.3250,  1, -256.81, 7.670000000000016
  2269, 376.3450,  1, -231.07, 8.690000000000055
  2288, 378.2850,  1, -227.75, 10.630000000000052
  2334, 382.9900,  1, -215.83, 15.335000000000036
  2589, 409.0750,  1, -403.42, 41.420000000000016
  2623, 423.8100,  1, -235.35, 3.269999999999982
  2653, 426.8800,  1, -267.55, 6.339999999999975
  2659, 427.4900,  1, -281.91, 6.949999999999989
  2660, 427.5950,  1, -257.18, 7.055000000000007
  2678, 429.4350,  1, -290.06, 8.894999999999982
  2743, 436.0850,  1, -247.65, 15.544999999999959
  2752, 437.0050,  1, -310.24, 16.464999999999975
  2776, 439.4600,  1, -185.23, 18.91999999999996
  2822, 455.4800,  1, -238.24, 4.4950000000000045
  2826, 455.8900,  1, -260.20, 4.904999999999973
  2838, 457.1150,  1, -208.03, 6.1299999999999955
  2838, 457.1150,  1, -231.49, 6.1299999999999955
  2839, 457.2200,  1, -270.24, 6.235000000000014
  2865, 459.8800,  1, -297.69, 8.894999999999982
  2868, 460.1850,  1, -279.90, 9.199999999999989
  2869, 460.2850,  1, -276.23, 9.300000000000011
  2911, 476.9050,  1, -218.96, 4.09499999999997
  2913, 477.1050,  1, -258.96, 4.295000000000016
  2926, 478.4350,  1, -271.23, 5.625
  2936, 479.4600,  1, -271.38, 6.649999999999977
  2938, 479.6600,  1, -266.19, 6.850000000000023
  2968, 482.7300,  1, -295.64, 9.920000000000016
  3057, 491.8350,  1, -327.13, 19.024999999999977
  3124, 498.6850,  1, -240.65, 25.875
  3165, 514.1300,  1, -248.54, 3.9699999999999704
  3181, 515.7500,  1, -244.39, 5.589999999999975
  3184, 516.0550,  1, -275.98, 5.894999999999925
  3189, 516.5600,  1, -278.86, 6.39999999999992
  3193, 516.9600,  1, -279.22, 6.800000000000011
  3195, 517.1700,  1, -232.15, 7.009999999999934
  3234, 521.1100,  1, -218.12, 10.949999999999989
  3290, 526.7800,  1, -223.76, 16.619999999999948
  3328, 542.0200,  1, -227.16, 3.644999999999982
  3340, 543.2300,  1, -262.92, 4.855000000000018
  3340, 543.2300,  1, -262.07, 4.855000000000018
  3354, 544.6500,  1, -216.55, 6.274999999999977
  3359, 545.1550,  1, -274.62, 6.779999999999973
  3362, 545.4550,  1, -267.51, 7.080000000000041
  3363, 545.5600,  1, -271.84, 7.184999999999945
  3376, 546.8750,  1, -247.00, 8.5
  3439, 565.4200,  1, -250.27, 6.1749999999999545
  3449, 566.4300,  1, -272.78, 7.184999999999945
  3457, 567.2350,  1, -218.67, 7.990000000000009
  3461, 567.6450,  1, -285.44, 8.399999999999977
  3469, 568.4500,  1, -245.31, 9.205000000000041
  3515, 573.1050,  1, -231.33, 13.860000000000014
  3643, 586.0600,  1, -337.65, 26.81499999999994
  3648, 586.5650,  1, -266.34, 27.32000000000005
  3680, 601.1500,  1, -245.68, 3.0399999999999636
  3697, 602.8700,  1, -263.27, 4.759999999999991
  3698, 602.9700,  1, -212.00, 4.860000000000014
  3715, 604.6900,  1, -270.43, 6.580000000000041
  3740, 607.2200,  1, -273.27, 9.110000000000014
  3754, 608.6350,  1, -192.74, 10.524999999999977
  3755, 608.7350,  1, -266.85, 10.625
  3846, 617.9450,  1, -349.91, 19.835000000000036
  3892, 635.0300,  1, -221.48, 4.454999999999927
  3893, 635.1300,  1, -256.05, 4.55499999999995
  3897, 635.5350,  1, -244.04, 4.959999999999923
  3915, 637.3550,  1, -268.53, 6.779999999999973
  3933, 639.1800,  1, -277.43, 8.604999999999905
  3974, 643.3250,  1, -228.16, 12.75
  4008, 646.7700,  1, -207.45, 16.194999999999936
  4021, 648.0800,  1, -319.82, 17.504999999999995
  4070, 665.3350,  1, -230.93, 4.7549999999999955
  4087, 667.0600,  1, -266.35, 6.4799999999999045
  4103, 668.6800,  1, -259.87, 8.099999999999909
  4110, 669.3850,  1, -239.71, 8.80499999999995
  4112, 669.5850,  1, -238.23, 9.004999999999995
  4129, 671.3100,  1, -271.88, 10.729999999999905
  4137, 672.1200,  1, -273.69, 11.539999999999964
  4142, 672.6250,  1, -158.23, 12.044999999999959
  4212, 691.2700,  1, -272.88, 6.980000000000018
  4219, 691.9750,  1, -269.78, 7.685000000000059
  4233, 693.3950,  1, -227.99, 9.105000000000018
  4248, 694.9100,  1, -284.11, 10.620000000000005
  4254, 695.5200,  1, -167.21, 11.230000000000018
  4254, 695.5200,  1, -133.60, 11.230000000000018
  4259, 696.0250,  1, -219.46, 11.735000000000014
  4287, 698.8550,  1, -308.56, 14.565000000000055
  4324, 713.9400,  1, -249.23, 3.5400000000000773
  4326, 714.1450,  1, -249.95, 3.7450000000000045
  4335, 715.0550,  1, -260.73, 4.654999999999973
  4338, 715.3550,  1, -254.33, 4.955000000000041
  4339, 715.4550,  1, -267.68, 5.055000000000064
  4346, 716.1700,  1, -269.76, 5.769999999999982
  4357, 717.2800,  1, -276.98, 6.8799999999999955
  4392, 720.8200,  1, -292.23, 10.420000000000073
  4446, 737.6450,  1, -271.98, 5.264999999999986
  4486, 741.6900,  1, -269.78, 9.31000000000006
  4499, 743.0050,  1, -193.99, 10.625
  4526, 745.7350,  1, -225.24, 13.355000000000018
  4528, 745.9400,  1, -210.47, 13.56000000000006
  4544, 747.5600,  1, -321.12, 15.17999999999995
  4566, 749.7850,  3, 290.67, 17.360000000000014
  4619, 755.1500,  1, -333.58, 22.769999999999982
  4692, 774.9450,  1, -277.05, 7.180000000000064
  4693, 775.0500,  1, -263.13, 7.284999999999968
  4702, 775.9550,  1, -222.05, 8.190000000000055
  4708, 776.5650,  1, -262.36, 8.800000000000068
  4756, 781.4250,  1, -279.03, 13.659999999999968
  4828, 788.7050,  1, -250.42, 20.940000000000055
  4851, 791.0350,  1, -230.02, 23.269999999999982
  4870, 792.9550,  1, -326.15, 25.190000000000055
  4932, 813.5850,  1, -264.29, 6.065000000000055
  4938, 814.1950,  1, -275.29, 6.675000000000068
  4955, 815.9200,  1, -285.50, 8.399999999999977
  4967, 817.1300,  1, -292.58, 9.610000000000014
  4976, 818.0450,  1, -224.59, 10.524999999999977
  5005, 820.9750,  1, -226.29, 13.455000000000041
  5013, 821.7850,  1, -293.01, 14.264999999999986
  5209, 841.6200,  1, -294.56, 34.10000000000002
  5266, 858.7350,  1, -246.03, 5.560000000000059
  5272, 859.3450,  1, -230.18, 6.170000000000073
  5283, 860.4550,  1, -234.04, 7.280000000000086
  5288, 860.9600,  1, -290.27, 7.785000000000082
  5324, 864.6050,  1, -293.27, 11.430000000000064
  5329, 865.1100,  1, -253.12, 11.93500000000006
  5358, 868.0500,  1, -279.05, 14.875
  5359, 868.1500,  1, -275.51, 14.975000000000023
  5416, 885.5350,  1, -260.64, 5.564999999999941
  5417, 885.6350,  1, -249.13, 5.664999999999964
  5432, 887.1550,  1, -246.76, 7.184999999999945
  5441, 888.0650,  1, -245.64, 8.095000000000027
  5447, 888.6750,  1, -291.72, 8.704999999999927
  5490, 893.0250,  1, -328.32, 13.05499999999995
  5567, 900.8150,  1, -275.89, 20.845000000000027
  5681, 912.3500,  1, -362.57, 32.379999999999995
  5717, 928.4100,  1, -221.65, 3.439999999999941
  5745, 931.2450,  1, -265.90, 6.274999999999977
  5746, 931.3450,  1, -266.33, 6.375
  5758, 932.5600,  1, -233.97, 7.589999999999918
  5780, 934.7850,  1, -242.34, 9.81499999999994
  5830, 939.8450,  1, -256.54, 14.875
  5838, 940.6550,  1, -224.05, 15.684999999999945
  5842, 941.0600,  3, 312.39, 15.995000000000005
  5886, 957.1100,  1, -248.96, 4.345000000000027
  5892, 957.7200,  1, -237.36, 4.955000000000041
  5906, 959.1350,  1, -272.71, 6.3700000000000045
  5907, 959.2350,  1, -233.40, 6.470000000000027
  5908, 959.3350,  1, -230.99, 6.57000000000005
  5917, 960.2500,  1, -284.35, 7.485000000000014
  5922, 960.7550,  1, -271.08, 7.990000000000009
  6078, 976.5450,  1, -387.06, 23.779999999999973
  6118, 992.8750,  1, -244.69, 3.8450000000000273
  6120, 993.0750,  1, -240.11, 4.045000000000073
  6125, 993.5800,  1, -252.42, 4.550000000000068
  6141, 995.2000,  1, -272.51, 6.170000000000073
  6164, 997.5300,  1, -228.66, 8.5
  6193, 1000.4600,  1, -301.43, 11.430000000000064
  6201, 1001.2750,  1, -218.82, 12.245000000000005
  6380, 1019.3850,  1, -328.15, 30.355000000000018
  6418, 1034.7350,  1, -254.30, 3.7549999999998818
  6447, 1037.7550,  1, -203.98, 6.775000000000091
  6449, 1037.9600,  1, -279.45, 6.980000000000018
  6542, 1047.6500,  1, -307.92, 16.670000000000073
  6553, 1048.7950,  1, -327.25, 17.815000000000055
  6608, 1054.5250,  1, -368.46, 23.545000000000073
  6623, 1056.0850,  1, -271.00, 25.105000000000018
  6730, 1067.2350,  1, -447.43, 36.25499999999988
  6780, 1084.5850,  1, -252.03, 4.995000000000118
  6787, 1085.3150,  1, -264.65, 5.725000000000136
  6797, 1086.3600,  1, -243.70, 6.769999999999982
  6806, 1087.2950,  1, -223.19, 7.705000000000155
  6822, 1088.9600,  1, -244.73, 9.370000000000118
  6835, 1090.3150,  1, -226.14, 10.725000000000136
  6855, 1092.4000,  1, -294.76, 12.810000000000173
  6891, 1096.1500,  1, -258.05, 16.560000000000173
  6930, 1111.6700,  1, -238.27, 3.855000000000018
  6935, 1112.1900,  1, -226.03, 4.375
  6939, 1112.6100,  1, -259.47, 4.794999999999845
  6949, 1113.6500,  1, -261.39, 5.835000000000036
  6955, 1114.2750,  1, -266.73, 6.460000000000036
  6965, 1115.3150,  1, -250.69, 7.5
  7034, 1122.5050,  1, -302.54, 14.690000000000055
  7067, 1125.9400,  1, -305.54, 18.125
  7109, 1141.8350,  1, -241.08, 4.160000000000082
  7111, 1142.0450,  1, -210.73, 4.370000000000118
  7124, 1143.4000,  1, -271.84, 5.725000000000136
  7135, 1144.5450,  1, -239.07, 6.870000000000118
  7136, 1144.6500,  1, -225.62, 6.975000000000136
  7141, 1145.1700,  1, -287.37, 7.495000000000118
  7164, 1147.5650,  1, -210.77, 9.8900000000001
  7194, 1150.6900,  1, -272.30, 13.0150000000001
  7224, 1165.2650,  1, -235.82, 2.9200000000000728
  7247, 1167.6600,  1, -243.56, 5.315000000000055
  7274, 1170.4700,  1, -193.48, 8.125
  7316, 1174.8450,  1, -257.63, 12.5
  7321, 1175.3700,  1, -284.41, 13.024999999999864
  7398, 1183.3900,  1, -213.41, 21.045000000000073
  7419, 1185.5750,  1, -305.79, 23.230000000000018
  7442, 1187.9700,  1, -364.08, 25.625
  7486, 1203.9300,  1, -256.01, 4.375
  7494, 1204.7650,  1, -246.04, 5.210000000000036
  7519, 1207.3700,  1, -255.61, 7.814999999999827
  7579, 1213.6200,  1, -263.17, 14.064999999999827
  7598, 1215.5950,  1, -256.50, 16.039999999999964
  7610, 1216.8450,  1, -208.11, 17.289999999999964
  7628, 1218.7200,  1, -354.45, 19.164999999999964
  7644, 1220.3900,  1, -333.87, 20.835000000000036
  7705, 1238.1200,  1, -255.70, 6.149999999999864
  7721, 1239.7850,  1, -239.35, 7.815000000000055
  7726, 1240.3050,  1, -238.56, 8.335000000000036
  7726, 1240.3050,  1, -268.77, 8.335000000000036
  7735, 1241.2450,  1, -271.72, 9.274999999999864
  7747, 1242.4950,  1, -298.40, 10.524999999999864
  7774, 1245.3050,  1, -318.52, 13.335000000000036
  7828, 1250.9300,  1, -248.16, 18.960000000000036
  7870, 1266.7450,  1, -223.70, 4.164999999999964
  7902, 1270.0750,  1, -269.06, 7.495000000000118
  7921, 1272.0550,  1, -249.94, 9.475000000000136
  7939, 1273.9300,  1, -279.67, 11.350000000000136
  7953, 1275.3900,  1, -303.22, 12.810000000000173
  7981, 1278.3050,  1, -317.27, 15.725000000000136
  7985, 1278.7200,  1, -307.77, 16.1400000000001
  8205, 1301.6400,  1, -348.33, 39.06000000000017
  8246, 1317.2200,  1, -221.80, 4.055000000000064
  8247, 1317.3250,  1, -229.12, 4.160000000000082
  8263, 1318.9950,  1, -270.73, 5.829999999999927
  8267, 1319.4100,  1, -275.08, 6.245000000000118
  8284, 1321.1800,  1, -280.93, 8.0150000000001
  8309, 1323.7850,  1, -266.93, 10.620000000000118
  8374, 1330.5550,  1, -335.22, 17.3900000000001
  8388, 1332.0150,  1, -300.87, 18.850000000000136
  8425, 1347.2200,  1, -234.53, 3.6400000000001
  8435, 1348.2650,  1, -245.63, 4.685000000000173
  8436, 1348.3700,  1, -262.10, 4.789999999999964
  8441, 1348.8900,  1, -233.98, 5.310000000000173
  8450, 1349.8250,  1, -266.38, 6.245000000000118
  8475, 1352.4300,  1, -297.78, 8.850000000000136
  8570, 1362.3250,  1, -316.15, 18.74500000000012
  8723, 1378.2650,  1, -312.96, 34.68500000000017
  8756, 1392.9600,  1, -238.18, 3.2250000000001364
  8789, 1396.4000,  1, -241.85, 6.665000000000191
  8808, 1398.3800,  1, -260.24, 8.64500000000021
  8828, 1400.4600,  1, -284.92, 10.725000000000136
  8841, 1401.8150,  1, -278.90, 12.080000000000155
  8873, 1405.1500,  1, -166.45, 15.415000000000191
  8948, 1412.9600,  1, -368.83, 23.225000000000136
  8971, 1415.3600,  1, -298.84, 25.625
  9017, 1431.6100,  1, -256.61, 4.584999999999809
  9029, 1432.8600,  1, -250.27, 5.834999999999809
  9038, 1433.7950,  1, -267.38, 6.769999999999982
  9101, 1440.3600,  1, -210.04, 13.334999999999809
  9102, 1440.4600,  1, -314.10, 13.434999999999945
  9132, 1443.5850,  1, -338.14, 16.559999999999945
  9331, 1464.3150,  1, -398.13, 37.289999999999964
  9470, 1478.7950,  1, -447.00, 51.76999999999998
  9509, 1494.2000,  1, -227.17, 3.8500000000001364
  9524, 1495.7650,  1, -252.42, 5.415000000000191
  9529, 1496.2850,  1, -264.19, 5.935000000000173
  9531, 1496.4950,  1, -263.87, 6.144999999999982
  9535, 1496.9100,  1, -258.62, 6.560000000000173
  9544, 1497.8450,  1, -246.88, 7.495000000000118
  9597, 1503.3700,  1, -281.39, 13.019999999999982
  9856, 1530.3450,  1, -440.18, 39.99500000000012
  9907, 1547.1300,  1, -232.59, 5.110000000000127
  9909, 1547.3350,  1, -252.63, 5.315000000000055
  9914, 1547.8600,  1, -264.65, 5.839999999999918
  9945, 1551.0850,  1, -234.03, 9.065000000000055
  9957, 1552.3350,  1, -274.23, 10.315000000000055
  9972, 1553.9000,  1, -253.20, 11.88000000000011
  9976, 1554.3150,  1, -182.19, 12.295000000000073
  9994, 1556.1900,  1, -238.43, 14.170000000000073
 10038, 1572.1500,  1, -260.93, 4.375
 10055, 1573.9200,  1, -263.36, 6.144999999999982
 10055, 1573.9200,  1, -280.61, 6.144999999999982
 10059, 1574.3350,  1, -247.57, 6.559999999999945
 10064, 1574.8600,  1, -224.49, 7.084999999999809
 10072, 1575.6900,  1, -277.62, 7.914999999999964
 10078, 1576.3150,  1, -259.36, 8.539999999999964
 10190, 1587.9850,  1, -262.32, 20.20999999999981
 10245, 1605.0850,  1, -269.04, 5.5150000000001
 10246, 1605.1900,  1, -253.42, 5.620000000000118
 10250, 1605.6100,  1, -255.82, 6.039999999999964
 10262, 1606.8600,  1, -222.44, 7.289999999999964
 10265, 1607.1700,  1, -239.89, 7.600000000000136
 10270, 1607.6900,  1, -247.67, 8.120000000000118
 10274, 1608.1100,  1, -260.61, 8.539999999999964
 10408, 1622.0650,  1, -330.94, 22.49500000000012
 10446, 1638.1700,  1, -224.52, 3.75
 10451, 1638.6900,  1, -253.27, 4.269999999999982
 10455, 1639.1100,  1, -271.18, 4.689999999999827
 10471, 1640.7750,  1, -264.42, 6.355000000000018
 10621, 1656.4000,  1, -243.87, 21.980000000000018
 10623, 1656.6100,  1, -253.94, 22.189999999999827
 10624, 1656.7100,  1, -379.30, 22.289999999999964
 10948, 1690.4600,  3, 100.16, 55.98000000000002
 10998, 1707.1300,  1, -246.74, 5.105000000000018
 11009, 1708.2750,  1, -266.77, 6.25
 11012, 1708.5850,  1, -246.44, 6.559999999999945
 11052, 1712.7550,  1, -272.75, 10.730000000000018
 11114, 1719.2100,  1, -307.18, 17.184999999999945
 11115, 1719.3150,  1, -338.59, 17.289999999999964
 11136, 1721.5050,  1, -279.73, 19.480000000000018
 11386, 1747.5450,  1, -515.14, 45.51999999999998
 11431, 1763.6500,  1, -219.99, 4.480000000000018
 11432, 1763.7550,  1, -259.80, 4.585000000000036
 11447, 1765.3150,  1, -264.46, 6.144999999999982
 11454, 1766.0450,  1, -275.56, 6.875
 11458, 1766.4600,  1, -239.35, 7.289999999999964
 11483, 1769.0650,  1, -242.09, 9.894999999999982
 11493, 1770.1100,  1, -308.88, 10.939999999999827
 11572, 1778.3350,  1, -280.00, 19.164999999999964
 11606, 1793.2350,  1, -242.30, 3.3299999999999272
 11632, 1795.9400,  1, -226.38, 6.035000000000082
 11633, 1796.0450,  1, -215.65, 6.1400000000001
 11639, 1796.6700,  1, -243.22, 6.7650000000001
 11642, 1796.9850,  1, -274.85, 7.079999999999927
 11642, 1796.9850,  1, -280.07, 7.079999999999927
 11657, 1798.5450,  1, -225.28, 8.6400000000001
 11835, 1817.0850,  3, 218.06, 27.089999999999918
 11863, 1831.9500,  1, -238.04, 2.8150000000000546
 11888, 1834.5550,  1, -275.26, 5.420000000000073
 11931, 1839.0350,  1, -296.25, 9.900000000000091
 11936, 1839.5550,  1, -233.48, 10.420000000000073
 11940, 1839.9700,  1, -290.50, 10.835000000000036
 11949, 1840.9100,  1, -310.42, 11.775000000000091
 11988, 1844.9700,  1, -330.08, 15.835000000000036
 12255, 1872.7850,  1, -350.42, 43.65000000000009
 12285, 1886.8250,  1, -230.48, 2.910000000000082
 12296, 1887.9700,  1, -246.78, 4.055000000000064
 12313, 1889.7450,  1, -271.67, 5.829999999999927
 12378, 1896.5150,  1, -271.90, 12.600000000000136
 12381, 1896.8250,  1, -310.49, 12.910000000000082
 12411, 1899.9500,  1, -322.64, 16.035000000000082
 12421, 1900.9950,  1, -300.49, 17.079999999999927
 12562, 1915.6800,  1, -427.07, 31.7650000000001
 12618, 1932.6100,  1, -245.17, 5.625
 12620, 1932.8150,  1, -269.13, 5.830000000000155
 12628, 1933.6500,  1, -253.51, 6.665000000000191
 12640, 1934.9000,  1, -282.00, 7.915000000000191
 12651, 1936.0450,  1, -290.87, 9.060000000000173
 12673, 1938.3350,  1, -294.71, 11.350000000000136
 12684, 1939.4850,  1, -276.24, 12.5
 12707, 1941.8800,  1, -321.58, 14.89500000000021
 12762, 1959.7550,  1, -263.95, 5.520000000000209
 12795, 1963.1900,  1, -295.76, 8.955000000000155
 12809, 1964.6500,  1, -218.33, 10.415000000000191
 12810, 1964.7550,  1, -299.49, 10.52000000000021
 12838, 1967.6700,  1, -338.41, 13.435000000000173
 12854, 1969.3350,  1, -317.74, 15.100000000000136
 12916, 1975.7950,  1, -262.86, 21.560000000000173
 13051, 1989.8600,  1, -468.30, 35.625
 13098, 2006.0750,  1, -249.69, 4.684999999999945
 13119, 2008.2650,  1, -287.16, 6.875
 13182, 2014.8250,  1, -321.93, 13.434999999999945
 13241, 2020.9700,  1, -368.77, 19.579999999999927
 13249, 2021.8050,  1, -369.73, 20.414999999999964
 13259, 2022.8450,  1, -386.86, 21.454999999999927
 13354, 2032.7450,  1, -372.50, 31.35499999999979
 13529, 2050.9650,  1, -576.58, 49.575000000000045
 13592, 2068.9250,  1, -272.56, 6.3650000000002365
 13604, 2070.1750,  1, -285.20, 7.6150000000002365
 13624, 2072.2600,  1, -298.48, 9.700000000000273
 13636, 2073.5100,  1, -283.11, 10.950000000000273
 13645, 2074.4450,  1, -215.67, 11.885000000000218
 13654, 2075.3850,  1, -278.45, 12.825000000000273
 13689, 2079.0300,  1, -366.21, 16.470000000000255
 13770, 2087.4650,  1, -352.16, 24.9050000000002
 13815, 2103.4650,  1, -258.19, 4.485000000000127
 13818, 2103.7800,  1, -258.10, 4.800000000000182
 13825, 2104.5100,  1, -255.83, 5.5300000000002
 13836, 2105.6550,  1, -276.35, 6.675000000000182
 13839, 2105.9650,  1, -275.20, 6.985000000000127
 13858, 2107.9450,  1, -281.89, 8.965000000000146
 13928, 2115.2400,  1, -325.49, 16.259999999999764
 14173, 2140.7600,  1, -413.18, 41.7800000000002
 14223, 2157.4900,  1, -273.90, 5.014999999999873
 14229, 2158.1150,  1, -279.16, 5.639999999999873
 14231, 2158.3200,  1, -260.79, 5.845000000000255
 14245, 2159.7800,  1, -271.05, 7.305000000000291
 14245, 2159.7800,  1, -275.78, 7.305000000000291
 14256, 2160.9250,  1, -271.03, 8.450000000000273
 14286, 2164.0500,  1, -313.96, 11.575000000000273
 14528, 2189.2600,  1, -311.05, 36.78500000000031
 14586, 2206.6350,  1, -265.37, 5.835000000000036
 14593, 2207.3650,  1, -266.21, 6.5649999999996
 14623, 2210.4900,  1, -290.17, 9.6899999999996
 14660, 2214.3400,  1, -300.61, 13.539999999999964
 14662, 2214.5500,  1, -295.60, 13.75
 14677, 2216.1150,  1, -320.65, 15.3149999999996
 14681, 2216.5300,  1, -230.27, 15.730000000000018
 14684, 2216.8400,  1, -317.54, 16.039999999999964
 14717, 2231.6150,  1, -231.02, 3.2349999999996726
 14731, 2233.0700,  1, -246.28, 4.690000000000055
 14739, 2233.9050,  1, -243.84, 5.525000000000091
 14766, 2236.7150,  1, -282.54, 8.335000000000036
 14840, 2244.4250,  1, -133.18, 16.045000000000073
 14840, 2244.4250,  1, -283.67, 16.045000000000073
 14886, 2249.2150,  3, 265.72, 20.809999999999945
 14962, 2257.1350,  3, 224.74, 28.730000000000018
 15011, 2273.5500,  1, -249.59, 4.995000000000346
 15012, 2273.6550,  1, -233.50, 5.100000000000364
 15014, 2273.8650,  1, -203.75, 5.309999999999945
 15021, 2274.5900,  1, -230.41, 6.035000000000309
 15183, 2291.4650,  3, 248.17, 22.9050000000002
 15235, 2296.8850,  1, -238.29, 28.330000000000382
 15242, 2297.6150,  1, -418.68, 29.059999999999945
 15416, 2315.7400,  1, -429.49, 47.184999999999945
 15481, 2333.8850,  1, -200.50, 6.570000000000164
 15484, 2334.1950,  1, -247.58, 6.880000000000109
 15490, 2334.8200,  1, -280.28, 7.505000000000109
 15491, 2334.9250,  1, -278.01, 7.610000000000127
 15498, 2335.6550,  1, -257.19, 8.340000000000146
 15505, 2336.3850,  1, -287.16, 9.070000000000164
 15512, 2337.1150,  1, -218.43, 9.799999999999727
 15614, 2347.7400,  3, 236.05, 20.420000000000073
 15663, 2364.0100,  1, -231.51, 5.0
 15666, 2364.3200,  1, -254.46, 5.309999999999945
 15692, 2367.0300,  1, -276.77, 8.019999999999982
 15699, 2367.7600,  1, -205.95, 8.75
 15757, 2373.8000,  1, -297.46, 14.789999999999964
 15760, 2374.1150,  1, -275.71, 15.104999999999563
 15781, 2376.3000,  1, -268.17, 17.289999999999964
 15818, 2380.1550,  1, -285.07, 21.144999999999982
 15851, 2395.0500,  1, -233.97, 3.225000000000364
 15857, 2395.6750,  1, -225.25, 3.850000000000364
 15939, 2404.2150,  1, -245.43, 12.390000000000327
 15964, 2406.8200,  1, -303.37, 14.995000000000346
 15965, 2406.9250,  1, -272.32, 15.100000000000364
 15972, 2407.6550,  1, -206.18, 15.830000000000382
 16045, 2415.2600,  1, -256.81, 23.4350000000004
 16140, 2425.1550,  1, -230.88, 33.33000000000038
 16220, 2445.1150,  1, -265.94, 8.125
 16275, 2450.8400,  1, -252.78, 13.850000000000364
 16341, 2457.7150,  1, -234.18, 20.725000000000364
 16401, 2463.9650,  1, -260.77, 26.975000000000364
 16409, 2464.8000,  1, -324.58, 27.8100000000004
 16432, 2467.1950,  1, -375.55, 30.205000000000382
 16440, 2468.0300,  1, -259.54, 31.04000000000042
 16474, 2471.5700,  1, -394.63, 34.58000000000038
 16584, 2494.2800,  1, -255.38, 11.355000000000018
 16599, 2495.8400,  1, -249.49, 12.914999999999964
 16600, 2495.9450,  1, -208.54, 13.019999999999982
 16605, 2496.4650,  1, -258.82, 13.539999999999964
 16635, 2499.5900,  1, -243.78, 16.664999999999964
 16640, 2500.1150,  1, -284.69, 17.1899999999996
 16866, 2523.6550,  1, -350.87, 40.73000000000002
 16938, 2531.1550,  3, 67.69, 48.16999999999962
 17000, 2549.7600,  1, -240.80, 6.350000000000364
 17005, 2550.2800,  1, -242.46, 6.870000000000346
 17014, 2551.2150,  1, -236.12, 7.805000000000291
 17042, 2554.1350,  1, -280.98, 10.725000000000364
 17112, 2561.4250,  1, -222.14, 18.015000000000327
 17177, 2568.1950,  1, -202.71, 24.78500000000031
 17245, 2575.2800,  1, -308.38, 31.870000000000346
 17452, 2596.8400,  1, -468.99, 53.43000000000029
 17574, 2620.8850,  1, -289.44, 12.510000000000218
 17591, 2622.6550,  1, -146.53, 14.2800000000002
 17616, 2625.2600,  1, -135.95, 16.88500000000022
 17664, 2630.2600,  1, -340.66, 21.88500000000022
 17835, 2648.0700,  1, -396.87, 39.695000000000164
 17945, 2659.5300,  1, -419.60, 51.1550000000002
 18222, 2688.3850,  2, -415.85,  80
 18222, 2688.3850,  2, -371.53,  80
 18324, 2710.4050,  1, -285.55, 10.415000000000418
 18345, 2712.5900,  1, -258.32, 12.600000000000364
 18349, 2713.0100,  1, -307.67, 13.020000000000437
 18360, 2714.1550,  1, -256.96, 14.165000000000418
 18381, 2716.3400,  1, -322.82, 16.350000000000364
 18400, 2718.3200,  1, -255.27, 18.330000000000382
 18529, 2731.7600,  1, -292.85, 31.770000000000437
 18699, 2749.4650,  3, 126.81, 49.465000000000146
 18754, 2767.5900,  1, -268.60, 5.635000000000218
 18755, 2767.6950,  1, -259.18, 5.7400000000002365
 18764, 2768.6350,  1, -270.40, 6.680000000000291
 18772, 2769.4650,  1, -258.30, 7.510000000000218
 18811, 2773.5300,  1, -214.95, 11.575000000000273
 18813, 2773.7400,  1, -222.49, 11.784999999999854
 18819, 2774.3650,  1, -248.76, 12.409999999999854
 18902, 2783.0100,  1, -218.83, 21.05500000000029
 18960, 2801.1950,  1, -267.10, 5.830000000000382
 18961, 2801.3000,  1, -267.03, 5.9350000000004
 18963, 2801.5100,  1, -271.64, 6.145000000000437
 19013, 2806.7150,  1, -307.23, 11.350000000000364
 19037, 2809.2150,  1, -227.51, 13.850000000000364
 19084, 2814.1150,  1, -269.77, 18.75
 19220, 2828.2800,  3, 216.57, 32.88000000000011
 19251, 2831.5100,  3, 157.60, 36.120000000000346
 19305, 2848.4900,  1, -245.39, 5.519999999999982
 19324, 2850.4650,  1, -284.43, 7.495000000000346
 19338, 2851.9250,  1, -246.78, 8.955000000000382
 19340, 2852.1350,  1, -208.79, 9.165000000000418
 19354, 2853.5900,  1, -214.82, 10.620000000000346
 19382, 2856.5100,  1, -218.22, 13.540000000000418
 19719, 2891.6150,  1, -435.15, 48.64499999999998
 19848, 2905.0500,  3, -2.90, 62.01500000000033
 19889, 2920.7600,  1, -261.42, 4.170000000000073
 19892, 2921.0700,  1, -250.73, 4.480000000000018
 19897, 2921.5900,  1, -258.33, 5.0
 19902, 2922.1150,  1, -227.54, 5.524999999999636
 19902, 2922.1150,  1, -267.57, 5.524999999999636
 19910, 2922.9450,  1, -278.88, 6.355000000000018
 19912, 2923.1550,  1, -284.53, 6.565000000000055
 20084, 2941.0700,  1, -304.74, 24.480000000000018
 20118, 2955.9250,  1, -240.31, 3.3400000000001455
 20121, 2956.2400,  1, -225.64, 3.6549999999997453
 20121, 2956.2400,  1, -259.20, 3.6549999999997453
 20125, 2956.6550,  1, -259.34, 4.070000000000164
 20127, 2956.8650,  1, -259.63, 4.279999999999745
 20130, 2957.1750,  1, -261.44, 4.5900000000001455
 20133, 2957.4900,  1, -225.23, 4.904999999999745
 20136, 2957.8000,  1, -268.11, 5.2150000000001455
 20276, 2983.7600,  1, -173.47, 14.390000000000327
 20303, 2986.5700,  1, -228.77, 17.200000000000273
 20314, 2987.7150,  1, -260.78, 18.345000000000255
 20314, 2987.7150,  1, -158.07, 18.345000000000255
 20405, 2997.1950,  3, 157.35, 27.735000000000127
 20426, 2999.3850,  1, -262.50, 30.015000000000327
 20528, 3010.0100,  3, 186.32, 40.54500000000007
 20538, 3011.0500,  3, 156.73, 41.57999999999993
 20586, 3027.4650,  1, -248.90, 4.894999999999982
 20610, 3029.9650,  1, -244.22, 7.394999999999982
 20645, 3033.6150,  1, -216.12, 11.044999999999618
 20666, 3035.8000,  1, -300.48, 13.230000000000018
 20673, 3036.5300,  1, -248.05, 13.960000000000036
 20679, 3037.1550,  1, -275.84, 14.585000000000036
 20681, 3037.3650,  1, -263.70, 14.794999999999618
 21008, 3071.4250,  1, -327.90, 48.85500000000002
 21033, 3085.3400,  1, -217.96, 2.400000000000091
 21033, 3085.3400,  1, -232.17, 2.400000000000091
 21044, 3086.4900,  1, -214.38, 3.549999999999727
 21046, 3086.6950,  1, -258.78, 3.755000000000109
 21048, 3086.9050,  1, -226.87, 3.9650000000001455
 21174, 3100.0300,  3, 268.54, 17.00500000000011
 21198, 3102.5300,  3, 267.22, 19.509999999999764
 21226, 3105.4450,  1, -295.04, 22.50500000000011
 21274, 3121.7600,  1, -244.36, 4.790000000000418
 21277, 3122.0700,  1, -260.84, 5.100000000000364
 21286, 3123.0100,  1, -275.61, 6.040000000000418
 21306, 3125.0900,  1, -193.88, 8.120000000000346
 21349, 3129.5700,  1, -276.35, 12.600000000000364
 21368, 3131.5500,  1, -262.86, 14.580000000000382
 21386, 3133.4250,  1, -314.01, 16.455000000000382
 21420, 3136.9650,  1, -223.84, 19.995000000000346
 21468, 3153.4450,  1, -246.78, 4.795000000000073
 21476, 3154.2800,  1, -239.28, 5.630000000000109
 21509, 3157.7150,  1, -275.29, 9.065000000000055
 21535, 3160.4250,  1, -320.34, 11.775000000000091
 21560, 3163.0300,  1, -327.42, 14.38000000000011
 21562, 3163.2400,  1, -314.70, 14.58999999999969
 21577, 3164.8000,  1, -311.23, 16.15000000000009
 21664, 3173.8650,  1, -362.31, 25.21499999999969
 21724, 3191.4450,  1, -248.66, 6.050000000000182
 21729, 3191.9650,  1, -277.55, 6.570000000000164
 21730, 3192.0700,  1, -269.10, 6.675000000000182
 21733, 3192.3850,  1, -267.60, 6.9900000000002365
 21735, 3192.5900,  1, -283.34, 7.195000000000164
 21740, 3193.1150,  1, -280.73, 7.7199999999998
 21786, 3197.9050,  1, -179.18, 12.510000000000218
 21801, 3199.4650,  1, -302.34, 14.070000000000164
 21854, 3217.1950,  1, -227.72, 5.325000000000273
 21895, 3221.4650,  1, -182.35, 9.595000000000255
 21902, 3222.1950,  1, -159.35, 10.325000000000273
 21928, 3224.9050,  1, -230.09, 13.03500000000031
 21940, 3226.1550,  1, -234.84, 14.28500000000031
 21966, 3228.8650,  1, -185.70, 16.99499999999989
 22110, 3243.8650,  1, -319.40, 31.99499999999989
 22325, 3266.2600,  1, -438.32, 54.39000000000033
 22409, 3286.3400,  1, -228.25, 8.550000000000182
 22410, 3286.4450,  1, -241.99, 8.6550000000002
 22418, 3287.2800,  1, -254.61, 9.490000000000236
 22431, 3288.6350,  1, -301.82, 10.845000000000255
 22436, 3289.1550,  1, -278.11, 11.365000000000236
 22468, 3292.4900,  1, -251.34, 14.699999999999818
 22468, 3292.4900,  1, -302.16, 14.699999999999818
 22477, 3293.4250,  1, -284.19, 15.635000000000218
 22672, 3324.9250,  3, 250.60, 20.0
 22682, 3325.9650,  3, 227.11, 21.100000000000364
 22694, 3327.2150,  3, 240.93, 22.38500000000022
 22715, 3329.4050,  3, 196.03, 24.5600000000004
 22760, 3334.0900,  1, -248.93, 29.265000000000327
 22795, 3337.7400,  3, 185.27, 32.835000000000036
 22822, 3340.5500,  3, 150.42, 35.720000000000255
 22914, 3350.1350,  3, 112.90, 45.23000000000002
 22958, 3366.8650,  1, -248.98, 4.479999999999563
 23030, 3374.3650,  1, -279.80, 11.979999999999563
 23050, 3376.4450,  1, -275.61, 14.059999999999945
 23067, 3378.2150,  3, 297.88, 15.809999999999945
 23086, 3380.1950,  1, -226.84, 17.809999999999945
 23112, 3382.9050,  3, 259.62, 20.5
 23131, 3384.8850,  3, 239.35, 22.484999999999673
 23136, 3385.4050,  3, 209.52, 22.979999999999563
 23204, 3403.8850,  1, -267.19, 6.995000000000346
 23210, 3404.5100,  1, -202.85, 7.620000000000346
 23297, 3413.5700,  1, -158.74, 16.68000000000029
 23337, 3417.7400,  3, 272.22, 20.75500000000011
 23351, 3419.1950,  1, -171.78, 22.30500000000029
 23393, 3423.5700,  1, -314.71, 26.68000000000029
 23417, 3426.0700,  1, -246.08, 29.18000000000029
 23423, 3426.6950,  1, -322.99, 29.80500000000029
 23471, 3442.9900,  1, -248.11, 4.794999999999618
 23494, 3445.3850,  1, -154.18, 7.190000000000055
 23513, 3447.3650,  1, -285.95, 9.169999999999618
 23519, 3447.9900,  1, -220.68, 9.794999999999618
 23526, 3448.7150,  1, -299.03, 10.519999999999982
 23541, 3450.2800,  1, -193.76, 12.085000000000036
 23608, 3457.2600,  1, -200.78, 19.065000000000055
 23884, 3486.0100,  1, -399.81, 47.815000000000055
 23957, 3505.8200,  1, -243.36, 7.390000000000327
 23965, 3506.6550,  1, -268.79, 8.225000000000364
 23998, 3510.0900,  1, -170.52, 11.66000000000031
 24024, 3512.8000,  3, 296.47, 14.2800000000002
 24028, 3513.2150,  1, -250.59, 14.78500000000031
 24028, 3513.2150,  1, -131.65, 14.78500000000031
 24091, 3519.7800,  3, 286.58, 21.289999999999964
 24107, 3521.4450,  3, 197.74, 22.914999999999964
 24165, 3538.9050,  1, -231.96, 5.940000000000055
 24169, 3539.3200,  1, -260.09, 6.355000000000018
 24358, 3559.0100,  1, -380.03, 26.045000000000073
 24386, 3561.9250,  1, -237.28, 28.960000000000036
 24492, 3572.9650,  3, 131.78, 39.99499999999989
 24494, 3573.1750,  3, 176.55, 40.164999999999964
 24538, 3577.7600,  1, -287.52, 44.79500000000007
 24663, 3590.7800,  3, 81.35, 57.784999999999854
 24707, 3606.6550,  1, -255.89, 4.485000000000127
 24711, 3607.0700,  1, -257.38, 4.900000000000091
 24787, 3614.9900,  1, -237.77, 12.819999999999709
 24787, 3614.9900,  1, -188.57, 12.819999999999709
 24862, 3622.8000,  1, -224.41, 20.63000000000011
 24862, 3622.8000,  1, -234.67, 20.63000000000011
 24900, 3626.7600,  3, 235.12, 24.56999999999971
 25098, 3647.3850,  3, 124.29, 45.190000000000055
 25159, 3665.0500,  1, -153.04, 6.260000000000218
 25159, 3665.0500,  1, -138.63, 6.260000000000218
 25161, 3665.2600,  1, -265.19, 6.470000000000255
 25241, 3673.5900,  3, 322.88, 14.710000000000036
 25294, 3679.1150,  3, 269.43, 20.304999999999836
 25446, 3694.9450,  3, 190.66, 36.11999999999989
 25447, 3695.0500,  3, 186.69, 36.23000000000002
 25498, 3700.3650,  3, 144.91, 41.570000000000164
 25677, 3730.9650,  1, -269.76, 18.53500000000031
 25717, 3735.1350,  1, -248.22, 22.705000000000382
 25792, 3742.9450,  3, 208.42, 30.5
 25801, 3743.8850,  3, 267.35, 31.360000000000127
 25824, 3746.2800,  3, 211.22, 33.80000000000018
 25879, 3752.0100,  3, 158.76, 39.475000000000364
 25980, 3762.5300,  3, 135.23, 50.01500000000033
 26206, 3786.0700,  3, -9.64, 73.60500000000002
 26300, 3807.0300,  1, -193.51, 9.700000000000273
 26300, 3807.0300,  1, -158.14, 9.700000000000273
 26338, 3810.9900,  3, 298.89, 13.599999999999909
 26369, 3814.2150,  1, -249.73, 16.88500000000022
 26385, 3815.8850,  1, -171.80, 18.55500000000029
 26395, 3816.9250,  3, 257.34, 19.5300000000002
 26421, 3819.6350,  1, -184.76, 22.30500000000029
 26597, 3837.9650,  3, 115.05, 40.61000000000013
 26779, 3868.9650,  1, -291.07, 18.855000000000018
 26792, 3870.3200,  1, -263.34, 20.210000000000036
 26834, 3874.6950,  3, 279.30, 24.49499999999989
 26865, 3877.9250,  1, -247.26, 27.815000000000055
 26866, 3878.0300,  1, -242.04, 27.920000000000073
 26896, 3881.1550,  3, 190.01, 31.004999999999654
 26904, 3881.9900,  3, 197.77, 31.83999999999969
 26954, 3887.1950,  3, 210.69, 37.04999999999973
 27020, 3905.4050,  1, -177.30, 6.7800000000002
 27046, 3908.1150,  1, -214.63, 9.489999999999782
 27048, 3908.3200,  1, -288.04, 9.695000000000164
 27061, 3909.6750,  1, -224.41, 11.050000000000182
 27078, 3911.4450,  1, -204.74, 12.820000000000164
 27245, 3928.8400,  1, -277.66, 30.215000000000146
 27348, 3939.5700,  3, 151.32, 40.92000000000007
 27407, 3945.7150,  3, 149.34, 46.98999999999978
 27513, 3968.1150,  1, -236.23, 10.949999999999818
 27524, 3969.2600,  1, -110.48, 12.095000000000255
 27524, 3969.2600,  1, -216.87, 12.095000000000255
 27561, 3973.1150,  1, -258.00, 15.949999999999818
 27581, 3975.1950,  1, -310.57, 18.0300000000002
 27618, 3979.0500,  1, -262.84, 21.88500000000022
 27645, 3981.8650,  1, -303.56, 24.699999999999818
 28008, 4019.6750,  3, 83.21, 62.50500000000011
 28102, 4040.5300,  1, -156.63, 9.6850000000004
 28102, 4040.5300,  1, -213.81, 9.6850000000004
 28154, 4045.9450,  1, -261.51, 15.100000000000364
 28154, 4045.9450,  1, -140.96, 15.100000000000364
 28174, 4048.0300,  1, -223.41, 17.1850000000004
 28190, 4049.6950,  3, 319.25, 18.80500000000029
 28277, 4058.7600,  3, 247.50, 27.870000000000346
 28387, 4070.2150,  3, 167.62, 39.29000000000042
 28511, 4094.5700,  1, -195.82, 12.809999999999945
 28511, 4094.5700,  1, -161.35, 12.809999999999945
 28517, 4095.1950,  1, -192.46, 13.434999999999945
 28517, 4095.1950,  1, -176.90, 13.434999999999945
 28572, 4100.8350,  3, 285.80, 19.050000000000182
 28697, 4113.6200,  3, 209.17, 31.80999999999949
 28797, 4123.8450,  3, 129.46, 42.029999999999745
 28849, 4129.1650,  3, 140.77, 47.36499999999978
 28967, 4152.3900,  1, -216.73, 11.965000000000146
 28967, 4152.3900,  1, -123.48, 11.965000000000146
 28989, 4154.6400,  3, 308.08, 14.144999999999527
 29061, 4162.0050,  3, 283.73, 21.545000000000073
 29145, 4170.5950,  3, 184.75, 30.079999999999927
 29172, 4173.3600,  3, 213.86, 32.86999999999989
 29229, 4179.1850,  3, 142.57, 38.715000000000146
 29255, 4181.8450,  3, 181.64, 41.38000000000011
 29499, 4218.9700,  1, -230.33, 24.850000000000364
 29507, 4219.7900,  1, -275.99, 25.670000000000073
 29539, 4223.0600,  1, -311.10, 28.94000000000051
 29539, 4223.0600,  1, -334.80, 28.94000000000051
 29543, 4223.4700,  1, -319.90, 29.350000000000364
 29544, 4223.5750,  1, -360.39, 29.454999999999927
 29563, 4225.5150,  1, -256.78, 31.395000000000437
 29563, 4225.5150,  1, -346.14, 31.395000000000437
 29662, 4247.1150,  1, -209.29, 9.920000000000073
 29668, 4247.7250,  1, -160.24, 10.530000000000655
 29740, 4255.0900,  3, 304.19, 17.800000000000182
 29750, 4256.1150,  3, 288.60, 18.88000000000011
 29813, 4262.5550,  1, -201.95, 25.360000000000582
 29827, 4263.9900,  3, 243.31, 26.780000000000655
 29891, 4270.5350,  3, 184.66, 33.280000000000655
 29906, 4272.0700,  3, 203.05, 34.775000000000546
 29988, 4291.8500,  1, -245.20, 8.280000000000655
 30011, 4294.2050,  1, -209.30, 10.635000000000218
 30011, 4294.2050,  1, -122.39, 10.635000000000218
 30042, 4297.3750,  3, 332.38, 13.74499999999989
 30078, 4301.0550,  3, 237.03, 17.395000000000437
 30079, 4301.1600,  3, 258.86, 17.550000000000182
 30178, 4311.2850,  1, -201.28, 27.715000000000146
 30184, 4311.8950,  3, 221.90, 28.230000000000473
 30305, 4335.4500,  1, -184.43, 12.274999999999636
 30305, 4335.4500,  1, -185.18, 12.274999999999636
 30328, 4337.8000,  1, -185.94, 14.625
 30330, 4338.0050,  3, 288.80, 14.789999999999964
 30357, 4340.7650,  3, 273.09, 17.48999999999978
 30368, 4341.8900,  3, 270.05, 18.69499999999971
 30373, 4342.4050,  3, 239.16, 19.125
 30393, 4344.4500,  3, 221.10, 21.26000000000022
 30505, 4367.2900,  1, -158.48, 11.350000000000364
 30505, 4367.2900,  1, -169.86, 11.350000000000364
 30597, 4376.7000,  1, -213.50, 20.76000000000022
 30597, 4376.7000,  1, -234.12, 20.76000000000022
 30615, 4378.5400,  3, 270.69, 22.585000000000036
 30675, 4384.6750,  3, 244.19, 28.664999999999964
 30689, 4386.1100,  3, 221.00, 30.090000000000146
 30729, 4390.2000,  3, 203.10, 34.20000000000073
 30802, 4409.9100,  1, -129.09, 7.364999999999782
 30802, 4409.9100,  1, -166.86, 7.364999999999782
 30878, 4417.6800,  3, 299.02, 15.11999999999989
 30907, 4420.6450,  3, 292.95, 18.050000000000182
 30907, 4420.6450,  1, -178.77, 18.100000000000364
 30915, 4421.4650,  3, 292.62, 18.854999999999563
 31025, 4432.7150,  3, 193.27, 30.125
 31037, 4433.9450,  3, 200.97, 31.30999999999949
 31110, 4452.5350,  1, -198.62, 7.364999999999782
 31110, 4452.5350,  1, -117.22, 7.364999999999782
 31170, 4458.6700,  3, 332.69, 13.414999999999964
 31187, 4460.4100,  3, 291.24, 15.159999999999854
 31221, 4463.8850,  3, 264.94, 18.6899999999996
 31263, 4468.1800,  3, 236.62, 23.00500000000011
 31287, 4470.6350,  3, 262.82, 25.449999999999818
 31305, 4472.4750,  3, 202.07, 27.25500000000011
 31436, 4497.0800,  3, 308.00, 13.289999999999964
 31446, 4498.1000,  3, 284.92, 14.295000000000073
 31447, 4498.2050,  3, 270.43, 14.404999999999745
 31460, 4499.5350,  3, 252.97, 15.710000000000036
 31469, 4500.4550,  3, 266.22, 16.63000000000011
 31499, 4503.5200,  3, 210.50, 19.69000000000051
 31552, 4508.9450,  3, 231.62, 25.085000000000036
 31564, 4510.1700,  3, 230.72, 26.324999999999818
 31656, 4530.6200,  1, -164.06, 9.305000000000291
 31656, 4530.6200,  1, -142.49, 9.305000000000291
 31700, 4535.1200,  3, 316.63, 13.720000000000255
 31714, 4536.5500,  3, 299.00, 15.220000000000255
 31745, 4539.7200,  3, 291.60, 18.375
 31769, 4542.1750,  3, 280.18, 20.830000000000837
 31779, 4543.2000,  3, 271.30, 21.845000000000255
 31790, 4544.3250,  3, 232.63, 22.965000000000146
 31925, 4569.2950,  3, 300.69, 13.604999999999563
 31943, 4571.1350,  1, -190.45, 15.545000000000073
 31946, 4571.4450,  3, 293.30, 15.795000000000073
 31982, 4575.1250,  3, 270.18, 19.474999999999454
 32063, 4583.4100,  3, 196.53, 27.769999999999527
 32083, 4585.4550,  3, 221.78, 29.795000000000073
 32090, 4586.1700,  3, 206.35, 30.534999999999854
 32132, 4590.4650,  3, 181.90, 34.849999999999454
 32195, 4609.2150,  1, -147.71, 6.3400000000001455
 32195, 4609.2150,  1, -140.01, 6.3400000000001455
 32269, 4616.7850,  3, 297.72, 13.899999999999636
 32276, 4617.5000,  3, 305.69, 14.5600000000004
 32277, 4617.6000,  3, 303.19, 14.710000000000036
 32281, 4618.0100,  3, 315.27, 15.085000000000036
 32319, 4621.8950,  3, 247.00, 19.0
 32423, 4632.5350,  3, 260.88, 29.595000000000255
 32496, 4652.1200,  1, -173.44, 7.364999999999782
 32496, 4652.1200,  1, -129.94, 7.364999999999782
 32505, 4653.0400,  1, -162.60, 8.284999999999854
 32505, 4653.0400,  1, -169.26, 8.284999999999854
 32549, 4657.5400,  3, 326.73, 12.769999999999527
 32568, 4659.4850,  3, 325.44, 14.640000000000327
 32574, 4660.0950,  3, 315.31, 15.324999999999818
 32581, 4660.8100,  3, 253.11, 16.015000000000327
 32635, 4677.6650,  1, -165.84, 5.420000000000073
 32635, 4677.6650,  1, -149.53, 5.420000000000073
 32660, 4680.2200,  1, -177.42, 7.975000000000364
 32660, 4680.2200,  1, -147.45, 7.975000000000364
 32706, 4684.9250,  3, 309.70, 12.595000000000255
 32727, 4687.0750,  3, 283.34, 14.824999999999818
 32736, 4687.9950,  3, 276.00, 15.6850000000004
 32763, 4690.7550,  3, 283.25, 18.465000000000146
 32825, 4708.1450,  1, -156.04, 6.235000000000582
 32825, 4708.1450,  1, -135.07, 6.235000000000582
 32897, 4715.5100,  3, 300.20, 13.539999999999964
 32916, 4717.4550,  3, 285.83, 15.444999999999709
 32917, 4717.5550,  3, 293.22, 15.640000000000327
 32920, 4717.8650,  3, 269.13, 15.885000000000218
 32935, 4719.3950,  3, 263.09, 17.409999999999854
 32936, 4719.5000,  3, 271.14, 17.55500000000029
 33001, 4738.2000,  1, -152.34, 6.545000000000073
 33001, 4738.2000,  1, -160.38, 6.545000000000073
 33015, 4739.6300,  1, -186.09, 7.975000000000364
 33015, 4739.6300,  1, -99.30, 7.975000000000364
 33076, 4745.8700,  3, 277.33, 14.11999999999989
 33083, 4746.5850,  3, 287.11, 14.914999999999964
 33089, 4747.2000,  3, 276.70, 15.445000000000618
 33106, 4748.9350,  3, 257.51, 17.210000000000036
 33301, 4780.0350,  1, -259.69, 19.840000000000146
 33301, 4780.0350,  1, -155.70, 19.840000000000146
 33416, 4791.7950,  3, 228.51, 31.5600000000004
 33443, 4794.5550,  3, 177.35, 34.280000000000655
 33447, 4794.9650,  3, 203.22, 34.67000000000007
 33449, 4795.1700,  3, 180.72, 34.9350000000004
 33460, 4796.2950,  3, 191.40, 36.07500000000073
 33477, 4798.0350,  3, 189.32, 37.76000000000022
 33547, 4816.4850,  1, -143.61, 7.059999999999491
 33547, 4816.4850,  1, -134.81, 7.059999999999491
 33567, 4818.5300,  1, -212.89, 9.104999999999563
 33567, 4818.5300,  1, -101.86, 9.104999999999563
 33637, 4825.6850,  3, 305.51, 16.234999999999673
 33654, 4827.4250,  3, 302.46, 17.979999999999563
 33663, 4828.3450,  3, 276.52, 18.88500000000022
 33665, 4828.5500,  3, 267.10, 19.095000000000255
 33869, 4860.7150,  1, -286.46, 20.76000000000022
 33869, 4860.7150,  1, -119.28, 20.76000000000022
 33878, 4861.6350,  1, -257.71, 21.68000000000029
 33878, 4861.6350,  1, -183.19, 21.68000000000029
 33881, 4861.9450,  3, 259.10, 21.960000000000036
 33893, 4863.1700,  3, 285.84, 23.13500000000022
 33928, 4866.7500,  3, 259.15, 26.734999999999673
 33964, 4870.4300,  3, 212.53, 30.38000000000011
 34037, 4890.1950,  1, -207.68, 7.364999999999782
 34123, 4898.9900,  1, -176.81, 16.159999999999854
 34132, 4899.9100,  3, 241.26, 16.98999999999978
 34136, 4900.3200,  3, 250.23, 17.44000000000051
 34145, 4901.2400,  3, 249.87, 18.395000000000437
 34157, 4902.4650,  3, 260.83, 19.625
 34248, 4911.7700,  3, 235.66, 28.88500000000022
 34261, 4913.1000,  3, 186.17, 30.220000000000255
 34364, 4934.6650,  1, -191.92, 10.430000000000291
 34421, 4940.4950,  3, 284.92, 16.215000000000146
 34421, 4940.4950,  3, 285.81, 16.230000000000473
 34437, 4942.1300,  3, 268.67, 17.795000000000073
 34438, 4942.2350,  3, 279.87, 17.93000000000029
 34441, 4942.5400,  3, 281.95, 18.200000000000728
 34450, 4943.4600,  3, 250.98, 19.170000000000073
 34474, 4945.9150,  3, 266.20, 21.585000000000036
 34612, 4971.2000,  3, 282.63, 13.920000000000073
 34616, 4971.6100,  3, 307.08, 14.350000000000364
 34636, 4973.6550,  3, 304.93, 16.414999999999964
 34643, 4974.3700,  3, 285.01, 17.164999999999964
 34649, 4974.9850,  3, 285.35, 17.785000000000764
 34672, 4977.3350,  3, 273.79, 20.095000000000255
 34692, 4979.3800,  3, 290.90, 22.095000000000255
 34696, 4979.7900,  3, 286.52, 22.535000000000764
 34792, 5000.6950,  1, -168.10, 9.715000000000146
 34792, 5000.6950,  1, -151.62, 9.715000000000146
 34808, 5002.3300,  1, -192.36, 11.350000000000364
 34867, 5008.3650,  3, 281.26, 17.31500000000051
 34878, 5009.4900,  1, -193.36, 18.51000000000022
 34881, 5009.7950,  3, 265.60, 18.715000000000146
 34881, 5009.7950,  3, 249.58, 18.795000000000073
 35023, 5024.3200,  3, 167.87, 33.280000000000655
 35097, 5043.0300,  1, -154.37, 7.4650000000001455
 35097, 5043.0300,  1, -145.81, 7.4650000000001455
 35115, 5044.8700,  1, -101.33, 9.305000000000291
 35115, 5044.8700,  1, -210.10, 9.305000000000291
 35139, 5047.3250,  3, 310.13, 11.664999999999964
 35153, 5048.7550,  3, 345.45, 13.100000000000364
 35185, 5052.0300,  3, 284.97, 16.390000000000327
 35192, 5052.7450,  3, 289.62, 17.090000000000146
 35266, 5071.4650,  1, -150.22, 7.4650000000001455
 35266, 5071.4650,  1, -154.72, 7.4650000000001455
 35385, 5083.6350,  3, 300.38, 19.5649999999996
 35406, 5085.7850,  3, 301.84, 21.734999999999673
 35428, 5088.0350,  3, 229.00, 23.9399999999996
 35565, 5102.0450,  3, 206.89, 38.02000000000044
 35627, 5108.3850,  3, 181.09, 44.3100000000004
 35628, 5108.4900,  3, 106.29, 44.47999999999956
 35718, 5128.6200,  1, -146.74, 9.104999999999563
 35718, 5128.6200,  1, -172.86, 9.104999999999563
 35724, 5129.2350,  1, -203.26, 9.719999999999345
 35724, 5129.2350,  1, -110.40, 9.719999999999345
 35738, 5130.6650,  1, -165.35, 11.149999999999636
 35738, 5130.6650,  1, -180.36, 11.149999999999636
 35827, 5139.7650,  3, 281.61, 20.210000000000036
 35856, 5142.7350,  3, 272.00, 23.11499999999978
 35945, 5163.0200,  1, -180.03, 8.9950000000008
 35945, 5163.0200,  1, -167.27, 8.9950000000008
 35962, 5164.7600,  1, -149.39, 10.735000000000582
 35962, 5164.7600,  1, -194.69, 10.735000000000582
 35972, 5165.7850,  3, 323.89, 11.664999999999964
 35998, 5168.4450,  3, 297.77, 14.325000000000728
 36025, 5171.2050,  3, 297.18, 17.090000000000146
 36070, 5175.8050,  3, 281.64, 21.76000000000022
 36157, 5196.6350,  1, -163.80, 8.795000000000073
 36157, 5196.6350,  1, -141.09, 8.795000000000073
 36158, 5196.7400,  1, -191.08, 8.899999999999636
 36158, 5196.7400,  1, -99.06, 8.899999999999636
 36178, 5198.7850,  1, -155.48, 10.944999999999709
 36178, 5198.7850,  1, -168.12, 10.944999999999709
 36236, 5204.7150,  3, 286.97, 16.8149999999996
 36248, 5205.9450,  3, 324.13, 18.01000000000022
 36313, 5224.5750,  1, -223.84, 6.545000000000073
 36395, 5232.9600,  3, 307.70, 14.900000000000546
 36426, 5236.1300,  3, 291.68, 18.025000000000546
 36432, 5236.7450,  3, 257.59, 18.68000000000029
 36441, 5237.6650,  3, 268.50, 19.61999999999989
 36513, 5245.0300,  3, 227.32, 26.985000000000582
 36518, 5245.5400,  3, 190.48, 27.49499999999989
 36622, 5256.1750,  3, 148.44, 38.06500000000051
 36727, 5277.9650,  1, -129.15, 10.635000000000218
 36727, 5277.9650,  1, -179.49, 10.635000000000218
 36745, 5279.8050,  1, -159.77, 12.475000000000364
 36745, 5279.8050,  1, -181.20, 12.475000000000364
 36768, 5282.1600,  3, 313.87, 14.805000000000291
 36769, 5282.2600,  3, 303.29, 14.914999999999964
 36772, 5282.5700,  3, 325.38, 15.164999999999964
 36818, 5287.2700,  3, 280.51, 19.920000000000073
 36882, 5305.2150,  1, -136.64, 6.444999999999709
 36882, 5305.2150,  1, -151.02, 6.444999999999709
 36895, 5306.5450,  1, -136.88, 7.774999999999636
 36895, 5306.5450,  1, -163.93, 7.774999999999636
 37034, 5320.7600,  3, 240.49, 21.894999999999527
 37041, 5321.4750,  3, 256.86, 22.699999999999818
 37055, 5322.9100,  3, 249.69, 24.049999999999272
 37059, 5323.3200,  3, 253.89, 24.464999999999236
 37207, 5349.6800,  3, 299.64, 14.969999999999345
 37209, 5349.8850,  3, 282.13, 15.154999999999745
 37218, 5350.8050,  3, 256.86, 16.05999999999949
 37219, 5350.9100,  3, 294.16, 16.23999999999978
 37233, 5352.3400,  3, 286.47, 17.594999999999345
 37240, 5353.0550,  3, 277.57, 18.36499999999978
 37250, 5354.0800,  3, 279.05, 19.3799999999992
 37302, 5359.3950,  3, 241.76, 24.664999999999964
 37377, 5380.1100,  1, -137.22, 7.569999999999709
 37377, 5380.1100,  1, -176.69, 7.569999999999709
 37451, 5387.6750,  1, -213.95, 15.135000000000218
 37451, 5387.6750,  1, -204.98, 15.135000000000218
 37456, 5388.1850,  3, 284.87, 15.625
 37467, 5389.3100,  3, 285.03, 16.68000000000029
 37497, 5392.3800,  3, 275.72, 19.770000000000437
 37568, 5399.6400,  3, 207.99, 27.06999999999971
 37631, 5417.5100,  1, -160.55, 6.3400000000001455
 37631, 5417.5100,  1, -135.94, 6.3400000000001455
 37693, 5423.8500,  1, -173.52, 12.680000000000291
 37693, 5423.8500,  1, -198.32, 12.680000000000291
 37702, 5424.7700,  1, -212.41, 13.600000000000364
 37702, 5424.7700,  1, -160.10, 13.600000000000364
 37726, 5427.2250,  3, 332.48, 15.975000000000364
 37769, 5431.6250,  3, 289.97, 20.36999999999989
 37828, 5448.9550,  1, -154.24, 5.934999999999491
 37828, 5448.9550,  1, -120.89, 5.934999999999491
 37881, 5454.3750,  3, 319.38, 11.344999999999345
 37899, 5456.2150,  3, 334.06, 13.1899999999996
 37912, 5457.5450,  3, 334.67, 14.464999999999236
 37920, 5458.3650,  3, 286.50, 15.294999999999163
 37925, 5458.8750,  3, 320.40, 15.794999999999163
 38120, 5478.8200,  3, 191.66, 35.69999999999982
 38188, 5497.1350,  1, -156.19, 6.850000000000364
 38188, 5497.1350,  1, -139.38, 6.850000000000364
 38191, 5497.4450,  1, -172.49, 7.1599999999998545
 38210, 5499.3850,  1, -201.30, 9.100000000000364
 38210, 5499.3850,  1, -106.39, 9.100000000000364
 38234, 5501.8400,  3, 341.39, 11.520000000000437
 38320, 5510.6350,  3, 266.00, 20.324999999999818
 38407, 5519.5350,  3, 209.12, 29.19499999999971
 38474, 5538.3700,  1, -176.46, 6.75
 38474, 5538.3700,  1, -170.86, 6.75
 38518, 5542.8700,  3, 314.85, 11.1850000000004
 38526, 5543.6850,  1, -124.87, 12.06500000000051
 38526, 5543.6850,  1, -213.64, 12.06500000000051
 38602, 5551.4600,  1, -227.74, 19.840000000000146
 38621, 5553.4050,  3, 264.58, 21.715000000000146
 38625, 5553.8100,  3, 264.23, 22.105000000000473
 38729, 5575.9100,  3, 340.16, 10.470000000000255
 38788, 5581.9450,  3, 274.40, 16.470000000000255
 38794, 5582.5550,  3, 308.98, 17.079999999999927
 38810, 5584.1950,  3, 277.07, 18.8149999999996
 38811, 5584.2950,  3, 260.16, 18.835000000000036
 38826, 5585.8300,  3, 256.27, 20.36999999999989
 38846, 5587.8750,  3, 221.06, 22.4350000000004
 38853, 5588.5900,  3, 259.14, 23.210000000000036
 38916, 5606.1400,  1, -159.64, 6.3400000000001455
 38916, 5606.1400,  1, -135.70, 6.3400000000001455
 38938, 5608.3900,  1, -198.55, 8.590000000000146
 38965, 5611.1550,  3, 297.22, 11.304999999999382
 38966, 5611.2550,  3, 313.24, 11.375
 38979, 5612.5850,  3, 330.40, 12.739999999999782
 38984, 5613.0950,  3, 308.75, 13.199999999999818
 38985, 5613.2000,  3, 285.17, 13.38000000000011
 39066, 5632.9700,  1, -182.17, 8.180000000000291
 39066, 5632.9700,  1, -100.89, 8.180000000000291
 39122, 5638.7000,  3, 330.72, 13.899999999999636
 39153, 5641.8700,  3, 313.52, 17.0600000000004
 39171, 5643.7100,  3, 294.40, 18.824999999999818
 39172, 5643.8100,  3, 302.90, 18.925000000000182
 39247, 5651.4850,  3, 277.68, 26.6899999999996
 39301, 5657.0050,  3, 233.10, 32.125
 39394, 5677.8250,  1, -207.89, 9.409999999999854
 39428, 5681.3000,  3, 310.40, 12.789999999999964
 39442, 5682.7350,  3, 325.30, 14.270000000000437
 39450, 5683.5500,  3, 303.51, 15.039999999999964
 39459, 5684.4700,  3, 287.29, 16.015000000000327
 39501, 5688.7650,  3, 281.69, 20.25500000000011
 39514, 5690.0950,  3, 280.60, 21.63000000000011
 39530, 5691.7350,  3, 282.32, 23.295000000000073
 39584, 5709.3850,  1, -131.09, 5.420000000000073
 39584, 5709.3850,  1, -139.11, 5.420000000000073
 39658, 5716.9550,  3, 314.22, 12.899999999999636
 39659, 5717.0550,  1, -132.89, 13.090000000000146
 39666, 5717.7700,  3, 322.62, 13.760000000000218
 39724, 5723.7050,  3, 280.99, 19.729999999999563
 39730, 5724.3200,  3, 272.24, 20.26000000000022
 39826, 5734.1350,  3, 214.93, 30.099999999999454
 39957, 5758.6450,  1, -120.59, 13.290000000000873
 39965, 5759.4650,  1, -159.94, 14.110000000000582
 39970, 5759.9750,  1, -302.66, 14.6200000000008
 39992, 5762.2250,  3, 309.16, 16.770000000000437
 40003, 5763.3500,  3, 255.88, 17.895000000000437
 40005, 5763.5550,  3, 310.75, 18.11500000000069
 40023, 5765.3950,  3, 285.07, 19.99000000000069
 40097, 5772.9650,  3, 236.12, 27.550000000000182
 40158, 5790.4900,  1, -141.51, 6.139999999999418
 40158, 5790.4900,  1, -154.85, 6.139999999999418
 40195, 5794.2700,  1, -215.24, 9.920000000000073
 40195, 5794.2700,  1, -113.80, 9.920000000000073
 40360, 5811.1450,  3, 223.15, 26.73999999999978
 40371, 5812.2700,  3, 241.86, 27.859999999999673
 40413, 5816.5700,  3, 188.50, 32.17999999999938
 40521, 5827.6150,  3, 148.07, 43.17499999999927
 40586, 5846.5050,  1, -170.30, 6.545000000000073
 40586, 5846.5050,  1, -101.49, 6.545000000000073
 40676, 5855.7100,  3, 301.12, 15.680000000000291
 40692, 5857.3450,  3, 312.74, 17.31999999999971
 40695, 5857.6550,  3, 272.84, 17.654999999999745
 40721, 5860.3100,  3, 280.93, 20.300000000000182
 40762, 5864.5050,  3, 265.35, 24.524999999999636
 40785, 5866.8600,  3, 241.64, 26.859999999999673
 40899, 5889.7900,  3, 309.58, 11.525000000000546
 40914, 5891.3250,  3, 300.77, 13.050000000000182
 40916, 5891.5300,  3, 305.53, 13.230000000000473
 40924, 5892.3450,  3, 305.17, 14.075000000000728
 40947, 5894.7000,  3, 293.60, 16.36999999999989
 40953, 5895.3100,  3, 289.48, 17.025000000000546
 40982, 5898.2800,  3, 290.47, 19.975000000000364
 40987, 5898.7900,  3, 300.34, 20.475000000000364
 41056, 5916.9850,  1, -150.65, 6.954999999999927
 41056, 5916.9850,  1, -145.41, 6.954999999999927
 41062, 5917.5950,  1, -153.23, 7.565000000000509
 41062, 5917.5950,  1, -132.65, 7.565000000000509
 41098, 5921.2800,  3, 309.86, 11.19000000000051
 41107, 5922.2000,  3, 341.40, 12.070000000000618
 41141, 5925.6750,  3, 290.04, 15.570000000000618
 41144, 5925.9850,  3, 274.49, 15.925000000000182
 41213, 5944.3300,  1, -154.03, 6.954999999999927
 41265, 5949.6450,  3, 329.80, 12.175000000000182
 41267, 5949.8500,  3, 299.25, 12.444999999999709
 41269, 5950.0550,  1, -223.06, 12.680000000000291
 41269, 5950.0550,  1, -169.56, 12.680000000000291
 41309, 5954.1450,  3, 262.30, 16.720000000000255
 41309, 5954.1450,  3, 292.00, 16.699999999999818
 41322, 5955.4750,  3, 267.16, 18.05500000000029
 41379, 5973.5400,  1, -126.64, 5.725000000000364
 41379, 5973.5400,  1, -143.21, 5.725000000000364
 41389, 5974.5600,  1, -151.21, 6.7450000000008
 41389, 5974.5600,  1, -157.36, 6.7450000000008
 41431, 5978.8600,  3, 344.16, 10.945000000000618
 41434, 5979.1650,  3, 329.02, 11.335000000000036
 41442, 5979.9850,  3, 317.11, 12.13000000000011
 41462, 5982.0300,  3, 315.56, 14.155000000000655
 41523, 5999.6750,  1, -145.26, 6.135000000000218
 41523, 5999.6750,  1, -132.68, 6.135000000000218
 41529, 6000.2900,  1, -152.25, 6.75
 41529, 6000.2900,  1, -129.13, 6.75
 41569, 6004.3800,  3, 340.58, 10.779999999999745
 41578, 6005.3000,  3, 297.63, 11.74499999999989
 41579, 6005.4050,  3, 318.60, 11.855000000000473
 41615, 6009.0850,  3, 324.64, 15.444999999999709
 41675, 6026.2650,  1, -137.92, 6.030000000000655
 41675, 6026.2650,  1, -142.14, 6.030000000000655
 41687, 6027.4950,  1, -171.26, 7.260000000000218
 41687, 6027.4950,  1, -133.35, 7.260000000000218
 41740, 6032.9150,  3, 336.11, 12.610000000000582
 41858, 6044.9850,  3, 242.57, 24.74499999999989
 41889, 6048.1550,  3, 206.34, 27.825000000000728
 41988, 6058.2800,  3, 214.02, 37.94000000000051
 42056, 6076.2800,  1, -143.65, 6.854999999999563
 42056, 6076.2800,  1, -143.09, 6.854999999999563
 42061, 6076.7900,  1, -142.26, 7.364999999999782
 42061, 6076.7900,  1, -160.97, 7.364999999999782
 42092, 6079.9600,  1, -148.18, 10.534999999999854
 42092, 6079.9600,  1, -220.37, 10.534999999999854
 42102, 6080.9850,  3, 310.32, 11.554999999999382
 42165, 6087.4250,  3, 269.98, 17.974999999999454
 42221, 6104.4600,  1, -131.65, 5.625
 42221, 6104.4600,  1, -142.83, 5.625
 42234, 6105.7900,  1, -144.16, 6.954999999999927
 42234, 6105.7900,  1, -136.23, 6.954999999999927
 42250, 6107.4250,  1, -165.30, 8.590000000000146
 42250, 6107.4250,  1, -143.64, 8.590000000000146
 42284, 6110.9050,  3, 324.52, 11.979999999999563
 42297, 6112.2350,  3, 332.94, 13.375
 42439, 6138.0450,  3, 316.32, 14.38000000000011
 42440, 6138.1450,  3, 303.30, 14.4399999999996
 42442, 6138.3500,  3, 297.19, 14.63000000000011
 42450, 6139.1700,  3, 320.25, 15.454999999999927
 42457, 6139.8850,  3, 292.12, 16.19499999999971
 42461, 6140.2950,  3, 294.34, 16.585000000000036
 42463, 6140.5000,  3, 296.06, 16.835000000000036
 42478, 6142.0350,  3, 298.08, 18.3100000000004
 42549, 6160.4700,  1, -177.33, 7.155000000000655
 42549, 6160.4700,  1, -121.93, 7.155000000000655
 42551, 6160.6750,  1, -157.01, 7.360000000000582
 42551, 6160.6750,  1, -171.35, 7.360000000000582
 42564, 6162.0050,  1, -174.46, 8.69000000000051
 42564, 6162.0050,  1, -147.12, 8.69000000000051
 42608, 6166.5050,  3, 325.09, 13.1850000000004
 42608, 6166.5050,  3, 310.88, 13.13000000000011
 42721, 6189.4550,  1, -95.54, 11.454999999999927
 42721, 6189.4550,  1, -229.25, 11.454999999999927
 42724, 6189.7600,  3, 318.38, 11.729999999999563
 42724, 6189.7600,  3, 319.47, 11.699999999999818
 42747, 6192.1150,  3, 320.73, 14.109999999999673
 42770, 6194.4650,  3, 282.98, 16.409999999999854
 42792, 6196.7150,  3, 293.70, 18.61999999999989
 42816, 6199.1700,  3, 261.35, 21.159999999999854
 42877, 6216.5700,  1, -134.64, 6.139999999999418
 42877, 6216.5700,  1, -144.98, 6.139999999999418
 42916, 6220.5550,  3, 342.97, 10.104999999999563
 42930, 6221.9900,  3, 335.10, 11.514999999999418
 42948, 6223.8300,  3, 300.84, 13.354999999999563
 42962, 6225.2600,  3, 309.85, 14.779999999999745
 42971, 6226.1800,  3, 312.16, 15.654999999999745
 43032, 6232.4200,  3, 269.70, 21.969999999999345
 43104, 6251.1300,  1, -185.30, 7.260000000000218
 43104, 6251.1300,  1, -107.50, 7.260000000000218
 43112, 6251.9500,  1, -166.45, 8.079999999999927
 43112, 6251.9500,  1, -143.16, 8.079999999999927
 43166, 6257.4700,  3, 277.18, 13.510000000000218
 43168, 6257.6750,  3, 310.02, 13.800000000000182
 43171, 6257.9850,  3, 292.82, 14.010000000000218
 43173, 6258.1850,  3, 306.53, 14.239999999999782
 43238, 6276.8600,  1, -161.44, 6.545000000000073
 43238, 6276.8600,  1, -130.59, 6.545000000000073
 43271, 6280.2350,  3, 362.81, 9.840000000000146
 43295, 6282.6850,  3, 318.35, 12.3100000000004
 43306, 6283.8100,  3, 309.31, 13.420000000000073
 43323, 6285.5500,  3, 306.45, 15.220000000000255
 43347, 6288.0050,  3, 286.88, 17.605000000000473
 43404, 6293.8350,  3, 267.68, 23.49000000000069
 43515, 6316.6150,  3, 333.21, 11.170000000000073
 43520, 6317.1250,  3, 318.40, 11.735000000000582
 43537, 6318.8650,  3, 310.40, 13.49499999999989
 43538, 6318.9650,  3, 314.25, 13.515000000000327
 43602, 6325.5100,  3, 291.74, 20.110000000000582
 43612, 6326.5350,  3, 241.45, 21.110000000000582
 43640, 6329.3950,  3, 265.96, 23.954999999999927
 43652, 6330.6250,  3, 262.45, 25.204999999999927
 43726, 6349.4050,  1, -143.21, 7.4650000000001455
 43726, 6349.4050,  1, -152.33, 7.4650000000001455
 43726, 6349.4050,  1, -111.67, 7.4650000000001455
 43726, 6349.4050,  1, -183.25, 7.4650000000001455
 43739, 6350.7350,  1, -213.37, 8.795000000000073
 43739, 6350.7350,  1, -145.57, 8.795000000000073
 43802, 6357.1750,  3, 294.57, 15.1850000000004
 43852, 6362.2900,  3, 278.69, 20.32000000000062
 43939, 6382.1000,  1, -145.67, 8.795000000000073
 43939, 6382.1000,  1, -156.09, 8.795000000000073
 43967, 6384.9650,  3, 331.50, 11.55999999999949
 43989, 6387.2150,  3, 300.48, 13.80999999999949
 43991, 6387.4200,  3, 339.47, 14.014999999999418
 44001, 6388.4450,  3, 307.35, 15.134999999999309
 44007, 6389.0550,  3, 301.34, 15.654999999999745
 44009, 6389.2600,  3, 288.05, 15.904999999999745
 44070, 6406.7700,  1, -121.50, 6.135000000000218
 44070, 6406.7700,  1, -160.89, 6.135000000000218
 44123, 6412.1950,  3, 331.47, 11.474999999999454
 44127, 6412.6000,  3, 326.99, 11.93499999999949
 44132, 6413.1150,  3, 306.12, 12.474999999999454
 44140, 6413.9300,  3, 312.36, 13.260000000000218
 44199, 6419.9650,  3, 275.24, 19.25500000000011
 44211, 6421.1950,  3, 272.82, 20.51000000000022
 44271, 6438.4200,  1, -122.99, 6.0349999999998545
 44271, 6438.4200,  1, -152.57, 6.0349999999998545
 44278, 6439.1350,  1, -121.92, 6.75
 44278, 6439.1350,  1, -187.23, 6.75
 44283, 6439.6450,  1, -138.75, 7.260000000000218
 44283, 6439.6450,  1, -154.80, 7.260000000000218
 44339, 6445.3750,  3, 300.95, 12.885000000000218
 44361, 6447.6250,  3, 264.79, 15.159999999999854
 44435, 6466.4050,  1, -162.38, 7.4650000000001455
 44435, 6466.4050,  1, -141.85, 7.4650000000001455
 44439, 6466.8100,  1, -168.66, 7.8700000000008
 44439, 6466.8100,  1, -123.97, 7.8700000000008
 44489, 6471.9250,  3, 322.80, 12.975000000000364
 44492, 6472.2350,  3, 343.40, 13.2450000000008
 44494, 6472.4350,  3, 305.46, 13.475000000000364
 44508, 6473.8700,  3, 300.92, 14.830000000000837
 44631, 6497.8450,  3, 318.11, 12.404999999999745
 44633, 6498.0500,  3, 293.33, 12.635000000000218
 44637, 6498.4600,  3, 266.73, 13.020000000000437
 44673, 6502.1400,  3, 302.99, 16.710000000000036
 44689, 6503.7800,  3, 288.44, 18.375
 44691, 6503.9850,  3, 284.29, 18.534999999999854
 44698, 6504.7000,  3, 271.00, 19.31999999999971
 44713, 6506.2350,  3, 267.62, 20.80500000000029
 44783, 6525.6200,  1, -118.58, 7.055000000000291
 44783, 6525.6200,  1, -188.88, 7.055000000000291
 44804, 6527.7650,  1, -185.43, 9.200000000000728
 44804, 6527.7650,  1, -137.69, 9.200000000000728
 44829, 6530.3250,  3, 301.49, 11.725000000000364
 44843, 6531.7550,  3, 303.84, 13.155000000000655
 44851, 6532.5750,  3, 316.28, 13.920000000000073
 45012, 6549.0400,  3, 206.91, 30.44000000000051
 45112, 6570.5950,  1, -208.91, 10.125
 45112, 6570.5950,  1, -131.28, 10.125
 45118, 6571.2100,  3, 339.60, 10.659999999999854
 45127, 6572.1300,  3, 334.98, 11.594999999999345
 45175, 6577.0400,  3, 293.92, 16.545000000000073
 45178, 6577.3450,  3, 276.44, 16.81999999999971
 45188, 6578.3700,  3, 294.68, 17.829999999999927
 45208, 6580.4150,  3, 316.11, 19.86499999999978
 45278, 6598.8900,  1, -122.72, 7.055000000000291
 45278, 6598.8900,  1, -176.23, 7.055000000000291
 45280, 6599.0950,  1, -151.00, 7.260000000000218
 45280, 6599.0950,  1, -152.08, 7.260000000000218
 45293, 6600.4250,  1, -177.59, 8.590000000000146
 45293, 6600.4250,  1, -153.96, 8.590000000000146
 45326, 6603.8000,  3, 316.28, 11.899999999999636
 45350, 6606.2550,  3, 319.11, 14.409999999999854
 45420, 6624.8300,  1, -164.42, 7.059999999999491
 45420, 6624.8300,  1, -117.42, 7.059999999999491
 45449, 6627.7950,  1, -198.15, 10.024999999999636
 45449, 6627.7950,  1, -129.44, 10.024999999999636
 45500, 6633.0100,  3, 312.55, 15.174999999999272
 45524, 6635.4650,  3, 294.53, 17.669999999999163
 45532, 6636.2850,  3, 276.08, 18.424999999999272
 45542, 6637.3050,  3, 270.95, 19.484999999999673
 45604, 6654.8050,  1, -125.89, 6.235000000000582
 45604, 6654.8050,  1, -155.46, 6.235000000000582
 45610, 6655.4200,  1, -146.48, 6.850000000000364
 45610, 6655.4200,  1, -141.79, 6.850000000000364
 45666, 6661.1450,  3, 316.46, 12.555000000000291
 45675, 6662.0700,  3, 339.17, 13.485000000000582
 45680, 6662.5800,  3, 325.47, 13.909999999999854
 45694, 6664.0100,  3, 315.88, 15.355000000000473
 45758, 6681.8700,  1, -170.33, 6.444999999999709
 45758, 6681.8700,  1, -147.44, 6.444999999999709
 45811, 6687.2900,  3, 332.06, 11.764999999999418
 45811, 6687.2900,  3, 318.35, 11.8149999999996
 45817, 6687.9050,  3, 310.94, 12.399999999999636
 45817, 6687.9050,  3, 323.07, 12.420000000000073
 45819, 6688.1100,  3, 293.30, 12.614999999999782
 45820, 6688.2100,  3, 337.67, 12.739999999999782
 45888, 6707.4650,  1, -142.47, 6.850000000000364
 45888, 6707.4650,  1, -153.94, 6.850000000000364
 45903, 6709.0000,  1, -133.23, 8.385000000000218
 45903, 6709.0000,  1, -174.87, 8.385000000000218
 45932, 6711.9650,  3, 313.43, 11.25500000000011
 45963, 6715.1350,  3, 286.97, 14.515000000000327
 46017, 6720.6600,  3, 311.76, 19.949999999999818
 46024, 6721.3750,  3, 270.49, 20.69500000000062
 46100, 6740.4300,  1, -164.70, 7.670000000000073
 46100, 6740.4300,  1, -130.13, 7.670000000000073
 46102, 6740.6350,  1, -130.88, 7.875
 46102, 6740.6350,  1, -155.38, 7.875
 46121, 6742.5800,  1, -124.09, 9.819999999999709
 46121, 6742.5800,  1, -195.15, 9.819999999999709
 46129, 6743.3950,  3, 342.49, 10.550000000000182
 46165, 6747.0800,  3, 321.47, 14.300000000000182
 46226, 6765.4500,  1, -166.97, 6.135000000000218
 46226, 6765.4500,  1, -118.61, 6.135000000000218
 46232, 6766.0600,  1, -136.52, 6.7450000000008
 46232, 6766.0600,  1, -147.31, 6.7450000000008
 46242, 6767.0850,  1, -156.70, 7.770000000000437
 46242, 6767.0850,  1, -129.18, 7.770000000000437
 46314, 6774.4500,  3, 321.91, 15.125
 46322, 6775.2650,  3, 311.02, 15.905000000000655
 46381, 6792.5700,  1, -124.97, 5.934999999999491
 46381, 6792.5700,  1, -150.82, 5.934999999999491
 46383, 6792.7700,  1, -159.99, 6.135000000000218
 46383, 6792.7700,  1, -133.22, 6.135000000000218
 46434, 6797.9900,  3, 332.75, 11.25500000000011
 46443, 6798.9100,  3, 316.64, 12.264999999999418
 46458, 6800.4450,  3, 346.17, 13.800000000000182
 46475, 6802.1800,  3, 338.26, 15.534999999999854
 46584, 6824.5100,  1, -163.40, 11.045000000000073
 46611, 6827.2700,  3, 300.95, 13.729999999999563
 46622, 6828.3950,  3, 321.38, 14.899999999999636
 46626, 6828.8050,  3, 304.66, 15.239999999999782
 46629, 6829.1150,  3, 280.86, 15.585000000000036
 46645, 6830.7500,  3, 289.97, 17.1899999999996
 46646, 6830.8500,  3, 285.31, 17.31999999999971
 46668, 6833.1000,  3, 294.11, 19.595000000000255
 46724, 6850.0200,  1, -136.13, 5.6200000000008
 46724, 6850.0200,  1, -117.50, 5.6200000000008
 46739, 6851.5550,  1, -114.02, 7.155000000000655
 46739, 6851.5550,  1, -180.97, 7.155000000000655
 46752, 6852.8850,  1, -188.10, 8.485000000000582
 46752, 6852.8850,  1, -111.08, 8.485000000000582
 46784, 6856.1600,  3, 294.33, 11.704999999999927
 46810, 6858.8200,  3, 301.22, 14.410000000000764
 46912, 6880.6100,  1, -161.65, 10.329999999999927
 46912, 6880.6100,  1, -139.03, 10.329999999999927
 46914, 6880.8100,  1, -145.81, 10.530000000000655
 46914, 6880.8100,  1, -181.46, 10.530000000000655
 46983, 6887.8700,  3, 264.73, 17.56500000000051
 46987, 6888.2800,  3, 297.11, 17.94000000000051
 46996, 6889.2000,  3, 271.43, 18.829999999999927
 47032, 6892.8800,  3, 261.08, 22.579999999999927
 47089, 6909.7500,  1, -131.07, 5.729999999999563
 47089, 6909.7500,  1, -149.76, 5.729999999999563
 47099, 6910.7700,  1, -174.46, 6.75
 47099, 6910.7700,  1, -127.91, 6.75
 47114, 6912.3050,  1, -145.78, 8.284999999999854
 47114, 6912.3050,  1, -166.58, 8.284999999999854
 47160, 6917.0100,  3, 335.48, 12.904999999999745
 47191, 6920.1800,  3, 268.98, 16.13499999999931
 47308, 6944.3400,  3, 327.91, 11.800000000000182
 47337, 6947.3050,  3, 318.04, 14.735000000000582
 47341, 6947.7150,  3, 279.53, 15.225000000000364
 47352, 6948.8400,  3, 309.90, 16.265000000000327
 47373, 6950.9900,  3, 313.58, 18.425000000000182
 47377, 6951.3950,  3, 280.03, 18.845000000000255
 47423, 6956.1000,  3, 234.77, 23.600000000000364
 47498, 6963.7700,  3, 249.25, 31.215000000000146
 47567, 6982.8050,  1, -156.82, 6.950000000000728
 47567, 6982.8050,  1, -143.94, 6.950000000000728
 47607, 6986.8950,  3, 327.80, 10.950000000000728
 47609, 6987.1000,  1, -199.74, 11.2450000000008
 47609, 6987.1000,  1, -131.12, 11.2450000000008
 47635, 6989.7600,  3, 324.25, 13.88000000000011
 47733, 6999.7850,  3, 265.89, 23.88000000000011
 47792, 7005.8200,  3, 240.10, 29.875
 47887, 7026.9950,  1, -108.15, 9.614999999999782
 47887, 7026.9950,  1, -194.40, 9.614999999999782
 47932, 7031.5950,  3, 334.11, 14.154999999999745
 47933, 7031.7000,  3, 300.84, 14.274999999999636
 47955, 7033.9500,  3, 302.64, 16.470000000000255
 47957, 7034.1550,  3, 285.32, 16.6899999999996
 47965, 7034.9700,  3, 301.87, 17.524999999999636
 47986, 7037.1200,  3, 266.54, 19.720000000000255
 48083, 7058.1700,  1, -196.85, 9.81500000000051
 48083, 7058.1700,  1, -134.50, 9.81500000000051
 48159, 7065.9450,  3, 312.96, 17.50500000000011
 48207, 7070.8500,  3, 251.25, 22.420000000000073
 48207, 7070.8500,  3, 269.91, 22.470000000000255
 48276, 7077.9100,  3, 257.78, 29.540000000000873
 48279, 7078.2150,  3, 239.66, 29.790000000000873
 48300, 7080.3650,  3, 181.92, 31.99000000000069
 48394, 7101.0400,  1, -195.99, 9.510000000000218
 48394, 7101.0400,  1, -109.11, 9.510000000000218
 48412, 7102.8800,  3, 327.96, 11.289999999999964
 48415, 7103.1850,  3, 335.26, 11.5600000000004
 48467, 7108.5050,  3, 300.03, 16.954999999999927
 48574, 7119.4500,  3, 269.53, 27.86999999999989
 48577, 7119.7550,  3, 244.36, 28.220000000000255
 48583, 7120.3700,  3, 232.28, 28.75
 48640, 7138.3000,  1, -129.81, 5.725000000000364
 48640, 7138.3000,  1, -142.75, 5.725000000000364
 48659, 7140.2450,  1, -173.63, 7.670000000000073
 48659, 7140.2450,  1, -112.28, 7.670000000000073
 48686, 7143.0050,  3, 327.83, 10.425000000000182
 48717, 7146.1750,  3, 309.24, 13.5
 48725, 7146.9950,  3, 320.75, 14.355000000000473
 48781, 7152.7200,  3, 269.86, 20.050000000000182
 48843, 7170.2100,  1, -155.92, 6.239999999999782
 48843, 7170.2100,  1, -114.68, 6.239999999999782
 48921, 7178.1850,  1, -137.33, 14.215000000000146
 48921, 7178.1850,  1, -184.64, 14.215000000000146
 48927, 7178.8000,  3, 299.52, 14.759999999999309
 49001, 7186.3700,  3, 276.36, 22.324999999999818
 49044, 7190.7650,  3, 296.22, 26.784999999999854
 49071, 7193.5300,  3, 324.70, 29.474999999999454
 49132, 7211.8850,  1, -150.81, 6.135000000000218
 49132, 7211.8850,  1, -120.04, 6.135000000000218
 49156, 7214.3400,  1, -164.25, 8.590000000000146
 49156, 7214.3400,  1, -140.31, 8.590000000000146
 49220, 7220.8850,  3, 302.54, 15.11999999999989
 49240, 7222.9300,  3, 288.21, 17.164999999999964
 49264, 7225.3850,  3, 299.35, 19.625
 49397, 7238.9900,  3, 269.65, 33.14000000000033
 49472, 7257.7500,  1, -134.68, 7.569999999999709
 49472, 7257.7500,  1, -162.29, 7.569999999999709
 49505, 7261.1250,  1, -214.11, 10.944999999999709
 49505, 7261.1250,  1, -102.43, 10.944999999999709
 49510, 7261.6350,  1, -200.68, 11.454999999999927
 49510, 7261.6350,  1, -126.77, 11.454999999999927
 49529, 7263.5800,  3, 338.17, 13.3149999999996
 49913, 7302.8500,  3, 239.21, 52.57999999999993
 50043, 7327.3050,  1, -154.16, 13.19000000000051
 50043, 7327.3050,  1, -157.74, 13.19000000000051
 50089, 7332.0100,  3, 324.47, 17.800000000000182
 50139, 7337.1250,  3, 297.53, 22.9350000000004
 50155, 7338.7600,  3, 282.20, 24.63500000000022
 50160, 7339.2700,  3, 264.37, 25.145000000000437
 50161, 7339.3750,  3, 293.52, 25.215000000000146
 50165, 7339.7850,  3, 274.59, 25.600000000000364
 50422, 7378.1100,  1, -165.67, 26.18499999999949
 50422, 7378.1100,  1, -233.41, 26.18499999999949
 50436, 7379.5400,  3, 318.46, 27.545000000000073
 50438, 7379.7450,  3, 284.57, 27.80999999999949
 50450, 7380.9700,  1, -170.29, 29.045000000000073
 50450, 7380.9700,  1, -225.54, 29.045000000000073
 50591, 7395.3900,  3, 248.91, 43.39499999999953
 50630, 7399.3800,  3, 229.49, 47.35499999999956
 50733, 7421.9950,  3, 344.42, 10.354999999999563
 50737, 7422.4050,  3, 312.50, 10.8149999999996
 50788, 7427.6200,  3, 315.19, 16.039999999999964
 50817, 7430.5850,  3, 307.75, 18.960000000000036
 50818, 7430.6850,  3, 277.02, 19.099999999999454
 50839, 7432.8350,  3, 297.46, 21.23999999999978
 50908, 7439.8900,  3, 275.78, 28.234999999999673
 50939, 7443.0600,  3, 263.34, 31.414999999999964
 51061, 7466.7950,  3, 343.03, 12.284999999999854
 51140, 7474.8750,  3, 299.11, 20.390000000000327
 51208, 7481.8300,  1, -184.37, 27.409999999999854
 51212, 7482.2400,  3, 275.75, 27.76000000000022
 51269, 7488.0700,  3, 292.02, 33.55000000000018
 51296, 7490.8300,  3, 236.60, 36.36499999999978
 51302, 7491.4450,  3, 239.56, 36.92000000000007
 51324, 7493.6950,  3, 233.51, 39.26500000000033
 51384, 7510.8400,  1, -153.71, 6.0349999999998545
 51384, 7510.8400,  1, -124.77, 6.0349999999998545
 51424, 7514.9300,  1, -175.45, 10.125
 51424, 7514.9300,  1, -131.57, 10.125
 51436, 7516.1600,  3, 325.25, 11.25500000000011
 51450, 7517.5900,  1, -219.44, 12.784999999999854
 51652, 7538.2500,  3, 296.18, 33.38000000000011
 51667, 7539.7850,  3, 261.02, 34.95499999999993
 51748, 7559.2150,  1, -173.53, 8.180000000000291
 51748, 7559.2150,  1, -119.73, 8.180000000000291
 51781, 7562.5900,  3, 336.99, 11.460000000000036
 51809, 7565.4550,  3, 317.02, 14.31500000000051
 51820, 7566.5800,  3, 311.04, 15.539999999999964
 51829, 7567.5000,  3, 293.33, 16.36499999999978
 51870, 7571.6950,  3, 297.32, 20.605000000000473
 52048, 7589.8950,  3, 283.99, 38.850000000000364
 52154, 7611.7150,  3, 354.91, 10.725000000000364
 52289, 7625.5200,  3, 299.47, 24.4950000000008
 52291, 7625.7250,  3, 256.89, 24.6850000000004
 52299, 7626.5450,  1, -145.39, 25.56500000000051
 52299, 7626.5450,  1, -205.31, 25.56500000000051
 52299, 7626.5450,  3, 277.25, 25.480000000000473
 52307, 7627.3650,  3, 294.69, 26.300000000000182
 52476, 7644.6450,  3, 261.93, 43.6200000000008
 52629, 7672.5000,  1, -122.95, 15.545000000000073
 52629, 7672.5000,  1, -189.70, 15.545000000000073
 52655, 7675.1600,  3, 323.99, 18.11499999999978
 52662, 7675.8750,  3, 276.26, 18.895000000000437
 52706, 7680.3750,  3, 304.40, 23.329999999999927
 52755, 7685.3850,  3, 229.81, 28.36499999999978
 52880, 7698.1700,  3, 249.83, 41.17500000000018
 52897, 7699.9100,  3, 274.94, 42.92500000000018
 53048, 7727.4750,  3, 315.47, 15.25
 53085, 7731.2600,  3, 309.17, 19.039999999999964
 53094, 7732.1800,  3, 295.16, 20.019999999999527
 53107, 7733.5100,  3, 283.09, 21.344999999999345
 53126, 7735.4550,  3, 291.07, 23.30499999999938
 53137, 7736.5800,  3, 303.09, 24.36999999999989
 53140, 7736.8850,  3, 275.88, 24.734999999999673
 53218, 7744.8650,  3, 278.80, 32.664999999999964
 53282, 7762.5900,  1, -148.45, 6.440000000000509
 53282, 7762.5900,  1, -122.66, 6.440000000000509
 53286, 7763.0000,  1, -123.89, 6.850000000000364
 53286, 7763.0000,  1, -165.07, 6.850000000000364
 53368, 7771.3850,  3, 308.18, 15.210000000000036
 53368, 7771.3850,  3, 323.66, 15.204999999999927
 53399, 7774.5550,  3, 298.25, 18.32000000000062
 53448, 7779.5700,  3, 284.81, 23.32000000000062
 53533, 7799.4100,  1, -156.72, 8.590000000000146
 53533, 7799.4100,  1, -185.42, 8.590000000000146
 53576, 7803.8050,  3, 345.80, 12.914999999999964
 53593, 7805.5450,  3, 313.65, 14.670000000000073
 53606, 7806.8750,  3, 280.58, 15.954999999999927
 53667, 7813.1150,  3, 271.36, 22.284999999999854
 53684, 7814.8500,  3, 262.44, 24.020000000000437
 53719, 7818.4300,  3, 259.94, 27.530000000000655
 53780, 7835.9900,  1, -158.33, 6.135000000000218
 53780, 7835.9900,  1, -132.69, 6.135000000000218
 53821, 7840.1800,  3, 335.15, 10.25
 53883, 7846.5200,  3, 288.47, 16.63000000000011
 53899, 7848.1600,  3, 290.96, 18.235000000000582
 53906, 7848.8750,  3, 295.37, 18.965000000000146
 53950, 7853.3750,  3, 302.01, 23.450000000000728
 53972, 7855.6250,  3, 319.37, 25.725000000000364
 54087, 7878.6300,  3, 280.32, 11.644999999999527
 54090, 7878.9350,  1, -133.08, 11.965000000000146
 54090, 7878.9350,  1, -181.74, 11.965000000000146
 54093, 7879.2450,  1, -104.75, 12.274999999999636
 54093, 7879.2450,  1, -173.32, 12.274999999999636
 54151, 7885.1750,  3, 281.23, 18.175000000000182
 54209, 7891.1100,  3, 301.31, 24.079999999999927
 54369, 7907.4700,  3, 239.78, 40.42000000000007
 54490, 7931.1000,  1, -199.61, 12.270000000000437
 54490, 7931.1000,  1, -112.81, 12.270000000000437
 54575, 7939.7950,  1, -189.23, 20.965000000000146
 54647, 7947.1600,  3, 287.95, 28.274999999999636
 54671, 7949.6150,  3, 301.79, 30.74499999999989
 54678, 7950.3300,  3, 283.92, 31.404999999999745
 54710, 7953.6000,  3, 283.45, 34.75500000000011
 54981, 7981.3200,  3, 215.55, 62.42000000000007
 55042, 7998.7550,  1, -125.01, 6.135000000000218
 55042, 7998.7550,  1, -152.12, 6.135000000000218
 55124, 8007.1400,  3, 307.85, 14.425000000000182
 55142, 8008.9850,  1, -232.46, 16.36499999999978
 55233, 8018.2900,  3, 274.32, 25.659999999999854
 55238, 8018.8000,  3, 300.12, 26.125
 55286, 8023.7100,  3, 267.62, 31.00500000000011
 55343, 8029.5400,  3, 254.07, 36.875
 55479, 8054.6450,  1, -207.77, 13.805000000000291
 55479, 8054.6450,  1, -111.48, 13.805000000000291
 55583, 8065.2850,  3, 273.25, 24.345000000000255
 55635, 8070.6000,  3, 258.57, 29.659999999999854
 55640, 8071.1150,  3, 280.39, 30.175000000000182
 55670, 8074.1800,  3, 263.14, 33.30999999999949
 55824, 8089.9300,  3, 215.68, 49.00500000000011
 55879, 8095.5550,  3, 214.85, 54.67000000000007
 56002, 8120.1350,  3, 346.88, 12.385000000000218
 56041, 8124.1250,  3, 318.94, 16.36999999999989
 56042, 8124.2250,  3, 323.17, 16.545000000000073
 56058, 8125.8650,  3, 313.60, 18.154999999999745
 56116, 8131.7950,  3, 295.06, 24.039999999999964
 56205, 8140.8950,  3, 296.76, 33.154999999999745
 56432, 8164.1150,  3, 233.24, 56.409999999999854
 56443, 8165.2400,  3, 296.73, 57.49499999999989
 56555, 8187.8900,  3, 344.85, 11.25
 56560, 8188.4050,  3, 336.21, 11.824999999999818
 56563, 8188.7100,  3, 348.98, 12.074999999999818
 56573, 8189.7350,  3, 333.52, 13.175000000000182
 56593, 8191.7800,  3, 329.02, 15.180000000000291
 56667, 8199.3500,  3, 298.62, 22.714999999999236
 56682, 8200.8850,  3, 284.91, 24.32000000000062
 56726, 8205.3850,  3, 293.38, 28.75999999999931
 56846, 8229.7150,  3, 338.53, 12.139999999999418
 56853, 8230.4300,  1, -115.60, 12.889999999999418
 56853, 8230.4300,  1, -212.44, 12.889999999999418
 56856, 8230.7350,  3, 324.91, 13.1299999999992
 56876, 8232.7800,  3, 342.83, 15.224999999998545
 56910, 8236.2600,  3, 309.25, 18.654999999998836
 56969, 8242.2900,  3, 281.06, 24.714999999998327
 56970, 8242.3950,  3, 297.33, 24.764999999999418
 57052, 8261.8700,  1, -178.20, 8.280000000000655
 57052, 8261.8700,  1, -118.56, 8.280000000000655
 57168, 8273.7350,  3, 322.04, 20.049999999999272
 57262, 8283.3500,  3, 280.67, 29.68499999999949
 57309, 8288.1550,  3, 309.94, 34.55999999999949
 57363, 8293.6800,  3, 276.24, 40.024999999999636
 57414, 8298.8950,  3, 251.03, 45.23999999999978
 57415, 8298.9950,  3, 255.22, 45.350000000000364
 57478, 8316.5300,  1, -162.86, 6.335000000000946
 57478, 8316.5300,  1, -125.89, 6.335000000000946
 57582, 8327.1650,  1, -172.81, 16.970000000001164
 57582, 8327.1650,  1, -195.78, 16.970000000001164
 57598, 8328.8050,  3, 304.36, 18.51000000000022
 57598, 8328.8050,  3, 329.12, 18.55000000000109
 57686, 8337.8050,  3, 327.76, 27.530000000000655
 57828, 8352.3250,  3, 272.29, 42.10499999999956
 57899, 8370.9050,  1, -135.57, 7.150000000001455
 57899, 8370.9050,  1, -154.66, 7.150000000001455
 57906, 8371.6200,  1, -115.60, 7.865000000001601
 57906, 8371.6200,  1, -176.65, 7.865000000001601
 57952, 8376.3250,  3, 331.59, 12.545000000000073
 57968, 8377.9650,  3, 301.09, 14.110000000000582
 58017, 8382.9750,  3, 314.65, 19.1150000000016
 58034, 8384.7150,  3, 291.24, 20.92500000000109
 58110, 8403.6350,  1, -141.97, 7.665000000000873
 58110, 8403.6350,  1, -134.51, 7.665000000000873
 58133, 8405.9850,  1, -145.45, 10.015000000001237
 58133, 8405.9850,  1, -134.01, 10.015000000001237
 58146, 8407.3150,  3, 313.59, 11.275000000001455
 58148, 8407.5200,  3, 319.33, 11.545000000000073
 58156, 8408.3400,  3, 315.17, 12.305000000000291
 58195, 8412.3250,  3, 319.83, 16.31000000000131
 58259, 8430.0300,  1, -123.93, 6.440000000000509
 58259, 8430.0300,  1, -151.73, 6.440000000000509
 58318, 8436.0650,  1, -166.03, 12.475000000000364
 58318, 8436.0650,  1, -167.38, 12.475000000000364
 58372, 8441.5900,  3, 312.02, 17.950000000000728
 58382, 8442.6100,  3, 301.36, 18.965000000000146
 58418, 8446.2900,  3, 285.92, 22.69499999999971
 58446, 8449.1550,  3, 313.67, 25.55500000000029
 58550, 8470.9400,  3, 332.36, 10.484999999998763
 58550, 8470.9400,  3, 349.48, 10.474999999998545
 58561, 8472.0650,  3, 333.84, 11.649999999999636
 58573, 8473.2900,  3, 326.09, 12.81499999999869
 58596, 8475.6450,  3, 330.65, 15.199999999998909
 58624, 8478.5100,  1, -243.93, 18.104999999999563
 58624, 8478.5100,  1, -108.03, 18.104999999999563
 58833, 8499.8850,  3, 249.18, 39.43499999999949
 58901, 8517.7800,  1, -130.02, 6.850000000000364
 58901, 8517.7800,  1, -158.26, 6.850000000000364
 58919, 8519.6200,  1, -186.34, 8.69000000000051
 58919, 8519.6200,  1, -125.46, 8.69000000000051
 58921, 8519.8250,  1, -126.26, 8.895000000000437
 58921, 8519.8250,  1, -173.13, 8.895000000000437
 58960, 8523.8150,  3, 316.16, 12.864999999999782
 58969, 8524.7350,  3, 312.19, 13.715000000000146
 59034, 8542.6000,  1, -163.08, 6.545000000000073
 59034, 8542.6000,  1, -153.35, 6.545000000000073
 59060, 8545.2600,  1, -152.36, 9.204999999999927
 59060, 8545.2600,  1, -144.42, 9.204999999999927
 59100, 8549.3500,  3, 330.81, 13.204999999999927
 59226, 8562.2350,  3, 293.09, 26.159999999999854
 59666, 8607.2350,  3, 226.56, 71.15499999999884
 59753, 8616.1350,  2, 6.86,  80
 59857, 8638.0100,  3, 336.74, 10.369999999998981
 59917, 8644.1450,  3, 312.99, 16.469999999999345
 59924, 8644.8600,  1, -122.26, 17.284999999999854
 59924, 8644.8600,  1, -196.98, 17.284999999999854
 59939, 8646.3950,  1, -141.65, 18.81999999999971
 59939, 8646.3950,  1, -215.86, 18.81999999999971
 59961, 8648.6450,  3, 300.81, 21.019999999998618
 59972, 8649.7700,  3, 348.16, 22.125
 60027, 8666.4750,  1, -139.33, 5.515000000001237
 60027, 8666.4750,  1, -154.37, 5.515000000001237
 60100, 8673.9400,  3, 310.34, 12.945000000001528
 60127, 8676.7000,  3, 310.84, 15.730000000001382
 60146, 8678.6450,  3, 302.01, 17.605000000001382
 60166, 8680.6900,  3, 294.08, 19.650000000001455
 60183, 8682.4300,  3, 317.16, 21.400000000001455
 60252, 8689.4850,  3, 274.25, 28.50500000000102
 60370, 8712.5550,  3, 293.12, 11.895000000000437
 60413, 8716.9500,  3, 332.07, 16.340000000000146
 60415, 8717.1550,  1, -161.45, 16.56000000000131
 60415, 8717.1550,  1, -145.91, 16.56000000000131
 60470, 8722.7800,  3, 282.74, 22.095000000001164
 60494, 8725.2350,  3, 270.48, 24.585000000000946
 60566, 8732.6000,  3, 283.15, 31.920000000000073
 60735, 8749.8850,  3, 204.13, 49.25500000000102
 60855, 8773.2250,  3, 338.06, 12.06500000000051
 60864, 8774.1450,  3, 317.98, 13.05999999999949
 60867, 8774.4500,  3, 303.30, 13.389999999999418
 60872, 8774.9650,  3, 309.57, 13.80999999999949
 60874, 8775.1650,  3, 320.48, 14.100000000000364
 60875, 8775.2700,  3, 298.59, 14.149999999999636
 60879, 8775.6800,  3, 300.30, 14.520000000000437
 60922, 8780.0750,  3, 299.31, 19.0049999999992
 61042, 8803.5750,  1, -146.15, 12.165000000000873
 61042, 8803.5750,  1, -177.16, 12.165000000000873
 61089, 8808.3850,  3, 329.59, 16.88500000000022
 61116, 8811.1450,  3, 311.69, 19.68499999999949
 61160, 8815.6450,  3, 332.38, 24.204999999999927
 61179, 8817.5900,  3, 300.76, 26.100000000000364
 61222, 8821.9850,  3, 260.05, 30.479999999999563
 61255, 8825.3600,  3, 279.04, 33.86499999999978
 61350, 8846.1350,  1, -177.99, 9.610000000000582
 61350, 8846.1350,  1, -127.97, 9.610000000000582
 61374, 8848.5900,  3, 322.84, 12.010000000000218
 61377, 8848.8950,  3, 320.25, 12.274999999999636
 61380, 8849.2000,  3, 334.40, 12.665000000000873
 61390, 8850.2250,  3, 313.90, 13.680000000000291
 61395, 8850.7350,  3, 313.71, 14.170000000000073
 61520, 8863.5200,  3, 254.43, 26.92500000000109
 61586, 8881.3700,  1, -123.09, 6.640000000001237
 61586, 8881.3700,  1, -167.45, 6.640000000001237
 61635, 8886.3850,  3, 339.05, 11.595000000001164
 61643, 8887.2000,  3, 305.24, 12.43500000000131
 61644, 8887.3050,  3, 307.40, 12.475000000000364
 61808, 8904.0750,  3, 312.82, 29.284999999999854
 61817, 8904.9950,  3, 257.03, 30.18000000000029
 62061, 8929.9500,  3, 233.00, 55.215000000000146
 62165, 8952.7000,  1, -81.95, 10.525000000001455
 62165, 8952.7000,  1, -210.55, 10.525000000001455
 62173, 8953.5200,  3, 314.17, 11.270000000000437
 62176, 8953.8250,  3, 329.72, 11.600000000000364
 62191, 8955.3600,  3, 330.34, 13.095000000001164
 62231, 8959.4500,  3, 310.80, 17.270000000000437
 62255, 8961.9050,  3, 316.42, 19.695000000001528
 62317, 8968.2450,  3, 292.67, 26.06500000000051
 62436, 8991.6900,  3, 300.84, 11.984999999998763
 62437, 8991.7900,  3, 312.72, 12.084999999999127
 62463, 8994.4500,  3, 325.37, 14.804999999998472
 62485, 8996.7000,  3, 293.57, 17.039999999999054
 62511, 8999.3600,  3, 316.62, 19.659999999999854
 62581, 9006.5200,  3, 325.64, 26.799999999999272
 62596, 9008.0550,  3, 272.02, 28.414999999999054
 62742, 9022.9850,  3, 278.50, 43.30999999999949
 62850, 9045.1900,  3, 309.82, 10.8799999999992
 62863, 9046.5200,  3, 323.79, 12.260000000000218
 62869, 9047.1350,  3, 314.69, 12.864999999999782
 62928, 9053.1650,  3, 255.98, 18.8700000000008
 62941, 9054.4950,  3, 333.94, 20.19000000000051
 62968, 9057.2600,  3, 297.39, 22.94499999999971
 63157, 9076.5900,  3, 252.49, 42.23999999999978
 63296, 9090.8050,  3, 221.95, 56.45499999999993
 63351, 9107.5300,  1, -155.56, 5.520000000000437
 63351, 9107.5300,  1, -128.90, 5.520000000000437
 63441, 9116.7350,  3, 295.68, 14.680000000000291
 63445, 9117.1450,  3, 324.00, 15.104999999999563
 63462, 9118.8850,  3, 306.56, 16.784999999999854
 63490, 9121.7450,  3, 316.37, 19.68499999999949
 63527, 9125.5300,  3, 282.63, 23.43499999999949
 63605, 9133.5100,  3, 278.29, 31.479999999999563
 63738, 9157.9150,  3, 325.65, 13.430000000000291
 63865, 9170.9050,  3, 299.88, 26.409999999999854
 63885, 9172.9500,  3, 292.48, 28.454999999999927
 63950, 9179.6000,  3, 279.32, 35.155000000000655
 63970, 9181.6450,  3, 257.87, 37.155000000000655
 64019, 9186.6550,  3, 264.72, 42.14500000000044
 64032, 9187.9850,  3, 256.90, 43.54000000000087
 64054, 9190.2350,  3, 262.26, 45.775000000001455
 64168, 9213.8850,  3, 305.73, 11.475000000000364
 64171, 9214.1900,  3, 333.75, 11.819999999999709
 64247, 9221.9650,  1, -201.20, 19.63500000000022
 64247, 9221.9650,  1, -162.93, 19.63500000000022
 64281, 9225.4400,  3, 248.65, 23.085000000000946
 64285, 9225.8500,  1, -238.16, 23.520000000000437
 64285, 9225.8500,  1, -116.71, 23.520000000000437
 64310, 9228.4050,  3, 299.50, 26.014999999999418
 64422, 9251.3150,  3, 339.53, 11.275000000001455
 64470, 9256.2250,  3, 326.96, 16.220000000001164
 64486, 9257.8600,  1, -133.28, 17.890000000001237
 64486, 9257.8600,  1, -154.28, 17.890000000001237
 64551, 9264.5100,  3, 286.91, 24.450000000000728
 64557, 9265.1200,  3, 291.86, 25.105000000001382
 64570, 9266.4500,  3, 296.34, 26.43000000000029
 64616, 9271.1550,  3, 270.13, 31.090000000000146
 64692, 9290.0900,  1, -173.14, 7.665000000000873
 64692, 9290.0900,  1, -123.53, 7.665000000000873
 64733, 9294.2800,  3, 311.02, 11.820000000001528
 64766, 9297.6550,  3, 267.21, 15.150000000001455
 64895, 9310.8500,  3, 249.75, 28.395000000000437
 64925, 9313.9150,  3, 286.95, 31.43500000000131
 64938, 9315.2450,  3, 263.42, 32.720000000001164
 65065, 9328.2350,  3, 257.26, 45.77000000000044
 65162, 9349.3400,  1, -162.87, 9.819999999999709
 65162, 9349.3400,  1, -136.97, 9.819999999999709
 65193, 9352.5100,  1, -152.49, 12.989999999999782
 65193, 9352.5100,  1, -172.70, 12.989999999999782
 65217, 9354.9650,  3, 330.59, 15.43999999999869
 65223, 9355.5750,  1, -212.64, 16.05500000000029
 65252, 9358.5400,  3, 298.25, 18.924999999999272
 65435, 9377.2600,  3, 285.43, 37.649999999999636
 65548, 9400.0100,  3, 301.18, 11.395000000000437
 65555, 9400.7250,  3, 291.92, 12.06500000000051
 65596, 9404.9150,  3, 323.63, 16.329999999999927
 65611, 9406.4500,  3, 345.41, 17.845000000001164
 65622, 9407.5750,  3, 303.82, 18.93000000000029
 65631, 9408.4950,  3, 297.94, 19.850000000000364
 65744, 9420.0550,  3, 302.39, 31.454999999999927
 65797, 9425.4750,  3, 288.63, 36.909999999999854
 65878, 9445.0100,  1, -185.95, 8.175000000001091
 65878, 9445.0100,  1, -98.09, 8.175000000001091
 65902, 9447.4650,  1, -149.10, 10.630000000001019
 65902, 9447.4650,  1, -166.13, 10.630000000001019
 65922, 9449.5100,  1, -166.52, 12.675000000001091
 65922, 9449.5100,  1, -149.91, 12.675000000001091
 65977, 9455.1350,  3, 318.08, 18.285000000001673
 66040, 9461.5750,  3, 309.55, 24.665000000000873
 66125, 9481.4650,  1, -136.43, 8.594999999999345
 66125, 9481.4650,  1, -142.96, 8.594999999999345
 66148, 9483.8150,  1, -126.43, 10.944999999999709
 66148, 9483.8150,  1, -177.16, 10.944999999999709
 66263, 9495.5750,  3, 302.93, 22.604999999999563
 66392, 9508.7700,  3, 284.23, 35.80999999999949
 66536, 9523.4950,  3, 270.51, 50.54500000000007
 66568, 9526.7700,  3, 239.38, 53.79999999999927
 66630, 9544.2150,  1, -142.45, 6.235000000000582
 66630, 9544.2150,  1, -156.53, 6.235000000000582
 66660, 9547.2800,  1, -203.84, 9.300000000001091
 66660, 9547.2800,  1, -114.29, 9.300000000001091
 66679, 9549.2250,  3, 341.23, 11.165000000000873
 66680, 9549.3250,  3, 335.98, 11.274999999999636
 66680, 9549.3250,  3, 338.12, 11.25
 66921, 9573.9750,  3, 259.89, 35.95499999999993
 66980, 9591.1550,  1, -124.99, 5.925000000001091
 66980, 9591.1550,  1, -150.17, 5.925000000001091
 67023, 9595.5550,  1, -151.32, 10.325000000000728
 67023, 9595.5550,  1, -148.14, 10.325000000000728
 67025, 9595.7600,  1, -137.49, 10.530000000000655
 67025, 9595.7600,  1, -188.38, 10.530000000000655
 67104, 9603.8400,  3, 314.87, 18.55000000000109
 67228, 9616.5200,  3, 293.30, 31.225000000000364
 67292, 9634.2700,  1, -148.05, 6.43500000000131
 67292, 9634.2700,  1, -124.07, 6.43500000000131
 67308, 9635.9050,  1, -179.75, 8.070000000001528
 67308, 9635.9050,  1, -111.91, 8.070000000001528
 67391, 9644.3950,  3, 290.54, 16.520000000000437
 67413, 9646.6450,  3, 311.82, 18.7450000000008
 67430, 9648.3850,  3, 298.11, 20.4950000000008
 67441, 9649.5100,  3, 322.82, 21.585000000000946
 67507, 9667.4050,  1, -158.94, 6.640000000001237
 67507, 9667.4050,  1, -113.65, 6.640000000001237
 67554, 9672.2150,  3, 331.93, 11.380000000001019
 67554, 9672.2150,  3, 335.57, 11.430000000000291
 67596, 9676.5100,  3, 330.10, 15.710000000000946
 67648, 9681.8250,  3, 297.34, 21.05000000000109
 67697, 9686.8400,  3, 313.34, 25.970000000001164
 67926, 9710.2600,  3, 242.94, 49.48000000000138
 68036, 9732.6900,  1, -214.37, 11.140000000001237
 68036, 9732.6900,  1, -70.44, 11.140000000001237
 68114, 9740.6650,  3, 321.10, 19.100000000000364
 68142, 9743.5300,  3, 296.24, 21.895000000000437
 68177, 9747.1100,  3, 296.85, 25.515000000001237
 68228, 9752.3250,  3, 301.02, 30.720000000001164
 68252, 9754.7800,  3, 236.79, 33.19000000000051
 68265, 9756.1100,  3, 271.48, 34.4950000000008
 68394, 9780.3150,  1, -113.21, 13.085000000000946
 68394, 9780.3150,  1, -176.25, 13.085000000000946
 68473, 9788.3950,  3, 294.10, 21.06999999999971
 68475, 9788.6000,  3, 299.44, 21.340000000000146
 68489, 9790.0300,  3, 276.50, 22.7450000000008
 68506, 9791.7700,  3, 293.71, 24.48999999999978
 68526, 9793.8150,  3, 296.66, 26.4950000000008
 68565, 9797.8050,  3, 280.09, 30.524999999999636
 68638, 9816.5200,  1, -135.47, 7.360000000000582
 68638, 9816.5200,  1, -149.07, 7.360000000000582
 68705, 9823.3700,  3, 323.81, 14.110000000000582
 68736, 9826.5400,  3, 329.21, 17.30999999999949
 68816, 9834.7250,  3, 286.33, 25.514999999999418
 68930, 9846.3850,  3, 283.38, 37.18000000000029
 68942, 9847.6100,  3, 263.22, 38.44000000000051
 68972, 9850.6800,  3, 236.97, 41.44000000000051
 69068, 9871.5900,  1, -191.90, 9.710000000000946
 69068, 9871.5900,  1, -75.90, 9.710000000000946
 69077, 9872.5100,  3, 341.91, 10.595000000001164
 69079, 9872.7150,  3, 341.25, 10.820000000001528
 69084, 9873.2250,  3, 342.27, 11.2450000000008
 69101, 9874.9650,  3, 303.74, 13.045000000000073
 69185, 9883.5550,  3, 273.41, 21.6200000000008
 69205, 9885.6000,  3, 309.26, 23.6150000000016
 69313, 9907.7700,  1, -196.49, 10.944999999999709
 69313, 9907.7700,  1, -129.37, 10.944999999999709
 69316, 9908.0750,  3, 328.32, 11.224999999998545
 69333, 9909.8150,  3, 310.73, 12.969999999999345
 69338, 9910.3250,  3, 295.39, 13.494999999998981
 69352, 9911.7600,  3, 299.03, 14.864999999999782
 69355, 9912.0650,  3, 310.39, 15.224999999998545
 69693, 9946.6350,  3, 214.15, 49.724999999998545
 69831, 9972.0100,  3, 303.53, 13.9950000000008
 69861, 9975.0750,  3, 309.10, 17.025000000001455
 69884, 9977.4300,  3, 307.44, 19.355000000001382
 69953, 9984.4850,  3, 306.34, 26.42500000000109
 70009, 9990.2150,  3, 291.18, 32.13000000000102
 70030, 9992.3600,  3, 275.27, 34.30000000000109
 70105, 10000.0300,  3, 286.48, 41.94000000000051
 70194, 10009.1350,  3, 224.10, 51.095000000001164
 70248, 10025.7350,  1, -140.91, 5.415000000000873
 70248, 10025.7350,  1, -127.33, 5.415000000000873
 70304, 10031.4650,  3, 323.55, 11.045000000000073
 70320, 10033.1000,  3, 322.67, 12.700000000000728
 70373, 10038.5200,  3, 315.68, 18.095000000001164
 70462, 10047.6200,  3, 307.05, 27.290000000000873
 70466, 10048.0300,  3, 304.03, 27.63500000000022
 70843, 10086.5900,  3, 196.18, 66.20499999999993
 70920, 10105.6450,  1, -212.08, 7.770000000000437
 71087, 10122.7250,  1, -192.02, 24.850000000000364
 71087, 10122.7250,  1, -164.43, 24.850000000000364
 71198, 10134.0750,  3, 263.90, 36.18000000000029
 71252, 10139.6000,  3, 228.27, 41.69000000000051
 71273, 10141.7450,  1, -173.71, 43.8700000000008
 71300, 10144.5100,  3, 230.81, 46.54000000000087
 71331, 10147.6800,  3, 233.05, 49.76499999999942
 71386, 10164.6900,  1, -141.52, 5.515000000001237
 71386, 10164.6900,  1, -137.80, 5.515000000001237
 71475, 10173.7900,  1, -89.51, 14.6150000000016
 71475, 10173.7900,  1, -236.97, 14.6150000000016
 71554, 10181.8700,  3, 281.49, 22.68500000000131
 71711, 10197.9300,  3, 234.39, 38.68000000000029
 71818, 10208.8700,  3, 199.80, 49.650000000001455
 71866, 10213.7800,  3, 232.83, 54.56500000000051
 71939, 10232.3250,  1, -140.76, 7.355000000001382
 71939, 10232.3250,  1, -168.33, 7.355000000001382
 72015, 10240.1000,  1, -139.69, 15.130000000001019
 72015, 10240.1000,  1, -206.35, 15.130000000001019
 72090, 10247.7700,  3, 311.85, 22.704999999999927
 72189, 10257.8950,  3, 241.39, 32.82500000000073
 72204, 10259.4300,  3, 248.17, 34.36000000000058
 72225, 10261.5750,  3, 285.06, 36.56500000000051
 72317, 10282.1000,  1, -191.19, 9.30999999999949
 72317, 10282.1000,  1, -142.81, 9.30999999999949
 72377, 10288.2350,  3, 307.70, 15.404999999998836
 72446, 10295.2900,  3, 303.99, 22.43999999999869
 72476, 10298.3600,  3, 256.46, 25.5
 72485, 10299.2800,  3, 291.68, 26.484999999998763
 72554, 10306.3400,  3, 247.84, 33.45499999999993
 72598, 10310.8400,  3, 288.63, 37.974999999998545
 72724, 10335.9050,  1, -203.68, 12.780000000000655
 72724, 10335.9050,  1, -116.05, 12.780000000000655
 72750, 10338.5650,  3, 316.50, 15.43499999999949
 72775, 10341.1200,  3, 294.78, 17.975000000000364
 72873, 10351.1450,  3, 274.13, 27.93000000000029
 72956, 10359.6350,  3, 281.60, 36.45999999999913
 72983, 10362.3950,  3, 262.75, 39.2549999999992
 73020, 10366.1800,  3, 283.30, 42.965000000000146
 73128, 10388.3250,  3, 341.19, 10.869999999998981
 73150, 10390.5750,  3, 324.52, 13.119999999998981
 73261, 10401.9300,  3, 314.67, 24.44999999999891
 73286, 10404.4850,  3, 288.16, 27.0
 73294, 10405.3050,  3, 290.84, 27.81999999999971
 73297, 10405.6100,  3, 285.90, 28.159999999999854
 73421, 10418.2900,  3, 251.42, 40.86999999999898
 73435, 10419.7250,  3, 248.50, 42.29500000000007
 73531, 10441.5550,  1, -122.24, 9.715000000000146
 73531, 10441.5550,  1, -183.61, 9.715000000000146
 73560, 10444.5200,  1, -107.52, 12.680000000000291
 73560, 10444.5200,  1, -190.80, 12.680000000000291
 73617, 10450.3500,  1, -180.63, 18.51000000000022
 73617, 10450.3500,  1, -166.32, 18.51000000000022
 73678, 10456.5900,  3, 299.88, 24.69499999999971
 73994, 10488.9050,  3, 213.70, 57.039999999999054
 74063, 10507.1450,  1, -127.84, 6.950000000000728
 74063, 10507.1450,  1, -150.89, 6.950000000000728
 74181, 10519.2150,  1, -145.04, 19.020000000000437
 74181, 10519.2150,  1, -204.11, 19.020000000000437
 74263, 10527.6000,  3, 274.20, 27.375
 74278, 10529.1350,  3, 295.42, 28.835000000000946
 74307, 10532.1000,  3, 293.89, 31.80500000000029
 74374, 10538.9500,  3, 257.58, 38.66500000000087
 74479, 10560.8950,  3, 331.67, 10.600000000000364
 74488, 10561.8150,  3, 328.73, 11.465000000000146
 74491, 10562.1200,  3, 324.41, 11.834999999999127
 74492, 10562.2250,  3, 323.39, 11.959999999999127
 74517, 10564.7800,  3, 311.39, 14.43499999999949
 74591, 10572.3500,  3, 300.66, 22.0049999999992
 74613, 10574.6000,  3, 289.99, 24.30500000000029
 74670, 10580.4300,  3, 280.76, 30.159999999999854
 74727, 10597.4650,  1, -133.75, 5.729999999999563
 74727, 10597.4650,  1, -145.15, 5.729999999999563
 74869, 10611.9850,  1, -192.21, 20.25
 74939, 10619.1450,  3, 307.93, 27.334999999999127
 74939, 10619.1450,  3, 267.77, 27.394999999998618
 74947, 10619.9650,  3, 292.34, 28.215000000000146
 75081, 10633.6650,  3, 249.19, 41.92499999999927
 75238, 10649.7250,  3, 207.56, 57.914999999999054
 75309, 10668.1350,  1, -114.48, 7.155000000000655
 75309, 10668.1350,  1, -180.79, 7.155000000000655
 75351, 10672.4300,  3, 293.12, 11.425000000001091
 75359, 10673.2450,  3, 317.80, 12.2450000000008
 75364, 10673.7600,  3, 336.72, 12.69000000000051
 75386, 10676.0100,  3, 322.03, 15.005000000001019
 75479, 10685.5200,  3, 290.06, 24.475000000000364
 75793, 10717.6350,  3, 214.63, 56.60499999999956
 75860, 10735.7000,  1, -182.00, 6.75
 75860, 10735.7000,  1, -95.20, 6.75
 75863, 10736.0100,  1, -161.85, 7.059999999999491
 75863, 10736.0100,  1, -126.66, 7.059999999999491
 75915, 10741.3250,  1, -126.80, 12.375
 75915, 10741.3250,  1, -209.36, 12.375
 76004, 10750.4300,  3, 313.10, 21.424999999999272
 76052, 10755.3400,  3, 279.95, 26.3799999999992
 76149, 10776.4850,  1, -125.08, 9.81000000000131
 76149, 10776.4850,  1, -192.46, 9.81000000000131
 76224, 10784.1550,  3, 308.78, 17.460000000000946
 76309, 10792.8500,  1, -150.34, 26.17500000000109
 76309, 10792.8500,  1, -207.62, 26.17500000000109
 76378, 10799.9050,  3, 265.50, 33.13500000000022
 76407, 10802.8700,  3, 239.74, 36.14500000000044
 76427, 10804.9150,  3, 265.03, 38.210000000000946
 76506, 10824.1650,  1, -144.04, 7.975000000000364
 76506, 10824.1650,  1, -169.84, 7.975000000000364
 76509, 10824.4750,  1, -170.91, 8.284999999999854
 76509, 10824.4750,  1, -134.35, 8.284999999999854
 76516, 10825.1900,  1, -181.71, 9.0
 76516, 10825.1900,  1, -134.41, 9.0
 76557, 10829.3850,  3, 322.47, 13.139999999999418
 76760, 10850.1450,  3, 287.16, 33.93000000000029
 76868, 10873.3150,  3, 338.17, 10.889999999999418
 76886, 10875.1550,  3, 326.00, 12.68999999999869
 76902, 10876.7900,  3, 327.36, 14.364999999999782
 76906, 10877.2000,  3, 316.14, 14.7549999999992
 77001, 10886.9150,  3, 254.24, 24.44499999999971
 77019, 10888.7600,  3, 294.49, 26.284999999999854
 77026, 10889.4750,  3, 275.84, 27.0049999999992
 77143, 10901.4400,  3, 259.58, 39.05499999999847
 77225, 10921.7900,  1, -198.09, 8.275000000001455
 77225, 10921.7900,  1, -90.23, 8.275000000001455
 77264, 10925.7800,  3, 334.42, 12.25
 77271, 10926.4950,  3, 315.78, 12.975000000000364
 77279, 10927.3150,  3, 325.01, 13.784999999999854
 77286, 10928.0300,  3, 322.02, 14.460000000000946
 77301, 10929.5650,  3, 323.51, 15.985000000000582
 77333, 10932.8400,  3, 268.22, 19.295000000000073
 77401, 10951.2000,  1, -131.22, 6.850000000000364
 77401, 10951.2000,  1, -156.51, 6.850000000000364
 77498, 10961.1200,  3, 309.39, 16.69499999999971
 77510, 10962.3500,  3, 306.13, 17.979999999999563
 77514, 10962.7600,  3, 287.31, 18.38500000000022
 77517, 10963.0650,  3, 278.51, 18.654999999998836
 77542, 10965.6200,  3, 291.80, 21.19000000000051
 77619, 10973.4950,  3, 286.51, 29.11499999999978
 77702, 10992.9850,  1, -123.41, 8.385000000000218
 77702, 10992.9850,  1, -178.50, 8.385000000000218
 77760, 10998.9150,  3, 318.60, 14.270000000000437
 77771, 11000.0400,  3, 324.60, 15.340000000000146
 77793, 11002.2900,  3, 299.95, 17.6299999999992
 77812, 11004.2350,  3, 314.38, 19.594999999999345
 77891, 11012.3150,  3, 262.20, 27.670000000000073
 77900, 11013.2350,  3, 276.29, 28.590000000000146
 78029, 11037.8600,  3, 321.41, 13.024999999999636
 78062, 11041.2350,  3, 308.40, 16.424999999999272
 78079, 11042.9750,  3, 321.77, 18.109999999998763
 78089, 11043.9950,  3, 288.20, 19.204999999999927
 78118, 11046.9650,  3, 299.04, 22.145000000000437
 78125, 11047.6800,  3, 297.94, 22.81499999999869
 78163, 11051.5650,  3, 275.88, 26.789999999999054
 78167, 11051.9750,  3, 273.08, 27.100000000000364
 78250, 11071.5650,  1, -163.64, 8.385000000000218
 78250, 11071.5650,  1, -137.61, 8.385000000000218
 78296, 11076.2700,  1, -131.70, 13.090000000000146
 78296, 11076.2700,  1, -169.23, 13.090000000000146
 78325, 11079.2350,  3, 318.28, 15.954999999999927
 78421, 11089.0550,  3, 301.14, 25.81999999999971
 78446, 11091.6100,  3, 292.74, 28.375
 78524, 11099.5900,  3, 286.74, 36.31999999999971
 78711, 11130.6350,  3, 262.75, 18.985000000000582
 78719, 11131.4500,  3, 275.72, 19.790000000000873
 78781, 11137.7900,  1, -239.22, 26.17500000000109
 78781, 11137.7900,  1, -174.47, 26.17500000000109
 78791, 11138.8150,  3, 285.41, 27.100000000000364
 78838, 11143.6200,  3, 254.95, 31.915000000000873
 78857, 11145.5650,  3, 250.86, 33.850000000000364
 78870, 11146.8950,  3, 260.49, 35.18499999999949
 78940, 11165.8600,  1, -160.37, 7.050000000001091
 78940, 11165.8600,  1, -116.32, 7.050000000001091
 79018, 11173.8400,  3, 332.32, 14.93500000000131
 79043, 11176.3950,  3, 339.56, 17.56999999999971
 79077, 11179.8700,  3, 290.16, 21.024999999999636
 79090, 11181.2000,  3, 333.74, 22.3700000000008
 79129, 11185.1900,  3, 305.97, 26.290000000000873
 79228, 11195.3150,  3, 248.73, 36.465000000000146
 79414, 11225.3500,  3, 322.33, 18.844999999999345
 79434, 11227.3950,  3, 289.99, 20.954999999999927
 79436, 11227.6000,  3, 311.05, 21.110000000000582
 79479, 11231.9950,  3, 280.69, 25.520000000000437
 79504, 11234.5550,  3, 293.36, 28.039999999999054
 79517, 11235.8850,  3, 281.97, 29.354999999999563
 79517, 11235.8850,  3, 270.22, 29.43499999999949
 79542, 11238.4400,  3, 251.85, 31.94000000000051
 79662, 11261.9150,  1, -78.89, 12.160000000001673
 79662, 11261.9150,  1, -219.19, 12.160000000001673
 79667, 11262.4300,  3, 321.90, 12.6200000000008
 79771, 11273.0650,  3, 306.10, 23.210000000000946
 79796, 11275.6200,  3, 304.24, 25.840000000000146
 79831, 11279.2000,  3, 251.89, 29.360000000000582
 79921, 11288.4050,  3, 246.15, 38.595000000001164
 79936, 11289.9400,  3, 235.18, 40.090000000000146
 80012, 11308.8050,  1, -129.66, 7.670000000000073
 80012, 11308.8050,  1, -161.67, 7.670000000000073
 80036, 11311.2600,  1, -124.05, 10.125
 80036, 11311.2600,  1, -193.61, 10.125
 80101, 11317.9050,  3, 291.82, 16.7549999999992
 80124, 11320.2600,  3, 331.24, 19.06500000000051
 80127, 11320.5650,  3, 281.56, 19.334999999999127
 80130, 11320.8700,  3, 316.09, 19.645000000000437
 80237, 11343.0300,  1, -202.93, 10.840000000000146
 80237, 11343.0300,  1, -124.38, 10.840000000000146
 80296, 11349.0650,  3, 289.45, 16.80500000000029
 80339, 11353.4650,  3, 301.72, 21.209999999999127
 80341, 11353.6650,  3, 304.44, 21.3799999999992
 80373, 11356.9400,  3, 266.55, 24.68000000000029
 80385, 11358.1650,  3, 280.42, 25.94499999999971
 80519, 11371.8700,  3, 287.56, 39.58499999999913
 80586, 11389.9150,  1, -103.63, 6.75
 80586, 11389.9150,  1, -165.86, 6.75
 80612, 11392.5750,  1, -164.47, 9.409999999999854
 80612, 11392.5750,  1, -143.67, 9.409999999999854
 80673, 11398.8150,  1, -144.50, 15.649999999999636
 80673, 11398.8150,  1, -172.13, 15.649999999999636
 80687, 11400.2450,  3, 306.88, 17.029999999998836
 80789, 11410.6800,  3, 280.77, 27.479999999999563
 80907, 11433.7700,  1, -182.30, 11.960000000000946
 80907, 11433.7700,  1, -166.95, 11.960000000000946
 80932, 11436.3250,  3, 325.11, 14.43500000000131
 80940, 11437.1450,  3, 308.28, 15.31000000000131
 80964, 11439.6000,  3, 300.19, 17.765000000001237
 81031, 11446.4500,  3, 289.03, 24.55500000000029
 81052, 11448.6000,  3, 295.03, 26.720000000001164
 81102, 11453.7150,  3, 272.48, 31.845000000001164
 81335, 11489.4950,  3, 311.94, 23.69000000000051
 81389, 11495.0200,  3, 263.96, 29.18499999999949
 81393, 11495.4300,  3, 290.53, 29.56500000000051
 81411, 11497.2700,  3, 290.65, 31.43499999999949
 81425, 11498.7000,  3, 291.96, 32.905000000000655
 81457, 11501.9750,  3, 280.59, 36.14500000000044
 81479, 11504.2250,  3, 278.29, 38.39000000000124
 81487, 11505.0400,  3, 269.74, 39.225000000000364
 81625, 11530.3950,  3, 330.63, 13.930000000000291
 81633, 11531.2150,  3, 326.00, 14.824999999998909
 81669, 11534.8950,  1, -142.87, 18.51000000000022
 81669, 11534.8950,  1, -161.74, 18.51000000000022
 81673, 11535.3050,  3, 300.45, 18.82499999999891
 81677, 11535.7150,  3, 313.09, 19.24499999999898
 81697, 11537.7600,  3, 306.66, 21.30500000000029
 81714, 11539.4950,  3, 308.51, 23.020000000000437
 81797, 11558.9650,  1, -95.54, 8.385000000000218
 81797, 11558.9650,  1, -190.37, 8.385000000000218
 81828, 11562.1350,  3, 341.52, 11.4950000000008
 81829, 11562.2350,  3, 331.28, 11.594999999999345
 81869, 11566.3250,  3, 311.87, 15.665000000000873
 81885, 11567.9650,  3, 320.37, 17.299999999999272
 81956, 11575.2250,  3, 288.72, 24.63500000000022
 81998, 11579.5200,  3, 277.20, 28.915000000000873
 82066, 11597.6650,  1, -97.09, 6.850000000000364
 82066, 11597.6650,  1, -181.62, 6.850000000000364
 82088, 11599.9150,  1, -181.35, 9.100000000000364
 82088, 11599.9150,  1, -92.30, 9.100000000000364
 82162, 11607.4850,  3, 331.49, 16.63500000000022
 82162, 11607.4850,  3, 298.44, 16.57499999999891
 82194, 11610.7600,  3, 305.67, 19.875
 82339, 11625.5900,  3, 258.73, 34.73999999999978
 82410, 11643.9750,  1, -178.79, 7.155000000000655
 82410, 11643.9750,  1, -134.51, 7.155000000000655
 82470, 11650.1100,  3, 314.37, 13.260000000000218
 82484, 11651.5400,  1, -168.25, 14.720000000001164
 82484, 11651.5400,  1, -172.84, 14.720000000001164
 82490, 11652.1550,  3, 306.33, 15.255000000001019
 82716, 11675.2700,  3, 274.69, 38.42500000000109
 82835, 11687.4400,  3, 228.73, 50.56500000000051
 82928, 11708.1900,  1, -122.97, 9.405000000000655
 82928, 11708.1900,  1, -181.93, 9.405000000000655
 82930, 11708.3950,  1, -174.52, 9.610000000000582
 82930, 11708.3950,  1, -143.68, 9.610000000000582
 82943, 11709.7250,  3, 327.77, 10.920000000000073
 82951, 11710.5400,  3, 320.64, 11.704999999999927
 82951, 11710.5400,  3, 327.30, 11.68499999999949
 82965, 11711.9750,  3, 315.91, 13.180000000000291
 83090, 11735.8700,  3, 316.44, 12.625
 83106, 11737.5100,  3, 316.66, 14.290000000000873
 83108, 11737.7150,  3, 294.69, 14.430000000000291
 83165, 11743.5400,  3, 325.85, 20.284999999999854
 83165, 11743.5400,  3, 293.75, 20.31500000000051
 83166, 11743.6450,  3, 268.55, 20.38500000000022
 83199, 11747.0200,  3, 291.13, 23.725000000000364
 83490, 11776.7800,  3, 234.38, 53.4950000000008
 83551, 11794.1000,  1, -145.77, 6.130000000001019
 83551, 11794.1000,  1, -139.17, 6.130000000001019
 83599, 11799.0100,  3, 340.80, 11.005000000001019
 83603, 11799.4150,  3, 330.70, 11.395000000000437
 83615, 11800.6450,  3, 320.08, 12.650000000001455
 83627, 11801.8700,  3, 330.02, 13.875
 83633, 11802.4850,  3, 318.84, 14.4950000000008
 83634, 11802.5900,  3, 309.79, 14.605000000001382
 83715, 11821.9300,  1, -147.11, 8.175000000001091
 83715, 11821.9300,  1, -159.86, 8.175000000001091
 83750, 11825.5100,  3, 311.48, 11.7450000000008
 83752, 11825.7150,  3, 324.85, 11.895000000000437
 83757, 11826.2250,  3, 332.07, 12.454999999999927
 83757, 11826.2250,  3, 314.10, 12.375
 83758, 11826.3250,  3, 321.85, 12.515000000001237
 83807, 11831.3400,  3, 297.01, 17.545000000000073
 83882, 11850.1450,  1, -121.90, 7.56000000000131
 83882, 11850.1450,  1, -145.22, 7.56000000000131
 83892, 11851.1650,  1, -137.64, 8.580000000001746
 83892, 11851.1650,  1, -131.08, 8.580000000001746
 83927, 11854.7450,  3, 331.98, 12.06000000000131
 83973, 11859.4500,  3, 329.79, 16.840000000000146
 84035, 11865.7900,  3, 295.14, 23.13000000000102
 84143, 11876.8400,  3, 304.37, 34.16500000000087
 84221, 11896.0400,  1, -194.82, 7.8700000000008
 84221, 11896.0400,  1, -104.00, 7.8700000000008
 84260, 11900.0300,  3, 307.86, 11.825000000000728
 84268, 11900.8500,  3, 305.81, 12.579999999999927
 84274, 11901.4650,  3, 307.81, 13.25
 84316, 11905.7600,  3, 304.05, 17.4950000000008
 84373, 11911.5900,  3, 309.75, 23.340000000000146
 84373, 11911.5900,  3, 312.98, 23.409999999999854
 84454, 11930.7900,  1, -118.34, 8.175000000001091
 84454, 11930.7900,  1, -176.62, 8.175000000001091
 84492, 11934.6800,  1, -119.47, 12.06500000000051
 84492, 11934.6800,  1, -171.84, 12.06500000000051
 84505, 11936.0100,  3, 308.73, 13.3700000000008
 84525, 11938.0550,  3, 319.26, 15.425000000001091
 84580, 11943.6800,  3, 340.94, 21.030000000000655
 84635, 11949.3050,  3, 316.76, 26.594999999999345
 84732, 11970.2600,  1, -127.46, 9.819999999999709
 84732, 11970.2600,  1, -171.11, 9.819999999999709
 84750, 11972.1000,  3, 331.40, 11.619999999998981
 84758, 11972.9150,  3, 313.16, 12.394999999998618
 84766, 11973.7350,  3, 316.58, 13.215000000000146
 84771, 11974.2450,  3, 315.84, 13.719999999999345
 84773, 11974.4500,  3, 309.51, 13.920000000000073
 84961, 11993.6800,  3, 273.18, 33.14499999999862
 85029, 12012.0400,  1, -175.03, 6.850000000000364
 85029, 12012.0400,  1, -110.85, 6.850000000000364
 85048, 12013.9850,  1, -178.94, 8.795000000000073
 85048, 12013.9850,  1, -116.56, 8.795000000000073
 85062, 12015.4150,  1, -191.86, 10.225000000000364
 85062, 12015.4150,  1, -110.35, 10.225000000000364
 85070, 12016.2350,  3, 344.50, 10.969999999999345
 85154, 12024.8250,  3, 283.44, 19.61499999999978
 85228, 12043.5900,  1, -184.34, 7.460000000000946
 85228, 12043.5900,  1, -100.02, 7.460000000000946
 85239, 12044.7150,  1, -193.88, 8.585000000000946
 85239, 12044.7150,  1, -99.20, 8.585000000000946
 85271, 12047.9850,  3, 330.95, 11.755000000001019
 85291, 12050.0300,  3, 315.53, 13.845000000001164
 85352, 12056.2700,  3, 281.66, 20.079999999999927
 85362, 12057.2900,  3, 289.00, 21.125
 85434, 12075.7350,  1, -153.50, 7.255000000001019
 85434, 12075.7350,  1, -139.16, 7.255000000001019
 85437, 12076.0400,  1, -141.54, 7.56000000000131
 85437, 12076.0400,  1, -147.74, 7.56000000000131
 85480, 12080.4400,  3, 344.79, 11.864999999999782
 85519, 12084.4300,  3, 331.63, 15.885000000000218
 85548, 12087.3950,  3, 315.85, 18.825000000000728
 85566, 12089.2350,  3, 303.70, 20.69000000000051
 85632, 12108.1900,  1, -143.71, 6.645000000000437
 85632, 12108.1900,  1, -142.59, 6.645000000000437
 85660, 12111.0550,  1, -175.16, 9.510000000000218
 85660, 12111.0550,  1, -121.93, 9.510000000000218
 85678, 12112.8950,  3, 327.91, 11.305000000000291
 85682, 12113.3050,  3, 332.63, 11.715000000000146
 85726, 12117.8050,  3, 311.61, 16.18499999999949
 85753, 12120.5650,  3, 303.90, 18.954999999999927
 85826, 12139.1350,  1, -124.10, 7.364999999999782
 85826, 12139.1350,  1, -160.75, 7.364999999999782
 85876, 12144.2450,  3, 342.89, 12.465000000000146
 85877, 12144.3500,  3, 314.28, 12.545000000000073
 85897, 12146.3950,  3, 327.73, 14.529999999998836
 85919, 12148.6450,  3, 298.34, 16.799999999999272
 85949, 12151.7150,  3, 304.30, 19.93000000000029
 85987, 12155.6000,  3, 306.35, 23.75
 86087, 12176.9150,  1, -180.32, 10.1150000000016
 86087, 12176.9150,  1, -112.98, 10.1150000000016
 86102, 12178.4500,  1, -106.21, 11.650000000001455
 86102, 12178.4500,  1, -210.04, 11.650000000001455
 86123, 12180.6000,  1, -133.67, 13.800000000001091
 86123, 12180.6000,  1, -198.54, 13.800000000001091
 86161, 12184.4850,  3, 339.08, 17.640000000001237
 86181, 12186.5300,  3, 301.21, 19.68000000000029
 86259, 12205.8400,  1, -127.16, 7.875
 86259, 12205.8400,  1, -165.65, 7.875
 86267, 12206.6550,  1, -171.45, 8.69000000000051
 86267, 12206.6550,  1, -132.76, 8.69000000000051
 86301, 12210.1350,  3, 334.73, 12.145000000000437
 86310, 12211.0550,  3, 327.47, 12.985000000000582
 86332, 12213.3050,  3, 334.69, 15.260000000000218
 86373, 12217.4950,  3, 311.61, 19.43499999999949
 86450, 12237.1900,  1, -168.69, 7.765000000001237
 86450, 12237.1900,  1, -121.21, 7.765000000001237
 86501, 12242.4050,  3, 334.31, 12.950000000000728
 86530, 12245.3700,  3, 337.11, 15.885000000000218
 86541, 12246.4950,  3, 295.42, 17.01000000000022
 86554, 12247.8250,  3, 310.32, 18.30000000000109
 86561, 12248.5400,  3, 288.12, 19.034999999999854
 86668, 12259.4850,  3, 260.23, 30.034999999999854
 86797, 12284.5400,  3, 326.31, 13.06500000000051
 86798, 12284.6450,  3, 319.43, 13.110000000000582
 86815, 12286.3850,  3, 332.75, 14.875
 86834, 12288.3250,  3, 311.42, 16.835000000000946
 86843, 12289.2450,  3, 286.88, 17.730000000001382
 86844, 12289.3500,  3, 308.89, 17.8700000000008
 86883, 12293.3400,  3, 329.79, 21.8700000000008
 86902, 12295.2800,  3, 295.50, 23.720000000001164
 86993, 12315.5750,  1, -171.90, 9.195000000001528
 86993, 12315.5750,  1, -129.79, 9.195000000001528
 87020, 12318.3400,  3, 327.88, 11.910000000001673
 87021, 12318.4400,  3, 345.30, 11.970000000001164
 87021, 12318.4400,  3, 322.54, 11.970000000001164
 87064, 12322.8400,  3, 317.29, 16.44000000000051
 87067, 12323.1450,  3, 305.97, 16.720000000001164
 87069, 12323.3500,  3, 310.50, 16.965000000000146
 87130, 12340.5750,  1, -110.27, 6.135000000000218
 87130, 12340.5750,  1, -163.77, 6.135000000000218
 87187, 12346.4050,  3, 329.88, 11.889999999999418
 87189, 12346.6100,  3, 322.63, 12.139999999999418
 87191, 12346.8150,  3, 311.73, 12.279999999998836
 87197, 12347.4300,  3, 306.75, 12.889999999999418
 87211, 12348.8600,  3, 322.52, 14.319999999999709
 87235, 12351.3150,  3, 303.98, 16.854999999999563
 87318, 12370.7700,  1, -172.71, 8.380000000001019
 87318, 12370.7700,  1, -124.43, 8.380000000001019
 87351, 12374.1450,  3, 325.57, 11.694999999999709
 87369, 12375.9850,  3, 327.14, 13.515000000001237
 87396, 12378.7450,  3, 318.78, 16.26000000000022
 87407, 12379.8700,  3, 319.39, 17.43500000000131
 87417, 12380.8950,  3, 284.88, 18.485000000000582
 87447, 12383.9650,  3, 276.07, 21.470000000001164
 87518, 12402.3500,  1, -147.79, 7.155000000000655
 87518, 12402.3500,  1, -162.17, 7.155000000000655
 87563, 12406.9500,  3, 331.66, 11.710000000000946
 87568, 12407.4650,  1, -220.79, 12.270000000000437
 87578, 12408.4850,  3, 325.62, 13.274999999999636
 87579, 12408.5900,  3, 330.30, 13.335000000000946
 87587, 12409.4050,  3, 306.75, 14.149999999999636
 87597, 12410.4300,  3, 299.09, 15.200000000000728
 87658, 12427.9300,  1, -144.44, 6.130000000001019
 87658, 12427.9300,  1, -138.62, 6.130000000001019
 87683, 12430.4850,  1, -150.24, 8.68500000000131
 87683, 12430.4850,  1, -133.44, 8.68500000000131
 87704, 12432.6350,  3, 333.67, 10.829999999999927
 87709, 12433.1450,  1, -215.76, 11.345000000001164
 87709, 12433.1450,  1, -74.67, 11.345000000001164
 87723, 12434.5750,  3, 315.97, 12.75
 87790, 12452.5400,  1, -146.65, 6.740000000001601
 87790, 12452.5400,  1, -164.51, 6.740000000001601
 87801, 12453.6650,  1, -125.12, 7.865000000001601
 87801, 12453.6650,  1, -164.80, 7.865000000001601
 87837, 12457.3500,  3, 306.99, 11.534999999999854
 87869, 12460.6200,  3, 326.81, 14.735000000000582
 87909, 12464.7150,  3, 274.60, 18.88000000000102
 87909, 12464.7150,  3, 315.00, 18.855000000001382
 87964, 12481.2800,  1, -145.88, 5.520000000000437
 87964, 12481.2800,  1, -135.79, 5.520000000000437
 87980, 12482.9150,  1, -127.02, 7.155000000000655
 87980, 12482.9150,  1, -168.12, 7.155000000000655
 87981, 12483.0200,  1, -108.56, 7.260000000000218
 87981, 12483.0200,  1, -170.11, 7.260000000000218
 88021, 12487.1100,  1, -101.84, 11.350000000000364
 88021, 12487.1100,  1, -190.52, 11.350000000000364
 88093, 12505.4750,  1, -112.52, 7.1599999999998545
 88093, 12505.4750,  1, -172.56, 7.1599999999998545
 88096, 12505.7800,  1, -161.71, 7.4650000000001455
 88096, 12505.7800,  1, -134.55, 7.4650000000001455
 88149, 12511.2000,  3, 341.92, 12.805000000000291
 88152, 12511.5100,  3, 302.86, 13.164999999999054
 88244, 12520.9150,  3, 286.81, 22.529999999998836
 88281, 12524.7000,  3, 308.18, 26.334999999999127
 88352, 12542.9850,  1, -168.02, 7.150000000001455
 88352, 12542.9850,  1, -117.92, 7.150000000001455
 88357, 12543.4950,  1, -168.69, 7.6600000000016735
 88357, 12543.4950,  1, -136.35, 7.6600000000016735
 88405, 12548.4050,  3, 335.92, 12.56000000000131
 88412, 12549.1200,  3, 340.03, 13.270000000000437
 88435, 12551.4750,  3, 315.91, 15.555000000000291
 88448, 12552.8050,  3, 304.69, 16.895000000000437
 88538, 12573.1000,  1, -197.74, 9.100000000000364
 88538, 12573.1000,  1, -95.84, 9.100000000000364
 88564, 12575.7600,  3, 329.22, 11.680000000000291
 88582, 12577.6000,  3, 320.55, 13.514999999999418
 88591, 12578.5200,  3, 307.19, 14.430000000000291
 88610, 12580.4650,  1, -140.77, 16.465000000000146
 88610, 12580.4650,  1, -171.48, 16.465000000000146
 88663, 12585.8850,  3, 301.42, 21.860000000000582
 88721, 12602.8150,  1, -150.54, 5.829999999999927
 88721, 12602.8150,  1, -133.34, 5.829999999999927
 88731, 12603.8400,  1, -141.91, 6.854999999999563
 88731, 12603.8400,  1, -141.88, 6.854999999999563
 88773, 12608.1350,  1, -110.17, 11.149999999999636
 88773, 12608.1350,  1, -201.90, 11.149999999999636
 88833, 12614.2700,  3, 283.46, 17.25
 88878, 12618.8700,  3, 260.05, 21.784999999999854
 88940, 12636.6200,  1, -148.00, 6.230000000001382
 88940, 12636.6200,  1, -148.74, 6.230000000001382
 88975, 12640.2000,  1, -86.24, 9.81000000000131
 88975, 12640.2000,  1, -205.53, 9.81000000000131
 89011, 12643.8850,  1, -160.12, 13.4950000000008
 89011, 12643.8850,  1, -152.79, 13.4950000000008
 89022, 12645.0100,  3, 323.27, 14.579999999999927
 89074, 12650.3250,  3, 301.62, 19.855000000001382
 89172, 12671.3500,  1, -183.94, 9.915000000000873
 89172, 12671.3500,  1, -93.14, 9.915000000000873
 89181, 12672.2700,  1, -85.08, 10.835000000000946
 89181, 12672.2700,  1, -212.68, 10.835000000000946
 89181, 12672.2700,  3, 344.89, 10.829999999999927
 89184, 12672.5750,  3, 338.18, 11.045000000000073
 89197, 12673.9050,  3, 318.34, 12.43500000000131
 89211, 12675.3400,  3, 314.23, 13.880000000001019
 89311, 12696.6350,  1, -177.93, 10.1200000000008
 89311, 12696.6350,  1, -123.01, 10.1200000000008
 89365, 12702.1550,  1, -137.93, 15.640000000001237
 89365, 12702.1550,  1, -178.07, 15.640000000001237
 89396, 12705.3250,  3, 326.12, 18.715000000000146
 89421, 12707.8850,  3, 319.00, 21.280000000000655
 89426, 12708.3950,  3, 265.73, 21.8700000000008
 89434, 12709.2150,  3, 291.57, 22.63500000000022
 89503, 12727.4300,  1, -114.42, 6.950000000000728
 89503, 12727.4300,  1, -172.43, 6.950000000000728
 89520, 12729.1650,  1, -171.90, 8.68500000000131
 89520, 12729.1650,  1, -100.11, 8.68500000000131
 89523, 12729.4750,  1, -104.19, 8.9950000000008
 89523, 12729.4750,  1, -189.59, 8.9950000000008
 89639, 12741.3400,  3, 314.67, 20.790000000000873
 89683, 12745.8400,  3, 293.36, 25.350000000000364
 89745, 12765.4650,  1, -146.51, 6.235000000000582
 89745, 12765.4650,  1, -136.99, 6.235000000000582
 89805, 12771.6000,  3, 333.44, 12.319999999999709
 89807, 12771.8050,  3, 306.69, 12.534999999999854
 89819, 12773.0300,  3, 328.00, 13.75
 89825, 12773.6450,  3, 325.41, 14.405000000000655
 89870, 12778.2450,  3, 303.15, 18.970000000001164
 89929, 12784.2800,  3, 295.94, 24.985000000000582
 90013, 12803.8600,  1, -123.80, 8.489999999999782
 90013, 12803.8600,  1, -175.06, 8.489999999999782
 90028, 12805.3950,  1, -150.28, 10.024999999999636
 90028, 12805.3950,  1, -159.78, 10.024999999999636
 90051, 12807.7450,  3, 325.38, 12.354999999999563
 90069, 12809.5900,  3, 302.41, 14.204999999999927
 90100, 12812.7600,  3, 294.79, 17.31999999999971
 90129, 12815.7250,  3, 316.47, 20.289999999999054
 90184, 12832.5900,  1, -136.32, 5.520000000000437
 90184, 12832.5900,  1, -131.84, 5.520000000000437
 90204, 12834.6350,  1, -117.17, 7.565000000000509
 90204, 12834.6350,  1, -156.56, 7.565000000000509
 90260, 12840.3600,  1, -167.47, 13.290000000000873
 90260, 12840.3600,  1, -158.21, 13.290000000000873
 90271, 12841.4850,  1, -201.74, 14.415000000000873
 90271, 12841.4850,  1, -114.10, 14.415000000000873
 90353, 12861.0100,  1, -138.74, 8.18499999999949
 90353, 12861.0100,  1, -172.15, 8.18499999999949
 90363, 12862.0300,  1, -165.07, 9.204999999999927
 90363, 12862.0300,  1, -122.77, 9.204999999999927
 90377, 12863.4650,  1, -148.12, 10.639999999999418
 90377, 12863.4650,  1, -173.66, 10.639999999999418
 90461, 12872.0550,  3, 302.05, 19.1349999999984
 90493, 12875.3250,  3, 315.57, 22.474999999998545
 90559, 12893.2800,  1, -135.47, 6.645000000000437
 90559, 12893.2800,  1, -138.79, 6.645000000000437
 90647, 12902.2800,  3, 307.21, 15.574999999998909
 90661, 12903.7150,  3, 327.14, 17.0049999999992
 90685, 12906.1650,  3, 306.96, 19.514999999999418
 90710, 12908.7250,  3, 307.07, 22.045000000000073
 90735, 12911.2800,  3, 296.15, 24.55999999999949
 90780, 12915.8850,  3, 294.50, 29.24499999999898
 90927, 12941.9150,  3, 321.83, 14.849999999998545
 90933, 12942.5300,  3, 324.10, 15.474999999998545
 90945, 12943.7600,  3, 310.32, 16.734999999998763
 90971, 12946.4150,  3, 331.96, 19.334999999999127
 91001, 12949.4850,  3, 261.88, 22.43999999999869
 91010, 12950.4050,  3, 301.86, 23.32499999999891
 91058, 12955.3150,  3, 245.81, 28.31999999999971
 91093, 12958.8950,  3, 278.99, 31.8799999999992
 91167, 12977.4300,  1, -159.69, 7.4650000000001455
 91167, 12977.4300,  1, -106.24, 7.4650000000001455
 91247, 12985.6100,  3, 324.46, 15.604999999999563
 91251, 12986.0200,  3, 298.92, 16.024999999999636
 91255, 12986.4300,  3, 308.55, 16.44499999999971
 91288, 12989.8050,  3, 315.63, 19.735000000000582
 91323, 12993.3850,  3, 288.52, 23.350000000000364
 91337, 12994.8150,  3, 267.13, 24.81999999999971
 91438, 13016.2450,  1, -193.95, 10.220000000001164
 91438, 13016.2450,  1, -107.29, 10.220000000001164
 91451, 13017.5750,  3, 338.25, 11.534999999999854
 91453, 13017.7800,  3, 330.61, 11.675000000001091
 91465, 13019.0100,  3, 312.75, 12.93499999999949
 91469, 13019.4150,  3, 327.87, 13.300000000001091
 91481, 13020.6450,  3, 323.78, 14.555000000000291
 91537, 13026.3700,  3, 321.34, 20.290000000000873
 91609, 13044.8400,  1, -114.33, 7.255000000001019
 91609, 13044.8400,  1, -186.03, 7.255000000001019
 91686, 13052.7150,  3, 304.44, 15.105000000001382
 91689, 13053.0200,  3, 315.05, 15.425000000001091
 91697, 13053.8400,  3, 332.85, 16.2400000000016
 91754, 13059.6650,  3, 298.73, 22.05500000000029
 91790, 13063.3500,  3, 272.81, 25.7450000000008
 91804, 13064.7800,  3, 296.10, 27.100000000000364
 91931, 13088.9050,  3, 323.48, 12.859999999998763
 91941, 13089.9300,  3, 324.57, 13.885000000000218
 91945, 13090.3400,  3, 325.55, 14.2549999999992
 91972, 13093.1000,  3, 334.39, 16.979999999999563
 91987, 13094.6350,  1, -200.92, 18.61499999999978
 91987, 13094.6350,  1, -131.50, 18.61499999999978
 92065, 13102.6100,  3, 310.05, 26.55999999999949
 92234, 13119.8950,  3, 238.70, 43.86999999999898
 92290, 13136.6650,  1, -149.38, 5.6200000000008
 92290, 13136.6650,  1, -133.23, 5.6200000000008
 92441, 13152.1100,  3, 315.66, 21.049999999999272
 92484, 13156.5100,  3, 272.31, 25.36499999999978
 92496, 13157.7350,  3, 308.96, 26.625
 92544, 13162.6450,  3, 289.55, 31.55999999999949
 92560, 13164.2800,  3, 286.84, 33.13999999999942
 92744, 13183.1000,  3, 239.72, 52.024999999999636
 92869, 13206.8600,  3, 318.25, 12.594999999999345
 92872, 13207.1650,  3, 325.15, 12.944999999999709
 92878, 13207.7800,  3, 295.28, 13.520000000000437
 92904, 13210.4400,  3, 337.52, 16.235000000000582
 92984, 13218.6200,  3, 310.42, 24.36999999999898
 92991, 13219.3400,  3, 304.23, 25.084999999999127
 93079, 13228.3400,  3, 285.52, 34.090000000000146
 93106, 13231.1000,  3, 254.15, 36.88500000000022
 93189, 13250.5750,  1, -190.18, 8.380000000001019
 93189, 13250.5750,  1, -105.13, 8.380000000001019
 93260, 13257.8400,  3, 319.25, 15.630000000001019
 93261, 13257.9400,  3, 332.29, 15.69000000000051
 93316, 13263.5650,  3, 293.52, 21.345000000001164
 93326, 13264.5900,  3, 309.43, 22.31500000000051
 93339, 13265.9150,  3, 299.52, 23.639999999999418
 93405, 13272.6650,  3, 310.84, 30.3700000000008
 93500, 13293.5900,  1, -194.92, 9.610000000000582
 93500, 13293.5900,  1, -85.48, 9.610000000000582
 93529, 13296.5550,  3, 322.91, 12.534999999999854
 93562, 13299.9300,  3, 318.04, 15.905000000000655
 93566, 13300.3400,  1, -125.42, 16.360000000000582
 93566, 13300.3400,  1, -207.46, 16.360000000000582
 93568, 13300.5400,  3, 319.60, 16.545000000000073
 93736, 13317.7250,  3, 283.54, 33.66500000000087
 93820, 13337.4850,  1, -160.69, 8.485000000000582
 93820, 13337.4850,  1, -147.94, 8.485000000000582
 93876, 13343.2150,  1, -133.79, 14.215000000000146
 93876, 13343.2150,  1, -126.80, 14.215000000000146
 93879, 13343.5200,  3, 347.21, 14.4950000000008
 93898, 13345.4650,  3, 308.91, 16.415000000000873
 93933, 13349.0400,  3, 293.51, 19.965000000000146
 94000, 13355.8950,  3, 288.12, 26.875
 94151, 13382.3700,  3, 296.98, 15.244999999998981
 94164, 13383.7000,  3, 320.39, 16.57499999999891
 94170, 13384.3150,  3, 313.43, 17.23999999999978
 94175, 13384.8250,  3, 306.00, 17.769999999998618
 94186, 13385.9500,  1, -204.09, 18.920000000000073
 94186, 13385.9500,  1, -127.79, 18.920000000000073
 94210, 13388.4050,  3, 297.42, 21.31999999999971
 94211, 13388.5100,  3, 326.18, 21.420000000000073
 94347, 13413.5750,  1, -133.63, 13.800000000001091
 94347, 13413.5750,  1, -176.13, 13.800000000001091
 94361, 13415.0100,  3, 333.87, 15.204999999999927
 94375, 13416.4400,  3, 309.50, 16.610000000000582
 94393, 13418.2800,  1, -177.07, 18.50500000000102
 94393, 13418.2800,  1, -157.29, 18.50500000000102
 94410, 13420.0200,  3, 315.61, 20.220000000001164
 94413, 13420.3250,  3, 315.84, 20.530000000000655
 94496, 13439.9850,  1, -153.63, 8.385000000000218
 94496, 13439.9850,  1, -131.51, 8.385000000000218
 94506, 13441.0100,  1, -101.38, 9.409999999999854
 94506, 13441.0100,  1, -196.76, 9.409999999999854
 94549, 13445.4050,  3, 330.80, 13.779999999998836
 94554, 13445.9150,  3, 311.21, 14.299999999999272
 94641, 13454.8150,  3, 323.91, 23.18499999999949
 94663, 13457.0650,  3, 305.55, 25.404999999998836
 94742, 13476.4400,  1, -156.61, 7.970000000001164
 94742, 13476.4400,  1, -157.98, 7.970000000001164
 94744, 13476.6450,  1, -186.91, 8.175000000001091
 94744, 13476.6450,  1, -104.09, 8.175000000001091
 94770, 13479.3050,  1, -135.41, 10.835000000000946
 94770, 13479.3050,  1, -162.45, 10.835000000000946
 94799, 13482.2700,  3, 329.99, 13.704999999999927
 94851, 13487.5900,  3, 284.99, 19.034999999999854
 94909, 13504.6000,  1, -130.82, 5.825000000000728
 94909, 13504.6000,  1, -152.41, 5.825000000000728
 94925, 13506.2350,  1, -118.83, 7.460000000000946
 94925, 13506.2350,  1, -164.55, 7.460000000000946
 94931, 13506.8500,  1, -182.41, 8.075000000000728
 94931, 13506.8500,  1, -127.01, 8.075000000000728
 94950, 13508.7900,  1, -127.35, 10.015000000001237
 94950, 13508.7900,  1, -171.06, 10.015000000001237
 95031, 13528.1350,  1, -192.33, 8.075000000000728
 95031, 13528.1350,  1, -109.17, 8.075000000000728
 95067, 13531.8150,  1, -133.11, 11.755000000001019
 95067, 13531.8150,  1, -183.53, 11.755000000001019
 95116, 13536.8250,  3, 321.06, 16.730000000001382
 95133, 13538.5650,  3, 320.86, 18.460000000000946
 95148, 13540.1000,  3, 307.04, 20.01000000000022
 95185, 13543.8850,  3, 293.72, 23.730000000001382
 95303, 13566.9650,  1, -109.35, 11.969999999999345
 95303, 13566.9650,  1, -201.08, 11.969999999999345
 95325, 13569.2150,  3, 340.90, 14.1299999999992
 95330, 13569.7250,  3, 330.42, 14.654999999998836
 95335, 13570.2350,  3, 327.80, 15.214999999998327
 95358, 13572.5900,  3, 310.76, 17.584999999999127
 95365, 13573.3050,  3, 312.66, 18.284999999999854
 95390, 13575.8600,  3, 295.06, 20.80999999999949
 95506, 13598.9650,  1, -152.04, 11.760000000000218
 95506, 13598.9650,  1, -169.60, 11.760000000000218
 95509, 13599.2700,  3, 324.70, 12.0
 95517, 13600.0900,  3, 323.26, 12.875
 95521, 13600.4950,  3, 321.79, 13.194999999999709
 95542, 13602.6450,  3, 308.09, 15.385000000000218
 95585, 13607.0400,  3, 298.55, 19.735000000000582
 95621, 13610.7250,  3, 276.66, 23.51000000000022
 95687, 13628.4400,  1, -158.11, 6.649999999999636
 95687, 13628.4400,  1, -118.76, 6.649999999999636
 95711, 13630.8950,  1, -141.61, 9.104999999999563
 95711, 13630.8950,  1, -156.22, 9.104999999999563
 95743, 13634.1650,  3, 315.73, 12.289999999999054
 95765, 13636.4150,  1, -203.95, 14.625
 95765, 13636.4150,  1, -111.32, 14.625
 95812, 13641.2250,  3, 290.40, 19.36499999999978
 95908, 13662.4650,  1, -179.93, 9.715000000000146
 95908, 13662.4650,  1, -144.03, 9.715000000000146
 95946, 13666.3500,  3, 313.14, 13.569999999999709
 95976, 13669.4150,  3, 293.28, 16.56999999999971
 95995, 13671.3600,  3, 300.06, 18.584999999999127
 95996, 13671.4650,  3, 288.70, 18.709999999999127
 96026, 13674.5300,  3, 291.02, 21.704999999999927
 96052, 13677.1900,  3, 268.65, 24.399999999999636
 96125, 13695.7450,  1, -164.84, 7.355000000001382
 96125, 13695.7450,  1, -164.13, 7.355000000001382
 96131, 13696.3600,  1, -174.10, 7.970000000001164
 96131, 13696.3600,  1, -151.01, 7.970000000001164
 96194, 13702.8050,  3, 315.32, 14.350000000000364
 96242, 13707.7150,  3, 287.26, 19.220000000001164
 96292, 13712.8250,  3, 282.71, 24.360000000000582
 96336, 13717.3250,  3, 282.70, 28.875
 96454, 13740.4650,  1, -192.67, 11.969999999999345
 96454, 13740.4650,  1, -125.11, 11.969999999999345
 96456, 13740.6650,  3, 337.50, 12.109999999998763
 96463, 13741.3850,  3, 317.89, 12.799999999999272
 96479, 13743.0200,  3, 329.58, 14.454999999999927
 96483, 13743.4300,  3, 318.93, 14.875
 96500, 13745.1650,  3, 312.90, 16.589999999998327
 96511, 13746.2900,  3, 301.89, 17.774999999999636
 96570, 13763.3050,  1, -137.22, 5.925000000001091
 96570, 13763.3050,  1, -141.33, 5.925000000001091
 96583, 13764.6350,  1, -169.52, 7.255000000001019
 96583, 13764.6350,  1, -137.57, 7.255000000001019
 96622, 13768.6200,  1, -139.76, 11.2400000000016
 96622, 13768.6200,  1, -157.48, 11.2400000000016
 96701, 13776.7000,  3, 304.26, 19.285000000001673
 96746, 13781.3050,  3, 310.99, 23.910000000001673
 96864, 13804.4850,  3, 341.08, 11.899999999999636
 96871, 13805.2000,  3, 333.02, 12.635000000000218
 96872, 13805.3050,  3, 333.72, 12.680000000000291
 96874, 13805.5100,  3, 338.51, 12.925000000001091
 96876, 13805.7150,  3, 305.79, 13.104999999999563
 96880, 13806.1200,  3, 332.34, 13.534999999999854
 96922, 13810.4150,  3, 312.91, 17.840000000000146
 96953, 13813.5900,  3, 294.34, 21.030000000000655
 97061, 13835.7700,  3, 349.14, 10.899999999999636
 97081, 13837.8150,  3, 327.32, 12.93499999999949
 97109, 13840.6800,  3, 326.30, 15.774999999999636
 97178, 13847.7350,  3, 319.02, 22.899999999999636
 97219, 13851.9300,  3, 291.03, 27.085000000000946
 97225, 13852.5400,  3, 259.17, 27.700000000000728
 97246, 13854.6900,  3, 279.22, 29.844999999999345
 97439, 13874.4300,  3, 257.03, 49.55500000000029
 97530, 13894.9850,  1, -161.17, 9.200000000000728
 97530, 13894.9850,  1, -130.40, 9.200000000000728
 97532, 13895.1900,  1, -199.64, 9.405000000000655
 97532, 13895.1900,  1, -90.38, 9.405000000000655
 97535, 13895.4950,  1, -197.11, 9.710000000000946
 97535, 13895.4950,  1, -70.62, 9.710000000000946
 97562, 13898.2600,  3, 351.17, 12.44000000000051
 97599, 13902.0400,  3, 300.56, 16.174999999999272
 97673, 13920.7900,  1, -180.34, 7.455000000001746
 97673, 13920.7900,  1, -96.84, 7.455000000001746
 97681, 13921.6100,  1, -181.44, 8.275000000001455
 97681, 13921.6100,  1, -125.91, 8.275000000001455
 97701, 13923.6550,  1, -161.06, 10.320000000001528
 97701, 13923.6550,  1, -181.34, 10.320000000001528
 97754, 13929.0750,  3, 337.44, 15.710000000000946
 97883, 13942.2700,  3, 307.46, 28.855000000001382
 97995, 13965.0200,  3, 341.54, 11.264999999999418
 97999, 13965.4300,  1, -64.38, 11.764999999999418
 97999, 13965.4300,  1, -214.50, 11.764999999999418
 98000, 13965.5300,  3, 322.61, 11.844999999999345
 98011, 13966.6550,  3, 318.69, 12.949999999998909
 98057, 13971.3600,  3, 296.20, 17.625
 98062, 13971.8700,  3, 314.17, 18.164999999999054
 98106, 13976.3700,  3, 305.97, 22.649999999999636
 98181, 13995.1550,  1, -162.71, 7.565000000000509
 98181, 13995.1550,  1, -135.11, 7.565000000000509
 98196, 13996.6900,  1, -141.85, 9.100000000000364
 98196, 13996.6900,  1, -166.96, 9.100000000000364
 98274, 14004.6650,  3, 301.21, 17.01000000000022
 98290, 14006.3050,  3, 293.56, 18.704999999999927
 98294, 14006.7150,  3, 315.73, 19.06500000000051
 98362, 14013.6650,  3, 283.06, 25.99499999999898
 98467, 14035.6000,  1, -127.17, 10.630000000001019
 98467, 14035.6000,  1, -152.12, 10.630000000001019
 98494, 14038.3600,  1, -200.64, 13.390000000001237
 98494, 14038.3600,  1, -109.82, 13.390000000001237
 98543, 14043.3700,  3, 294.25, 18.340000000000146
 98604, 14049.6100,  3, 283.43, 24.570000000001528
 98698, 14059.2250,  3, 259.77, 34.19500000000153
 98754, 14064.9500,  3, 240.90, 39.965000000000146
 98882, 14089.1650,  3, 312.07, 12.93500000000131
 98900, 14091.0100,  3, 310.51, 14.725000000000364
 98978, 14098.9850,  3, 305.32, 22.774999999999636
 98981, 14099.2900,  3, 294.68, 23.05500000000029
 99004, 14101.6450,  3, 307.60, 25.415000000000873
 99071, 14108.4950,  3, 263.00, 32.26500000000124
 99086, 14110.0300,  3, 285.56, 33.75
 99092, 14110.6450,  3, 274.68, 34.39000000000124
 99174, 14130.0550,  1, -139.98, 8.284999999999854
 99174, 14130.0550,  1, -170.58, 8.284999999999854
 99220, 14134.7600,  1, -190.09, 12.989999999999782
 99220, 14134.7600,  1, -132.96, 12.989999999999782
 99226, 14135.3700,  3, 308.00, 13.569999999999709
 99267, 14139.5650,  3, 296.53, 17.704999999999927
 99282, 14141.1000,  3, 316.33, 19.31499999999869
 99475, 14160.8400,  3, 268.64, 39.04500000000007
 99529, 14177.4500,  1, -128.85, 5.420000000000073
 99529, 14177.4500,  1, -133.21, 5.420000000000073
 99546, 14179.1900,  1, -156.22, 7.1599999999998545
 99546, 14179.1900,  1, -144.79, 7.1599999999998545
 99567, 14181.3400,  1, -154.76, 9.30999999999949
 99567, 14181.3400,  1, -138.00, 9.30999999999949
 99578, 14182.4650,  3, 352.32, 10.424999999999272
 99595, 14184.2000,  3, 319.84, 12.079999999999927
 99707, 14207.1200,  1, -151.41, 11.345000000001164
 99707, 14207.1200,  1, -158.18, 11.345000000001164
 99722, 14208.6550,  1, -126.20, 12.880000000001019
 99722, 14208.6550,  1, -198.77, 12.880000000001019
 99738, 14210.2900,  1, -201.04, 14.515000000001237
 99738, 14210.2900,  1, -123.87, 14.515000000001237
 99822, 14218.8850,  3, 266.19, 23.05999999999949
 99856, 14222.3600,  3, 289.76, 26.48999999999978
 99976, 14245.6100,  1, -161.68, 12.170000000000073
 99976, 14245.6100,  1, -164.14, 12.170000000000073
 99982, 14246.2250,  3, 347.67, 12.779999999998836
100056, 14253.7900,  3, 298.42, 20.264999999999418
100077, 14255.9400,  3, 285.84, 22.475000000000364
100082, 14256.4500,  3, 288.39, 22.965000000000146
100138, 14262.1800,  3, 304.92, 28.649999999999636
100187, 14267.1900,  3, 286.56, 33.73499999999876
100269, 14286.6800,  1, -185.40, 8.280000000000655
100269, 14286.6800,  1, -102.16, 8.280000000000655
100282, 14288.0100,  1, -98.51, 9.610000000000582
100282, 14288.0100,  1, -195.57, 9.610000000000582
100349, 14294.8600,  3, 305.35, 16.44499999999971
100379, 14297.9300,  3, 283.34, 19.524999999999636
100435, 14303.6550,  3, 281.65, 25.19000000000051
100458, 14306.0100,  3, 293.06, 27.590000000000146
100537, 14325.2250,  1, -89.27, 7.975000000000364
100537, 14325.2250,  1, -186.49, 7.975000000000364
100539, 14325.4300,  1, -186.61, 8.180000000000291
100539, 14325.4300,  1, -100.37, 8.180000000000291
100579, 14329.5200,  3, 351.50, 12.264999999999418
100588, 14330.4400,  3, 324.74, 13.125
100675, 14339.3400,  3, 272.91, 22.020000000000437
100678, 14339.6450,  3, 307.55, 22.299999999999272
100758, 14360.0300,  1, -161.34, 8.070000000001528
100758, 14360.0300,  1, -164.26, 8.070000000001528
100830, 14367.3950,  3, 292.93, 15.395000000000437
100849, 14369.3400,  3, 331.96, 17.330000000001746
100864, 14370.8700,  3, 289.51, 18.890000000001237
100878, 14372.3050,  3, 290.84, 20.26000000000022
100910, 14375.5750,  3, 306.34, 23.600000000000364
100918, 14376.3950,  3, 306.85, 24.395000000000437
100986, 14394.4150,  1, -119.91, 6.845000000001164
100986, 14394.4150,  1, -161.97, 6.845000000001164
101021, 14397.9950,  3, 343.32, 10.364999999999782
101042, 14400.1450,  3, 336.16, 12.510000000000218
101042, 14400.1450,  1, -198.18, 12.575000000000728
101042, 14400.1450,  1, -110.69, 12.575000000000728
101098, 14405.8700,  3, 292.93, 18.284999999999854
101124, 14408.5300,  3, 272.35, 20.86499999999978
101185, 14425.9300,  1, -137.91, 6.130000000001019
101185, 14425.9300,  1, -149.09, 6.130000000001019
101241, 14431.6550,  3, 333.88, 11.805000000000291
101261, 14433.7000,  3, 320.23, 13.81000000000131
101283, 14435.9500,  1, -112.81, 16.150000000001455
101283, 14435.9500,  1, -200.67, 16.150000000001455
101291, 14436.7700,  3, 323.58, 16.93000000000029
101368, 14444.6450,  3, 288.82, 24.75500000000102
101421, 14461.4850,  1, -142.45, 5.315000000000509
101421, 14461.4850,  1, -124.53, 5.315000000000509
101456, 14465.0650,  1, -192.90, 8.895000000000437
101456, 14465.0650,  1, -103.14, 8.895000000000437
101546, 14474.2700,  3, 308.24, 18.039999999999054
101551, 14474.7800,  3, 312.53, 18.594999999999345
101640, 14483.8850,  3, 285.27, 27.709999999999127
101651, 14485.0100,  3, 272.94, 28.81500000000051
101724, 14503.5750,  1, -162.06, 7.355000000001382
101724, 14503.5750,  1, -174.70, 7.355000000001382
101726, 14503.7800,  1, -203.25, 7.56000000000131
101726, 14503.7800,  1, -100.37, 7.56000000000131
101802, 14511.5550,  3, 297.74, 15.260000000000218
101806, 14511.9650,  3, 270.10, 15.704999999999927
101831, 14514.5200,  3, 303.42, 18.26000000000022
101849, 14516.3600,  3, 281.29, 20.045000000000073
102013, 14545.2150,  3, 301.06, 16.650000000001455
102029, 14546.8500,  3, 326.59, 18.265000000001237
102040, 14547.9750,  3, 281.26, 19.400000000001455
102060, 14550.0200,  1, -215.27, 21.470000000001164
102060, 14550.0200,  1, -119.33, 21.470000000001164
102110, 14555.1350,  3, 290.08, 26.530000000000655
102140, 14558.2000,  3, 281.35, 29.63500000000022
102179, 14562.1900,  3, 231.44, 33.590000000000146
102296, 14585.1800,  3, 328.54, 11.834999999999127
102337, 14589.3700,  3, 320.01, 15.959999999999127
102344, 14590.0900,  3, 270.15, 16.69999999999891
102345, 14590.1900,  3, 331.08, 16.799999999999272
102346, 14590.2900,  3, 333.82, 16.909999999999854
102397, 14595.5100,  3, 304.68, 22.18000000000029
102400, 14595.8150,  3, 305.38, 22.420000000000073
102472, 14603.1800,  3, 284.06, 29.80999999999949
102547, 14621.9400,  1, -165.83, 7.569999999999709
102547, 14621.9400,  1, -99.28, 7.569999999999709
102579, 14625.2150,  3, 334.63, 10.774999999999636
102586, 14625.9300,  3, 337.05, 11.479999999999563
102597, 14627.0550,  3, 333.40, 12.589999999998327
102607, 14628.0750,  3, 316.84, 13.639999999999418
102629, 14630.3250,  3, 321.92, 15.949999999998909
102647, 14632.1650,  3, 312.67, 17.704999999999927
102715, 14650.0750,  1, -143.71, 6.845000000001164
102715, 14650.0750,  1, -147.81, 6.845000000001164
102735, 14652.1200,  1, -184.90, 8.890000000001237
102735, 14652.1200,  1, -142.70, 8.890000000001237
102779, 14656.6200,  3, 329.14, 13.305000000000291
102787, 14657.4400,  3, 315.59, 14.130000000001019
102862, 14665.1100,  3, 307.66, 21.784999999999854
102935, 14672.5750,  3, 246.05, 29.25500000000102
103005, 14690.8250,  1, -151.09, 7.050000000001091
103005, 14690.8250,  1, -132.17, 7.050000000001091
103075, 14697.9850,  1, -181.92, 14.210000000000946
103075, 14697.9850,  1, -149.80, 14.210000000000946
103087, 14699.2150,  3, 312.49, 15.364999999999782
103090, 14699.5200,  3, 334.40, 15.655000000000655
103131, 14703.7150,  3, 309.64, 19.915000000000873
103159, 14706.5750,  3, 294.60, 22.735000000000582
103218, 14724.6200,  1, -123.73, 5.925000000001091
103218, 14724.6200,  1, -159.76, 5.925000000001091
103231, 14725.9500,  1, -151.87, 7.255000000001019
103231, 14725.9500,  1, -154.56, 7.255000000001019
103272, 14730.1450,  3, 356.42, 11.380000000001019
103294, 14732.3950,  3, 321.47, 13.694999999999709
103305, 14733.5200,  3, 334.47, 14.7450000000008
103501, 14753.5650,  3, 283.14, 34.77000000000044
103623, 14777.1200,  3, 331.74, 12.325000000000728
103635, 14778.3500,  3, 305.63, 13.540000000000873
103658, 14780.7000,  3, 298.20, 15.93500000000131
103682, 14783.1550,  3, 277.08, 18.390000000001237
103685, 14783.4650,  3, 295.23, 18.704999999999927
103691, 14784.0750,  3, 318.03, 19.295000000000073
103702, 14785.2000,  3, 315.28, 20.350000000000364
103847, 14800.0300,  3, 240.66, 35.18000000000029
103934, 14820.1350,  1, -137.29, 8.795000000000073
103934, 14820.1350,  1, -158.35, 8.795000000000073
103945, 14821.2600,  1, -176.47, 9.920000000000073
103945, 14821.2600,  1, -135.75, 9.920000000000073
103952, 14821.9750,  1, -146.56, 10.635000000000218
103952, 14821.9750,  1, -163.34, 10.635000000000218
104002, 14827.0900,  3, 314.76, 15.694999999999709
104020, 14828.9300,  3, 267.60, 17.55500000000029
104076, 14845.6200,  1, -143.71, 5.6200000000008
104076, 14845.6200,  1, -133.44, 5.6200000000008
104141, 14852.2700,  3, 320.44, 12.215000000000146
104157, 14853.9050,  3, 319.90, 13.844999999999345
104168, 14855.0300,  3, 321.91, 14.975000000000364
104210, 14859.3250,  3, 328.18, 19.290000000000873
104216, 14859.9400,  3, 318.01, 19.8700000000008
104307, 14869.2450,  3, 277.98, 29.174999999999272
104385, 14888.4400,  1, -144.54, 7.875
104385, 14888.4400,  1, -147.10, 7.875
104403, 14890.2800,  1, -153.74, 9.715000000000146
104403, 14890.2800,  1, -186.67, 9.715000000000146
104413, 14891.3050,  1, -176.82, 10.739999999999782
104413, 14891.3050,  1, -168.31, 10.739999999999782
104459, 14896.0100,  3, 339.05, 15.43499999999949
104536, 14903.8850,  3, 275.06, 23.219999999999345
104602, 14922.5750,  1, -121.89, 6.640000000001237
104602, 14922.5750,  1, -171.60, 6.640000000001237
104634, 14925.8500,  1, -135.09, 9.915000000000873
104634, 14925.8500,  1, -176.35, 9.915000000000873
104679, 14930.4500,  3, 335.36, 14.43500000000131
104767, 14939.4500,  3, 330.34, 23.4950000000008
104781, 14940.8850,  3, 302.53, 24.899999999999636
104825, 14945.3850,  3, 266.78, 29.420000000000073
104881, 14962.1900,  1, -134.38, 5.6200000000008
104881, 14962.1900,  1, -143.67, 5.6200000000008
104902, 14964.3400,  1, -185.52, 7.770000000000437
104902, 14964.3400,  1, -91.64, 7.770000000000437
104926, 14966.7900,  1, -180.25, 10.220000000001164
104926, 14966.7900,  1, -110.73, 10.220000000001164
104982, 14972.5200,  3, 316.73, 15.845000000001164
104985, 14972.8250,  3, 321.45, 16.18499999999949
105061, 14991.9650,  1, -125.94, 7.674999999999272
105061, 14991.9650,  1, -166.63, 7.674999999999272
105063, 14992.1650,  1, -187.40, 7.875
105063, 14992.1650,  1, -94.26, 7.875
105106, 14996.5650,  3, 336.32, 12.234999999998763
105115, 14997.4850,  3, 305.98, 13.114999999999782
105167, 15002.8050,  3, 318.16, 18.454999999999927
105180, 15004.1350,  3, 296.07, 19.82499999999891
105274, 15024.8850,  1, -108.64, 9.505000000001019
105274, 15024.8850,  1, -196.89, 9.505000000001019
105288, 15026.3150,  1, -160.77, 10.93500000000131
105288, 15026.3150,  1, -131.68, 10.93500000000131
105312, 15028.7700,  3, 354.34, 13.3650000000016
105541, 15052.1900,  3, 258.36, 36.7400000000016
105558, 15053.9300,  3, 269.06, 38.45499999999993
105575, 15055.6650,  3, 262.54, 40.25
105646, 15074.2000,  1, -119.51, 7.150000000001455
105646, 15074.2000,  1, -151.21, 7.150000000001455
105668, 15076.4500,  1, -99.54, 9.400000000001455
105668, 15076.4500,  1, -206.66, 9.400000000001455
105670, 15076.6550,  1, -140.83, 9.605000000001382
105670, 15076.6550,  1, -182.29, 9.605000000001382
105681, 15077.7800,  1, -168.63, 10.730000000001382
105681, 15077.7800,  1, -150.28, 10.730000000001382
105752, 15096.0200,  1, -152.89, 7.050000000001091
105752, 15096.0200,  1, -133.15, 7.050000000001091
105792, 15100.1100,  1, -186.71, 11.140000000001237
105792, 15100.1100,  1, -135.90, 11.140000000001237
105797, 15100.6200,  3, 328.53, 11.614999999999782
105837, 15104.7150,  3, 312.40, 15.675000000001091
105868, 15107.8850,  3, 312.43, 18.895000000000437
105885, 15109.6200,  3, 292.88, 20.63000000000102
106015, 15134.2600,  3, 340.34, 13.144999999998618
106074, 15140.2900,  1, -152.56, 19.225000000000364
106074, 15140.2900,  1, -184.60, 19.225000000000364
106096, 15142.5400,  3, 294.79, 21.420000000000073
106097, 15142.6450,  3, 308.97, 21.48999999999978
106098, 15142.7450,  3, 316.69, 21.579999999999927
106100, 15142.9500,  3, 287.01, 21.80500000000029
106106, 15143.5650,  3, 291.63, 22.465000000000146
106211, 15166.3950,  3, 347.23, 10.550000000001091
106266, 15172.0200,  3, 317.86, 16.19000000000051
106284, 15173.8600,  3, 281.90, 18.090000000000146
106301, 15175.6000,  3, 303.04, 19.73999999999978
106312, 15176.7250,  3, 294.58, 20.94000000000051
106344, 15179.9950,  3, 281.35, 24.140000000001237
106365, 15182.1450,  3, 256.42, 26.31500000000051
106440, 15189.8150,  3, 253.58, 34.04000000000087
106546, 15212.6650,  3, 339.87, 10.720000000001164
106552, 15213.2800,  3, 342.36, 11.31500000000051
106561, 15214.2000,  3, 341.01, 12.215000000000146
106641, 15222.3850,  3, 290.36, 20.350000000000364
106653, 15223.6100,  3, 311.38, 21.600000000000364
106665, 15224.8400,  3, 306.90, 22.80000000000109
106697, 15228.1100,  3, 284.69, 26.105000000001382
106720, 15230.4650,  3, 288.61, 28.51000000000022
106813, 15252.0400,  1, -73.75, 9.405000000000655
106813, 15252.0400,  1, -218.60, 9.405000000000655
106851, 15255.9300,  3, 330.63, 13.25
106854, 15256.2350,  3, 331.73, 13.569999999999709
106925, 15263.4950,  3, 313.36, 20.850000000000364
106970, 15268.1000,  3, 296.34, 25.424999999999272
107003, 15271.4750,  3, 270.96, 28.795000000000073
107160, 15287.5300,  3, 244.21, 44.88500000000022
107244, 15307.2700,  1, -130.52, 8.489999999999782
107244, 15307.2700,  1, -160.13, 8.489999999999782
107286, 15311.5650,  3, 341.27, 12.744999999998981
107299, 15312.8950,  3, 329.18, 14.06499999999869
107400, 15323.2250,  1, -202.88, 24.44499999999971
107400, 15323.2250,  1, -184.56, 24.44499999999971
107417, 15324.9650,  3, 293.33, 26.139999999999418
107501, 15333.5550,  3, 272.09, 34.67999999999847
107584, 15354.0100,  1, -159.43, 8.389999999999418
107584, 15354.0100,  1, -122.86, 8.389999999999418
107639, 15359.6350,  3, 328.18, 13.949999999998909
107661, 15361.8850,  3, 320.34, 16.209999999999127
107703, 15366.1800,  3, 316.59, 20.5
107710, 15366.8950,  3, 327.54, 21.229999999999563
107721, 15368.0200,  3, 314.49, 22.354999999999563
107727, 15368.6350,  3, 302.14, 22.984999999998763
107855, 15392.9050,  3, 343.48, 12.964999999998327
107856, 15393.0100,  1, -218.13, 13.094999999999345
107864, 15393.8250,  3, 310.68, 13.81499999999869
107890, 15396.4850,  3, 325.90, 16.534999999999854
107895, 15396.9950,  3, 307.97, 17.07499999999891
107916, 15399.1450,  3, 300.58, 19.174999999999272
107966, 15404.2600,  3, 289.89, 24.299999999999272
108037, 15411.5200,  3, 262.98, 31.5
108138, 15432.8050,  3, 344.97, 10.1299999999992
108176, 15436.6900,  3, 329.72, 14.104999999999563
108217, 15440.8850,  3, 322.90, 18.2549999999992
108227, 15441.9050,  3, 317.42, 19.2549999999992
108291, 15448.4500,  3, 287.43, 25.80999999999949
108291, 15448.4500,  3, 243.25, 25.780000000000655
108298, 15449.1650,  3, 289.13, 26.520000000000437
108305, 15449.8850,  3, 299.79, 27.290000000000873
108374, 15467.9400,  1, -161.82, 6.950000000000728
108374, 15467.9400,  1, -128.44, 6.950000000000728
108381, 15468.6550,  1, -133.48, 7.665000000000873
108381, 15468.6550,  1, -170.97, 7.665000000000873
108393, 15469.8850,  1, -199.10, 8.895000000000437
108393, 15469.8850,  1, -100.63, 8.895000000000437
108446, 15475.3050,  3, 320.05, 14.229999999999563
108477, 15478.4750,  3, 304.57, 17.409999999999854
108554, 15497.5900,  1, -171.39, 7.774999999999636
108554, 15497.5900,  1, -142.04, 7.774999999999636
108595, 15501.7800,  1, -185.12, 11.965000000000146
108595, 15501.7800,  1, -136.83, 11.965000000000146
108601, 15502.3950,  3, 338.75, 12.479999999999563
108672, 15509.6550,  3, 299.23, 19.74499999999898
108714, 15513.9500,  3, 306.46, 24.034999999999854
108717, 15514.2600,  3, 287.86, 24.344999999999345
108792, 15533.1100,  1, -171.15, 7.56000000000131
108792, 15533.1100,  1, -100.36, 7.56000000000131
108794, 15533.3150,  1, -138.56, 7.765000000001237
108794, 15533.3150,  1, -162.90, 7.765000000001237
108837, 15537.7150,  3, 317.67, 12.095000000001164
108850, 15539.0400,  3, 324.47, 13.409999999999854
108890, 15543.1350,  1, -190.95, 17.585000000000946
108890, 15543.1350,  1, -149.50, 17.585000000000946
108949, 15561.3600,  1, -142.52, 5.829999999999927
108949, 15561.3600,  1, -151.30, 5.829999999999927
108995, 15566.0650,  3, 347.93, 10.43999999999869
109007, 15567.2900,  3, 347.13, 11.724999999998545
109031, 15569.7450,  3, 331.26, 14.179999999998472
109125, 15579.3600,  3, 322.26, 23.80999999999949
109139, 15580.7900,  3, 311.80, 25.215000000000146
109161, 15583.0400,  3, 261.05, 27.409999999999854
109241, 15602.4400,  1, -109.19, 8.079999999999927
109241, 15602.4400,  1, -182.87, 8.079999999999927
109245, 15602.8500,  1, -163.60, 8.489999999999782
109245, 15602.8500,  1, -128.63, 8.489999999999782
109280, 15606.4300,  3, 325.34, 12.024999999999636
109288, 15607.2450,  3, 337.11, 12.824999999998909
109296, 15608.0650,  3, 305.95, 13.659999999999854
109297, 15608.1650,  3, 326.00, 13.799999999999272
109385, 15628.2150,  1, -183.04, 8.899999999999636
109385, 15628.2150,  1, -101.26, 8.899999999999636
109396, 15629.3400,  3, 358.82, 10.014999999999418
109447, 15634.5550,  3, 296.89, 15.164999999999054
109502, 15640.1800,  3, 277.24, 20.789999999999054
109531, 15643.1450,  3, 293.20, 23.74499999999898
109598, 15649.9950,  3, 280.02, 30.625
109624, 15652.6550,  3, 296.88, 33.30500000000029
109715, 15673.1800,  1, -172.32, 9.204999999999927
109715, 15673.1800,  1, -132.99, 9.204999999999927
109718, 15673.4850,  1, -195.73, 9.510000000000218
109718, 15673.4850,  1, -82.10, 9.510000000000218
109784, 15680.2350,  3, 278.29, 16.164999999999054
109810, 15682.8950,  3, 315.33, 18.859999999998763
109856, 15687.6000,  3, 280.46, 23.594999999999345
109901, 15692.2000,  3, 295.09, 28.19000000000051
109988, 15712.2150,  1, -149.94, 8.790000000000873
109988, 15712.2150,  1, -136.65, 8.790000000000873
110004, 15713.8500,  3, 345.50, 10.329999999999927
110073, 15720.9050,  3, 319.07, 17.450000000000728
110102, 15723.8700,  3, 309.84, 20.43500000000131
110120, 15725.7150,  3, 313.12, 22.220000000001164
110131, 15726.8400,  3, 297.20, 23.31500000000051
110170, 15730.8250,  3, 277.75, 27.320000000001528
110286, 15753.9500,  3, 343.48, 11.68999999999869
110302, 15755.5900,  3, 323.79, 13.375
110313, 15756.7150,  3, 308.98, 14.449999999998909
110313, 15756.7150,  3, 314.10, 14.510000000000218
110314, 15756.8150,  3, 313.58, 14.569999999999709
110380, 15763.5650,  3, 301.34, 21.30500000000029
110394, 15764.9950,  3, 282.54, 22.764999999999418
110481, 15773.8950,  3, 270.44, 31.609999999998763
110567, 15793.6650,  1, -204.83, 8.68500000000131
110567, 15793.6650,  1, -96.31, 8.68500000000131
110588, 15795.8150,  3, 333.77, 10.75
110615, 15798.5750,  3, 311.91, 13.56000000000131
110653, 15802.4650,  3, 304.35, 17.420000000000073
110688, 15806.0400,  3, 296.23, 20.98999999999978
110720, 15809.3150,  3, 284.94, 24.235000000000582
110735, 15810.8500,  3, 304.15, 25.81000000000131
110789, 15827.5900,  1, -123.20, 5.424999999999272
110789, 15827.5900,  1, -136.37, 5.424999999999272
110801, 15828.8150,  1, -116.57, 6.649999999999636
110801, 15828.8150,  1, -158.28, 6.649999999999636
110824, 15831.1650,  1, -86.00, 9.0
110824, 15831.1650,  1, -203.65, 9.0
110880, 15836.8950,  3, 311.15, 14.664999999999054
110918, 15840.7800,  3, 324.24, 18.514999999999418
110987, 15858.9050,  1, -158.99, 6.954999999999927
110987, 15858.9050,  1, -114.45, 6.954999999999927
111001, 15860.3400,  1, -126.01, 8.389999999999418
111001, 15860.3400,  1, -176.68, 8.389999999999418
111030, 15863.3050,  3, 347.14, 11.295000000000073
111039, 15864.2250,  1, -136.86, 12.274999999999636
111039, 15864.2250,  1, -184.30, 12.274999999999636
111044, 15864.7350,  3, 330.80, 12.75
111171, 15888.8850,  3, 317.60, 12.864999999999782
111182, 15890.0100,  3, 322.64, 13.979999999999563
111184, 15890.2150,  3, 318.44, 14.200000000000728
111201, 15891.9500,  3, 326.65, 15.909999999999854
111233, 15895.2250,  3, 315.66, 19.1299999999992
111240, 15895.9400,  3, 324.90, 19.86499999999978
111256, 15897.5750,  3, 309.10, 21.549999999999272
111285, 15900.5400,  3, 297.80, 24.530000000000655
111371, 15920.4750,  1, -205.74, 8.694999999999709
111371, 15920.4750,  1, -77.49, 8.694999999999709
111395, 15922.9300,  3, 336.17, 11.1299999999992
111395, 15922.9300,  3, 342.05, 11.119999999998981
111415, 15924.9750,  3, 314.47, 13.174999999999272
111430, 15926.5100,  3, 297.96, 14.649999999999636
111445, 15928.0400,  3, 310.83, 16.215000000000146
111487, 15932.3400,  3, 300.16, 20.474999999998545
111566, 15951.5650,  1, -192.09, 7.970000000001164
111566, 15951.5650,  1, -97.59, 7.970000000001164
111610, 15956.0650,  3, 353.72, 12.454999999999927
111649, 15960.0550,  3, 288.66, 16.454999999999927
111691, 15964.3500,  3, 311.67, 20.68500000000131
111707, 15965.9850,  3, 306.38, 22.350000000000364
111725, 15967.8250,  3, 300.13, 24.165000000000873
111777, 15973.1450,  3, 287.22, 29.530000000000655
111837, 15990.4400,  1, -130.44, 6.030000000000655
111837, 15990.4400,  1, -138.72, 6.030000000000655
111850, 15991.7700,  1, -175.54, 7.360000000000582
111850, 15991.7700,  1, -104.83, 7.360000000000582
111882, 15995.0400,  3, 330.95, 10.56500000000051
111905, 15997.3950,  3, 318.69, 12.889999999999418
111913, 15998.2150,  3, 344.92, 13.739999999999782
111931, 16000.0550,  3, 307.89, 15.639999999999418
112001, 16018.3850,  1, -133.44, 7.055000000000291
112001, 16018.3850,  1, -172.12, 7.055000000000291
112033, 16021.6550,  3, 352.59, 10.239999999999782
112045, 16022.8850,  3, 344.32, 11.454999999999927
112054, 16023.8050,  1, -159.84, 12.475000000000364
112054, 16023.8050,  1, -165.64, 12.475000000000364
112055, 16023.9050,  3, 316.59, 12.510000000000218
112068, 16025.2350,  3, 322.37, 13.844999999999345
112126, 16042.3400,  1, -160.66, 5.825000000000728
112126, 16042.3400,  1, -121.59, 5.825000000000728
112163, 16046.1200,  1, -197.75, 9.605000000001382
112163, 16046.1200,  1, -101.43, 9.605000000001382
112187, 16048.5750,  3, 322.87, 12.030000000000655
112245, 16054.5100,  3, 287.92, 17.93000000000029
112268, 16056.8600,  3, 301.32, 20.30500000000029
112274, 16057.4750,  3, 311.35, 20.88000000000102
112333, 16074.7350,  1, -133.47, 5.930000000000291
112333, 16074.7350,  1, -145.53, 5.930000000000291
112361, 16077.6000,  1, -199.88, 8.795000000000073
112361, 16077.6000,  1, -91.81, 8.795000000000073
112398, 16081.3850,  1, -159.21, 12.579999999999927
112398, 16081.3850,  1, -172.47, 12.579999999999927
112398, 16081.3850,  3, 329.92, 12.529999999998836
112399, 16081.4850,  3, 318.83, 12.670000000000073
112454, 16098.9400,  1, -144.56, 5.515000000001237
112454, 16098.9400,  1, -139.67, 5.515000000001237
112478, 16101.3950,  1, -171.47, 7.970000000001164
112478, 16101.3950,  1, -155.16, 7.970000000001164
112480, 16101.6000,  1, -145.52, 8.175000000001091
112480, 16101.6000,  1, -136.73, 8.175000000001091
112517, 16105.3850,  1, -158.42, 11.960000000000946
112517, 16105.3850,  1, -112.19, 11.960000000000946
112599, 16124.7450,  1, -160.75, 8.180000000000291
112599, 16124.7450,  1, -154.93, 8.180000000000291
112602, 16125.0550,  1, -168.72, 8.489999999999782
112602, 16125.0550,  1, -162.93, 8.489999999999782
112667, 16131.7000,  3, 322.12, 15.104999999999563
112706, 16135.6900,  3, 303.27, 19.045000000000073
112715, 16136.6100,  3, 305.19, 19.94999999999891
112738, 16138.9650,  3, 318.35, 22.389999999999418
112845, 16161.9150,  3, 349.88, 10.7400000000016
112851, 16162.5300,  3, 340.34, 11.405000000000655
112855, 16162.9400,  3, 316.96, 11.825000000000728
112859, 16163.3500,  3, 317.62, 12.165000000000873
112880, 16165.4950,  3, 304.41, 14.335000000000946
112888, 16166.3150,  3, 324.96, 15.145000000000437
112940, 16171.6350,  3, 300.07, 20.540000000000873
113057, 16183.6000,  3, 265.12, 32.48500000000058
113171, 16206.1900,  3, 342.30, 11.469999999999345
113200, 16209.1550,  3, 318.89, 14.510000000000218
113211, 16210.2800,  3, 328.42, 15.569999999999709
113219, 16211.1000,  3, 325.82, 16.36499999999978
113259, 16215.1900,  3, 314.42, 20.459999999999127
113272, 16216.5200,  3, 311.65, 21.86499999999978
113301, 16219.4850,  3, 303.36, 24.81999999999971
113340, 16223.4750,  3, 298.25, 28.834999999999127
113403, 16241.1350,  1, -162.25, 6.344999999999345
113403, 16241.1350,  1, -127.24, 6.344999999999345
113407, 16241.5400,  1, -140.26, 6.75
113407, 16241.5400,  1, -175.07, 6.75
113426, 16243.4850,  1, -87.44, 8.694999999999709
113426, 16243.4850,  1, -191.74, 8.694999999999709
113512, 16252.2800,  3, 314.40, 17.484999999998763
113533, 16254.4300,  3, 321.46, 19.625
113637, 16277.1650,  1, -217.99, 10.525000000001455
113637, 16277.1650,  3, 343.06, 10.450000000000728
113645, 16277.9850,  3, 326.48, 11.255000000001019
113657, 16279.2150,  3, 322.86, 12.489999999999782
113658, 16279.3150,  3, 338.94, 12.670000000000073
113660, 16279.5200,  3, 331.72, 12.850000000000364
113686, 16282.1800,  3, 310.11, 15.485000000000582
113801, 16293.9400,  3, 270.14, 27.25
113890, 16314.1900,  1, -204.47, 9.0
113890, 16314.1900,  1, -65.94, 9.0
113891, 16314.2900,  1, -201.83, 9.100000000000364
113891, 16314.2900,  1, -80.86, 9.100000000000364
113908, 16316.0300,  1, -193.18, 10.840000000000146
113908, 16316.0300,  1, -111.15, 10.840000000000146
113909, 16316.1350,  1, -158.83, 10.944999999999709
113909, 16316.1350,  1, -136.83, 10.944999999999709
113974, 16334.0550,  1, -165.96, 6.440000000000509
113974, 16334.0550,  1, -130.12, 6.440000000000509
113975, 16334.1550,  1, -139.69, 6.540000000000873
113975, 16334.1550,  1, -151.32, 6.540000000000873
113993, 16335.9950,  1, -159.77, 8.380000000001019
113993, 16335.9950,  1, -157.56, 8.380000000001019
114118, 16348.7800,  3, 313.00, 21.079999999999927
114405, 16378.1350,  3, 254.01, 50.41500000000087
114456, 16394.5950,  1, -125.91, 5.205000000001746
114456, 16394.5950,  1, -124.95, 5.205000000001746
114459, 16394.9100,  1, -147.69, 5.520000000000437
114459, 16394.9100,  1, -144.20, 5.520000000000437
114477, 16396.7850,  1, -107.12, 7.395000000000437
114477, 16396.7850,  1, -172.95, 7.395000000000437
114550, 16404.3900,  1, -138.78, 15.0
114550, 16404.3900,  1, -181.92, 15.0
114644, 16425.1800,  1, -154.00, 9.580000000001746
114644, 16425.1800,  1, -167.97, 9.580000000001746
114689, 16429.8650,  3, 300.61, 14.220000000001164
114693, 16430.2850,  3, 311.97, 14.605000000003201
114707, 16431.7400,  3, 330.43, 16.13000000000102
114713, 16432.3650,  1, -173.50, 16.765000000003056
114713, 16432.3650,  1, -177.13, 16.765000000003056
114749, 16436.1150,  3, 290.73, 20.485000000000582
114809, 16453.1150,  1, -147.48, 6.145000000000437
114809, 16453.1150,  1, -126.51, 6.145000000000437
114820, 16454.2650,  1, -166.55, 7.294999999998254
114820, 16454.2650,  1, -141.78, 7.294999999998254
114861, 16458.5350,  3, 331.45, 11.5099999999984
114864, 16458.8450,  3, 327.98, 11.799999999999272
114923, 16464.9900,  3, 301.06, 17.969999999997526
114946, 16467.3900,  3, 308.12, 20.349999999998545
115002, 16484.5050,  1, -133.21, 5.725000000002183
115002, 16484.5050,  1, -121.23, 5.725000000002183
115056, 16490.1300,  1, -142.02, 11.350000000002183
115056, 16490.1300,  1, -160.54, 11.350000000002183
115062, 16490.7550,  3, 334.03, 11.895000000000437
115130, 16497.8400,  3, 300.64, 19.00500000000102
115140, 16498.8800,  3, 305.00, 20.06000000000131
115147, 16499.6100,  3, 284.08, 20.7400000000016
115228, 16520.0800,  1, -173.26, 8.330000000001746
115228, 16520.0800,  1, -132.04, 8.330000000001746
115256, 16523.0000,  3, 334.92, 11.154999999998836
115269, 16524.3550,  3, 328.60, 12.56000000000131
115278, 16525.2900,  3, 308.16, 13.474999999998545
115280, 16525.5000,  3, 338.09, 13.729999999999563
115331, 16530.8100,  3, 290.03, 19.05500000000029
115475, 16545.8100,  3, 310.15, 33.95999999999913
115582, 16568.0350,  1, -156.77, 11.044999999998254
115582, 16568.0350,  1, -171.20, 11.044999999998254
115607, 16570.6400,  1, -209.46, 13.649999999997817
115607, 16570.6400,  1, -107.53, 13.649999999997817
115630, 16573.0350,  3, 305.17, 15.994999999998981
115638, 16573.8650,  3, 328.30, 16.779999999998836
115652, 16575.3250,  3, 314.82, 18.24499999999898
115706, 16580.9500,  3, 304.85, 23.87999999999738
115813, 16603.2350,  1, -126.55, 11.040000000000873
115813, 16603.2350,  1, -185.67, 11.040000000000873
115825, 16604.4850,  1, -224.93, 12.290000000000873
115825, 16604.4850,  1, -88.74, 12.290000000000873
115898, 16612.0900,  3, 294.46, 19.875
115970, 16619.5900,  3, 268.13, 27.330000000001746
116090, 16632.0900,  3, 276.90, 39.845000000001164
116129, 16636.1500,  3, 258.31, 43.86999999999898
116183, 16653.6400,  1, -121.16, 5.520000000000437
116183, 16653.6400,  1, -136.38, 5.520000000000437
116227, 16658.2200,  3, 352.70, 10.075000000000728
116242, 16659.7850,  3, 348.08, 11.56000000000131
116244, 16659.9900,  3, 325.19, 11.830000000001746
116246, 16660.2000,  3, 323.14, 12.069999999999709
116283, 16664.0550,  3, 315.53, 15.875
116387, 16674.8900,  3, 255.80, 26.68500000000131
116445, 16691.7700,  1, -134.02, 5.93999999999869
116445, 16691.7700,  1, -139.75, 5.93999999999869
116449, 16692.1850,  1, -116.93, 6.354999999999563
116449, 16692.1850,  1, -150.30, 6.354999999999563
116455, 16692.8100,  1, -173.26, 6.979999999999563
116455, 16692.8100,  1, -110.00, 6.979999999999563
116535, 16701.1450,  3, 309.70, 15.224999999998545
116560, 16703.7500,  3, 286.39, 17.844999999997526
116630, 16722.1800,  1, -173.74, 7.18500000000131
116630, 16722.1800,  1, -107.52, 7.18500000000131
116675, 16726.8650,  3, 344.17, 11.775000000001455
116681, 16727.4900,  1, -197.18, 12.49500000000262
116681, 16727.4900,  1, -139.12, 12.49500000000262
116721, 16731.6600,  3, 323.50, 16.56999999999971
116728, 16732.3900,  3, 311.54, 17.340000000000146
116768, 16736.5550,  3, 287.61, 21.514999999999418
116831, 16754.1800,  1, -128.94, 6.459999999999127
116831, 16754.1800,  1, -158.03, 6.459999999999127
116879, 16759.1800,  3, 335.52, 11.364999999997963
116886, 16759.9100,  1, -131.37, 12.18999999999869
116886, 16759.9100,  1, -164.48, 12.18999999999869
116902, 16761.5750,  1, -203.14, 13.854999999999563
116902, 16761.5750,  1, -88.92, 13.854999999999563
116926, 16764.0750,  3, 301.57, 16.31999999999971
116984, 16781.3550,  1, -159.07, 5.93500000000131
116984, 16781.3550,  1, -118.56, 5.93500000000131
117001, 16783.1250,  1, -128.10, 7.705000000001746
117001, 16783.1250,  1, -182.83, 7.705000000001746
117028, 16785.9350,  1, -80.12, 10.515000000003056
117028, 16785.9350,  1, -204.45, 10.515000000003056
117059, 16789.1650,  3, 306.98, 13.650000000001455
117094, 16792.8100,  3, 330.00, 17.360000000000582
117208, 16815.7850,  1, -188.78, 11.770000000000437
117208, 16815.7850,  1, -125.93, 11.770000000000437
117209, 16815.8900,  3, 339.77, 11.81000000000131
117211, 16816.0950,  3, 327.55, 12.055000000000291
117216, 16816.6150,  1, -198.25, 12.600000000002183
117216, 16816.6150,  1, -138.28, 12.600000000002183
117248, 16819.9500,  3, 299.60, 15.900000000001455
117258, 16820.9900,  3, 309.40, 16.93000000000029
117352, 16841.8800,  1, -125.92, 9.68500000000131
117352, 16841.8800,  1, -167.59, 9.68500000000131
117370, 16843.7550,  1, -168.41, 11.56000000000131
117370, 16843.7550,  1, -154.24, 11.56000000000131
117381, 16844.9000,  3, 327.67, 12.625
117451, 16852.1950,  3, 322.13, 19.900000000001455
117455, 16852.6100,  3, 262.17, 20.31999999999971
117592, 16866.8800,  3, 280.58, 34.590000000000146
117676, 16886.4800,  1, -134.61, 8.649999999997817
117676, 16886.4800,  1, -178.39, 8.649999999997817
117718, 16890.8550,  3, 324.85, 12.93999999999869
117740, 16893.1450,  3, 290.36, 15.214999999996508
117755, 16894.7050,  3, 327.32, 16.849999999998545
117762, 16895.4350,  3, 318.07, 17.544999999998254
117853, 16904.9150,  3, 273.35, 27.07999999999811
117882, 16907.9350,  3, 298.39, 30.05999999999767
117998, 16931.1650,  3, 335.15, 11.93500000000131
117998, 16931.1650,  3, 332.43, 11.875
118013, 16932.7300,  3, 320.44, 13.450000000000728
118046, 16936.1650,  3, 317.75, 16.900000000001455
118080, 16939.7050,  3, 319.01, 20.460000000002765
118111, 16942.9350,  3, 307.64, 23.69499999999971
118127, 16944.6050,  3, 287.66, 25.31500000000233
118315, 16964.1850,  3, 239.80, 44.955000000001746
118438, 16988.0800,  3, 322.72, 12.68500000000131
118448, 16989.1250,  3, 330.84, 13.650000000001455
118451, 16989.4350,  3, 321.16, 13.959999999999127
118462, 16990.5800,  3, 300.63, 15.165000000000873
118464, 16990.7900,  3, 321.67, 15.395000000000437
118469, 16991.3100,  3, 294.06, 15.8849999999984
118537, 16998.3950,  3, 276.41, 22.915000000000873
118540, 16998.7050,  3, 287.69, 23.31499999999869
118606, 17016.5500,  1, -136.01, 6.770000000000437
118606, 17016.5500,  1, -143.55, 6.770000000000437
118633, 17019.3600,  1, -156.23, 9.580000000001746
118633, 17019.3600,  1, -181.51, 9.580000000001746
118686, 17024.8800,  3, 316.07, 14.99500000000262
118707, 17027.0700,  3, 315.97, 17.264999999999418
118721, 17028.5250,  3, 300.21, 18.67000000000189
118838, 17040.7150,  3, 279.94, 30.875
118916, 17059.8550,  1, -99.62, 8.024999999997817
118916, 17059.8550,  1, -180.73, 8.024999999997817
118932, 17061.5200,  1, -189.54, 9.68999999999869
118932, 17061.5200,  1, -111.24, 9.68999999999869
118967, 17065.1650,  1, -197.91, 13.334999999999127
118967, 17065.1650,  1, -121.03, 13.334999999999127
118968, 17065.2700,  1, -153.66, 13.43999999999869
118968, 17065.2700,  1, -192.07, 13.43999999999869
119097, 17089.8100,  1, -126.04, 13.225000000002183
119097, 17089.8100,  1, -176.29, 13.225000000002183
119103, 17090.4350,  1, -164.60, 13.850000000002183
119103, 17090.4350,  1, -164.84, 13.850000000002183
119129, 17093.1450,  3, 300.82, 16.470000000001164
119227, 17103.3550,  3, 281.57, 26.69000000000233
119241, 17104.8100,  3, 295.50, 28.145000000000437
119257, 17106.4800,  3, 304.63, 29.840000000000146
119324, 17124.7300,  1, -164.25, 6.875
119324, 17124.7300,  1, -121.24, 6.875
119329, 17125.2500,  1, -161.87, 7.395000000000437
119329, 17125.2500,  1, -104.97, 7.395000000000437
119407, 17133.3750,  1, -139.91, 15.520000000000437
119407, 17133.3750,  1, -188.39, 15.520000000000437
119411, 17133.7900,  3, 298.32, 15.920000000001892
119489, 17141.9150,  3, 324.28, 24.010000000002037
119601, 17164.7500,  3, 330.23, 11.5
119608, 17165.4800,  3, 325.12, 12.284999999999854
119636, 17168.3950,  3, 314.90, 15.165000000000873
119644, 17169.2300,  3, 353.09, 15.955000000001746
119658, 17170.6850,  3, 304.97, 17.409999999999854
119670, 17171.9350,  3, 318.09, 18.720000000001164
119686, 17173.6050,  3, 281.53, 20.390000000003056
119722, 17177.3550,  3, 279.38, 24.159999999999854
119780, 17195.3750,  1, -136.85, 5.93999999999869
119780, 17195.3750,  1, -136.54, 5.93999999999869
119804, 17197.8750,  1, -200.76, 8.43999999999869
119804, 17197.8750,  1, -90.61, 8.43999999999869
119841, 17201.7300,  3, 324.30, 12.239999999997963
119852, 17202.8750,  3, 336.96, 13.364999999997963
119868, 17204.5400,  3, 325.43, 15.029999999998836
120027, 17221.1050,  3, 272.02, 31.61999999999898
120101, 17239.6300,  1, -177.76, 7.604999999999563
120101, 17239.6300,  1, -120.74, 7.604999999999563
120186, 17248.4850,  3, 292.09, 16.424999999999272
120187, 17248.5900,  3, 304.76, 16.544999999998254
120196, 17249.5250,  3, 314.34, 17.414999999997235
120220, 17252.0250,  3, 324.48, 19.924999999999272
120245, 17254.6300,  3, 298.20, 22.57499999999709
120284, 17258.6950,  3, 270.10, 26.594999999997526
120386, 17280.1600,  1, -67.73, 10.520000000000437
120386, 17280.1600,  1, -213.11, 10.520000000000437
120400, 17281.6150,  3, 338.75, 11.920000000001892
120412, 17282.8650,  3, 319.68, 13.135000000002037
120418, 17283.4900,  3, 305.98, 13.834999999999127
120433, 17285.0550,  3, 337.29, 15.404999999998836
120511, 17293.1800,  3, 313.26, 23.475000000002183
120630, 17305.5750,  3, 286.84, 35.92000000000189
120742, 17328.3450,  3, 345.56, 11.485000000000582
120761, 17330.3250,  3, 327.89, 13.470000000001164
120761, 17330.3250,  3, 336.89, 13.459999999999127
120773, 17331.5750,  3, 314.37, 14.68500000000131
120794, 17333.7650,  3, 319.66, 16.93999999999869
120814, 17335.8450,  3, 317.25, 18.970000000001164
120832, 17337.7200,  3, 318.26, 20.88000000000102
120846, 17339.1800,  3, 327.45, 22.31499999999869
120913, 17357.2500,  1, -152.88, 6.875
120913, 17357.2500,  1, -122.40, 6.875
120928, 17358.8100,  1, -180.30, 8.43500000000131
120928, 17358.8100,  1, -90.33, 8.43500000000131
120966, 17362.7700,  3, 333.33, 12.294999999998254
121013, 17367.6650,  3, 313.48, 17.220000000001164
121015, 17367.8750,  3, 317.23, 17.43000000000029
121032, 17369.6450,  3, 297.47, 19.235000000000582
121147, 17393.7050,  3, 333.47, 11.864999999997963
121153, 17394.3300,  3, 312.47, 12.429999999996653
121159, 17394.9550,  3, 313.40, 13.079999999998108
121165, 17395.5800,  3, 311.76, 13.739999999997963
121195, 17398.7050,  3, 317.62, 16.789999999997235
121228, 17402.1450,  3, 300.19, 20.264999999999418
121268, 17406.3100,  3, 301.48, 24.37999999999738
121316, 17411.3100,  3, 250.36, 29.43499999999767
121369, 17427.8250,  1, -126.71, 5.415000000000873
121369, 17427.8250,  1, -127.22, 5.415000000000873
121374, 17428.3450,  1, -130.64, 5.93500000000131
121374, 17428.3450,  1, -142.94, 5.93500000000131
121432, 17434.3900,  3, 335.59, 11.955000000001746
121447, 17435.9500,  3, 315.70, 13.5099999999984
121448, 17436.0550,  3, 320.57, 13.569999999999709
121477, 17439.0750,  3, 333.13, 16.56999999999971
121586, 17462.6100,  3, 338.07, 11.235000000000582
121597, 17463.7550,  3, 332.25, 12.364999999997963
121600, 17464.0700,  1, -163.33, 12.709999999999127
121600, 17464.0700,  1, -144.45, 12.709999999999127
121620, 17466.1500,  3, 316.17, 14.744999999998981
121647, 17468.9650,  3, 323.44, 17.549999999999272
121697, 17474.1750,  3, 283.67, 22.784999999999854
121741, 17478.7550,  3, 323.72, 27.389999999999418
121819, 17497.8000,  1, -202.89, 8.020000000000437
121819, 17497.8000,  1, -102.11, 8.020000000000437
121852, 17501.2350,  1, -92.71, 11.455000000001746
121852, 17501.2350,  1, -188.02, 11.455000000001746
121858, 17501.8600,  3, 331.94, 12.040000000000873
121861, 17502.1750,  3, 328.81, 12.340000000000146
121899, 17506.1300,  3, 305.64, 16.30500000000029
121956, 17512.0700,  3, 303.37, 22.19000000000233
122047, 17533.6500,  1, -160.43, 9.37000000000262
122047, 17533.6500,  1, -166.92, 9.37000000000262
122060, 17535.0050,  3, 353.66, 10.635000000002037
122067, 17535.7350,  3, 347.40, 11.420000000001892
122070, 17536.0500,  3, 318.15, 11.690000000002328
122072, 17536.2550,  3, 334.50, 11.970000000001164
122119, 17541.1500,  3, 328.36, 16.825000000000728
122144, 17543.7550,  3, 300.41, 19.43000000000029
122199, 17560.5000,  1, -160.26, 5.625
122199, 17560.5000,  1, -119.45, 5.625
122232, 17563.9350,  1, -152.45, 9.06000000000131
122232, 17563.9350,  1, -119.86, 9.06000000000131
122261, 17566.9550,  3, 331.09, 12.075000000000728
122267, 17567.5800,  3, 332.29, 12.625
122301, 17571.1250,  3, 324.42, 16.145000000000437
122334, 17574.5600,  3, 293.80, 19.674999999999272
122414, 17594.0250,  1, -125.31, 8.225000000002183
122414, 17594.0250,  1, -170.66, 8.225000000002183
122453, 17598.0900,  3, 342.24, 12.190000000002328
122455, 17598.3000,  3, 355.39, 12.440000000002328
122496, 17602.5700,  3, 285.46, 16.735000000000582
122541, 17607.2550,  3, 357.96, 21.354999999999563
122581, 17611.4250,  3, 287.03, 25.520000000000437
122672, 17620.9000,  3, 272.26, 35.04500000000189
122747, 17639.7000,  1, -190.72, 7.709999999999127
122747, 17639.7000,  1, -103.43, 7.709999999999127
122801, 17645.3250,  3, 315.10, 13.234999999996944
122802, 17645.4300,  3, 322.92, 13.344999999997526
122812, 17646.4700,  1, -150.89, 14.479999999999563
122812, 17646.4700,  1, -145.97, 14.479999999999563
122855, 17650.9500,  3, 285.85, 18.8949999999968
123037, 17669.9100,  3, 272.43, 37.89999999999782
123149, 17692.7300,  3, 337.60, 11.455000000001746
123181, 17696.0600,  3, 307.91, 14.875
123189, 17696.8950,  3, 315.05, 15.680000000000291
123201, 17698.1450,  3, 303.77, 16.945000000003347
123202, 17698.2500,  3, 316.86, 17.06500000000233
123218, 17699.9150,  3, 310.31, 18.720000000001164
123266, 17704.9150,  3, 310.46, 23.7400000000016
123270, 17705.3300,  3, 311.79, 24.06500000000233
123354, 17725.1150,  1, -165.23, 8.640000000003056
123354, 17725.1150,  1, -161.13, 8.640000000003056
123376, 17727.4100,  1, -147.06, 10.93500000000131
123376, 17727.4100,  1, -164.04, 10.93500000000131
123392, 17729.0750,  3, 342.82, 12.55000000000291
123411, 17731.0550,  3, 307.03, 14.555000000000291
123435, 17733.5550,  3, 297.13, 17.06999999999971
123473, 17737.5150,  3, 309.06, 20.975000000002183
123559, 17757.6150,  1, -179.63, 8.850000000002183
123559, 17757.6150,  1, -96.71, 8.850000000002183
123572, 17758.9700,  3, 333.70, 10.190000000002328
123587, 17760.5350,  3, 335.74, 11.694999999999709
123605, 17762.4100,  3, 334.17, 13.569999999999709
123629, 17764.9100,  3, 315.01, 16.04500000000189
123645, 17766.5750,  3, 331.12, 17.784999999999854
123652, 17767.3050,  3, 312.04, 18.49499999999898
123724, 17786.6300,  1, -157.07, 7.395000000000437
123724, 17786.6300,  1, -146.50, 7.395000000000437
123753, 17789.6500,  1, -179.64, 10.415000000000873
123753, 17789.6500,  1, -122.70, 10.415000000000873
123760, 17790.3800,  3, 329.94, 11.044999999998254
123780, 17792.4650,  3, 314.72, 13.180000000000291
123793, 17793.8200,  3, 300.25, 14.489999999997963
123796, 17794.1300,  3, 296.04, 14.840000000000146
123866, 17813.4150,  1, -160.11, 7.18500000000131
123866, 17813.4150,  1, -118.84, 7.18500000000131
123932, 17820.2900,  3, 317.43, 13.965000000000146
123940, 17821.1250,  3, 312.85, 14.869999999998981
123996, 17826.9550,  3, 296.19, 20.665000000000873
124009, 17828.3100,  3, 302.94, 22.00500000000102
124041, 17831.6450,  3, 296.67, 25.38000000000102
124085, 17836.2300,  3, 302.58, 29.979999999999563
124161, 17855.1400,  1, -140.05, 7.81499999999869
124161, 17855.1400,  1, -156.36, 7.81499999999869
124213, 17860.5550,  3, 338.49, 13.165000000000873
124218, 17861.0750,  3, 320.93, 13.68999999999869
124229, 17862.2200,  3, 326.04, 14.834999999999127
124287, 17868.2650,  3, 328.23, 20.840000000000146
124344, 17874.2000,  3, 295.20, 26.840000000000146
124350, 17874.8250,  3, 278.04, 27.479999999999563
124452, 17896.5500,  3, 346.33, 10.424999999999272
124474, 17898.8400,  3, 320.18, 12.769999999996799
124483, 17899.7750,  3, 319.44, 13.669999999998254
124502, 17901.7550,  3, 303.95, 15.684999999997672
124537, 17905.4000,  3, 319.24, 19.294999999998254
124537, 17905.4000,  3, 323.23, 19.284999999999854
124540, 17905.7150,  3, 274.53, 19.6349999999984
124637, 17915.8200,  3, 274.40, 29.724999999998545
124748, 17938.3750,  3, 340.72, 11.445000000003347
124756, 17939.2050,  3, 330.03, 12.255000000001019
124757, 17939.3100,  3, 332.40, 12.385000000002037
124758, 17939.4150,  3, 327.93, 12.415000000000873
124782, 17941.9150,  3, 323.50, 14.900000000001455
124792, 17942.9550,  3, 302.76, 15.955000000001746
124799, 17943.6850,  3, 330.92, 16.725000000002183
124813, 17945.1450,  3, 317.75, 18.145000000000437
124879, 17963.1400,  1, -136.01, 6.770000000000437
124879, 17963.1400,  1, -162.64, 6.770000000000437
124883, 17963.5550,  1, -134.22, 7.18500000000131
124883, 17963.5550,  1, -167.41, 7.18500000000131
124886, 17963.8650,  1, -100.42, 7.495000000002619
124886, 17963.8650,  1, -187.34, 7.495000000002619
124944, 17969.9100,  3, 310.12, 13.510000000002037
125028, 17978.6600,  3, 293.24, 22.205000000001746
125113, 17998.6800,  1, -200.31, 8.75
125113, 17998.6800,  1, -98.33, 8.75
125127, 18000.1400,  1, -191.56, 10.209999999999127
125127, 18000.1400,  1, -90.29, 10.209999999999127
125148, 18002.3250,  3, 341.97, 12.290000000000873
125156, 18003.1600,  3, 304.23, 13.18500000000131
125164, 18003.9900,  3, 304.80, 14.020000000000437
125244, 18012.3250,  3, 284.13, 22.294999999998254
125317, 18030.8450,  1, -146.89, 7.5
125317, 18030.8450,  1, -158.96, 7.5
125364, 18035.7400,  3, 332.14, 12.37999999999738
125375, 18036.8900,  3, 327.81, 13.444999999999709
125405, 18040.0150,  3, 316.78, 16.659999999999854
125407, 18040.2200,  3, 327.30, 16.860000000000582
125458, 18045.5350,  3, 301.59, 22.154999999998836
125489, 18048.7650,  3, 289.90, 25.399999999997817
125554, 18066.6750,  1, -100.48, 6.665000000000873
125554, 18066.6750,  1, -173.59, 6.665000000000873
125573, 18068.6500,  1, -150.14, 8.640000000003056
125573, 18068.6500,  1, -134.55, 8.640000000003056
125622, 18073.7550,  3, 334.95, 13.705000000001746
125630, 18074.5900,  3, 330.21, 14.530000000002474
125685, 18080.3200,  3, 310.86, 20.30500000000029
125770, 18089.1750,  3, 287.87, 29.125
125878, 18112.4800,  3, 345.77, 11.090000000000146
125884, 18113.1050,  3, 325.63, 11.690000000002328
125902, 18114.9800,  3, 314.03, 13.580000000001746
125917, 18116.5400,  3, 308.63, 15.100000000002183
125920, 18116.8550,  3, 299.62, 15.479999999999563
125950, 18119.9800,  3, 330.61, 18.56500000000233
125997, 18124.8750,  3, 276.90, 23.43500000000131
126026, 18127.8950,  3, 263.12, 26.54500000000189
126083, 18145.7700,  1, -135.52, 5.830000000001746
126083, 18145.7700,  1, -132.87, 5.830000000001746
126089, 18146.3950,  1, -114.43, 6.455000000001746
126089, 18146.3950,  1, -163.48, 6.455000000001746
126109, 18148.4800,  1, -173.60, 8.540000000000873
126109, 18148.4800,  1, -119.44, 8.540000000000873
126124, 18150.0400,  1, -127.14, 10.100000000002183
126124, 18150.0400,  1, -156.95, 10.100000000002183
126186, 18167.6500,  1, -139.47, 6.25
126186, 18167.6500,  1, -158.01, 6.25
126218, 18170.9850,  1, -121.07, 9.584999999999127
126218, 18170.9850,  1, -201.37, 9.584999999999127
126264, 18175.7750,  3, 306.16, 14.349999999998545
126291, 18178.5900,  3, 323.65, 17.094999999997526
126437, 18193.8000,  3, 285.69, 32.30999999999767
126466, 18196.8200,  3, 273.91, 35.414999999997235
126582, 18219.9550,  3, 334.06, 11.880000000001019
126587, 18220.4800,  3, 340.74, 12.465000000000146
126601, 18221.9350,  3, 332.42, 13.904999999998836
126653, 18227.3550,  3, 299.20, 19.299999999999272
126675, 18229.6450,  3, 306.18, 21.61999999999898
126684, 18230.5800,  3, 331.16, 22.55500000000029
126702, 18232.4550,  3, 312.01, 24.38000000000102
126707, 18232.9800,  3, 302.48, 24.93000000000029
126768, 18251.2200,  1, -148.50, 6.25
126768, 18251.2200,  1, -130.92, 6.25
126808, 18255.3900,  3, 339.03, 10.409999999999854
126810, 18255.5950,  3, 344.45, 10.584999999999127
126827, 18257.3650,  3, 330.29, 12.354999999999563
126906, 18265.5950,  3, 307.20, 20.61999999999898
126923, 18267.3650,  3, 301.68, 22.354999999999563
126954, 18270.5950,  3, 296.64, 25.604999999999563
127056, 18292.3050,  3, 337.24, 10.420000000001892
127062, 18292.9300,  3, 343.06, 11.099999999998545
127063, 18293.0350,  3, 329.27, 11.2400000000016
127104, 18297.3050,  3, 326.47, 15.474999999998545
127189, 18306.1600,  3, 304.59, 24.270000000000437
127197, 18306.9900,  3, 309.12, 25.18500000000131
127199, 18307.2000,  3, 306.57, 25.404999999998836
127200, 18307.3050,  3, 292.78, 25.49499999999898
127284, 18327.8750,  1, -161.39, 8.645000000000437
127284, 18327.8750,  1, -152.67, 8.645000000000437
127293, 18328.8100,  1, -181.21, 9.580000000001746
127293, 18328.8100,  1, -109.78, 9.580000000001746
127352, 18334.9550,  3, 298.29, 15.645000000000437
127360, 18335.7900,  3, 302.83, 16.529999999998836
127392, 18339.1250,  3, 309.90, 19.86999999999898
127401, 18340.0600,  3, 297.87, 20.75
127478, 18359.3100,  1, -147.44, 7.915000000000873
127478, 18359.3100,  1, -137.90, 7.915000000000873
127488, 18360.3550,  1, -186.61, 8.959999999999127
127488, 18360.3550,  1, -119.53, 8.959999999999127
127492, 18360.7700,  1, -178.49, 9.375
127492, 18360.7700,  1, -124.44, 9.375
127517, 18363.3750,  1, -126.35, 11.979999999999563
127517, 18363.3750,  1, -143.85, 11.979999999999563
127600, 18383.2650,  1, -196.54, 8.43999999999869
127600, 18383.2650,  1, -95.93, 8.43999999999869
127620, 18385.3450,  1, -147.35, 10.520000000000437
127620, 18385.3450,  1, -119.21, 10.520000000000437
127632, 18386.5950,  3, 338.41, 11.684999999997672
127742, 18398.0550,  3, 291.33, 23.200000000000728
127900, 18414.5150,  3, 293.34, 39.6349999999984
127905, 18415.0350,  3, 275.53, 40.125
127957, 18431.7200,  1, -136.05, 5.31000000000131
127957, 18431.7200,  1, -128.00, 5.31000000000131
128030, 18439.3250,  3, 310.43, 12.849999999998545
128046, 18440.9900,  3, 321.48, 14.485000000000582
128088, 18445.3650,  3, 290.75, 18.875
128100, 18446.6150,  3, 301.37, 20.150000000001455
128112, 18447.8650,  3, 316.99, 21.375
128233, 18460.4700,  3, 302.79, 34.0
128299, 18478.5500,  1, -101.74, 6.770000000000437
128299, 18478.5500,  1, -170.57, 6.770000000000437
128321, 18480.8400,  1, -169.00, 9.06000000000131
128321, 18480.8400,  1, -139.24, 9.06000000000131
128326, 18481.3600,  1, -123.35, 9.580000000001746
128326, 18481.3600,  1, -184.80, 9.580000000001746
128338, 18482.6100,  1, -199.33, 10.830000000001746
128338, 18482.6100,  1, -92.70, 10.830000000001746
128406, 18500.8600,  1, -109.91, 6.875
128406, 18500.8600,  1, -162.83, 6.875
128463, 18506.8000,  3, 319.65, 12.809999999997672
128481, 18508.6750,  3, 322.36, 14.595000000001164
128488, 18509.4000,  3, 316.11, 15.3849999999984
128531, 18513.8800,  3, 319.41, 19.80500000000029
128540, 18514.8200,  3, 314.29, 20.735000000000582
128594, 18520.4450,  3, 321.34, 26.404999999998836
128677, 18541.1950,  1, -176.65, 8.544999999998254
128677, 18541.1950,  1, -144.26, 8.544999999998254
128699, 18543.4850,  1, -151.89, 10.834999999999127
128699, 18543.4850,  1, -148.69, 10.834999999999127
128702, 18543.8000,  1, -105.09, 11.149999999997817
128702, 18543.8000,  1, -177.40, 11.149999999997817
128710, 18544.6300,  3, 329.78, 11.904999999998836
128767, 18550.5700,  3, 312.22, 17.8849999999984
128837, 18568.9800,  1, -132.17, 7.18500000000131
128837, 18568.9800,  1, -161.59, 7.18500000000131
128840, 18569.2900,  1, -176.07, 7.495000000002619
128840, 18569.2900,  1, -117.39, 7.495000000002619
128857, 18571.0600,  1, -133.28, 9.265000000003056
128857, 18571.0600,  1, -155.82, 9.265000000003056
128897, 18575.2300,  3, 321.40, 13.390000000003056
129029, 18588.9800,  3, 297.24, 27.17000000000189
129138, 18612.2650,  1, -202.35, 11.25
129138, 18612.2650,  1, -96.45, 11.25
129140, 18612.4700,  3, 348.61, 11.354999999999563
129153, 18613.8250,  3, 338.86, 12.744999999998981
129176, 18616.2200,  3, 316.51, 15.130000000001019
129212, 18619.9700,  3, 315.36, 18.854999999999563
129261, 18625.0750,  3, 294.14, 23.975000000002183
129264, 18625.3900,  3, 298.04, 24.30500000000029
129381, 18648.5200,  3, 341.79, 12.014999999999418
129395, 18649.9800,  3, 331.48, 13.469999999997526
129403, 18650.8100,  3, 312.78, 14.340000000000146
129418, 18652.3750,  3, 328.13, 15.904999999998836
129431, 18653.7300,  3, 317.09, 17.219999999997526
129492, 18660.0800,  3, 318.00, 23.61999999999898
129585, 18669.7700,  3, 272.29, 33.27499999999782
129746, 18686.5400,  3, 240.72, 50.01499999999942
129828, 18707.1250,  1, -143.75, 8.43999999999869
129828, 18707.1250,  1, -141.66, 8.43999999999869
129867, 18711.1850,  3, 329.39, 12.44999999999709
129877, 18712.2300,  3, 310.98, 13.5099999999984
129879, 18712.4350,  3, 291.12, 13.719999999997526
129885, 18713.0600,  3, 296.07, 14.354999999999563
129886, 18713.1650,  3, 319.29, 14.3849999999984
129951, 18719.9350,  3, 303.74, 21.234999999996944
130019, 18737.9150,  1, -160.64, 6.979999999999563
130019, 18737.9150,  1, -102.64, 6.979999999999563
130036, 18739.6850,  1, -154.63, 8.75
130036, 18739.6850,  1, -141.11, 8.75
130076, 18743.8550,  3, 342.17, 12.834999999999127
130079, 18744.1650,  3, 336.54, 13.180000000000291
130117, 18748.1250,  3, 311.67, 17.139999999999418
130163, 18752.9150,  3, 287.64, 21.94499999999971
130219, 18769.7200,  1, -128.75, 5.725000000002183
130219, 18769.7200,  1, -145.04, 5.725000000002183
130228, 18770.6600,  1, -151.72, 6.665000000000873
130228, 18770.6600,  1, -153.50, 6.665000000000873
130278, 18775.8650,  3, 324.51, 11.830000000001746
130297, 18777.8450,  3, 329.61, 13.784999999999854
130325, 18780.7650,  3, 307.16, 16.764999999999418
130352, 18783.5750,  3, 282.88, 19.514999999999418
130437, 18803.3650,  1, -171.35, 8.75
130437, 18803.3650,  1, -148.08, 8.75
130439, 18803.5750,  1, -157.65, 8.959999999999127
130439, 18803.5750,  1, -152.05, 8.959999999999127
130513, 18811.2850,  3, 304.97, 16.56499999999869
130557, 18815.8650,  3, 323.86, 21.239999999997963
130576, 18817.8450,  3, 303.97, 23.19499999999971
130662, 18826.8050,  3, 273.14, 32.169999999998254
130730, 18844.9700,  1, -160.25, 6.975000000002183
130730, 18844.9700,  1, -147.90, 6.975000000002183
130858, 18858.3050,  3, 290.77, 20.229999999999563
130864, 18858.9300,  3, 321.79, 20.854999999999563
130871, 18859.6600,  3, 322.61, 21.575000000000728
130878, 18860.3900,  3, 329.57, 22.38000000000102
130972, 18870.1800,  3, 269.90, 32.10000000000218
131033, 18876.5350,  3, 273.35, 38.52000000000044
131109, 18895.3450,  1, -178.10, 7.81000000000131
131109, 18895.3450,  1, -110.85, 7.81000000000131
131220, 18906.9100,  1, -161.05, 19.375
131220, 18906.9100,  1, -160.00, 19.375
131249, 18909.9300,  3, 319.65, 22.360000000000582
131305, 18915.7650,  3, 295.36, 28.13000000000102
131316, 18916.9100,  3, 279.11, 29.284999999999854
131389, 18924.5150,  3, 277.26, 36.94499999999971
131475, 18944.6250,  1, -131.48, 8.854999999999563
131475, 18944.6250,  1, -174.34, 8.854999999999563
131517, 18949.0000,  3, 317.53, 13.125
131546, 18952.0200,  3, 313.15, 16.159999999999854
131568, 18954.3100,  3, 326.99, 18.450000000000728
131582, 18955.7700,  3, 314.88, 19.93500000000131
131594, 18957.0200,  3, 320.76, 21.209999999999127
131663, 18964.2050,  3, 288.82, 28.399999999997817
131721, 18981.2850,  1, -118.61, 5.93999999999869
131721, 18981.2850,  1, -148.75, 5.93999999999869
131724, 18981.5950,  1, -129.97, 6.25
131724, 18981.5950,  1, -145.03, 6.25
131747, 18983.9900,  1, -177.61, 8.645000000000437
131747, 18983.9900,  1, -113.70, 8.645000000000437
131814, 18990.9700,  3, 318.07, 15.534999999999854
132003, 19010.6600,  3, 264.19, 35.24499999999898
132084, 19030.3750,  1, -136.26, 8.334999999999127
132084, 19030.3750,  1, -161.19, 8.334999999999127
132162, 19038.5000,  3, 315.91, 16.43000000000029
132211, 19043.6050,  3, 287.66, 21.514999999999418
132280, 19050.7900,  3, 278.11, 28.70499999999811
132283, 19051.1050,  3, 283.20, 29.05999999999767
132304, 19053.2900,  3, 338.35, 31.174999999999272
132504, 19074.1250,  3, 225.08, 52.07999999999811
132583, 19093.2500,  1, -148.12, 8.125
132583, 19093.2500,  1, -163.52, 8.125
132607, 19095.7500,  1, -197.31, 10.625
132607, 19095.7500,  1, -95.27, 10.625
132615, 19096.5800,  3, 353.89, 11.360000000000582
132618, 19096.8950,  1, -124.76, 11.770000000000437
132618, 19096.8950,  1, -183.42, 11.770000000000437
132666, 19101.8950,  3, 302.91, 16.724999999998545
132782, 19124.9500,  1, -147.80, 11.975000000002183
132782, 19124.9500,  1, -149.59, 11.975000000002183
132786, 19125.3650,  3, 332.67, 12.290000000000873
132811, 19127.9700,  3, 332.93, 14.92500000000291
132843, 19131.3050,  3, 309.24, 18.325000000000728
132951, 19142.5550,  3, 279.10, 29.4900000000016
133001, 19147.7650,  3, 280.73, 34.75500000000102
133029, 19150.6800,  3, 283.65, 37.64500000000044
133099, 19168.9850,  1, -124.55, 7.18500000000131
133099, 19168.9850,  1, -162.17, 7.18500000000131
133147, 19173.9850,  3, 341.53, 12.110000000000582
133159, 19175.2350,  3, 320.63, 13.400000000001455
133166, 19175.9650,  3, 338.80, 14.125
133213, 19180.8600,  3, 310.30, 19.010000000002037
133234, 19183.0500,  3, 307.93, 21.24499999999898
133245, 19184.1950,  3, 306.35, 22.36999999999898
133367, 19207.9300,  3, 346.95, 12.555000000000291
133409, 19212.3050,  3, 328.28, 16.924999999999272
133448, 19216.3650,  3, 306.60, 20.94499999999971
133458, 19217.4100,  3, 281.42, 22.07999999999811
133484, 19220.1150,  3, 303.77, 24.7599999999984
133497, 19221.4700,  3, 307.91, 26.1349999999984
133514, 19223.2400,  3, 301.70, 27.849999999998545
133551, 19227.0950,  3, 297.33, 31.7599999999984
133709, 19254.3950,  3, 312.14, 16.25500000000102
133721, 19255.6450,  3, 318.54, 17.520000000000437
133745, 19258.1450,  3, 323.49, 20.06500000000233
133786, 19262.4150,  3, 297.80, 24.31000000000131
133792, 19263.0400,  3, 297.03, 24.950000000000728
133795, 19263.3550,  3, 297.13, 25.2300000000032
133824, 19266.3750,  3, 286.05, 28.25500000000102
133879, 19272.1050,  3, 264.49, 34.00500000000102
133995, 19295.1800,  3, 325.36, 11.919999999998254
134005, 19296.2200,  3, 342.95, 12.934999999997672
134024, 19298.2000,  3, 314.29, 14.909999999999854
134067, 19302.6800,  3, 304.86, 19.399999999997817
134091, 19305.1800,  3, 310.98, 21.93999999999869
134095, 19305.5950,  3, 305.62, 22.38000000000102
134111, 19307.2650,  3, 293.30, 24.044999999998254
134207, 19317.2650,  3, 266.96, 33.974999999998545
134344, 19342.6800,  3, 331.48, 14.154999999998836
134370, 19345.3900,  3, 333.69, 16.81000000000131
134413, 19349.8650,  3, 299.91, 21.275000000001455
134460, 19354.7650,  3, 285.65, 26.150000000001455
134489, 19357.7850,  3, 261.92, 29.19000000000233
134515, 19360.4900,  3, 298.76, 31.88000000000102
134522, 19361.2200,  3, 290.34, 32.68000000000029
134976, 19408.5150,  2, -11.08,  80
135099, 19433.3600,  1, -126.32, 12.600000000002183
135099, 19433.3600,  1, -159.56, 12.600000000002183
135119, 19435.4450,  3, 337.44, 14.650000000001455
135175, 19441.2750,  3, 346.46, 20.415000000000873
135200, 19443.8800,  3, 321.34, 23.095000000001164
135239, 19447.9450,  3, 277.80, 27.1150000000016
135313, 19455.6500,  3, 271.66, 34.81000000000131
135395, 19464.1950,  3, 244.84, 43.42500000000291
135514, 19487.6950,  3, 347.51, 12.279999999998836
135551, 19491.5500,  3, 325.74, 16.11999999999898
135594, 19496.0250,  3, 308.47, 20.594999999997526
135601, 19496.7550,  3, 285.80, 21.274999999997817
135611, 19497.8000,  3, 281.24, 22.30999999999767
135660, 19502.9000,  3, 281.89, 27.424999999999272
135680, 19504.9850,  3, 294.72, 29.539999999997235
135792, 19516.6500,  3, 257.20, 41.18499999999767
135936, 19542.8800,  3, 308.31, 14.829999999998108
135948, 19544.1300,  3, 274.94, 16.095000000001164
135974, 19546.8400,  3, 301.19, 18.81499999999869
136012, 19550.8000,  3, 286.06, 22.774999999997817
136020, 19551.6300,  3, 299.06, 23.625
136089, 19558.8200,  3, 286.07, 30.80500000000029
136102, 19560.1750,  3, 249.92, 32.1349999999984
136133, 19563.4000,  3, 259.67, 35.36999999999898
136236, 19585.1400,  3, 340.79, 10.604999999999563
136284, 19590.1400,  3, 340.82, 15.549999999999272
136297, 19591.4900,  3, 285.04, 16.885000000002037
136317, 19593.5750,  3, 288.75, 18.970000000001164
136346, 19596.5950,  3, 311.11, 22.029999999998836
136369, 19598.9900,  3, 297.40, 24.455000000001746
136397, 19601.9100,  3, 283.34, 27.389999999999418
136450, 19607.4300,  3, 289.67, 32.830000000001746
136531, 19627.1100,  1, -122.47, 8.334999999999127
136531, 19627.1100,  1, -163.38, 8.334999999999127
136571, 19631.2750,  3, 331.43, 12.444999999999709
136575, 19631.6950,  3, 317.83, 12.894999999996799
136593, 19633.5700,  3, 315.40, 14.719999999997526
136629, 19637.3200,  3, 298.66, 18.484999999996944
136684, 19643.0500,  3, 309.41, 24.239999999997963
136709, 19645.6500,  3, 273.35, 26.784999999999854
136770, 19663.2200,  1, -151.26, 6.245000000002619
136770, 19663.2200,  1, -142.81, 6.245000000002619
136823, 19668.7400,  3, 335.95, 11.665000000000873
136846, 19671.1400,  3, 302.64, 14.110000000000582
136847, 19671.2400,  3, 290.11, 14.190000000002328
136855, 19672.0750,  3, 313.63, 15.075000000000728
136858, 19672.3900,  3, 313.16, 15.345000000001164
137236, 19711.7650,  3, 224.21, 54.75500000000102
137371, 19736.8100,  3, 308.57, 13.889999999999418
137383, 19738.0600,  3, 308.17, 15.1150000000016
137390, 19738.7900,  3, 323.87, 15.850000000002183
137399, 19739.7300,  3, 315.30, 16.850000000002183
137409, 19740.7700,  3, 332.16, 17.854999999999563
137448, 19744.8300,  3, 309.14, 21.92000000000189
137453, 19745.3550,  3, 298.69, 22.424999999999272
137969, 19799.1050,  3, 183.36, 76.24499999999898
138042, 19817.6450,  1, -116.40, 7.5
138042, 19817.6450,  1, -160.03, 7.5
138076, 19821.1850,  3, 336.68, 11.0
138118, 19825.5600,  3, 333.75, 15.364999999997963
138243, 19838.5800,  3, 284.67, 28.375
138304, 19844.9350,  3, 269.04, 34.724999999998545
138361, 19850.8750,  3, 256.29, 40.64999999999782
138609, 19876.7050,  3, 220.44, 66.47499999999854
138720, 19899.2350,  3, 323.55, 11.354999999999563
138723, 19899.5500,  3, 340.33, 11.719999999997526
138745, 19901.8400,  3, 286.44, 13.984999999996944
138830, 19910.6950,  3, 322.31, 22.849999999998545
138852, 19912.9850,  3, 289.19, 25.139999999999418
138885, 19916.4250,  3, 271.77, 28.62999999999738
138909, 19918.9250,  3, 291.75, 31.06499999999869
138917, 19919.7550,  3, 267.34, 31.909999999999854
138979, 19938.1300,  1, -147.79, 6.354999999999563
138979, 19938.1300,  1, -128.17, 6.354999999999563
139050, 19945.5250,  3, 319.68, 13.704999999998108
139084, 19949.0700,  3, 320.03, 17.25499999999738
139092, 19949.9000,  3, 304.39, 18.06999999999971
139174, 19958.4450,  3, 305.74, 26.614999999997963
139180, 19959.0700,  3, 264.43, 27.229999999999563
139197, 19960.8400,  3, 268.65, 29.034999999999854
139359, 19988.7500,  3, 311.38, 16.75
139394, 19992.3950,  3, 294.88, 20.345000000001164
139444, 19997.6050,  3, 300.51, 25.56999999999971
139460, 19999.2700,  3, 261.67, 27.284999999999854
139490, 20002.3950,  3, 266.06, 30.345000000001164
139521, 20005.6250,  3, 258.06, 33.56000000000131
139529, 20006.4550,  3, 273.40, 34.375
139733, 20027.7050,  3, 240.56, 55.63500000000204
139794, 20044.8800,  1, -140.09, 6.245000000002619
139794, 20044.8800,  1, -142.17, 6.245000000002619
139838, 20049.4650,  1, -104.22, 10.830000000001746
139838, 20049.4650,  1, -197.29, 10.830000000001746
139922, 20058.2150,  3, 292.84, 19.475000000002183
139950, 20061.1300,  3, 297.18, 22.465000000000146
140077, 20074.3600,  3, 258.29, 35.70000000000073
140139, 20080.8200,  3, 257.08, 42.14500000000044
140195, 20097.6950,  1, -136.91, 5.729999999999563
140195, 20097.6950,  1, -120.19, 5.729999999999563
140259, 20104.3600,  3, 344.35, 12.299999999999272
140280, 20106.5500,  3, 329.02, 14.579999999998108
140286, 20107.1750,  3, 337.20, 15.145000000000437
140330, 20111.7550,  3, 279.63, 19.729999999999563
140448, 20124.0500,  3, 282.75, 32.06499999999869
140454, 20124.6750,  3, 261.59, 32.64500000000044
140550, 20146.7200,  1, -114.60, 9.895000000000437
140550, 20146.7200,  1, -171.18, 9.895000000000437
140636, 20155.6800,  3, 310.85, 18.844999999997526
140723, 20164.7400,  3, 331.58, 27.875
140727, 20165.1600,  3, 287.62, 28.235000000000582
140737, 20166.2000,  3, 289.32, 29.284999999999854
140806, 20173.3900,  3, 282.35, 36.5
140871, 20180.1600,  3, 263.50, 43.32999999999811
141027, 20208.4250,  3, 328.16, 16.05999999999767
141058, 20211.6500,  3, 296.71, 19.36999999999898
141132, 20219.3600,  3, 276.08, 27.07999999999811
141307, 20237.5900,  3, 261.53, 45.2599999999984
141343, 20241.3400,  3, 258.28, 49.039999999997235
141343, 20241.3400,  3, 241.71, 49.029999999998836
141398, 20247.0700,  3, 223.93, 54.719999999997526
141432, 20250.6100,  3, 239.47, 58.25499999999738
141537, 20272.6100,  1, -198.34, 10.834999999999127
141537, 20272.6100,  1, -84.62, 10.834999999999127
141555, 20274.4850,  3, 332.83, 12.644999999996799
141572, 20276.2550,  3, 320.45, 14.44999999999709
141588, 20277.9250,  3, 319.78, 16.12999999999738
141680, 20287.5050,  3, 295.24, 25.6449999999968
141730, 20292.7150,  3, 286.57, 30.87999999999738
141955, 20316.1500,  3, 235.89, 54.30999999999767
142040, 20336.1450,  1, -182.06, 8.75
142040, 20336.1450,  1, -96.97, 8.75
142065, 20338.7500,  3, 348.36, 11.2599999999984
142066, 20338.8550,  3, 335.95, 11.369999999998981
142092, 20341.5600,  3, 310.83, 14.149999999997817
142157, 20348.3300,  3, 304.03, 20.86999999999898
142181, 20350.8300,  3, 293.54, 23.38000000000102
142386, 20372.1850,  3, 272.68, 44.68999999999869
142460, 20390.9850,  1, -155.64, 7.600000000002183
142460, 20390.9850,  1, -129.34, 7.600000000002183
142477, 20392.7550,  1, -165.01, 9.37000000000262
142477, 20392.7550,  1, -115.74, 9.37000000000262
142519, 20397.1300,  3, 341.83, 13.690000000002328
142556, 20400.9850,  3, 309.99, 17.590000000000146
142560, 20401.4000,  3, 282.73, 18.00500000000102
142680, 20413.9000,  3, 280.39, 30.460000000002765
142795, 20436.8400,  3, 330.85, 11.784999999999854
142797, 20437.0500,  3, 349.14, 12.034999999999854
142807, 20438.0900,  3, 342.25, 13.095000000001164
142818, 20439.2350,  3, 328.67, 14.229999999999563
142839, 20441.4250,  3, 323.77, 16.354999999999563
142860, 20443.6100,  3, 318.18, 18.56999999999971
142864, 20444.0250,  3, 306.18, 19.034999999999854
142866, 20444.2350,  3, 320.68, 19.235000000000582
143010, 20470.2700,  1, -160.17, 14.895000000000437
143010, 20470.2700,  1, -184.88, 14.895000000000437
143031, 20472.4550,  3, 301.44, 16.979999999999563
143058, 20475.2700,  3, 276.04, 19.86999999999898
143064, 20475.8950,  3, 318.30, 20.43000000000029
143092, 20478.8100,  3, 289.22, 23.340000000000146
143118, 20481.5200,  3, 265.05, 26.11999999999898
143118, 20481.5200,  3, 282.17, 26.13000000000102
143237, 20504.7300,  3, 337.41, 12.25
143243, 20505.3550,  3, 335.34, 12.899999999997817
143292, 20510.4550,  3, 313.33, 17.965000000000146
143335, 20514.9350,  3, 314.14, 22.43999999999869
143342, 20515.6650,  3, 309.46, 23.209999999999127
143347, 20516.1850,  3, 320.07, 23.664999999997235
143365, 20518.0600,  3, 302.71, 25.520000000000437
143465, 20528.4800,  3, 279.69, 36.039999999997235
143625, 20556.2850,  3, 317.98, 16.4900000000016
143627, 20556.4900,  3, 316.24, 16.68500000000131
143686, 20562.6400,  3, 309.79, 22.81000000000131
143719, 20566.0750,  3, 304.14, 26.31999999999971
143736, 20567.8450,  3, 270.59, 28.020000000000437
143796, 20574.0950,  3, 260.70, 34.3650000000016
143879, 20582.7400,  3, 253.07, 42.94000000000233
144224, 20618.6800,  3, 200.20, 78.94000000000233
144297, 20637.2750,  1, -140.92, 7.495000000002619
144297, 20637.2750,  1, -138.49, 7.495000000002619
144344, 20642.1750,  3, 341.39, 12.295000000001892
144344, 20642.1750,  3, 333.32, 12.30000000000291
144363, 20644.1500,  3, 330.88, 14.315000000002328
144483, 20656.6500,  3, 274.68, 26.830000000001746
144623, 20671.2350,  3, 261.58, 41.35499999999956
144633, 20672.2750,  3, 231.89, 42.48500000000058
144704, 20690.4250,  1, -142.14, 7.294999999998254
144704, 20690.4250,  1, -130.71, 7.294999999998254
144734, 20693.5500,  1, -150.26, 10.419999999998254
144734, 20693.5500,  1, -160.06, 10.419999999998254
144815, 20701.9850,  3, 308.89, 18.774999999997817
144838, 20704.3800,  3, 283.15, 21.18499999999767
144906, 20711.4650,  3, 322.72, 28.294999999998254
144930, 20713.9650,  3, 297.65, 30.729999999999563
145056, 20738.2200,  3, 312.98, 12.985000000000582
145057, 20738.3250,  3, 343.72, 13.099999999998545
145094, 20742.1800,  3, 326.53, 16.899999999997817
145158, 20748.8450,  3, 283.31, 23.61999999999898
145187, 20751.8650,  3, 296.54, 26.649999999997817
145206, 20753.8450,  3, 293.42, 28.604999999999563
145223, 20755.6150,  3, 280.72, 30.340000000000146
145288, 20762.3900,  3, 269.18, 37.13999999999942
145421, 20787.2700,  3, 317.81, 13.68999999999869
145445, 20789.7700,  3, 288.43, 16.209999999999127
145446, 20789.8750,  3, 308.77, 16.334999999999127
145455, 20790.8100,  3, 323.78, 17.239999999997963
145515, 20797.0600,  3, 287.12, 23.450000000000728
145528, 20798.4150,  3, 288.57, 24.849999999998545
145531, 20798.7300,  3, 286.48, 25.18500000000131
145533, 20798.9350,  3, 295.60, 25.325000000000728
145635, 20820.5000,  1, -76.73, 10.520000000000437
145635, 20820.5000,  1, -207.63, 10.520000000000437
145662, 20823.3100,  3, 333.10, 13.299999999999272
145666, 20823.7300,  3, 310.85, 13.725000000002183
145680, 20825.1850,  3, 297.26, 15.1150000000016
145691, 20826.3300,  3, 299.32, 16.260000000002037
145704, 20827.6850,  3, 268.01, 17.665000000000873
145828, 20840.6050,  3, 268.88, 30.56999999999971
145893, 20858.6400,  1, -153.68, 6.669999999998254
145893, 20858.6400,  1, -141.10, 6.669999999998254
145959, 20865.5150,  3, 335.06, 13.5
146019, 20871.7650,  3, 333.03, 19.75
146051, 20875.0950,  3, 286.35, 23.05999999999767
146078, 20877.9100,  3, 315.26, 25.899999999997817
146096, 20879.7850,  3, 276.15, 27.784999999999854
146120, 20882.2850,  3, 267.07, 30.30999999999767
146179, 20899.2750,  1, -142.55, 6.040000000000873
146179, 20899.2750,  1, -124.50, 6.040000000000873
146213, 20902.8200,  1, -131.47, 9.584999999999127
146213, 20902.8200,  1, -170.84, 9.584999999999127
146283, 20910.1100,  3, 347.55, 16.840000000000146
146362, 20918.3400,  3, 298.03, 25.084999999999127
146379, 20920.1100,  3, 317.45, 26.840000000000146
146388, 20921.0500,  3, 277.15, 27.739999999997963
146461, 20940.7200,  1, -120.14, 7.5
146461, 20940.7200,  1, -173.24, 7.5
146465, 20941.1400,  1, -184.28, 7.919999999998254
146465, 20941.1400,  1, -105.42, 7.919999999998254
146468, 20941.4500,  1, -170.59, 8.229999999999563
146468, 20941.4500,  1, -134.97, 8.229999999999563
146540, 20948.9500,  3, 315.81, 15.654999999998836
146545, 20949.4700,  3, 327.04, 16.224999999998545
146614, 20967.8800,  1, -150.32, 7.080000000001746
146614, 20967.8800,  1, -149.92, 7.080000000001746
146617, 20968.1950,  1, -174.29, 7.395000000000437
146617, 20968.1950,  1, -103.52, 7.395000000000437
146689, 20975.6950,  3, 311.77, 14.850000000002183
146729, 20979.8600,  3, 327.63, 18.970000000001164
146730, 20979.9650,  3, 326.51, 19.104999999999563
146749, 20981.9450,  3, 272.54, 21.090000000000146
146863, 21004.9500,  3, 335.56, 11.724999999998545
146877, 21006.4100,  3, 321.24, 13.169999999998254
146879, 21006.6150,  3, 351.49, 13.419999999998254
146889, 21007.6600,  3, 315.57, 14.430000000000291
146918, 21010.6800,  3, 317.23, 17.395000000000437
146934, 21012.3450,  3, 300.52, 19.139999999999418
147036, 21022.9700,  3, 277.37, 29.779999999998836
147039, 21023.2850,  3, 284.73, 30.090000000000146
147155, 21046.2900,  1, -172.62, 11.979999999999563
147155, 21046.2900,  1, -153.45, 11.979999999999563
147162, 21047.0200,  1, -143.33, 12.709999999999127
147162, 21047.0200,  1, -169.47, 12.709999999999127
147178, 21048.6850,  3, 293.49, 14.364999999997963
147266, 21057.8550,  3, 290.96, 23.539999999997235
147266, 21057.8550,  3, 291.78, 23.489999999997963
147340, 21065.5600,  3, 277.56, 31.154999999998836
147408, 21083.7750,  1, -126.83, 6.975000000002183
147408, 21083.7750,  1, -152.49, 6.975000000002183
147411, 21084.0900,  1, -111.39, 7.290000000000873
147411, 21084.0900,  1, -176.98, 7.290000000000873
147481, 21091.3800,  3, 340.42, 14.479999999999563
147487, 21092.0050,  3, 306.25, 15.135000000002037
147584, 21102.1100,  3, 291.19, 25.215000000000146
147688, 21112.9450,  3, 288.63, 36.13999999999942
147761, 21131.6800,  1, -169.90, 7.5
147761, 21131.6800,  1, -120.41, 7.5
147818, 21137.6150,  3, 337.95, 13.404999999998836
147823, 21138.1400,  3, 334.56, 13.924999999999272
147879, 21143.9700,  3, 309.57, 19.775000000001455
147881, 21144.1800,  3, 299.46, 19.93999999999869
147884, 21144.4900,  3, 314.39, 20.284999999999854
147939, 21150.2200,  3, 275.00, 25.950000000000728
147999, 21167.5050,  1, -159.78, 6.145000000000437
147999, 21167.5050,  1, -121.27, 6.145000000000437
148081, 21176.0500,  3, 335.91, 14.604999999999563
148093, 21177.3000,  3, 319.47, 15.840000000000146
148097, 21177.7150,  3, 313.24, 16.32999999999811
148106, 21178.6500,  3, 309.45, 17.229999999999563
148126, 21180.7350,  3, 319.83, 19.349999999998545
148272, 21195.9450,  3, 238.95, 34.55500000000029
148356, 21215.7000,  1, -156.36, 8.645000000000437
148356, 21215.7000,  1, -148.07, 8.645000000000437
148399, 21220.1800,  3, 323.86, 13.110000000000582
148402, 21220.4900,  3, 338.52, 13.380000000001019
148442, 21224.6600,  3, 309.63, 17.595000000001164
148447, 21225.1800,  3, 308.69, 18.05500000000029
148494, 21230.0750,  3, 323.46, 22.950000000000728
148532, 21234.0350,  3, 266.43, 26.88000000000102
148622, 21254.6650,  1, -183.80, 9.270000000000437
148622, 21254.6650,  1, -97.71, 9.270000000000437
148654, 21258.0000,  3, 331.89, 12.514999999999418
148671, 21259.7700,  3, 335.11, 14.31499999999869
148671, 21259.7700,  3, 329.09, 14.354999999999563
148682, 21260.9150,  3, 328.58, 15.489999999997963
148732, 21266.1250,  3, 308.52, 20.674999999999272
148735, 21266.4350,  3, 287.19, 20.970000000001164
148806, 21285.0800,  1, -145.56, 7.2850000000034925
148806, 21285.0800,  1, -146.40, 7.2850000000034925
148817, 21286.2300,  1, -199.87, 8.43500000000131
148817, 21286.2300,  1, -78.82, 8.43500000000131
148892, 21294.0400,  3, 342.02, 16.2300000000032
148898, 21294.6650,  3, 313.64, 16.780000000002474
148938, 21298.8300,  3, 349.60, 21.030000000002474
149024, 21307.7900,  3, 301.81, 29.960000000002765
149079, 21324.6150,  1, -134.01, 5.625
149079, 21324.6150,  1, -123.19, 5.625
149091, 21325.8650,  1, -127.32, 6.875
149091, 21325.8650,  1, -152.42, 6.875
149107, 21327.5350,  1, -142.34, 8.544999999998254
149107, 21327.5350,  1, -163.41, 8.544999999998254
149182, 21335.3450,  3, 317.95, 16.294999999998254
149262, 21343.6800,  3, 303.89, 24.62999999999738
149400, 21369.0700,  1, -211.22, 14.270000000000437
149400, 21369.0700,  1, -111.43, 14.270000000000437
149409, 21370.0050,  3, 313.80, 15.130000000001019
149410, 21370.1100,  3, 308.20, 15.270000000000437
149430, 21372.1950,  3, 302.62, 17.334999999999127
149444, 21373.6500,  3, 305.95, 18.75500000000102
149471, 21376.4650,  3, 296.71, 21.600000000002183
149518, 21381.3600,  3, 294.61, 26.514999999999418
149584, 21399.0800,  1, -130.32, 6.765000000003056
149584, 21399.0800,  1, -164.17, 6.765000000003056
149657, 21406.6850,  3, 323.51, 14.305000000000291
149670, 21408.0400,  3, 309.30, 15.700000000000728
149689, 21410.0200,  3, 337.81, 17.6150000000016
149726, 21413.8750,  3, 282.81, 21.5
149742, 21415.5400,  3, 298.61, 23.159999999999854
149743, 21415.6450,  3, 325.05, 23.325000000000728
149797, 21432.5050,  1, -133.20, 5.520000000000437
149797, 21432.5050,  1, -124.43, 5.520000000000437
149839, 21436.8800,  1, -174.80, 9.895000000000437
149839, 21436.8800,  1, -159.25, 9.895000000000437
149880, 21441.1500,  3, 316.54, 14.1349999999984
149885, 21441.6750,  3, 321.12, 14.604999999999563
149950, 21448.4450,  3, 292.92, 21.45499999999811
149955, 21448.9650,  3, 289.16, 21.904999999998836
150045, 21470.3000,  1, -102.01, 9.270000000000437
150045, 21470.3000,  1, -180.39, 9.270000000000437
150073, 21473.2150,  3, 342.10, 12.135000000002037
150112, 21477.2750,  3, 325.02, 16.145000000000437
150118, 21477.9000,  3, 309.93, 16.770000000000437
150148, 21481.0250,  3, 302.80, 19.950000000000728
150189, 21485.3000,  3, 312.17, 24.17500000000291
150209, 21487.3800,  3, 304.29, 26.330000000001746
150284, 21507.2400,  1, -175.99, 7.705000000001746
150284, 21507.2400,  1, -118.56, 7.705000000001746
150311, 21510.0550,  1, -153.52, 10.520000000000437
150311, 21510.0550,  1, -176.77, 10.520000000000437
150339, 21512.9700,  3, 333.55, 13.3849999999984
150345, 21513.5950,  3, 324.70, 13.970000000001164
150364, 21515.5750,  3, 304.25, 16.014999999999418
150384, 21517.6600,  3, 335.06, 18.080000000001746
150463, 21537.1250,  1, -156.21, 8.125
150463, 21537.1250,  1, -141.02, 8.125
150466, 21537.4350,  1, -144.95, 8.43500000000131
150466, 21537.4350,  1, -156.17, 8.43500000000131
150497, 21540.6650,  3, 342.78, 11.654999999998836
150516, 21542.6450,  3, 310.41, 13.6150000000016
150546, 21545.7700,  3, 276.02, 16.75500000000102
150558, 21547.0200,  3, 311.84, 17.94499999999971
150673, 21570.1100,  3, 319.44, 11.845000000001164
150674, 21570.2150,  3, 336.20, 11.930000000000291
150684, 21571.2550,  3, 341.26, 12.965000000000146
150722, 21575.2150,  3, 321.88, 16.875
150732, 21576.2550,  3, 287.40, 17.93999999999869
150747, 21577.8200,  3, 330.40, 19.514999999999418
150772, 21580.4250,  3, 287.54, 22.165000000000873
150849, 21588.4450,  3, 293.65, 30.13000000000102
150979, 21613.2300,  1, -147.40, 13.43999999999869
150979, 21613.2300,  1, -174.23, 13.43999999999869
150984, 21613.7500,  3, 311.40, 13.950000000000728
151024, 21617.9150,  3, 295.98, 18.024999999997817
151026, 21618.1250,  3, 325.35, 18.284999999999854
151047, 21620.3100,  3, 295.02, 20.485000000000582
151054, 21621.0400,  3, 293.74, 21.235000000000582
151060, 21621.6650,  3, 304.75, 21.784999999999854
151143, 21641.2900,  1, -160.13, 8.540000000000873
151143, 21641.2900,  1, -103.21, 8.540000000000873
151206, 21647.8550,  3, 338.30, 15.005000000001019
151209, 21648.1650,  3, 301.20, 15.360000000000582
151221, 21649.4150,  3, 321.42, 16.63000000000102
151229, 21650.2500,  3, 297.16, 17.49499999999898
151247, 21652.1250,  3, 313.21, 19.31999999999971
151306, 21658.2700,  3, 281.57, 25.415000000000873
151381, 21677.1400,  1, -173.28, 7.709999999999127
151381, 21677.1400,  1, -129.37, 7.709999999999127
151430, 21682.2400,  3, 335.04, 12.790000000000873
151446, 21683.9100,  3, 311.98, 14.3849999999984
151467, 21686.0950,  3, 287.94, 16.654999999998836
151493, 21688.8050,  3, 306.26, 19.299999999999272
151504, 21689.9500,  3, 284.89, 20.424999999999272
151618, 21701.8250,  3, 297.99, 32.38999999999942
151721, 21723.8900,  1, -143.84, 10.625
151721, 21723.8900,  1, -146.08, 10.625
151729, 21724.7200,  3, 358.49, 11.360000000000582
151738, 21725.6600,  1, -118.15, 12.395000000000437
151738, 21725.6600,  1, -182.88, 12.395000000000437
151746, 21726.4900,  1, -155.11, 13.225000000002183
151746, 21726.4900,  1, -157.34, 13.225000000002183
151853, 21737.6400,  3, 297.15, 24.290000000000873
151959, 21759.8450,  1, -91.48, 10.93500000000131
151959, 21759.8450,  1, -214.25, 10.93500000000131
151964, 21760.3650,  3, 346.05, 11.43500000000131
152006, 21764.7400,  3, 314.38, 15.744999999998981
152038, 21768.0750,  3, 319.81, 19.06000000000131
152053, 21769.6400,  3, 320.11, 20.705000000001746
152073, 21771.7200,  3, 297.96, 22.779999999998836
152092, 21773.7000,  3, 292.13, 24.775000000001455
152211, 21796.8600,  1, -125.67, 12.290000000000873
152211, 21796.8600,  1, -112.14, 12.290000000000873
152219, 21797.6950,  1, -178.40, 13.125
152219, 21797.6950,  1, -143.50, 13.125
152255, 21801.4450,  3, 310.47, 16.79500000000189
152312, 21807.3800,  3, 319.26, 22.729999999999563
152348, 21811.1300,  3, 316.24, 26.54500000000189
152372, 21813.6300,  3, 275.18, 28.9900000000016
152470, 21835.9150,  1, -113.62, 10.100000000002183
152470, 21835.9150,  1, -160.07, 10.100000000002183
152502, 21839.2500,  3, 336.93, 13.395000000000437
152539, 21843.1050,  3, 318.13, 17.210000000002765
152540, 21843.2050,  3, 309.79, 17.31999999999971
152551, 21844.3550,  3, 320.84, 18.485000000000582
152612, 21850.7050,  3, 296.59, 24.87000000000262
152652, 21854.8750,  3, 288.86, 29.015000000003056
152766, 21877.5950,  3, 341.08, 11.680000000000291
152784, 21879.4700,  3, 315.73, 13.594999999997526
152784, 21879.4700,  1, -179.30, 13.645000000000437
152784, 21879.4700,  1, -137.85, 13.645000000000437
152809, 21882.0750,  3, 303.70, 16.169999999998254
152809, 21882.0750,  3, 309.11, 16.169999999998254
152817, 21882.9100,  3, 297.24, 17.034999999999854
152841, 21885.4100,  3, 299.44, 19.540000000000873
152914, 21904.0400,  1, -159.93, 7.495000000002619
152914, 21904.0400,  1, -103.97, 7.495000000002619
152914, 21904.0400,  1, -159.13, 7.495000000002619
152914, 21904.0400,  1, -130.45, 7.495000000002619
152949, 21907.6850,  1, -129.47, 11.140000000003056
152949, 21907.6850,  1, -152.77, 11.140000000003056
153022, 21915.2900,  3, 320.08, 18.68000000000029
153067, 21919.9800,  3, 301.44, 23.385000000002037
153173, 21942.0550,  1, -160.53, 10.93999999999869
153173, 21942.0550,  1, -137.78, 10.93999999999869
153175, 21942.2650,  3, 339.94, 11.104999999999563
153193, 21944.1400,  3, 343.40, 12.929999999996653
153235, 21948.5150,  3, 316.97, 17.294999999998254
153247, 21949.7650,  3, 278.77, 18.584999999999127
153268, 21951.9500,  3, 318.28, 20.81499999999869
153286, 21953.8250,  3, 303.34, 22.609999999996944
153415, 21978.5050,  3, 333.58, 13.229999999999563
153457, 21982.8800,  3, 289.14, 17.650000000001455
153462, 21983.4000,  3, 306.75, 18.18000000000029
153471, 21984.3400,  3, 301.55, 19.11999999999898
153485, 21985.8000,  3, 280.88, 20.520000000000437
153493, 21986.6300,  3, 293.44, 21.350000000002183
153508, 21988.1950,  3, 320.22, 22.975000000002183
153527, 21990.1750,  3, 302.89, 24.94000000000233
153619, 22010.7200,  1, -189.32, 9.479999999999563
153619, 22010.7200,  1, -117.78, 9.479999999999563
153623, 22011.1400,  1, -176.15, 9.899999999997817
153623, 22011.1400,  1, -162.92, 9.899999999997817
153673, 22016.3450,  3, 327.33, 15.06499999999869
153771, 22026.5550,  3, 297.41, 25.279999999998836
153773, 22026.7650,  3, 269.78, 25.474999999998545
153796, 22029.1600,  3, 292.71, 27.82999999999811
153878, 22048.8200,  1, -149.55, 8.43500000000131
153878, 22048.8200,  1, -166.90, 8.43500000000131
153910, 22052.1500,  3, 336.11, 11.730000000003201
153919, 22053.0900,  3, 338.21, 12.67500000000291
153935, 22054.7550,  3, 319.31, 14.280000000002474
153942, 22055.4850,  3, 314.03, 15.0
153990, 22060.4850,  3, 312.68, 20.034999999999854
154005, 22062.0500,  3, 313.81, 21.590000000000146
154061, 22079.1100,  1, -130.00, 5.725000000002183
154061, 22079.1100,  1, -139.40, 5.725000000002183
154081, 22081.1950,  1, -151.15, 7.81000000000131
154081, 22081.1950,  1, -166.31, 7.81000000000131
154143, 22087.6500,  3, 320.80, 14.170000000001892
154169, 22090.3600,  3, 331.89, 16.94000000000233
154198, 22093.3800,  3, 293.34, 19.900000000001455
154207, 22094.3200,  3, 302.96, 20.845000000001164
154315, 22116.5750,  3, 350.74, 11.110000000000582
154327, 22117.8250,  3, 356.35, 12.345000000001164
154328, 22117.9300,  3, 335.43, 12.459999999999127
154331, 22118.2400,  3, 326.89, 12.744999999998981
154346, 22119.8050,  3, 316.36, 14.275000000001455
154387, 22124.0750,  3, 316.99, 18.55500000000029
154387, 22124.0750,  3, 308.81, 18.55500000000029
154393, 22124.7000,  3, 307.38, 19.24499999999898
154538, 22150.6300,  3, 314.47, 14.934999999997672
154540, 22150.8400,  3, 311.74, 15.154999999998836
154543, 22151.1500,  3, 308.05, 15.494999999998981
154547, 22151.5700,  3, 329.09, 15.875
154583, 22155.3200,  3, 322.76, 19.645000000000437
154593, 22156.3600,  3, 322.45, 20.659999999999854
154604, 22157.5050,  3, 307.82, 21.774999999997817
154615, 22158.6500,  3, 335.13, 22.985000000000582
154725, 22181.0950,  3, 342.01, 11.31000000000131
154726, 22181.2000,  3, 344.28, 11.420000000001892
154734, 22182.0350,  3, 332.62, 12.24500000000262
154745, 22183.1800,  3, 325.99, 13.405000000002474
154753, 22184.0150,  3, 298.52, 14.180000000000291
154836, 22192.6600,  3, 285.88, 22.835000000002765
154843, 22193.3900,  3, 291.23, 23.590000000000146
154845, 22193.5950,  3, 292.80, 23.75500000000102
154923, 22212.6600,  1, -143.69, 8.020000000000437
154923, 22212.6600,  1, -143.59, 8.020000000000437
154962, 22216.7200,  3, 323.83, 12.040000000000873
154997, 22220.3650,  3, 319.61, 15.625
155002, 22220.8900,  3, 292.89, 16.215000000000146
155029, 22223.7000,  3, 310.87, 19.029999999998836
155050, 22225.8900,  3, 261.59, 21.19000000000233
155174, 22238.8050,  3, 284.69, 34.154999999998836
155307, 22263.6600,  1, -149.74, 13.75
155307, 22263.6600,  1, -179.84, 13.75
155313, 22264.2850,  3, 323.52, 14.369999999998981
155356, 22268.7650,  3, 278.80, 18.845000000001164
155357, 22268.8650,  3, 319.28, 18.924999999999272
155380, 22271.2650,  3, 295.57, 21.279999999998836
155395, 22272.8250,  3, 288.31, 22.854999999999563
155420, 22275.4300,  3, 293.12, 25.424999999999272
155546, 22299.5800,  3, 322.12, 12.955000000001746
155550, 22300.0000,  3, 334.71, 13.390000000003056
155554, 22300.4150,  3, 314.17, 13.80000000000291
155564, 22301.4550,  3, 327.61, 14.81000000000131
155577, 22302.8100,  3, 308.52, 16.150000000001455
155598, 22305.0000,  3, 308.34, 18.335000000002765
155608, 22306.0400,  3, 285.98, 19.470000000001164
155609, 22306.1450,  3, 274.37, 19.520000000000437
155668, 22323.4150,  1, -130.33, 6.040000000000873
155668, 22323.4150,  1, -156.40, 6.040000000000873
155670, 22323.6250,  1, -149.98, 6.25
155670, 22323.6250,  1, -139.45, 6.25
155670, 22323.6250,  1, -148.99, 6.25
155670, 22323.6250,  1, -135.05, 6.25
155708, 22327.5800,  1, -169.27, 10.205000000001746
155708, 22327.5800,  1, -156.02, 10.205000000001746
155798, 22347.9500,  1, -171.59, 9.165000000000873
155798, 22347.9500,  1, -129.48, 9.165000000000873
155842, 22352.5350,  3, 323.80, 13.744999999998981
155851, 22353.4700,  3, 323.41, 14.625
155856, 22353.9900,  3, 321.66, 15.1349999999984
155884, 22356.9100,  3, 322.01, 18.11999999999898
155888, 22357.3250,  3, 303.70, 18.479999999999563
155926, 22361.2850,  3, 298.18, 22.409999999999854
156002, 22380.0750,  1, -158.51, 7.81000000000131
156002, 22380.0750,  1, -137.11, 7.81000000000131
156036, 22383.6150,  3, 345.82, 11.270000000000437
156041, 22384.1400,  3, 353.45, 11.784999999999854
156071, 22387.2650,  3, 310.20, 14.93500000000131
156077, 22387.8900,  3, 303.70, 15.580000000001746
156091, 22389.3450,  3, 308.35, 17.05500000000029
156129, 22393.3050,  3, 311.85, 20.965000000000146
156190, 22410.6300,  1, -141.28, 6.245000000002619
156190, 22410.6300,  1, -133.74, 6.245000000002619
156219, 22413.6500,  1, -123.43, 9.265000000003056
156219, 22413.6500,  1, -181.03, 9.265000000003056
156255, 22417.4000,  3, 332.95, 13.005000000001019
156259, 22417.8200,  3, 334.92, 13.335000000002765
156294, 22421.4650,  3, 259.66, 17.00500000000102
156408, 22433.3400,  3, 257.16, 28.94000000000233
156473, 22451.0900,  1, -161.91, 6.665000000000873
156473, 22451.0900,  1, -115.38, 6.665000000000873
156513, 22455.2550,  1, -144.75, 10.830000000001746
156513, 22455.2550,  1, -161.74, 10.830000000001746
156526, 22456.6100,  1, -89.90, 12.18500000000131
156526, 22456.6100,  1, -183.70, 12.18500000000131
156536, 22457.6500,  1, -126.88, 13.225000000002183
156536, 22457.6500,  1, -179.18, 13.225000000002183
156658, 22481.4850,  1, -130.31, 12.5
156658, 22481.4850,  1, -207.99, 12.5
156660, 22481.6950,  3, 327.66, 12.704999999998108
156665, 22482.2150,  3, 335.01, 13.165000000000873
156684, 22484.1950,  3, 308.10, 15.145000000000437
156685, 22484.3000,  3, 319.52, 15.229999999999563
156695, 22485.3400,  3, 286.84, 16.264999999999418
156913, 22508.0500,  3, 278.20, 39.029999999998836
157037, 22532.1450,  3, 337.32, 12.789999999997235
157040, 22532.4550,  3, 338.68, 13.109999999996944
157047, 22533.1850,  3, 343.50, 13.829999999998108
157050, 22533.5000,  3, 335.32, 14.12999999999738
157075, 22536.1050,  3, 308.62, 16.7599999999984
157109, 22539.6450,  3, 293.05, 20.239999999997963
157257, 22555.0600,  3, 279.59, 35.62999999999738
157276, 22557.0400,  3, 251.39, 37.625
157337, 22574.6250,  1, -138.52, 6.25
157337, 22574.6250,  1, -148.91, 6.25
157401, 22581.2900,  3, 328.00, 12.904999999998836
157418, 22583.0600,  3, 315.02, 14.650000000001455
157424, 22583.6850,  3, 327.16, 15.25
157426, 22583.8950,  3, 313.29, 15.470000000001164
157449, 22586.2900,  3, 313.30, 17.830000000001746
157686, 22610.9800,  3, 283.01, 42.55500000000029
157771, 22630.9000,  1, -185.25, 8.75
157771, 22630.9000,  1, -119.26, 8.75
157779, 22631.7350,  1, -177.06, 9.584999999999127
157779, 22631.7350,  1, -110.57, 9.584999999999127
157782, 22632.0500,  1, -186.30, 9.899999999997817
157782, 22632.0500,  1, -98.28, 9.899999999997817
157824, 22636.4250,  3, 310.00, 14.219999999997526
157908, 22645.1750,  3, 300.04, 22.989999999997963
158038, 22669.8400,  3, 334.80, 13.335000000002765
158043, 22670.3600,  1, -107.69, 13.955000000001746
158043, 22670.3600,  1, -175.01, 13.955000000001746
158045, 22670.5700,  3, 326.23, 14.155000000002474
158078, 22674.0050,  3, 313.19, 17.49500000000262
158095, 22675.7750,  3, 308.59, 19.330000000001746
158108, 22677.1300,  3, 306.80, 20.705000000001746
158113, 22677.6500,  3, 324.76, 21.150000000001455
158169, 22694.7200,  1, -125.44, 5.729999999999563
158169, 22694.7200,  1, -136.35, 5.729999999999563
158194, 22697.3250,  1, -126.46, 8.334999999999127
158194, 22697.3250,  1, -167.36, 8.334999999999127
158265, 22704.7200,  3, 332.09, 15.62999999999738
158281, 22706.3900,  3, 309.00, 17.299999999999272
158307, 22709.0950,  3, 309.43, 20.099999999998545
158372, 22715.8650,  3, 295.22, 26.849999999998545
158435, 22733.6600,  1, -145.39, 6.459999999999127
158435, 22733.6600,  1, -134.59, 6.459999999999127
158468, 22737.0950,  1, -190.05, 9.895000000000437
158468, 22737.0950,  1, -123.23, 9.895000000000437
158508, 22741.2650,  3, 326.39, 14.014999999999418
158564, 22747.0950,  3, 322.88, 19.82999999999811
158607, 22751.5750,  3, 291.19, 24.274999999997817
158610, 22751.8900,  3, 324.98, 24.590000000000146
158689, 22771.8750,  1, -144.76, 8.125
158689, 22771.8750,  1, -151.35, 8.125
158726, 22775.7300,  3, 335.71, 11.880000000001019
158733, 22776.4550,  3, 334.15, 12.645000000000437
158733, 22776.4550,  3, 334.99, 12.6349999999984
158734, 22776.5600,  3, 328.59, 12.735000000000582
158747, 22777.9150,  3, 323.19, 14.154999999998836
158797, 22783.1250,  3, 313.73, 19.340000000000146
158872, 22801.9100,  1, -173.69, 7.709999999999127
158872, 22801.9100,  1, -129.32, 7.709999999999127
158908, 22805.6600,  3, 341.03, 11.424999999999272
158920, 22806.9100,  3, 321.74, 12.700000000000728
158931, 22808.0550,  3, 304.15, 13.819999999999709
158934, 22808.3650,  3, 304.33, 14.145000000000437
158972, 22812.3250,  3, 297.65, 18.075000000000728
159018, 22817.1150,  3, 311.26, 22.889999999999418
159085, 22835.2150,  1, -154.10, 6.875
159085, 22835.2150,  1, -124.19, 6.875
159126, 22839.4850,  3, 343.89, 11.055000000000291
159146, 22841.5700,  3, 320.00, 13.150000000001455
159195, 22846.6750,  3, 312.53, 18.325000000000728
159204, 22847.6100,  3, 312.35, 19.224999999998545
159228, 22850.1100,  3, 291.03, 21.724999999998545
159245, 22851.8800,  3, 294.34, 23.470000000001164
159330, 22871.5250,  1, -179.21, 8.74500000000262
159330, 22871.5250,  1, -85.05, 8.74500000000262
159343, 22872.8800,  1, -176.82, 10.100000000002183
159343, 22872.8800,  1, -137.02, 10.100000000002183
159388, 22877.5700,  3, 321.52, 14.784999999999854
159404, 22879.2350,  3, 324.77, 16.42000000000189
159406, 22879.4450,  3, 332.96, 16.610000000000582
159422, 22881.1100,  3, 281.80, 18.264999999999418
159503, 22900.3750,  1, -172.93, 8.334999999999127
159503, 22900.3750,  1, -129.20, 8.334999999999127
159508, 22900.8950,  1, -165.16, 8.854999999999563
159508, 22900.8950,  1, -129.16, 8.854999999999563
159524, 22902.5600,  1, -178.53, 10.520000000000437
159524, 22902.5600,  1, -112.24, 10.520000000000437
159642, 22914.8550,  3, 298.64, 22.799999999999272
159731, 22924.1250,  3, 276.12, 32.05500000000029
159796, 22942.0600,  1, -138.14, 6.665000000000873
159796, 22942.0600,  1, -146.22, 6.665000000000873
159863, 22949.0400,  3, 325.58, 13.579999999998108
159876, 22950.3950,  3, 315.07, 14.895000000000437
159885, 22951.3300,  3, 291.52, 15.899999999997817
159893, 22952.1650,  3, 289.82, 16.75500000000102
159893, 22952.1650,  3, 316.76, 16.669999999998254
159947, 22957.7900,  3, 278.88, 22.340000000000146
160077, 22982.2700,  3, 327.48, 13.414999999997235
160091, 22983.7300,  3, 364.78, 14.859999999996944
160117, 22986.4350,  3, 330.32, 17.57999999999811
160130, 22987.7900,  3, 337.87, 18.854999999999563
160143, 22989.1450,  3, 295.96, 20.289999999997235
160147, 22989.5600,  3, 317.18, 20.669999999998254
160167, 22991.6450,  3, 303.81, 22.75499999999738
160180, 22993.0000,  3, 271.62, 24.099999999998545
160313, 23018.7750,  3, 333.79, 13.674999999999272
160322, 23019.7150,  3, 323.43, 14.599999999998545
160351, 23022.7350,  3, 299.07, 17.654999999998836
160369, 23024.6100,  3, 325.15, 19.489999999997963
160392, 23027.0050,  3, 284.48, 21.899999999997817
160424, 23030.3400,  3, 297.88, 25.25
160431, 23031.0700,  3, 290.50, 26.024999999997817
160645, 23053.3600,  3, 237.26, 48.294999999998254
160749, 23075.3100,  1, -192.95, 10.729999999999563
160749, 23075.3100,  1, -102.72, 10.729999999999563
160837, 23084.4800,  3, 350.18, 19.87999999999738
160855, 23086.3550,  3, 317.12, 21.729999999999563
160874, 23088.3300,  3, 299.80, 23.68499999999767
160893, 23090.3100,  3, 299.47, 25.679999999996653
160936, 23094.7900,  3, 305.52, 30.18499999999767
160977, 23099.0600,  3, 294.23, 34.45499999999811
161068, 23119.7550,  1, -119.45, 9.37000000000262
161068, 23119.7550,  1, -178.81, 9.37000000000262
161100, 23123.0900,  3, 343.85, 12.630000000001019
161123, 23125.4850,  3, 316.87, 15.095000000001164
161132, 23126.4250,  3, 316.91, 15.985000000000582
161136, 23126.8400,  3, 304.94, 16.360000000000582
161213, 23134.8600,  3, 277.76, 24.390000000003056
161330, 23147.0500,  3, 279.17, 36.650000000001455
161481, 23174.0050,  3, 326.39, 15.549999999999272
161490, 23174.9450,  3, 332.26, 16.489999999997963
161495, 23175.4650,  3, 324.39, 17.06999999999971
161579, 23184.2150,  3, 280.19, 25.75499999999738
161579, 23184.2150,  3, 304.84, 25.764999999999418
161596, 23185.9850,  3, 309.86, 27.524999999997817
161615, 23187.9650,  3, 275.26, 29.5099999999984
161645, 23191.0900,  3, 254.28, 32.64999999999782
161726, 23210.5200,  1, -130.89, 8.330000000001746
161726, 23210.5200,  1, -176.77, 8.330000000001746
161731, 23211.0400,  1, -154.33, 8.850000000002183
161731, 23211.0400,  1, -135.38, 8.850000000002183
161765, 23214.5800,  3, 337.11, 12.330000000001746
161794, 23217.6050,  3, 289.44, 15.405000000002474
161866, 23225.1050,  3, 304.35, 22.88000000000102
161933, 23232.0800,  3, 291.29, 29.81000000000131
162072, 23257.2750,  3, 342.42, 14.274999999997817
162082, 23258.3200,  3, 347.45, 15.329999999998108
162085, 23258.6300,  1, -140.43, 15.729999999999563
162085, 23258.6300,  1, -165.19, 15.729999999999563
162085, 23258.6300,  3, 316.45, 15.659999999999854
162137, 23264.0500,  3, 306.65, 21.05500000000029
162202, 23270.8200,  3, 277.94, 27.909999999999854
162220, 23272.6950,  3, 287.42, 29.74499999999898
162420, 23305.3450,  3, 299.37, 20.679999999996653
162434, 23306.8050,  3, 311.64, 22.164999999997235
162444, 23307.8450,  3, 302.71, 23.12999999999738
162464, 23309.9300,  3, 328.81, 25.215000000000146
162505, 23314.2000,  3, 275.45, 29.50499999999738
162530, 23316.8050,  3, 275.98, 32.099999999998545
162544, 23318.2650,  3, 301.69, 33.63999999999942
162566, 23320.5550,  3, 259.65, 35.83499999999913
162648, 23340.0950,  1, -184.13, 8.43500000000131
162648, 23340.0950,  1, -122.23, 8.43500000000131
162704, 23345.9300,  3, 350.14, 14.205000000001746
162714, 23346.9700,  3, 322.47, 15.215000000000146
162745, 23350.2000,  3, 337.26, 18.514999999999418
162749, 23350.6150,  3, 313.61, 18.889999999999418
162767, 23352.4900,  3, 291.99, 20.75500000000102
162873, 23363.5350,  3, 308.82, 31.860000000000582
163011, 23388.9000,  3, 319.10, 14.194999999999709
163020, 23389.8400,  3, 297.09, 15.145000000000437
163061, 23394.1100,  3, 295.18, 19.469999999997526
163062, 23394.2150,  3, 317.06, 19.50499999999738
163064, 23394.4250,  3, 332.86, 19.75
163066, 23394.6300,  3, 292.44, 19.93999999999869
163090, 23397.1300,  3, 290.59, 22.44499999999971
163121, 23400.3600,  3, 266.52, 25.70499999999811
163187, 23418.3300,  1, -155.11, 6.765000000003056
163187, 23418.3300,  1, -135.22, 6.765000000003056
163257, 23425.6250,  3, 307.66, 14.045000000001892
163270, 23426.9800,  3, 323.01, 15.395000000000437
163286, 23428.6450,  3, 318.55, 16.975000000002183
163302, 23430.3100,  3, 325.94, 18.659999999999854
163333, 23433.5400,  3, 316.85, 21.915000000000873
163356, 23435.9350,  3, 296.66, 24.345000000001164
163423, 23454.7050,  1, -142.77, 6.870000000002619
163423, 23454.7050,  1, -138.77, 6.870000000002619
163423, 23454.7050,  1, -146.47, 6.870000000002619
163423, 23454.7050,  1, -144.79, 6.870000000002619
163447, 23457.2050,  1, -172.55, 9.37000000000262
163447, 23457.2050,  1, -121.86, 9.37000000000262
163577, 23470.7500,  3, 307.81, 22.81500000000233
163615, 23474.7050,  3, 299.57, 26.81000000000131
163753, 23500.0700,  3, 323.77, 14.209999999999127
163777, 23502.5700,  3, 300.52, 16.67000000000189
163809, 23505.9000,  3, 292.49, 20.030000000002474
163813, 23506.3200,  3, 326.02, 20.42000000000189
163890, 23514.3400,  3, 297.24, 28.534999999999854
163924, 23517.8800,  3, 295.40, 31.979999999999563
163924, 23517.8800,  3, 259.28, 32.05500000000029
163980, 23523.7150,  3, 241.62, 37.86999999999898
164053, 23542.3300,  1, -178.49, 7.495000000002619
164053, 23542.3300,  1, -118.88, 7.495000000002619
164072, 23544.3100,  1, -170.39, 9.475000000002183
164072, 23544.3100,  1, -139.11, 9.475000000002183
164094, 23546.6050,  3, 332.72, 11.760000000002037
164095, 23546.7050,  3, 335.85, 11.780000000002474
164116, 23548.8950,  3, 294.30, 14.014999999999418
164132, 23550.5600,  3, 318.49, 15.715000000000146
164222, 23570.9550,  1, -134.00, 9.265000000003056
164222, 23570.9550,  1, -167.72, 9.265000000003056
164259, 23574.8100,  3, 344.52, 13.090000000000146
164260, 23574.9150,  3, 324.41, 13.180000000000291
164267, 23575.6450,  3, 315.25, 13.905000000002474
164268, 23575.7500,  3, 318.41, 13.965000000000146
164274, 23576.3750,  3, 329.14, 14.6150000000016
164394, 23588.8750,  3, 291.53, 27.13000000000102
164521, 23613.3200,  3, 320.31, 13.119999999998981
164550, 23616.3400,  3, 287.62, 16.04500000000189
164552, 23616.5500,  3, 311.35, 16.345000000001164
164568, 23618.2150,  3, 325.95, 18.010000000002037
164575, 23618.9450,  3, 317.12, 18.68999999999869
164579, 23619.3600,  3, 321.85, 19.06499999999869
164584, 23619.8800,  3, 292.19, 19.625
164615, 23623.1100,  3, 307.30, 22.834999999999127
164676, 23640.1650,  1, -150.97, 6.245000000002619
164676, 23640.1650,  1, -126.44, 6.245000000002619
164683, 23640.8950,  1, -132.01, 6.975000000002183
164683, 23640.8950,  1, -156.48, 6.975000000002183
164725, 23645.2700,  3, 340.05, 11.30000000000291
164756, 23648.5000,  3, 327.40, 14.56000000000131
164851, 23658.3950,  3, 308.33, 24.390000000003056
164967, 23670.4800,  3, 260.92, 36.455000000001746
165021, 23687.3050,  1, -134.72, 5.520000000000437
165021, 23687.3050,  1, -142.72, 5.520000000000437
165030, 23688.2400,  1, -119.53, 6.455000000001746
165030, 23688.2400,  1, -156.54, 6.455000000001746
165104, 23695.9500,  3, 324.68, 14.139999999999418
165121, 23697.7200,  3, 332.32, 15.909999999999854
165198, 23705.7400,  3, 304.11, 23.8849999999984
165284, 23714.7000,  3, 302.72, 32.909999999999854
165354, 23732.8100,  1, -155.41, 7.18500000000131
165354, 23732.8100,  1, -139.58, 7.18500000000131
165411, 23738.7500,  3, 314.41, 13.119999999998981
165426, 23740.3100,  3, 322.19, 14.674999999999272
165429, 23740.6250,  3, 325.26, 14.950000000000728
165451, 23742.9150,  3, 330.37, 17.284999999999854
165457, 23743.5400,  3, 313.13, 17.875
165477, 23745.6250,  3, 301.51, 19.915000000000873
165554, 23764.9500,  1, -184.32, 7.915000000000873
165554, 23764.9500,  1, -85.11, 7.915000000000873
165555, 23765.0550,  1, -108.73, 8.020000000000437
165555, 23765.0550,  1, -195.12, 8.020000000000437
165639, 23773.8050,  3, 329.07, 16.69499999999971
165644, 23774.3250,  3, 316.05, 17.2599999999984
165664, 23776.4100,  3, 330.73, 19.30500000000029
165665, 23776.5150,  3, 301.32, 19.424999999999272
165754, 23796.7650,  1, -144.12, 9.169999999998254
165754, 23796.7650,  1, -166.59, 9.169999999998254
165802, 23801.7650,  3, 319.67, 14.110000000000582
165806, 23802.1800,  3, 321.69, 14.57499999999709
165806, 23802.1800,  3, 353.05, 14.579999999998108
165807, 23802.2850,  3, 330.26, 14.669999999998254
165812, 23802.8050,  3, 325.05, 15.184999999997672
165842, 23805.9300,  3, 332.59, 18.284999999999854
165938, 23826.7200,  1, -145.33, 9.895000000000437
165938, 23826.7200,  1, -157.42, 9.895000000000437
165961, 23829.1150,  3, 341.78, 12.215000000000146
165963, 23829.3250,  3, 323.50, 12.474999999998545
165982, 23831.3050,  3, 319.14, 14.3849999999984
166012, 23834.4300,  3, 344.37, 17.57999999999811
166013, 23834.5350,  3, 316.72, 17.645000000000437
166033, 23836.6150,  3, 300.67, 19.774999999997817
166120, 23856.9500,  1, -166.98, 8.955000000001746
166120, 23856.9500,  1, -143.78, 8.955000000001746
166184, 23863.6150,  3, 289.52, 15.555000000000291
166211, 23866.4300,  3, 320.09, 18.37000000000262
166225, 23867.8900,  3, 298.77, 19.825000000000728
166258, 23871.3250,  3, 314.60, 23.260000000002037
166290, 23874.6600,  3, 264.74, 26.585000000002765
166316, 23877.3650,  3, 274.43, 29.29500000000189
166407, 23897.8100,  1, -181.90, 9.37000000000262
166407, 23897.8100,  1, -105.52, 9.37000000000262
166442, 23901.4550,  3, 332.57, 12.965000000000146
166442, 23901.4550,  3, 326.74, 12.950000000000728
166464, 23903.7500,  3, 318.98, 15.290000000000873
166478, 23905.2050,  3, 311.04, 16.68000000000029
166488, 23906.2500,  3, 307.29, 17.715000000000146
166532, 23910.8300,  3, 315.30, 22.340000000000146
166591, 23927.9850,  1, -154.78, 6.040000000000873
166591, 23927.9850,  1, -118.13, 6.040000000000873
166651, 23934.2350,  3, 313.21, 12.255000000001019
166654, 23934.5500,  3, 332.58, 12.56499999999869
166667, 23935.9000,  1, -215.09, 13.955000000001746
166667, 23935.9000,  1, -113.96, 13.955000000001746
166711, 23940.4850,  3, 275.40, 18.534999999999854
166750, 23944.5500,  3, 311.55, 22.534999999999854
166898, 23970.9900,  3, 340.36, 15.229999999999563
166919, 23973.1800,  3, 359.88, 17.395000000000437
166924, 23973.7000,  3, 318.73, 18.014999999999418
166951, 23976.5150,  3, 321.07, 20.81000000000131
166954, 23976.8250,  3, 295.16, 21.090000000000146
166956, 23977.0350,  3, 313.89, 21.264999999999418
166959, 23977.3450,  3, 294.60, 21.6349999999984
166966, 23978.0750,  3, 307.30, 22.325000000000728
167027, 23995.6450,  1, -121.36, 6.25
167027, 23995.6450,  1, -149.25, 6.25
167065, 23999.6050,  1, -125.00, 10.209999999999127
167065, 23999.6050,  1, -174.44, 10.209999999999127
167127, 24006.0600,  1, -184.46, 16.665000000000873
167127, 24006.0600,  1, -139.69, 16.665000000000873
167169, 24010.4350,  3, 303.52, 20.94499999999971
167251, 24018.9800,  3, 312.10, 29.520000000000437
167305, 24035.5550,  1, -132.41, 5.520000000000437
167305, 24035.5550,  1, -132.22, 5.520000000000437
167369, 24042.2200,  3, 344.70, 12.104999999999563
167393, 24044.7200,  3, 317.50, 14.665000000000873
167409, 24046.3900,  3, 310.93, 16.2599999999984
167413, 24046.8050,  3, 295.97, 16.75
167453, 24050.9700,  3, 289.08, 20.915000000000873
167474, 24053.1600,  3, 284.01, 23.049999999999272
167536, 24071.5150,  1, -160.96, 6.354999999999563
167536, 24071.5150,  1, -115.87, 6.354999999999563
167618, 24080.0550,  3, 306.38, 14.875
167634, 24081.7200,  3, 305.39, 16.540000000000873
167636, 24081.9300,  3, 301.09, 16.720000000001164
167640, 24082.3450,  3, 310.30, 17.1349999999984
167661, 24084.5350,  3, 298.15, 19.330000000001746
167681, 24086.6150,  3, 309.83, 21.415000000000873
167745, 24104.5150,  1, -112.66, 6.56499999999869
167745, 24104.5150,  1, -165.50, 6.56499999999869
167772, 24107.3250,  1, -171.04, 9.375
167772, 24107.3250,  1, -138.67, 9.375
167805, 24110.7650,  3, 328.73, 12.779999999998836
167824, 24112.7400,  3, 319.12, 14.735000000000582
167829, 24113.2650,  3, 318.54, 15.224999999998545
167885, 24119.0950,  3, 302.99, 21.1349999999984
167993, 24141.1850,  1, -134.17, 11.140000000003056
167993, 24141.1850,  1, -142.90, 11.140000000003056
168034, 24145.4550,  3, 322.69, 15.315000000002328
168063, 24148.4800,  3, 308.83, 18.345000000001164
168084, 24150.6650,  3, 309.47, 20.600000000002183
168099, 24152.2300,  3, 327.25, 22.145000000000437
168106, 24152.9550,  3, 269.47, 22.8650000000016
168194, 24162.1250,  3, 284.96, 31.985000000000582
168261, 24180.1300,  1, -155.01, 6.875
168261, 24180.1300,  1, -129.63, 6.875
168307, 24184.9250,  3, 328.73, 11.664999999997235
168326, 24186.9000,  3, 318.36, 13.599999999998545
168330, 24187.3200,  3, 331.78, 13.959999999999127
168344, 24188.7750,  3, 315.79, 15.474999999998545
168374, 24191.9000,  3, 300.59, 18.625
168381, 24192.6300,  3, 310.62, 19.274999999997817
168442, 24211.2050,  1, -146.74, 6.25
168442, 24211.2050,  1, -121.34, 6.25
168541, 24221.5200,  3, 314.70, 16.55999999999767
168556, 24223.0800,  3, 303.22, 18.114999999997963
168584, 24226.0000,  3, 331.04, 20.94999999999709
168587, 24226.3100,  3, 308.42, 21.2699999999968
168607, 24228.3950,  3, 312.22, 23.414999999997235
168612, 24228.9150,  3, 311.90, 23.929999999996653
168664, 24245.2400,  1, -131.13, 5.31000000000131
168664, 24245.2400,  1, -137.92, 5.31000000000131
168718, 24250.8650,  1, -101.50, 10.93500000000131
168718, 24250.8650,  1, -162.96, 10.93500000000131
168746, 24253.7850,  3, 323.09, 13.849999999998545
168774, 24256.7000,  3, 293.07, 16.739999999997963
168798, 24259.2000,  3, 296.78, 19.20499999999811
168848, 24264.4100,  3, 315.13, 24.400000000001455
168929, 24284.0700,  1, -160.58, 8.334999999999127
168929, 24284.0700,  1, -116.64, 8.334999999999127
168974, 24288.7550,  3, 323.95, 12.989999999997963
168980, 24289.3800,  3, 322.26, 13.639999999999418
168986, 24290.0050,  3, 338.19, 14.235000000000582
168998, 24291.2550,  3, 315.12, 15.494999999998981
169024, 24293.9650,  3, 314.75, 18.224999999998545
169025, 24294.0700,  3, 290.91, 18.235000000000582
169096, 24312.6850,  1, -159.94, 7.290000000000873
169096, 24312.6850,  1, -133.62, 7.290000000000873
169156, 24318.9350,  3, 315.66, 13.489999999997963
169166, 24319.9800,  3, 315.52, 14.505000000001019
169175, 24320.9150,  3, 331.06, 15.459999999999127
169214, 24324.9800,  3, 281.88, 19.5
169249, 24328.6250,  3, 280.26, 23.18999999999869
169314, 24335.3950,  3, 302.31, 29.899999999997817
169391, 24354.5250,  1, -160.33, 7.915000000000873
169391, 24354.5250,  1, -123.01, 7.915000000000873
169447, 24360.3600,  3, 319.97, 13.709999999999127
169471, 24362.8600,  3, 313.08, 16.215000000000146
169471, 24362.8600,  3, 308.00, 16.215000000000146
169477, 24363.4850,  3, 306.74, 16.794999999998254
169515, 24367.4450,  3, 301.67, 20.790000000000873
169604, 24376.7150,  3, 289.34, 30.049999999999272
169678, 24395.3800,  1, -150.33, 7.604999999999563
169678, 24395.3800,  1, -143.68, 7.604999999999563
169697, 24397.3600,  1, -163.87, 9.584999999999127
169697, 24397.3600,  1, -138.03, 9.584999999999127
169769, 24404.8600,  3, 347.48, 17.049999999999272
169772, 24405.1750,  3, 311.07, 17.334999999999127
169842, 24412.4650,  3, 281.96, 24.674999999999272
169850, 24413.3000,  3, 274.28, 25.44999999999709
169913, 24430.7150,  1, -162.02, 6.459999999999127
169913, 24430.7150,  1, -121.97, 6.459999999999127
169924, 24431.8600,  1, -136.83, 7.604999999999563
169924, 24431.8600,  1, -152.24, 7.604999999999563
169974, 24437.0700,  3, 330.02, 12.735000000000582
170005, 24440.3000,  3, 291.68, 16.0099999999984
170023, 24442.1750,  3, 328.49, 17.895000000000437
170049, 24444.8800,  3, 312.83, 20.61999999999898
170140, 24466.2000,  1, -153.56, 9.375
170140, 24466.2000,  1, -164.87, 9.375
170181, 24470.4700,  3, 328.01, 13.56499999999869
170191, 24471.5150,  3, 312.37, 14.665000000000873
170192, 24471.6150,  3, 329.41, 14.784999999999854
170202, 24472.6600,  3, 321.46, 15.739999999997963
170223, 24474.8450,  3, 319.12, 17.919999999998254
170227, 24475.2650,  3, 291.11, 18.409999999999854
170296, 24494.5750,  1, -117.58, 7.084999999999127
170296, 24494.5750,  1, -166.25, 7.084999999999127
170374, 24502.7000,  3, 337.60, 15.119999999998981
170383, 24503.6400,  3, 297.10, 16.1349999999984
170384, 24503.7400,  3, 335.43, 16.224999999998545
170388, 24504.1600,  3, 313.98, 16.664999999997235
170394, 24504.7850,  3, 296.75, 17.215000000000146
170433, 24508.8450,  3, 258.71, 21.2599999999984
170495, 24526.5350,  1, -142.10, 6.354999999999563
170495, 24526.5350,  1, -152.21, 6.354999999999563
170542, 24531.4300,  3, 323.64, 11.169999999998254
170562, 24533.5150,  3, 322.51, 13.279999999998836
170567, 24534.0350,  3, 299.66, 13.840000000000146
170596, 24537.0550,  3, 302.04, 16.81000000000131
170606, 24538.0950,  3, 299.75, 17.8849999999984
170631, 24540.7000,  3, 313.18, 20.43000000000029
170706, 24559.5000,  1, -156.03, 7.709999999999127
170706, 24559.5000,  1, -142.40, 7.709999999999127
170708, 24559.7050,  1, -139.38, 7.915000000000873
170708, 24559.7050,  1, -158.37, 7.915000000000873
170717, 24560.6450,  1, -146.76, 8.854999999999563
170717, 24560.6450,  1, -160.54, 8.854999999999563
170778, 24567.0000,  3, 300.87, 15.145000000000437
170824, 24571.7900,  3, 287.93, 19.979999999999563
170918, 24592.5200,  1, -175.75, 9.68500000000131
170918, 24592.5200,  1, -158.78, 9.68500000000131
170938, 24594.6050,  3, 351.24, 11.755000000001019
170965, 24597.4150,  3, 300.20, 14.5
170976, 24598.5600,  3, 297.80, 15.655000000002474
171010, 24602.1050,  3, 314.41, 19.235000000000582
171026, 24603.7700,  3, 301.46, 20.900000000001455
171053, 24606.5800,  3, 310.85, 23.709999999999127
171119, 24624.4250,  1, -137.32, 6.774999999997817
171119, 24624.4250,  1, -133.53, 6.774999999997817
171143, 24626.9250,  1, -114.58, 9.274999999997817
171143, 24626.9250,  1, -175.04, 9.274999999997817
171187, 24631.5050,  3, 353.97, 13.834999999999127
171235, 24636.5050,  3, 314.33, 18.7599999999984
171279, 24641.0900,  3, 293.95, 23.375
171283, 24641.5050,  3, 297.97, 23.834999999999127
171351, 24660.3300,  1, -127.53, 6.975000000002183
171351, 24660.3300,  1, -162.45, 6.975000000002183
171351, 24660.3300,  1, -148.50, 6.975000000002183
171351, 24660.3300,  1, -145.17, 6.975000000002183
171413, 24666.7900,  3, 315.43, 13.345000000001164
171437, 24669.2900,  3, 314.26, 15.900000000001455
171462, 24671.8950,  3, 276.75, 18.5
171513, 24677.2050,  3, 295.31, 23.75
171625, 24700.7750,  3, 337.54, 11.485000000000582
171635, 24701.8200,  3, 339.76, 12.599999999998545
171643, 24702.6500,  3, 328.35, 13.389999999999418
171644, 24702.7550,  3, 339.74, 13.43999999999869
171658, 24704.2150,  3, 336.94, 14.895000000000437
171670, 24705.4650,  3, 319.93, 16.2400000000016
171714, 24710.0500,  3, 310.35, 20.825000000000728
171792, 24718.1750,  3, 277.79, 28.93500000000131
171913, 24741.8650,  3, 353.54, 12.405000000002474
171925, 24743.1150,  3, 318.55, 13.729999999999563
171948, 24745.5150,  3, 308.31, 16.04500000000189
171962, 24746.9700,  3, 306.09, 17.540000000000873
171988, 24749.6800,  3, 287.71, 20.260000000002037
172009, 24751.8650,  3, 342.69, 22.485000000000582
172032, 24754.2650,  3, 297.10, 24.860000000000582
172067, 24757.9100,  3, 284.36, 28.514999999999418
172214, 24784.2550,  3, 331.27, 15.155000000002474
172225, 24785.4000,  3, 316.72, 16.31999999999971
172247, 24787.6950,  3, 310.09, 18.55500000000029
172258, 24788.8400,  3, 295.24, 19.7400000000016
172258, 24788.8400,  3, 296.24, 19.75
172290, 24792.1750,  3, 305.43, 23.025000000001455
172299, 24793.1100,  3, 278.99, 23.959999999999127
172304, 24793.6300,  3, 309.84, 24.525000000001455
172382, 24813.6400,  1, -153.61, 8.020000000000437
172382, 24813.6400,  1, -158.75, 8.020000000000437
172432, 24818.8450,  3, 340.36, 13.159999999999854
172447, 24820.4100,  3, 319.48, 14.68500000000131
172457, 24821.4500,  3, 325.85, 15.790000000000873
172470, 24822.8050,  3, 290.64, 17.13000000000102
172567, 24832.9100,  3, 267.27, 27.2400000000016
172618, 24838.2200,  3, 295.68, 32.50500000000102
172681, 24855.8250,  1, -143.28, 6.455000000001746
172681, 24855.8250,  1, -123.88, 6.455000000001746
172731, 24861.0350,  3, 339.28, 11.595000000001164
172738, 24861.7650,  3, 339.20, 12.315000000002328
172757, 24863.7400,  3, 329.77, 14.270000000000437
172761, 24864.1600,  3, 319.06, 14.715000000000146
172805, 24868.7400,  3, 288.26, 19.29500000000189
172838, 24872.1800,  3, 286.44, 22.75500000000102
172921, 24891.6650,  1, -170.68, 8.540000000000873
172921, 24891.6650,  1, -135.47, 8.540000000000873
172959, 24895.6250,  1, -169.34, 12.5
172959, 24895.6250,  1, -164.70, 12.5
173008, 24900.7300,  3, 309.01, 17.529999999998836
173047, 24904.7900,  3, 274.44, 21.56000000000131
173079, 24908.1250,  3, 284.23, 24.9900000000016
173121, 24912.5000,  3, 288.35, 29.275000000001455
173206, 24933.1800,  1, -166.06, 8.75
173206, 24933.1800,  1, -155.12, 8.75
173222, 24934.8450,  1, -167.87, 10.415000000000873
173222, 24934.8450,  1, -150.63, 10.415000000000873
173266, 24939.4300,  3, 323.13, 14.974999999998545
173278, 24940.6800,  3, 333.45, 16.20499999999811
173283, 24941.2000,  3, 311.37, 16.7599999999984
173303, 24943.2850,  3, 301.29, 18.794999999998254
173371, 24961.1800,  1, -119.07, 6.979999999999563
173371, 24961.1800,  1, -154.10, 6.979999999999563
173492, 24973.7850,  3, 282.08, 19.520000000000437
173509, 24975.5550,  3, 270.29, 21.294999999998254
173518, 24976.4900,  3, 288.83, 22.274999999997817
173533, 24978.0550,  3, 286.43, 23.81999999999971
173546, 24979.4100,  3, 304.15, 25.165000000000873
173624, 24987.5350,  3, 287.42, 33.279999999998836
173684, 25004.8900,  1, -122.39, 6.145000000000437
173684, 25004.8900,  1, -144.74, 6.145000000000437
173704, 25006.9700,  1, -124.30, 8.225000000002183
173704, 25006.9700,  1, -191.52, 8.225000000002183
173707, 25007.2850,  1, -164.06, 8.540000000000873
173707, 25007.2850,  1, -138.56, 8.540000000000873
173723, 25008.9500,  1, -172.86, 10.205000000001746
173723, 25008.9500,  1, -166.31, 10.205000000001746
173788, 25026.9500,  1, -151.25, 6.56000000000131
173788, 25026.9500,  1, -123.64, 6.56000000000131
173840, 25032.3650,  3, 343.92, 11.920000000001892
173841, 25032.4700,  3, 335.13, 12.020000000000437
173857, 25034.1400,  3, 332.40, 13.665000000000873
173860, 25034.4500,  3, 329.14, 13.979999999999563
173866, 25035.0750,  3, 323.08, 14.680000000000291
173892, 25037.7850,  3, 305.92, 17.350000000002183
173962, 25056.1600,  1, -158.79, 7.18999999999869
173962, 25056.1600,  1, -130.96, 7.18999999999869
174026, 25062.8250,  3, 321.21, 13.849999999998545
174039, 25064.1800,  3, 318.15, 15.164999999997235
174042, 25064.4900,  3, 342.12, 15.485000000000582
174073, 25067.7200,  3, 333.75, 18.645000000000437
174133, 25073.9700,  3, 297.71, 24.909999999999854
174143, 25075.0150,  3, 319.09, 25.959999999999127
174258, 25098.0900,  3, 355.27, 11.799999999999272
174266, 25098.9250,  3, 330.86, 12.674999999999272
174281, 25100.4850,  3, 335.04, 14.169999999998254
174297, 25102.1500,  3, 330.88, 15.924999999999272
174300, 25102.4650,  3, 272.75, 16.200000000000728
174338, 25106.4250,  3, 270.03, 20.11999999999898
174363, 25109.0250,  3, 302.53, 22.794999999998254
174452, 25118.3000,  3, 289.01, 32.07500000000073
174513, 25135.4700,  1, -137.17, 6.245000000002619
174513, 25135.4700,  1, -137.21, 6.245000000002619
174524, 25136.6150,  1, -124.32, 7.390000000003056
174524, 25136.6150,  1, -161.61, 7.390000000003056
174568, 25141.2000,  1, -163.79, 11.975000000002183
174568, 25141.2000,  1, -170.67, 11.975000000002183
174593, 25143.8050,  3, 332.45, 14.485000000000582
174671, 25151.9300,  3, 310.38, 22.63000000000102
174752, 25172.2500,  1, -138.89, 8.334999999999127
174752, 25172.2500,  1, -181.97, 8.334999999999127
174775, 25174.6450,  3, 351.99, 10.684999999997672
174780, 25175.1650,  3, 350.70, 11.194999999999709
174793, 25176.5200,  3, 326.03, 12.590000000000146
174799, 25177.1450,  3, 344.99, 13.159999999999854
174804, 25177.6650,  3, 336.77, 13.715000000000146
174836, 25181.0000,  3, 300.11, 17.044999999998254
174910, 25199.6300,  1, -170.50, 7.600000000002183
174910, 25199.6300,  1, -113.91, 7.600000000002183
174939, 25202.6500,  1, -131.79, 10.62000000000262
174939, 25202.6500,  1, -180.07, 10.62000000000262
174945, 25203.2750,  3, 340.13, 11.18500000000131
174970, 25205.8800,  3, 353.76, 13.790000000000873
175017, 25210.7750,  3, 316.83, 18.705000000001746
175033, 25212.4450,  3, 310.53, 20.37000000000262
175090, 25229.5900,  1, -134.76, 5.834999999999127
175090, 25229.5900,  1, -140.10, 5.834999999999127
175150, 25235.8400,  3, 343.70, 12.049999999999272
175197, 25240.7350,  3, 294.88, 16.95499999999811
175206, 25241.6750,  3, 314.32, 17.8849999999984
175210, 25242.0900,  3, 287.21, 18.25
175288, 25250.2150,  3, 292.17, 26.36999999999898
175354, 25257.0900,  3, 273.87, 33.31499999999869
175487, 25281.7300,  3, 316.64, 13.725000000002183
175493, 25282.3550,  3, 321.29, 14.284999999999854
175502, 25283.2900,  3, 303.64, 15.244999999998981
175522, 25285.3750,  3, 334.88, 17.30500000000029
175571, 25290.4800,  3, 300.40, 22.415000000000873
175580, 25291.4150,  3, 329.80, 23.42000000000189
175628, 25296.4150,  3, 294.61, 28.334999999999127
175702, 25304.1250,  3, 261.29, 36.13999999999942
175776, 25323.7850,  1, -164.78, 7.604999999999563
175776, 25323.7850,  1, -130.80, 7.604999999999563
175820, 25328.3650,  3, 331.54, 12.154999999998836
175846, 25331.0750,  3, 314.40, 14.805000000000291
175849, 25331.3900,  3, 312.37, 15.104999999999563
175860, 25332.5350,  3, 314.86, 16.299999999999272
175951, 25342.0150,  3, 287.96, 25.735000000000582
176035, 25350.7650,  3, 271.69, 34.56999999999971
176092, 25367.8050,  1, -155.42, 5.830000000001746
176092, 25367.8050,  1, -125.13, 5.830000000001746
176115, 25370.2000,  1, -142.55, 8.225000000002183
176115, 25370.2000,  1, -157.35, 8.225000000002183
176182, 25377.1800,  3, 344.39, 15.135000000002037
176189, 25377.9100,  3, 317.62, 15.885000000002037
176201, 25379.1600,  3, 303.79, 17.145000000000437
176241, 25383.3250,  3, 321.90, 21.290000000000873
176335, 25404.0200,  1, -111.45, 9.68999999999869
176335, 25404.0200,  1, -179.56, 9.68999999999869
176372, 25407.8750,  3, 322.85, 13.489999999997963
176383, 25409.0200,  3, 329.14, 14.584999999999127
176392, 25409.9550,  3, 329.07, 15.619999999998981
176398, 25410.5800,  3, 302.02, 16.159999999999854
176406, 25411.4150,  3, 285.93, 17.014999999999418
176408, 25411.6250,  3, 330.09, 17.229999999999563
176516, 25433.9450,  1, -162.83, 11.145000000000437
176516, 25433.9450,  1, -113.06, 11.145000000000437
176521, 25434.4650,  3, 333.99, 11.655000000002474
176550, 25437.4850,  3, 331.80, 14.635000000002037
176553, 25437.8000,  3, 325.85, 14.895000000000437
176565, 25439.0500,  3, 309.02, 16.220000000001164
176657, 25448.6300,  3, 289.46, 25.760000000002037
176657, 25448.6300,  3, 306.58, 25.780000000002474
176721, 25466.5350,  1, -129.27, 6.56000000000131
176721, 25466.5350,  1, -152.23, 6.56000000000131
176767, 25471.3250,  3, 347.61, 11.319999999999709
176773, 25471.9500,  3, 341.09, 11.930000000000291
176788, 25473.5150,  3, 339.03, 13.465000000000146
176809, 25475.7000,  3, 326.84, 15.680000000000291
176809, 25475.7000,  3, 313.94, 15.720000000001164
176918, 25487.0550,  3, 317.21, 26.985000000000582
177032, 25510.1600,  3, 332.41, 11.709999999999127
177050, 25512.0350,  3, 341.83, 13.619999999998981
177057, 25512.7650,  3, 295.95, 14.299999999999272
177079, 25515.0550,  3, 314.95, 16.575000000000728
177091, 25516.3050,  3, 311.16, 17.81999999999971
177109, 25518.1800,  3, 319.79, 19.69499999999971
177111, 25518.3900,  3, 303.57, 19.94499999999971
177203, 25527.9700,  3, 304.05, 29.55500000000029
177310, 25550.0800,  3, 336.52, 10.974999999998545
177355, 25554.7700,  3, 333.72, 15.649999999997817
177357, 25554.9800,  3, 310.49, 15.924999999999272
177358, 25555.0800,  3, 325.55, 16.024999999997817
177373, 25556.6450,  3, 327.47, 17.575000000000728
177402, 25559.6650,  1, -168.40, 20.625
177402, 25559.6650,  1, -159.18, 20.625
177412, 25560.7050,  3, 318.93, 21.645000000000437
177475, 25578.0600,  1, -135.67, 6.455000000001746
177475, 25578.0600,  1, -154.79, 6.455000000001746
177516, 25582.3300,  3, 343.62, 10.715000000000146
177539, 25584.7300,  3, 315.43, 13.1150000000016
177609, 25592.0200,  3, 304.91, 20.31999999999971
177617, 25592.8550,  3, 284.04, 21.209999999999127
177677, 25599.1050,  3, 287.36, 27.459999999999127
177788, 25610.6650,  3, 263.54, 38.99499999999898
177861, 25629.4800,  1, -127.84, 7.5
177861, 25629.4800,  1, -164.26, 7.5
177931, 25636.7700,  3, 323.95, 14.729999999999563
177945, 25638.2300,  3, 316.25, 16.159999999999854
177949, 25638.6450,  3, 319.95, 16.625
177955, 25639.2700,  3, 299.08, 17.209999999999127
178057, 25649.8950,  3, 292.43, 27.895000000000437
178075, 25651.7700,  3, 278.16, 29.700000000000728
178185, 25674.1650,  3, 336.64, 11.335000000002765
178207, 25676.4550,  3, 333.07, 13.600000000002183
178220, 25677.8100,  3, 340.93, 14.975000000002183
178268, 25682.8100,  3, 302.92, 19.960000000002765
178307, 25686.8750,  3, 309.78, 23.955000000001746
178340, 25690.3100,  3, 275.97, 27.44499999999971
178353, 25691.6650,  3, 286.20, 28.840000000000146
178356, 25691.9800,  3, 296.55, 29.13000000000102
178420, 25709.5000,  1, -152.26, 6.56499999999869
178420, 25709.5000,  1, -113.63, 6.56499999999869
178462, 25713.8750,  1, -170.83, 10.93999999999869
178462, 25713.8750,  1, -126.34, 10.93999999999869
178488, 25716.5800,  3, 326.18, 13.639999999999418
178493, 25717.1050,  3, 332.36, 14.069999999999709
178493, 25717.1050,  3, 336.94, 14.079999999998108
178497, 25717.5200,  3, 320.41, 14.529999999998836
178570, 25736.2750,  1, -122.52, 7.5
178570, 25736.2750,  1, -164.09, 7.5
178598, 25739.1950,  1, -171.87, 10.419999999998254
178598, 25739.1950,  1, -123.45, 10.419999999998254
178614, 25740.8600,  3, 339.97, 12.00499999999738
178620, 25741.4850,  3, 329.41, 12.609999999996944
178660, 25745.6500,  3, 318.18, 16.794999999998254
178670, 25746.6950,  3, 310.37, 17.86999999999898
178780, 25768.9350,  3, 336.84, 11.330000000001746
178789, 25769.8750,  3, 322.74, 12.255000000001019
178795, 25770.5000,  3, 334.38, 12.905000000002474
178803, 25771.3300,  3, 363.18, 13.729999999999563
178809, 25771.9550,  3, 313.95, 14.299999999999272
178829, 25774.0400,  3, 295.97, 16.350000000002183
178854, 25776.6450,  3, 316.78, 19.034999999999854
178855, 25776.7500,  3, 323.24, 19.06500000000233
178935, 25796.8550,  1, -162.82, 8.229999999999563
178935, 25796.8550,  1, -157.05, 8.229999999999563
178979, 25801.4350,  3, 321.63, 12.7400000000016
179008, 25804.4550,  3, 292.92, 15.735000000000582
179020, 25805.7050,  3, 318.86, 17.029999999998836
179027, 25806.4350,  3, 331.53, 17.715000000000146
179081, 25812.0600,  3, 310.54, 23.330000000001746
179107, 25814.7700,  3, 277.77, 26.139999999999418
179250, 25840.5600,  3, 315.18, 14.724999999998545
179257, 25841.2900,  3, 315.20, 15.485000000000582
179260, 25841.6050,  3, 306.82, 15.829999999998108
179271, 25842.7500,  3, 288.23, 16.909999999999854
179274, 25843.0600,  3, 320.34, 17.270000000000437
179274, 25843.0600,  3, 309.25, 17.229999999999563
179304, 25846.1850,  3, 318.43, 20.409999999999854
179368, 25852.8550,  3, 288.59, 27.049999999999272
179473, 25874.7900,  1, -122.48, 10.834999999999127
179473, 25874.7900,  1, -188.34, 10.834999999999127
179479, 25875.4150,  3, 335.55, 11.354999999999563
179538, 25881.5600,  3, 278.64, 17.549999999999272
179541, 25881.8750,  3, 278.18, 17.889999999999418
179554, 25883.2300,  3, 299.35, 19.234999999996944
179566, 25884.4800,  3, 293.02, 20.5199999999968
179693, 25897.7050,  3, 286.14, 33.72999999999956
179796, 25919.2750,  3, 341.99, 10.565000000002328
179800, 25919.6950,  3, 337.99, 10.9900000000016
179825, 25922.3000,  3, 314.30, 13.56000000000131
179845, 25924.3800,  3, 327.05, 15.710000000002765
179853, 25925.2150,  3, 300.39, 16.55000000000291
179854, 25925.3200,  3, 309.83, 16.645000000000437
179962, 25936.5700,  3, 302.73, 27.845000000001164
179973, 25937.7150,  3, 289.41, 28.965000000000146
180087, 25960.6300,  3, 327.16, 11.75
180102, 25962.1950,  3, 329.24, 13.239999999997963
180121, 25964.1750,  3, 296.46, 15.244999999998981
180123, 25964.3800,  3, 321.92, 15.465000000000146
180158, 25968.0250,  3, 336.07, 19.125
180174, 25969.6950,  3, 316.59, 20.799999999999272
180209, 25973.3400,  3, 281.97, 24.3849999999984
180212, 25973.6500,  3, 303.77, 24.715000000000146
180273, 25991.2300,  1, -142.36, 6.25
180273, 25991.2300,  1, -146.32, 6.25
180298, 25993.8300,  1, -121.54, 8.850000000002183
180298, 25993.8300,  1, -183.72, 8.850000000002183
180337, 25997.8950,  3, 348.37, 12.81000000000131
180362, 26000.5000,  3, 327.68, 15.505000000001019
180373, 26001.6450,  3, 319.13, 16.639999999999418
180427, 26007.2700,  3, 286.85, 22.275000000001455
180502, 26027.1450,  1, -167.42, 7.709999999999127
180502, 26027.1450,  1, -92.83, 7.709999999999127
180513, 26028.2900,  1, -158.37, 8.854999999999563
180513, 26028.2900,  1, -161.50, 8.854999999999563
180553, 26032.4550,  3, 323.88, 13.014999999999418
180612, 26038.6050,  3, 317.43, 19.114999999997963
180623, 26039.7500,  3, 296.17, 20.219999999997526
180625, 26039.9550,  3, 279.04, 20.5
180686, 26057.4250,  1, -152.86, 6.25
180686, 26057.4250,  1, -120.33, 6.25
180688, 26057.6300,  1, -155.25, 6.455000000001746
180688, 26057.6300,  1, -134.51, 6.455000000001746
180692, 26058.0500,  1, -156.07, 6.875
180692, 26058.0500,  1, -112.74, 6.875
180834, 26072.8400,  3, 285.97, 21.56500000000233
180867, 26076.2750,  3, 298.13, 25.00500000000102
180975, 26098.7350,  3, 346.30, 11.095000000001164
180997, 26101.0250,  3, 321.66, 13.419999999998254
181035, 26104.9850,  3, 313.19, 17.31999999999971
181038, 26105.3000,  3, 302.16, 17.68000000000029
181041, 26105.6100,  3, 317.04, 18.0
181088, 26110.5050,  3, 306.83, 22.825000000000728
181124, 26114.2550,  3, 299.18, 26.650000000001455
181142, 26116.1300,  3, 284.65, 28.43500000000131
181203, 26134.2200,  1, -134.08, 6.245000000002619
181203, 26134.2200,  1, -134.64, 6.245000000002619
181214, 26135.3650,  1, -178.00, 7.390000000003056
181214, 26135.3650,  1, -107.73, 7.390000000003056
181264, 26140.5750,  3, 328.09, 12.515000000003056
181284, 26142.6600,  3, 323.72, 14.600000000002183
181306, 26144.9500,  3, 322.80, 16.900000000001455
181331, 26147.5550,  3, 317.82, 19.50500000000102
181402, 26166.0600,  1, -169.26, 7.290000000000873
181402, 26166.0600,  1, -112.40, 7.290000000000873
181475, 26173.6650,  3, 327.11, 14.825000000000728
181477, 26173.8750,  3, 304.34, 15.014999999999418
181518, 26178.1450,  3, 297.41, 19.294999999998254
181527, 26179.0800,  3, 322.16, 20.239999999997963
181552, 26181.6850,  3, 302.70, 22.875
181567, 26183.2500,  3, 285.96, 24.424999999999272
181674, 26205.6400,  3, 349.22, 10.950000000000728
181698, 26208.1400,  3, 344.76, 13.475000000002183
181699, 26208.2400,  3, 337.00, 13.635000000002037
181703, 26208.6600,  3, 346.11, 13.9900000000016
181726, 26211.0550,  3, 344.34, 16.415000000000873
181765, 26215.1150,  3, 308.62, 20.50500000000102
181779, 26216.5750,  3, 277.29, 21.93000000000029
181800, 26218.7650,  3, 306.03, 24.100000000002183
181860, 26235.9350,  1, -131.68, 6.145000000000437
181860, 26235.9350,  1, -143.90, 6.145000000000437
181932, 26243.4350,  3, 336.66, 13.594999999997526
181937, 26243.9550,  3, 328.69, 14.084999999999127
181941, 26244.3750,  3, 307.52, 14.544999999998254
181968, 26247.1850,  3, 312.37, 17.344999999997526
181978, 26248.2300,  3, 290.78, 18.3849999999984
182027, 26253.3300,  3, 300.66, 23.479999999999563
182118, 26274.5600,  1, -163.66, 9.375
182118, 26274.5600,  1, -150.37, 9.375
182154, 26278.3100,  3, 328.63, 13.099999999998545
182166, 26279.5600,  3, 328.81, 14.31499999999869
182183, 26281.3300,  3, 295.37, 16.06999999999971
182231, 26286.3300,  3, 314.99, 21.109999999996944
182270, 26290.3950,  3, 279.16, 25.104999999999563
182279, 26291.3300,  3, 298.35, 26.12999999999738
182452, 26320.3050,  3, 345.50, 17.81500000000233
182453, 26320.4100,  3, 327.87, 17.975000000002183
182454, 26320.5150,  3, 310.06, 18.06500000000233
182459, 26321.0350,  3, 294.18, 18.584999999999127
182484, 26323.6400,  3, 304.69, 21.205000000001746
182561, 26331.6600,  3, 299.27, 29.174999999999272
182568, 26332.3900,  3, 319.83, 29.950000000000728
182702, 26346.3450,  3, 280.71, 43.93000000000029
182765, 26363.8250,  1, -129.45, 6.455000000001746
182765, 26363.8250,  1, -149.17, 6.455000000001746
182788, 26366.2200,  1, -127.38, 8.850000000002183
182788, 26366.2200,  1, -186.52, 8.850000000002183
182835, 26371.1150,  3, 334.38, 13.68500000000131
182876, 26375.3900,  1, -185.14, 18.020000000000437
182883, 26376.1150,  3, 318.26, 18.69499999999971
182894, 26377.2650,  3, 310.52, 19.860000000000582
183020, 26401.4000,  3, 317.21, 12.924999999999272
183029, 26402.3400,  3, 305.65, 13.8849999999984
183072, 26406.8200,  3, 301.82, 18.364999999997963
183083, 26407.9650,  3, 321.96, 19.549999999999272
183095, 26409.2150,  3, 307.18, 20.784999999999854
183105, 26410.2550,  3, 332.42, 21.779999999998836
183107, 26410.4650,  3, 283.64, 22.029999999998836
183114, 26411.1950,  3, 307.53, 22.799999999999272
183225, 26433.7150,  3, 334.03, 11.444999999999709
183239, 26435.1750,  1, -152.97, 12.919999999998254
183239, 26435.1750,  1, -140.56, 12.919999999998254
183251, 26436.4250,  3, 316.53, 14.075000000000728
183261, 26437.4650,  3, 312.73, 15.174999999999272
183306, 26442.1500,  3, 311.10, 19.87999999999738
183307, 26442.2550,  3, 318.83, 19.93999999999869
183323, 26443.9250,  3, 299.63, 21.56499999999869
183412, 26464.3200,  1, -193.56, 9.169999999998254
183412, 26464.3200,  1, -104.10, 9.169999999998254
183441, 26467.3400,  3, 337.04, 12.154999999998836
183457, 26469.0050,  3, 314.82, 13.789999999997235
183475, 26470.8800,  3, 340.66, 15.664999999997235
183513, 26474.8400,  3, 309.23, 19.674999999999272
183518, 26475.3600,  3, 298.21, 20.19499999999971
183573, 26481.0900,  3, 304.57, 25.854999999999563
183639, 26498.8100,  1, -169.85, 6.765000000003056
183639, 26498.8100,  1, -112.47, 6.765000000003056
183682, 26503.2900,  3, 342.36, 11.18500000000131
183711, 26506.3100,  3, 321.26, 14.24500000000262
183712, 26506.4150,  3, 299.42, 14.355000000003201
183740, 26509.3300,  3, 326.18, 17.265000000003056
183741, 26509.4350,  3, 315.34, 17.290000000000873
183741, 26509.4350,  3, 330.71, 17.31000000000131
183852, 26532.0800,  3, 330.49, 11.380000000001019
183861, 26533.0200,  3, 341.37, 12.334999999999127
183874, 26534.3750,  3, 332.82, 13.650000000001455
183887, 26535.7300,  3, 332.81, 15.044999999998254
183917, 26538.8550,  3, 301.97, 18.125
183923, 26539.4800,  3, 306.19, 18.81499999999869
183925, 26539.6850,  3, 293.93, 19.00500000000102
184047, 26552.3950,  3, 304.76, 31.75
184120, 26571.0950,  1, -123.96, 7.495000000002619
184120, 26571.0950,  1, -161.45, 7.495000000002619
184159, 26575.1600,  3, 329.37, 11.505000000001019
184166, 26575.8900,  3, 325.45, 12.265000000003056
184166, 26575.8900,  3, 340.12, 12.275000000001455
184207, 26580.1600,  3, 325.92, 16.55000000000291
184217, 26581.2000,  3, 302.12, 17.510000000002037
184232, 26582.7650,  3, 324.84, 19.125
184302, 26601.1650,  1, -134.28, 7.18500000000131
184302, 26601.1650,  1, -164.88, 7.18500000000131
184309, 26601.8950,  1, -129.88, 7.915000000000873
184309, 26601.8950,  1, -153.62, 7.915000000000873
184386, 26609.9150,  3, 331.22, 15.885000000002037
184391, 26610.4350,  3, 330.37, 16.354999999999563
184406, 26612.0000,  3, 310.39, 17.959999999999127
184491, 26620.8550,  3, 280.72, 26.834999999999127
184599, 26643.3250,  3, 355.69, 11.119999999998981
184626, 26646.1400,  3, 324.23, 13.930000000000291
184627, 26646.2400,  3, 321.52, 13.979999999999563
184644, 26648.0150,  3, 326.88, 15.81499999999869
184650, 26648.6400,  3, 314.56, 16.3849999999984
184651, 26648.7400,  3, 328.41, 16.520000000000437
184676, 26651.3450,  3, 316.85, 19.06499999999869
184706, 26654.4700,  3, 304.06, 22.20499999999811
184819, 26677.4450,  1, -155.61, 11.665000000000873
184819, 26677.4450,  1, -153.30, 11.665000000000873
184820, 26677.5500,  3, 351.08, 11.7400000000016
184830, 26678.5900,  3, 331.97, 12.784999999999854
184833, 26678.9000,  3, 309.40, 13.075000000000728
184845, 26680.1500,  3, 327.04, 14.340000000000146
184850, 26680.6750,  3, 323.87, 14.889999999999418
184911, 26687.0250,  3, 281.68, 21.17000000000189
184972, 26704.4500,  1, -153.96, 6.25
184972, 26704.4500,  1, -131.10, 6.25
185027, 26710.1800,  3, 323.38, 11.880000000001019
185030, 26710.4900,  3, 341.09, 12.200000000000728
185038, 26711.3250,  3, 315.86, 13.110000000000582
185053, 26712.8900,  3, 336.67, 14.6349999999984
185088, 26716.5350,  3, 323.57, 18.284999999999854
185150, 26722.9900,  3, 306.70, 24.700000000000728
185245, 26743.9800,  1, -119.55, 9.790000000000873
185245, 26743.9800,  1, -193.59, 9.790000000000873
185284, 26748.0400,  3, 319.61, 13.80000000000291
185306, 26750.3300,  3, 304.96, 16.1150000000016
185306, 26750.3300,  3, 295.04, 16.06500000000233
185313, 26751.0600,  3, 334.68, 16.81500000000233
185327, 26752.5200,  3, 316.57, 18.270000000000437
185343, 26754.1850,  3, 311.39, 19.909999999999854
185463, 26777.6600,  3, 366.40, 12.360000000000582
185464, 26777.7650,  3, 343.17, 12.420000000001892
185484, 26779.8450,  3, 307.60, 14.525000000001455
185493, 26780.7850,  3, 296.50, 15.450000000000728
185494, 26780.8900,  3, 297.17, 15.610000000000582
185505, 26782.0350,  3, 305.59, 16.735000000000582
185604, 26792.3450,  3, 284.95, 27.075000000000728
185627, 26794.7400,  3, 295.20, 29.459999999999127
185746, 26818.1400,  3, 312.68, 12.279999999998836
185754, 26818.9700,  3, 328.67, 13.069999999999709
185764, 26820.0150,  3, 311.00, 14.159999999999854
185770, 26820.6400,  3, 318.81, 14.694999999999709
185803, 26824.0750,  3, 296.87, 18.125
185848, 26828.7650,  3, 278.80, 22.82999999999811
185873, 26831.3650,  3, 287.54, 25.419999999998254
185931, 26837.4100,  3, 314.05, 31.50499999999738
185998, 26855.3100,  1, -133.11, 6.875
185998, 26855.3100,  1, -157.25, 6.875
186018, 26857.3950,  1, -126.15, 8.959999999999127
186018, 26857.3950,  1, -184.21, 8.959999999999127
186068, 26862.6050,  3, 326.01, 14.125
186090, 26864.8950,  3, 340.88, 16.37999999999738
186119, 26867.9150,  3, 319.93, 19.43499999999767
186479, 26905.4150,  3, 245.16, 56.965000000000146
186534, 26922.1300,  1, -129.62, 5.625
186534, 26922.1300,  1, -131.04, 5.625
186551, 26923.9000,  1, -162.67, 7.395000000000437
186551, 26923.9000,  1, -130.63, 7.395000000000437
186590, 26927.9650,  3, 351.15, 11.399999999997817
186612, 26930.2550,  3, 315.45, 13.739999999997963
186621, 26931.1950,  3, 292.08, 14.610000000000582
186783, 26948.0700,  1, -173.43, 31.56499999999869
186842, 26965.4350,  1, -154.23, 6.040000000000873
186842, 26965.4350,  1, -132.00, 6.040000000000873
186849, 26966.1650,  1, -112.05, 6.770000000000437
186849, 26966.1650,  1, -168.58, 6.770000000000437
186930, 26974.6050,  3, 298.48, 15.139999999999418
186933, 26974.9150,  3, 335.36, 15.505000000001019
186965, 26978.2500,  3, 338.31, 18.81999999999971
187041, 26986.1650,  3, 309.80, 26.729999999999563
187107, 27004.8050,  1, -164.05, 6.770000000000437
187107, 27004.8050,  1, -119.09, 6.770000000000437
187157, 27010.0150,  3, 329.56, 11.915000000000873
187173, 27011.6800,  3, 318.94, 13.630000000001019
187220, 27016.5750,  3, 301.09, 18.5
187238, 27018.4500,  3, 331.29, 20.3650000000016
187256, 27020.3250,  3, 301.34, 22.235000000000582
187299, 27024.8050,  3, 304.10, 26.68999999999869
187390, 27045.3900,  1, -118.76, 9.375
187390, 27045.3900,  1, -187.73, 9.375
187407, 27047.1600,  3, 324.69, 11.100000000002183
187427, 27049.2400,  3, 312.42, 13.215000000000146
187444, 27051.0150,  3, 333.82, 14.970000000001164
187493, 27056.1150,  3, 289.12, 20.075000000000728
187536, 27060.5950,  3, 284.60, 24.540000000000873
187558, 27062.8900,  3, 296.13, 26.850000000002183
187662, 27084.5600,  1, -149.58, 10.729999999999563
187662, 27084.5600,  1, -117.25, 10.729999999999563
187682, 27086.6450,  3, 334.00, 12.789999999997235
187695, 27088.0000,  3, 286.87, 14.159999999999854
187712, 27089.7700,  3, 309.85, 15.909999999999854
187737, 27092.3750,  3, 312.79, 18.43999999999869
187758, 27094.5600,  3, 296.91, 20.674999999999272
187811, 27100.0800,  3, 305.21, 26.219999999997526
187918, 27122.0500,  3, 340.69, 10.93999999999869
187925, 27122.7750,  3, 327.39, 11.719999999997526
187934, 27123.7150,  3, 345.81, 12.6349999999984
187958, 27126.2150,  3, 323.39, 15.184999999997672
187964, 27126.8400,  3, 329.22, 15.784999999999854
188029, 27133.6100,  3, 299.74, 22.594999999997526
188032, 27133.9250,  3, 310.73, 22.864999999997963
188085, 27139.4450,  3, 274.64, 28.399999999997817
188193, 27161.9000,  3, 337.06, 11.139999999999418
188201, 27162.7350,  3, 336.57, 11.919999999998254
188215, 27164.1950,  3, 334.95, 13.334999999999127
188215, 27164.1950,  3, 333.38, 13.434999999997672
188238, 27166.5900,  3, 295.23, 15.789999999997235
188270, 27169.9250,  3, 303.78, 19.06999999999971
188278, 27170.7550,  3, 302.91, 19.99499999999898
188292, 27172.2150,  3, 314.83, 21.36999999999898
188360, 27190.2300,  1, -133.74, 6.979999999999563
188360, 27190.2300,  1, -139.14, 6.979999999999563
188361, 27190.3300,  1, -107.67, 7.080000000001746
188361, 27190.3300,  1, -177.52, 7.080000000001746
188418, 27196.2700,  3, 333.00, 12.970000000001164
188436, 27198.1450,  3, 314.02, 14.834999999999127
188452, 27199.8100,  3, 343.36, 16.520000000000437
188463, 27200.9550,  3, 328.37, 17.645000000000437
188527, 27218.7550,  1, -168.87, 6.56000000000131
188527, 27218.7550,  1, -117.58, 6.56000000000131
188571, 27223.3400,  3, 355.27, 11.099999999998545
188572, 27223.4450,  3, 344.87, 11.150000000001455
188573, 27223.5500,  3, 331.03, 11.345000000001164
188584, 27224.6950,  3, 342.97, 12.404999999998836
188612, 27227.6100,  3, 309.77, 15.385000000002037
188776, 27244.6950,  3, 285.27, 32.48500000000058
188833, 27261.6150,  1, -122.09, 5.830000000001746
188833, 27261.6150,  1, -134.28, 5.830000000001746
188835, 27261.8250,  1, -139.49, 6.040000000000873
188835, 27261.8250,  1, -132.20, 6.040000000000873
188924, 27271.0950,  3, 310.30, 15.264999999999418
188935, 27272.2400,  3, 291.05, 16.360000000000582
188938, 27272.5550,  3, 337.27, 16.7400000000016
188944, 27273.1800,  3, 319.25, 17.354999999999563
189062, 27296.5700,  3, 331.03, 12.094999999997526
189071, 27297.5050,  3, 349.28, 13.094999999997526
189083, 27298.7550,  3, 308.91, 14.360000000000582
189088, 27299.2750,  3, 315.41, 14.829999999998108
189099, 27300.4250,  3, 325.02, 15.985000000000582
189100, 27300.5250,  3, 321.26, 16.06499999999869
189116, 27302.1950,  3, 311.16, 17.75
189166, 27307.4000,  3, 313.83, 22.924999999999272
189243, 27326.5050,  1, -101.15, 7.915000000000873
189243, 27326.5050,  1, -179.15, 7.915000000000873
189272, 27329.5250,  3, 334.69, 10.869999999998981
189274, 27329.7350,  3, 339.03, 11.075000000000728
189304, 27332.8600,  3, 313.01, 14.180000000000291
189381, 27340.8800,  3, 300.99, 22.25500000000102
189463, 27349.4250,  3, 305.37, 30.790000000000873
189528, 27356.1950,  3, 289.42, 37.52000000000044
189642, 27379.0800,  3, 347.15, 11.680000000000291
189656, 27380.5400,  3, 334.53, 13.1349999999984
189657, 27380.6450,  3, 331.49, 13.299999999999272
189670, 27382.0000,  3, 324.41, 14.584999999999127
189686, 27383.6650,  3, 304.98, 16.294999999998254
189700, 27385.1250,  3, 318.72, 17.74499999999898
189709, 27386.0600,  3, 317.23, 18.649999999997817
189737, 27388.9800,  3, 282.91, 21.609999999996944
189797, 27406.3200,  1, -134.76, 6.145000000000437
189797, 27406.3200,  1, -132.57, 6.145000000000437
189854, 27412.2550,  3, 349.40, 12.010000000002037
189919, 27419.0250,  3, 305.63, 18.790000000000873
189924, 27419.5500,  3, 299.39, 19.275000000001455
189950, 27422.2550,  3, 271.35, 22.06500000000233
189950, 27422.2550,  3, 293.15, 22.06000000000131
189965, 27423.8200,  3, 302.11, 23.549999999999272
190047, 27443.3800,  1, -144.94, 8.43500000000131
190047, 27443.3800,  1, -166.64, 8.43500000000131
190085, 27447.3400,  3, 330.30, 12.345000000001164
190095, 27448.3800,  3, 307.87, 13.354999999999563
190100, 27448.9000,  3, 346.94, 13.93999999999869
190123, 27451.3000,  3, 310.92, 16.284999999999854
190242, 27463.6950,  3, 296.16, 28.7400000000016
190311, 27470.8800,  3, 253.09, 35.89500000000044
190364, 27487.1600,  1, -128.45, 5.415000000000873
190364, 27487.1600,  1, -128.55, 5.415000000000873
190364, 27487.1600,  1, -134.72, 5.415000000000873
190364, 27487.1600,  1, -126.23, 5.415000000000873
190387, 27489.5550,  1, -170.55, 7.81000000000131
190387, 27489.5550,  1, -129.16, 7.81000000000131
190420, 27492.9900,  1, -112.19, 11.24500000000262
190420, 27492.9900,  1, -160.44, 11.24500000000262
190494, 27511.4350,  1, -157.63, 7.5
190494, 27511.4350,  1, -123.92, 7.5
190544, 27516.6450,  3, 334.52, 12.609999999996944
190555, 27517.7900,  3, 332.57, 13.770000000000437
190575, 27519.8750,  3, 300.56, 15.919999999998254
190648, 27527.4800,  3, 312.84, 23.529999999998836
190652, 27527.8950,  3, 310.80, 23.8849999999984
190694, 27532.2700,  3, 292.75, 28.264999999999418
190767, 27550.8300,  1, -143.76, 7.5
190767, 27550.8300,  1, -144.83, 7.5
190777, 27551.8750,  1, -178.08, 8.544999999998254
190777, 27551.8750,  1, -120.86, 8.544999999998254
190801, 27554.3750,  3, 351.61, 10.954999999998108
190815, 27555.8300,  1, -150.91, 12.5
190815, 27555.8300,  1, -138.74, 12.5
190855, 27560.0000,  3, 322.19, 16.609999999996944
190934, 27579.1650,  1, -166.35, 8.125
190934, 27579.1650,  1, -142.41, 8.125
190969, 27582.8100,  3, 326.51, 11.735000000000582
190978, 27583.7500,  3, 340.98, 12.62999999999738
190988, 27584.7900,  3, 336.92, 13.739999999997963
191051, 27591.3550,  3, 329.48, 20.270000000000437
191062, 27592.5000,  3, 300.12, 21.354999999999563
191149, 27601.5600,  3, 307.21, 30.514999999999418
191219, 27620.8750,  1, -171.06, 7.18500000000131
191219, 27620.8750,  1, -118.46, 7.18500000000131
191271, 27626.2900,  3, 330.83, 12.580000000001746
191301, 27629.4150,  3, 317.05, 15.665000000000873
191308, 27630.1450,  3, 321.80, 16.409999999999854
191312, 27630.5600,  3, 319.20, 16.80500000000029
191325, 27631.9150,  3, 328.31, 18.205000000001746
191339, 27633.3750,  3, 309.25, 19.590000000000146
191406, 27651.4550,  1, -144.53, 6.870000000002619
191406, 27651.4550,  1, -130.82, 6.870000000002619
191414, 27652.2900,  1, -180.64, 7.705000000001746
191414, 27652.2900,  1, -113.90, 7.705000000001746
191458, 27656.8750,  3, 340.31, 12.194999999999709
191481, 27659.2700,  3, 321.44, 14.674999999999272
191510, 27662.2900,  3, 306.05, 17.610000000000582
191514, 27662.7050,  3, 308.76, 18.075000000000728
191610, 27683.6750,  1, -193.99, 9.895000000000437
191610, 27683.6750,  1, -94.11, 9.895000000000437
191625, 27685.2350,  3, 341.70, 11.375
191644, 27687.2150,  3, 345.34, 13.430000000000291
191717, 27694.8200,  3, 269.07, 20.975000000002183
191722, 27695.3400,  3, 284.38, 21.55500000000029
191724, 27695.5500,  3, 317.97, 21.715000000000146
191749, 27698.1500,  3, 285.98, 24.3650000000016
191858, 27720.4000,  3, 345.04, 11.220000000001164
191861, 27720.7150,  3, 342.51, 11.510000000002037
191876, 27722.2750,  3, 349.07, 13.110000000000582
191877, 27722.3800,  3, 320.46, 13.220000000001164
191881, 27722.8000,  3, 306.64, 13.545000000001892
191898, 27724.5700,  3, 320.32, 15.325000000000728
191999, 27735.0900,  3, 310.10, 25.915000000000873
192035, 27738.8400,  3, 314.61, 29.610000000000582
192098, 27756.3300,  1, -127.49, 6.455000000001746
192098, 27756.3300,  1, -153.78, 6.455000000001746
192156, 27762.3750,  3, 320.86, 12.4900000000016
192163, 27763.1050,  3, 325.62, 13.220000000001164
192183, 27765.1850,  3, 311.39, 15.255000000001019
192192, 27766.1250,  3, 316.51, 16.18000000000029
192257, 27772.8950,  3, 293.94, 22.93000000000029
192283, 27775.6050,  3, 316.91, 25.69499999999971
192357, 27794.2350,  1, -152.80, 7.604999999999563
192357, 27794.2350,  1, -133.05, 7.604999999999563
192398, 27798.5050,  3, 334.56, 11.849999999998545
192425, 27801.3200,  3, 332.43, 14.584999999999127
192432, 27802.0500,  3, 333.07, 15.369999999998981
192468, 27805.8000,  3, 325.62, 19.090000000000146
192472, 27806.2150,  3, 323.78, 19.56499999999869
192501, 27809.2350,  3, 297.14, 22.5
192582, 27828.7700,  1, -169.07, 8.330000000001746
192582, 27828.7700,  1, -145.96, 8.330000000001746
192640, 27834.8100,  3, 330.88, 14.270000000000437
192660, 27836.8950,  3, 350.68, 16.375
192689, 27839.9150,  3, 326.18, 19.400000000001455
192697, 27840.7500,  3, 302.56, 20.260000000002037
192703, 27841.3750,  3, 288.08, 20.900000000001455
192720, 27843.1450,  3, 328.95, 22.635000000002037
192784, 27861.8200,  1, -159.07, 6.56000000000131
192784, 27861.8200,  1, -138.72, 6.56000000000131
192840, 27867.6500,  3, 327.54, 12.330000000001746
192844, 27868.0700,  3, 326.61, 12.720000000001164
192853, 27869.0050,  3, 338.79, 13.640000000003056
192859, 27869.6300,  3, 321.78, 14.355000000003201
192875, 27871.3000,  3, 330.63, 16.010000000002037
192914, 27875.3600,  3, 304.48, 20.030000000002474
192975, 27892.5950,  1, -117.49, 6.25
192975, 27892.5950,  1, -157.78, 6.25
193033, 27898.6400,  1, -154.06, 12.294999999998254
193033, 27898.6400,  1, -124.85, 12.294999999998254
193065, 27901.9700,  3, 307.41, 15.57499999999709
193070, 27902.4900,  3, 317.73, 16.11999999999898
193075, 27903.0150,  3, 312.37, 16.56999999999971
193152, 27911.0350,  3, 283.42, 24.664999999997235
193246, 27931.8900,  1, -175.09, 9.68999999999869
193246, 27931.8900,  1, -106.85, 9.68999999999869
193260, 27933.3450,  3, 331.87, 11.119999999998981
193261, 27933.4500,  3, 344.66, 11.174999999999272
193275, 27934.9100,  3, 337.95, 12.610000000000582
193279, 27935.3250,  3, 328.02, 13.044999999998254
193314, 27938.9700,  3, 309.51, 16.674999999999272
193318, 27939.3900,  3, 303.25, 17.114999999997963
193381, 27957.0550,  1, -120.07, 6.459999999999127
193381, 27957.0550,  1, -162.17, 6.459999999999127
193429, 27962.0550,  3, 320.61, 11.395000000000437
193439, 27963.0950,  3, 341.40, 12.430000000000291
193445, 27963.7200,  3, 328.24, 13.059999999997672
193471, 27966.4300,  3, 322.95, 15.7599999999984
193488, 27968.2000,  3, 294.46, 17.599999999998545
193499, 27969.3450,  3, 321.02, 18.724999999998545
193629, 27993.7850,  3, 320.64, 13.430000000000291
193641, 27995.0350,  3, 340.77, 14.580000000001746
193656, 27996.5950,  3, 320.86, 16.150000000001455
193657, 27996.7000,  3, 312.11, 16.280000000002474
193696, 28000.7650,  3, 316.09, 20.350000000002183
193718, 28003.0550,  3, 287.37, 22.645000000000437
193735, 28004.8250,  3, 317.44, 24.43000000000029
193846, 28016.3900,  3, 280.97, 35.965000000000146
193910, 28033.8750,  1, -165.01, 6.56000000000131
193910, 28033.8750,  1, -117.93, 6.56000000000131
193926, 28035.5400,  1, -171.83, 8.225000000002183
193926, 28035.5400,  1, -133.70, 8.225000000002183
193978, 28040.9550,  3, 337.63, 13.595000000001164
193979, 28041.0600,  3, 322.22, 13.705000000001746
194049, 28048.3550,  3, 298.44, 20.99500000000262
194129, 28056.6850,  3, 300.22, 29.280000000002474
194258, 28080.9700,  3, 305.09, 13.244999999998981
194272, 28082.4300,  3, 345.02, 14.715000000000146
194285, 28083.7850,  3, 287.40, 16.06500000000233
194287, 28083.9900,  3, 293.49, 16.290000000000873
194307, 28086.0750,  3, 294.86, 18.395000000000437
194311, 28086.4900,  3, 310.11, 18.784999999999854
194321, 28087.5350,  3, 296.44, 19.889999999999418
194353, 28090.8650,  3, 291.92, 23.209999999999127
194431, 28110.1950,  1, -159.05, 8.020000000000437
194431, 28110.1950,  1, -137.33, 8.020000000000437
194492, 28116.5500,  3, 333.22, 14.299999999999272
194492, 28116.5500,  3, 320.02, 14.350000000002183
194500, 28117.3800,  3, 286.42, 15.110000000000582
194553, 28122.9000,  3, 321.30, 20.659999999999854
194559, 28123.5250,  3, 336.26, 21.31000000000131
194636, 28131.5500,  3, 289.16, 29.29500000000189
194708, 28150.1650,  1, -154.91, 7.395000000000437
194708, 28150.1650,  1, -161.85, 7.395000000000437
194744, 28153.9150,  3, 346.94, 11.110000000000582
194745, 28154.0200,  3, 345.35, 11.220000000001164
194796, 28159.3300,  3, 313.23, 16.514999999999418
194801, 28159.8550,  3, 307.00, 16.985000000000582
194834, 28163.2900,  3, 287.90, 20.44499999999971
194844, 28164.3300,  3, 302.90, 21.479999999999563
194902, 28181.3100,  1, -128.48, 5.93500000000131
194902, 28181.3100,  1, -147.86, 5.93500000000131
194933, 28184.5400,  1, -130.92, 9.165000000000873
194933, 28184.5400,  1, -160.68, 9.165000000000873
194981, 28189.5400,  3, 323.05, 14.130000000001019
195015, 28193.0800,  3, 302.71, 17.669999999998254
195086, 28200.4800,  3, 295.43, 25.095000000001164
195227, 28215.1650,  3, 297.33, 39.720000000001164
195341, 28237.9650,  3, 328.64, 11.724999999998545
195369, 28240.8800,  3, 311.50, 14.654999999998836
195372, 28241.1950,  3, 333.01, 14.944999999999709
195375, 28241.5050,  3, 325.53, 15.255000000001019
195385, 28242.5500,  3, 311.78, 16.340000000000146
195394, 28243.4850,  3, 334.04, 17.200000000000728
195447, 28249.0050,  3, 308.73, 22.720000000001164
195494, 28253.9000,  3, 297.70, 27.68500000000131
195564, 28271.9700,  1, -104.57, 7.18500000000131
195564, 28271.9700,  1, -172.46, 7.18500000000131
195567, 28272.2850,  1, -98.90, 7.5
195567, 28272.2850,  1, -172.72, 7.5
195603, 28276.0350,  3, 329.22, 11.165000000000873
195654, 28281.3450,  3, 321.12, 16.470000000001164
195657, 28281.6600,  3, 315.62, 16.81000000000131
195777, 28294.1600,  3, 284.92, 29.279999999998836
195848, 28312.5250,  1, -150.64, 7.290000000000873
195848, 28312.5250,  1, -128.60, 7.290000000000873
195890, 28316.9000,  3, 344.74, 11.579999999998108
195893, 28317.2150,  3, 329.24, 11.889999999999418
195901, 28318.0500,  3, 329.39, 12.784999999999854
195915, 28319.5050,  3, 316.09, 14.174999999999272
195963, 28324.5050,  3, 306.51, 19.18499999999767
196043, 28332.8400,  3, 290.23, 27.55999999999767
196126, 28352.7300,  1, -116.50, 8.540000000000873
196126, 28352.7300,  1, -168.00, 8.540000000000873
196162, 28356.4800,  3, 339.48, 12.225000000002183
196173, 28357.6250,  3, 320.76, 13.405000000002474
196187, 28359.0800,  3, 326.72, 14.790000000000873
196259, 28366.5800,  3, 297.82, 22.29500000000189
196279, 28368.6650,  3, 298.21, 24.460000000002765
196320, 28372.9350,  3, 292.34, 28.729999999999563
196408, 28393.2150,  1, -138.84, 9.06499999999869
196408, 28393.2150,  1, -171.27, 9.06499999999869
196479, 28400.6100,  3, 325.88, 16.43999999999869
196501, 28402.9000,  3, 324.83, 18.654999999998836
196533, 28406.2350,  3, 281.20, 22.07499999999709
196534, 28406.3400,  3, 320.42, 22.1349999999984
196635, 28416.8600,  3, 286.65, 32.6349999999984
196644, 28417.8000,  3, 260.87, 33.599999999998545
196742, 28438.8800,  1, -152.24, 10.104999999999563
196742, 28438.8800,  1, -128.83, 10.104999999999563
196798, 28444.7150,  3, 330.17, 15.844999999997526
196829, 28447.9450,  3, 296.75, 19.084999999999127
196830, 28448.0500,  3, 304.64, 19.234999999996944
196850, 28450.1300,  3, 302.58, 21.30500000000029
196875, 28452.7350,  3, 291.48, 23.86999999999898
197008, 28466.5900,  3, 269.19, 37.789999999997235
197097, 28486.9450,  1, -138.29, 9.169999999998254
197097, 28486.9450,  1, -169.87, 9.169999999998254
197130, 28490.3800,  3, 335.62, 12.584999999999127
197131, 28490.4850,  3, 335.47, 12.654999999998836
197145, 28491.9450,  3, 307.09, 14.079999999998108
197220, 28499.7550,  3, 299.73, 21.87999999999738
197220, 28499.7550,  3, 289.60, 21.889999999999418
197233, 28501.1100,  3, 281.24, 23.25
197311, 28521.1100,  1, -174.83, 8.020000000000437
197311, 28521.1100,  1, -131.07, 8.020000000000437
197357, 28525.9000,  3, 342.94, 12.790000000000873
197407, 28531.1100,  3, 342.01, 17.919999999998254
197427, 28533.1950,  3, 319.47, 20.00500000000102
197428, 28533.3000,  3, 301.15, 20.1349999999984
197460, 28536.6300,  3, 295.97, 23.44499999999971
197565, 28547.5700,  3, 276.03, 34.465000000000146
197626, 28564.8450,  1, -138.86, 6.245000000002619
197626, 28564.8450,  1, -131.80, 6.245000000002619
197638, 28566.0950,  1, -169.88, 7.495000000002619
197638, 28566.0950,  1, -109.86, 7.495000000002619
197652, 28567.5550,  1, -163.69, 8.955000000001746
197652, 28567.5550,  1, -137.59, 8.955000000001746
197655, 28567.8650,  1, -164.22, 9.265000000003056
197655, 28567.8650,  1, -144.89, 9.265000000003056
197742, 28588.0400,  1, -173.31, 8.850000000002183
197742, 28588.0400,  1, -102.31, 8.850000000002183
197787, 28592.7300,  3, 329.28, 13.49500000000262
197833, 28597.5200,  3, 303.93, 18.30500000000029
197836, 28597.8300,  3, 327.20, 18.595000000001164
197860, 28600.3300,  3, 318.42, 21.135000000002037
197885, 28602.9350,  3, 292.25, 23.7400000000016
198247, 28640.6450,  3, 206.34, 61.44000000000233
198321, 28659.5600,  1, -170.24, 7.600000000002183
198321, 28659.5600,  1, -124.92, 7.600000000002183
198365, 28664.1450,  3, 348.35, 12.110000000000582
198394, 28667.1650,  3, 310.69, 15.18500000000131
198433, 28671.2300,  3, 319.21, 19.19000000000233
198438, 28671.7500,  1, -142.51, 19.790000000000873
198438, 28671.7500,  1, -171.04, 19.790000000000873
198479, 28676.0200,  3, 278.43, 23.965000000000146
198597, 28699.3950,  3, 324.69, 12.159999999999854
198607, 28700.4350,  3, 323.27, 13.155000000002474
198608, 28700.5400,  3, 333.59, 13.319999999999709
198646, 28704.5000,  3, 323.65, 17.260000000002037
198646, 28704.5000,  3, 335.25, 17.2400000000016
198681, 28708.1450,  3, 299.70, 20.88000000000102
198709, 28711.0600,  3, 325.54, 23.770000000000437
198736, 28713.8750,  3, 265.54, 26.650000000001455
198857, 28737.2300,  3, 319.29, 12.494999999998981
198862, 28737.7500,  3, 317.59, 12.924999999999272
198878, 28739.4150,  3, 313.03, 14.659999999999854
198879, 28739.5200,  3, 313.99, 14.770000000000437
198893, 28740.9800,  3, 327.25, 16.165000000000873
198944, 28746.2900,  3, 318.74, 21.540000000000873
198962, 28748.1650,  3, 295.23, 23.385000000002037
199008, 28752.9550,  3, 269.97, 28.159999999999854
199132, 28776.7850,  3, 330.04, 12.805000000000291
199142, 28777.8250,  3, 351.12, 13.81000000000131
199154, 28779.0750,  3, 327.79, 15.080000000001746
199180, 28781.7850,  3, 302.37, 17.720000000001164
199205, 28784.3900,  3, 298.12, 20.395000000000437
199210, 28784.9100,  3, 318.77, 20.93000000000029
199213, 28785.2200,  3, 293.87, 21.17000000000189
199411, 28805.8450,  3, 270.37, 41.830000000001746
199476, 28823.7050,  1, -141.98, 6.665000000000873
199476, 28823.7050,  1, -154.36, 6.665000000000873
199544, 28830.7900,  3, 333.06, 13.654999999998836
199554, 28831.8300,  3, 307.03, 14.735000000000582
199555, 28831.9350,  3, 333.50, 14.794999999998254
199583, 28834.8550,  3, 317.91, 17.724999999998545
199630, 28839.7500,  3, 305.32, 22.68999999999869
199660, 28842.8750,  3, 286.10, 25.784999999999854
199728, 28861.1650,  1, -120.18, 6.975000000002183
199728, 28861.1650,  1, -156.97, 6.975000000002183
199734, 28861.7900,  1, -119.86, 7.600000000002183
199734, 28861.7900,  1, -166.21, 7.600000000002183
199882, 28877.2050,  3, 300.70, 22.92000000000189
199885, 28877.5200,  3, 300.62, 23.290000000000873
199904, 28879.5000,  3, 262.12, 25.284999999999854
199911, 28880.2300,  3, 312.30, 26.030000000002474
200031, 28903.6300,  3, 353.44, 12.319999999999709
200077, 28908.4250,  3, 298.61, 17.084999999999127
200087, 28909.4650,  3, 271.96, 18.159999999999854
200091, 28909.8800,  3, 318.35, 18.639999999999418
200108, 28911.6500,  3, 301.47, 20.395000000000437
200111, 28911.9650,  3, 269.22, 20.724999999998545
200126, 28913.5250,  3, 282.06, 22.24499999999898
200182, 28919.3600,  3, 290.13, 28.104999999999563
200305, 28943.0200,  3, 342.88, 12.680000000000291
200328, 28945.4150,  3, 316.12, 15.090000000000146
200337, 28946.3550,  3, 307.45, 15.950000000000728
200364, 28949.1650,  3, 315.56, 18.81999999999971
200379, 28950.7300,  3, 327.21, 20.31000000000131
200383, 28951.1450,  3, 304.98, 20.775000000001455
200389, 28951.7700,  3, 304.39, 21.395000000000437
200496, 28962.9150,  3, 249.87, 32.580000000001746
200654, 28990.0950,  3, 320.42, 16.2699999999968
200662, 28990.9300,  3, 301.81, 17.174999999999272
200663, 28991.0350,  3, 305.15, 17.289999999997235
200683, 28993.1150,  3, 317.23, 19.32999999999811
200690, 28993.8450,  3, 319.75, 20.099999999998545
200693, 28994.1600,  3, 278.19, 20.409999999999854
200785, 29003.7400,  3, 322.04, 29.94999999999709
200814, 29006.7650,  3, 297.78, 32.92999999999665
200889, 29025.3400,  1, -114.66, 7.709999999999127
200889, 29025.3400,  1, -176.36, 7.709999999999127
200889, 29025.3400,  1, -125.94, 7.709999999999127
200889, 29025.3400,  1, -172.89, 7.709999999999127
200940, 29030.6500,  3, 330.16, 12.994999999998981
201025, 29039.5050,  3, 326.72, 21.860000000000582
201034, 29040.4450,  3, 275.15, 22.774999999997817
201092, 29046.4850,  3, 290.55, 28.834999999999127
201209, 29069.5050,  3, 318.76, 12.020000000000437
201215, 29070.1300,  3, 349.07, 12.619999999998981
201227, 29071.3800,  3, 324.28, 13.885000000002037
201238, 29072.5250,  3, 326.60, 15.020000000000437
201248, 29073.5700,  3, 299.72, 16.040000000000873
201270, 29075.8600,  3, 331.75, 18.42000000000189
201270, 29075.8600,  3, 313.77, 18.400000000001455
201272, 29076.0700,  3, 312.20, 18.600000000002183
201385, 29099.0400,  3, 349.64, 11.650000000001455
201387, 29099.2500,  3, 335.66, 11.790000000000873
201414, 29102.0600,  3, 314.57, 14.6349999999984
201418, 29102.4800,  3, 329.76, 15.069999999999709
201424, 29103.1050,  3, 307.45, 15.680000000000291
201435, 29104.2500,  3, 331.50, 16.80500000000029
201452, 29106.0200,  3, 329.70, 18.55500000000029
201467, 29107.5800,  3, 308.48, 20.13000000000102
201524, 29124.3950,  1, -133.17, 5.834999999999127
201524, 29124.3950,  1, -145.65, 5.834999999999127
201540, 29126.0600,  1, -163.79, 7.5
201540, 29126.0600,  1, -118.09, 7.5
201541, 29126.1650,  1, -167.95, 7.604999999999563
201541, 29126.1650,  1, -96.79, 7.604999999999563
201607, 29133.0400,  3, 309.28, 14.465000000000146
201648, 29137.3100,  3, 318.51, 18.729999999999563
201714, 29154.9000,  1, -143.65, 6.770000000000437
201714, 29154.9000,  1, -131.82, 6.770000000000437
201754, 29159.0700,  3, 341.12, 10.899999999997817
201769, 29160.6300,  3, 325.43, 12.474999999998545
201781, 29161.8800,  3, 342.09, 13.68999999999869
201834, 29167.4000,  3, 288.63, 19.229999999999563
201876, 29171.7750,  3, 312.13, 23.590000000000146
201896, 29173.8600,  3, 313.06, 25.68000000000029
201955, 29191.2350,  1, -139.50, 6.040000000000873
201955, 29191.2350,  1, -121.55, 6.040000000000873
201970, 29192.8000,  1, -168.26, 7.604999999999563
201970, 29192.8000,  1, -135.76, 7.604999999999563
202013, 29197.2750,  3, 324.90, 12.06000000000131
202037, 29199.7750,  3, 318.31, 14.510000000002037
202084, 29204.6750,  3, 307.55, 19.474999999998545
202091, 29205.4000,  3, 299.34, 20.1150000000016
202172, 29224.7300,  1, -162.51, 8.334999999999127
202172, 29224.7300,  1, -140.84, 8.334999999999127
202197, 29227.3300,  3, 328.84, 10.915000000000873
202227, 29230.4550,  3, 327.59, 13.965000000000146
202254, 29233.2700,  3, 299.13, 16.834999999999127
202271, 29235.0400,  3, 298.73, 18.61999999999898
202282, 29236.1850,  3, 300.52, 19.779999999998836
202313, 29239.4150,  3, 312.71, 22.970000000001164
202369, 29256.5200,  1, -131.34, 5.729999999999563
202369, 29256.5200,  1, -137.74, 5.729999999999563
202380, 29257.6650,  1, -112.47, 6.875
202380, 29257.6650,  1, -169.47, 6.875
202449, 29264.8550,  3, 341.60, 14.00499999999738
202460, 29266.0000,  3, 318.12, 15.110000000000582
202476, 29267.6650,  3, 276.26, 16.794999999998254
202484, 29268.5000,  3, 314.26, 17.674999999999272
202558, 29287.2000,  1, -136.46, 7.604999999999563
202558, 29287.2000,  1, -144.23, 7.604999999999563
202563, 29287.7200,  1, -167.85, 8.125
202563, 29287.7200,  1, -125.28, 8.125
202589, 29290.4300,  3, 346.95, 10.809999999997672
202675, 29299.3900,  3, 333.36, 19.68999999999869
202692, 29301.1600,  3, 325.66, 21.485000000000582
202695, 29301.4700,  3, 332.94, 21.844999999997526
202763, 29319.4850,  1, -162.95, 6.975000000002183
202763, 29319.4850,  1, -127.54, 6.975000000002183
202767, 29319.9000,  1, -136.45, 7.390000000003056
202767, 29319.9000,  1, -167.56, 7.390000000003056
202801, 29323.4450,  3, 340.05, 10.890000000003056
202810, 29324.3800,  3, 344.42, 11.8650000000016
202815, 29324.9000,  3, 339.76, 12.305000000000291
202832, 29326.6750,  3, 325.22, 14.150000000001455
202889, 29343.8250,  1, -141.46, 5.830000000001746
202889, 29343.8250,  1, -136.38, 5.830000000001746
202955, 29350.7000,  3, 322.59, 12.670000000001892
202968, 29352.0550,  3, 334.94, 13.99500000000262
202979, 29353.2000,  3, 307.78, 15.125
202985, 29353.8250,  3, 329.28, 15.81000000000131
202999, 29355.2850,  3, 312.80, 17.235000000000582
203011, 29356.5350,  3, 326.83, 18.520000000000437
203087, 29376.1950,  1, -168.47, 7.81499999999869
203087, 29376.1950,  1, -115.12, 7.81499999999869
203093, 29376.8200,  1, -119.48, 8.43999999999869
203093, 29376.8200,  1, -179.24, 8.43999999999869
203141, 29381.8200,  1, -166.64, 13.43999999999869
203141, 29381.8200,  1, -134.64, 13.43999999999869
203144, 29382.1300,  3, 320.84, 13.694999999999709
203201, 29388.0700,  3, 306.59, 19.610000000000582
203317, 29411.3450,  3, 344.29, 11.875
203319, 29411.5550,  3, 342.10, 12.165000000000873
203322, 29411.8650,  3, 341.36, 12.444999999999709
203368, 29416.6600,  3, 293.40, 17.210000000002765
203378, 29417.7000,  3, 316.29, 18.25
203427, 29422.8050,  3, 309.41, 23.409999999999854
203436, 29423.7400,  3, 304.46, 24.31999999999971
203468, 29427.0750,  3, 284.54, 27.610000000000582
203542, 29446.7200,  1, -133.29, 7.600000000002183
203542, 29446.7200,  1, -158.21, 7.600000000002183
203599, 29452.6600,  3, 361.00, 13.479999999999563
203603, 29453.0750,  3, 328.21, 13.854999999999563
203631, 29455.9900,  3, 315.19, 16.775000000001455
203651, 29458.0750,  3, 336.14, 18.88000000000102
203653, 29458.2850,  3, 318.56, 19.06999999999971
203697, 29462.8650,  3, 294.93, 23.715000000000146
203763, 29481.8600,  1, -124.71, 6.770000000000437
203763, 29481.8600,  1, -155.42, 6.770000000000437
203818, 29487.5900,  3, 333.65, 12.485000000000582
203820, 29487.8000,  3, 337.59, 12.68500000000131
203822, 29488.0050,  3, 322.79, 12.875
203841, 29489.9850,  3, 335.59, 14.854999999999563
203843, 29490.1950,  3, 300.81, 15.005000000001019
203896, 29495.7150,  3, 324.89, 20.610000000000582
204012, 29518.8250,  3, 330.92, 11.930000000000291
204013, 29518.9300,  1, -164.10, 12.084999999999127
204013, 29518.9300,  1, -129.07, 12.084999999999127
204029, 29520.5950,  3, 330.57, 13.735000000000582
204034, 29521.1150,  3, 311.75, 14.235000000000582
204058, 29523.6150,  3, 316.68, 16.729999999999563
204064, 29524.2400,  3, 279.21, 17.299999999999272
204088, 29526.7400,  3, 343.27, 19.849999999998545
204162, 29545.3950,  1, -109.05, 7.604999999999563
204162, 29545.3950,  1, -171.36, 7.604999999999563
204206, 29549.9800,  3, 321.98, 12.114999999997963
204213, 29550.7050,  3, 339.40, 12.829999999998108
204214, 29550.8100,  3, 356.30, 13.0099999999984
204223, 29551.7500,  3, 334.45, 13.915000000000873
204245, 29554.0400,  3, 296.30, 16.18499999999767
204246, 29554.1450,  3, 314.21, 16.290000000000873
204305, 29571.2750,  1, -134.73, 6.040000000000873
204305, 29571.2750,  1, -138.97, 6.040000000000873
204389, 29580.0250,  3, 327.36, 14.7599999999984
204394, 29580.5500,  3, 327.07, 15.2599999999984
204400, 29581.1750,  3, 341.29, 15.864999999997963
204429, 29584.1950,  3, 347.51, 18.895000000000437
204447, 29586.0700,  3, 299.19, 20.729999999999563
204459, 29587.3200,  3, 309.39, 22.029999999998836
204527, 29605.3450,  1, -152.65, 6.975000000002183
204527, 29605.3450,  1, -127.77, 6.975000000002183
204572, 29610.0350,  1, -180.79, 11.665000000000873
204572, 29610.0350,  1, -101.05, 11.665000000000873
204578, 29610.6600,  3, 338.20, 12.264999999999418
204592, 29612.1150,  3, 323.21, 13.655000000002474
204620, 29615.0350,  3, 301.41, 16.610000000000582
204629, 29615.9700,  3, 315.32, 17.55500000000029
204699, 29634.0200,  1, -111.09, 7.18500000000131
204699, 29634.0200,  1, -161.28, 7.18500000000131
204756, 29639.9550,  3, 332.19, 13.069999999999709
204764, 29640.7900,  3, 324.84, 13.875
204772, 29641.6250,  3, 315.06, 14.764999999999418
204783, 29642.7700,  3, 340.57, 15.87000000000262
204898, 29654.7500,  3, 303.91, 27.88000000000102
205004, 29665.7900,  3, 277.13, 38.89500000000044
205083, 29684.8400,  1, -163.03, 8.125
205083, 29684.8400,  1, -153.66, 8.125
205090, 29685.5700,  1, -173.09, 8.854999999999563
205090, 29685.5700,  1, -135.74, 8.854999999999563
205142, 29690.9850,  3, 335.66, 14.200000000000728
205143, 29691.0900,  3, 329.18, 14.275000000001455
205160, 29692.8600,  3, 299.91, 16.084999999999127
205190, 29695.9850,  3, 323.34, 19.24499999999898
205269, 29715.2850,  1, -172.64, 8.125
205269, 29715.2850,  1, -119.58, 8.125
205304, 29718.9300,  3, 335.03, 11.720000000001164
205304, 29718.9300,  3, 343.40, 11.7599999999984
205338, 29722.4700,  3, 338.14, 15.229999999999563
205355, 29724.2400,  3, 337.08, 17.014999999999418
205375, 29726.3250,  3, 323.29, 19.154999999998836
205392, 29728.0950,  3, 314.22, 20.845000000001164
205459, 29746.0350,  1, -177.48, 6.875
205459, 29746.0350,  1, -108.07, 6.875
205505, 29750.8250,  3, 339.23, 11.56499999999869
205546, 29755.0950,  3, 308.37, 15.854999999999563
205556, 29756.1400,  3, 313.10, 16.950000000000728
205560, 29756.5550,  3, 309.33, 17.345000000001164
205571, 29757.7000,  3, 325.76, 18.485000000000582
205585, 29759.1600,  3, 324.66, 19.900000000001455
205641, 29777.7550,  1, -132.04, 5.725000000002183
205641, 29777.7550,  1, -131.58, 5.725000000002183
205696, 29783.4850,  3, 331.82, 11.444999999999709
205711, 29785.0500,  3, 325.28, 12.970000000001164
205752, 29789.3200,  3, 296.00, 17.19000000000233
205753, 29789.4250,  3, 291.82, 17.30000000000291
205755, 29789.6300,  3, 319.58, 17.575000000000728
205833, 29797.7550,  3, 290.09, 25.68500000000131
205959, 29821.8800,  3, 339.02, 12.970000000001164
205964, 29822.4000,  3, 338.88, 13.520000000000437
206003, 29826.4650,  3, 310.71, 17.534999999999854
206012, 29827.4000,  3, 317.13, 18.485000000000582
206013, 29827.5050,  3, 301.62, 18.604999999999563
206089, 29835.4250,  3, 267.92, 26.459999999999127
206101, 29836.6750,  3, 313.95, 27.729999999999563
206167, 29843.5500,  3, 275.40, 34.67499999999927
206279, 29866.1450,  3, 349.79, 11.470000000001164
206287, 29866.9800,  3, 322.44, 12.330000000001746
206291, 29867.3950,  3, 332.35, 12.7400000000016
206309, 29869.2700,  3, 307.16, 14.590000000000146
206320, 29870.4150,  3, 300.24, 15.795000000001892
206345, 29873.0200,  3, 314.44, 18.38000000000102
206358, 29874.3750,  3, 330.20, 19.784999999999854
206401, 29878.8550,  3, 300.99, 24.200000000000728
206463, 29896.4100,  1, -166.50, 6.354999999999563
206463, 29896.4100,  1, -115.21, 6.354999999999563
206579, 29908.4900,  3, 335.63, 18.415000000000873
206601, 29910.7850,  3, 307.15, 20.700000000000728
206616, 29912.3450,  3, 313.06, 22.284999999999854
206669, 29917.8650,  3, 290.14, 27.7599999999984
206692, 29920.2650,  3, 300.95, 30.18500000000131
206735, 29924.7400,  3, 294.23, 34.590000000000146
206859, 29948.6050,  1, -123.58, 12.81000000000131
206859, 29948.6050,  1, -181.02, 12.81000000000131
206862, 29948.9150,  3, 347.10, 13.06000000000131
206864, 29949.1250,  3, 305.70, 13.320000000003347
206864, 29949.1250,  3, 313.29, 13.290000000000873
206991, 29962.3550,  3, 307.69, 26.525000000001455
207006, 29963.9150,  3, 292.10, 28.090000000000146
207100, 29973.7050,  3, 266.45, 37.81500000000233
207160, 29990.7300,  1, -140.20, 6.149999999997817
207160, 29990.7300,  1, -122.25, 6.149999999997817
207239, 29998.9550,  3, 349.83, 14.284999999999854
207254, 30000.5200,  3, 291.30, 15.849999999998545
207307, 30006.0400,  3, 325.43, 21.375
207332, 30008.6450,  3, 316.69, 24.00499999999738
207343, 30009.7900,  3, 294.01, 25.169999999998254
207374, 30013.0200,  3, 313.73, 28.359999999996944
207431, 30030.0700,  1, -147.48, 5.834999999999127
207431, 30030.0700,  1, -119.03, 5.834999999999127
207484, 30035.5900,  3, 349.56, 11.279999999998836
207486, 30035.8000,  3, 342.74, 11.465000000000146
207522, 30039.5500,  3, 334.90, 15.244999999998981
207540, 30041.4250,  3, 307.48, 17.099999999998545
207590, 30046.6300,  3, 292.00, 22.30500000000029
207655, 30053.4000,  3, 293.11, 29.145000000000437
207780, 30077.2650,  3, 306.79, 12.914999999997235
207781, 30077.3650,  3, 328.54, 12.974999999998545
207782, 30077.4700,  3, 326.54, 13.079999999998108
207784, 30077.6800,  3, 334.37, 13.305000000000291
207804, 30079.7650,  3, 337.41, 15.364999999997963
207807, 30080.0750,  3, 338.38, 15.625
207839, 30083.4100,  3, 307.80, 18.959999999999127
207840, 30083.5150,  3, 330.77, 19.114999999997963
207907, 30102.2900,  1, -147.08, 6.870000000002619
207907, 30102.2900,  1, -142.87, 6.870000000002619
207949, 30106.6650,  1, -148.81, 11.24500000000262
207949, 30106.6650,  1, -145.62, 11.24500000000262
207974, 30109.2700,  3, 330.03, 13.755000000001019
207975, 30109.3750,  3, 329.49, 13.880000000001019
207982, 30110.1050,  3, 322.06, 14.62000000000262
208192, 30131.9800,  3, 280.71, 36.50500000000102
208254, 30149.3900,  1, -128.65, 6.354999999999563
208254, 30149.3900,  1, -139.90, 6.354999999999563
208255, 30149.4900,  1, -155.70, 6.455000000001746
208255, 30149.4900,  1, -128.21, 6.455000000001746
208280, 30152.0950,  1, -175.64, 9.06000000000131
208280, 30152.0950,  1, -91.35, 9.06000000000131
208315, 30155.7400,  3, 340.37, 12.659999999999854
208333, 30157.6150,  3, 330.64, 14.525000000001455
208420, 30177.7500,  1, -153.26, 8.955000000001746
208420, 30177.7500,  1, -123.93, 8.955000000001746
208464, 30182.3300,  3, 328.69, 13.5
208473, 30183.2700,  3, 328.53, 14.395000000000437
208486, 30184.6250,  3, 347.72, 15.7400000000016
208511, 30187.2300,  3, 317.04, 18.38000000000102
208535, 30189.7300,  3, 290.54, 20.915000000000873
208562, 30192.5400,  3, 314.18, 23.705000000001746
208622, 30209.5800,  1, -139.51, 6.140000000003056
208622, 30209.5800,  1, -134.96, 6.140000000003056
208696, 30217.2900,  3, 314.58, 13.75
208703, 30218.0200,  3, 330.11, 14.49500000000262
208714, 30219.1650,  3, 311.75, 15.715000000000146
208741, 30221.9800,  3, 288.16, 18.5
208806, 30228.7500,  3, 285.82, 25.275000000001455
208806, 30228.7500,  3, 297.15, 25.284999999999854
208872, 30246.6400,  1, -153.76, 6.770000000000437
208872, 30246.6400,  1, -131.49, 6.770000000000437
208874, 30246.8450,  1, -147.69, 6.975000000002183
208874, 30246.8450,  1, -139.40, 6.975000000002183
208946, 30254.3450,  3, 311.16, 14.450000000000728
208947, 30254.4500,  3, 312.66, 14.5
208948, 30254.5550,  3, 330.20, 14.635000000002037
208957, 30255.4900,  3, 307.66, 15.555000000000291
209014, 30272.1450,  1, -138.22, 5.830000000001746
209014, 30272.1450,  1, -125.07, 5.830000000001746
209024, 30273.1850,  1, -170.75, 6.870000000002619
209024, 30273.1850,  1, -125.91, 6.870000000002619
209077, 30278.7050,  3, 338.95, 12.380000000001019
209081, 30279.1250,  3, 336.79, 12.80000000000291
209090, 30280.0600,  3, 338.36, 13.665000000000873
209167, 30288.0800,  3, 323.16, 21.665000000000873
209246, 30307.2750,  1, -124.95, 8.125
209246, 30307.2750,  1, -166.33, 8.125
209289, 30311.7550,  3, 325.18, 12.519999999996799
209292, 30312.0700,  3, 318.55, 12.894999999996799
209312, 30314.1500,  3, 332.51, 14.924999999999272
209321, 30315.0900,  3, 279.07, 15.844999999997526
209367, 30319.8800,  3, 307.95, 20.68499999999767
209407, 30324.0500,  3, 323.01, 24.80500000000029
209531, 30347.9450,  3, 334.38, 12.730000000003201
209547, 30349.6100,  3, 319.31, 14.395000000000437
209567, 30351.6950,  3, 310.62, 16.5
209597, 30354.8200,  3, 328.32, 19.63000000000102
209602, 30355.3400,  3, 341.94, 20.17000000000189
209619, 30357.1100,  3, 309.79, 21.875
209649, 30360.2350,  3, 291.80, 25.075000000000728
209745, 30370.2350,  3, 248.33, 35.015000000003056
209805, 30388.2850,  1, -152.35, 6.145000000000437
209805, 30388.2850,  1, -115.33, 6.145000000000437
209815, 30389.3250,  1, -113.92, 7.18500000000131
209815, 30389.3250,  1, -177.31, 7.18500000000131
209881, 30396.2000,  3, 327.78, 14.025000000001455
209884, 30396.5150,  3, 299.94, 14.354999999999563
209902, 30398.3900,  3, 316.65, 16.159999999999854
209915, 30399.7400,  3, 277.33, 17.595000000001164
210000, 30419.5250,  1, -176.30, 8.74500000000262
210000, 30419.5250,  1, -112.88, 8.74500000000262
210004, 30419.9450,  1, -168.84, 9.165000000000873
210004, 30419.9450,  1, -151.72, 9.165000000000873
210005, 30420.0500,  1, -152.19, 9.270000000000437
210005, 30420.0500,  1, -151.83, 9.270000000000437
210049, 30424.6300,  3, 345.39, 13.764999999999418
210195, 30439.8400,  3, 299.73, 29.04500000000189
210256, 30457.1650,  1, -127.13, 6.25
210256, 30457.1650,  1, -140.91, 6.25
210308, 30462.5800,  3, 343.23, 11.62999999999738
210310, 30462.7900,  3, 354.27, 11.844999999997526
210318, 30463.6250,  3, 350.67, 12.704999999998108
210321, 30463.9350,  3, 330.60, 12.969999999997526
210322, 30464.0400,  3, 344.87, 13.040000000000873
210324, 30464.2500,  3, 334.91, 13.309999999997672
210431, 30486.4650,  3, 340.45, 10.955000000001746
210445, 30487.9250,  3, 336.42, 12.459999999999127
210480, 30491.5700,  3, 323.99, 16.049999999999272
210486, 30492.1950,  3, 343.77, 16.700000000000728
210541, 30497.9250,  3, 309.60, 22.4900000000016
210607, 30504.8000,  3, 272.91, 29.31000000000131
210656, 30509.9000,  3, 311.95, 34.38500000000204
210796, 30524.4850,  3, 235.44, 49.01000000000204
210910, 30547.1750,  3, 355.71, 11.75
210922, 30548.4250,  3, 350.09, 12.954999999998108
210998, 30556.3400,  3, 308.95, 20.93000000000029
211016, 30558.2150,  3, 301.84, 22.764999999999418
211030, 30559.6750,  3, 305.48, 24.2699999999968
211035, 30560.1950,  3, 300.96, 24.69999999999709
211043, 30561.0250,  3, 307.45, 25.614999999997963
211062, 30563.0050,  3, 292.42, 27.57999999999811
211121, 30580.2050,  1, -133.12, 6.0350000000034925
211121, 30580.2050,  1, -136.65, 6.0350000000034925
211127, 30580.8300,  1, -126.37, 6.6600000000034925
211127, 30580.8300,  1, -145.35, 6.6600000000034925
211202, 30588.6450,  3, 318.87, 14.37000000000262
211293, 30598.1250,  3, 316.26, 23.875
211352, 30604.2700,  3, 304.93, 30.04500000000189
211409, 30610.2050,  3, 271.67, 35.9900000000016
211465, 30627.0800,  1, -140.27, 5.725000000002183
211465, 30627.0800,  1, -146.10, 5.725000000002183
211519, 30632.7050,  3, 338.73, 11.319999999999709
211561, 30637.0800,  3, 329.30, 15.694999999999709
211577, 30638.7500,  3, 282.41, 17.330000000001746
211580, 30639.0600,  3, 315.23, 17.63000000000102
211598, 30640.9350,  3, 334.52, 19.54500000000189
211625, 30643.7500,  3, 299.02, 22.325000000000728
211735, 30666.0350,  3, 341.48, 11.270000000000437
211742, 30666.7650,  3, 347.76, 12.005000000001019
211762, 30668.8450,  3, 329.78, 14.099999999998545
211778, 30670.5150,  3, 329.11, 15.805000000000291
211785, 30671.2400,  3, 336.48, 16.534999999999854
211848, 30677.8050,  3, 260.67, 23.040000000000873
212006, 30694.2650,  3, 246.26, 39.525000000001455
212026, 30696.3450,  3, 274.10, 41.61999999999898
212102, 30715.0000,  1, -156.45, 7.81499999999869
212102, 30715.0000,  1, -162.22, 7.81499999999869
212135, 30718.4350,  3, 347.23, 11.154999999998836
212140, 30718.9550,  3, 360.75, 11.674999999999272
212146, 30719.5800,  3, 341.79, 12.340000000000146
212148, 30719.7900,  3, 324.86, 12.569999999999709
212232, 30728.5400,  3, 311.97, 21.344999999997526
212249, 30730.3100,  3, 332.95, 23.039999999997235
212310, 30747.4350,  1, -122.21, 6.245000000002619
212310, 30747.4350,  1, -150.08, 6.245000000002619
212368, 30753.4800,  3, 329.13, 12.280000000002474
212371, 30753.7900,  3, 336.75, 12.520000000000437
212396, 30756.3950,  3, 347.68, 15.125
212404, 30757.2300,  3, 300.37, 15.970000000001164
212492, 30766.3950,  3, 317.93, 25.140000000003056
212513, 30768.5800,  3, 304.06, 27.29500000000189
212572, 30785.8200,  1, -148.95, 6.040000000000873
212572, 30785.8200,  1, -113.47, 6.040000000000873
212585, 30787.1750,  1, -126.17, 7.395000000000437
212585, 30787.1750,  1, -171.27, 7.395000000000437
212665, 30795.5050,  3, 323.57, 15.670000000001892
212681, 30797.1750,  3, 347.35, 17.29500000000189
212711, 30800.3000,  3, 314.41, 20.485000000000582
212764, 30805.8200,  3, 299.10, 26.020000000000437
212823, 30823.0350,  1, -133.12, 6.040000000000873
212823, 30823.0350,  1, -120.81, 6.040000000000873
212872, 30828.1400,  3, 339.62, 11.085000000002765
212882, 30829.1800,  3, 350.30, 12.155000000002474
212884, 30829.3900,  3, 334.17, 12.305000000000291
212912, 30832.3050,  3, 311.92, 15.264999999999418
212919, 30833.0350,  3, 342.49, 15.955000000001746
213083, 30850.1150,  3, 284.09, 33.025000000001455
213201, 30873.3900,  3, 348.24, 12.154999999998836
213205, 30873.8050,  3, 314.01, 12.575000000000728
213220, 30875.3650,  3, 329.79, 14.110000000000582
213221, 30875.4700,  3, 328.23, 14.200000000000728
213235, 30876.9300,  3, 335.30, 15.694999999999709
213243, 30877.7650,  3, 313.39, 16.5099999999984
213251, 30878.5950,  3, 298.88, 17.38000000000102
213317, 30885.4700,  3, 300.65, 24.18999999999869
213375, 30903.4650,  1, -129.63, 5.93999999999869
213375, 30903.4650,  1, -130.11, 5.93999999999869
213388, 30904.8200,  1, -166.88, 7.294999999998254
213388, 30904.8200,  1, -112.86, 7.294999999998254
213462, 30912.5250,  3, 329.39, 14.909999999999854
213493, 30915.7550,  3, 302.37, 18.18000000000029
213632, 30930.2350,  3, 291.17, 32.64999999999782
213656, 30932.7350,  3, 280.91, 35.169999999998254
213724, 30950.6100,  1, -159.56, 6.979999999999563
213724, 30950.6100,  1, -131.16, 6.979999999999563
213746, 30952.9000,  1, -164.24, 9.270000000000437
213746, 30952.9000,  1, -109.92, 9.270000000000437
213792, 30957.6950,  3, 308.39, 13.965000000000146
213815, 30960.0900,  3, 310.62, 16.399999999997817
213819, 30960.5050,  3, 324.39, 16.789999999997235
213928, 30971.8600,  3, 300.12, 28.145000000000437
214053, 30997.0000,  3, 334.48, 12.81499999999869
214061, 30997.8300,  3, 311.22, 13.729999999999563
214065, 30998.2500,  3, 328.95, 14.069999999999709
214081, 30999.9150,  3, 317.84, 15.734999999996944
214117, 31003.6650,  3, 296.55, 19.524999999997817
214161, 31008.2500,  3, 309.67, 24.099999999998545
214174, 31009.6050,  3, 298.31, 25.43499999999767
214202, 31012.5200,  3, 319.64, 28.389999999999418
214264, 31029.8800,  1, -120.66, 6.350000000002183
214264, 31029.8800,  1, -153.49, 6.350000000002183
214294, 31033.0050,  1, -130.96, 9.475000000002183
214294, 31033.0050,  1, -160.70, 9.475000000002183
214320, 31035.7150,  3, 357.45, 12.085000000002765
214408, 31044.8800,  3, 329.21, 21.31500000000233
214425, 31046.6500,  3, 309.39, 23.05000000000291
214433, 31047.4850,  3, 336.25, 23.92500000000291
214570, 31072.5150,  3, 328.54, 14.119999999998981
214573, 31072.8250,  3, 333.33, 14.389999999999418
214588, 31074.3900,  3, 349.26, 15.965000000000146
214595, 31075.1150,  3, 335.63, 16.669999999998254
214644, 31080.2200,  3, 306.52, 21.864999999997963
214686, 31084.5950,  3, 307.70, 26.174999999999272
214703, 31086.3650,  3, 296.51, 27.93000000000029
214759, 31092.2000,  3, 278.71, 33.75
214851, 31112.5950,  1, -154.78, 9.475000000002183
214851, 31112.5950,  1, -173.12, 9.475000000002183
214901, 31117.8050,  3, 321.38, 14.659999999999854
214906, 31118.3250,  3, 335.27, 15.135000000002037
214911, 31118.8450,  3, 360.78, 15.645000000000437
214920, 31119.7850,  3, 308.53, 16.625
214926, 31120.4100,  3, 333.73, 17.2400000000016
214980, 31126.0350,  3, 296.62, 22.895000000000437
215050, 31144.1850,  1, -166.94, 7.18500000000131
215050, 31144.1850,  1, -131.89, 7.18500000000131
215052, 31144.3950,  1, -132.11, 7.395000000000437
215052, 31144.3950,  1, -162.01, 7.395000000000437
215075, 31146.7900,  1, -173.87, 9.790000000000873
215075, 31146.7900,  1, -86.83, 9.790000000000873
215264, 31166.4800,  3, 291.13, 29.474999999998545
215281, 31168.2500,  3, 304.46, 31.200000000000728
215348, 31186.1850,  1, -169.23, 6.870000000002619
215348, 31186.1850,  1, -108.08, 6.870000000002619
215350, 31186.3950,  1, -114.30, 7.080000000001746
215350, 31186.3950,  1, -162.80, 7.080000000001746
215416, 31193.2700,  3, 329.42, 13.92500000000291
215542, 31206.3950,  3, 301.90, 26.975000000002183
215674, 31220.1450,  3, 294.89, 40.79500000000189
215695, 31222.3300,  3, 260.31, 43.01000000000204
215755, 31239.6750,  1, -149.21, 6.149999999997817
215755, 31239.6750,  1, -129.70, 6.149999999997817
215758, 31239.9850,  1, -135.97, 6.459999999999127
215758, 31239.9850,  1, -150.22, 6.459999999999127
215803, 31244.6750,  3, 330.72, 11.109999999996944
215810, 31245.4000,  3, 333.69, 11.794999999998254
215822, 31246.6500,  3, 320.00, 13.084999999999127
215828, 31247.2750,  3, 309.04, 13.68999999999869
215957, 31271.9250,  3, 336.43, 13.244999999998981
215990, 31275.3600,  3, 303.05, 16.665000000000873
215990, 31275.3600,  3, 304.44, 16.700000000000728
216007, 31277.1300,  3, 294.22, 18.525000000001455
216023, 31278.8000,  3, 294.77, 20.1150000000016
216095, 31286.3000,  3, 290.74, 27.63000000000102
216113, 31288.1750,  3, 295.09, 29.520000000000437
216196, 31296.8200,  3, 273.69, 38.220000000001164
216256, 31314.1300,  1, -116.82, 6.145000000000437
216256, 31314.1300,  1, -128.34, 6.145000000000437
216265, 31315.0700,  1, -166.12, 7.084999999999127
216265, 31315.0700,  1, -123.29, 7.084999999999127
216322, 31321.0050,  3, 327.76, 12.919999999998254
216326, 31321.4250,  3, 349.63, 13.419999999998254
216341, 31322.9850,  3, 322.39, 14.904999999998836
216415, 31330.6950,  3, 319.39, 22.604999999999563
216475, 31347.7050,  1, -163.04, 6.145000000000437
216475, 31347.7050,  1, -117.92, 6.145000000000437
216527, 31353.1250,  3, 338.53, 11.529999999998836
216547, 31355.2050,  3, 322.44, 13.594999999997526
216550, 31355.5200,  3, 335.07, 13.93999999999869
216551, 31355.6250,  3, 318.16, 14.059999999997672
216579, 31358.5400,  3, 331.54, 16.93499999999767
216583, 31358.9550,  3, 303.53, 17.389999999999418
216638, 31376.4300,  1, -139.92, 5.625
216638, 31376.4300,  1, -124.07, 5.625
216714, 31384.3450,  3, 327.93, 13.505000000001019
216727, 31385.7000,  3, 334.37, 14.864999999997963
216730, 31386.0150,  3, 328.06, 15.174999999999272
216733, 31386.3250,  3, 333.99, 15.415000000000873
216748, 31387.8900,  3, 317.26, 16.989999999997963
216897, 31403.4100,  3, 283.12, 32.595000000001164
217013, 31426.5600,  3, 350.94, 11.905000000002474
217023, 31427.6050,  3, 345.41, 13.014999999999418
217030, 31428.3300,  3, 334.68, 13.645000000000437
217058, 31431.2500,  3, 313.45, 16.655000000002474
217103, 31435.9350,  3, 317.15, 21.31999999999971
217142, 31440.0000,  3, 297.64, 25.400000000001455
217217, 31447.8100,  3, 274.98, 33.125
217229, 31449.0600,  3, 285.55, 34.43000000000029
217337, 31472.3250,  3, 341.38, 11.090000000000146
217345, 31473.1600,  3, 348.82, 11.93999999999869
217353, 31473.9900,  3, 321.08, 12.805000000000291
217370, 31475.7650,  3, 312.15, 14.5099999999984
217381, 31476.9100,  3, 298.27, 15.724999999998545
217390, 31477.8450,  3, 306.54, 16.599999999998545
217391, 31477.9500,  3, 308.25, 16.764999999999418
217427, 31481.7000,  3, 299.80, 20.43500000000131
217505, 31500.6500,  1, -157.90, 8.020000000000437
217505, 31500.6500,  1, -136.87, 8.020000000000437
217509, 31501.0700,  1, -151.43, 8.43999999999869
217509, 31501.0700,  1, -150.28, 8.43999999999869
217542, 31504.5050,  3, 333.30, 11.860000000000582
217548, 31505.1300,  3, 319.15, 12.434999999997672
217551, 31505.4450,  3, 328.42, 12.784999999999854
217573, 31507.7350,  3, 321.93, 15.079999999998108
217634, 31524.9150,  1, -151.17, 6.25
217634, 31524.9150,  1, -128.38, 6.25
217657, 31527.3100,  1, -150.23, 8.645000000000437
217657, 31527.3100,  1, -154.74, 8.645000000000437
217734, 31535.3300,  3, 326.89, 16.575000000000728
217737, 31535.6450,  3, 324.08, 16.87999999999738
217737, 31535.6450,  3, 316.92, 16.93999999999869
217764, 31538.4550,  3, 289.36, 19.739999999997963
217832, 31556.7750,  1, -172.16, 6.975000000002183
217832, 31556.7750,  1, -111.18, 6.975000000002183
217920, 31565.9450,  3, 329.55, 16.04500000000189
217934, 31567.4000,  3, 290.85, 17.56999999999971
217935, 31567.5050,  3, 327.33, 17.604999999999563
217939, 31567.9250,  3, 308.21, 18.06000000000131
217951, 31569.1750,  3, 316.95, 19.275000000001455
217971, 31571.2550,  3, 319.06, 21.415000000000873
218074, 31593.0500,  3, 343.93, 10.590000000000146
218104, 31596.1750,  3, 348.43, 13.729999999999563
218134, 31599.3000,  3, 335.50, 16.790000000000873
218138, 31599.7150,  3, 330.99, 17.2400000000016
218162, 31602.2150,  3, 321.70, 19.720000000001164
218168, 31602.8400,  3, 331.77, 20.36999999999898
218174, 31603.4650,  3, 320.71, 21.030000000002474
218189, 31605.0250,  3, 306.17, 22.584999999999127
218254, 31622.8600,  1, -165.47, 6.665000000000873
218254, 31622.8600,  1, -120.14, 6.665000000000873
218308, 31628.4850,  1, -164.17, 12.290000000000873
218308, 31628.4850,  1, -158.45, 12.290000000000873
218317, 31629.4250,  3, 333.69, 13.18999999999869
218328, 31630.5700,  3, 313.69, 14.345000000001164
218344, 31632.2350,  3, 327.30, 15.950000000000728
218417, 31639.8400,  3, 316.84, 23.56499999999869
218519, 31662.3600,  3, 339.29, 10.5
218536, 31664.1300,  3, 316.47, 12.18999999999869
218548, 31665.3800,  3, 340.65, 13.5099999999984
218550, 31665.5900,  3, 327.13, 13.7400000000016
218575, 31668.1950,  3, 328.82, 16.279999999998836
218580, 31668.7150,  3, 299.36, 16.86999999999898
218581, 31668.8200,  3, 309.90, 16.889999999999418
218695, 31680.6950,  3, 288.44, 28.75500000000102
218780, 31700.2750,  1, -154.01, 8.75
218780, 31700.2750,  1, -126.21, 8.75
218789, 31701.2150,  1, -164.54, 9.68999999999869
218789, 31701.2150,  1, -103.25, 9.68999999999869
218858, 31708.4000,  3, 314.05, 16.789999999997235
218877, 31710.3800,  3, 324.67, 18.75499999999738
218887, 31711.4250,  3, 298.78, 19.82499999999709
218937, 31716.6300,  3, 302.00, 25.06499999999869
219061, 31740.8050,  3, 320.24, 12.725000000002183
219077, 31742.4700,  3, 335.36, 14.430000000000291
219111, 31746.0150,  3, 307.32, 17.950000000000728
219129, 31747.8900,  3, 346.37, 19.850000000002183
219144, 31749.4500,  3, 296.23, 21.375
219146, 31749.6600,  3, 358.90, 21.635000000002037
219178, 31752.9900,  3, 298.16, 24.979999999999563
219204, 31755.7000,  3, 331.29, 27.67000000000189
219277, 31774.9500,  1, -177.39, 7.5
219277, 31774.9500,  1, -110.04, 7.5
219358, 31783.3900,  3, 318.65, 15.854999999999563
219402, 31787.9700,  3, 319.08, 20.459999999999127
219444, 31792.3450,  3, 291.31, 24.86999999999898
219450, 31792.9700,  3, 313.44, 25.44499999999971
219457, 31793.7000,  3, 322.49, 26.215000000000146
219457, 31793.7000,  3, 308.97, 26.174999999999272
219518, 31810.8800,  1, -147.65, 6.25
219518, 31810.8800,  1, -128.81, 6.25
219572, 31816.5050,  3, 344.73, 11.840000000000146
219578, 31817.1300,  3, 325.85, 12.395000000000437
219580, 31817.3400,  3, 343.78, 12.614999999997963
219598, 31819.2150,  3, 309.05, 14.529999999998836
219603, 31819.7350,  3, 324.57, 15.020000000000437
219726, 31832.5500,  3, 303.41, 27.82999999999811
219856, 31856.9650,  3, 324.58, 13.369999999998981
219869, 31858.3200,  3, 328.98, 14.779999999998836
219882, 31859.6750,  3, 324.28, 16.104999999999563
219905, 31862.0700,  3, 330.77, 18.44499999999971
219922, 31863.8400,  3, 316.80, 20.30500000000029
219942, 31865.9250,  3, 333.18, 22.37999999999738
219942, 31865.9250,  3, 313.26, 22.30999999999767
219987, 31870.6100,  3, 305.06, 27.00499999999738
220055, 31888.6150,  1, -123.34, 6.975000000002183
220055, 31888.6150,  1, -160.85, 6.975000000002183
220064, 31889.5550,  1, -112.46, 7.915000000000873
220064, 31889.5550,  1, -187.79, 7.915000000000873
220180, 31901.6400,  3, 326.83, 19.915000000000873
220228, 31906.6400,  3, 301.90, 24.979999999999563
220236, 31907.4700,  3, 302.20, 25.770000000000437
220241, 31907.9900,  3, 300.09, 26.29500000000189
220363, 31931.5400,  3, 344.81, 12.565000000002328
220372, 31932.4800,  3, 324.76, 13.440000000002328
220376, 31932.8950,  3, 325.08, 13.920000000001892
220391, 31934.4550,  3, 311.62, 15.455000000001746
220430, 31938.5200,  3, 301.61, 19.475000000002183
220447, 31940.2900,  3, 312.85, 21.280000000002474
220465, 31942.1650,  3, 319.93, 23.150000000001455
220468, 31942.4800,  3, 278.78, 23.530000000002474
220534, 31960.2200,  1, -154.90, 6.770000000000437
220534, 31960.2200,  1, -141.25, 6.770000000000437
220599, 31966.9900,  3, 319.04, 13.43999999999869
220606, 31967.7200,  3, 324.30, 14.209999999999127
220609, 31968.0350,  3, 339.27, 14.479999999999563
220621, 31969.2850,  3, 324.12, 15.744999999998981
220633, 31970.5350,  3, 303.71, 17.029999999998836
220725, 31980.1150,  3, 315.61, 26.614999999997963
220798, 31998.6750,  1, -151.55, 7.5
220798, 31998.6750,  1, -132.38, 7.5
220838, 32002.8400,  3, 343.91, 11.575000000000728
220863, 32005.4450,  3, 324.46, 14.220000000001164
220932, 32012.6300,  3, 318.22, 21.44000000000233
220942, 32013.6750,  3, 287.55, 22.424999999999272
220955, 32015.0250,  3, 311.13, 23.75
220998, 32019.5050,  3, 308.11, 28.290000000000873
221066, 32037.4500,  1, -130.71, 6.975000000002183
221066, 32037.4500,  1, -158.10, 6.975000000002183
221110, 32042.0350,  3, 333.55, 11.485000000000582
221111, 32042.1400,  3, 327.69, 11.6150000000016
221120, 32043.0750,  3, 345.94, 12.575000000000728
221130, 32044.1150,  3, 322.82, 13.610000000000582
221151, 32046.3050,  3, 310.17, 15.775000000001455
221226, 32054.1150,  3, 298.52, 23.56000000000131
221293, 32071.8400,  1, -124.61, 6.875
221293, 32071.8400,  1, -148.78, 6.875
221343, 32077.0500,  3, 328.25, 12.0
221357, 32078.5050,  3, 342.26, 13.494999999998981
221359, 32078.7150,  3, 333.76, 13.674999999999272
221376, 32080.4850,  3, 309.99, 15.43999999999869
221398, 32082.7750,  3, 294.45, 17.720000000001164
221414, 32084.4450,  3, 319.23, 19.38000000000102
221472, 32101.5900,  1, -126.92, 5.93500000000131
221472, 32101.5900,  1, -139.45, 5.93500000000131
221500, 32104.5050,  1, -160.18, 8.850000000002183
221500, 32104.5050,  1, -157.54, 8.850000000002183
221536, 32108.2550,  3, 350.03, 12.5
221612, 32116.1750,  3, 299.64, 20.455000000001746
221659, 32121.0700,  3, 270.32, 25.31000000000131
221670, 32122.2150,  3, 299.73, 26.485000000000582
221785, 32146.2900,  3, 335.38, 11.779999999998836
221805, 32148.3750,  3, 319.33, 13.904999999998836
221817, 32149.6250,  3, 301.67, 15.114999999997963
221821, 32150.0400,  3, 303.48, 15.529999999998836
221856, 32153.6850,  3, 311.59, 19.25
221859, 32154.0000,  3, 325.57, 19.57999999999811
221870, 32155.1450,  3, 323.88, 20.645000000000437
222053, 32174.2050,  3, 285.12, 39.77000000000044
222131, 32193.2900,  1, -179.72, 8.020000000000437
222131, 32193.2900,  1, -118.84, 8.020000000000437
222173, 32197.6650,  3, 337.98, 12.389999999999418
222188, 32199.2300,  3, 304.73, 13.93500000000131
222210, 32201.5200,  3, 337.60, 16.235000000000582
222224, 32202.9800,  3, 336.41, 17.645000000000437
222271, 32207.8750,  3, 294.10, 22.534999999999854
222279, 32208.7050,  3, 299.25, 23.345000000001164
222404, 32232.4450,  3, 318.58, 12.844999999997526
222419, 32234.0050,  3, 293.63, 14.399999999997817
222422, 32234.3200,  3, 334.15, 14.68999999999869
222435, 32235.6750,  3, 303.57, 16.05500000000029
222438, 32235.9850,  3, 316.58, 16.389999999999418
222464, 32238.6950,  3, 313.91, 19.06999999999971
222475, 32239.8400,  3, 322.13, 20.229999999999563
222534, 32245.9850,  3, 285.15, 26.43499999999767
222601, 32264.0400,  1, -137.21, 6.875
222601, 32264.0400,  1, -143.01, 6.875
222620, 32266.0200,  1, -162.61, 8.854999999999563
222620, 32266.0200,  1, -98.42, 8.854999999999563
222659, 32270.0800,  3, 335.08, 12.869999999998981
222669, 32271.1250,  3, 316.40, 13.864999999997963
222691, 32273.4150,  3, 317.86, 16.239999999997963
222718, 32276.2300,  3, 303.98, 19.014999999999418
222813, 32297.1250,  1, -145.36, 9.794999999998254
222813, 32297.1250,  1, -151.13, 9.794999999998254
222838, 32299.7300,  3, 345.16, 12.304999999996653
222850, 32300.9800,  3, 312.15, 13.599999999998545
222861, 32302.1250,  3, 324.81, 14.774999999997817
222876, 32303.6850,  3, 319.79, 16.2699999999968
222889, 32305.0400,  3, 309.72, 17.614999999997963
222895, 32305.6650,  3, 304.98, 18.274999999997817
223020, 32330.6450,  3, 340.32, 12.81499999999869
223025, 32331.1650,  3, 328.90, 13.340000000000146
223126, 32341.6850,  3, 303.90, 23.93000000000029
223156, 32344.8100,  3, 294.22, 27.0
223177, 32347.0000,  3, 318.78, 29.18999999999869
223214, 32350.8550,  3, 278.31, 33.08499999999913
223239, 32353.4550,  3, 267.26, 35.715000000000146
223362, 32366.2700,  3, 257.01, 48.470000000001164
223459, 32387.3100,  1, -174.90, 10.0
223459, 32387.3100,  1, -149.46, 10.0
223462, 32387.6250,  1, -162.37, 10.31499999999869
223462, 32387.6250,  1, -90.05, 10.31499999999869
223481, 32389.6050,  3, 343.06, 12.244999999998981
223485, 32390.0200,  3, 312.50, 12.694999999999709
223499, 32391.4800,  3, 329.53, 14.139999999999418
223539, 32395.6450,  3, 339.23, 18.229999999999563
223601, 32413.3250,  1, -167.16, 6.350000000002183
223601, 32413.3250,  1, -106.96, 6.350000000002183
223646, 32418.0150,  3, 352.23, 11.020000000000437
223651, 32418.5350,  3, 329.71, 11.515000000003056
223653, 32418.7400,  3, 339.32, 11.710000000002765
223731, 32426.8650,  3, 282.96, 19.81500000000233
223758, 32429.6800,  3, 308.22, 22.68500000000131
223773, 32431.2400,  3, 298.55, 24.260000000002037
223842, 32449.4700,  1, -134.11, 7.080000000001746
223842, 32449.4700,  1, -119.14, 7.080000000001746
223888, 32454.2650,  3, 339.87, 11.830000000001746
223898, 32455.3050,  3, 339.87, 12.889999999999418
223900, 32455.5150,  3, 330.27, 13.029999999998836
223926, 32458.2200,  3, 302.69, 15.725000000002183
223937, 32459.3650,  3, 294.21, 16.970000000001164
223969, 32462.7000,  3, 327.41, 20.215000000000146
224045, 32482.3800,  1, -121.16, 7.81000000000131
224045, 32482.3800,  1, -171.04, 7.81000000000131
224083, 32486.3400,  3, 333.85, 11.755000000001019
224125, 32490.7150,  3, 299.49, 16.125
224126, 32490.8200,  3, 309.59, 16.235000000000582
224137, 32491.9650,  3, 311.82, 17.330000000001746
224173, 32495.7150,  3, 348.96, 21.06000000000131
224186, 32497.0700,  3, 289.80, 22.400000000001455
224264, 32516.1400,  1, -162.73, 8.020000000000437
224264, 32516.1400,  1, -131.27, 8.020000000000437
224294, 32519.2650,  3, 352.77, 11.1150000000016
224343, 32524.3650,  3, 317.13, 16.18000000000029
224360, 32526.1400,  3, 308.33, 17.985000000000582
224419, 32532.2850,  3, 315.42, 24.125
224427, 32533.1150,  3, 295.16, 24.93500000000131
224453, 32535.8250,  3, 283.88, 27.6150000000016
224606, 32563.6100,  3, 329.13, 15.729999999999563
224626, 32565.6950,  3, 334.63, 17.875
224634, 32566.5250,  3, 318.95, 18.739999999997963
224647, 32567.8800,  3, 316.46, 20.024999999997817
224679, 32571.2150,  3, 319.46, 23.36999999999898
224687, 32572.0500,  3, 288.66, 24.20499999999811
224744, 32577.9850,  3, 311.63, 30.114999999997963
224751, 32578.7150,  3, 303.82, 30.864999999997963
224883, 32603.2300,  3, 340.95, 13.630000000001019
224883, 32603.2300,  3, 330.89, 13.635000000002037
224888, 32603.7500,  3, 314.44, 14.095000000001164
224908, 32605.8300,  3, 312.42, 16.159999999999854
224953, 32610.5200,  3, 312.79, 20.889999999999418
224965, 32611.7700,  3, 296.11, 22.084999999999127
224992, 32614.5800,  3, 295.56, 24.955000000001746
225042, 32619.7900,  3, 342.61, 30.174999999999272
225113, 32638.0050,  1, -137.31, 7.290000000000873
225113, 32638.0050,  1, -164.74, 7.290000000000873
225169, 32643.8400,  3, 328.03, 13.040000000000873
225170, 32643.9450,  3, 322.40, 13.130000000001019
225177, 32644.6750,  3, 321.29, 13.860000000000582
225189, 32645.9250,  3, 322.08, 15.169999999998254
225215, 32648.6300,  3, 310.68, 17.854999999999563
225241, 32651.3400,  3, 337.98, 20.534999999999854
225319, 32670.4000,  1, -165.75, 8.015000000003056
225319, 32670.4000,  1, -122.30, 8.015000000003056
225371, 32675.8200,  3, 335.98, 13.340000000000146
225371, 32675.8200,  3, 320.46, 13.355000000003201
225377, 32676.4450,  3, 310.72, 13.980000000003201
225388, 32677.5900,  3, 312.42, 15.18500000000131
225399, 32678.7350,  3, 327.42, 16.30000000000291
225423, 32681.2350,  3, 294.97, 18.830000000001746
225522, 32702.5900,  1, -157.85, 10.209999999999127
225522, 32702.5900,  1, -155.69, 10.209999999999127
225531, 32703.5250,  3, 352.16, 11.119999999998981
225570, 32707.5900,  3, 324.04, 15.18999999999869
225576, 32708.2150,  3, 314.72, 15.789999999997235
225596, 32710.3000,  3, 315.61, 17.875
225622, 32713.0050,  3, 311.81, 20.594999999997526
225656, 32716.5500,  3, 295.39, 24.084999999999127
225778, 32740.1850,  1, -116.02, 12.600000000002183
225778, 32740.1850,  1, -196.69, 12.600000000002183
225798, 32742.2700,  3, 327.74, 14.580000000001746
225800, 32742.4800,  3, 307.09, 14.795000000001892
225803, 32742.7900,  3, 321.58, 15.100000000002183
225806, 32743.1050,  3, 292.44, 15.470000000001164
225861, 32748.8300,  3, 284.80, 21.150000000001455
225891, 32751.9550,  3, 300.85, 24.330000000001746
225993, 32773.3800,  3, 338.82, 10.485000000000582
226004, 32774.5250,  1, -178.81, 11.665000000000873
226004, 32774.5250,  1, -140.38, 11.665000000000873
226005, 32774.6300,  1, -151.80, 11.769999999996799
226005, 32774.6300,  1, -141.08, 11.769999999996799
226019, 32776.0850,  3, 334.42, 13.12000000000262
226034, 32777.6500,  3, 338.58, 14.724999999998545
226107, 32785.2550,  3, 309.36, 22.345000000001164
226215, 32807.6600,  3, 323.93, 11.080000000001746
226227, 32808.9100,  3, 335.22, 12.355000000003201
226261, 32812.4550,  3, 345.43, 15.930000000000291
226266, 32812.9750,  1, -103.51, 16.455000000001746
226266, 32812.9750,  1, -172.28, 16.455000000001746
226303, 32816.8300,  3, 290.00, 20.29500000000553
226316, 32818.1850,  3, 303.11, 21.590000000003783
226363, 32823.0800,  3, 244.95, 26.485000000000582
226486, 32846.7250,  3, 320.98, 12.62000000000262
226486, 32846.7250,  3, 333.45, 12.650000000001455
226497, 32847.8700,  3, 337.15, 13.785000000003492
226498, 32847.9750,  3, 304.96, 13.92500000000291
226533, 32851.6200,  3, 310.22, 17.55500000000029
226535, 32851.8300,  3, 315.43, 17.779999999998836
226563, 32854.7450,  3, 317.33, 20.669999999998254
226573, 32855.7850,  3, 309.08, 21.720000000001164
226640, 32873.6050,  1, -108.56, 6.875
226640, 32873.6050,  1, -169.98, 6.875
226689, 32878.7100,  3, 343.34, 11.884999999994761
226701, 32879.9600,  3, 310.92, 13.174999999995634
226717, 32881.6300,  3, 347.17, 14.799999999995634
226736, 32883.6050,  3, 301.09, 16.80500000000029
226772, 32887.3550,  3, 290.71, 20.539999999993597
226785, 32888.7100,  3, 285.98, 21.914999999993597
226876, 32908.9100,  1, -181.83, 9.375
226876, 32908.9100,  1, -134.26, 9.375
226899, 32911.3100,  3, 333.16, 11.75499999999738
226915, 32912.9750,  3, 326.93, 13.429999999993015
226942, 32915.7850,  3, 325.31, 16.14999999999418
226952, 32916.8300,  3, 329.70, 17.214999999996508
227029, 32924.8500,  3, 297.05, 25.224999999998545
227079, 32930.0600,  3, 288.70, 30.43499999999767
227136, 32947.2250,  1, -144.86, 5.834999999999127
227136, 32947.2250,  1, -125.95, 5.834999999999127
227142, 32947.8500,  1, -144.52, 6.459999999999127
227142, 32947.8500,  1, -122.29, 6.459999999999127
227200, 32953.8900,  3, 337.47, 12.404999999998836
227225, 32956.4950,  3, 310.88, 15.099999999998545
227298, 32964.1000,  3, 296.70, 22.69000000000233
227326, 32967.0150,  3, 280.47, 25.580000000001746
227399, 32985.6700,  1, -135.77, 7.5
227399, 32985.6700,  1, -143.28, 7.5
227436, 32989.5250,  3, 362.93, 11.285000000003492
227453, 32991.2950,  3, 321.68, 13.075000000004366
227466, 32992.6500,  3, 330.02, 14.470000000001164
227522, 32998.4800,  3, 314.10, 20.285000000003492
227523, 32998.5850,  3, 320.39, 20.334999999999127
227553, 33001.7100,  3, 299.70, 23.474999999998545
227673, 33025.9800,  3, 334.93, 12.365000000005239
227674, 33026.0850,  3, 328.20, 12.42500000000291
227682, 33026.9200,  3, 322.45, 13.270000000004075
227700, 33028.7950,  3, 337.18, 15.130000000004657
227704, 33029.2100,  3, 317.88, 15.605000000003201
227715, 33030.3550,  3, 327.57, 16.69000000000233
227729, 33031.8150,  3, 308.05, 18.165000000000873
227768, 33035.8800,  3, 296.84, 22.24000000000524
227850, 33055.2450,  1, -120.70, 8.435000000004948
227850, 33055.2450,  1, -183.25, 8.435000000004948
227881, 33058.4750,  3, 351.77, 11.615000000005239
227901, 33060.5600,  3, 329.46, 13.735000000000582
227956, 33066.2850,  3, 304.99, 19.400000000001455
227978, 33068.5800,  3, 307.59, 21.705000000001746
227979, 33068.6850,  3, 290.82, 21.779999999998836
228013, 33072.2250,  3, 311.89, 25.410000000003492
228076, 33089.5600,  1, -153.38, 6.459999999999127
228076, 33089.5600,  1, -121.61, 6.459999999999127
228081, 33090.0800,  1, -161.64, 6.980000000003201
228081, 33090.0800,  1, -115.92, 6.980000000003201
228088, 33090.8100,  1, -174.80, 7.709999999999127
228088, 33090.8100,  1, -129.28, 7.709999999999127
228174, 33099.7650,  3, 295.57, 16.56999999999971
228187, 33101.1200,  3, 284.72, 17.99500000000262
228307, 33124.6750,  3, 325.19, 12.380000000004657
228323, 33126.3450,  3, 313.06, 13.99500000000262
228325, 33126.5500,  3, 308.43, 14.24500000000262
228344, 33128.5300,  3, 314.90, 16.154999999998836
228347, 33128.8450,  3, 310.72, 16.529999999998836
228367, 33130.9250,  3, 346.52, 18.55500000000029
228369, 33131.1350,  3, 333.19, 18.825000000004366
228428, 33137.2800,  3, 304.61, 24.93499999999767
228542, 33160.0250,  3, 362.46, 11.67000000000553
228562, 33162.1050,  3, 324.47, 13.825000000004366
228574, 33163.3550,  3, 340.78, 15.030000000006112
228576, 33163.5650,  3, 331.90, 15.25
228639, 33170.1300,  3, 281.47, 21.830000000001746
228651, 33171.3800,  3, 274.34, 23.05500000000029
228688, 33175.2300,  3, 280.58, 26.965000000003783
228735, 33180.1300,  3, 274.22, 31.81999999999971
228873, 33205.4400,  3, 325.49, 14.185000000004948
228892, 33207.4200,  3, 311.71, 16.145000000004075
228892, 33207.4200,  3, 310.24, 16.235000000000582
228921, 33210.4400,  3, 329.82, 19.235000000000582
228955, 33213.9800,  3, 300.31, 22.80500000000029
228964, 33214.9200,  3, 299.85, 23.650000000001455
229014, 33220.1300,  3, 291.61, 28.8550000000032
229020, 33220.7550,  3, 304.43, 29.529999999998836
229093, 33239.0850,  1, -119.50, 7.495000000002619
229093, 33239.0850,  1, -171.42, 7.495000000002619
229094, 33239.1900,  1, -160.10, 7.600000000005821
229094, 33239.1900,  1, -129.12, 7.600000000005821
229141, 33244.0850,  3, 322.26, 12.42500000000291
229147, 33244.7100,  3, 343.99, 13.065000000002328
229154, 33245.4400,  3, 335.73, 13.760000000002037
229169, 33247.0050,  3, 310.35, 15.385000000002037
229278, 33269.4350,  3, 346.48, 11.220000000001164
229301, 33271.8300,  3, 317.44, 13.584999999999127
229303, 33272.0350,  3, 326.68, 13.834999999999127
229323, 33274.1200,  3, 313.45, 15.915000000000873
229342, 33276.1000,  3, 303.50, 17.909999999996217
229353, 33277.2450,  3, 291.15, 18.985000000000582
229515, 33294.1200,  3, 288.12, 35.8949999999968
229545, 33297.2450,  3, 269.05, 39.01000000000204
229603, 33314.2750,  1, -125.96, 5.935000000004948
229603, 33314.2750,  1, -133.94, 5.935000000004948
229608, 33314.7950,  1, -114.16, 6.455000000001746
229608, 33314.7950,  1, -169.62, 6.455000000001746
229675, 33321.7750,  3, 350.18, 13.42500000000291
229692, 33323.5450,  3, 325.70, 15.130000000004657
229706, 33325.0050,  3, 343.26, 16.575000000004366
229710, 33325.4200,  3, 331.71, 16.97500000000582
229821, 33348.0150,  3, 357.86, 11.395000000004075
229848, 33350.8300,  3, 315.48, 14.24500000000262
229853, 33351.3500,  3, 329.55, 14.715000000003783
229853, 33351.3500,  3, 327.12, 14.72500000000582
229885, 33354.6850,  3, 308.77, 18.025000000001455
229892, 33355.4100,  3, 330.95, 18.840000000003783
229893, 33355.5150,  3, 306.11, 18.895000000004075
229906, 33356.8700,  3, 345.75, 20.255000000004657
229962, 33373.7750,  1, -129.57, 5.730000000003201
229962, 33373.7750,  1, -130.31, 5.730000000003201
230051, 33383.0450,  3, 312.62, 14.935000000004948
230058, 33383.7750,  3, 329.35, 15.720000000001164
230086, 33386.6900,  3, 328.28, 18.56999999999971
230092, 33387.3150,  3, 292.67, 19.260000000002037
230102, 33388.3550,  3, 305.95, 20.235000000000582
230142, 33392.5250,  3, 288.11, 24.455000000001746
230204, 33409.9800,  1, -109.75, 6.355000000003201
230204, 33409.9800,  1, -147.60, 6.355000000003201
230219, 33411.5450,  1, -165.30, 7.919999999998254
230286, 33418.5250,  3, 340.43, 14.894999999996799
230309, 33420.9200,  3, 308.85, 17.25499999999738
230314, 33421.4400,  3, 311.43, 17.7300000000032
230427, 33433.2100,  3, 285.32, 29.535000000003492
230469, 33437.5850,  3, 286.12, 33.8550000000032
230532, 33456.0350,  1, -156.19, 6.455000000001746
230532, 33456.0350,  1, -129.88, 6.455000000001746
230534, 33456.2450,  1, -134.38, 6.665000000000873
230534, 33456.2450,  1, -139.72, 6.665000000000873
230576, 33460.6200,  3, 350.87, 10.939999999995052
230598, 33462.9100,  3, 331.29, 13.299999999995634
230670, 33470.4100,  3, 319.78, 20.814999999995052
230678, 33471.2450,  3, 292.99, 21.564999999995052
230787, 33494.4800,  3, 350.37, 11.174999999995634
230792, 33495.0050,  1, -147.35, 11.77499999999418
230792, 33495.0050,  1, -133.82, 11.77499999999418
230795, 33495.3150,  3, 330.90, 12.069999999999709
230827, 33498.6500,  3, 349.97, 15.364999999997963
230835, 33499.4800,  3, 349.46, 16.219999999993888
230839, 33499.9000,  3, 334.58, 16.56999999999971
230906, 33506.8800,  3, 297.56, 23.56999999999971
230967, 33525.1000,  1, -150.92, 6.25
230967, 33525.1000,  1, -120.78, 6.25
231029, 33531.5600,  3, 323.03, 12.645000000004075
231037, 33532.3900,  3, 331.63, 13.485000000000582
231058, 33534.5800,  3, 316.62, 15.685000000004948
231100, 33538.9550,  3, 296.55, 20.06999999999971
231137, 33542.8100,  3, 317.67, 23.860000000000582
231144, 33543.5350,  3, 315.52, 24.639999999999418
231263, 33566.8900,  3, 341.42, 12.264999999999418
231288, 33569.4950,  3, 323.56, 14.794999999998254
231294, 33570.1200,  3, 318.50, 15.505000000004657
231303, 33571.0600,  3, 302.11, 16.415000000000873
231333, 33574.1850,  3, 280.21, 19.49500000000262
231334, 33574.2850,  3, 310.61, 19.654999999998836
231361, 33577.1000,  3, 282.98, 22.44499999999971
231470, 33588.4550,  3, 282.06, 33.81999999999971
231535, 33606.1850,  1, -142.37, 6.669999999998254
231535, 33606.1850,  1, -144.16, 6.669999999998254
231553, 33608.0600,  1, -150.57, 8.544999999998254
231553, 33608.0600,  1, -164.35, 8.544999999998254
231628, 33615.8700,  3, 318.43, 16.25499999999738
231635, 33616.6000,  3, 342.24, 17.020000000004075
231716, 33625.0350,  3, 327.47, 25.42500000000291
231735, 33627.0150,  3, 298.46, 27.43000000000029
231899, 33655.1750,  3, 305.67, 16.905000000006112
231899, 33655.1750,  3, 333.13, 16.955000000001746
231906, 33655.9050,  3, 317.60, 17.60000000000582
231922, 33657.5750,  3, 325.29, 19.30000000000291
231932, 33658.6150,  3, 313.90, 20.410000000003492
231938, 33659.2400,  3, 303.05, 21.035000000003492
231968, 33662.3650,  3, 274.30, 24.1050000000032
231992, 33664.8650,  3, 280.25, 26.639999999999418
232123, 33689.6000,  3, 323.14, 13.489999999997963
232123, 33689.6000,  3, 326.68, 13.510000000002037
232124, 33689.7050,  3, 338.63, 13.639999999999418
232134, 33690.7450,  3, 333.04, 14.610000000000582
232142, 33691.5800,  3, 307.40, 15.444999999999709
232358, 33714.0800,  3, 252.89, 37.919999999998254
232376, 33715.9550,  3, 263.11, 39.8550000000032
232509, 33729.8100,  3, 265.56, 53.74500000000262
232637, 33754.0150,  3, 314.06, 13.169999999998254
232663, 33756.7250,  3, 338.17, 15.839999999996508
232685, 33759.0150,  3, 329.84, 18.12000000000262
232692, 33759.7450,  3, 316.14, 18.93000000000029
232695, 33760.0600,  3, 289.71, 19.169999999998254
232713, 33761.9350,  3, 289.79, 21.139999999999418
232733, 33764.0150,  3, 309.17, 23.169999999998254
232838, 33774.9550,  3, 308.81, 34.125
232911, 33793.4800,  1, -146.50, 7.495000000002619
232911, 33793.4800,  1, -144.09, 7.495000000002619
232955, 33798.0650,  3, 347.39, 12.05000000000291
232974, 33800.0450,  3, 323.48, 14.055000000000291
233004, 33803.1700,  3, 314.37, 17.12999999999738
233051, 33808.0650,  3, 340.34, 21.979999999995925
233072, 33810.2550,  3, 314.65, 24.229999999995925
233098, 33812.9600,  3, 309.05, 26.875
233187, 33833.1600,  1, -175.59, 9.165000000000873
233187, 33833.1600,  1, -85.29, 9.165000000000873
233224, 33837.0150,  3, 339.00, 12.924999999995634
233239, 33838.5800,  3, 324.33, 14.564999999995052
233244, 33839.1000,  3, 320.87, 15.059999999997672
233249, 33839.6200,  3, 325.49, 15.519999999996799
233250, 33839.7250,  3, 307.48, 15.714999999996508
233282, 33843.0600,  3, 326.49, 19.05999999999767
233346, 33860.6350,  1, -124.70, 6.565000000002328
233346, 33860.6350,  1, -141.86, 6.565000000002328
233350, 33861.0500,  1, -130.43, 6.980000000003201
233350, 33861.0500,  1, -154.68, 6.980000000003201
233408, 33867.0950,  3, 339.91, 12.934999999997672
233409, 33867.2000,  3, 325.43, 13.125
233413, 33867.6150,  3, 331.61, 13.5
233437, 33870.1150,  3, 307.29, 15.985000000000582
233506, 33888.0100,  1, -159.88, 7.084999999999127
233506, 33888.0100,  1, -125.65, 7.084999999999127
233557, 33893.3250,  3, 348.52, 12.32499999999709
233570, 33894.6750,  3, 340.10, 13.659999999996217
233576, 33895.3000,  3, 341.37, 14.299999999995634
233640, 33901.9700,  3, 329.58, 20.94999999999709
233697, 33907.9050,  3, 272.51, 26.93499999999767
233712, 33909.4700,  3, 301.91, 28.489999999997963
233835, 33933.3500,  3, 321.39, 12.694999999999709
233843, 33934.1850,  3, 325.16, 13.485000000000582
233854, 33935.3300,  3, 322.74, 14.610000000000582
233879, 33937.9350,  3, 301.40, 17.25
233885, 33938.5600,  3, 328.81, 17.880000000004657
233924, 33942.6200,  3, 305.47, 21.93000000000029
233983, 33948.7650,  3, 310.27, 28.040000000000873
234400, 33992.2050,  3, 230.71, 71.48500000000058
234471, 34010.6700,  1, -167.07, 7.294999999998254
234471, 34010.6700,  1, -116.98, 7.294999999998254
234477, 34011.2950,  1, -164.91, 7.919999999998254
234477, 34011.2950,  1, -130.30, 7.919999999998254
234497, 34013.3800,  1, -123.68, 10.00499999999738
234497, 34013.3800,  1, -170.48, 10.00499999999738
234552, 34019.1050,  1, -151.57, 15.730000000003201
234552, 34019.1050,  1, -155.53, 15.730000000003201
234623, 34037.5800,  1, -163.74, 7.185000000004948
234623, 34037.5800,  1, -133.44, 7.185000000004948
234677, 34043.2050,  3, 331.77, 12.805000000000291
234693, 34044.8700,  3, 325.97, 14.410000000003492
234702, 34045.8100,  3, 331.07, 15.345000000001164
234734, 34049.1400,  3, 319.40, 18.665000000000873
234893, 34065.7050,  3, 274.08, 35.270000000004075
235152, 34092.6850,  3, 228.55, 62.21500000000378
235236, 34112.2750,  1, -188.49, 8.645000000004075
235236, 34112.2750,  1, -150.33, 8.645000000004075
235275, 34116.3350,  3, 347.92, 12.625
235279, 34116.7550,  3, 310.36, 13.035000000003492
235295, 34118.4200,  3, 341.28, 14.720000000001164
235310, 34119.9800,  3, 308.69, 16.30500000000029
235312, 34120.1900,  3, 323.77, 16.55000000000291
235327, 34121.7550,  3, 290.93, 18.10000000000582
235455, 34146.8150,  3, 333.01, 13.195000000006985
235457, 34147.0250,  3, 316.26, 13.340000000003783
235457, 34147.0250,  3, 320.15, 13.415000000000873
235464, 34147.7550,  3, 335.17, 14.070000000006985
235477, 34149.1050,  3, 314.65, 15.485000000000582
235483, 34149.7300,  3, 311.83, 16.070000000006985
235486, 34150.0450,  3, 327.68, 16.375
235526, 34154.2100,  3, 322.17, 20.520000000004075
235639, 34176.8900,  3, 332.12, 11.645000000004075
235659, 34178.9750,  3, 344.72, 13.739999999997963
235677, 34180.8500,  3, 302.49, 15.535000000003492
235678, 34180.9550,  3, 315.15, 15.669999999998254
235682, 34181.3700,  3, 303.72, 16.084999999999127
235686, 34181.7850,  3, 278.58, 16.485000000000582
235708, 34184.0800,  3, 331.75, 18.755000000004657
235742, 34187.6200,  3, 310.21, 22.294999999998254
235830, 34207.6050,  1, -126.33, 9.060000000004948
235830, 34207.6050,  1, -164.30, 9.060000000004948
235853, 34210.0050,  3, 343.98, 11.42500000000291
235865, 34211.2550,  3, 352.93, 12.645000000004075
235889, 34213.7550,  3, 291.73, 15.185000000004948
235895, 34214.3800,  3, 317.29, 15.775000000001455
235902, 34215.1050,  3, 318.64, 16.529999999998836
235949, 34220.0050,  3, 297.14, 21.435000000004948
236077, 34244.1550,  3, 330.52, 13.189999999995052
236086, 34245.0950,  3, 313.22, 14.089999999996508
236088, 34245.3000,  3, 305.82, 14.319999999999709
236097, 34246.2400,  3, 310.87, 15.224999999998545
236112, 34247.8000,  3, 296.78, 16.789999999993597
236142, 34250.9250,  3, 305.94, 19.959999999999127
236202, 34257.1750,  3, 272.93, 26.239999999997963
236287, 34266.0300,  3, 258.21, 35.01499999999942
236422, 34291.1200,  3, 327.50, 13.944999999999709
236443, 34293.3100,  3, 314.38, 16.044999999998254
236456, 34294.6600,  3, 309.80, 17.455000000001746
236465, 34295.6000,  3, 312.36, 18.339999999996508
236467, 34295.8100,  3, 334.03, 18.540000000000873
236483, 34297.4750,  3, 323.79, 20.24500000000262
236517, 34301.0150,  3, 301.18, 23.75499999999738
236520, 34301.3300,  3, 258.38, 24.095000000001164
236618, 34322.4250,  1, -212.64, 10.10000000000582
236618, 34322.4250,  1, -73.87, 10.10000000000582
236631, 34323.7800,  3, 329.51, 11.415000000000873
236637, 34324.4050,  3, 352.54, 12.025000000001455
236641, 34324.8250,  3, 356.77, 12.405000000006112
236643, 34325.0300,  3, 324.17, 12.655000000006112
236659, 34326.7000,  3, 351.46, 14.270000000004075
236725, 34333.5750,  3, 304.85, 21.17500000000291
236807, 34353.0350,  1, -94.63, 8.435000000004948
236807, 34353.0350,  1, -179.10, 8.435000000004948
236844, 34356.8900,  3, 339.69, 12.209999999999127
236850, 34357.5150,  3, 347.42, 12.900000000001455
236891, 34361.7850,  3, 308.57, 17.160000000003492
236930, 34365.8500,  3, 280.60, 21.150000000001455
236972, 34370.2250,  3, 301.73, 25.599999999998545
237040, 34377.3100,  3, 286.56, 32.654999999998836
237108, 34395.1900,  1, -123.45, 6.975000000005821
237108, 34395.1900,  1, -142.14, 6.975000000005821
237177, 34402.3800,  3, 338.35, 14.060000000004948
237178, 34402.4800,  3, 327.37, 14.235000000000582
237179, 34402.5850,  3, 345.56, 14.320000000006985
237182, 34402.9000,  3, 336.28, 14.680000000000291
237215, 34406.3350,  3, 296.69, 18.10000000000582
237278, 34412.9000,  3, 298.31, 24.585000000006403
237335, 34429.6700,  1, -135.03, 5.830000000001746
237335, 34429.6700,  1, -135.46, 5.830000000001746
237381, 34434.4600,  1, -173.78, 10.62000000000262
237381, 34434.4600,  1, -134.53, 10.62000000000262
237396, 34436.0250,  3, 329.00, 12.10000000000582
237402, 34436.6500,  3, 334.56, 12.80000000000291
237451, 34441.7550,  3, 296.24, 17.87000000000262
237514, 34448.3150,  3, 282.83, 24.445000000006985
237615, 34470.5450,  1, -131.46, 10.415000000000873
237615, 34470.5450,  1, -169.73, 10.415000000000873
237615, 34470.5450,  3, 353.07, 10.410000000003492
237649, 34474.0850,  3, 295.28, 13.860000000000582
237650, 34474.1900,  3, 319.19, 14.030000000006112
237673, 34476.5850,  3, 307.73, 16.42000000000553
237702, 34479.6050,  3, 309.07, 19.375
237754, 34485.0250,  3, 294.12, 24.830000000001746
237879, 34509.0750,  3, 329.31, 12.915000000000873
237912, 34512.5100,  3, 326.38, 16.255000000004657
237924, 34513.7600,  3, 299.86, 17.544999999998254
237925, 34513.8650,  3, 352.12, 17.67500000000291
237936, 34515.0100,  3, 307.64, 18.840000000003783
237947, 34516.1550,  3, 309.92, 19.965000000003783
237966, 34518.1350,  3, 308.81, 21.970000000001164
237979, 34519.4900,  3, 307.67, 23.264999999999418
238040, 34536.5850,  1, -132.52, 6.25
238040, 34536.5850,  1, -140.45, 6.25
238058, 34538.4600,  1, -165.91, 8.125
238058, 34538.4600,  1, -128.80, 8.125
238096, 34542.4200,  3, 330.91, 12.035000000003492
238098, 34542.6300,  3, 330.98, 12.194999999999709
238106, 34543.4600,  3, 344.27, 13.12000000000262
238176, 34550.7550,  3, 302.35, 20.3550000000032
238238, 34568.1400,  1, -141.89, 6.349999999998545
238238, 34568.1400,  1, -142.35, 6.349999999998545
238301, 34574.7050,  3, 342.53, 12.834999999999127
238304, 34575.0150,  3, 304.76, 13.174999999995634
238313, 34575.9550,  3, 319.65, 14.080000000001746
238324, 34577.1000,  3, 293.65, 15.275000000001455
238451, 34590.3300,  3, 301.16, 28.455000000001746
238451, 34590.3300,  3, 292.12, 28.464999999996508
238524, 34608.8800,  1, -179.23, 7.504999999997381
238524, 34608.8800,  1, -97.54, 7.504999999997381
238532, 34609.7100,  1, -116.70, 8.334999999999127
238532, 34609.7100,  1, -177.22, 8.334999999999127
238570, 34613.6700,  1, -137.69, 12.294999999998254
238570, 34613.6700,  1, -166.48, 12.294999999998254
238602, 34617.0050,  3, 357.19, 15.589999999996508
238704, 34627.6300,  3, 325.06, 26.154999999998836
238786, 34647.2100,  1, -170.77, 8.434999999997672
238786, 34647.2100,  1, -99.62, 8.434999999997672
238825, 34651.2750,  3, 345.24, 12.424999999995634
238828, 34651.5850,  3, 337.45, 12.75499999999738
238866, 34655.5450,  3, 356.28, 16.669999999998254
238922, 34661.3800,  3, 316.26, 22.55500000000029
238967, 34666.0650,  3, 309.88, 27.25499999999738
239081, 34677.9400,  3, 259.18, 39.08999999999651
239137, 34694.6900,  1, -137.65, 5.725000000005821
239137, 34694.6900,  1, -146.24, 5.725000000005821
239208, 34702.0850,  3, 323.73, 13.080000000001746
239218, 34703.1300,  3, 316.56, 14.145000000004075
239236, 34705.0050,  3, 304.35, 15.960000000006403
239286, 34710.2100,  3, 318.94, 21.235000000000582
239354, 34717.2950,  3, 270.05, 28.24500000000262
239414, 34723.5450,  3, 267.06, 34.56500000000233
239502, 34743.4950,  1, -115.55, 9.065000000002328
239502, 34743.4950,  1, -175.25, 9.065000000002328
239529, 34746.3100,  3, 325.45, 11.875
239533, 34746.7250,  3, 322.16, 12.230000000003201
239539, 34747.3500,  3, 344.07, 12.909999999996217
239551, 34748.6000,  3, 313.39, 14.125
239562, 34749.7450,  3, 292.52, 15.239999999997963
239632, 34757.0350,  3, 283.23, 22.540000000000873
239739, 34778.9800,  3, 349.14, 11.02499999999418
239757, 34780.8550,  3, 360.86, 12.884999999994761
239768, 34782.0050,  3, 324.84, 14.059999999997672
239783, 34783.5650,  3, 327.48, 15.614999999997963
239839, 34789.4000,  3, 303.89, 21.415000000000873
239842, 34789.7100,  3, 291.26, 21.75
240046, 34810.9600,  3, 261.45, 42.99499999999534
240064, 34812.8350,  3, 256.56, 44.83499999999913
240129, 34830.5050,  1, -135.14, 6.669999999998254
240129, 34830.5050,  1, -147.99, 6.669999999998254
240195, 34837.3800,  3, 330.14, 13.465000000003783
240202, 34838.1050,  3, 322.29, 14.205000000001746
240264, 34844.5650,  3, 286.15, 20.69000000000233
240276, 34845.8150,  3, 304.66, 21.87999999999738
240277, 34845.9200,  3, 314.87, 22.05000000000291
240360, 34854.5650,  3, 266.04, 30.67500000000291
240420, 34871.8250,  1, -140.95, 6.149999999994179
240420, 34871.8250,  1, -129.63, 6.149999999994179
240488, 34878.9050,  3, 360.53, 13.14999999999418
240502, 34880.3650,  3, 325.20, 14.654999999998836
240541, 34884.4250,  3, 312.79, 18.674999999995634
240574, 34887.8650,  3, 298.92, 22.114999999997963
240585, 34889.0100,  3, 310.73, 23.32999999999447
240659, 34896.7200,  3, 283.96, 30.974999999998545
240729, 34914.8350,  1, -182.69, 7.184999999997672
240729, 34914.8350,  1, -103.93, 7.184999999997672
240786, 34920.7750,  3, 326.58, 13.114999999997963
240790, 34921.1900,  3, 340.45, 13.44999999999709
240794, 34921.6050,  1, -116.21, 13.955000000001746
240794, 34921.6050,  1, -183.18, 13.955000000001746
240859, 34928.3800,  3, 337.38, 20.635000000002037
240882, 34930.7750,  3, 316.49, 23.044999999998254
240942, 34947.9400,  1, -131.96, 6.1450000000040745
240942, 34947.9400,  1, -144.69, 6.1450000000040745
241002, 34954.1900,  3, 326.22, 12.355000000003201
241003, 34954.2950,  3, 355.75, 12.474999999998545
241020, 34956.0650,  3, 332.70, 14.209999999999127
241042, 34958.3550,  3, 334.55, 16.55500000000029
241265, 34981.5850,  3, 291.27, 39.720000000001164
241282, 34983.3550,  3, 302.72, 41.4800000000032
241369, 35003.0650,  1, -181.54, 8.955000000001746
241369, 35003.0650,  1, -104.63, 8.955000000001746
241418, 35008.1700,  3, 332.32, 13.989999999997963
241429, 35009.3150,  3, 332.34, 15.165000000000873
241441, 35010.5650,  3, 305.95, 16.349999999998545
241447, 35011.1900,  3, 311.05, 17.040000000000873
241466, 35013.1700,  3, 306.46, 19.044999999998254
241594, 35026.5050,  3, 276.98, 32.294999999998254
241726, 35051.0950,  3, 332.60, 13.565000000002328
241735, 35052.0300,  3, 300.22, 14.490000000005239
241758, 35054.4250,  3, 323.34, 16.965000000003783
241779, 35056.6150,  3, 326.93, 19.090000000003783
241793, 35058.0750,  3, 341.43, 20.56500000000233
241795, 35058.2800,  3, 292.47, 20.79500000000553
241803, 35059.1150,  3, 328.93, 21.560000000004948
241824, 35061.3000,  3, 313.82, 23.785000000003492
241881, 35078.0300,  1, -138.82, 5.830000000001746
241881, 35078.0300,  1, -124.78, 5.830000000001746
241951, 35085.3250,  3, 339.04, 13.05000000000291
241984, 35088.7600,  3, 308.00, 16.55500000000029
242013, 35091.7800,  3, 302.73, 19.4800000000032
242058, 35096.4700,  3, 338.30, 24.2300000000032
242077, 35098.4500,  3, 307.75, 26.200000000004366
242162, 35107.3000,  3, 285.77, 35.020000000004075
242233, 35125.6600,  1, -111.43, 7.290000000000873
242233, 35125.6600,  1, -173.05, 7.290000000000873
242296, 35132.2250,  3, 341.43, 13.764999999999418
242327, 35135.4550,  3, 325.93, 17.05500000000029
242349, 35137.7450,  3, 312.54, 19.27499999999418
242480, 35151.3900,  3, 292.93, 32.96499999999651
242555, 35159.2050,  3, 274.14, 40.799999999995634
242567, 35160.4550,  3, 278.19, 42.05500000000029
242713, 35186.6600,  3, 319.26, 15.065000000002328
242725, 35187.9100,  3, 316.74, 16.31999999999971
242726, 35188.0150,  3, 309.91, 16.42000000000553
242734, 35188.8500,  3, 309.05, 17.19499999999971
242752, 35190.7250,  3, 311.28, 19.139999999999418
242783, 35193.9550,  3, 310.35, 22.31500000000233
242969, 35213.3300,  3, 222.95, 41.71500000000378
243064, 35223.2250,  3, 211.94, 51.59000000000378
243125, 35240.6200,  1, -138.61, 6.25
243125, 35240.6200,  1, -140.62, 6.25
243201, 35248.5350,  3, 328.67, 14.12999999999738
243221, 35250.6200,  3, 318.99, 16.154999999998836
243280, 35256.7650,  3, 330.77, 22.360000000000582
243284, 35257.1850,  3, 312.04, 22.75499999999738
243332, 35262.1850,  3, 302.18, 27.80999999999767
243350, 35264.0600,  3, 264.08, 29.63499999999476
243409, 35281.1600,  1, -137.50, 6.040000000000873
243409, 35281.1600,  1, -124.94, 6.040000000000873
243445, 35284.9100,  1, -141.73, 9.790000000000873
243445, 35284.9100,  1, -132.85, 9.790000000000873
243464, 35286.8900,  3, 345.77, 11.714999999996508
243470, 35287.5150,  3, 339.33, 12.32499999999709
243490, 35289.6000,  3, 317.15, 14.404999999998836
243622, 35303.3500,  3, 283.15, 28.125
243765, 35329.0300,  3, 331.29, 14.694999999999709
243801, 35332.7800,  3, 310.73, 18.485000000000582
243817, 35334.4500,  3, 319.55, 20.160000000003492
243824, 35335.1750,  3, 336.59, 20.86500000000524
243829, 35335.7000,  3, 292.90, 21.404999999998836
243839, 35336.7400,  3, 323.91, 22.415000000000873
243942, 35347.4700,  3, 293.92, 33.220000000001164
243955, 35348.8250,  3, 279.37, 34.51499999999942
244009, 35365.4750,  1, -142.01, 5.519999999996799
244009, 35365.4750,  1, -122.64, 5.519999999996799
244108, 35375.7850,  3, 328.87, 15.735000000000582
244127, 35377.7650,  3, 329.71, 17.794999999998254
244130, 35378.0800,  3, 288.09, 18.0199999999968
244149, 35380.0600,  3, 301.78, 20.0
244153, 35380.4750,  3, 329.45, 20.514999999999418
244211, 35386.5150,  3, 294.61, 26.549999999995634
244272, 35403.8500,  1, -141.49, 6.25
244272, 35403.8500,  1, -120.23, 6.25
244384, 35415.5150,  3, 307.18, 17.900000000001455
244391, 35416.2450,  3, 305.97, 18.56999999999971
244407, 35417.9100,  3, 317.87, 20.290000000000873
244408, 35418.0150,  3, 280.64, 20.3550000000032
244408, 35418.0150,  3, 330.75, 20.340000000003783
244419, 35419.1600,  3, 310.27, 21.49500000000262
244535, 35442.9350,  3, 342.66, 11.944999999999709
244557, 35445.2250,  3, 340.42, 14.174999999995634
244572, 35446.7850,  3, 296.53, 15.794999999998254
244579, 35447.5150,  3, 312.41, 16.549999999995634
244606, 35450.3300,  3, 324.45, 19.330000000001746
244642, 35454.0800,  3, 295.53, 23.06999999999971
244705, 35460.6400,  3, 266.96, 29.650000000001455
244739, 35464.1850,  3, 289.07, 33.224999999998545
244823, 35483.8800,  1, -156.67, 8.644999999996799
244823, 35483.8800,  1, -143.46, 8.644999999996799
244836, 35485.2300,  1, -128.14, 9.99500000000262
244836, 35485.2300,  1, -163.79, 9.99500000000262
244850, 35486.6900,  3, 337.11, 11.354999999995925
244877, 35489.5050,  3, 331.75, 14.264999999999418
244931, 35495.1300,  3, 331.97, 19.860000000000582
244950, 35497.1050,  3, 321.77, 21.81500000000233
245039, 35517.0850,  1, -184.82, 9.165000000000873
245039, 35517.0850,  1, -90.16, 9.165000000000873
245090, 35522.4000,  3, 337.32, 14.444999999999709
245133, 35526.8800,  3, 311.70, 18.86500000000524
245133, 35526.8800,  3, 332.18, 18.875
245198, 35533.6500,  3, 300.08, 25.715000000003783
245262, 35540.3150,  3, 277.94, 32.345000000001164
245275, 35541.6700,  3, 284.52, 33.68000000000029
245404, 35566.1850,  3, 335.38, 13.25
245423, 35568.1600,  3, 296.19, 15.235000000000582
245424, 35568.2650,  3, 329.31, 15.334999999999127
245435, 35569.4100,  3, 301.03, 16.514999999999418
245447, 35570.6600,  3, 317.25, 17.779999999998836
245449, 35570.8700,  3, 323.88, 17.915000000000873
245478, 35573.8900,  3, 291.11, 20.935000000004948
245535, 35579.8300,  3, 274.17, 26.910000000003492
245622, 35599.9400,  1, -119.20, 8.959999999999127
245622, 35599.9400,  1, -165.13, 8.959999999999127
245670, 35604.9400,  3, 343.38, 13.859999999993306
245740, 35612.2300,  3, 314.60, 21.14999999999418
245747, 35612.9600,  3, 289.09, 21.93499999999767
245748, 35613.0650,  3, 304.51, 22.05500000000029
245776, 35615.9800,  3, 296.10, 24.914999999993597
245899, 35628.7950,  3, 245.01, 37.71999999999389
245973, 35647.3250,  1, -172.03, 7.6049999999959255
245973, 35647.3250,  1, -109.07, 7.6049999999959255
245997, 35649.8250,  1, -175.39, 10.104999999995925
245997, 35649.8250,  1, -117.29, 10.104999999995925
246034, 35653.6750,  3, 344.83, 13.940000000002328
246079, 35658.3650,  3, 306.89, 18.610000000000582
246107, 35661.2800,  3, 304.25, 21.50499999999738
246182, 35669.0950,  3, 255.29, 29.30500000000029
246252, 35687.4100,  1, -156.40, 7.185000000004948
246252, 35687.4100,  1, -112.74, 7.185000000004948
246303, 35692.7250,  3, 316.33, 12.470000000001164
246333, 35695.8500,  3, 328.71, 15.595000000001164
246370, 35699.7050,  3, 276.81, 19.455000000001746
246406, 35703.4550,  3, 302.61, 23.19499999999971
246487, 35711.8900,  3, 311.97, 31.575000000004366
246556, 35719.0800,  3, 258.22, 38.794999999998254
246720, 35746.7800,  3, 322.46, 16.95499999999447
246733, 35748.1350,  3, 326.38, 18.279999999998836
246787, 35753.7600,  3, 280.95, 23.93499999999767
246793, 35754.3850,  1, -167.27, 24.584999999999127
246793, 35754.3850,  1, -191.14, 24.584999999999127
246840, 35759.2800,  3, 296.28, 29.45499999999447
246866, 35761.9900,  3, 273.80, 32.11000000000058
246974, 35773.2400,  3, 243.47, 43.43499999999767
247060, 35793.2450,  1, -146.90, 8.85000000000582
247060, 35793.2450,  1, -183.54, 8.85000000000582
247112, 35798.6600,  3, 335.70, 14.215000000003783
247125, 35800.0150,  3, 321.72, 15.610000000000582
247184, 35806.1600,  3, 306.18, 21.685000000004948
247220, 35809.9100,  3, 267.10, 25.5
247259, 35813.9750,  3, 284.30, 29.515000000006694
247330, 35821.3700,  3, 253.39, 36.96500000000378
247451, 35844.9000,  3, 328.49, 12.459999999999127
247456, 35845.4200,  3, 326.24, 12.919999999998254
247456, 35845.4200,  3, 322.02, 13.00499999999738
247484, 35848.3350,  3, 331.33, 15.885000000002037
247484, 35848.3350,  3, 306.71, 15.845000000001164
247567, 35856.9800,  3, 286.40, 24.489999999997963
247594, 35859.7950,  3, 297.03, 27.330000000001746
247683, 35869.0650,  3, 246.51, 36.6449999999968
247831, 35895.4950,  1, -220.56, 15.315000000002328
247831, 35895.4950,  1, -113.96, 15.315000000002328
247867, 35899.2450,  3, 297.01, 18.964999999996508
247915, 35904.2450,  3, 282.49, 23.9800000000032
247915, 35904.2450,  3, 294.31, 24.029999999998836
247931, 35905.9100,  3, 344.63, 25.67500000000291
247970, 35909.9750,  3, 260.99, 29.784999999996217
247986, 35911.6400,  3, 295.84, 31.44000000000233
248182, 35942.9550,  3, 321.21, 20.220000000001164
248203, 35945.1400,  3, 285.25, 22.410000000003492
248211, 35945.9750,  3, 296.86, 23.31999999999971
248227, 35947.6400,  3, 301.83, 24.985000000000582
248228, 35947.7450,  3, 306.63, 25.035000000003492
248302, 35955.4550,  3, 282.03, 32.79000000000087
248385, 35964.1000,  3, 263.53, 41.375
248399, 35965.5600,  3, 278.69, 42.830000000001746
248547, 35991.8850,  1, -167.12, 15.310000000004948
248547, 35991.8850,  1, -133.78, 15.310000000004948
248551, 35992.3000,  3, 333.70, 15.715000000003783
248555, 35992.7200,  3, 355.18, 16.040000000000873
248577, 35995.0100,  3, 320.86, 18.405000000006112
248601, 35997.5100,  3, 297.82, 20.885000000002037
248612, 35998.6550,  3, 315.68, 22.06500000000233
248630, 36000.5300,  3, 292.26, 23.935000000004948
248808, 36030.0250,  3, 339.75, 18.360000000000582
248811, 36030.3350,  3, 315.53, 18.7300000000032
248821, 36031.3800,  3, 309.01, 19.724999999998545
248851, 36034.5050,  3, 283.00, 22.845000000001164
248857, 36035.1300,  3, 306.75, 23.474999999998545
248877, 36037.2100,  3, 310.89, 25.575000000004366
248885, 36038.0450,  3, 272.71, 26.455000000001746
248901, 36039.7100,  3, 285.14, 28.044999999998254
249018, 36062.6000,  3, 341.56, 12.07499999999709
249034, 36064.2650,  3, 310.77, 13.709999999999127
249106, 36071.7650,  3, 306.40, 21.24500000000262
249137, 36074.9950,  3, 337.24, 24.404999999998836
249142, 36075.5150,  3, 284.01, 24.955000000001746
249145, 36075.8300,  3, 299.54, 25.25499999999738
249213, 36082.9100,  3, 296.28, 32.38999999999942
249253, 36087.0800,  3, 245.09, 36.529999999998836
249391, 36112.2600,  3, 328.38, 14.240000000005239
249410, 36114.2400,  3, 312.49, 16.150000000001455
249412, 36114.4500,  3, 312.08, 16.455000000001746
249422, 36115.4900,  3, 298.08, 17.43000000000029
249463, 36119.7600,  3, 277.84, 21.735000000000582
249540, 36127.7800,  3, 288.07, 29.760000000002037
249601, 36134.1350,  3, 267.81, 36.12000000000262
249689, 36143.3000,  3, 245.48, 45.270000000004075
249825, 36168.1750,  3, 341.64, 13.990000000005239
249834, 36169.1150,  3, 326.18, 14.935000000004948
249860, 36171.8250,  3, 335.98, 17.700000000004366
249907, 36176.7200,  3, 314.21, 22.584999999999127
249925, 36178.5950,  3, 289.26, 24.474999999998545
249991, 36185.4700,  3, 283.89, 31.255000000004657
250029, 36189.4250,  3, 298.61, 35.224999999998545
250458, 36234.1150,  2, 7.62,  80
250519, 36251.3800,  1, -142.86, 6.144999999996799
250519, 36251.3800,  1, -121.98, 6.144999999996799
250538, 36253.3550,  1, -107.14, 8.12000000000262
250538, 36253.3550,  1, -186.55, 8.12000000000262
250582, 36257.9400,  3, 337.14, 12.635000000002037
250611, 36260.9600,  3, 319.92, 15.665000000000873
250701, 36270.3350,  3, 292.85, 25.025000000001455
250811, 36281.7950,  3, 294.27, 36.51000000000204
250923, 36305.2000,  1, -72.21, 11.564999999995052
250923, 36305.2000,  1, -200.40, 11.564999999995052
250949, 36307.9050,  3, 336.65, 14.165000000000873
250992, 36312.3850,  3, 299.22, 18.709999999999127
251006, 36313.8450,  3, 333.52, 20.20499999999447
251007, 36313.9500,  3, 316.11, 20.275000000001455
251030, 36316.3450,  3, 364.30, 22.639999999999418
251037, 36317.0750,  3, 311.86, 23.415000000000873
251098, 36334.4550,  1, -135.30, 6.25
251098, 36334.4550,  1, -138.75, 6.25
251109, 36335.6000,  1, -164.78, 7.394999999996799
251109, 36335.6000,  1, -106.04, 7.394999999996799
251160, 36340.9100,  3, 345.95, 12.69999999999709
251210, 36346.1200,  3, 295.76, 17.814999999995052
251240, 36349.2450,  3, 316.86, 20.985000000000582
251253, 36350.6000,  3, 325.32, 22.345000000001164
251374, 36374.0350,  3, 337.25, 12.455000000001746
251385, 36375.1850,  3, 347.84, 13.555000000000291
251434, 36380.2850,  3, 313.50, 18.6449999999968
251461, 36383.1000,  3, 304.29, 21.474999999998545
251473, 36384.3500,  3, 289.73, 22.775000000001455
251498, 36386.9550,  3, 308.63, 25.404999999998836
251559, 36393.3100,  3, 272.57, 31.674999999995634
251587, 36396.2250,  3, 274.55, 34.62999999999738
251703, 36419.3500,  3, 337.23, 11.904999999998836
251712, 36420.2850,  3, 340.74, 12.869999999995343
251722, 36421.3300,  3, 325.99, 13.939999999995052
251739, 36423.1000,  3, 306.72, 15.680000000000291
251757, 36424.9750,  3, 301.34, 17.514999999999418
251763, 36425.6000,  3, 316.57, 18.224999999998545
251778, 36427.1600,  3, 298.51, 19.764999999999418
251804, 36429.8700,  3, 313.35, 22.469999999993888
251883, 36449.1050,  1, -140.76, 8.12000000000262
251883, 36449.1050,  1, -155.15, 8.12000000000262
251995, 36460.7750,  3, 309.69, 19.760000000002037
251995, 36460.7750,  3, 330.16, 19.68499999999767
251995, 36460.7750,  3, 316.23, 19.764999999999418
251999, 36461.1900,  3, 324.45, 20.110000000000582
252037, 36465.1500,  3, 310.45, 24.104999999995925
252151, 36477.0250,  3, 283.78, 35.98999999999796
252244, 36497.7800,  1, -181.63, 9.580000000001746
252244, 36497.7800,  1, -128.78, 9.580000000001746
252339, 36507.6750,  3, 319.03, 19.389999999999418
252400, 36514.0300,  3, 279.77, 25.74500000000262
252408, 36514.8650,  3, 272.16, 26.6050000000032
252433, 36517.4700,  3, 307.92, 29.19000000000233
252438, 36517.9900,  3, 328.77, 29.69499999999971
252547, 36529.3450,  3, 283.84, 41.05000000000291
252654, 36551.4200,  3, 343.43, 10.935000000004948
252669, 36552.9800,  3, 333.13, 12.510000000002037
252675, 36553.6050,  3, 335.84, 13.139999999999418
252676, 36553.7100,  3, 340.89, 13.270000000004075
252682, 36554.3350,  3, 327.73, 13.92500000000291
252683, 36554.4400,  3, 337.89, 13.985000000000582
252696, 36555.7950,  3, 323.89, 15.325000000004366
252989, 36586.3150,  3, 277.80, 45.92000000000553
253110, 36609.7300,  3, 314.16, 12.459999999999127
253117, 36610.4600,  3, 307.23, 13.214999999996508
253152, 36614.1050,  3, 311.43, 16.775000000001455
253178, 36616.8150,  3, 314.92, 19.56500000000233
253198, 36618.9000,  3, 291.73, 21.599999999998545
253206, 36619.7300,  3, 316.61, 22.419999999998254
253264, 36625.7750,  3, 262.79, 28.470000000001164
253287, 36628.1700,  3, 278.24, 30.875
253419, 36652.8800,  3, 339.21, 13.610000000000582
253427, 36653.7100,  3, 346.31, 14.470000000001164
253429, 36653.9200,  3, 322.19, 14.604999999995925
253458, 36656.9400,  3, 307.66, 17.62999999999738
253477, 36658.9200,  3, 304.93, 19.650000000001455
253502, 36661.5250,  3, 308.78, 22.214999999996508
253518, 36663.1900,  3, 297.88, 23.94999999999709
253583, 36669.9600,  3, 321.84, 30.62999999999738
253752, 36698.4800,  1, -164.56, 17.5
253752, 36698.4800,  1, -175.07, 17.5
253805, 36704.0050,  3, 293.48, 23.014999999999418
253821, 36705.6700,  3, 272.38, 24.614999999997963
253828, 36706.4000,  3, 285.90, 25.375
253859, 36709.6300,  3, 282.10, 28.6449999999968
253863, 36710.0450,  3, 300.56, 29.0
253881, 36711.9200,  3, 250.61, 30.844999999993888
254072, 36743.6350,  3, 322.59, 19.75499999999738
254084, 36744.8850,  3, 327.76, 20.979999999995925
254092, 36745.7200,  3, 324.62, 21.834999999999127
254106, 36747.1750,  3, 305.16, 23.275000000001455
254110, 36747.5950,  3, 308.28, 23.739999999997963
254117, 36748.3250,  3, 298.73, 24.400000000001455
254278, 36765.0950,  3, 243.35, 41.150000000001455
254294, 36766.7600,  3, 260.28, 42.854999999995925
254444, 36793.1150,  3, 301.45, 15.419999999998254
254473, 36796.1350,  3, 283.15, 18.489999999997963
254500, 36798.9500,  3, 323.67, 21.2699999999968
254504, 36799.3650,  3, 286.56, 21.709999999999127
254505, 36799.4700,  3, 309.94, 21.7699999999968
254515, 36800.5100,  3, 299.44, 22.854999999995925
254519, 36800.9250,  3, 307.36, 23.30500000000029
254519, 36800.9250,  3, 297.57, 23.284999999996217
254632, 36823.6700,  3, 350.15, 11.569999999999709
254640, 36824.5050,  3, 343.09, 12.400000000001455
254662, 36826.7950,  1, -146.79, 14.794999999998254
254662, 36826.7950,  1, -155.76, 14.794999999998254
254676, 36828.2550,  3, 344.72, 16.19499999999971
254688, 36829.5050,  3, 271.90, 17.485000000000582
254770, 36838.0450,  3, 274.02, 26.0199999999968
254791, 36840.2300,  3, 273.75, 28.18000000000029
254874, 36859.7750,  1, -169.08, 8.540000000000873
254874, 36859.7750,  1, -124.99, 8.540000000000873
254934, 36866.0250,  3, 319.78, 14.690000000002328
254973, 36870.0850,  3, 303.38, 18.7699999999968
254974, 36870.1900,  3, 297.11, 18.889999999999418
254984, 36871.2300,  3, 327.13, 19.93499999999767
255017, 36874.6700,  3, 315.16, 23.345000000001164
255029, 36875.9200,  3, 311.65, 24.599999999998545
255095, 36893.4800,  1, -127.49, 6.765000000006694
255095, 36893.4800,  1, -151.43, 6.765000000006694
255172, 36901.5050,  3, 345.41, 14.710000000006403
255221, 36906.6050,  3, 314.19, 19.825000000004366
255275, 36912.2300,  3, 284.04, 25.435000000004948
255301, 36914.9400,  3, 270.29, 28.140000000006694
255440, 36929.4200,  3, 231.10, 42.62000000000262
255682, 36954.6300,  3, 226.11, 67.90500000000611
255744, 36971.8850,  1, -154.89, 6.355000000003201
255744, 36971.8850,  1, -131.10, 6.355000000003201
255810, 36978.7600,  3, 326.70, 13.200000000004366
255874, 36985.4250,  3, 298.74, 19.81500000000233
255891, 36987.2000,  3, 318.68, 21.595000000001164
255896, 36987.7200,  3, 292.73, 22.125
255923, 36990.5300,  3, 294.57, 24.94000000000233
255949, 36993.2400,  3, 294.70, 27.635000000002037
256050, 37014.9950,  1, -153.79, 10.415000000000873
256050, 37014.9950,  1, -136.97, 10.415000000000873
256084, 37018.5350,  3, 317.77, 13.934999999997672
256094, 37019.5800,  3, 334.21, 14.930000000000291
256096, 37019.7850,  3, 329.36, 15.159999999996217
256105, 37020.7250,  3, 325.98, 16.084999999999127
256108, 37021.0350,  3, 314.35, 16.375
256270, 37037.9100,  3, 249.33, 33.23500000000058
256344, 37057.2300,  1, -138.23, 7.605000000003201
256344, 37057.2300,  1, -170.32, 7.605000000003201
256377, 37060.6700,  3, 348.21, 10.944999999999709
256400, 37063.0650,  3, 323.32, 13.355000000003201
256432, 37066.4000,  3, 314.58, 16.720000000001164
256446, 37067.8550,  3, 319.18, 18.165000000000873
256550, 37078.6900,  3, 303.39, 28.970000000001164
256626, 37086.6050,  3, 270.46, 36.900000000001455
256703, 37106.3500,  1, -153.60, 7.915000000000873
256703, 37106.3500,  1, -116.96, 7.915000000000873
256764, 37112.7050,  3, 323.60, 14.17500000000291
256797, 37116.1400,  3, 292.61, 17.665000000000873
256810, 37117.4950,  3, 277.56, 19.05500000000029
256832, 37119.7850,  3, 310.00, 21.264999999999418
256857, 37122.3900,  3, 282.03, 23.910000000003492
256912, 37128.1200,  3, 265.27, 29.60000000000582
256985, 37146.6300,  1, -142.60, 7.504999999997381
256985, 37146.6300,  1, -129.73, 7.504999999997381
257038, 37152.1500,  3, 325.52, 12.989999999997963
257050, 37153.4000,  3, 337.73, 14.24500000000262
257060, 37154.4400,  3, 319.47, 15.24500000000262
257139, 37162.6700,  3, 297.13, 23.510000000002037
257142, 37162.9800,  3, 267.22, 23.845000000001164
257256, 37174.8550,  3, 281.63, 35.720000000001164
257339, 37194.3900,  1, -129.31, 8.540000000000873
257339, 37194.3900,  1, -163.62, 8.540000000000873
257370, 37197.6200,  3, 350.14, 11.690000000002328
257431, 37203.9750,  3, 303.38, 18.025000000001455
257483, 37209.3900,  3, 304.15, 23.525000000001455
257533, 37214.6000,  3, 297.23, 28.645000000004075
257558, 37217.2050,  3, 256.10, 31.25
257600, 37221.5800,  3, 275.11, 35.69499999999971
257737, 37247.7550,  3, 331.11, 14.105000000003201
257758, 37249.9400,  3, 317.51, 16.275000000001455
257806, 37254.9400,  3, 284.60, 21.334999999999127
257815, 37255.8800,  3, 297.74, 22.270000000004075
257829, 37257.3350,  3, 319.55, 23.705000000001746
257831, 37257.5450,  3, 278.89, 23.92500000000291
257836, 37258.0650,  3, 307.49, 24.395000000004075
257854, 37259.9400,  3, 298.55, 26.325000000004366
257932, 37279.0600,  1, -169.34, 8.019999999996799
257932, 37279.0600,  1, -134.48, 8.019999999996799
257977, 37283.7450,  3, 350.70, 12.674999999995634
258001, 37286.2450,  3, 317.66, 15.19999999999709
258019, 37288.1200,  3, 293.83, 17.00499999999738
258046, 37290.9350,  3, 323.52, 19.854999999995925
258089, 37295.4100,  3, 317.96, 24.284999999996217
258140, 37300.7250,  3, 253.36, 29.625
258262, 37324.2450,  3, 339.28, 12.544999999998254
258264, 37324.4550,  3, 341.06, 12.739999999997963
258331, 37331.4350,  3, 295.53, 19.779999999998836
258337, 37332.0600,  3, 288.32, 20.340000000003783
258348, 37333.2050,  3, 273.01, 21.55500000000029
258355, 37333.9350,  3, 298.32, 22.215000000003783
258391, 37337.6850,  3, 297.94, 25.989999999997963
258499, 37348.9350,  3, 274.32, 37.24500000000262
258564, 37366.6600,  1, -119.87, 6.665000000000873
258564, 37366.6600,  1, -156.98, 6.665000000000873
258626, 37373.1200,  3, 330.94, 13.034999999996217
258661, 37376.7650,  3, 331.02, 16.709999999999127
258676, 37378.3300,  3, 300.05, 18.235000000000582
258732, 37384.1600,  3, 342.45, 24.104999999995925
258779, 37389.0600,  3, 293.91, 29.0199999999968
258862, 37397.7050,  3, 290.21, 37.654999999998836
258932, 37415.8150,  1, -137.69, 7.185000000004948
258932, 37415.8150,  1, -147.95, 7.185000000004948
259035, 37426.5450,  3, 313.83, 17.885000000002037
259055, 37428.6300,  3, 304.58, 19.94000000000233
259073, 37430.5050,  3, 298.86, 21.79500000000553
259080, 37431.2300,  3, 278.50, 22.514999999999418
259088, 37432.0650,  3, 281.24, 23.340000000003783
259152, 37438.7300,  3, 249.55, 30.010000000002037
259224, 37457.1200,  1, -178.71, 7.3950000000040745
259224, 37457.1200,  1, -102.05, 7.3950000000040745
259233, 37458.0600,  1, -137.16, 8.334999999999127
259233, 37458.0600,  1, -155.63, 8.334999999999127
259277, 37462.6400,  3, 329.03, 12.880000000004657
259280, 37462.9550,  3, 336.89, 13.220000000001164
259310, 37466.0800,  3, 287.46, 16.290000000000873
259348, 37470.0350,  3, 300.99, 20.24500000000262
259487, 37495.5300,  1, -203.21, 14.375
259487, 37495.5300,  1, -141.27, 14.375
259503, 37497.2000,  3, 285.96, 15.959999999999127
259529, 37499.9050,  3, 331.07, 18.654999999998836
259542, 37501.2600,  3, 324.67, 20.010000000002037
259583, 37505.5300,  3, 284.02, 24.30500000000029
259660, 37513.5500,  3, 258.54, 32.36000000000058
259690, 37516.6750,  3, 273.94, 35.450000000004366
259769, 37536.9000,  1, -139.77, 8.125
259769, 37536.9000,  1, -154.75, 8.125
259819, 37542.1050,  3, 342.39, 13.25
259847, 37545.0250,  3, 304.50, 16.209999999999127
259850, 37545.3350,  3, 321.51, 16.510000000002037
259896, 37550.1300,  3, 318.36, 21.345000000001164
259907, 37551.2750,  3, 298.29, 22.404999999998836
259944, 37555.1300,  3, 252.89, 26.275000000001455
260009, 37572.8450,  1, -118.85, 6.669999999998254
260009, 37572.8450,  1, -155.94, 6.669999999998254
260052, 37577.3250,  3, 352.46, 11.069999999999709
260124, 37584.8250,  3, 302.04, 18.55500000000029
260144, 37586.9050,  1, -133.04, 20.729999999995925
260144, 37586.9050,  1, -166.76, 20.729999999995925
260156, 37588.1550,  3, 294.88, 21.87999999999738
260191, 37591.8000,  3, 281.59, 25.604999999995925
260316, 37615.6350,  3, 339.53, 12.830000000001746
260325, 37616.5750,  3, 344.97, 13.849999999998545
260408, 37625.2200,  3, 312.67, 22.44000000000233
260409, 37625.3250,  3, 278.40, 22.510000000002037
260414, 37625.8450,  3, 286.69, 23.099999999998545
260419, 37626.3650,  3, 298.61, 23.57499999999709
260485, 37633.2400,  3, 288.24, 30.474999999998545
260538, 37638.7600,  3, 254.50, 36.0
260606, 37657.6150,  1, -166.25, 6.9799999999959255
260606, 37657.6150,  1, -123.24, 6.9799999999959255
260616, 37658.6550,  1, -117.44, 8.019999999996799
260616, 37658.6550,  1, -169.83, 8.019999999996799
260666, 37663.8650,  3, 335.57, 13.194999999999709
260667, 37663.9700,  3, 320.77, 13.290000000000873
260717, 37669.1750,  3, 282.13, 18.485000000000582
260738, 37671.3650,  3, 305.45, 20.669999999998254
260875, 37697.5450,  3, 333.31, 14.165000000000873
260899, 37700.0450,  3, 323.58, 16.595000000001164
260920, 37702.2300,  3, 290.38, 18.775000000001455
260927, 37702.9600,  3, 330.75, 19.55000000000291
260935, 37703.7950,  3, 310.46, 20.339999999996508
260948, 37705.1500,  3, 345.25, 21.69499999999971
261015, 37712.1300,  3, 288.40, 28.69499999999971
261022, 37712.8550,  3, 281.94, 29.44999999999709
261097, 37731.4400,  1, -149.71, 7.705000000001746
261097, 37731.4400,  1, -118.96, 7.705000000001746
261146, 37736.5450,  3, 345.26, 12.769999999996799
261174, 37739.4600,  3, 334.10, 15.654999999998836
261187, 37740.8150,  3, 312.39, 17.0
261213, 37743.5250,  3, 301.87, 19.779999999998836
261238, 37746.1300,  3, 296.14, 22.30999999999767
261275, 37749.9800,  3, 278.41, 26.209999999999127
261399, 37773.8500,  3, 345.62, 12.779999999998836
261404, 37774.3700,  3, 339.63, 13.27499999999418
261407, 37774.6850,  3, 310.74, 13.619999999995343
261423, 37776.3500,  3, 305.82, 15.284999999996217
261482, 37782.4950,  3, 320.90, 21.354999999995925
261484, 37782.7050,  3, 294.41, 21.664999999993597
261494, 37783.7450,  3, 269.07, 22.679999999993015
261629, 37797.8100,  3, 250.72, 36.76499999999942
261759, 37823.0800,  3, 326.42, 13.37999999999738
261781, 37825.3700,  3, 312.84, 15.669999999998254
261783, 37825.5800,  3, 337.14, 15.87999999999738
261786, 37825.8900,  3, 310.28, 16.17500000000291
261826, 37830.0600,  3, 292.31, 20.3550000000032
261894, 37837.1400,  3, 279.10, 27.44000000000233
261898, 37837.5600,  3, 282.20, 27.82499999999709
261936, 37841.5150,  3, 263.85, 31.830000000001746
261989, 37857.8100,  1, -143.63, 5.419999999998254
261989, 37857.8100,  1, -117.40, 5.419999999998254
262068, 37866.0350,  1, -143.32, 13.645000000004075
262068, 37866.0350,  1, -117.84, 13.645000000004075
262072, 37866.4550,  3, 329.53, 13.974999999998545
262075, 37866.7650,  3, 316.84, 14.37000000000262
262077, 37866.9750,  3, 301.82, 14.569999999999709
262156, 37875.2050,  3, 267.72, 22.715000000003783
262244, 37896.2850,  1, -159.45, 9.060000000004948
262244, 37896.2850,  1, -125.40, 9.060000000004948
262296, 37901.7050,  3, 326.02, 14.459999999999127
262304, 37902.5350,  3, 309.57, 15.275000000001455
262329, 37905.1400,  3, 295.52, 17.875
262337, 37905.9750,  3, 306.73, 18.654999999998836
262350, 37907.3300,  3, 305.15, 20.080000000001746
262400, 37912.5350,  3, 281.23, 25.275000000001455
262585, 37942.7250,  3, 319.31, 19.06999999999971
262589, 37943.1400,  3, 317.52, 19.49000000000524
262595, 37943.7650,  3, 313.58, 20.165000000000873
262601, 37944.3900,  3, 325.34, 20.825000000004366
262623, 37946.6850,  3, 281.45, 23.060000000004948
262633, 37947.7250,  3, 339.58, 24.06500000000233
262753, 37960.2250,  3, 227.71, 36.575000000004366
262759, 37960.8500,  3, 247.50, 37.205000000001746
262876, 37983.8150,  3, 334.83, 12.019999999996799
262890, 37985.2750,  3, 335.59, 13.459999999999127
262892, 37985.4800,  3, 323.95, 13.654999999998836
262929, 37989.3350,  3, 343.51, 17.56999999999971
262947, 37991.2100,  3, 311.18, 19.43499999999767
262950, 37991.5250,  3, 282.92, 19.705000000001746
262980, 37994.6500,  3, 287.70, 22.845000000001164
262982, 37994.8550,  3, 314.01, 23.095000000001164
263051, 38013.1000,  1, -151.66, 7.080000000001746
263051, 38013.1000,  1, -144.46, 7.080000000001746
263093, 38017.4750,  3, 336.32, 11.385000000002037
263100, 38018.2050,  3, 343.39, 12.135000000002037
263104, 38018.6200,  3, 332.98, 12.5
263107, 38018.9350,  3, 319.09, 12.830000000001746
263152, 38023.6200,  3, 305.44, 17.515000000006694
263237, 38032.4750,  3, 291.28, 26.44000000000233
263362, 38056.2950,  3, 353.29, 12.915000000000873
263366, 38056.7100,  3, 339.48, 13.279999999998836
263378, 38057.9600,  3, 340.78, 14.50499999999738
263405, 38060.7750,  3, 316.48, 17.330000000001746
263435, 38063.9000,  3, 281.47, 20.44499999999971
263507, 38071.4000,  3, 285.16, 27.93000000000029
263528, 38073.5850,  3, 266.76, 30.18000000000029
263537, 38074.5250,  3, 292.44, 31.135000000002037
263670, 38099.3550,  3, 306.07, 13.724999999998545
263678, 38100.1900,  3, 317.42, 14.559999999997672
263705, 38103.0050,  3, 301.33, 17.30999999999767
263705, 38103.0050,  3, 326.34, 17.314999999995052
263713, 38103.8350,  3, 331.40, 18.169999999998254
263733, 38105.9200,  3, 318.93, 20.244999999995343
263744, 38107.0650,  3, 280.41, 21.44999999999709
263773, 38110.0850,  3, 280.66, 24.419999999998254
263842, 38127.7950,  1, -137.08, 7.080000000001746
263842, 38127.7950,  1, -150.57, 7.080000000001746
263844, 38128.0050,  1, -165.97, 7.290000000000873
263844, 38128.0050,  1, -118.34, 7.290000000000873
263882, 38131.9600,  3, 340.07, 11.22500000000582
263905, 38134.3550,  3, 331.35, 13.62000000000262
263921, 38136.0250,  3, 329.77, 15.24500000000262
263992, 38143.4200,  3, 288.08, 22.650000000001455
264070, 38162.3650,  1, -128.12, 8.019999999996799
264070, 38162.3650,  1, -168.21, 8.019999999996799
264139, 38169.5500,  3, 323.12, 15.194999999999709
264153, 38171.0100,  3, 312.83, 16.595000000001164
264176, 38173.4050,  3, 314.76, 19.025000000001455
264226, 38178.6150,  3, 286.10, 24.239999999997963
264257, 38181.8450,  3, 306.83, 27.459999999999127
264258, 38181.9500,  3, 287.96, 27.589999999996508
264351, 38202.5850,  1, -145.51, 9.584999999999127
264351, 38202.5850,  1, -158.50, 9.584999999999127
264365, 38204.0450,  3, 339.54, 10.989999999997963
264373, 38204.8800,  1, -149.38, 11.87999999999738
264373, 38204.8800,  1, -165.02, 11.87999999999738
264442, 38212.0650,  3, 298.13, 18.964999999996508
264443, 38212.1700,  3, 318.02, 19.114999999997963
264485, 38216.5450,  3, 326.30, 23.474999999998545
264570, 38236.0650,  1, -109.99, 8.75
264570, 38236.0650,  1, -189.93, 8.75
264601, 38239.2950,  3, 337.94, 11.87999999999738
264611, 38240.3350,  3, 328.16, 13.0
264620, 38241.2750,  3, 308.72, 13.89999999999418
264643, 38243.6700,  3, 333.90, 16.264999999999418
264690, 38248.5650,  3, 320.67, 21.239999999997963
264751, 38254.9200,  3, 291.03, 27.50999999999476
264833, 38274.4400,  1, -158.17, 8.440000000002328
264833, 38274.4400,  1, -143.62, 8.440000000002328
264878, 38279.1300,  3, 328.96, 13.07499999999709
264908, 38282.2550,  3, 336.06, 16.19499999999971
264921, 38283.6050,  3, 320.92, 17.56999999999971
264931, 38284.6500,  3, 315.96, 18.6449999999968
264996, 38291.4200,  3, 278.67, 25.345000000001164
265010, 38292.8800,  3, 298.40, 26.80000000000291
265128, 38315.7200,  3, 327.79, 12.110000000000582
265147, 38317.7000,  3, 341.10, 14.095000000001164
265152, 38318.2200,  3, 328.50, 14.590000000003783
265158, 38318.8450,  3, 314.70, 15.309999999997672
265163, 38319.3650,  3, 302.32, 15.775000000001455
265235, 38326.8650,  3, 302.76, 23.325000000004366
265274, 38330.9250,  3, 282.10, 27.389999999999418
265409, 38344.9900,  3, 270.11, 41.38000000000466
265528, 38368.2800,  3, 316.37, 12.24500000000262
265540, 38369.5300,  3, 339.42, 13.520000000004075
265543, 38369.8450,  3, 330.34, 13.819999999999709
265553, 38370.8850,  3, 319.91, 14.875
265584, 38374.1150,  3, 306.47, 18.029999999998836
265619, 38377.7600,  3, 323.11, 21.735000000000582
265635, 38379.4250,  3, 291.18, 23.400000000001455
265675, 38383.5950,  3, 311.20, 27.595000000001164
265804, 38407.9600,  3, 322.31, 13.275000000001455
265811, 38408.6900,  3, 302.87, 13.959999999999127
265814, 38409.0050,  3, 319.37, 14.319999999999709
265837, 38411.4000,  3, 319.74, 16.7300000000032
265854, 38413.1700,  3, 313.03, 18.465000000003783
265868, 38414.6300,  3, 339.53, 19.950000000004366
265941, 38422.2300,  3, 303.74, 27.5
265955, 38423.6900,  3, 291.21, 29.05500000000029
266061, 38445.4100,  3, 348.59, 10.834999999999127
266071, 38446.4550,  3, 326.13, 11.930000000000291
266077, 38447.0800,  3, 336.48, 12.520000000004075
266102, 38449.6850,  3, 312.10, 15.200000000004366
266131, 38452.7050,  3, 320.53, 18.19000000000233
266178, 38457.6000,  3, 289.17, 23.035000000003492
266195, 38459.3700,  3, 301.94, 24.849999999998545
266615, 38503.1200,  3, 238.62, 68.56999999999971
266717, 38524.7200,  3, 327.50, 10.490000000005239
266735, 38526.5950,  3, 326.07, 12.360000000000582
266736, 38526.7000,  3, 332.86, 12.47500000000582
266742, 38527.3250,  3, 317.97, 13.10000000000582
266763, 38529.5100,  3, 308.24, 15.264999999999418
266882, 38541.9050,  3, 295.15, 27.685000000004948
266885, 38542.2200,  3, 289.39, 27.92500000000291
266891, 38542.8450,  3, 291.60, 28.575000000004366
266971, 38562.2200,  1, -151.79, 8.230000000003201
266971, 38562.2200,  1, -161.34, 8.230000000003201
266972, 38562.3250,  1, -160.90, 8.334999999999127
266972, 38562.3250,  1, -143.72, 8.334999999999127
267024, 38567.7400,  3, 310.13, 13.67000000000553
267036, 38568.9900,  3, 314.30, 14.940000000002328
267045, 38569.9250,  3, 323.25, 15.92500000000291
267105, 38576.1750,  3, 301.74, 22.12000000000262
267167, 38593.4100,  1, -129.39, 6.355000000003201
267167, 38593.4100,  1, -136.85, 6.355000000003201
267234, 38600.3900,  3, 309.43, 13.260000000002037
267236, 38600.6000,  3, 318.49, 13.440000000002328
267245, 38601.5350,  3, 326.09, 14.394999999996799
267339, 38611.3300,  3, 293.59, 24.209999999999127
267341, 38611.5350,  3, 321.10, 24.44499999999971
267375, 38615.0800,  3, 275.39, 27.964999999996508
267460, 38634.4900,  1, -100.28, 8.75
267460, 38634.4900,  1, -187.84, 8.75
267529, 38641.6750,  3, 322.83, 15.889999999999418
267532, 38641.9900,  3, 341.62, 16.2300000000032
267580, 38646.9900,  3, 319.84, 21.209999999999127
267592, 38648.2400,  3, 301.60, 22.474999999998545
267639, 38653.1350,  3, 302.69, 27.31999999999971
267655, 38654.8000,  3, 298.64, 28.965000000003783
267715, 38671.9600,  1, -153.94, 6.144999999996799
267715, 38671.9600,  1, -119.20, 6.144999999996799
267773, 38678.0050,  3, 344.84, 12.095000000001164
267791, 38679.8800,  3, 318.13, 13.985000000000582
267794, 38680.1900,  3, 325.81, 14.32999999999447
267804, 38681.2300,  3, 303.31, 15.334999999999127
267825, 38683.4200,  3, 328.42, 17.56999999999971
267860, 38687.0650,  3, 307.39, 21.154999999998836
267981, 38710.6700,  3, 323.18, 12.474999999998545
267995, 38712.1300,  3, 325.85, 13.885000000002037
268007, 38713.3800,  3, 329.50, 15.150000000001455
268048, 38717.6500,  3, 307.68, 19.385000000002037
268053, 38718.1700,  3, 316.88, 19.99500000000262
268065, 38719.4200,  3, 315.72, 21.24000000000524
268070, 38719.9400,  3, 307.18, 21.669999999998254
268090, 38722.0250,  3, 289.04, 23.834999999999127
268226, 38747.0650,  3, 312.48, 14.014999999999418
268231, 38747.5850,  3, 302.72, 14.519999999996799
268262, 38750.8150,  3, 320.03, 17.714999999996508
268269, 38751.5450,  3, 316.47, 18.489999999997963
268272, 38751.8550,  3, 303.77, 18.849999999998545
268282, 38752.9000,  3, 284.51, 19.834999999999127
268323, 38757.1700,  3, 304.18, 24.165000000000873
268346, 38759.5650,  3, 313.88, 26.525000000001455
268428, 38778.7750,  1, -142.66, 8.435000000004948
268428, 38778.7750,  1, -162.92, 8.435000000004948
268458, 38781.9000,  3, 339.64, 11.530000000006112
268522, 38788.5650,  3, 330.99, 18.205000000001746
268542, 38790.6500,  3, 300.14, 20.275000000001455
268578, 38794.4000,  3, 291.64, 24.05500000000029
268590, 38795.6500,  3, 268.55, 25.220000000001164
268593, 38795.9600,  3, 259.78, 25.520000000004075
268689, 38816.9000,  1, -179.21, 9.900000000001455
268689, 38816.9000,  1, -97.96, 9.900000000001455
268738, 38822.0050,  3, 345.34, 14.970000000001164
268752, 38823.4600,  3, 302.14, 16.404999999998836
268791, 38827.5250,  3, 300.34, 20.470000000001164
268801, 38828.5650,  3, 276.27, 21.464999999996508
268866, 38835.3350,  3, 306.68, 28.31500000000233
268919, 38840.8550,  3, 252.44, 33.79000000000087
268994, 38859.5100,  1, -182.67, 7.709999999999127
268994, 38859.5100,  1, -104.04, 7.709999999999127
269064, 38866.8000,  3, 319.13, 14.904999999998836
269087, 38869.2000,  3, 304.90, 17.344999999993888
269119, 38872.5300,  3, 303.05, 20.70499999999447
269136, 38874.3000,  3, 301.45, 22.479999999995925
269140, 38874.7200,  3, 287.93, 22.904999999998836
269145, 38875.2400,  3, 293.10, 23.375
269271, 38899.4000,  3, 313.29, 13.0
269273, 38899.6050,  3, 338.75, 13.150000000001455
269276, 38899.9200,  3, 325.92, 13.480000000003201
269282, 38900.5450,  3, 303.17, 14.084999999999127
269321, 38904.6050,  3, 304.02, 18.17500000000291
269329, 38905.4400,  3, 335.53, 18.99500000000262
269329, 38905.4400,  3, 342.00, 19.014999999999418
269341, 38906.6900,  3, 299.22, 20.30000000000291
269478, 38931.6850,  3, 342.16, 14.065000000002328
269480, 38931.8900,  3, 342.64, 14.35000000000582
269481, 38931.9950,  3, 336.46, 14.390000000006694
269489, 38932.8300,  3, 312.48, 15.255000000004657
269493, 38933.2450,  3, 300.76, 15.694999999999709
269550, 38939.1850,  3, 254.51, 21.585000000006403
269587, 38943.0350,  3, 320.48, 25.505000000004657
269612, 38945.6400,  3, 304.60, 28.040000000000873
269675, 38962.9950,  1, -129.90, 6.459999999999127
269675, 38962.9950,  1, -152.52, 6.459999999999127
269745, 38970.2850,  3, 332.65, 13.64999999999418
269745, 38970.2850,  3, 325.89, 13.64999999999418
269759, 38971.7450,  3, 336.42, 15.174999999995634
269788, 38974.7650,  3, 323.73, 18.174999999995634
269813, 38977.3700,  3, 295.39, 20.734999999993306
269861, 38982.3700,  3, 274.01, 25.794999999998254
269918, 38999.1900,  1, -142.62, 5.830000000001746
269918, 38999.1900,  1, -129.25, 5.830000000001746
269989, 39006.5850,  3, 320.63, 13.12000000000262
269995, 39007.2100,  1, -141.00, 13.849999999998545
269995, 39007.2100,  1, -173.38, 13.849999999998545
269999, 39007.6300,  3, 340.73, 14.17500000000291
270017, 39009.5050,  3, 326.90, 16.080000000001746
270019, 39009.7100,  3, 330.40, 16.25
270106, 39029.6000,  1, -126.97, 8.955000000001746
270106, 39029.6000,  1, -166.72, 8.955000000001746
270157, 39034.9100,  3, 323.21, 14.260000000002037
270219, 39041.3700,  3, 314.12, 20.640000000006694
270239, 39043.4550,  3, 306.47, 22.72500000000582
270244, 39043.9750,  3, 313.25, 23.2300000000032
270290, 39048.7650,  3, 283.75, 28.1050000000032
270299, 39049.7050,  3, 284.69, 29.040000000000873
270372, 39068.1000,  1, -157.53, 7.5
270372, 39068.1000,  1, -140.29, 7.5
270467, 39077.9950,  3, 302.02, 17.31999999999971
270472, 39078.5150,  3, 321.30, 17.860000000000582
270493, 39080.7050,  3, 300.52, 20.075000000004366
270538, 39085.3900,  3, 289.64, 24.709999999999127
270573, 39089.0350,  3, 284.33, 28.43000000000029
270591, 39090.9100,  3, 296.72, 30.24500000000262
270660, 39108.9600,  1, -124.84, 7.080000000001746
270660, 39108.9600,  1, -150.61, 7.080000000001746
270660, 39108.9600,  1, -152.54, 7.080000000001746
270660, 39108.9600,  1, -125.67, 7.080000000001746
270711, 39114.2750,  3, 332.89, 12.319999999999709
270715, 39114.6900,  3, 317.48, 12.780000000006112
270715, 39114.6900,  3, 342.39, 12.720000000001164
270753, 39118.6500,  3, 326.16, 16.67500000000291
270823, 39136.9500,  1, -163.23, 7.189999999995052
270823, 39136.9500,  1, -115.24, 7.189999999995052
270824, 39137.0500,  1, -152.48, 7.290000000000873
270824, 39137.0500,  1, -154.46, 7.290000000000873
270884, 39143.3000,  3, 344.50, 13.529999999998836
270904, 39145.3850,  3, 324.40, 15.540000000000873
270935, 39148.6150,  3, 327.45, 18.80500000000029
270976, 39152.8850,  3, 322.95, 23.025000000001455
271058, 39173.0150,  1, -132.50, 8.434999999997672
271058, 39173.0150,  1, -146.22, 8.434999999997672
271073, 39174.5800,  1, -134.73, 10.0
271073, 39174.5800,  1, -143.63, 10.0
271103, 39177.7050,  3, 333.88, 13.084999999999127
271146, 39182.1850,  3, 316.61, 17.580000000001746
271147, 39182.2850,  3, 329.13, 17.619999999995343
271150, 39182.6000,  3, 299.79, 17.93000000000029
271228, 39201.6750,  1, -163.19, 8.020000000004075
271228, 39201.6750,  1, -140.36, 8.020000000004075
271269, 39205.9500,  3, 335.80, 12.190000000002328
271275, 39206.5750,  3, 336.07, 12.849999999998545
271301, 39209.2800,  3, 324.63, 15.62000000000262
271354, 39214.8000,  3, 311.89, 21.1050000000032
271368, 39216.2600,  3, 312.89, 22.599999999998545
271411, 39220.7400,  3, 311.19, 27.06500000000233
271546, 39245.7300,  3, 311.83, 13.915000000000873
271548, 39245.9400,  3, 338.84, 14.150000000001455
271548, 39245.9400,  3, 323.14, 14.139999999999418
271551, 39246.2550,  3, 337.23, 14.44999999999709
271634, 39254.9000,  3, 265.56, 23.06999999999971
271638, 39255.3150,  3, 291.78, 23.529999999998836
271666, 39258.2300,  3, 318.97, 26.364999999997963
271676, 39259.2750,  3, 267.60, 27.470000000001164
271763, 39279.1050,  1, -135.53, 8.955000000001746
271763, 39279.1050,  1, -171.54, 8.955000000001746
271817, 39284.7300,  3, 330.23, 14.50499999999738
271855, 39288.6900,  3, 329.61, 18.5
271862, 39289.4200,  3, 319.17, 19.229999999995925
271866, 39289.8350,  3, 332.67, 19.659999999996217
271882, 39291.5050,  3, 321.59, 21.279999999998836
271882, 39291.5050,  3, 328.23, 21.31999999999971
271967, 39311.1900,  1, -107.36, 8.75
271967, 39311.1900,  1, -136.82, 8.75
272017, 39316.4000,  3, 317.34, 13.930000000000291
272050, 39319.8350,  3, 327.24, 17.339999999996508
272070, 39321.9200,  3, 339.28, 19.424999999995634
272074, 39322.3350,  3, 322.31, 19.864999999997963
272077, 39322.6500,  3, 324.93, 20.12999999999738
272082, 39323.1700,  3, 310.99, 20.689999999995052
272139, 39340.8000,  1, -136.31, 5.830000000001746
272139, 39340.8000,  1, -129.86, 5.830000000001746
272221, 39349.3450,  3, 331.10, 14.309999999997672
272235, 39350.8000,  3, 346.25, 15.82499999999709
272268, 39354.2400,  3, 301.78, 19.205000000001746
272287, 39356.2200,  3, 303.87, 21.220000000001164
272303, 39357.8850,  3, 290.14, 22.904999999998836
272372, 39365.0750,  3, 265.05, 30.049999999995634
272436, 39383.6600,  1, -154.87, 6.560000000004948
272436, 39383.6600,  1, -122.43, 6.560000000004948
272467, 39386.8900,  1, -196.44, 9.790000000000873
272467, 39386.8900,  1, -105.06, 9.790000000000873
272536, 39394.0800,  3, 306.89, 16.885000000002037
272537, 39394.1850,  3, 289.74, 17.075000000004366
272553, 39395.8500,  3, 318.63, 18.709999999999127
272671, 39408.1400,  3, 285.10, 30.974999999998545
272802, 39432.7200,  3, 352.40, 13.519999999996799
272804, 39432.9250,  3, 335.74, 13.69999999999709
272810, 39433.5500,  3, 320.75, 14.289999999993597
272826, 39435.2200,  3, 315.92, 16.014999999999418
272836, 39436.2600,  3, 306.98, 17.039999999993597
272920, 39445.0100,  3, 301.30, 25.794999999998254
272926, 39445.6350,  3, 316.71, 26.37999999999738
273100, 39463.7600,  3, 247.16, 44.53499999999622
273226, 39487.7550,  3, 318.84, 12.979999999995925
273231, 39488.2750,  3, 332.97, 13.509999999994761
273250, 39490.2550,  3, 300.05, 15.50499999999738
273255, 39490.7750,  3, 315.28, 15.974999999998545
273261, 39491.4000,  3, 321.21, 16.599999999998545
273277, 39493.0650,  3, 293.06, 18.314999999995052
273307, 39496.1900,  3, 285.81, 21.404999999998836
273345, 39500.1500,  3, 280.90, 25.334999999999127
273478, 39524.7750,  3, 333.74, 13.705000000001746
273481, 39525.0850,  3, 320.37, 13.970000000001164
273490, 39526.0250,  3, 326.80, 14.970000000001164
273532, 39530.4000,  3, 324.65, 19.334999999999127
273561, 39533.4200,  3, 300.75, 22.294999999998254
273561, 39533.4200,  3, 319.16, 22.375
273569, 39534.2550,  3, 304.49, 23.165000000000873
273577, 39535.0850,  3, 313.99, 23.989999999997963
273638, 39552.0100,  1, -138.32, 6.25
273638, 39552.0100,  1, -123.45, 6.25
273710, 39559.5100,  3, 322.40, 13.684999999997672
273754, 39564.0950,  3, 309.26, 18.275000000001455
273783, 39567.1150,  3, 294.73, 21.32499999999709
273810, 39569.9250,  3, 264.65, 24.095000000001164
273821, 39571.0750,  3, 311.43, 25.279999999998836
273884, 39577.6350,  3, 297.28, 31.775000000001455
273977, 39598.2950,  1, -158.19, 9.580000000001746
273977, 39598.2950,  1, -136.57, 9.580000000001746
274008, 39601.5250,  3, 324.54, 12.79500000000553
274016, 39602.3550,  3, 338.37, 13.570000000006985
274075, 39608.5050,  3, 284.45, 19.705000000001746
274080, 39609.0250,  3, 312.52, 20.24500000000262
274139, 39615.1700,  3, 376.32, 26.375
274298, 39631.7300,  3, 252.25, 42.945000000006985
274360, 39650.0850,  1, -143.01, 6.349999999998545
274360, 39650.0850,  1, -125.20, 6.349999999998545
274426, 39656.9600,  3, 342.64, 13.17500000000291
274448, 39659.2550,  3, 337.87, 15.419999999998254
274477, 39662.2750,  3, 334.19, 18.43499999999767
274483, 39662.9000,  3, 311.85, 19.135000000002037
274521, 39666.8550,  3, 319.49, 23.089999999996508
274686, 39684.0450,  3, 247.24, 40.2699999999968
274765, 39703.9950,  1, -167.33, 8.125
274765, 39703.9950,  1, -126.03, 8.125
274820, 39709.7250,  3, 327.33, 13.849999999998545
274842, 39712.0150,  1, -187.45, 16.1449999999968
274842, 39712.0150,  1, -134.99, 16.1449999999968
274902, 39718.2650,  3, 315.31, 22.334999999999127
274902, 39718.2650,  3, 282.53, 22.375
274916, 39719.7250,  3, 284.57, 23.799999999995634
274976, 39736.8800,  1, -126.36, 6.149999999994179
274976, 39736.8800,  1, -155.82, 6.149999999994179
275031, 39742.6050,  3, 342.55, 11.864999999997963
275039, 39743.4400,  3, 339.88, 12.680000000000291
275054, 39745.0050,  3, 333.97, 14.174999999995634
275062, 39745.8350,  3, 352.19, 15.094999999993888
275088, 39748.5450,  3, 335.60, 17.794999999998254
275089, 39748.6500,  3, 319.22, 17.854999999995925
275155, 39766.3700,  1, -120.25, 6.7700000000040745
275155, 39766.3700,  1, -153.40, 6.7700000000040745
275166, 39767.5150,  1, -135.35, 7.915000000000873
275222, 39773.3500,  3, 335.96, 13.739999999997963
275234, 39774.6000,  3, 306.69, 14.904999999998836
275286, 39780.0150,  3, 311.72, 20.389999999999418
275372, 39788.9750,  3, 293.31, 29.325000000004366
275387, 39790.5350,  3, 282.36, 30.849999999998545
275443, 39807.2450,  1, -153.25, 5.725000000005821
275443, 39807.2450,  1, -124.45, 5.725000000005821
275460, 39809.0150,  1, -162.74, 7.495000000002619
275460, 39809.0150,  1, -147.15, 7.495000000002619
275509, 39814.1200,  3, 327.94, 12.55000000000291
275536, 39816.9350,  3, 327.49, 15.400000000001455
275556, 39819.0150,  3, 312.26, 17.47500000000582
275569, 39820.3700,  3, 303.85, 18.80000000000291
275639, 39838.5750,  1, -115.59, 7.189999999995052
275639, 39838.5750,  1, -153.84, 7.189999999995052
275704, 39845.3450,  3, 329.52, 13.95499999999447
275708, 39845.7600,  3, 298.04, 14.294999999998254
275755, 39850.6550,  3, 298.31, 19.239999999997963
275794, 39854.7200,  3, 317.57, 23.32499999999709
275838, 39859.3000,  3, 290.23, 27.834999999999127
275841, 39859.6150,  3, 269.75, 28.125
275965, 39884.3900,  3, 334.91, 12.705000000001746
276013, 39889.3900,  3, 318.69, 17.709999999999127
276035, 39891.6850,  3, 320.73, 20.044999999998254
276036, 39891.7850,  3, 306.66, 20.19999999999709
276063, 39894.6000,  3, 325.12, 22.974999999998545
276068, 39895.1200,  3, 302.44, 23.489999999997963
276086, 39896.9950,  3, 268.35, 25.30999999999767
276104, 39898.8700,  3, 297.95, 27.189999999995052
276206, 39920.4900,  3, 344.31, 10.474999999998545
276234, 39923.4050,  3, 319.95, 13.404999999998836
276246, 39924.6550,  3, 329.91, 14.619999999995343
276270, 39927.1550,  3, 333.33, 17.095000000001164
276305, 39930.8000,  3, 302.29, 20.784999999996217
276307, 39931.0100,  3, 278.80, 20.994999999995343
276319, 39932.2600,  3, 329.72, 22.25
276328, 39933.2000,  3, 315.73, 23.165000000000873
276450, 39956.8000,  3, 346.69, 12.595000000001164
276492, 39961.1750,  3, 321.93, 16.970000000001164
276500, 39962.0100,  3, 317.40, 17.75499999999738
276544, 39966.5950,  3, 295.85, 22.31999999999971
276563, 39968.5750,  3, 301.79, 24.30999999999767
276598, 39972.2200,  3, 285.03, 27.970000000001164
276637, 39976.2800,  3, 291.92, 32.0199999999968
276640, 39976.5950,  3, 291.70, 32.30500000000029
276727, 39996.5450,  1, -170.44, 8.959999999999127
276727, 39996.5450,  1, -129.88, 8.959999999999127
276769, 40000.9200,  3, 335.48, 13.264999999999418
276781, 40002.1700,  3, 328.38, 14.569999999999709
276787, 40002.7950,  3, 320.45, 15.200000000004366
276800, 40004.1500,  3, 315.48, 16.474999999998545
276801, 40004.2550,  3, 326.52, 16.56500000000233
276873, 40011.7550,  3, 294.63, 24.154999999998836
276943, 40029.8150,  1, -109.09, 7.190000000002328
276943, 40029.8150,  1, -169.45, 7.190000000002328
276957, 40031.2750,  1, -158.59, 8.650000000001455
276957, 40031.2750,  1, -129.27, 8.650000000001455
277007, 40036.4800,  3, 322.21, 13.819999999999709
277083, 40044.4000,  3, 296.04, 21.74500000000262
277098, 40045.9600,  3, 289.55, 23.30999999999767
277138, 40050.1300,  3, 267.22, 27.474999999998545
277250, 40073.6150,  3, 354.27, 11.539999999993597
277258, 40074.4500,  3, 317.73, 12.294999999998254
277293, 40078.0950,  3, 328.58, 15.979999999995925
277324, 40081.3250,  3, 313.10, 19.25499999999738
277359, 40084.9700,  3, 304.00, 22.889999999999418
277432, 40092.5750,  3, 276.72, 30.489999999997963
277582, 40108.2000,  3, 263.56, 46.07999999999447
277634, 40113.6150,  3, 266.29, 51.46499999999651
277761, 40137.7950,  3, 350.56, 13.060000000004948
277772, 40138.9400,  3, 338.03, 14.205000000001746
277801, 40141.9600,  3, 313.47, 17.24000000000524
277810, 40142.9000,  3, 308.05, 18.19499999999971
277818, 40143.7300,  3, 314.69, 19.040000000000873
277865, 40148.6300,  3, 296.78, 23.885000000002037
277866, 40148.7300,  3, 302.29, 24.044999999998254
277868, 40148.9400,  3, 296.78, 24.205000000001746
277988, 40173.0350,  3, 313.06, 12.37999999999738
278002, 40174.4950,  3, 339.58, 13.82499999999709
278004, 40174.7050,  3, 344.52, 13.974999999998545
278039, 40178.3500,  3, 319.84, 17.654999999998836
278052, 40179.7050,  3, 303.73, 19.010000000002037
278061, 40180.6400,  3, 309.35, 19.94000000000233
278082, 40182.8300,  3, 273.42, 22.145000000004075
278177, 40192.7250,  3, 281.47, 32.05000000000291
278264, 40212.6850,  1, -124.52, 8.959999999999127
278264, 40212.6850,  1, -145.76, 8.959999999999127
278294, 40215.8100,  3, 341.34, 11.989999999997963
278311, 40217.5800,  3, 316.50, 13.779999999998836
278322, 40218.7250,  3, 322.57, 14.950000000004366
278377, 40224.4550,  1, -206.61, 20.7300000000032
278377, 40224.4550,  1, -90.27, 20.7300000000032
278381, 40224.8700,  3, 339.17, 21.135000000002037
278523, 40250.6750,  3, 320.90, 14.62000000000262
278539, 40252.3450,  3, 327.09, 16.349999999998545
278591, 40257.7600,  3, 294.59, 21.74500000000262
278595, 40258.1750,  3, 306.75, 22.090000000003783
278623, 40261.0950,  3, 295.78, 25.014999999999418
278626, 40261.4050,  3, 272.64, 25.36500000000524
278641, 40262.9700,  3, 305.78, 26.93000000000029
278648, 40263.7000,  3, 254.27, 27.705000000001746
278763, 40286.4000,  3, 341.42, 11.805000000000291
278767, 40286.8150,  3, 318.80, 12.205000000001746
278789, 40289.1050,  3, 334.84, 14.57499999999709
278807, 40290.9800,  3, 325.12, 16.389999999999418
278832, 40293.5850,  3, 321.83, 19.014999999999418
278843, 40294.7300,  3, 288.61, 20.119999999995343
279045, 40315.7750,  3, 270.54, 41.224999999998545
279086, 40320.0450,  3, 253.12, 45.424999999995634
279144, 40337.9400,  1, -134.03, 5.940000000002328
279144, 40337.9400,  1, -121.78, 5.940000000002328
279256, 40349.6050,  3, 326.86, 17.514999999999418
279263, 40350.3350,  3, 330.17, 18.279999999998836
279282, 40352.3150,  3, 301.89, 20.279999999998836
279297, 40353.8800,  3, 311.55, 21.860000000000582
279314, 40355.6500,  3, 311.71, 23.55999999999767
279690, 40394.8150,  3, 243.65, 62.76499999999942
279803, 40417.5100,  3, 328.10, 11.635000000002037
279816, 40418.8650,  3, 318.41, 12.955000000001746
279836, 40420.9500,  3, 290.00, 15.089999999996508
279864, 40423.8650,  3, 302.61, 17.979999999995925
279891, 40426.6750,  3, 338.26, 20.81999999999971
279930, 40430.7400,  3, 288.10, 24.860000000000582
279942, 40431.9900,  3, 294.76, 26.114999999997963
280078, 40446.1550,  3, 264.85, 40.30500000000029
280198, 40469.3250,  3, 341.81, 12.394999999996799
280204, 40469.9500,  3, 336.06, 12.930000000000291
280215, 40471.0950,  3, 300.19, 14.154999999998836
280227, 40472.3450,  3, 323.21, 15.32499999999709
280265, 40476.3000,  3, 304.22, 19.294999999998254
280288, 40478.7000,  3, 305.99, 21.674999999995634
280313, 40481.3000,  3, 276.15, 24.360000000000582
280346, 40484.7400,  3, 313.92, 27.739999999997963
280474, 40508.9550,  3, 356.38, 13.135000000002037
280485, 40510.1000,  3, 341.98, 14.334999999999127
280494, 40511.0350,  3, 334.94, 15.220000000001164
280503, 40511.9750,  3, 336.59, 16.2300000000032
280504, 40512.0800,  3, 316.11, 16.31500000000233
280513, 40513.0150,  3, 300.71, 17.255000000004657
280517, 40513.4350,  3, 309.54, 17.665000000000873
280528, 40514.5800,  3, 340.91, 18.830000000001746
280593, 40532.2250,  1, -154.76, 6.665000000000873
280593, 40532.2250,  1, -132.59, 6.665000000000873
280620, 40535.0350,  1, -171.07, 9.47500000000582
280620, 40535.0350,  1, -119.83, 9.47500000000582
280669, 40540.1400,  3, 342.19, 14.514999999999418
280692, 40542.5350,  3, 345.86, 16.92000000000553
280693, 40542.6400,  3, 332.31, 17.05000000000291
280714, 40544.8300,  3, 328.66, 19.255000000004657
280830, 40567.8150,  3, 335.93, 11.950000000004366
280835, 40568.3350,  3, 325.00, 12.465000000003783
280869, 40571.8800,  3, 319.31, 15.99500000000262
280926, 40577.8150,  3, 315.79, 21.974999999998545
280929, 40578.1300,  3, 322.02, 22.2300000000032
280994, 40584.9000,  3, 304.29, 29.025000000001455
281023, 40587.9200,  3, 284.16, 32.080000000001746
281419, 40629.1700,  3, 238.45, 73.27000000000407
281541, 40652.6500,  3, 334.35, 12.580000000001746
281548, 40653.3800,  3, 327.19, 13.264999999999418
281560, 40654.6300,  3, 327.13, 14.525000000001455
281566, 40655.2550,  3, 300.64, 15.165000000000873
281575, 40656.1900,  3, 334.76, 16.12000000000262
281604, 40659.2100,  3, 300.39, 19.06500000000233
281635, 40662.4400,  3, 277.83, 22.290000000000873
281690, 40668.1700,  3, 286.49, 28.095000000001164
281805, 40691.0600,  3, 325.72, 11.839999999996508
281818, 40692.4100,  3, 341.84, 13.139999999999418
281829, 40693.5600,  3, 342.68, 14.309999999997672
281846, 40695.3300,  3, 326.10, 16.1050000000032
281874, 40698.2450,  3, 323.31, 19.00499999999738
281912, 40702.2050,  3, 292.31, 22.92500000000291
282050, 40716.5800,  3, 278.46, 37.3949999999968
282243, 40736.6850,  3, 243.48, 57.44499999999971
282390, 40762.5650,  3, 330.77, 15.125
282412, 40764.8550,  3, 319.30, 17.44999999999709
282416, 40765.2750,  3, 306.06, 17.82999999999447
282426, 40766.3150,  3, 304.16, 18.95499999999447
282426, 40766.3150,  3, 291.64, 18.88499999999476
282455, 40769.3350,  3, 302.92, 21.95499999999447
282482, 40772.1500,  3, 299.35, 24.75499999999738
282691, 40793.9200,  3, 260.02, 46.50999999999476
282825, 40818.6400,  3, 308.95, 13.834999999999127
282838, 40819.9950,  3, 314.65, 15.110000000000582
282842, 40820.4100,  3, 314.65, 15.569999999999709
282853, 40821.5600,  3, 301.13, 16.7300000000032
282864, 40822.7050,  3, 290.45, 17.904999999998836
282887, 40825.1000,  3, 302.94, 20.215000000003783
282910, 40827.4950,  3, 327.88, 22.630000000004657
282963, 40833.0150,  3, 301.98, 28.160000000003492
283107, 40858.9200,  3, 345.63, 14.869999999995343
283113, 40859.5450,  3, 305.80, 15.5
283135, 40861.8350,  3, 324.48, 17.760000000002037
283162, 40864.6500,  3, 299.39, 20.619999999995343
283172, 40865.6900,  3, 307.61, 21.580000000001746
283180, 40866.5250,  3, 307.96, 22.489999999997963
283196, 40868.1900,  3, 324.72, 24.119999999995343
283256, 40874.4400,  3, 286.14, 30.32499999999709
283318, 40892.6050,  1, -155.87, 6.355000000003201
283318, 40892.6050,  1, -124.11, 6.355000000003201
283440, 40905.3150,  3, 322.38, 18.985000000000582
283488, 40910.3150,  3, 297.45, 24.010000000002037
283512, 40912.8150,  3, 324.19, 26.50499999999738
283525, 40914.1700,  3, 268.99, 27.830000000001746
283546, 40916.3550,  3, 278.57, 30.05999999999767
283562, 40918.0250,  3, 279.20, 31.68499999999767
283686, 40942.1900,  3, 335.52, 12.74500000000262
283697, 40943.3350,  3, 332.10, 13.950000000004366
283704, 40944.0650,  3, 331.68, 14.650000000001455
283778, 40951.7750,  3, 260.65, 22.29500000000553
283785, 40952.5050,  3, 306.89, 23.025000000001455
283804, 40954.4800,  3, 285.29, 25.06500000000233
283916, 40966.1500,  3, 288.16, 36.73500000000058
283930, 40967.6050,  3, 274.30, 38.125
284067, 40992.7800,  3, 341.97, 14.135000000002037
284070, 40993.0950,  3, 309.47, 14.400000000001455
284087, 40994.8650,  3, 326.61, 16.24000000000524
284094, 40995.5950,  3, 326.85, 16.935000000004948
284127, 40999.0300,  3, 309.25, 20.325000000004366
284153, 41001.7400,  3, 316.76, 23.04500000000553
284178, 41004.3450,  3, 322.44, 25.67000000000553
284196, 41006.2200,  3, 289.71, 27.514999999999418
284265, 41025.2250,  1, -156.32, 7.080000000001746
284265, 41025.2250,  1, -133.90, 7.080000000001746
284276, 41026.3700,  1, -102.83, 8.22500000000582
284276, 41026.3700,  1, -185.25, 8.22500000000582
284308, 41029.7050,  3, 342.64, 11.525000000001455
284323, 41031.2650,  3, 330.32, 13.05000000000291
284325, 41031.4750,  3, 333.65, 13.260000000002037
284584, 41058.4550,  3, 279.02, 40.30500000000029
284646, 41075.8000,  1, -131.28, 6.355000000003201
284646, 41075.8000,  1, -130.07, 6.355000000003201
284656, 41076.8450,  1, -165.17, 7.400000000001455
284656, 41076.8450,  1, -111.71, 7.400000000001455
284721, 41083.6150,  3, 317.25, 14.12999999999738
284790, 41090.8000,  3, 318.35, 21.349999999998545
284841, 41096.1150,  3, 277.94, 26.610000000000582
284848, 41096.8450,  3, 309.72, 27.31999999999971
284968, 41121.1600,  3, 351.64, 12.334999999999127
284972, 41121.5800,  3, 358.59, 12.775000000001455
284984, 41122.8300,  3, 332.79, 14.020000000004075
284987, 41123.1400,  3, 308.46, 14.305000000000291
284990, 41123.4550,  3, 318.00, 14.684999999997672
285000, 41124.4950,  3, 306.45, 15.694999999999709
285142, 41139.2850,  3, 298.89, 30.50499999999738
285222, 41147.6200,  3, 287.37, 38.76000000000204
285290, 41165.6350,  1, -146.26, 6.980000000003201
285290, 41165.6350,  1, -160.74, 6.980000000003201
285348, 41171.6750,  3, 346.26, 12.974999999998545
285366, 41173.5500,  3, 318.27, 14.855000000003201
285370, 41173.9700,  3, 328.44, 15.260000000002037
285385, 41175.5300,  3, 288.97, 16.8550000000032
285524, 41190.0100,  3, 269.35, 31.294999999998254
285547, 41192.4050,  3, 288.71, 33.69499999999971
285672, 41216.3650,  3, 337.45, 12.87000000000262
285708, 41220.1150,  3, 323.28, 16.62000000000262
285709, 41220.2200,  3, 321.97, 16.67500000000291
285753, 41224.8000,  3, 304.45, 21.31500000000233
285771, 41226.6750,  1, -135.98, 23.2300000000032
285771, 41226.6750,  1, -160.56, 23.2300000000032
285777, 41227.3000,  3, 307.61, 23.779999999998836
285863, 41236.2600,  3, 271.05, 32.7300000000032
285928, 41254.0650,  1, -128.11, 6.665000000000873
285928, 41254.0650,  1, -136.81, 6.665000000000873
286006, 41262.1900,  1, -146.60, 14.790000000000873
286006, 41262.1900,  1, -131.40, 14.790000000000873
286028, 41264.4800,  3, 323.12, 17.040000000000873
286107, 41272.7100,  3, 336.74, 25.279999999998836
286167, 41278.9600,  3, 277.56, 31.529999999998836
286241, 41286.6700,  3, 267.30, 39.16500000000087
286308, 41304.6400,  1, -147.12, 6.875
286308, 41304.6400,  1, -151.84, 6.875
286309, 41304.7450,  1, -175.17, 6.980000000003201
286309, 41304.7450,  1, -113.14, 6.980000000003201
286311, 41304.9550,  1, -140.60, 7.190000000002328
286311, 41304.9550,  1, -150.22, 7.190000000002328
286500, 41324.6400,  3, 308.11, 26.81500000000233
286566, 41331.5150,  3, 292.75, 33.69000000000233
286671, 41353.3100,  3, 348.01, 10.75
286686, 41354.8700,  3, 353.44, 12.340000000003783
286767, 41363.3100,  3, 324.72, 20.755000000004657
286787, 41365.3900,  3, 309.26, 22.910000000003492
286789, 41365.6000,  3, 303.33, 23.060000000004948
286850, 41371.9550,  3, 304.02, 29.450000000004366
286902, 41377.3700,  3, 289.56, 34.794999999998254
286923, 41379.5600,  3, 265.92, 37.025000000001455
287038, 41402.2100,  3, 347.64, 11.780000000006112
287043, 41402.7300,  3, 332.34, 12.345000000001164
287062, 41404.7100,  3, 325.54, 14.340000000003783
287064, 41404.9200,  3, 336.02, 14.565000000002328
287077, 41406.2750,  3, 299.85, 15.92000000000553
287084, 41407.0050,  3, 325.95, 16.56500000000233
287123, 41411.0650,  3, 309.84, 20.655000000006112
287143, 41413.1500,  3, 308.76, 22.765000000006694
287291, 41439.2450,  3, 331.16, 15.305000000000291
287297, 41439.8700,  3, 314.33, 15.845000000001164
287322, 41442.4750,  3, 339.06, 18.470000000001164
287330, 41443.3100,  3, 328.63, 19.30999999999767
287332, 41443.5150,  3, 320.23, 19.580000000001746
287375, 41447.9950,  3, 309.13, 24.044999999998254
287426, 41453.3100,  3, 289.04, 29.290000000000873
287447, 41455.4950,  3, 303.95, 31.514999999999418
287508, 41472.6400,  1, -155.32, 6.245000000002619
287508, 41472.6400,  1, -127.05, 6.245000000002619
287580, 41480.1400,  3, 336.28, 13.710000000006403
287602, 41482.4350,  3, 328.20, 15.944999999999709
287613, 41483.5800,  3, 309.10, 17.080000000001746
287665, 41488.9950,  3, 280.43, 22.5
287683, 41490.8700,  3, 311.84, 24.400000000001455
287691, 41491.7050,  3, 278.49, 25.30500000000029
287764, 41509.8350,  1, -130.78, 7.495000000002619
287764, 41509.8350,  1, -154.20, 7.495000000002619
287816, 41515.2550,  3, 337.97, 12.810000000004948
287820, 41515.6700,  1, -156.86, 13.330000000001746
287820, 41515.6700,  1, -116.83, 13.330000000001746
287845, 41518.2750,  3, 308.49, 15.85000000000582
287849, 41518.6900,  3, 309.76, 16.325000000004366
287892, 41523.1700,  3, 309.43, 20.75
288011, 41546.3500,  3, 325.74, 12.224999999998545
288015, 41546.7650,  3, 327.09, 12.67500000000291
288017, 41546.9750,  3, 344.08, 12.904999999998836
288019, 41547.1850,  3, 347.25, 13.084999999999127
288059, 41551.3500,  3, 299.48, 17.220000000001164
288091, 41554.6850,  3, 314.37, 20.56999999999971
288211, 41567.1850,  3, 301.48, 33.125
288228, 41568.9550,  3, 274.25, 34.83499999999913
288291, 41586.1900,  1, -132.60, 6.455000000001746
288291, 41586.1900,  1, -145.65, 6.455000000001746
288346, 41591.9200,  3, 326.10, 12.12000000000262
288366, 41594.0050,  3, 300.83, 14.224999999998545
288387, 41596.1900,  3, 290.85, 16.409999999996217
288403, 41597.8550,  3, 309.91, 18.05500000000029
288406, 41598.1700,  3, 314.89, 18.375
288526, 41610.6700,  3, 274.91, 30.885000000002037
288597, 41628.8500,  1, -134.88, 7.290000000000873
288597, 41628.8500,  1, -150.13, 7.290000000000873
288654, 41634.7850,  3, 338.98, 13.190000000002328
288682, 41637.7050,  3, 317.24, 16.090000000003783
288689, 41638.4350,  3, 316.66, 16.779999999998836
288738, 41643.5350,  3, 325.49, 21.955000000001746
288801, 41650.1000,  3, 310.59, 28.435000000004948
288833, 41653.4350,  3, 289.24, 31.8550000000032
288950, 41676.5450,  3, 339.46, 12.075000000004366
288972, 41678.8350,  3, 336.00, 14.360000000000582
288974, 41679.0450,  3, 321.68, 14.575000000004366
289000, 41681.7550,  3, 338.65, 17.270000000004075
289006, 41682.3800,  3, 299.49, 17.830000000001746
289036, 41685.5050,  3, 311.44, 20.965000000003783
289053, 41687.2750,  3, 300.31, 22.74000000000524
289066, 41688.6300,  3, 308.97, 24.140000000006694
289177, 41710.9800,  3, 342.77, 11.434999999997672
289183, 41711.6050,  3, 324.91, 12.0
289186, 41711.9200,  3, 332.45, 12.349999999998545
289187, 41712.0250,  3, 326.94, 12.430000000000291
289206, 41714.0050,  3, 320.48, 14.464999999996508
289221, 41715.5650,  3, 328.76, 15.970000000001164
289257, 41719.3150,  3, 311.63, 19.720000000001164
289294, 41723.1700,  3, 299.27, 23.639999999999418
289417, 41747.6750,  3, 318.83, 12.614999999997963
289419, 41747.8850,  3, 341.41, 12.819999999999709
289423, 41748.3000,  3, 347.10, 13.305000000000291
289424, 41748.4050,  3, 335.64, 13.339999999996508
289429, 41748.9250,  3, 298.82, 13.889999999999418
289430, 41749.0300,  3, 309.55, 13.959999999999127
289493, 41755.5950,  3, 316.68, 20.610000000000582
289535, 41759.9700,  3, 298.95, 24.974999999998545
289594, 41776.8450,  1, -132.17, 6.044999999998254
289594, 41776.8450,  1, -118.16, 6.044999999998254
289597, 41777.1550,  1, -155.54, 6.3549999999959255
289597, 41777.1550,  1, -121.23, 6.3549999999959255
289603, 41777.7800,  1, -129.42, 6.9799999999959255
289603, 41777.7800,  1, -163.98, 6.9799999999959255
289655, 41783.2000,  3, 343.52, 12.294999999998254
289715, 41789.4500,  3, 316.30, 18.584999999999127
289843, 41813.5800,  3, 320.78, 13.139999999999418
289850, 41814.3100,  3, 337.26, 13.895000000004075
289860, 41815.3500,  3, 330.73, 14.99500000000262
289884, 41817.8500,  3, 323.85, 17.459999999999127
289901, 41819.6200,  3, 302.67, 19.215000000003783
289955, 41825.2450,  3, 320.71, 24.81500000000233
290028, 41832.8500,  3, 276.77, 32.400000000001455
290043, 41834.4100,  3, 284.93, 33.96500000000378
290173, 41858.8300,  3, 328.35, 13.385000000002037
290175, 41859.0350,  3, 314.88, 13.559999999997672
290180, 41859.5600,  3, 318.77, 14.160000000003492
290193, 41860.9100,  3, 297.34, 15.430000000000291
290225, 41864.2450,  3, 330.70, 18.75
290247, 41866.5350,  3, 290.50, 21.110000000000582
290435, 41886.1200,  3, 280.64, 40.669999999998254
290445, 41887.1600,  3, 286.33, 41.69499999999971
290573, 41911.2450,  3, 329.36, 13.154999999998836
290592, 41913.2250,  3, 320.36, 15.139999999999418
290609, 41914.9950,  3, 304.03, 16.94999999999709
290615, 41915.6200,  3, 312.60, 17.55999999999767
290629, 41917.0800,  3, 329.28, 19.025000000001455
290657, 41919.9950,  3, 312.27, 21.94499999999971
290662, 41920.5150,  3, 301.59, 22.44499999999971
290671, 41921.4550,  3, 305.84, 23.43000000000029
290775, 41943.1600,  3, 349.72, 10.665000000000873
290790, 41944.7250,  3, 337.76, 12.194999999999709
290796, 41945.3500,  3, 318.97, 12.895000000004075
290804, 41946.1850,  3, 320.28, 13.720000000001164
290807, 41946.4950,  3, 332.87, 13.965000000003783
290816, 41947.4350,  3, 306.81, 14.99500000000262
290820, 41947.8500,  3, 315.17, 15.365000000005239
290933, 41959.6200,  3, 297.78, 27.17000000000553
291011, 41978.6350,  1, -109.19, 8.020000000004075
291011, 41978.6350,  1, -171.26, 8.020000000004075
291047, 41982.3850,  3, 333.01, 11.709999999999127
291062, 41983.9500,  3, 310.02, 13.24500000000262
291084, 41986.2400,  3, 314.75, 15.605000000003201
291130, 41991.0300,  3, 334.99, 20.385000000002037
291133, 41991.3450,  3, 314.48, 20.654999999998836
291241, 42002.5950,  3, 297.32, 31.880000000004657
291301, 42020.3900,  1, -131.94, 6.144999999996799
291301, 42020.3900,  1, -128.83, 6.144999999996799
291353, 42025.8100,  3, 341.68, 11.459999999999127
291385, 42029.1400,  3, 300.90, 14.869999999995343
291397, 42030.3900,  3, 301.41, 16.13499999999476
291441, 42034.9750,  3, 318.24, 20.714999999996508
291451, 42036.0150,  3, 312.48, 21.75
291451, 42036.0150,  3, 349.03, 21.68000000000029
291606, 42063.1050,  1, -142.38, 16.040000000000873
291606, 42063.1050,  1, -169.50, 16.040000000000873
291679, 42070.7100,  3, 294.87, 23.589999999996508
291687, 42071.5450,  3, 307.14, 24.45499999999447
291731, 42076.1300,  3, 305.68, 29.0199999999968
291735, 42076.5450,  3, 291.90, 29.44999999999709
291744, 42077.4800,  3, 256.35, 30.389999999999418
291810, 42084.3550,  3, 273.51, 37.26499999999942
291920, 42106.5250,  3, 342.39, 11.345000000001164
291929, 42107.4600,  3, 350.95, 12.190000000002328
291938, 42108.4000,  3, 336.04, 13.194999999999709
291947, 42109.3350,  3, 316.08, 14.135000000002037
291981, 42112.8800,  3, 319.73, 17.654999999998836
292021, 42117.0450,  3, 305.10, 21.81999999999971
292056, 42120.6900,  3, 287.02, 25.419999999998254
292068, 42121.9400,  3, 296.79, 26.755000000004657
292197, 42146.1350,  3, 345.28, 13.279999999998836
292206, 42147.0750,  3, 335.85, 14.264999999999418
292206, 42147.0750,  3, 304.85, 14.235000000000582
292209, 42147.3850,  3, 320.29, 14.514999999999418
292279, 42154.6750,  3, 301.58, 21.779999999998836
292335, 42160.5100,  3, 264.44, 27.64999999999418
292353, 42162.3850,  3, 274.73, 29.50999999999476
292391, 42166.3450,  3, 294.82, 33.49499999999534
292493, 42187.7550,  1, -129.84, 10.519999999996799
292493, 42187.7550,  1, -127.09, 10.519999999996799
292513, 42189.8350,  3, 333.40, 12.49500000000262
292543, 42192.9600,  3, 309.18, 15.635000000002037
292651, 42204.2100,  3, 347.84, 26.87999999999738
292663, 42205.4600,  3, 273.71, 28.154999999998836
292668, 42205.9800,  3, 281.23, 28.650000000001455
292695, 42208.7950,  3, 313.60, 31.50499999999738
292812, 42231.8450,  3, 317.24, 12.034999999996217
292819, 42232.5750,  3, 316.64, 12.720000000001164
292823, 42232.9900,  3, 333.98, 13.139999999999418
292866, 42237.4700,  3, 308.27, 17.669999999998254
292880, 42238.9250,  3, 316.03, 19.13499999999476
292914, 42242.4700,  3, 303.12, 22.69999999999709
292928, 42243.9250,  3, 304.72, 24.13499999999476
292948, 42246.0100,  3, 295.61, 26.150000000001455
293078, 42271.2800,  3, 326.97, 13.394999999996799
293083, 42271.8000,  3, 306.26, 13.909999999996217
293112, 42274.8250,  3, 315.93, 16.900000000001455
293127, 42276.3850,  3, 319.71, 18.464999999996508
293218, 42285.8650,  3, 313.41, 27.94999999999709
293226, 42286.7000,  3, 299.15, 28.799999999995634
293264, 42290.6550,  3, 288.66, 32.724999999998545
293295, 42293.8850,  3, 285.03, 35.955000000001746
293406, 42316.2100,  3, 349.73, 11.42500000000291
293419, 42317.5650,  3, 322.19, 12.809999999997672
293424, 42318.0850,  3, 338.33, 13.264999999999418
293424, 42318.0850,  3, 326.98, 13.230000000003201
293426, 42318.2950,  3, 342.36, 13.510000000002037
293466, 42322.4600,  3, 316.67, 17.69499999999971
293596, 42336.0050,  3, 280.22, 31.165000000000873
293685, 42345.2750,  3, 283.86, 40.43499999999767
293783, 42367.2850,  1, -176.56, 10.105000000003201
293783, 42367.2850,  1, -96.47, 10.105000000003201
293819, 42371.0350,  3, 336.61, 13.794999999998254
293821, 42371.2450,  3, 306.13, 13.99500000000262
293832, 42372.3900,  3, 315.54, 15.194999999999709
293851, 42374.3700,  3, 324.60, 17.165000000000873
293906, 42380.1000,  3, 323.59, 22.875
293958, 42385.5150,  3, 308.59, 28.290000000000873
294025, 42403.2750,  1, -130.07, 6.875
294025, 42403.2750,  1, -136.81, 6.875
294079, 42408.9000,  3, 312.54, 12.430000000000291
294080, 42409.0050,  3, 333.05, 12.57499999999709
294100, 42411.0850,  3, 310.25, 14.665000000000873
294105, 42411.6050,  3, 342.40, 15.150000000001455
294109, 42412.0250,  3, 325.99, 15.540000000000873
294178, 42419.2100,  3, 319.62, 22.705000000001746
294235, 42436.8650,  1, -142.48, 5.834999999999127
294235, 42436.8650,  1, -141.36, 5.834999999999127
294250, 42438.4250,  1, -185.56, 7.3950000000040745
294250, 42438.4250,  1, -110.17, 7.3950000000040745
294289, 42442.4900,  3, 340.54, 11.355000000003201
294306, 42444.2600,  3, 351.22, 13.160000000003492
294307, 42444.3650,  3, 320.98, 13.239999999997963
294451, 42459.3650,  3, 313.97, 28.294999999998254
294558, 42481.3700,  3, 342.93, 11.034999999996217
294563, 42481.8900,  3, 336.91, 11.494999999995343
294567, 42482.3100,  3, 333.63, 11.909999999996217
294577, 42483.3500,  3, 330.36, 12.974999999998545
294650, 42490.9550,  3, 324.11, 20.584999999999127
294659, 42491.8900,  3, 304.51, 21.489999999997963
294663, 42492.3100,  3, 310.10, 21.970000000001164
294687, 42494.8100,  3, 303.28, 24.37999999999738
294804, 42517.8700,  3, 328.57, 12.07499999999709
294809, 42518.3900,  3, 326.37, 12.57499999999709
294818, 42519.3300,  3, 340.28, 13.52499999999418
294824, 42519.9550,  3, 324.27, 14.089999999996508
294941, 42532.1400,  3, 302.94, 26.25
294990, 42537.2450,  3, 294.91, 31.38499999999476
295032, 42541.6200,  3, 285.10, 35.74499999999534
295042, 42542.6600,  3, 298.11, 36.859999999993306
295197, 42569.5800,  3, 324.91, 15.939999999995052
295199, 42569.7850,  3, 325.25, 16.169999999998254
295200, 42569.8900,  3, 305.23, 16.299999999995634
295288, 42579.0600,  3, 308.20, 25.424999999995634
295308, 42581.1400,  3, 296.29, 27.50499999999738
295319, 42582.2850,  3, 252.72, 28.719999999993888
295418, 42592.6000,  3, 292.32, 38.96499999999651
295494, 42600.5150,  3, 270.48, 46.88499999999476
295566, 42619.6850,  1, -182.04, 7.394999999996799
295566, 42619.6850,  1, -117.68, 7.394999999996799
295570, 42620.1000,  1, -160.08, 7.809999999997672
295570, 42620.1000,  1, -142.39, 7.809999999997672
295631, 42626.4550,  3, 341.90, 14.084999999999127
295651, 42628.5350,  3, 302.16, 16.169999999998254
295652, 42628.6400,  3, 330.27, 16.25
295852, 42649.4750,  3, 287.49, 37.08499999999913
295967, 42673.4250,  3, 317.82, 11.819999999999709
296004, 42677.2800,  3, 350.85, 15.634999999994761
296022, 42679.1550,  3, 339.48, 17.5
296041, 42681.1350,  3, 324.38, 19.50499999999738
296075, 42684.6750,  3, 298.57, 23.089999999996508
296100, 42687.2800,  3, 324.24, 25.654999999998836
296162, 42693.7400,  3, 322.83, 32.09499999999389
296392, 42717.7000,  3, 258.86, 56.049999999995634
296461, 42737.5450,  1, -155.37, 7.080000000001746
296461, 42737.5450,  1, -111.63, 7.080000000001746
296505, 42742.1300,  3, 321.34, 11.565000000002328
296508, 42742.4400,  3, 336.65, 11.915000000000873
296614, 42753.4800,  3, 289.54, 23.005000000004657
296629, 42755.0450,  3, 303.55, 24.54500000000553
296654, 42757.6500,  3, 314.39, 27.090000000003783
296673, 42759.6300,  3, 299.22, 29.085000000006403
296772, 42781.7850,  1, -193.27, 10.205000000001746
296772, 42781.7850,  1, -123.17, 10.205000000001746
296786, 42783.2450,  3, 331.07, 11.599999999998545
296795, 42784.1850,  3, 339.81, 12.564999999995052
296798, 42784.4950,  3, 336.56, 12.884999999994761
296807, 42785.4350,  3, 319.17, 13.819999999999709
296868, 42791.7850,  3, 331.11, 20.119999999995343
296927, 42797.9350,  3, 300.17, 26.284999999996217
296998, 42816.1300,  1, -104.07, 7.290000000000873
296998, 42816.1300,  1, -160.46, 7.290000000000873
297044, 42820.9200,  3, 349.04, 12.060000000004948
297093, 42826.0250,  3, 297.75, 17.155000000006112
297127, 42829.5650,  3, 298.60, 20.645000000004075
297185, 42835.6050,  3, 316.53, 26.735000000000582
297198, 42836.9600,  3, 283.49, 28.110000000000582
297305, 42848.1050,  3, 258.41, 39.24000000000524
297439, 42873.7250,  3, 315.65, 13.809999999997672
297440, 42873.8300,  3, 333.05, 13.915000000000873
297478, 42877.7850,  3, 329.66, 17.87999999999738
297492, 42879.2450,  3, 311.97, 19.294999999998254
297509, 42881.0150,  3, 304.45, 21.084999999999127
297517, 42881.8500,  3, 311.95, 21.94499999999971
297533, 42883.5150,  3, 308.44, 23.589999999996508
297537, 42883.9350,  3, 309.56, 24.029999999998836
297600, 42901.4550,  1, -137.07, 6.459999999999127
297600, 42901.4550,  1, -134.63, 6.459999999999127
297606, 42902.0800,  1, -119.07, 7.084999999999127
297606, 42902.0800,  1, -164.13, 7.084999999999127
297699, 42911.7650,  3, 312.95, 16.75499999999738
297904, 42933.1200,  3, 282.36, 38.07999999999447
297974, 42940.4100,  3, 286.32, 45.38499999999476
298075, 42950.9350,  3, 290.45, 55.924999999995634
298132, 42967.8250,  1, -128.35, 5.834999999999127
298132, 42967.8250,  1, -129.67, 5.834999999999127
298135, 42968.1350,  1, -143.87, 6.1450000000040745
298135, 42968.1350,  1, -122.97, 6.1450000000040745
298192, 42974.0750,  3, 343.45, 12.029999999998836
298207, 42975.6350,  3, 341.78, 13.635000000002037
298279, 42983.1350,  3, 325.20, 21.1050000000032
298453, 43001.2600,  3, 275.25, 39.19000000000233
298519, 43019.9000,  1, -163.87, 6.7700000000040745
298519, 43019.9000,  1, -122.70, 6.7700000000040745
298587, 43026.9800,  3, 337.75, 13.775000000001455
298590, 43027.2950,  1, -136.74, 14.165000000000873
298590, 43027.2950,  1, -145.41, 14.165000000000873
298598, 43028.1300,  3, 333.72, 14.940000000002328
298600, 43028.3350,  3, 340.38, 15.17500000000291
298644, 43032.9200,  3, 301.25, 19.74500000000262
298769, 43056.8100,  3, 321.83, 12.830000000001746
298769, 43056.8100,  3, 311.40, 12.880000000004657
298776, 43057.5350,  3, 318.04, 13.560000000004948
298797, 43059.7250,  3, 335.68, 15.740000000005239
298817, 43061.8100,  3, 305.80, 17.905000000006112
298824, 43062.5350,  3, 313.13, 18.56500000000233
298906, 43071.0800,  3, 308.66, 27.125
298911, 43071.6000,  3, 312.22, 27.69499999999971
299021, 43093.9100,  3, 348.42, 11.319999999999709
299042, 43096.1000,  3, 344.84, 13.470000000001164
299052, 43097.1400,  3, 336.87, 14.575000000004366
299089, 43100.9950,  3, 288.10, 18.3550000000032
299107, 43102.8700,  3, 335.62, 20.215000000003783
299181, 43110.5800,  3, 272.73, 27.99500000000262
299242, 43116.9350,  3, 270.52, 34.33499999999913
299273, 43120.1600,  3, 294.17, 37.53500000000349
299332, 43137.1200,  1, -142.67, 6.040000000000873
299332, 43137.1200,  1, -127.76, 6.040000000000873
299345, 43138.4750,  1, -126.68, 7.394999999996799
299345, 43138.4750,  1, -156.10, 7.394999999996799
299396, 43143.7850,  1, -180.35, 12.705000000001746
299396, 43143.7850,  1, -134.59, 12.705000000001746
299411, 43145.3500,  3, 323.06, 14.25
299473, 43151.8100,  3, 316.87, 20.659999999996217
299540, 43169.7100,  1, -141.28, 6.870000000002619
299540, 43169.7100,  1, -127.17, 6.870000000002619
299592, 43175.1300,  3, 330.90, 12.285000000003492
299620, 43178.0450,  3, 330.34, 15.135000000002037
299622, 43178.2550,  3, 333.64, 15.355000000003201
299670, 43183.2550,  3, 295.94, 20.37000000000262
299692, 43185.5450,  3, 309.81, 22.655000000006112
299724, 43188.8800,  3, 310.85, 25.99500000000262
299857, 43213.7300,  3, 345.41, 13.69999999999709
299874, 43215.5050,  3, 321.51, 15.430000000000291
299875, 43215.6050,  3, 329.82, 15.57499999999709
299898, 43218.0050,  3, 323.92, 17.964999999996508
299901, 43218.3150,  3, 329.13, 18.224999999998545
299910, 43219.2550,  3, 326.97, 19.229999999995925
299920, 43220.2950,  3, 309.27, 20.209999999999127
299922, 43220.5050,  3, 286.93, 20.50499999999738
299987, 43238.0450,  1, -143.85, 6.669999999998254
299987, 43238.0450,  1, -156.14, 6.669999999998254
299993, 43238.6700,  1, -164.49, 7.294999999998254
299993, 43238.6700,  1, -128.99, 7.294999999998254
300194, 43259.6050,  3, 323.77, 28.205000000001746
300206, 43260.8550,  3, 294.61, 29.37999999999738
300207, 43260.9600,  3, 307.25, 29.55000000000291
300217, 43262.0050,  3, 314.55, 30.599999999998545
300323, 43283.9750,  3, 331.52, 10.904999999998836
300338, 43285.5350,  3, 349.54, 12.415000000000873
300363, 43288.1400,  3, 336.01, 15.055000000000291
300364, 43288.2450,  3, 320.20, 15.135000000002037
300364, 43288.2450,  3, 320.03, 15.135000000002037
300390, 43290.9550,  3, 362.17, 17.885000000002037
300407, 43292.7250,  3, 335.81, 19.635000000002037
300409, 43292.9350,  3, 311.27, 19.80999999999767
300482, 43311.4900,  1, -153.93, 7.5
300482, 43311.4900,  1, -134.79, 7.5
300482, 43311.4900,  1, -158.72, 7.5
300482, 43311.4900,  1, -144.49, 7.5
300535, 43317.0100,  3, 331.13, 12.92000000000553
300624, 43326.2800,  3, 303.07, 22.25
300664, 43330.4500,  3, 276.73, 26.44000000000233
300672, 43331.2800,  3, 298.10, 27.220000000001164
300782, 43353.2850,  3, 336.00, 11.340000000003783
300786, 43353.7050,  3, 345.89, 11.755000000004657
300797, 43354.8500,  3, 333.26, 12.910000000003492
300799, 43355.0600,  3, 341.66, 13.090000000003783
300804, 43355.5800,  3, 337.77, 13.55000000000291
300825, 43357.7650,  3, 349.82, 15.755000000004657
300892, 43364.7450,  3, 310.55, 22.79500000000553
300892, 43364.7450,  3, 295.06, 22.79500000000553
300971, 43383.9100,  1, -173.58, 8.125
300971, 43383.9100,  1, -108.88, 8.125
300994, 43386.3100,  3, 358.11, 10.469999999993888
301017, 43388.7050,  3, 329.38, 12.819999999999709
301053, 43392.4550,  3, 310.67, 16.639999999999418
301055, 43392.6600,  3, 305.77, 16.779999999998836
301098, 43397.1400,  3, 312.97, 21.294999999998254
301126, 43400.0600,  3, 286.85, 24.20499999999447
301195, 43418.1400,  1, -167.43, 7.080000000001746
301195, 43418.1400,  1, -120.60, 7.080000000001746
301230, 43421.7850,  1, -168.66, 10.72500000000582
301230, 43421.7850,  1, -121.35, 10.72500000000582
301309, 43430.0150,  3, 300.49, 18.935000000004948
301317, 43430.8500,  3, 298.16, 19.755000000004657
301351, 43434.3900,  3, 301.29, 23.255000000004657
301404, 43439.9100,  3, 270.69, 28.81500000000233
301528, 43463.6200,  3, 314.13, 12.764999999999418
301533, 43464.1400,  3, 306.79, 13.294999999998254
301578, 43468.8300,  3, 294.09, 17.964999999996508
301580, 43469.0350,  3, 264.99, 18.19499999999971
301588, 43469.8700,  3, 301.68, 18.970000000001164
301640, 43475.2850,  3, 298.46, 24.385000000002037
301655, 43476.8500,  3, 283.19, 26.00499999999738
301683, 43479.7650,  3, 305.26, 28.93000000000029
301824, 43505.1200,  3, 342.83, 14.559999999997672
301836, 43506.3700,  3, 309.81, 15.729999999995925
301867, 43509.6000,  3, 335.18, 18.99500000000262
301868, 43509.7050,  3, 300.34, 19.125
301878, 43510.7450,  3, 307.45, 20.150000000001455
301883, 43511.2650,  3, 301.56, 20.69000000000233
301891, 43512.1000,  3, 315.43, 21.514999999999418
301920, 43515.1200,  3, 284.63, 24.55500000000029
301974, 43531.6150,  1, -126.75, 5.519999999996799
301974, 43531.6150,  1, -138.77, 5.519999999996799
302058, 43540.3650,  3, 340.56, 14.220000000001164
302059, 43540.4700,  3, 325.94, 14.369999999995343
302064, 43540.9900,  3, 315.80, 14.815000000002328
302074, 43542.0300,  3, 326.61, 15.885000000002037
302097, 43544.4250,  3, 343.69, 18.294999999998254
302119, 43546.7200,  3, 315.19, 20.610000000000582
302184, 43564.2600,  1, -144.00, 6.665000000000873
302184, 43564.2600,  1, -127.01, 6.665000000000873
302186, 43564.4700,  1, -162.38, 6.875
302186, 43564.4700,  1, -128.99, 6.875
302240, 43570.0950,  3, 341.39, 12.419999999998254
302244, 43570.5100,  3, 326.42, 12.845000000001164
302280, 43574.2600,  3, 323.45, 16.56999999999971
302321, 43578.5300,  3, 321.91, 20.924999999995634
302444, 43602.3150,  3, 321.39, 12.604999999995925
302448, 43602.7300,  3, 346.52, 13.025000000001455
302478, 43605.8550,  3, 313.63, 16.17500000000291
302485, 43606.5850,  3, 283.06, 16.94000000000233
302489, 43607.0050,  3, 308.96, 17.30999999999767
302506, 43608.7750,  3, 279.01, 19.114999999997963
302521, 43610.3350,  3, 308.86, 20.6449999999968
302591, 43617.6300,  3, 302.78, 27.94999999999709
302652, 43634.8350,  1, -142.06, 6.25
302652, 43634.8350,  1, -136.82, 6.25
302711, 43640.9800,  3, 333.77, 12.385000000002037
302757, 43645.7750,  3, 316.86, 17.169999999998254
302760, 43646.0850,  3, 312.07, 17.44000000000233
302804, 43650.6700,  3, 289.95, 22.025000000001455
302992, 43670.2550,  3, 286.27, 41.62999999999738
303360, 43708.5850,  2, 15.92,  80
303493, 43733.0850,  3, 321.77, 13.62999999999738
303512, 43735.0650,  3, 316.06, 15.569999999999709
303538, 43737.7750,  3, 320.90, 18.294999999998254
303547, 43738.7100,  3, 317.60, 19.224999999998545
303557, 43739.7550,  3, 323.77, 20.214999999996508
303582, 43742.3550,  3, 268.70, 22.82999999999447
303657, 43750.1700,  3, 275.75, 30.68499999999767
303715, 43756.2100,  3, 284.95, 36.70999999999913
303832, 43779.2250,  3, 345.92, 12.065000000002328
303835, 43779.5350,  3, 328.48, 12.334999999999127
303912, 43787.5600,  3, 318.43, 20.389999999999418
303927, 43789.1200,  3, 314.95, 21.915000000000873
303957, 43792.2450,  3, 310.14, 25.025000000001455
304007, 43797.4550,  3, 302.72, 30.30500000000029
304019, 43798.7050,  3, 290.88, 31.485000000000582
304042, 43801.1000,  3, 292.00, 33.900000000001455
304189, 43827.1750,  3, 327.87, 15.114999999997963
304193, 43827.5950,  3, 327.88, 15.525000000001455
304216, 43829.9900,  3, 337.47, 17.974999999998545
304220, 43830.4050,  3, 313.82, 18.415000000000873
304272, 43835.8250,  3, 322.74, 23.779999999998836
304296, 43838.3250,  3, 287.38, 26.339999999996508
304310, 43839.7800,  3, 305.55, 27.744999999995343
304415, 43850.7200,  3, 287.49, 38.654999999998836
304558, 43876.4000,  3, 313.44, 14.769999999996799
304569, 43877.5450,  3, 332.23, 15.859999999993306
304590, 43879.7300,  3, 301.68, 18.084999999999127
304597, 43880.4600,  3, 310.37, 18.814999999995052
304622, 43883.0650,  3, 317.19, 21.44499999999971
304644, 43885.3550,  3, 298.30, 23.689999999995052
304719, 43893.1700,  3, 304.14, 31.549999999995634
304761, 43897.5450,  3, 252.54, 35.93000000000029
304866, 43919.1600,  3, 339.16, 10.775000000001455
304899, 43922.6000,  3, 350.62, 14.174999999995634
304930, 43925.8300,  3, 306.82, 17.459999999999127
304937, 43926.5600,  3, 285.25, 18.18000000000029
304977, 43930.7250,  3, 329.80, 22.345000000001164
304997, 43932.8100,  3, 296.34, 24.37999999999738
305046, 43937.9100,  3, 296.19, 29.534999999996217
305105, 43944.0600,  3, 304.39, 35.720000000001164
305171, 43961.7650,  1, -148.64, 6.769999999996799
305171, 43961.7650,  1, -157.46, 6.769999999996799
305176, 43962.2850,  1, -151.91, 7.290000000000873
305176, 43962.2850,  1, -148.44, 7.290000000000873
305212, 43966.0350,  3, 351.57, 11.034999999996217
305223, 43967.1850,  3, 311.71, 12.099999999998545
305297, 43974.8900,  3, 314.04, 19.82499999999709
305340, 43979.3700,  3, 300.16, 24.31999999999971
305434, 43999.9550,  1, -122.81, 9.690000000002328
305434, 43999.9550,  1, -171.57, 9.690000000002328
305458, 44002.4550,  3, 348.02, 12.160000000003492
305478, 44004.5350,  3, 333.29, 14.239999999997963
305503, 44007.1400,  3, 324.43, 16.80000000000291
305695, 44027.1400,  3, 281.02, 36.80999999999767
305714, 44029.1200,  3, 255.06, 38.75
305730, 44030.7850,  3, 216.64, 40.474999999998545
305857, 44054.7300,  3, 336.21, 13.02499999999418
305872, 44056.2950,  3, 290.15, 14.684999999997672
305876, 44056.7100,  3, 323.16, 15.049999999995634
305886, 44057.7550,  3, 297.69, 16.13499999999476
305889, 44058.0650,  3, 306.39, 16.389999999999418
305988, 44068.3800,  3, 295.36, 26.724999999998545
305998, 44069.4200,  3, 276.94, 27.7699999999968
306071, 44077.0250,  3, 287.19, 35.32499999999709
306189, 44101.0250,  3, 325.08, 12.169999999998254
306197, 44101.8550,  3, 351.75, 12.934999999997672
306219, 44104.1500,  3, 332.07, 15.235000000000582
306228, 44105.0850,  3, 371.87, 16.24500000000262
306290, 44111.5450,  3, 314.52, 22.705000000001746
306336, 44116.3350,  3, 275.83, 27.450000000004366
306444, 44127.5850,  3, 281.63, 38.67500000000291
306549, 44138.5250,  3, 259.03, 49.6050000000032
306667, 44161.7850,  1, -169.49, 12.185000000004948
306667, 44161.7850,  1, -90.06, 12.185000000004948
306687, 44163.8700,  3, 342.63, 14.239999999997963
306715, 44166.7850,  3, 310.24, 17.18000000000029
306756, 44171.0600,  3, 305.05, 21.404999999998836
306767, 44172.2050,  3, 320.68, 22.514999999999418
306769, 44172.4100,  3, 322.02, 22.785000000003492
306845, 44180.3300,  3, 243.58, 30.69000000000233
306978, 44205.0050,  3, 357.18, 13.680000000000291
307001, 44207.4000,  3, 319.67, 16.135000000002037
307031, 44210.5250,  3, 307.73, 19.224999999998545
307043, 44211.7750,  3, 324.93, 20.485000000000582
307044, 44211.8800,  3, 298.48, 20.55999999999767
307098, 44217.5050,  3, 314.87, 26.2300000000032
307102, 44217.9200,  3, 290.09, 26.62000000000262
307331, 44241.7750,  3, 250.11, 50.44999999999709
307401, 44260.6200,  1, -139.05, 7.190000000002328
307401, 44260.6200,  1, -111.08, 7.190000000002328
307448, 44265.5150,  3, 324.29, 12.07499999999709
307458, 44266.5600,  3, 326.27, 13.110000000000582
307461, 44266.8700,  3, 326.92, 13.37000000000262
307469, 44267.7050,  3, 334.04, 14.184999999997672
307531, 44274.1600,  3, 314.17, 20.69999999999709
307541, 44275.2050,  3, 313.52, 21.724999999998545
307682, 44301.6400,  3, 294.28, 14.50499999999738
307706, 44304.1400,  3, 321.06, 16.985000000000582
307715, 44305.0800,  3, 328.50, 17.93499999999767
307718, 44305.3900,  3, 298.87, 18.264999999999418
307726, 44306.2250,  3, 315.92, 19.12000000000262
307731, 44306.7450,  3, 305.86, 19.610000000000582
307764, 44310.1850,  3, 271.74, 23.125
307803, 44314.2450,  3, 300.99, 27.135000000002037
307917, 44337.8150,  3, 340.49, 11.694999999999709
307918, 44337.9200,  3, 348.99, 11.775000000001455
307953, 44341.5650,  3, 307.31, 15.505000000004657
307956, 44341.8800,  3, 306.86, 15.760000000002037
307959, 44342.1900,  3, 341.31, 16.099999999998545
308006, 44347.0850,  3, 316.54, 20.99000000000524
308181, 44365.3150,  3, 244.53, 39.169999999998254
308224, 44369.7950,  3, 260.69, 43.66500000000087
308294, 44387.9200,  1, -127.69, 7.184999999997672
308294, 44387.9200,  1, -161.79, 7.184999999997672
308351, 44393.8550,  3, 323.22, 13.065000000002328
308355, 44394.2750,  3, 341.23, 13.519999999996799
308358, 44394.5850,  3, 341.09, 13.839999999996508
308373, 44396.1500,  3, 323.01, 15.364999999997963
308436, 44402.7100,  3, 307.57, 21.955000000001746
308476, 44406.8800,  3, 303.54, 26.07499999999709
308612, 44432.0650,  3, 337.85, 14.00499999999738
308620, 44432.9000,  3, 316.54, 14.860000000000582
308652, 44436.2300,  3, 361.63, 18.19999999999709
308670, 44438.1050,  3, 333.29, 20.044999999998254
308691, 44440.2950,  3, 325.89, 22.24500000000262
308704, 44441.6500,  3, 301.35, 23.614999999997963
308740, 44445.4000,  3, 292.26, 27.3550000000032
308745, 44445.9200,  3, 315.51, 27.87999999999738
308869, 44470.5750,  3, 356.56, 12.805000000000291
308873, 44470.9900,  3, 313.79, 13.174999999995634
308874, 44471.0950,  3, 330.38, 13.305000000000291
308889, 44472.6550,  3, 338.28, 14.82499999999709
308895, 44473.2800,  3, 300.09, 15.434999999997672
308906, 44474.4250,  3, 316.76, 16.589999999996508
308948, 44478.8000,  3, 322.06, 20.979999999995925
309042, 44488.5950,  3, 289.86, 30.75
309106, 44506.1000,  1, -138.21, 6.564999999995052
309106, 44506.1000,  1, -136.21, 6.564999999995052
309112, 44506.7250,  1, -125.85, 7.189999999995052
309112, 44506.7250,  1, -153.31, 7.189999999995052
309117, 44507.2450,  1, -157.56, 7.709999999999127
309117, 44507.2450,  1, -128.03, 7.709999999999127
309354, 44531.9350,  3, 312.59, 32.359999999993306
309423, 44539.1200,  3, 274.96, 39.549999999995634
309486, 44556.5050,  1, -129.63, 6.459999999999127
309486, 44556.5050,  1, -149.00, 6.459999999999127
309491, 44557.0250,  1, -141.53, 6.980000000003201
309491, 44557.0250,  1, -133.86, 6.980000000003201
309552, 44563.3800,  3, 336.65, 13.325000000004366
309565, 44564.7300,  3, 307.01, 14.639999999999418
309611, 44569.5250,  3, 315.18, 19.375
309674, 44576.0850,  3, 298.59, 26.035000000003492
309740, 44593.5800,  1, -157.68, 6.775000000001455
309740, 44593.5800,  1, -140.93, 6.775000000001455
309769, 44596.6000,  1, -147.46, 9.794999999998254
309769, 44596.6000,  1, -170.10, 9.794999999998254
309789, 44598.6850,  3, 330.50, 11.794999999998254
309806, 44600.4550,  3, 339.53, 13.589999999996508
309934, 44613.7850,  3, 289.35, 26.94999999999709
309964, 44616.9100,  3, 306.26, 30.040000000000873
310093, 44641.0750,  3, 319.56, 13.24500000000262
310098, 44641.5950,  3, 338.73, 13.785000000003492
310106, 44642.4250,  3, 316.85, 14.680000000000291
310112, 44643.0500,  3, 316.53, 15.290000000000873
310149, 44646.9050,  3, 300.01, 19.11500000000524
310166, 44648.6750,  3, 327.80, 20.880000000004657
310261, 44658.5750,  3, 282.19, 30.80000000000291
310269, 44659.4050,  3, 325.59, 31.584999999999127
310392, 44682.9600,  3, 344.17, 12.705000000001746
310398, 44683.5850,  3, 343.02, 13.305000000000291
310405, 44684.3150,  3, 345.98, 14.00499999999738
310440, 44687.9600,  3, 317.02, 17.62999999999738
310467, 44690.7750,  3, 318.48, 20.510000000002037
310478, 44691.9200,  3, 295.51, 21.580000000001746
310589, 44703.4800,  3, 289.99, 33.21499999999651
310627, 44707.4400,  3, 237.92, 37.154999999998836
310738, 44730.0600,  3, 329.39, 11.440000000002328
310758, 44732.1400,  3, 325.30, 13.525000000001455
310760, 44732.3500,  3, 309.76, 13.680000000000291
310768, 44733.1850,  3, 300.46, 14.565000000002328
310805, 44737.0350,  3, 302.67, 18.42500000000291
310811, 44737.6600,  3, 326.24, 19.014999999999418
310822, 44738.8100,  3, 316.93, 20.200000000004366
310905, 44747.4550,  3, 273.26, 28.764999999999418
311026, 44770.9100,  3, 322.96, 12.494999999995343
311040, 44772.3700,  3, 327.76, 13.94999999999709
311071, 44775.6000,  3, 313.61, 17.169999999998254
311080, 44776.5350,  3, 337.23, 18.054999999993015
311100, 44778.6200,  3, 312.47, 20.179999999993015
311100, 44778.6200,  3, 313.21, 20.109999999993306
311143, 44783.1000,  3, 334.79, 24.62999999999738
311161, 44784.9750,  3, 285.91, 26.5
311300, 44811.0950,  3, 335.37, 14.334999999999127
311323, 44813.4900,  3, 304.53, 16.669999999998254
311369, 44818.2800,  3, 303.57, 21.459999999999127
311370, 44818.3850,  3, 266.91, 21.635000000002037
311379, 44819.3250,  3, 338.00, 22.5
311444, 44826.0950,  3, 248.26, 29.294999999998254
311481, 44829.9500,  3, 285.97, 33.13500000000204
311514, 44833.3850,  3, 256.77, 36.625
311648, 44858.0950,  3, 318.06, 13.755000000004657
311650, 44858.3000,  3, 319.44, 13.99500000000262
311673, 44860.7000,  3, 305.61, 16.44499999999971
311696, 44863.0950,  3, 302.54, 18.760000000002037
311749, 44868.6150,  3, 297.74, 24.340000000003783
311764, 44870.1750,  3, 278.34, 25.875
311792, 44873.0950,  3, 328.28, 28.849999999998545
311793, 44873.2000,  3, 289.97, 28.8550000000032
311901, 44895.2650,  3, 328.09, 11.104999999995925
311904, 44895.5800,  3, 342.98, 11.444999999999709
311914, 44896.6200,  3, 331.39, 12.409999999996217
311915, 44896.7250,  3, 342.77, 12.569999999999709
311917, 44896.9350,  3, 301.44, 12.790000000000873
311945, 44899.8500,  3, 321.65, 15.669999999998254
311950, 44900.3700,  3, 324.08, 16.189999999995052
312020, 44907.6600,  3, 300.27, 23.44999999999709
312080, 44924.8650,  1, -157.34, 6.144999999996799
312080, 44924.8650,  1, -115.39, 6.144999999996799
312085, 44925.3850,  1, -132.64, 6.665000000000873
312085, 44925.3850,  1, -127.06, 6.665000000000873
312135, 44930.5950,  3, 340.76, 11.845000000001164
312145, 44931.6350,  3, 312.94, 12.830000000001746
312152, 44932.3650,  3, 338.67, 13.544999999998254
312155, 44932.6750,  3, 310.18, 13.934999999997672
312229, 44951.3350,  1, -143.69, 7.6049999999959255
312229, 44951.3350,  1, -161.62, 7.6049999999959255
312268, 44955.4000,  3, 353.90, 11.604999999995925
312269, 44955.5050,  3, 342.22, 11.69999999999709
312276, 44956.2300,  3, 315.83, 12.45499999999447
312356, 44964.5650,  3, 315.26, 20.80999999999767
312356, 44964.5650,  3, 311.46, 20.734999999993306
312476, 44977.0650,  3, 305.75, 33.31999999999971
312551, 44995.8500,  1, -111.09, 7.709999999999127
312551, 44995.8500,  1, -140.53, 7.709999999999127
312580, 44998.8700,  3, 333.91, 10.62999999999738
312585, 44999.3900,  3, 333.82, 11.215000000003783
312610, 45001.9950,  3, 318.74, 13.764999999999418
312621, 45003.1400,  3, 327.56, 14.910000000003492
312623, 45003.3500,  3, 322.68, 15.180000000000291
312713, 45012.7250,  3, 307.39, 24.55500000000029
312830, 45036.7200,  3, 335.39, 12.07999999999447
312833, 45037.0300,  3, 342.72, 12.364999999997963
312833, 45037.0300,  3, 328.46, 12.309999999997672
312834, 45037.1350,  3, 333.01, 12.439999999995052
312836, 45037.3450,  3, 340.13, 12.619999999995343
312843, 45038.0750,  3, 311.17, 13.394999999996799
312897, 45043.7000,  3, 303.43, 19.040000000000873
312994, 45053.8000,  3, 295.97, 29.12999999999738
313065, 45072.0800,  1, -143.14, 7.294999999998254
313065, 45072.0800,  1, -149.74, 7.294999999998254
313121, 45077.9100,  3, 319.15, 13.119999999995343
313133, 45079.1600,  3, 324.45, 14.364999999997963
313150, 45080.9350,  3, 306.17, 16.12999999999738
313152, 45081.1400,  3, 329.16, 16.294999999998254
313204, 45086.5600,  3, 327.42, 21.689999999995052
313250, 45091.3500,  3, 298.15, 26.494999999995343
313382, 45115.7750,  3, 348.29, 13.605000000003201
313387, 45116.2950,  3, 325.09, 14.150000000001455
313387, 45116.2950,  3, 322.85, 14.130000000004657
313440, 45121.8150,  3, 310.18, 19.6050000000032
313452, 45123.0650,  3, 303.60, 20.840000000003783
313486, 45126.6050,  3, 346.60, 24.389999999999418
313555, 45133.7950,  3, 285.68, 31.580000000001746
313665, 45145.2550,  3, 270.50, 43.06500000000233
313735, 45163.3300,  1, -128.82, 7.190000000002328
313735, 45163.3300,  1, -132.61, 7.190000000002328
313778, 45167.8100,  3, 323.82, 11.605000000003201
313806, 45170.7250,  3, 315.24, 14.569999999999709
313827, 45172.9100,  3, 337.92, 16.720000000001164
313850, 45175.3100,  3, 306.02, 19.099999999998545
313876, 45178.0150,  3, 310.68, 21.785000000003492
313963, 45187.0800,  3, 289.03, 30.895000000004075
314034, 45205.9400,  1, -143.16, 7.290000000000873
314034, 45205.9400,  1, -133.33, 7.290000000000873
314076, 45210.3150,  3, 313.10, 11.599999999998545
314082, 45210.9400,  3, 348.66, 12.184999999997672
314097, 45212.5050,  3, 342.72, 13.799999999995634
314150, 45218.0250,  3, 305.24, 19.2699999999968
314186, 45221.7750,  3, 290.74, 23.06999999999971
314336, 45237.4000,  3, 273.42, 38.674999999995634
314469, 45262.0250,  3, 327.51, 13.729999999995925
314478, 45262.9600,  3, 314.80, 14.589999999996508
314516, 45266.9200,  3, 291.51, 18.604999999995925
314562, 45271.7100,  3, 310.84, 23.330000000001746
314598, 45275.4600,  3, 274.38, 27.099999999998545
314603, 45275.9800,  3, 271.40, 27.6449999999968
314609, 45276.6050,  3, 289.29, 28.244999999995343
314674, 45283.3800,  3, 282.25, 35.01499999999942
314793, 45306.4350,  3, 341.10, 12.220000000001164
314811, 45308.3100,  3, 311.89, 14.12000000000262
314812, 45308.4100,  3, 329.55, 14.239999999997963
314814, 45308.6200,  3, 323.99, 14.419999999998254
314817, 45308.9350,  3, 317.28, 14.730000000003201
314857, 45313.1000,  3, 325.43, 18.900000000001455
314963, 45324.1400,  3, 308.69, 29.974999999998545
315026, 45330.7050,  3, 290.15, 36.4800000000032
315143, 45353.6700,  3, 328.19, 12.055000000000291
315153, 45354.7100,  3, 344.98, 13.029999999998836
315157, 45355.1300,  3, 315.34, 13.520000000004075
315163, 45355.7550,  3, 311.18, 14.080000000001746
315203, 45359.9200,  3, 302.95, 18.31500000000233
315233, 45363.0450,  3, 307.15, 21.364999999997963
315243, 45364.0850,  3, 304.94, 22.459999999999127
315340, 45374.1900,  3, 286.19, 32.599999999998545
315459, 45397.2200,  3, 331.35, 12.235000000000582
315480, 45399.4050,  3, 351.15, 14.424999999995634
315585, 45410.3450,  3, 297.18, 25.404999999998836
315586, 45410.4500,  3, 338.46, 25.44499999999971
315594, 45411.2800,  3, 293.35, 26.339999999996508
315629, 45414.9250,  3, 296.90, 29.93000000000029
315668, 45418.9900,  3, 275.69, 34.03499999999622
315692, 45421.4900,  3, 248.34, 36.48500000000058
315813, 45444.9100,  3, 314.16, 12.394999999996799
315831, 45446.7850,  3, 323.08, 14.319999999999709
315834, 45447.1000,  3, 338.44, 14.589999999996508
315840, 45447.7250,  3, 325.87, 15.235000000000582
315858, 45449.6000,  3, 306.92, 17.159999999996217
315885, 45452.4100,  3, 309.29, 19.970000000001164
315961, 45460.3300,  3, 302.77, 27.81999999999971
315994, 45463.7650,  3, 297.32, 31.30999999999767
316052, 45481.5150,  1, -137.90, 5.934999999997672
316052, 45481.5150,  1, -136.41, 5.934999999997672
316125, 45489.1200,  3, 314.37, 13.485000000000582
316160, 45492.7650,  3, 298.48, 17.1449999999968
316178, 45494.6400,  3, 320.50, 19.044999999998254
316240, 45501.1000,  3, 270.63, 25.5
316290, 45506.3100,  3, 281.49, 30.705000000001746
316539, 45532.2450,  3, 250.32, 56.63999999999942
316603, 45549.8300,  1, -163.84, 6.560000000004948
316603, 45549.8300,  1, -134.42, 6.560000000004948
316668, 45556.6000,  3, 320.12, 13.235000000000582
316682, 45558.0600,  3, 309.71, 14.775000000001455
316755, 45565.6600,  3, 284.61, 22.385000000002037
316805, 45570.8700,  3, 268.92, 27.585000000006403
316833, 45573.7850,  3, 289.71, 30.470000000001164
316974, 45588.4750,  3, 211.60, 45.1050000000032
317087, 45611.2400,  3, 339.54, 11.610000000000582
317094, 45611.9700,  3, 333.42, 12.360000000000582
317106, 45613.2200,  3, 352.73, 13.605000000003201
317140, 45616.7600,  3, 324.82, 17.11500000000524
317170, 45619.8850,  3, 290.04, 20.205000000001746
317314, 45634.8850,  3, 273.73, 35.28000000000611
317354, 45639.0500,  3, 306.90, 39.43500000000495
317405, 45644.3650,  3, 260.04, 44.705000000001746
317509, 45665.8850,  3, 337.77, 10.709999999999127
317518, 45666.8250,  3, 331.32, 11.569999999999709
317539, 45669.0100,  3, 313.18, 13.849999999998545
317548, 45669.9500,  3, 300.40, 14.779999999998836
317551, 45670.2600,  3, 342.29, 15.05000000000291
317553, 45670.4700,  3, 317.27, 15.239999999997963
317556, 45670.7800,  3, 345.89, 15.55000000000291
317593, 45674.6350,  3, 326.67, 19.44000000000233
317722, 45698.8700,  3, 328.92, 13.314999999995052
317736, 45700.3300,  3, 312.72, 14.694999999999709
317747, 45701.4750,  3, 327.24, 15.914999999993597
317780, 45704.9100,  3, 299.21, 19.364999999997963
317793, 45706.2650,  3, 310.53, 20.62999999999738
317796, 45706.5800,  3, 300.99, 21.039999999993597
317858, 45713.0350,  3, 282.52, 27.429999999993015
317912, 45718.6600,  3, 302.98, 33.11499999999796
317978, 45736.5650,  1, -137.11, 6.7700000000040745
317978, 45736.5650,  1, -152.90, 6.7700000000040745
318019, 45740.8350,  3, 336.54, 10.935000000004948
318028, 45741.7750,  3, 340.47, 11.959999999999127
318039, 45742.9200,  3, 300.75, 13.12000000000262
318129, 45752.2950,  3, 318.38, 22.49000000000524
318136, 45753.0250,  3, 318.17, 23.18000000000029
318327, 45772.9200,  3, 276.61, 43.08499999999913
318471, 45798.7550,  3, 321.36, 14.854999999995925
318534, 45805.3150,  3, 318.87, 21.37999999999738
318550, 45806.9800,  3, 345.07, 23.02499999999418
318559, 45807.9200,  3, 298.59, 23.979999999995925
318563, 45808.3350,  3, 306.92, 24.43000000000029
318564, 45808.4400,  3, 322.58, 24.549999999995634
318564, 45808.4400,  3, 302.92, 24.56999999999971
318728, 45825.5250,  3, 244.06, 41.599999999998545
318836, 45847.5450,  3, 328.59, 11.095000000001164
318849, 45848.9000,  3, 337.57, 12.489999999997963
318911, 45855.3550,  3, 335.02, 18.889999999999418
318921, 45856.4000,  3, 313.43, 19.979999999995925
318962, 45860.6700,  3, 335.58, 24.165000000000873
318981, 45862.6500,  3, 298.73, 26.169999999998254
318981, 45862.6500,  3, 298.49, 26.154999999998836
319023, 45867.0250,  3, 301.96, 30.544999999998254
319136, 45889.5950,  3, 325.96, 11.619999999995343
319143, 45890.3250,  3, 330.71, 12.394999999996799
319162, 45892.3000,  3, 344.06, 14.305000000000291
319206, 45896.8850,  3, 309.80, 18.8949999999968
319244, 45900.8450,  3, 309.24, 22.914999999993597
319273, 45903.8650,  3, 313.65, 25.844999999993888
319336, 45910.4250,  3, 282.48, 32.404999999998836
319502, 45927.7200,  3, 254.63, 49.69499999999971
319618, 45950.5800,  3, 317.39, 11.904999999998836
319631, 45951.9350,  3, 341.85, 13.25
319647, 45953.6000,  1, -174.89, 15.0
319647, 45953.6000,  1, -127.14, 15.0
319692, 45958.2850,  3, 311.58, 19.650000000001455
319721, 45961.3100,  3, 322.20, 22.660000000003492
319767, 45966.1000,  3, 296.68, 27.419999999998254
319796, 45969.1200,  3, 324.04, 30.489999999997963
319866, 45987.1900,  1, -147.95, 7.190000000002328
319866, 45987.1900,  1, -118.42, 7.190000000002328
319923, 45993.1300,  3, 315.23, 13.12000000000262
319928, 45993.6500,  3, 325.59, 13.610000000000582
319957, 45996.6700,  3, 344.12, 16.610000000000582
319961, 45997.0850,  3, 324.59, 16.9800000000032
320046, 46005.9400,  3, 302.23, 25.87000000000262
320076, 46009.0650,  3, 294.38, 29.05999999999767
320134, 46026.1200,  1, -126.51, 5.940000000002328
320134, 46026.1200,  1, -123.15, 5.940000000002328
320136, 46026.3300,  1, -170.65, 6.150000000001455
320136, 46026.3300,  1, -109.94, 6.150000000001455
320187, 46031.6400,  3, 333.20, 11.444999999999709
320214, 46034.4550,  3, 303.51, 14.25499999999738
320296, 46042.9950,  3, 322.43, 22.7699999999968
320432, 46057.1600,  3, 288.73, 36.955000000001746
320552, 46080.4000,  3, 316.40, 12.30000000000291
320556, 46080.8150,  3, 331.97, 12.764999999999418
320570, 46082.2750,  3, 314.50, 14.25
320595, 46084.8800,  3, 308.46, 16.82499999999709
320609, 46086.3350,  3, 298.07, 18.290000000000873
320615, 46086.9600,  3, 358.06, 18.93499999999767
320700, 46095.8150,  3, 302.67, 27.75
321201, 46148.0050,  2, -8.48,  80
321319, 46170.8150,  3, 345.97, 11.99500000000262
321353, 46174.3550,  3, 311.07, 15.569999999999709
321359, 46174.9800,  3, 316.74, 16.159999999996217
321378, 46176.9600,  3, 305.23, 18.220000000001164
321386, 46177.7950,  3, 321.27, 18.970000000001164
321409, 46180.1900,  3, 303.26, 21.364999999997963
321461, 46185.6050,  3, 306.09, 26.864999999997963
321523, 46192.0650,  3, 294.61, 33.32499999999709
321658, 46216.9900,  3, 356.23, 13.92500000000291
321666, 46217.8250,  3, 327.76, 14.790000000000873
321671, 46218.3450,  3, 313.06, 15.220000000001164
321673, 46218.5500,  3, 325.33, 15.480000000003201
321704, 46221.7800,  3, 310.70, 18.709999999999127
321714, 46222.8250,  3, 305.37, 19.735000000000582
321715, 46222.9250,  3, 308.62, 19.889999999999418
321927, 46245.0100,  3, 260.46, 41.900000000001455
322047, 46268.3900,  3, 332.55, 12.375
322071, 46270.8900,  3, 324.37, 14.854999999995925
322094, 46273.2850,  3, 329.12, 17.229999999995925
322148, 46278.9100,  3, 322.13, 22.889999999999418
322155, 46279.6400,  3, 312.02, 23.55500000000029
322257, 46290.2650,  3, 314.66, 34.24499999999534
322265, 46291.1000,  3, 298.72, 35.06999999999971
322266, 46291.2050,  3, 282.89, 35.12999999999738
322389, 46314.8850,  3, 322.18, 12.659999999996217
322395, 46315.5100,  3, 341.33, 13.279999999998836
322399, 46315.9250,  3, 328.50, 13.674999999995634
322488, 46325.2000,  3, 312.40, 22.924999999995634
322504, 46326.8650,  3, 295.77, 24.63499999999476
322614, 46338.3250,  3, 285.81, 36.099999999998545
322620, 46338.9500,  3, 279.74, 36.73500000000058
322777, 46355.3000,  3, 245.05, 53.099999999998545
322884, 46377.0450,  3, 341.76, 10.99500000000262
322904, 46379.1300,  3, 321.67, 13.069999999999709
322926, 46381.4200,  3, 349.34, 15.389999999999418
322970, 46386.0050,  3, 302.66, 19.94000000000233
323024, 46391.6300,  3, 309.40, 25.599999999998545
323115, 46401.1050,  3, 299.17, 35.03500000000349
323200, 46409.9600,  3, 274.96, 43.86000000000058
323352, 46425.7950,  3, 223.88, 59.73500000000058
323473, 46450.0800,  3, 328.17, 12.419999999998254
323478, 46450.6000,  3, 334.07, 12.930000000000291
323489, 46451.7450,  3, 335.21, 14.099999999998545
323503, 46453.2050,  3, 342.22, 15.529999999998836
323512, 46454.1400,  3, 309.77, 16.540000000000873
323522, 46455.1850,  3, 322.23, 17.534999999996217
323626, 46466.0150,  3, 287.93, 28.389999999999418
323661, 46469.6600,  3, 289.88, 32.07499999999709
323781, 46493.0250,  3, 328.65, 12.315000000002328
323822, 46497.2950,  3, 318.11, 16.595000000001164
323845, 46499.6900,  3, 321.55, 19.05500000000029
323879, 46503.2300,  3, 306.20, 22.505000000004657
323880, 46503.3350,  3, 330.03, 22.6050000000032
323898, 46505.2100,  3, 297.28, 24.575000000004366
323916, 46507.0850,  3, 275.10, 26.42000000000553
323973, 46513.0250,  3, 281.43, 32.30500000000029
324064, 46533.3850,  1, -198.06, 9.375
324064, 46533.3850,  1, -94.13, 9.375
324122, 46539.4250,  3, 307.17, 15.349999999998545
324129, 46540.1550,  3, 328.72, 16.099999999998545
324136, 46540.8850,  3, 309.55, 16.81999999999971
324189, 46546.4050,  3, 320.42, 22.31999999999971
324263, 46554.1150,  3, 294.82, 30.034999999996217
324287, 46556.6150,  3, 288.08, 32.529999999998836
324488, 46588.4250,  3, 303.35, 20.784999999996217
324496, 46589.2600,  3, 307.90, 21.625
324534, 46593.2200,  3, 317.82, 25.595000000001164
324546, 46594.4700,  3, 316.98, 26.82499999999709
324559, 46595.8250,  3, 287.36, 28.19499999999971
324589, 46598.9500,  3, 325.22, 31.31999999999971
324636, 46603.8450,  3, 283.07, 36.150000000001455
324658, 46606.1350,  3, 291.22, 38.479999999995925
324727, 46625.1200,  1, -151.73, 7.084999999999127
324727, 46625.1200,  1, -140.29, 7.084999999999127
324767, 46629.2850,  3, 346.84, 11.14999999999418
324782, 46630.8500,  3, 329.50, 12.724999999998545
324786, 46631.2650,  3, 317.04, 13.144999999996799
324827, 46635.5350,  3, 319.72, 17.409999999996217
324941, 46647.4100,  3, 310.48, 29.284999999996217
324992, 46652.7250,  3, 285.52, 34.6649999999936
325051, 46669.8550,  1, -136.62, 6.040000000000873
325051, 46669.8550,  1, -118.39, 6.040000000000873
325110, 46676.0050,  3, 331.99, 12.095000000001164
325122, 46677.2550,  3, 343.77, 13.37999999999738
325169, 46682.1500,  3, 334.83, 18.27499999999418
325201, 46685.4800,  3, 303.28, 21.654999999998836
325219, 46687.3550,  3, 324.81, 23.44999999999709
325343, 46700.2750,  3, 289.13, 36.43999999999505
325491, 46726.5250,  3, 306.88, 15.240000000005239
325504, 46727.8800,  3, 269.68, 16.645000000004075
325550, 46732.6700,  3, 313.73, 21.44000000000233
325587, 46736.5250,  3, 311.08, 25.285000000003492
325611, 46739.0250,  3, 292.27, 27.760000000002037
325677, 46745.9000,  3, 292.11, 34.5850000000064
325680, 46746.2100,  3, 286.81, 34.945000000006985
325756, 46754.1300,  3, 270.52, 42.86000000000058
325867, 46776.4200,  3, 328.56, 11.440000000002328
325902, 46780.0650,  3, 304.25, 15.025000000001455
325944, 46784.4400,  3, 327.84, 19.380000000004657
325960, 46786.1050,  3, 304.42, 21.085000000006403
325978, 46787.9800,  3, 309.41, 23.0
325983, 46788.5050,  3, 322.40, 23.465000000003783
326054, 46795.9000,  3, 313.94, 30.845000000001164
326348, 46826.5250,  3, 238.95, 61.4800000000032
326427, 46845.7250,  1, -185.87, 8.125
326427, 46845.7250,  1, -94.17, 8.125
326491, 46852.3900,  3, 309.69, 14.75
326534, 46856.8700,  3, 331.29, 19.19000000000233
326556, 46859.1600,  3, 328.78, 21.55500000000029
326574, 46861.0350,  3, 312.02, 23.42500000000291
326662, 46870.2050,  3, 278.07, 32.599999999998545
326742, 46878.5350,  3, 269.02, 40.895000000004075
326847, 46900.4400,  1, -151.75, 10.830000000001746
326847, 46900.4400,  1, -122.57, 10.830000000001746
326854, 46901.1700,  1, -150.44, 11.559999999997672
326854, 46901.1700,  1, -132.92, 11.559999999997672
326870, 46902.8350,  3, 325.26, 13.154999999998836
326872, 46903.0450,  3, 338.55, 13.364999999997963
326896, 46905.5450,  3, 326.02, 15.854999999995925
327076, 46924.2950,  3, 285.81, 34.66500000000087
327182, 46945.9050,  3, 330.42, 10.930000000000291
327184, 46946.1150,  3, 326.95, 11.084999999999127
327189, 46946.6350,  3, 324.18, 11.644999999996799
327202, 46947.9900,  3, 333.70, 12.944999999999709
327235, 46951.4250,  1, -143.14, 16.455000000001746
327235, 46951.4250,  1, -172.21, 16.455000000001746
327305, 46958.7200,  3, 310.19, 23.709999999999127
327357, 46964.1350,  3, 310.07, 29.05999999999767
327415, 46980.8700,  1, -130.20, 5.935000000004948
327415, 46980.8700,  1, -130.94, 5.935000000004948
327419, 46981.2850,  1, -154.26, 6.350000000005821
327419, 46981.2850,  1, -126.31, 6.350000000005821
327430, 46982.4350,  1, -175.34, 7.5
327430, 46982.4350,  1, -118.87, 7.5
327482, 46987.8500,  3, 323.08, 12.834999999999127
327717, 47012.3300,  3, 296.43, 37.34000000000378
327828, 47034.7000,  3, 356.25, 11.385000000002037
327844, 47036.3650,  3, 330.15, 13.090000000003783
327866, 47038.6550,  3, 331.72, 15.389999999999418
327877, 47039.8000,  3, 315.02, 16.514999999999418
327901, 47042.3000,  3, 290.95, 18.974999999998545
327932, 47045.5300,  3, 300.63, 22.285000000003492
327946, 47046.9900,  3, 308.19, 23.724999999998545
328183, 47071.6750,  3, 234.26, 48.3550000000032
328270, 47091.5250,  1, -203.45, 8.959999999999127
328270, 47091.5250,  1, -105.84, 8.959999999999127
328303, 47094.9600,  3, 331.80, 12.369999999995343
328351, 47099.9600,  3, 327.04, 17.30500000000029
328380, 47102.9800,  3, 343.79, 20.389999999999418
328399, 47104.9600,  3, 304.77, 22.389999999999418
328449, 47110.1700,  3, 312.32, 27.544999999998254
328482, 47113.6050,  3, 284.78, 31.0
328600, 47137.6200,  3, 320.13, 12.160000000003492
328609, 47138.5600,  3, 327.39, 13.080000000001746
328610, 47138.6600,  3, 341.80, 13.205000000001746
328613, 47138.9750,  3, 321.25, 13.514999999999418
328702, 47148.2450,  3, 310.08, 22.760000000002037
328709, 47148.9750,  3, 331.82, 23.514999999999418
328710, 47149.0800,  3, 303.83, 23.635000000002037
328749, 47153.1400,  3, 294.34, 27.67000000000553
328811, 47170.5500,  1, -150.67, 6.350000000005821
328811, 47170.5500,  1, -142.14, 6.350000000005821
328861, 47175.7600,  3, 301.99, 11.55000000000291
328869, 47176.5950,  3, 335.35, 12.330000000001746
328872, 47176.9050,  3, 321.17, 12.655000000006112
328884, 47178.1550,  3, 337.32, 13.944999999999709
328972, 47187.3250,  3, 317.80, 23.095000000001164
329015, 47191.8000,  3, 305.57, 27.55000000000291
329111, 47212.7050,  1, -169.13, 9.900000000001455
329111, 47212.7050,  1, -110.14, 9.900000000001455
329125, 47214.1600,  3, 351.12, 11.315000000002328
329158, 47217.6000,  3, 332.04, 14.735000000000582
329244, 47226.5600,  3, 321.97, 23.665000000000873
329262, 47228.4350,  3, 307.38, 25.55999999999767
329317, 47234.1600,  3, 300.18, 31.30500000000029
329337, 47236.2450,  3, 284.80, 33.419999999998254
329460, 47260.1200,  3, 338.23, 12.665000000000873
329466, 47260.7450,  3, 313.98, 13.299999999995634
329496, 47263.8700,  3, 309.76, 16.400000000001455
329530, 47267.4100,  3, 324.18, 19.900000000001455
329533, 47267.7250,  3, 314.62, 20.294999999998254
329568, 47271.3700,  3, 313.91, 23.8949999999968
329694, 47284.4950,  3, 287.31, 37.025000000001455
329789, 47294.3900,  3, 272.65, 46.955000000001746
329852, 47311.8350,  1, -125.29, 6.455000000001746
329852, 47311.8350,  1, -148.40, 6.455000000001746
329912, 47318.0850,  3, 330.47, 12.639999999999418
329924, 47319.3350,  3, 309.35, 13.87000000000262
329928, 47319.7550,  3, 308.88, 14.275000000001455
329930, 47319.9600,  3, 344.03, 14.565000000002328
329987, 47325.9000,  3, 325.00, 20.465000000003783
330050, 47332.4600,  3, 293.85, 27.025000000001455
330187, 47357.6150,  3, 324.37, 14.090000000003783
330201, 47359.0750,  3, 313.51, 15.530000000006112
330225, 47361.5750,  3, 330.20, 18.040000000000873
330235, 47362.6150,  3, 324.35, 19.06500000000233
330239, 47363.0300,  3, 313.90, 19.575000000004366
330246, 47363.7600,  3, 280.38, 20.30000000000291
330295, 47368.8650,  3, 293.16, 25.340000000003783
330421, 47381.9900,  3, 314.54, 38.53500000000349
330526, 47403.6200,  1, -164.95, 10.830000000001746
330526, 47403.6200,  1, -128.73, 10.830000000001746
330542, 47405.2850,  3, 341.75, 12.485000000000582
330559, 47407.0600,  3, 311.68, 14.24500000000262
330562, 47407.3700,  3, 310.08, 14.510000000002037
330567, 47407.8900,  3, 316.33, 15.014999999999418
330625, 47413.9350,  3, 307.44, 21.07499999999709
330668, 47418.4100,  3, 290.77, 25.540000000000873
330778, 47440.7550,  3, 329.17, 11.294999999998254
330782, 47441.1700,  3, 321.96, 11.680000000000291
330805, 47443.5650,  3, 316.65, 14.125
330817, 47444.8150,  3, 326.55, 15.319999999999709
330819, 47445.0250,  3, 305.04, 15.57499999999709
330827, 47445.8550,  3, 318.67, 16.43000000000029
330914, 47454.9200,  3, 302.17, 25.44499999999971
330993, 47463.1500,  3, 278.86, 33.68000000000029
331195, 47495.1400,  3, 327.22, 20.860000000000582
331196, 47495.2450,  3, 319.43, 20.994999999995343
331223, 47498.0600,  3, 315.44, 23.845000000001164
331225, 47498.2650,  3, 315.32, 23.964999999996508
331225, 47498.2650,  3, 311.16, 24.025000000001455
331247, 47500.5600,  3, 269.50, 26.330000000001746
331262, 47502.1200,  3, 289.64, 27.909999999996217
331340, 47510.2450,  3, 274.06, 36.00499999999738
331400, 47528.3550,  1, -149.53, 6.1450000000040745
331400, 47528.3550,  1, -142.20, 6.1450000000040745
331465, 47535.1300,  3, 331.96, 12.819999999999709
331509, 47539.7100,  3, 318.46, 17.404999999998836
331563, 47545.3350,  3, 298.16, 23.020000000004075
331600, 47549.1900,  3, 315.66, 26.93000000000029
331601, 47549.2950,  3, 274.39, 27.025000000001455
331617, 47550.9600,  3, 305.46, 28.7300000000032
331732, 47573.7450,  3, 311.79, 11.82499999999709
331741, 47574.6850,  3, 307.49, 12.77499999999418
331755, 47576.1400,  3, 322.60, 14.169999999998254
331757, 47576.3500,  3, 328.32, 14.375
331760, 47576.6600,  3, 338.68, 14.729999999995925
331765, 47577.1850,  3, 281.41, 15.25
331771, 47577.8100,  3, 333.16, 15.934999999997672
331824, 47583.3300,  3, 306.21, 21.360000000000582
331953, 47607.6000,  3, 327.56, 13.280000000006112
331961, 47608.4350,  3, 337.82, 14.12000000000262
331992, 47611.6600,  3, 323.22, 17.36500000000524
332003, 47612.8100,  3, 328.94, 18.505000000004657
332028, 47615.4100,  3, 310.66, 21.075000000004366
332056, 47618.3300,  3, 291.21, 23.970000000001164
332077, 47620.5150,  3, 303.04, 26.200000000004366
332090, 47621.8700,  3, 296.76, 27.520000000004075
332166, 47640.6700,  1, -184.60, 7.814999999995052
332166, 47640.6700,  1, -125.29, 7.814999999995052
332210, 47645.2550,  3, 320.85, 12.394999999996799
332236, 47647.9600,  3, 331.69, 15.049999999995634
332339, 47658.6900,  3, 303.94, 25.77499999999418
332399, 47664.9400,  3, 289.68, 32.00999999999476
332420, 47667.1300,  3, 279.08, 34.21999999999389
332471, 47672.4400,  3, 275.52, 39.50999999999476
332540, 47690.4750,  1, -167.00, 7.080000000001746
332540, 47690.4750,  1, -128.00, 7.080000000001746
332604, 47697.1400,  3, 340.45, 13.67500000000291
332617, 47698.4950,  3, 351.95, 15.075000000004366
332689, 47705.9950,  3, 300.79, 22.535000000003492
332719, 47709.1200,  3, 307.79, 25.635000000002037
332737, 47710.9950,  3, 298.80, 27.5
332850, 47722.7650,  3, 278.38, 39.31000000000495
332913, 47740.0950,  1, -162.97, 6.459999999999127
332913, 47740.0950,  1, -126.80, 6.459999999999127
333059, 47755.3000,  3, 319.56, 21.610000000000582
333106, 47760.2000,  3, 320.56, 26.514999999999418
333120, 47761.6550,  3, 314.93, 28.00999999999476
333139, 47763.6350,  3, 295.42, 29.959999999999127
333140, 47763.7400,  3, 299.49, 30.099999999998545
333229, 47773.0100,  3, 284.30, 39.349999999998545
333360, 47797.3700,  3, 324.17, 13.485000000000582
333364, 47797.7850,  3, 312.97, 13.944999999999709
333368, 47798.2050,  3, 327.11, 14.275000000001455
333376, 47799.0350,  3, 324.77, 15.110000000000582
333406, 47802.1600,  3, 288.10, 18.290000000000873
333425, 47804.1400,  3, 307.02, 20.229999999995925
333460, 47807.7850,  3, 304.06, 23.94499999999971
333626, 47825.0800,  3, 279.03, 41.150000000001455
333743, 47848.7250,  3, 327.54, 12.044999999998254
333743, 47848.7250,  3, 348.20, 12.055000000000291
333766, 47851.1200,  3, 336.91, 14.430000000000291
333798, 47854.4550,  3, 313.49, 17.80500000000029
333807, 47855.3900,  3, 318.52, 18.709999999999127
333812, 47855.9100,  3, 330.77, 19.239999999997963
333948, 47870.0800,  3, 286.27, 33.42500000000291
334081, 47883.9350,  3, 272.89, 47.205000000001746
334192, 47906.2600,  3, 330.69, 11.39999999999418
334195, 47906.5750,  3, 341.68, 11.769999999996799
334231, 47910.3250,  3, 313.19, 15.444999999999709
334240, 47911.2600,  3, 329.20, 16.360000000000582
334276, 47915.0100,  3, 316.34, 20.14999999999418
334284, 47915.8450,  3, 319.48, 20.989999999997963
334301, 47917.6150,  3, 312.54, 22.729999999995925
334350, 47922.7200,  3, 292.17, 27.904999999998836
334415, 47940.2650,  1, -151.11, 6.665000000000873
334415, 47940.2650,  1, -145.68, 6.665000000000873
334422, 47940.9950,  1, -177.81, 7.3950000000040745
334422, 47940.9950,  1, -103.94, 7.3950000000040745
334467, 47945.6850,  3, 350.03, 12.0
334525, 47951.7250,  3, 313.82, 18.025000000001455
334542, 47953.4950,  3, 312.08, 19.864999999997963
334608, 47960.3700,  3, 296.07, 26.705000000001746
334720, 47982.8650,  3, 338.34, 11.555000000000291
334752, 47986.2000,  3, 322.34, 14.82499999999709
334794, 47990.5750,  3, 300.59, 19.189999999995052
334800, 47991.2000,  3, 315.91, 19.81999999999971
334818, 47993.0750,  3, 308.57, 21.68000000000029
334839, 47995.2600,  3, 324.33, 23.8949999999968
334845, 47995.8850,  3, 302.59, 24.514999999999418
334943, 48006.0950,  3, 286.97, 34.70999999999913
335004, 48022.9900,  1, -126.02, 6.25
335004, 48022.9900,  1, -147.47, 6.25
335053, 48028.0950,  3, 327.08, 11.305000000000291
335054, 48028.2000,  3, 322.96, 11.355000000003201
335064, 48029.2400,  3, 313.45, 12.435000000004948
335076, 48030.4900,  3, 324.95, 13.680000000000291
335119, 48034.9700,  3, 335.90, 18.135000000002037
335123, 48035.3850,  3, 337.31, 18.580000000001746
335250, 48059.5100,  3, 343.39, 13.044999999998254
335281, 48062.7400,  3, 313.85, 16.294999999998254
335346, 48069.5100,  3, 308.08, 23.099999999998545
335353, 48070.2400,  3, 282.13, 23.80999999999767
335384, 48073.4700,  3, 296.87, 27.05999999999767
335478, 48083.2600,  3, 273.19, 36.849999999998545
335505, 48086.0750,  3, 270.22, 39.68000000000029
335507, 48086.2800,  3, 267.83, 39.80500000000029
335624, 48109.0250,  3, 323.94, 12.069999999999709
335635, 48110.1700,  3, 331.40, 13.144999999996799
335640, 48110.6900,  3, 320.24, 13.735000000000582
335645, 48111.2100,  3, 335.40, 14.180000000000291
335695, 48116.4200,  3, 287.87, 19.470000000001164
335733, 48120.3800,  3, 298.36, 23.415000000000873
335735, 48120.5850,  3, 310.45, 23.549999999995634
335841, 48131.6300,  3, 278.27, 34.604999999995925
335959, 48154.7800,  3, 343.98, 12.144999999996799
336077, 48167.0750,  3, 317.93, 24.44499999999971
336090, 48168.4250,  3, 317.30, 25.790000000000873
336102, 48169.6750,  3, 279.69, 27.029999999998836
336103, 48169.7800,  3, 263.12, 27.150000000001455
336107, 48170.2000,  3, 290.81, 27.56500000000233
336157, 48175.4050,  3, 276.89, 32.779999999998836
336165, 48176.2400,  3, 256.95, 33.625
336289, 48200.2250,  3, 326.09, 12.735000000000582
336302, 48201.5800,  3, 345.44, 14.135000000002037
336366, 48208.2450,  3, 305.72, 20.80999999999767
336369, 48208.5600,  3, 316.64, 21.110000000000582
336371, 48208.7650,  3, 306.24, 21.290000000000873
336404, 48212.2050,  3, 269.96, 24.69999999999709
336496, 48221.7850,  3, 278.72, 34.294999999998254
336515, 48223.7650,  3, 286.49, 36.29000000000087
336643, 48247.9900,  3, 319.15, 13.125
336682, 48252.0500,  3, 338.34, 17.220000000001164
336708, 48254.7600,  3, 309.96, 19.985000000000582
336725, 48256.5300,  3, 273.44, 21.75499999999738
336732, 48257.2600,  3, 272.70, 22.470000000001164
336741, 48258.2000,  3, 304.60, 23.389999999999418
336796, 48263.9250,  3, 296.73, 29.07999999999447
336849, 48269.4500,  3, 278.02, 34.669999999998254
336915, 48287.2750,  1, -127.92, 6.775000000001455
336915, 48287.2750,  1, -144.91, 6.775000000001455
336966, 48292.5850,  3, 334.17, 12.019999999996799
336996, 48295.7100,  3, 316.92, 15.139999999999418
337006, 48296.7550,  3, 320.43, 16.205000000001746
337039, 48300.1900,  3, 330.69, 19.610000000000582
337096, 48306.1300,  3, 259.69, 25.580000000001746
337159, 48312.6900,  3, 306.30, 32.13999999999942
337315, 48339.5500,  3, 355.66, 16.1050000000032
337321, 48340.1750,  3, 289.27, 16.715000000003783
337374, 48345.7000,  3, 317.68, 22.255000000004657
337378, 48346.1150,  3, 328.44, 22.660000000003492
337378, 48346.1150,  3, 311.74, 22.67500000000291
337390, 48347.3650,  3, 301.16, 23.919999999998254
337395, 48347.8850,  3, 302.62, 24.465000000003783
337402, 48348.6150,  3, 314.93, 25.165000000000873
337512, 48370.9550,  3, 340.78, 11.310000000004948
337560, 48375.9550,  3, 305.56, 16.349999999998545
337578, 48377.8300,  3, 318.23, 18.145000000004075
337631, 48383.3500,  3, 265.87, 23.74500000000262
337641, 48384.3900,  3, 298.34, 24.775000000001455
337652, 48385.5350,  3, 301.18, 25.900000000001455
337654, 48385.7450,  3, 312.40, 26.05000000000291
337692, 48389.7050,  3, 310.82, 30.05500000000029
337815, 48413.3000,  3, 326.59, 12.654999999998836
337819, 48413.7200,  3, 332.93, 13.055000000000291
337820, 48413.8250,  3, 329.84, 13.214999999996508
337887, 48420.8000,  3, 288.71, 20.150000000001455
337897, 48421.8450,  3, 293.30, 21.1449999999968
337979, 48430.3850,  3, 298.32, 29.705000000001746
337992, 48431.7400,  3, 268.84, 31.099999999998545
337998, 48432.3650,  3, 306.71, 31.720000000001164
338115, 48455.3350,  3, 336.13, 12.060000000004948
338116, 48455.4400,  3, 344.82, 12.160000000003492
338159, 48459.9200,  3, 331.09, 16.610000000000582
338164, 48460.4400,  3, 339.14, 17.17000000000553
338196, 48463.7750,  3, 340.71, 20.44000000000233
338203, 48464.5050,  3, 288.44, 21.24500000000262
338252, 48469.6050,  3, 303.31, 26.31999999999971
338415, 48486.5850,  3, 260.30, 43.275000000001455
338530, 48509.3900,  3, 350.58, 11.770000000004075
338548, 48511.2650,  3, 325.71, 13.69999999999709
338552, 48511.6850,  3, 321.94, 14.165000000000873
338564, 48512.9350,  3, 301.00, 15.32499999999709
338574, 48513.9750,  3, 305.08, 16.43499999999767
338577, 48514.2850,  3, 314.53, 16.74500000000262
338618, 48518.5600,  3, 300.01, 20.970000000001164
338645, 48521.3700,  3, 291.58, 23.770000000004075
338773, 48545.4500,  3, 302.74, 13.144999999996799
338810, 48549.3000,  3, 339.53, 16.994999999995343
338829, 48551.2800,  3, 323.12, 18.974999999998545
338831, 48551.4900,  3, 325.83, 19.174999999995634
338868, 48555.3450,  3, 303.84, 23.05999999999767
338934, 48562.2200,  3, 307.62, 29.979999999995925
338977, 48566.7000,  3, 302.28, 34.424999999995634
338983, 48567.3250,  3, 283.71, 35.00499999999738
339111, 48591.4200,  3, 321.02, 13.14999999999418
339117, 48592.0450,  3, 307.08, 13.790000000000873
339119, 48592.2550,  3, 304.33, 14.02499999999418
339131, 48593.5050,  3, 294.07, 15.294999999998254
339136, 48594.0250,  3, 327.14, 15.75499999999738
339145, 48594.9600,  3, 336.66, 16.720000000001164
339214, 48602.1500,  3, 301.83, 23.94999999999709
339283, 48609.3350,  3, 289.08, 31.13499999999476
339396, 48631.9550,  3, 338.15, 11.64999999999418
339413, 48633.7250,  3, 336.50, 13.37999999999738
339468, 48639.4550,  3, 303.09, 19.119999999995343
339475, 48640.1850,  3, 309.44, 19.889999999999418
339510, 48643.8300,  3, 312.95, 23.484999999993306
339518, 48644.6600,  3, 304.93, 24.314999999995052
339551, 48648.1000,  3, 306.59, 27.709999999999127
339551, 48648.1000,  3, 290.46, 27.789999999993597
339680, 48672.1000,  3, 338.40, 13.285000000003492
339688, 48672.9350,  3, 322.91, 14.12999999999738
339712, 48675.4350,  3, 314.31, 16.665000000000873
339726, 48676.8900,  3, 314.50, 18.1050000000032
339759, 48680.3300,  3, 323.47, 21.50499999999738
339781, 48682.6200,  3, 298.81, 23.849999999998545
339820, 48686.6850,  3, 299.73, 27.895000000004075
339884, 48693.3500,  3, 293.95, 34.56500000000233
340005, 48716.6300,  3, 327.91, 12.42500000000291
340011, 48717.2550,  3, 312.31, 13.105000000003201
340028, 48719.0250,  3, 347.57, 14.819999999999709
340030, 48719.2300,  3, 307.41, 15.080000000001746
340043, 48720.5850,  3, 308.68, 16.450000000004366
340174, 48734.2300,  3, 278.70, 30.010000000002037
340225, 48739.5450,  3, 277.30, 35.36000000000058
340262, 48743.4000,  3, 295.20, 39.20999999999913
340366, 48765.1300,  3, 342.79, 10.69999999999709
340390, 48767.6300,  3, 344.18, 13.180000000000291
340403, 48768.9800,  3, 337.34, 14.479999999995925
340416, 48770.3350,  3, 341.23, 15.889999999999418
340424, 48771.1700,  3, 329.36, 16.69999999999709
340429, 48771.6900,  3, 325.20, 17.264999999999418
340524, 48781.5850,  3, 287.90, 27.104999999995925
340576, 48787.0050,  3, 297.26, 32.599999999998545
340640, 48804.3000,  1, -128.70, 6.560000000004948
340640, 48804.3000,  1, -139.87, 6.560000000004948
340698, 48810.3450,  3, 326.54, 12.560000000004948
340710, 48811.5950,  3, 331.44, 13.845000000001164
340863, 48827.5300,  3, 279.66, 29.69000000000233
340941, 48835.6550,  3, 279.27, 37.88500000000204
340943, 48835.8650,  3, 297.19, 38.075000000004366
340948, 48836.3850,  3, 253.59, 38.58499999999913
341061, 48858.8650,  3, 325.23, 11.660000000003492
341061, 48858.8650,  3, 340.35, 11.565000000002328
341074, 48860.2200,  3, 340.19, 12.935000000004948
341076, 48860.4250,  1, -152.24, 13.22500000000582
341076, 48860.4250,  1, -139.86, 13.22500000000582
341106, 48863.5500,  3, 334.30, 16.270000000004075
341228, 48876.2600,  3, 303.45, 28.960000000006403
341282, 48881.8850,  3, 260.46, 34.580000000001746
341353, 48899.9000,  1, -157.97, 7.294999999998254
341353, 48899.9000,  1, -127.76, 7.294999999998254
341411, 48905.9400,  3, 342.28, 13.314999999995052
341428, 48907.7100,  3, 340.98, 15.094999999993888
341484, 48913.5450,  3, 275.96, 20.93000000000029
341499, 48915.1050,  3, 294.57, 22.43000000000029
341621, 48927.8150,  3, 239.19, 35.19499999999971
341703, 48936.3550,  3, 256.89, 43.654999999998836
341846, 48961.9950,  3, 345.00, 14.739999999997963
341850, 48962.4100,  3, 319.32, 15.180000000000291
341851, 48962.5150,  3, 314.28, 15.299999999995634
341853, 48962.7250,  3, 347.64, 15.419999999998254
341859, 48963.3500,  3, 333.97, 16.114999999997963
341893, 48966.8900,  3, 280.85, 19.674999999995634
341909, 48968.5600,  3, 310.15, 21.290000000000873
342057, 48983.9750,  3, 281.75, 36.69499999999971
342181, 49007.6200,  3, 358.59, 12.790000000000873
342183, 49007.8300,  3, 332.22, 13.0
342188, 49008.3500,  3, 354.45, 13.510000000002037
342209, 49010.5350,  3, 340.84, 15.709999999999127
342237, 49013.4550,  3, 327.52, 18.639999999999418
342270, 49016.8900,  3, 339.81, 22.05000000000291
342280, 49017.9350,  3, 316.04, 23.034999999996217
342321, 49022.2050,  3, 303.00, 27.375
342376, 49038.8350,  1, -148.09, 5.620000000002619
342376, 49038.8350,  1, -128.00, 5.620000000002619
342435, 49044.9800,  3, 330.56, 11.740000000005239
342469, 49048.5250,  3, 327.49, 15.30000000000291
342521, 49053.9400,  3, 311.69, 20.660000000003492
342537, 49055.6050,  3, 314.10, 22.31500000000233
342547, 49056.6500,  3, 309.13, 23.43000000000029
342649, 49067.2750,  3, 295.77, 34.05000000000291
342774, 49091.1000,  3, 338.49, 12.834999999999127
342789, 49092.6600,  3, 333.31, 14.410000000003492
342791, 49092.8700,  3, 332.09, 14.635000000002037
342820, 49095.8900,  3, 320.71, 17.645000000004075
342826, 49096.5150,  3, 317.33, 18.24000000000524
342836, 49097.5600,  3, 315.52, 19.36500000000524
342839, 49097.8700,  3, 285.04, 19.665000000000873
342901, 49104.3300,  3, 311.04, 26.130000000004657
343028, 49128.2600,  3, 328.92, 13.040000000000873
343043, 49129.8250,  3, 315.49, 14.674999999995634
343078, 49133.4700,  3, 305.24, 18.284999999996217
343112, 49137.0100,  3, 300.89, 21.814999999995052
343120, 49137.8450,  3, 309.92, 22.62999999999738
343147, 49140.6550,  3, 314.04, 25.439999999995052
343165, 49142.5300,  3, 305.87, 27.345000000001164
343201, 49146.2800,  3, 297.32, 31.095000000001164
343315, 49168.7750,  3, 329.65, 11.760000000002037
343322, 49169.5050,  3, 325.62, 12.489999999997963
343337, 49171.0650,  3, 343.32, 14.059999999997672
343355, 49172.9400,  3, 318.10, 15.889999999999418
343372, 49174.7100,  3, 322.06, 17.69000000000233
343385, 49176.0650,  3, 335.35, 18.99500000000262
343405, 49178.1500,  3, 289.14, 21.12000000000262
343448, 49182.6300,  3, 303.88, 25.529999999998836
343510, 49199.8550,  1, -134.47, 6.355000000003201
343510, 49199.8550,  1, -137.11, 6.355000000003201
343561, 49205.1700,  3, 326.87, 11.654999999998836
343673, 49216.8350,  3, 314.17, 23.290000000000873
343702, 49219.8550,  3, 271.93, 26.264999999999418
343703, 49219.9600,  3, 276.08, 26.43499999999767
343708, 49220.4800,  3, 309.02, 26.964999999996508
343809, 49231.0050,  3, 263.58, 37.470000000001164
343870, 49248.8900,  1, -141.63, 6.245000000002619
343870, 49248.8900,  1, -125.18, 6.245000000002619
343920, 49254.1000,  3, 337.19, 11.360000000000582
343951, 49257.3300,  3, 326.04, 14.610000000000582
344026, 49265.1400,  3, 272.75, 22.410000000003492
344039, 49266.4950,  3, 310.33, 23.830000000001746
344068, 49269.5150,  3, 333.71, 26.770000000004075
344073, 49270.0350,  3, 314.03, 27.380000000004657
344188, 49293.1400,  3, 340.25, 11.810000000004948
344196, 49293.9750,  3, 358.84, 12.660000000003492
344219, 49296.3700,  3, 335.81, 15.025000000001455
344239, 49298.4550,  3, 297.59, 17.080000000001746
344240, 49298.5600,  3, 327.39, 17.275000000001455
344298, 49304.6000,  3, 275.05, 23.24000000000524
344306, 49305.4350,  3, 317.30, 24.155000000006112
344449, 49320.3300,  3, 263.27, 39.020000000004075
344558, 49342.5600,  3, 346.06, 11.239999999997963
344566, 49343.3900,  3, 334.33, 12.014999999999418
344572, 49344.0150,  3, 331.39, 12.635000000002037
344572, 49344.0150,  3, 350.79, 12.694999999999709
344604, 49347.3500,  3, 319.37, 16.00499999999738
344634, 49350.4750,  3, 313.52, 19.095000000001164
344671, 49354.3300,  3, 315.77, 22.9800000000032
344768, 49364.4350,  3, 292.33, 33.08999999999651
344890, 49388.0750,  3, 337.74, 12.5
344941, 49393.3850,  3, 312.44, 17.845000000001164
344957, 49395.0500,  3, 308.28, 19.510000000002037
344989, 49398.3850,  3, 295.45, 22.909999999996217
345000, 49399.5300,  3, 325.58, 24.034999999996217
345019, 49401.5100,  3, 316.29, 25.94999999999709
345022, 49401.8250,  3, 301.08, 26.284999999996217
345026, 49402.2400,  3, 293.26, 26.724999999998545
345083, 49419.0450,  1, -127.95, 5.830000000001746
345083, 49419.0450,  1, -150.35, 5.830000000001746
345134, 49424.3550,  3, 337.25, 11.085000000006403
345137, 49424.6700,  3, 330.38, 11.435000000004948
345228, 49434.1500,  3, 291.19, 20.895000000004075
345233, 49434.6700,  3, 301.05, 21.450000000004366
345261, 49437.5850,  3, 295.42, 24.275000000001455
345342, 49446.0250,  3, 313.37, 32.765000000006694
345441, 49467.3000,  1, -98.86, 10.205000000001746
345441, 49467.3000,  1, -209.32, 10.205000000001746
345469, 49470.2200,  3, 340.82, 13.025000000001455
345490, 49472.4050,  3, 345.06, 15.284999999996217
345504, 49473.8650,  3, 325.36, 16.760000000002037
345526, 49476.1550,  3, 310.00, 19.0
345586, 49482.4050,  3, 229.26, 25.290000000000873
345624, 49486.3650,  3, 322.36, 29.19999999999709
345737, 49509.6900,  3, 318.46, 11.589999999996508
345742, 49510.2100,  3, 342.17, 12.150000000001455
345793, 49515.5250,  3, 308.19, 17.43000000000029
345811, 49517.4000,  3, 306.28, 19.294999999998254
345813, 49517.6050,  3, 324.20, 19.514999999999418
345815, 49517.8150,  3, 304.69, 19.689999999995052
345875, 49524.0650,  3, 268.93, 26.029999999998836
345876, 49524.1700,  3, 274.77, 26.080000000001746
346003, 49548.1350,  3, 325.91, 13.119999999995343
346020, 49549.9050,  3, 315.55, 14.839999999996508
346021, 49550.0100,  3, 306.43, 14.919999999998254
346035, 49551.4700,  3, 320.39, 16.400000000001455
346080, 49556.1550,  3, 317.24, 21.104999999995925
346135, 49561.8850,  3, 293.88, 26.860000000000582
346138, 49562.2000,  3, 261.35, 27.110000000000582
346169, 49565.4250,  3, 266.83, 30.32999999999447
346293, 49589.2550,  3, 332.86, 12.784999999996217
346295, 49589.4600,  3, 336.54, 12.95499999999447
346303, 49590.2950,  3, 339.32, 13.764999999999418
346316, 49591.6500,  3, 293.93, 15.110000000000582
346327, 49592.7950,  3, 320.96, 16.27499999999418
346336, 49593.7300,  3, 314.46, 17.25499999999738
346375, 49597.7950,  3, 326.29, 21.30999999999767
346417, 49602.1700,  3, 316.36, 25.674999999995634
346539, 49625.6350,  3, 329.00, 12.559999999997672
346562, 49628.0300,  3, 299.87, 14.930000000000291
346581, 49630.0100,  3, 345.79, 16.959999999999127
346588, 49630.7400,  3, 307.73, 17.68499999999767
346609, 49632.9250,  3, 319.15, 19.834999999999127
346711, 49643.5500,  3, 275.37, 30.459999999999127
346791, 49651.8850,  3, 252.00, 38.779999999998836
346844, 49657.4050,  3, 217.31, 44.275000000001455
346967, 49681.0650,  3, 348.46, 12.639999999999418
346968, 49681.1700,  3, 315.33, 12.709999999999127
346974, 49681.7950,  3, 348.11, 13.360000000000582
347031, 49687.7300,  3, 312.52, 19.330000000001746
347048, 49689.5050,  3, 297.62, 21.084999999999127
347094, 49694.2950,  3, 270.69, 25.885000000002037
347099, 49694.8150,  3, 296.07, 26.364999999997963
347134, 49698.4600,  3, 266.03, 30.084999999999127
347253, 49721.9250,  3, 331.42, 12.284999999996217
347281, 49724.8450,  3, 325.42, 15.139999999999418
347300, 49726.8250,  3, 323.84, 17.095000000001164
347309, 49727.7600,  3, 315.81, 18.05500000000029
347376, 49734.7400,  3, 312.21, 25.0199999999968
347384, 49735.5750,  3, 273.05, 25.88499999999476
347469, 49744.4250,  3, 277.69, 34.720000000001164
347550, 49752.8650,  3, 286.42, 43.18000000000029
347668, 49776.0100,  3, 347.92, 12.085000000006403
347673, 49776.5300,  3, 320.35, 12.605000000003201
347676, 49776.8450,  3, 345.17, 12.92500000000291
347683, 49777.5750,  3, 338.24, 13.650000000001455
347683, 49777.5750,  3, 337.01, 13.660000000003492
347716, 49781.0100,  3, 330.21, 17.1050000000032
347775, 49787.1550,  3, 319.29, 23.24500000000262
347924, 49802.6750,  3, 266.92, 38.830000000001746
348035, 49825.0850,  3, 326.58, 11.394999999996799
348092, 49831.0250,  3, 312.53, 17.32499999999709
348094, 49831.2300,  3, 285.28, 17.544999999998254
348095, 49831.3350,  3, 322.80, 17.654999999998836
348101, 49831.9600,  3, 322.95, 18.239999999997963
348115, 49833.4200,  3, 328.63, 19.69999999999709
348128, 49834.7750,  3, 304.10, 21.05000000000291
348166, 49838.7300,  3, 276.63, 25.089999999996508
348291, 49862.5150,  3, 344.39, 12.810000000004948
348304, 49863.8700,  3, 331.29, 14.194999999999709
348307, 49864.1850,  3, 302.75, 14.575000000004366
348320, 49865.5350,  3, 338.99, 15.87000000000262
348328, 49866.3700,  3, 311.53, 16.705000000001746
348354, 49869.0800,  3, 300.83, 19.43000000000029
348404, 49874.2850,  3, 299.80, 24.650000000001455
348486, 49882.8300,  3, 235.76, 33.169999999998254
348590, 49904.7250,  3, 338.21, 10.680000000000291
348600, 49905.7650,  3, 338.64, 11.744999999995343
348603, 49906.0800,  3, 340.21, 11.989999999997963
348621, 49907.9550,  3, 331.25, 13.904999999998836
348630, 49908.8900,  3, 319.74, 14.809999999997672
348659, 49911.9100,  3, 299.27, 17.889999999999418
348666, 49912.6400,  3, 321.03, 18.540000000000873
348756, 49922.0150,  3, 292.69, 27.979999999995925
348882, 49945.9550,  3, 319.35, 12.915000000000873
348883, 49946.0600,  3, 342.05, 13.115000000005239
348891, 49946.8900,  3, 314.42, 13.940000000002328
348910, 49948.8700,  3, 332.72, 15.845000000001164
348912, 49949.0800,  3, 319.33, 16.1050000000032
348957, 49953.7650,  3, 294.69, 20.79500000000553
348962, 49954.2850,  3, 318.96, 21.275000000001455
349020, 49960.3300,  3, 297.68, 27.360000000000582
349136, 49983.3700,  3, 331.46, 11.935000000004948
349141, 49983.8900,  3, 303.80, 12.455000000001746
349143, 49984.1000,  3, 295.50, 12.680000000000291
349145, 49984.3100,  3, 328.23, 12.845000000001164
349149, 49984.7250,  3, 310.66, 13.290000000000873
349152, 49985.0350,  3, 343.11, 13.615000000005239
349156, 49985.4550,  3, 344.44, 13.985000000000582
349278, 49998.1600,  3, 291.14, 26.74500000000262
349403, 50022.9200,  3, 333.23, 12.900000000001455
349403, 50022.9200,  3, 319.39, 12.900000000001455
349407, 50023.3350,  3, 315.46, 13.280000000006112
349438, 50026.5650,  3, 347.98, 16.520000000004075
349471, 50030.0050,  3, 310.61, 19.950000000004366
349473, 50030.2100,  3, 308.21, 20.155000000006112
349532, 50036.3550,  3, 267.54, 26.255000000004657
349559, 50039.1700,  3, 288.81, 29.095000000001164
349671, 50061.5500,  3, 329.99, 11.535000000003492
349676, 50062.0750,  3, 330.57, 12.04500000000553
349788, 50073.7400,  3, 288.55, 23.700000000004366
349790, 50073.9500,  3, 307.34, 23.955000000001746
349814, 50076.4500,  3, 320.93, 26.400000000001455
349847, 50079.8850,  3, 299.02, 29.830000000001746
349861, 50081.3450,  3, 284.50, 31.29500000000553
349933, 50088.8450,  3, 256.05, 38.75500000000466
350052, 50112.1050,  3, 328.41, 12.19999999999709
350064, 50113.3550,  3, 315.43, 13.514999999999418
350066, 50113.5650,  3, 322.08, 13.644999999996799
350067, 50113.6700,  3, 345.76, 13.77499999999418
350076, 50114.6050,  3, 331.84, 14.694999999999709
350077, 50114.7100,  3, 332.32, 14.814999999995052
350096, 50116.6900,  3, 317.72, 16.854999999995925
350112, 50118.3550,  3, 294.68, 18.5
350180, 50136.1750,  1, -120.26, 6.980000000003201
350180, 50136.1750,  1, -164.00, 6.980000000003201
350216, 50139.9250,  3, 340.69, 10.684999999997672
350227, 50141.0750,  3, 338.43, 11.785000000003492
350247, 50143.1550,  3, 325.51, 13.894999999996799
350274, 50145.9700,  3, 321.12, 16.760000000002037
350291, 50147.7400,  3, 332.31, 18.529999999998836
350370, 50155.9700,  3, 302.78, 26.764999999999418
350491, 50179.3450,  3, 328.74, 12.434999999997672
350498, 50180.0800,  3, 333.55, 13.169999999998254
350502, 50180.4950,  3, 338.33, 13.595000000001164
350540, 50184.4550,  3, 304.91, 17.56999999999971
350547, 50185.1850,  3, 309.03, 18.239999999997963
350582, 50188.8300,  3, 292.06, 21.974999999998545
350608, 50191.5350,  3, 309.28, 24.614999999997963
350752, 50206.5350,  3, 215.53, 39.650000000001455
350841, 50226.5050,  1, -153.84, 9.165000000000873
350841, 50226.5050,  1, -123.00, 9.165000000000873
350870, 50229.5250,  3, 312.36, 12.085000000006403
350909, 50233.5850,  3, 319.46, 16.18000000000029
350912, 50233.9000,  3, 329.77, 16.510000000002037
350955, 50238.3800,  3, 299.47, 21.0
350970, 50239.9400,  3, 301.79, 22.540000000000873
350973, 50240.2550,  3, 294.26, 22.900000000001455
351097, 50264.0850,  3, 333.82, 12.805000000000291
351104, 50264.8150,  3, 348.36, 13.44999999999709
351113, 50265.7550,  3, 313.44, 14.459999999999127
351164, 50271.0650,  3, 299.28, 19.779999999998836
351170, 50271.6900,  3, 268.95, 20.330000000001746
351209, 50275.7550,  3, 294.71, 24.455000000001746
351214, 50276.2750,  3, 310.57, 24.94499999999971
351220, 50276.9000,  3, 259.31, 25.55999999999767
351342, 50301.0500,  3, 338.16, 12.540000000000873
351345, 50301.3650,  3, 335.66, 12.87999999999738
351392, 50306.2600,  3, 284.96, 17.75499999999738
351417, 50308.8650,  3, 313.82, 20.404999999998836
351480, 50315.4250,  3, 302.71, 26.8949999999968
351482, 50315.6350,  3, 294.68, 27.17500000000291
351483, 50315.7400,  3, 282.10, 27.224999999998545
351533, 50320.9500,  3, 306.72, 32.44999999999709
351664, 50345.5450,  3, 330.28, 13.540000000000873
351667, 50345.8550,  3, 332.64, 13.775000000001455
351670, 50346.1700,  3, 310.73, 14.135000000002037
351688, 50348.0450,  3, 298.03, 16.0199999999968
351707, 50350.0250,  3, 314.81, 17.92500000000291
351710, 50350.3350,  3, 345.78, 18.260000000002037
351722, 50351.5850,  3, 311.49, 19.535000000003492
351733, 50352.7300,  3, 318.93, 20.6449999999968
351865, 50378.2200,  3, 325.66, 13.605000000003201
351865, 50378.2200,  3, 331.15, 13.555000000000291
351866, 50378.3250,  3, 325.07, 13.710000000006403
351883, 50380.0950,  3, 342.47, 15.47500000000582
351886, 50380.4050,  3, 329.16, 15.780000000006112
351926, 50384.5750,  3, 296.24, 19.935000000004948
352015, 50393.8450,  3, 290.37, 29.24000000000524
352049, 50397.3850,  3, 254.23, 32.80500000000029
352187, 50422.5350,  3, 290.26, 14.190000000002328
352221, 50426.0800,  3, 294.57, 17.775000000001455
352318, 50436.1850,  3, 276.84, 27.835000000006403
352410, 50445.7650,  3, 264.90, 37.43500000000495
352425, 50447.3300,  3, 282.39, 38.96500000000378
352493, 50454.4100,  3, 252.52, 46.11500000000524
352538, 50459.1000,  3, 240.06, 50.78500000000349
352589, 50464.4100,  3, 234.76, 56.0850000000064
352735, 50490.2400,  3, 300.94, 15.025000000001455
352743, 50491.0750,  3, 300.19, 15.934999999997672
352763, 50493.1550,  3, 285.20, 17.989999999997963
352768, 50493.6750,  3, 338.72, 18.534999999996217
352778, 50494.7200,  3, 311.63, 19.56999999999971
352780, 50494.9250,  3, 338.23, 19.714999999996508
352828, 50499.9250,  3, 303.99, 24.739999999997963
352830, 50500.1350,  3, 287.31, 24.970000000001164
352953, 50523.9000,  3, 340.36, 12.634999999994761
353002, 50529.0050,  3, 323.11, 17.75999999999476
353034, 50532.3350,  3, 310.77, 21.110000000000582
353049, 50533.9000,  3, 297.54, 22.63499999999476
353051, 50534.1050,  3, 287.13, 22.864999999997963
353081, 50537.2300,  3, 297.74, 26.00999999999476
353102, 50539.4200,  3, 274.68, 28.12999999999738
353107, 50539.9400,  3, 287.32, 28.68499999999767
353179, 50558.2800,  1, -149.69, 7.394999999996799
353179, 50558.2800,  1, -125.10, 7.394999999996799
353228, 50563.3850,  3, 335.79, 12.424999999995634
353237, 50564.3250,  3, 324.44, 13.424999999995634
353259, 50566.6150,  3, 304.71, 15.669999999998254
353305, 50571.4050,  3, 323.83, 20.45499999999447
353364, 50577.5500,  3, 315.06, 26.610000000000582
353456, 50587.1350,  3, 305.26, 36.23500000000058
353578, 50610.5650,  3, 335.82, 12.569999999999709
353605, 50613.3800,  3, 335.52, 15.330000000001746
353632, 50616.1900,  3, 329.22, 18.19000000000233
353653, 50618.3800,  3, 290.21, 20.3550000000032
353662, 50619.3150,  3, 311.95, 21.31999999999971
353693, 50622.5450,  3, 302.31, 24.56999999999971
353745, 50627.9600,  3, 269.91, 29.93499999999767
353840, 50637.8550,  3, 290.80, 39.830000000001746
353957, 50660.8900,  3, 331.06, 12.075000000004366
353958, 50660.9950,  3, 333.36, 12.084999999999127
353969, 50662.1400,  3, 316.69, 13.240000000005239
353982, 50663.4950,  3, 318.45, 14.595000000001164
354004, 50665.7850,  3, 352.30, 16.965000000003783
354007, 50666.1000,  3, 308.28, 17.235000000000582
354096, 50675.3700,  3, 300.82, 26.525000000001455
354208, 50687.0350,  3, 289.57, 38.13999999999942
354323, 50709.9200,  3, 319.21, 11.819999999999709
354351, 50712.8350,  3, 339.01, 14.75
354355, 50713.2550,  3, 310.01, 15.130000000004657
354358, 50713.5650,  3, 321.38, 15.470000000001164
354381, 50715.9600,  3, 327.97, 17.830000000001746
354408, 50718.7750,  3, 316.98, 20.654999999998836
354417, 50719.7100,  3, 328.90, 21.639999999999418
354438, 50721.9000,  3, 317.93, 23.80500000000029
354592, 50749.4200,  3, 275.79, 15.889999999999418
354610, 50751.2950,  3, 302.13, 17.735000000000582
354622, 50752.5450,  3, 282.87, 19.010000000002037
354672, 50757.7550,  3, 298.09, 24.18499999999767
354694, 50760.0450,  3, 307.73, 26.455000000001746
354703, 50760.9800,  3, 310.22, 27.43000000000029
354798, 50770.8800,  3, 284.80, 37.38999999999942
354853, 50776.6050,  3, 256.67, 43.025000000001455
354972, 50799.9100,  3, 351.24, 12.239999999997963
355019, 50804.8100,  3, 308.94, 17.139999999999418
355021, 50805.0150,  3, 339.75, 17.37999999999738
355080, 50811.1700,  3, 274.39, 23.52499999999418
355085, 50811.6900,  3, 300.01, 23.974999999998545
355173, 50820.8550,  3, 272.45, 33.13499999999476
355218, 50825.5450,  3, 285.68, 37.83999999999651
355298, 50833.8800,  3, 249.96, 46.24499999999534
355416, 50857.0450,  3, 322.58, 12.184999999997672
355420, 50857.4600,  3, 327.87, 12.544999999998254
355428, 50858.2950,  3, 322.26, 13.424999999995634
355473, 50862.9800,  3, 317.94, 18.05999999999767
355529, 50868.8150,  3, 290.87, 23.864999999997963
355538, 50869.7550,  3, 279.12, 24.82999999999447
355542, 50870.1700,  3, 286.53, 25.219999999993888
355638, 50880.1700,  3, 287.53, 35.26499999999942
355783, 50905.9600,  3, 328.15, 14.980000000003201
355791, 50906.7950,  3, 333.29, 15.805000000000291
355812, 50908.9800,  3, 309.15, 17.950000000004366
355817, 50909.5050,  3, 277.49, 18.510000000002037
355836, 50911.4800,  3, 328.07, 20.44000000000233
355870, 50915.0250,  3, 301.04, 23.985000000000582
355882, 50916.2750,  3, 260.19, 25.235000000000582
355922, 50920.4400,  3, 293.70, 29.375
356057, 50945.4050,  3, 342.68, 13.885000000002037
356081, 50947.9050,  3, 327.40, 16.44499999999971
356098, 50949.6750,  3, 343.33, 18.210000000006403
356189, 50959.1550,  3, 292.70, 27.68000000000029
356195, 50959.7800,  3, 282.49, 28.25
356210, 50961.3450,  3, 298.73, 29.81500000000233
356283, 50968.9500,  3, 278.41, 37.470000000001164
356288, 50969.4700,  3, 281.53, 37.92000000000553
356394, 50991.3350,  3, 329.38, 10.919999999998254
356401, 50992.0650,  3, 331.70, 11.564999999995052
356414, 50993.4200,  3, 333.63, 12.934999999997672
356451, 50997.2750,  3, 319.73, 16.860000000000582
356454, 50997.5850,  3, 315.08, 17.154999999998836
356524, 51004.8800,  3, 294.89, 24.3949999999968
356544, 51006.9600,  3, 300.12, 26.510000000002037
356558, 51008.4200,  3, 274.33, 27.93499999999767
356676, 51031.6150,  3, 344.73, 12.089999999996508
356706, 51034.7400,  3, 340.55, 15.284999999996217
356708, 51034.9500,  3, 310.31, 15.494999999995343
356725, 51036.7200,  3, 328.29, 17.189999999995052
356762, 51040.5750,  3, 307.31, 21.05500000000029
356763, 51040.6750,  3, 299.50, 21.20499999999447
356843, 51049.0100,  3, 273.11, 29.50999999999476
356872, 51052.0300,  3, 266.82, 32.55999999999767
356936, 51069.6350,  1, -146.35, 6.565000000002328
356936, 51069.6350,  1, -137.64, 6.565000000002328
356997, 51075.9900,  3, 326.11, 12.834999999999127
357059, 51082.4500,  3, 304.89, 19.275000000001455
357094, 51086.0950,  3, 315.15, 22.94999999999709
357096, 51086.3000,  3, 281.43, 23.19000000000233
357097, 51086.4050,  3, 319.98, 23.279999999998836
357346, 51112.3450,  3, 232.43, 49.19999999999709
357470, 51136.0800,  3, 329.83, 12.705000000001746
357473, 51136.3900,  3, 330.46, 13.085000000006403
357478, 51136.9100,  3, 349.43, 13.560000000004948
357501, 51139.3100,  3, 326.95, 16.035000000003492
357538, 51143.1600,  3, 323.81, 19.860000000000582
357560, 51145.4550,  3, 309.86, 22.135000000002037
357566, 51146.0800,  3, 296.00, 22.780000000006112
357643, 51154.1000,  3, 271.10, 30.74500000000262
357762, 51177.1000,  3, 325.10, 12.284999999996217
357764, 51177.3100,  3, 352.27, 12.485000000000582
357802, 51181.2650,  3, 348.67, 16.455000000001746
357830, 51184.1850,  3, 320.13, 19.345000000001164
357843, 51185.5350,  3, 318.01, 20.68499999999767
357883, 51189.7050,  3, 297.02, 24.81500000000233
357954, 51197.1000,  3, 288.85, 32.279999999998836
358003, 51202.2050,  3, 285.48, 37.3949999999968
358120, 51225.0500,  3, 341.89, 12.00499999999738
358123, 51225.3650,  1, -89.37, 12.394999999996799
358123, 51225.3650,  1, -199.81, 12.394999999996799
358124, 51225.4700,  3, 342.79, 12.419999999998254
358129, 51225.9900,  3, 321.93, 12.979999999995925
358139, 51227.0300,  3, 339.09, 14.025000000001455
358144, 51227.5500,  3, 330.27, 14.555000000000291
358226, 51236.0950,  3, 295.18, 23.06999999999971
358352, 51259.8450,  3, 325.71, 13.0
358355, 51260.1550,  3, 336.11, 13.290000000000873
358363, 51260.9900,  3, 306.08, 14.125
358365, 51261.2000,  3, 342.49, 14.29500000000553
358444, 51269.4250,  3, 320.91, 22.510000000002037
358458, 51270.8850,  3, 300.07, 24.030000000006112
358472, 51272.3450,  3, 313.97, 25.470000000001164
358515, 51276.8250,  3, 295.17, 29.950000000004366
358632, 51299.8100,  3, 335.44, 12.010000000002037
358647, 51301.3700,  3, 341.27, 13.544999999998254
358650, 51301.6850,  3, 311.52, 13.889999999999418
358699, 51306.7850,  3, 306.12, 18.99500000000262
358709, 51307.8300,  3, 315.11, 20.029999999998836
358804, 51317.7250,  3, 292.05, 29.99500000000262
358807, 51318.0350,  3, 257.03, 30.30000000000291
358989, 51336.9950,  3, 245.31, 49.224999999998545
359049, 51354.8250,  1, -128.89, 6.149999999994179
359049, 51354.8250,  1, -143.75, 6.149999999994179
359050, 51354.9250,  1, -152.99, 6.25
359050, 51354.9250,  1, -140.60, 6.25
359105, 51360.6550,  3, 329.88, 11.89999999999418
359116, 51361.8000,  3, 331.84, 13.089999999996508
359154, 51365.7600,  3, 320.67, 17.00999999999476
359255, 51376.2800,  3, 282.06, 27.5199999999968
359363, 51398.1300,  3, 328.23, 11.049999999995634
359384, 51400.3150,  3, 326.55, 13.229999999995925
359411, 51403.1300,  3, 319.44, 16.119999999995343
359421, 51404.1700,  3, 310.57, 17.089999999996508
359467, 51408.9600,  3, 292.11, 21.964999999996508
359477, 51410.0050,  3, 298.90, 22.979999999995925
359507, 51413.1300,  3, 318.80, 26.1449999999968
359581, 51420.8350,  3, 303.03, 33.80999999999767
359696, 51443.6850,  3, 314.45, 11.794999999998254
359716, 51445.7650,  3, 330.30, 13.919999999998254
359723, 51446.4950,  3, 328.70, 14.654999999998836
359758, 51450.1400,  3, 329.21, 18.2300000000032
359802, 51454.7250,  3, 302.34, 22.845000000001164
359808, 51455.3500,  3, 314.91, 23.529999999998836
359868, 51461.6000,  3, 304.80, 29.709999999999127
359878, 51462.6400,  3, 291.52, 30.794999999998254
359999, 51486.1050,  3, 332.60, 12.424999999995634
360004, 51486.6300,  3, 330.88, 12.959999999999127
360052, 51491.6300,  3, 347.58, 18.0199999999968
360065, 51492.9800,  3, 324.16, 19.339999999996508
360067, 51493.1900,  3, 326.34, 19.544999999998254
360081, 51494.6500,  3, 309.66, 20.994999999995343
360096, 51496.2100,  3, 314.48, 22.55500000000029
360099, 51496.5250,  3, 323.38, 22.844999999993888
360181, 51515.6700,  1, -153.14, 8.434999999997672
360181, 51515.6700,  1, -130.85, 8.434999999997672
360231, 51520.8800,  3, 341.04, 13.584999999999127
360235, 51521.2950,  3, 326.09, 13.974999999998545
360277, 51525.6700,  3, 309.52, 18.339999999996508
360346, 51532.8550,  3, 327.26, 25.55500000000029
360360, 51534.3150,  3, 280.86, 27.05999999999767
360429, 51541.5050,  3, 275.18, 34.169999999998254
360559, 51565.7300,  3, 322.37, 13.430000000000291
360560, 51565.8350,  3, 321.05, 13.470000000001164
360563, 51566.1500,  3, 326.02, 13.825000000004366
360601, 51570.1050,  3, 339.63, 17.80000000000291
360640, 51574.1700,  3, 312.09, 21.779999999998836
360640, 51574.1700,  3, 331.05, 21.830000000001746
360753, 51585.9400,  3, 255.56, 33.61000000000058
360760, 51586.6700,  3, 286.17, 34.29000000000087
360828, 51605.5650,  1, -137.23, 6.975000000005821
360828, 51605.5650,  1, -158.22, 6.975000000005821
360890, 51612.0250,  3, 332.23, 13.390000000006694
360893, 51612.3350,  3, 354.32, 13.72500000000582
360941, 51617.3350,  3, 303.68, 18.69000000000233
361089, 51632.7550,  3, 292.46, 34.125
361103, 51634.2100,  3, 272.74, 35.580000000001746
361110, 51634.9400,  3, 276.79, 36.325000000004366
361170, 51651.9100,  1, -137.67, 6.140000000006694
361170, 51651.9100,  1, -155.95, 6.140000000006694
361251, 51660.3500,  3, 328.76, 14.535000000003492
361309, 51666.3900,  3, 287.03, 20.55500000000029
361323, 51667.8500,  3, 324.10, 22.040000000000873
361337, 51669.3100,  3, 326.78, 23.525000000001455
361388, 51674.6200,  3, 272.22, 28.810000000004948
361390, 51674.8300,  3, 290.87, 28.970000000001164
361514, 51698.6350,  3, 341.66, 12.75
361532, 51700.5100,  3, 333.08, 14.590000000003783
361586, 51706.1350,  3, 322.26, 20.239999999997963
361599, 51707.4900,  3, 299.25, 21.654999999998836
361618, 51709.4700,  3, 314.69, 23.599999999998545
361679, 51715.8250,  3, 321.47, 29.910000000003492
361688, 51716.7600,  3, 291.03, 30.87999999999738
361822, 51730.7200,  3, 263.81, 44.82499999999709
361888, 51748.1900,  1, -145.00, 6.7700000000040745
361888, 51748.1900,  1, -134.20, 6.7700000000040745
361932, 51752.7750,  3, 326.23, 11.315000000002328
361943, 51753.9200,  3, 339.85, 12.435000000004948
361948, 51754.4400,  3, 326.77, 12.985000000000582
361951, 51754.7550,  3, 319.43, 13.25
361968, 51756.5250,  3, 302.85, 15.099999999998545
362045, 51764.5450,  3, 273.86, 23.029999999998836
362180, 51789.3450,  3, 336.69, 13.930000000000291
362194, 51790.8000,  3, 337.69, 15.345000000001164
362207, 51792.1550,  3, 349.02, 16.68000000000029
362242, 51795.8000,  3, 282.22, 20.339999999996508
362242, 51795.8000,  3, 298.10, 20.364999999997963
362252, 51796.8450,  3, 309.71, 21.375
362265, 51798.2000,  3, 293.13, 22.720000000001164
362294, 51801.2200,  3, 309.44, 25.764999999999418
362448, 51828.1500,  3, 316.41, 15.840000000003783
362453, 51828.6700,  3, 325.42, 16.44000000000233
362490, 51832.5250,  3, 308.63, 20.265000000006694
362522, 51835.8550,  3, 304.04, 23.575000000004366
362533, 51837.0050,  3, 286.43, 24.705000000001746
362561, 51839.9200,  3, 275.85, 27.67500000000291
362563, 51840.1300,  3, 274.79, 27.875
362569, 51840.7550,  3, 286.87, 28.465000000003783
362725, 51867.9800,  3, 330.92, 16.090000000003783
362736, 51869.1300,  3, 317.80, 17.270000000004075
362736, 51869.1300,  3, 334.64, 17.220000000001164
362756, 51871.2100,  3, 314.90, 19.275000000001455
362766, 51872.2550,  3, 314.73, 20.390000000006694
362772, 51872.8800,  3, 309.71, 21.035000000003492
362774, 51873.0850,  3, 301.34, 21.200000000004366
362777, 51873.4000,  3, 297.09, 21.455000000001746
362892, 51896.2550,  3, 329.90, 11.840000000003783
362897, 51896.7750,  3, 331.39, 12.290000000000873
362904, 51897.5050,  3, 348.66, 13.040000000000873
363000, 51907.5050,  3, 302.56, 23.084999999999127
363006, 51908.1300,  3, 308.16, 23.67500000000291
363026, 51910.2100,  3, 306.54, 25.785000000003492
363026, 51910.2100,  3, 307.11, 25.755000000004657
363098, 51917.7100,  3, 270.38, 33.23500000000058
363255, 51944.6050,  3, 310.82, 16.1449999999968
363262, 51945.3350,  3, 318.83, 16.970000000001164
363285, 51947.7550,  3, 327.50, 19.30999999999767
363287, 51947.9600,  3, 283.46, 19.56500000000233
363290, 51948.2750,  3, 308.66, 19.900000000001455
363300, 51949.3150,  3, 311.03, 20.915000000000873
363337, 51953.1700,  3, 296.84, 24.75
363522, 51972.4400,  3, 265.02, 44.05999999999767
363648, 51996.4750,  3, 334.90, 12.955000000001746
363666, 51998.3500,  3, 304.26, 14.869999999995343
363704, 52002.3100,  3, 298.38, 18.75
363732, 52005.2250,  3, 295.48, 21.744999999995343
363765, 52008.6600,  3, 324.28, 25.19499999999971
363783, 52010.5350,  3, 267.86, 27.00999999999476
363816, 52013.9750,  3, 284.45, 30.459999999999127
363827, 52015.1200,  3, 272.14, 31.564999999995052
363940, 52038.3300,  3, 348.42, 11.604999999995925
363978, 52042.2850,  3, 341.65, 15.544999999998254
364021, 52046.7650,  3, 331.65, 20.06500000000233
364022, 52046.8700,  3, 323.23, 20.12999999999738
364028, 52047.4950,  3, 314.53, 20.81999999999971
364045, 52049.2650,  3, 313.25, 22.540000000000873
364076, 52052.4950,  3, 297.99, 25.799999999995634
364095, 52054.4750,  3, 286.59, 27.75499999999738
364237, 52080.0850,  1, -220.59, 14.684999999997672
364237, 52080.0850,  1, -92.45, 14.684999999997672
364258, 52082.2750,  3, 322.92, 16.854999999995925
364264, 52082.9000,  3, 308.86, 17.455000000001746
364274, 52083.9400,  1, -168.10, 18.540000000000873
364274, 52083.9400,  1, -112.27, 18.540000000000873
364301, 52086.7550,  3, 343.39, 21.25499999999738
364377, 52094.6700,  3, 293.47, 29.209999999999127
364482, 52116.4000,  3, 335.56, 10.729999999995925
364515, 52119.8350,  3, 354.77, 14.184999999997672
364525, 52120.8800,  3, 334.43, 15.224999999998545
364527, 52121.0850,  3, 328.10, 15.464999999996508
364527, 52121.0850,  3, 309.06, 15.485000000000582
364528, 52121.1900,  3, 314.51, 15.544999999998254
364573, 52125.8800,  3, 292.01, 20.235000000000582
364640, 52132.8550,  3, 298.67, 27.214999999996508
364762, 52156.6350,  3, 329.58, 12.575000000004366
364764, 52156.8450,  3, 349.22, 12.715000000003783
364776, 52158.0950,  3, 334.29, 14.010000000002037
364857, 52166.5300,  3, 309.73, 22.404999999998836
364859, 52166.7400,  3, 316.49, 22.650000000001455
364870, 52167.8850,  3, 317.54, 23.785000000003492
364907, 52171.7400,  3, 292.67, 27.705000000001746
365131, 52195.0750,  3, 287.80, 51.01499999999942
365252, 52218.6700,  3, 334.70, 12.480000000003201
365273, 52220.8550,  3, 342.79, 14.610000000000582
365291, 52222.7300,  3, 313.71, 16.49500000000262
365312, 52224.9200,  3, 312.47, 18.650000000001455
365343, 52228.1500,  3, 310.65, 21.900000000001455
365346, 52228.4600,  3, 306.73, 22.2300000000032
365381, 52232.1050,  3, 314.10, 25.895000000004075
365426, 52236.7950,  3, 268.07, 30.62000000000262
365521, 52257.3650,  1, -154.92, 9.794999999998254
365521, 52257.3650,  1, -157.38, 9.794999999998254
365587, 52264.2400,  3, 331.68, 16.595000000001164
365633, 52269.0300,  3, 301.56, 21.3550000000032
365634, 52269.1350,  3, 301.31, 21.489999999997963
365657, 52271.5300,  3, 298.16, 23.860000000000582
365690, 52274.9700,  3, 303.69, 27.349999999998545
365778, 52284.1350,  3, 290.47, 36.55000000000291
365926, 52310.3150,  3, 333.61, 15.279999999998836
365934, 52311.1500,  3, 348.78, 16.05500000000029
365940, 52311.7750,  3, 309.97, 16.75
365974, 52315.3150,  3, 305.64, 20.260000000002037
365977, 52315.6300,  3, 282.45, 20.610000000000582
365981, 52316.0450,  3, 343.24, 20.99500000000262
366031, 52321.2550,  3, 320.92, 26.2300000000032
366080, 52326.3550,  3, 292.55, 31.260000000002037
366170, 52346.4800,  1, -128.24, 9.265000000006694
366170, 52346.4800,  1, -151.61, 9.265000000006694
366194, 52348.9800,  3, 313.66, 11.715000000003783
366231, 52352.8350,  3, 325.67, 15.525000000001455
366251, 52354.9200,  3, 331.52, 17.61500000000524
366287, 52358.6700,  3, 294.54, 21.35000000000582
366316, 52361.6900,  3, 302.78, 24.375
366317, 52361.7950,  3, 283.92, 24.49500000000262
366376, 52378.6150,  1, -121.30, 6.044999999998254
366376, 52378.6150,  1, -153.39, 6.044999999998254
366486, 52390.0750,  3, 298.70, 17.474999999998545
366530, 52394.6550,  3, 313.35, 22.040000000000873
366538, 52395.4900,  3, 288.22, 22.81500000000233
366539, 52395.5950,  3, 332.46, 22.955000000001746
366802, 52422.9900,  3, 253.91, 50.33499999999913
366953, 52438.7200,  3, 250.06, 66.1050000000032
367011, 52455.3700,  1, -131.30, 5.940000000002328
367011, 52455.3700,  1, -150.10, 5.940000000002328
367127, 52467.4550,  3, 330.26, 17.974999999998545
367144, 52469.2250,  3, 308.71, 19.69000000000233
367161, 52470.9950,  3, 314.72, 21.50499999999738
367233, 52478.4950,  3, 294.12, 29.0
367257, 52480.9950,  3, 288.78, 31.540000000000873
367303, 52485.7850,  3, 286.38, 36.25499999999738
367410, 52507.7950,  3, 344.99, 10.990000000005239
367420, 52508.8350,  3, 334.39, 12.05000000000291
367434, 52510.2950,  3, 328.46, 13.440000000002328
367444, 52511.3350,  3, 331.02, 14.505000000004657
367466, 52513.6300,  3, 328.84, 16.87000000000262
367479, 52514.9800,  3, 314.23, 18.155000000006112
367582, 52525.7100,  3, 296.97, 28.92500000000291
367589, 52526.4400,  3, 288.91, 29.590000000003783
367659, 52544.5850,  1, -123.95, 7.184999999997672
367659, 52544.5850,  1, -157.54, 7.184999999997672
367705, 52549.3800,  3, 304.70, 11.904999999998836
367746, 52553.6500,  3, 332.25, 16.205000000001746
367749, 52553.9600,  3, 318.72, 16.544999999998254
367789, 52558.1300,  3, 315.23, 20.68000000000029
367800, 52559.2750,  3, 313.69, 21.80999999999767
367869, 52566.4600,  3, 244.01, 29.05500000000029
367930, 52584.6500,  1, -149.14, 6.25
367930, 52584.6500,  1, -135.93, 6.25
367989, 52590.7950,  3, 340.74, 12.360000000000582
367996, 52591.5250,  3, 331.48, 13.089999999996508
368035, 52595.5850,  3, 303.29, 17.135000000002037
368044, 52596.5250,  3, 327.65, 18.099999999998545
368109, 52603.2950,  3, 304.00, 24.794999999998254
368248, 52617.7750,  3, 251.12, 39.345000000001164
368358, 52640.8550,  3, 336.16, 11.305000000000291
368373, 52642.4200,  3, 335.31, 12.865000000005239
368402, 52645.4400,  3, 310.18, 15.840000000003783
368434, 52648.7750,  3, 295.53, 19.19000000000233
368445, 52649.9200,  3, 312.22, 20.395000000004075
368456, 52651.0650,  3, 300.02, 21.47500000000582
368463, 52651.7950,  3, 283.97, 22.2300000000032
368482, 52653.7750,  3, 302.01, 24.255000000004657
368552, 52671.8150,  1, -159.04, 7.190000000002328
368552, 52671.8150,  1, -133.60, 7.190000000002328
368612, 52678.0650,  3, 319.03, 13.37000000000262
368630, 52679.9400,  3, 329.79, 15.285000000003492
368648, 52681.8150,  3, 345.13, 17.095000000001164
368664, 52683.4800,  3, 357.93, 18.80000000000291
368697, 52686.9200,  3, 296.11, 22.25
368768, 52694.3150,  3, 276.20, 29.650000000001455
368866, 52715.3150,  3, 349.07, 10.059999999997672
368923, 52721.2650,  3, 334.58, 16.05000000000291
368925, 52721.4750,  3, 324.53, 16.18000000000029
368960, 52725.1200,  3, 299.87, 19.834999999999127
369056, 52735.1200,  3, 327.74, 29.849999999998545
369057, 52735.2250,  3, 287.59, 29.955000000001746
369064, 52735.9550,  3, 318.35, 30.645000000004075
369174, 52747.4100,  3, 250.95, 42.18000000000029
369243, 52766.1550,  1, -128.73, 7.080000000001746
369243, 52766.1550,  1, -130.08, 7.080000000001746
369284, 52770.4250,  3, 349.36, 11.270000000004075
369285, 52770.5300,  3, 341.27, 11.435000000004948
369308, 52772.9250,  3, 327.25, 13.845000000001164
369311, 52773.2400,  3, 319.38, 14.105000000003201
369330, 52775.2200,  3, 311.33, 16.11500000000524
369394, 52781.8850,  3, 317.47, 22.72500000000582
369502, 52803.9800,  3, 345.85, 11.095000000001164
369504, 52804.1900,  3, 344.07, 11.335000000006403
369507, 52804.5050,  3, 335.51, 11.570000000006985
369515, 52805.3350,  3, 332.32, 12.400000000001455
369548, 52808.7750,  3, 329.42, 15.910000000003492
369586, 52812.7300,  3, 305.63, 19.840000000003783
369594, 52813.5650,  3, 305.28, 20.660000000003492
369600, 52814.1900,  3, 302.33, 21.280000000006112
369662, 52831.3250,  1, -140.60, 6.3549999999959255
369662, 52831.3250,  1, -139.02, 6.3549999999959255
369716, 52836.9500,  3, 359.15, 11.955000000001746
369778, 52843.4050,  3, 311.95, 18.404999999998836
369796, 52845.2800,  3, 311.00, 20.284999999996217
369816, 52847.3650,  3, 264.36, 22.339999999996508
369832, 52849.0300,  3, 300.98, 24.014999999999418
369886, 52854.6550,  3, 247.49, 29.604999999995925
369947, 52871.8500,  1, -145.40, 6.25
369947, 52871.8500,  1, -134.41, 6.25
369957, 52872.8900,  1, -120.16, 7.290000000000873
369957, 52872.8900,  1, -169.32, 7.290000000000873
369986, 52875.9100,  1, -151.95, 10.310000000004948
369986, 52875.9100,  1, -156.28, 10.310000000004948
370022, 52879.6600,  3, 333.78, 14.014999999999418
370061, 52883.7250,  3, 334.59, 18.040000000000873
370178, 52906.4600,  3, 348.43, 12.055000000000291
370201, 52908.8550,  3, 322.51, 14.37999999999738
370248, 52913.7550,  3, 291.17, 19.3550000000032
370259, 52914.9000,  3, 334.08, 20.485000000000582
370283, 52917.4000,  3, 314.60, 22.94499999999971
370334, 52922.7100,  3, 306.35, 28.30500000000029
370343, 52923.6500,  3, 299.37, 29.19999999999709
370380, 52927.5050,  3, 285.91, 33.11000000000058
370518, 52952.4500,  3, 332.82, 14.264999999999418
370542, 52954.9500,  3, 334.94, 16.714999999996508
370562, 52957.0300,  3, 340.98, 18.77499999999418
370572, 52958.0750,  3, 324.92, 19.844999999993888
370597, 52960.6750,  3, 318.63, 22.39999999999418
370621, 52963.1750,  3, 307.74, 24.914999999993597
370634, 52964.5300,  3, 256.18, 26.32999999999447
370644, 52965.5750,  3, 256.75, 27.360000000000582
370793, 52992.7550,  3, 323.78, 15.37999999999738
370797, 52993.1700,  3, 333.57, 15.760000000002037
370812, 52994.7300,  1, -126.96, 17.395000000004075
370812, 52994.7300,  1, -147.85, 17.395000000004075
370826, 52996.1900,  3, 311.91, 18.849999999998545
370933, 53007.3350,  3, 281.36, 29.989999999997963
370950, 53009.1050,  3, 301.35, 31.68499999999767
370966, 53010.7750,  3, 302.67, 33.36000000000058
371032, 53028.4350,  1, -159.99, 6.774999999994179
371032, 53028.4350,  1, -111.12, 6.774999999994179
371080, 53033.4350,  3, 337.31, 11.759999999994761
371103, 53035.8300,  3, 343.16, 14.089999999996508
371129, 53038.5350,  3, 336.76, 16.794999999998254
371148, 53040.5150,  3, 320.95, 18.80999999999767
371151, 53040.8300,  3, 268.71, 19.089999999996508
371170, 53042.8100,  3, 312.09, 21.114999999997963
371322, 53069.4950,  3, 299.30, 15.855000000003201
371331, 53070.4350,  1, -147.02, 16.80999999999767
371331, 53070.4350,  1, -126.66, 16.80999999999767
371360, 53073.4550,  3, 298.70, 19.7300000000032
371362, 53073.6600,  3, 308.21, 19.985000000000582
371368, 53074.2850,  3, 281.14, 20.614999999997963
371394, 53076.9950,  3, 291.81, 23.31500000000233
371394, 53076.9950,  3, 282.70, 23.345000000001164
371497, 53098.3700,  3, 330.17, 10.589999999996508
371515, 53100.2450,  3, 333.11, 12.464999999996508
371516, 53100.3500,  3, 307.76, 12.534999999996217
371542, 53103.0600,  3, 339.19, 15.214999999996508
371566, 53105.5600,  3, 310.81, 17.80500000000029
371593, 53108.3700,  3, 328.18, 20.57999999999447
371634, 53112.6400,  3, 311.25, 24.814999999995052
371649, 53114.2050,  3, 306.29, 26.369999999995343
371734, 53134.8700,  1, -144.58, 8.75
371734, 53134.8700,  1, -159.29, 8.75
371776, 53139.2450,  3, 327.57, 13.114999999997963
371801, 53141.8500,  3, 325.45, 15.709999999999127
371835, 53145.3900,  3, 300.90, 19.219999999993888
371900, 53152.1600,  3, 300.19, 26.0199999999968
371953, 53157.6850,  3, 310.96, 31.52499999999418
372086, 53171.5350,  3, 259.29, 45.38999999999942
372231, 53198.3800,  3, 340.15, 14.99500000000262
372279, 53203.3800,  3, 308.19, 19.955000000001746
372282, 53203.6900,  3, 343.21, 20.24000000000524
372287, 53204.2100,  3, 307.15, 20.81999999999971
372304, 53205.9800,  3, 322.96, 22.560000000004948
372309, 53206.5050,  3, 286.18, 23.080000000001746
372321, 53207.7550,  3, 304.59, 24.30500000000029
372385, 53214.4200,  3, 294.75, 30.935000000004948
372510, 53238.2200,  3, 330.00, 12.869999999995343
372511, 53238.3250,  3, 323.66, 13.0
372540, 53241.3450,  3, 331.50, 15.969999999993888
372572, 53244.6750,  3, 326.27, 19.31999999999971
372590, 53246.5500,  3, 307.64, 21.235000000000582
372594, 53246.9700,  3, 322.80, 21.619999999995343
372604, 53248.0100,  3, 317.81, 22.654999999998836
372612, 53248.8450,  3, 314.90, 23.485000000000582
372722, 53271.1750,  3, 351.87, 11.315000000002328
372756, 53274.7200,  1, -161.99, 14.895000000004075
372756, 53274.7200,  1, -172.01, 14.895000000004075
372765, 53275.6550,  3, 315.84, 15.755000000004657
372803, 53279.6150,  3, 311.36, 19.780000000006112
372827, 53282.1150,  3, 291.23, 22.280000000006112
372837, 53283.1550,  3, 350.88, 23.264999999999418
372923, 53292.1150,  3, 258.76, 32.200000000004366
373032, 53314.1000,  3, 327.22, 11.169999999998254
373039, 53314.8300,  3, 336.35, 11.965000000003783
373040, 53314.9350,  3, 322.01, 12.065000000002328
373044, 53315.3500,  3, 327.31, 12.400000000001455
373111, 53322.3300,  3, 328.43, 19.410000000003492
373134, 53324.7250,  3, 301.23, 21.840000000003783
373146, 53325.9750,  3, 332.66, 23.084999999999127
373203, 53331.9100,  3, 297.69, 29.035000000003492
373312, 53353.9100,  3, 357.46, 11.205000000001746
373330, 53355.7850,  3, 339.93, 13.089999999996508
373373, 53360.2650,  3, 333.98, 17.544999999998254
373453, 53368.6000,  3, 289.37, 25.885000000002037
373494, 53372.8700,  3, 267.11, 30.104999999995925
373520, 53375.5800,  3, 272.58, 32.88999999999942
373597, 53383.6000,  3, 274.16, 40.86499999999796
373603, 53384.2250,  3, 256.72, 41.49500000000262
373680, 53403.8350,  1, -121.76, 7.915000000000873
373680, 53403.8350,  1, -167.41, 7.915000000000873
373735, 53409.5650,  3, 316.70, 13.55000000000291
373742, 53410.2950,  3, 320.84, 14.270000000004075
373802, 53416.5450,  3, 310.01, 20.525000000001455
373817, 53418.1050,  3, 306.75, 22.090000000003783
373838, 53420.2950,  3, 302.00, 24.330000000001746
373871, 53423.7300,  3, 299.97, 27.724999999998545
373934, 53441.2250,  1, -128.19, 6.455000000001746
373934, 53441.2250,  1, -139.60, 6.455000000001746
374011, 53449.2450,  3, 311.04, 14.42000000000553
374015, 53449.6600,  3, 337.78, 14.810000000004948
374030, 53451.2250,  3, 344.91, 16.450000000004366
374077, 53456.1200,  3, 311.98, 21.30000000000291
374165, 53465.2850,  3, 290.03, 30.450000000004366
374171, 53465.9100,  3, 304.92, 31.085000000006403
374236, 53483.2100,  1, -124.92, 6.665000000000873
374236, 53483.2100,  1, -143.98, 6.665000000000873
374239, 53483.5250,  1, -128.25, 6.980000000003201
374239, 53483.5250,  1, -151.02, 6.980000000003201
374286, 53488.4200,  3, 331.39, 11.779999999998836
374289, 53488.7300,  3, 333.00, 12.125
374372, 53497.3800,  3, 332.23, 20.779999999998836
374481, 53508.7300,  3, 231.66, 32.16500000000087
374608, 53532.6900,  3, 306.08, 13.110000000000582
374626, 53534.5650,  3, 315.01, 14.94999999999709
374657, 53537.7950,  3, 319.28, 18.174999999995634
374677, 53539.8800,  3, 319.11, 20.214999999996508
374723, 53544.6700,  3, 288.48, 25.089999999996508
374778, 53550.4000,  3, 291.84, 30.794999999998254
374802, 53552.9000,  3, 287.46, 33.26499999999942
374996, 53573.1050,  3, 220.16, 53.44999999999709
